==============================================================================
Starting run14
Time          : 2026-09-10T20:12:22+05:30
Project       : /home/auralab/nwark/chia_sept7_for_multi_rtl_with_multi_llm/for_multiple_rtl_updation_generalized
Design config : pipeline/designs/axi_handshake.yaml
Design        : axi_handshake
Max iterations: 25
Run log       : /home/auralab/nwark/chia_sept7_for_multi_rtl_with_multi_llm/for_multiple_rtl_updation_generalized/generated/designs/axi_handshake/results/verification_improvement/logs/run_20260910_201222.log
==============================================================================

=========================================================
 CHIA verification run: axi_handshake
=========================================================
  RTL:          benchmarks/axi_handshake/axi_handshake.sv
  Specification:benchmarks/axi_handshake/spec.md
  Reference:    benchmarks/axi_handshake/ref_model.py
  Generated TB: generated/designs/axi_handshake/tb
  Plan:         generated/designs/axi_handshake/plans/verification_plan.yaml
2026-09-10 20:12:22,609	INFO worker.py:1810 -- Connecting to existing Ray cluster at address: 172.16.36.107:6379...
2026-09-10 20:12:22,630	INFO worker.py:2004 -- Connected to Ray cluster. View the dashboard at [1m[32m127.0.0.1:8265 [39m[22m
/home/auralab/miniconda3/envs/chia_env/lib/python3.10/site-packages/ray/_private/worker.py:2052: FutureWarning: Tip: In future versions of Ray, Ray will no longer override accelerator visible devices env var if num_gpus=0 or num_gpus=None (default). To enable this behavior and turn off this error message, set RAY_ACCEL_ENV_VAR_OVERRIDE_ON_ZERO=0
  warnings.warn(

✓ Found existing verification plan and rtl_info.json — skipping extraction, generation, and review.
  Plan:     /home/auralab/nwark/chia_sept7_for_multi_rtl_with_multi_llm/for_multiple_rtl_updation_generalized/generated/designs/axi_handshake/plans/verification_plan.yaml
  RTL info: /home/auralab/nwark/chia_sept7_for_multi_rtl_with_multi_llm/for_multiple_rtl_updation_generalized/generated/designs/axi_handshake/rtl/rtl_info.json
/home/auralab/miniconda3/envs/chia_env/lib/python3.10/site-packages/pydantic_settings/sources/utils.py:47: IncompleteFieldDefinitionWarning: Field 'lifespan' has an incomplete definition: its annotation contains an unresolved forward reference, so settings sources may fail to correctly resolve its value. Call `model_rebuild()` on the model where the field is defined, once all the referenced types are defined.
  warnings.warn(
[36m(_ToolServerActor pid=28105)[0m INFO:     Started server process [28105]
[36m(_ToolServerActor pid=28105)[0m INFO:     Waiting for application startup.
[36m(_ToolServerActor pid=28105)[0m INFO:     Application startup complete.
[36m(_ToolServerActor pid=28105)[0m INFO:     Uvicorn running on http://172.16.36.107:8000 (Press CTRL+C to quit)
verification_workspace started at 172.16.36.107:8000 on node 5c1de07b5617802463723b50cbf7fef2241c39d050d52bc1bb56b37a
OpenCodeLLM is experimental: only exercised by unit tests so far, not validated in production.

[4/4] Generating cocotb+pyuvm environment (staged)...

✓ Skipping UVM sub-stage 'contract': checkpoint found (/home/auralab/nwark/chia_sept7_for_multi_rtl_with_multi_llm/for_multiple_rtl_updation_generalized/generated/designs/axi_handshake/checkpoints/uvm_contract.done), already completed in a previous run.

✓ Skipping UVM sub-stage 'stimulus': checkpoint found (/home/auralab/nwark/chia_sept7_for_multi_rtl_with_multi_llm/for_multiple_rtl_updation_generalized/generated/designs/axi_handshake/checkpoints/uvm_stimulus.done), already completed in a previous run.

✓ Skipping UVM sub-stage 'observation': checkpoint found (/home/auralab/nwark/chia_sept7_for_multi_rtl_with_multi_llm/for_multiple_rtl_updation_generalized/generated/designs/axi_handshake/checkpoints/uvm_observation.done), already completed in a previous run.

✓ Skipping UVM sub-stage 'scoreboard': checkpoint found (/home/auralab/nwark/chia_sept7_for_multi_rtl_with_multi_llm/for_multiple_rtl_updation_generalized/generated/designs/axi_handshake/checkpoints/uvm_scoreboard.done), already completed in a previous run.

✓ Skipping UVM sub-stage 'coverage_assertions': checkpoint found (/home/auralab/nwark/chia_sept7_for_multi_rtl_with_multi_llm/for_multiple_rtl_updation_generalized/generated/designs/axi_handshake/checkpoints/uvm_coverage_assertions.done), already completed in a previous run.

✓ Skipping UVM sub-stage 'integration': checkpoint found (/home/auralab/nwark/chia_sept7_for_multi_rtl_with_multi_llm/for_multiple_rtl_updation_generalized/generated/designs/axi_handshake/checkpoints/uvm_integration.done), already completed in a previous run.

✓ cocotb+pyuvm environment generated directly under /workspace/generated/designs/axi_handshake/tb.
✓ Directed scenario IDs validated against the accepted plan.
[36m(_ToolServerActor pid=28105)[0m INFO:     Shutting down

[5/5] Validating generated cocotb+pyuvm environment...
[36m(_ToolServerActor pid=28105)[0m INFO:     Waiting for application shutdown.
[36m(_ToolServerActor pid=28105)[0m INFO:     Application shutdown complete.
[36m(_ToolServerActor pid=28105)[0m INFO:     Finished server process [28105]

===== TB SIMULATION ANALYSIS =====
{
  "verdict": "generation_bug",
  "detail": {
    "status": "functional_failure",
    "tests": {
      "SmokeAfterResetTest": {
        "status": "runtime_error",
        "category": "runtime_error",
        "timed_out": false,
        "watchdog_expired": false,
        "returncode": 2,
        "counts": {
          "uvm_errors": 0,
          "uvm_fatals": 0,
          "uvm_warnings": 0,
          "scoreboard_mismatches": 0,
          "assertion_failures": 0
        },
        "clean_exit": false,
        "log": "rm -f /workspace/generated/designs/axi_handshake/tb/.chia_sim/SmokeAfterResetTest.xml\nrm -f /workspace/generated/designs/axi_handshake/tb/.chia_sim/SmokeAfterResetTest.xml\nCOCOTB_TEST_MODULES=test_top COCOTB_TESTCASE=  COCOTB_TOPLEVEL=axi_handshake TOPLEVEL_LANG=verilog       \\\n         /workspace/generated/designs/axi_handshake/tb/.chia_sim/build/a97906fcf629/Vtop     \n     -.--ns INFO     gpi                                ../gpi/GpiCommon.cpp:242  in gpi_load_users                  Loaded entry library: '/home/ray/anaconda3/lib/libpython3.10.so.1.0'\n     -.--ns INFO     gpi                                ../gpi/GpiCommon.cpp:233  in gpi_load_users                  Running entry func 'initialize' from loaded library '/home/ray/anaconda3/lib/python3.10/site-packages/cocotb/simulator.cpython-310-x86_64-linux-gnu.so'\n     -.--ns INFO     pygpi                              ..ib/pygpi/embed.cpp:114  in initialize                      Using Python 3.10.19 interpreter at /home/ray/anaconda3/bin/python3\n     -.--ns INFO     gpi                                ../gpi/GpiCommon.cpp:74   in gpi_print_registered_impl       GPI: VPI support registered\n     0.00ns INFO     cocotb.initialize                  Seeding Python random module with 1789051344\n     0.00ns INFO     cocotb.initialize                  Initialized cocotb v2.1.0 from /home/ray/anaconda3/lib/python3.10/site-packages/cocotb\n     0.00ns INFO     cocotb.initialize                  Running on Verilator version 5.042 2025-11-02\n     0.00ns INFO     cocotb.regression                  Running tests\n     0.00ns INFO     cocotb.regression                  running test_top.run_axi_handshake_test (1/1)\n                                                            Single cocotb entry point for all UVM test classes.\n     0.00ns INFO     test                               Starting clock: period=10 ns, top_module=axi_handshake\n     0.00ns WARNING  py.warnings                        /workspace/generated/designs/axi_handshake/tb/test_top.py:85: DeprecationWarning: The 'units' argument has been renamed to 'unit'.\n                                                          clock = Clock(dut.clk, clock_period_ns, units=\"ns\")\n   100.00ns INFO     test                               Reset deasserted\n   100.00ns INFO     test                               ConfigDB populated: dut, dut_helper, clock_period=10, clk_name='clk', rst_name='rst_n', reset_polarity='active_low', ref_model=<module>\n   100.00ns INFO     test                               Launching UVM test: SmokeAfterResetTest\n   100.00ns WARNING  py.warnings                        /workspace/generated/designs/axi_handshake/tb/test_top.py:130: RuntimeWarning: coroutine 'uvm_root.run_test' was never awaited\n                                                          await cocotb.triggers.with_timeout(\n   100.00ns WARNING  cocotb.regression                  test_top.run_axi_handshake_test failed\n                                                        Traceback (most recent call last):\n                                                          File \"/workspace/generated/designs/axi_handshake/tb/test_top.py\", line 130, in run_axi_handshake_test\n                                                            await cocotb.triggers.with_timeout(\n                                                        TypeError: with_timeout() got an unexpected keyword argument 'timeout'\n                                                        \n                                                        During handling of the above exception, another exception occurred:\n                                                        \n                                                        Traceback (most recent call last):\n                                                          File \"/workspace/generated/designs/axi_handshake/tb/test_top.py\", line 135, in run_axi_handshake_test\n                                                            except cocotb.result.SimTimeoutError:\n                                                        AttributeError: module 'cocotb' has no attribute 'result'\n   100.00ns INFO     cocotb.regression                  *****************************************************************************************\n                                                        ** TEST                             STATUS  SIM TIME (ns)  REAL TIME (s)  RATIO (ns/s) **\n                                                        *****************************************************************************************\n                                                        ** test_top.run_axi_handshake_test   FAIL         100.00           0.00     180880.89  **\n                                                        *****************************************************************************************\n                                                        ** TESTS=1 PASS=0 FAIL=1 SKIP=0                   100.00           0.00      85550.74  **\n                                                        *****************************************************************************************\n- :0: Verilog $finish\nmake: *** [/home/ray/anaconda3/lib/python3.10/site-packages/cocotb_tools/makefiles/simulators/Makefile.verilator:74: /workspace/generated/designs/axi_handshake/tb/.chia_sim/SmokeAfterResetTest.xml] Error 1\n",
        "command": [
          "timeout",
          "--signal=TERM",
          "--kill-after=5",
          "60",
          "make",
          "-f",
          "/workspace/generated/designs/axi_handshake/tb/.chia_sim/Makefile",
          "SIM=verilator",
          "TOPLEVEL_LANG=verilog",
          "TOPLEVEL=axi_handshake",
          "COCOTB_TOPLEVEL=axi_handshake",
          "MODULE=test_top",
          "COCOTB_TEST_MODULES=test_top",
          "VERILOG_SOURCES=/workspace/benchmarks/axi_handshake/axi_handshake.sv",
          "SIM_BUILD=/workspace/generated/designs/axi_handshake/tb/.chia_sim/build/a97906fcf629",
          "COCOTB_RESULTS_FILE=/workspace/generated/designs/axi_handshake/tb/.chia_sim/SmokeAfterResetTest.xml",
          "COCOTB_HDL_TIMEUNIT=1ns",
          "COCOTB_HDL_TIMEPRECISION=1ps",
          "BUILD_ARGS=-j 4"
        ],
        "test_name": "SmokeAfterResetTest",
        "test_module": "test_top",
        "results_file": "/workspace/generated/designs/axi_handshake/tb/.chia_sim/SmokeAfterResetTest.xml",
        "results_file_exists": true
      },
      "StallHoldTest": {
        "status": "runtime_error",
        "category": "runtime_error",
        "timed_out": false,
        "watchdog_expired": false,
        "returncode": 2,
        "counts": {
          "uvm_errors": 0,
          "uvm_fatals": 0,
          "uvm_warnings": 0,
          "scoreboard_mismatches": 0,
          "assertion_failures": 0
        },
        "clean_exit": false,
        "log": "rm -f /workspace/generated/designs/axi_handshake/tb/.chia_sim/StallHoldTest.xml\nrm -f /workspace/generated/designs/axi_handshake/tb/.chia_sim/StallHoldTest.xml\nCOCOTB_TEST_MODULES=test_top COCOTB_TESTCASE=  COCOTB_TOPLEVEL=axi_handshake TOPLEVEL_LANG=verilog       \\\n         /workspace/generated/designs/axi_handshake/tb/.chia_sim/build/a97906fcf629/Vtop     \n     -.--ns INFO     gpi                                ../gpi/GpiCommon.cpp:242  in gpi_load_users                  Loaded entry library: '/home/ray/anaconda3/lib/libpython3.10.so.1.0'\n     -.--ns INFO     gpi                                ../gpi/GpiCommon.cpp:233  in gpi_load_users                  Running entry func 'initialize' from loaded library '/home/ray/anaconda3/lib/python3.10/site-packages/cocotb/simulator.cpython-310-x86_64-linux-gnu.so'\n     -.--ns INFO     pygpi                              ..ib/pygpi/embed.cpp:114  in initialize                      Using Python 3.10.19 interpreter at /home/ray/anaconda3/bin/python3\n     -.--ns INFO     gpi                                ../gpi/GpiCommon.cpp:74   in gpi_print_registered_impl       GPI: VPI support registered\n     0.00ns INFO     cocotb.initialize                  Seeding Python random module with 1789051344\n     0.00ns INFO     cocotb.initialize                  Initialized cocotb v2.1.0 from /home/ray/anaconda3/lib/python3.10/site-packages/cocotb\n     0.00ns INFO     cocotb.initialize                  Running on Verilator version 5.042 2025-11-02\n     0.00ns INFO     cocotb.regression                  Running tests\n     0.00ns INFO     cocotb.regression                  running test_top.run_axi_handshake_test (1/1)\n                                                            Single cocotb entry point for all UVM test classes.\n     0.00ns INFO     test                               Starting clock: period=10 ns, top_module=axi_handshake\n     0.00ns WARNING  py.warnings                        /workspace/generated/designs/axi_handshake/tb/test_top.py:85: DeprecationWarning: The 'units' argument has been renamed to 'unit'.\n                                                          clock = Clock(dut.clk, clock_period_ns, units=\"ns\")\n   100.00ns INFO     test                               Reset deasserted\n   100.00ns INFO     test                               ConfigDB populated: dut, dut_helper, clock_period=10, clk_name='clk', rst_name='rst_n', reset_polarity='active_low', ref_model=<module>\n   100.00ns INFO     test                               Launching UVM test: StallHoldTest\n   100.00ns WARNING  py.warnings                        /workspace/generated/designs/axi_handshake/tb/test_top.py:130: RuntimeWarning: coroutine 'uvm_root.run_test' was never awaited\n                                                          await cocotb.triggers.with_timeout(\n   100.00ns WARNING  cocotb.regression                  test_top.run_axi_handshake_test failed\n                                                        Traceback (most recent call last):\n                                                          File \"/workspace/generated/designs/axi_handshake/tb/test_top.py\", line 130, in run_axi_handshake_test\n                                                            await cocotb.triggers.with_timeout(\n                                                        TypeError: with_timeout() got an unexpected keyword argument 'timeout'\n                                                        \n                                                        During handling of the above exception, another exception occurred:\n                                                        \n                                                        Traceback (most recent call last):\n                                                          File \"/workspace/generated/designs/axi_handshake/tb/test_top.py\", line 135, in run_axi_handshake_test\n                                                            except cocotb.result.SimTimeoutError:\n                                                        AttributeError: module 'cocotb' has no attribute 'result'\n   100.00ns INFO     cocotb.regression                  *****************************************************************************************\n                                                        ** TEST                             STATUS  SIM TIME (ns)  REAL TIME (s)  RATIO (ns/s) **\n                                                        *****************************************************************************************\n                                                        ** test_top.run_axi_handshake_test   FAIL         100.00           0.00     167094.15  **\n                                                        *****************************************************************************************\n                                                        ** TESTS=1 PASS=0 FAIL=1 SKIP=0                   100.00           0.00      79545.19  **\n                                                        *****************************************************************************************\n- :0: Verilog $finish\nmake: *** [/home/ray/anaconda3/lib/python3.10/site-packages/cocotb_tools/makefiles/simulators/Makefile.verilator:74: /workspace/generated/designs/axi_handshake/tb/.chia_sim/StallHoldTest.xml] Error 1\n",
        "command": [
          "timeout",
          "--signal=TERM",
          "--kill-after=5",
          "60",
          "make",
          "-f",
          "/workspace/generated/designs/axi_handshake/tb/.chia_sim/Makefile",
          "SIM=verilator",
          "TOPLEVEL_LANG=verilog",
          "TOPLEVEL=axi_handshake",
          "COCOTB_TOPLEVEL=axi_handshake",
          "MODULE=test_top",
          "COCOTB_TEST_MODULES=test_top",
          "VERILOG_SOURCES=/workspace/benchmarks/axi_handshake/axi_handshake.sv",
          "SIM_BUILD=/workspace/generated/designs/axi_handshake/tb/.chia_sim/build/a97906fcf629",
          "COCOTB_RESULTS_FILE=/workspace/generated/designs/axi_handshake/tb/.chia_sim/StallHoldTest.xml",
          "COCOTB_HDL_TIMEUNIT=1ns",
          "COCOTB_HDL_TIMEPRECISION=1ps",
          "BUILD_ARGS=-j 4"
        ],
        "test_name": "StallHoldTest",
        "test_module": "test_top",
        "results_file": "/workspace/generated/designs/axi_handshake/tb/.chia_sim/StallHoldTest.xml",
        "results_file_exists": true
      },
      "SimultaneousTransferTest": {
        "status": "runtime_error",
        "category": "runtime_error",
        "timed_out": false,
        "watchdog_expired": false,
        "returncode": 2,
        "counts": {
          "uvm_errors": 0,
          "uvm_fatals": 0,
          "uvm_warnings": 0,
          "scoreboard_mismatches": 0,
          "assertion_failures": 0
        },
        "clean_exit": false,
        "log": "rm -f /workspace/generated/designs/axi_handshake/tb/.chia_sim/SimultaneousTransferTest.xml\nrm -f /workspace/generated/designs/axi_handshake/tb/.chia_sim/SimultaneousTransferTest.xml\nCOCOTB_TEST_MODULES=test_top COCOTB_TESTCASE=  COCOTB_TOPLEVEL=axi_handshake TOPLEVEL_LANG=verilog       \\\n         /workspace/generated/designs/axi_handshake/tb/.chia_sim/build/a97906fcf629/Vtop     \n     -.--ns INFO     gpi                                ../gpi/GpiCommon.cpp:242  in gpi_load_users                  Loaded entry library: '/home/ray/anaconda3/lib/libpython3.10.so.1.0'\n     -.--ns INFO     gpi                                ../gpi/GpiCommon.cpp:233  in gpi_load_users                  Running entry func 'initialize' from loaded library '/home/ray/anaconda3/lib/python3.10/site-packages/cocotb/simulator.cpython-310-x86_64-linux-gnu.so'\n     -.--ns INFO     pygpi                              ..ib/pygpi/embed.cpp:114  in initialize                      Using Python 3.10.19 interpreter at /home/ray/anaconda3/bin/python3\n     -.--ns INFO     gpi                                ../gpi/GpiCommon.cpp:74   in gpi_print_registered_impl       GPI: VPI support registered\n     0.00ns INFO     cocotb.initialize                  Seeding Python random module with 1789051345\n     0.00ns INFO     cocotb.initialize                  Initialized cocotb v2.1.0 from /home/ray/anaconda3/lib/python3.10/site-packages/cocotb\n     0.00ns INFO     cocotb.initialize                  Running on Verilator version 5.042 2025-11-02\n     0.00ns INFO     cocotb.regression                  Running tests\n     0.00ns INFO     cocotb.regression                  running test_top.run_axi_handshake_test (1/1)\n                                                            Single cocotb entry point for all UVM test classes.\n     0.00ns INFO     test                               Starting clock: period=10 ns, top_module=axi_handshake\n     0.00ns WARNING  py.warnings                        /workspace/generated/designs/axi_handshake/tb/test_top.py:85: DeprecationWarning: The 'units' argument has been renamed to 'unit'.\n                                                          clock = Clock(dut.clk, clock_period_ns, units=\"ns\")\n   100.00ns INFO     test                               Reset deasserted\n   100.00ns INFO     test                               ConfigDB populated: dut, dut_helper, clock_period=10, clk_name='clk', rst_name='rst_n', reset_polarity='active_low', ref_model=<module>\n   100.00ns INFO     test                               Launching UVM test: SimultaneousTransferTest\n   100.00ns WARNING  py.warnings                        /workspace/generated/designs/axi_handshake/tb/test_top.py:130: RuntimeWarning: coroutine 'uvm_root.run_test' was never awaited\n                                                          await cocotb.triggers.with_timeout(\n   100.00ns WARNING  cocotb.regression                  test_top.run_axi_handshake_test failed\n                                                        Traceback (most recent call last):\n                                                          File \"/workspace/generated/designs/axi_handshake/tb/test_top.py\", line 130, in run_axi_handshake_test\n                                                            await cocotb.triggers.with_timeout(\n                                                        TypeError: with_timeout() got an unexpected keyword argument 'timeout'\n                                                        \n                                                        During handling of the above exception, another exception occurred:\n                                                        \n                                                        Traceback (most recent call last):\n                                                          File \"/workspace/generated/designs/axi_handshake/tb/test_top.py\", line 135, in run_axi_handshake_test\n                                                            except cocotb.result.SimTimeoutError:\n                                                        AttributeError: module 'cocotb' has no attribute 'result'\n   100.00ns INFO     cocotb.regression                  *****************************************************************************************\n                                                        ** TEST                             STATUS  SIM TIME (ns)  REAL TIME (s)  RATIO (ns/s) **\n                                                        *****************************************************************************************\n                                                        ** test_top.run_axi_handshake_test   FAIL         100.00           0.00     171538.06  **\n                                                        *****************************************************************************************\n                                                        ** TESTS=1 PASS=0 FAIL=1 SKIP=0                   100.00           0.00      82303.51  **\n                                                        *****************************************************************************************\n- :0: Verilog $finish\nmake: *** [/home/ray/anaconda3/lib/python3.10/site-packages/cocotb_tools/makefiles/simulators/Makefile.verilator:74: /workspace/generated/designs/axi_handshake/tb/.chia_sim/SimultaneousTransferTest.xml] Error 1\n",
        "command": [
          "timeout",
          "--signal=TERM",
          "--kill-after=5",
          "60",
          "make",
          "-f",
          "/workspace/generated/designs/axi_handshake/tb/.chia_sim/Makefile",
          "SIM=verilator",
          "TOPLEVEL_LANG=verilog",
          "TOPLEVEL=axi_handshake",
          "COCOTB_TOPLEVEL=axi_handshake",
          "MODULE=test_top",
          "COCOTB_TEST_MODULES=test_top",
          "VERILOG_SOURCES=/workspace/benchmarks/axi_handshake/axi_handshake.sv",
          "SIM_BUILD=/workspace/generated/designs/axi_handshake/tb/.chia_sim/build/a97906fcf629",
          "COCOTB_RESULTS_FILE=/workspace/generated/designs/axi_handshake/tb/.chia_sim/SimultaneousTransferTest.xml",
          "COCOTB_HDL_TIMEUNIT=1ns",
          "COCOTB_HDL_TIMEPRECISION=1ps",
          "BUILD_ARGS=-j 4"
        ],
        "test_name": "SimultaneousTransferTest",
        "test_module": "test_top",
        "results_file": "/workspace/generated/designs/axi_handshake/tb/.chia_sim/SimultaneousTransferTest.xml",
        "results_file_exists": true
      },
      "SequentialLoadsTest": {
        "status": "runtime_error",
        "category": "runtime_error",
        "timed_out": false,
        "watchdog_expired": false,
        "returncode": 2,
        "counts": {
          "uvm_errors": 0,
          "uvm_fatals": 0,
          "uvm_warnings": 0,
          "scoreboard_mismatches": 0,
          "assertion_failures": 0
        },
        "clean_exit": false,
        "log": "rm -f /workspace/generated/designs/axi_handshake/tb/.chia_sim/SequentialLoadsTest.xml\nrm -f /workspace/generated/designs/axi_handshake/tb/.chia_sim/SequentialLoadsTest.xml\nCOCOTB_TEST_MODULES=test_top COCOTB_TESTCASE=  COCOTB_TOPLEVEL=axi_handshake TOPLEVEL_LANG=verilog       \\\n         /workspace/generated/designs/axi_handshake/tb/.chia_sim/build/a97906fcf629/Vtop     \n     -.--ns INFO     gpi                                ../gpi/GpiCommon.cpp:242  in gpi_load_users                  Loaded entry library: '/home/ray/anaconda3/lib/libpython3.10.so.1.0'\n     -.--ns INFO     gpi                                ../gpi/GpiCommon.cpp:233  in gpi_load_users                  Running entry func 'initialize' from loaded library '/home/ray/anaconda3/lib/python3.10/site-packages/cocotb/simulator.cpython-310-x86_64-linux-gnu.so'\n     -.--ns INFO     pygpi                              ..ib/pygpi/embed.cpp:114  in initialize                      Using Python 3.10.19 interpreter at /home/ray/anaconda3/bin/python3\n     -.--ns INFO     gpi                                ../gpi/GpiCommon.cpp:74   in gpi_print_registered_impl       GPI: VPI support registered\n     0.00ns INFO     cocotb.initialize                  Seeding Python random module with 1789051345\n     0.00ns INFO     cocotb.initialize                  Initialized cocotb v2.1.0 from /home/ray/anaconda3/lib/python3.10/site-packages/cocotb\n     0.00ns INFO     cocotb.initialize                  Running on Verilator version 5.042 2025-11-02\n     0.00ns INFO     cocotb.regression                  Running tests\n     0.00ns INFO     cocotb.regression                  running test_top.run_axi_handshake_test (1/1)\n                                                            Single cocotb entry point for all UVM test classes.\n     0.00ns INFO     test                               Starting clock: period=10 ns, top_module=axi_handshake\n     0.00ns WARNING  py.warnings                        /workspace/generated/designs/axi_handshake/tb/test_top.py:85: DeprecationWarning: The 'units' argument has been renamed to 'unit'.\n                                                          clock = Clock(dut.clk, clock_period_ns, units=\"ns\")\n   100.00ns INFO     test                               Reset deasserted\n   100.00ns INFO     test                               ConfigDB populated: dut, dut_helper, clock_period=10, clk_name='clk', rst_name='rst_n', reset_polarity='active_low', ref_model=<module>\n   100.00ns INFO     test                               Launching UVM test: SequentialLoadsTest\n   100.00ns WARNING  py.warnings                        /workspace/generated/designs/axi_handshake/tb/test_top.py:130: RuntimeWarning: coroutine 'uvm_root.run_test' was never awaited\n                                                          await cocotb.triggers.with_timeout(\n   100.00ns WARNING  cocotb.regression                  test_top.run_axi_handshake_test failed\n                                                        Traceback (most recent call last):\n                                                          File \"/workspace/generated/designs/axi_handshake/tb/test_top.py\", line 130, in run_axi_handshake_test\n                                                            await cocotb.triggers.with_timeout(\n                                                        TypeError: with_timeout() got an unexpected keyword argument 'timeout'\n                                                        \n                                                        During handling of the above exception, another exception occurred:\n                                                        \n                                                        Traceback (most recent call last):\n                                                          File \"/workspace/generated/designs/axi_handshake/tb/test_top.py\", line 135, in run_axi_handshake_test\n                                                            except cocotb.result.SimTimeoutError:\n                                                        AttributeError: module 'cocotb' has no attribute 'result'\n   100.00ns INFO     cocotb.regression                  *****************************************************************************************\n                                                        ** TEST                             STATUS  SIM TIME (ns)  REAL TIME (s)  RATIO (ns/s) **\n                                                        *****************************************************************************************\n                                                        ** test_top.run_axi_handshake_test   FAIL         100.00           0.00     152691.57  **\n                                                        *****************************************************************************************\n                                                        ** TESTS=1 PASS=0 FAIL=1 SKIP=0                   100.00           0.00      74914.06  **\n                                                        *****************************************************************************************\n- :0: Verilog $finish\nmake: *** [/home/ray/anaconda3/lib/python3.10/site-packages/cocotb_tools/makefiles/simulators/Makefile.verilator:74: /workspace/generated/designs/axi_handshake/tb/.chia_sim/SequentialLoadsTest.xml] Error 1\n",
        "command": [
          "timeout",
          "--signal=TERM",
          "--kill-after=5",
          "60",
          "make",
          "-f",
          "/workspace/generated/designs/axi_handshake/tb/.chia_sim/Makefile",
          "SIM=verilator",
          "TOPLEVEL_LANG=verilog",
          "TOPLEVEL=axi_handshake",
          "COCOTB_TOPLEVEL=axi_handshake",
          "MODULE=test_top",
          "COCOTB_TEST_MODULES=test_top",
          "VERILOG_SOURCES=/workspace/benchmarks/axi_handshake/axi_handshake.sv",
          "SIM_BUILD=/workspace/generated/designs/axi_handshake/tb/.chia_sim/build/a97906fcf629",
          "COCOTB_RESULTS_FILE=/workspace/generated/designs/axi_handshake/tb/.chia_sim/SequentialLoadsTest.xml",
          "COCOTB_HDL_TIMEUNIT=1ns",
          "COCOTB_HDL_TIMEPRECISION=1ps",
          "BUILD_ARGS=-j 4"
        ],
        "test_name": "SequentialLoadsTest",
        "test_module": "test_top",
        "results_file": "/workspace/generated/designs/axi_handshake/tb/.chia_sim/SequentialLoadsTest.xml",
        "results_file_exists": true
      },
      "NoInputWhenStalledTest": {
        "status": "runtime_error",
        "category": "runtime_error",
        "timed_out": false,
        "watchdog_expired": false,
        "returncode": 2,
        "counts": {
          "uvm_errors": 0,
          "uvm_fatals": 0,
          "uvm_warnings": 0,
          "scoreboard_mismatches": 0,
          "assertion_failures": 0
        },
        "clean_exit": false,
        "log": "rm -f /workspace/generated/designs/axi_handshake/tb/.chia_sim/NoInputWhenStalledTest.xml\nrm -f /workspace/generated/designs/axi_handshake/tb/.chia_sim/NoInputWhenStalledTest.xml\nCOCOTB_TEST_MODULES=test_top COCOTB_TESTCASE=  COCOTB_TOPLEVEL=axi_handshake TOPLEVEL_LANG=verilog       \\\n         /workspace/generated/designs/axi_handshake/tb/.chia_sim/build/a97906fcf629/Vtop     \n     -.--ns INFO     gpi                                ../gpi/GpiCommon.cpp:242  in gpi_load_users                  Loaded entry library: '/home/ray/anaconda3/lib/libpython3.10.so.1.0'\n     -.--ns INFO     gpi                                ../gpi/GpiCommon.cpp:233  in gpi_load_users                  Running entry func 'initialize' from loaded library '/home/ray/anaconda3/lib/python3.10/site-packages/cocotb/simulator.cpython-310-x86_64-linux-gnu.so'\n     -.--ns INFO     pygpi                              ..ib/pygpi/embed.cpp:114  in initialize                      Using Python 3.10.19 interpreter at /home/ray/anaconda3/bin/python3\n     -.--ns INFO     gpi                                ../gpi/GpiCommon.cpp:74   in gpi_print_registered_impl       GPI: VPI support registered\n     0.00ns INFO     cocotb.initialize                  Seeding Python random module with 1789051346\n     0.00ns INFO     cocotb.initialize                  Initialized cocotb v2.1.0 from /home/ray/anaconda3/lib/python3.10/site-packages/cocotb\n     0.00ns INFO     cocotb.initialize                  Running on Verilator version 5.042 2025-11-02\n     0.00ns INFO     cocotb.regression                  Running tests\n     0.00ns INFO     cocotb.regression                  running test_top.run_axi_handshake_test (1/1)\n                                                            Single cocotb entry point for all UVM test classes.\n     0.00ns INFO     test                               Starting clock: period=10 ns, top_module=axi_handshake\n     0.00ns WARNING  py.warnings                        /workspace/generated/designs/axi_handshake/tb/test_top.py:85: DeprecationWarning: The 'units' argument has been renamed to 'unit'.\n                                                          clock = Clock(dut.clk, clock_period_ns, units=\"ns\")\n   100.00ns INFO     test                               Reset deasserted\n   100.00ns INFO     test                               ConfigDB populated: dut, dut_helper, clock_period=10, clk_name='clk', rst_name='rst_n', reset_polarity='active_low', ref_model=<module>\n   100.00ns INFO     test                               Launching UVM test: NoInputWhenStalledTest\n   100.00ns WARNING  py.warnings                        /workspace/generated/designs/axi_handshake/tb/test_top.py:130: RuntimeWarning: coroutine 'uvm_root.run_test' was never awaited\n                                                          await cocotb.triggers.with_timeout(\n   100.00ns WARNING  cocotb.regression                  test_top.run_axi_handshake_test failed\n                                                        Traceback (most recent call last):\n                                                          File \"/workspace/generated/designs/axi_handshake/tb/test_top.py\", line 130, in run_axi_handshake_test\n                                                            await cocotb.triggers.with_timeout(\n                                                        TypeError: with_timeout() got an unexpected keyword argument 'timeout'\n                                                        \n                                                        During handling of the above exception, another exception occurred:\n                                                        \n                                                        Traceback (most recent call last):\n                                                          File \"/workspace/generated/designs/axi_handshake/tb/test_top.py\", line 135, in run_axi_handshake_test\n                                                            except cocotb.result.SimTimeoutError:\n                                                        AttributeError: module 'cocotb' has no attribute 'result'\n   100.00ns INFO     cocotb.regression                  *****************************************************************************************\n                                                        ** TEST                             STATUS  SIM TIME (ns)  REAL TIME (s)  RATIO (ns/s) **\n                                                        *****************************************************************************************\n                                                        ** test_top.run_axi_handshake_test   FAIL         100.00           0.00     161733.79  **\n                                                        *****************************************************************************************\n                                                        ** TESTS=1 PASS=0 FAIL=1 SKIP=0                   100.00           0.00      79341.91  **\n                                                        *****************************************************************************************\n- :0: Verilog $finish\nmake: *** [/home/ray/anaconda3/lib/python3.10/site-packages/cocotb_tools/makefiles/simulators/Makefile.verilator:74: /workspace/generated/designs/axi_handshake/tb/.chia_sim/NoInputWhenStalledTest.xml] Error 1\n",
        "command": [
          "timeout",
          "--signal=TERM",
          "--kill-after=5",
          "60",
          "make",
          "-f",
          "/workspace/generated/designs/axi_handshake/tb/.chia_sim/Makefile",
          "SIM=verilator",
          "TOPLEVEL_LANG=verilog",
          "TOPLEVEL=axi_handshake",
          "COCOTB_TOPLEVEL=axi_handshake",
          "MODULE=test_top",
          "COCOTB_TEST_MODULES=test_top",
          "VERILOG_SOURCES=/workspace/benchmarks/axi_handshake/axi_handshake.sv",
          "SIM_BUILD=/workspace/generated/designs/axi_handshake/tb/.chia_sim/build/a97906fcf629",
          "COCOTB_RESULTS_FILE=/workspace/generated/designs/axi_handshake/tb/.chia_sim/NoInputWhenStalledTest.xml",
          "COCOTB_HDL_TIMEUNIT=1ns",
          "COCOTB_HDL_TIMEPRECISION=1ps",
          "BUILD_ARGS=-j 4"
        ],
        "test_name": "NoInputWhenStalledTest",
        "test_module": "test_top",
        "results_file": "/workspace/generated/designs/axi_handshake/tb/.chia_sim/NoInputWhenStalledTest.xml",
        "results_file_exists": true
      },
      "ResetDuringTransferTest": {
        "status": "runtime_error",
        "category": "runtime_error",
        "timed_out": false,
        "watchdog_expired": false,
        "returncode": 2,
        "counts": {
          "uvm_errors": 0,
          "uvm_fatals": 0,
          "uvm_warnings": 0,
          "scoreboard_mismatches": 0,
          "assertion_failures": 0
        },
        "clean_exit": false,
        "log": "rm -f /workspace/generated/designs/axi_handshake/tb/.chia_sim/ResetDuringTransferTest.xml\nrm -f /workspace/generated/designs/axi_handshake/tb/.chia_sim/ResetDuringTransferTest.xml\nCOCOTB_TEST_MODULES=test_top COCOTB_TESTCASE=  COCOTB_TOPLEVEL=axi_handshake TOPLEVEL_LANG=verilog       \\\n         /workspace/generated/designs/axi_handshake/tb/.chia_sim/build/a97906fcf629/Vtop     \n     -.--ns INFO     gpi                                ../gpi/GpiCommon.cpp:242  in gpi_load_users                  Loaded entry library: '/home/ray/anaconda3/lib/libpython3.10.so.1.0'\n     -.--ns INFO     gpi                                ../gpi/GpiCommon.cpp:233  in gpi_load_users                  Running entry func 'initialize' from loaded library '/home/ray/anaconda3/lib/python3.10/site-packages/cocotb/simulator.cpython-310-x86_64-linux-gnu.so'\n     -.--ns INFO     pygpi                              ..ib/pygpi/embed.cpp:114  in initialize                      Using Python 3.10.19 interpreter at /home/ray/anaconda3/bin/python3\n     -.--ns INFO     gpi                                ../gpi/GpiCommon.cpp:74   in gpi_print_registered_impl       GPI: VPI support registered\n     0.00ns INFO     cocotb.initialize                  Seeding Python random module with 1789051346\n     0.00ns INFO     cocotb.initialize                  Initialized cocotb v2.1.0 from /home/ray/anaconda3/lib/python3.10/site-packages/cocotb\n     0.00ns INFO     cocotb.initialize                  Running on Verilator version 5.042 2025-11-02\n     0.00ns INFO     cocotb.regression                  Running tests\n     0.00ns INFO     cocotb.regression                  running test_top.run_axi_handshake_test (1/1)\n                                                            Single cocotb entry point for all UVM test classes.\n     0.00ns INFO     test                               Starting clock: period=10 ns, top_module=axi_handshake\n     0.00ns WARNING  py.warnings                        /workspace/generated/designs/axi_handshake/tb/test_top.py:85: DeprecationWarning: The 'units' argument has been renamed to 'unit'.\n                                                          clock = Clock(dut.clk, clock_period_ns, units=\"ns\")\n   100.00ns INFO     test                               Reset deasserted\n   100.00ns INFO     test                               ConfigDB populated: dut, dut_helper, clock_period=10, clk_name='clk', rst_name='rst_n', reset_polarity='active_low', ref_model=<module>\n   100.00ns INFO     test                               Launching UVM test: ResetDuringTransferTest\n   100.00ns WARNING  py.warnings                        /workspace/generated/designs/axi_handshake/tb/test_top.py:130: RuntimeWarning: coroutine 'uvm_root.run_test' was never awaited\n                                                          await cocotb.triggers.with_timeout(\n   100.00ns WARNING  cocotb.regression                  test_top.run_axi_handshake_test failed\n                                                        Traceback (most recent call last):\n                                                          File \"/workspace/generated/designs/axi_handshake/tb/test_top.py\", line 130, in run_axi_handshake_test\n                                                            await cocotb.triggers.with_timeout(\n                                                        TypeError: with_timeout() got an unexpected keyword argument 'timeout'\n                                                        \n                                                        During handling of the above exception, another exception occurred:\n                                                        \n                                                        Traceback (most recent call last):\n                                                          File \"/workspace/generated/designs/axi_handshake/tb/test_top.py\", line 135, in run_axi_handshake_test\n                                                            except cocotb.result.SimTimeoutError:\n                                                        AttributeError: module 'cocotb' has no attribute 'result'\n   100.00ns INFO     cocotb.regression                  *****************************************************************************************\n                                                        ** TEST                             STATUS  SIM TIME (ns)  REAL TIME (s)  RATIO (ns/s) **\n                                                        *****************************************************************************************\n                                                        ** test_top.run_axi_handshake_test   FAIL         100.00           0.00     167597.67  **\n                                                        *****************************************************************************************\n                                                        ** TESTS=1 PASS=0 FAIL=1 SKIP=0                   100.00           0.00      81122.34  **\n                                                        *****************************************************************************************\n- :0: Verilog $finish\nmake: *** [/home/ray/anaconda3/lib/python3.10/site-packages/cocotb_tools/makefiles/simulators/Makefile.verilator:74: /workspace/generated/designs/axi_handshake/tb/.chia_sim/ResetDuringTransferTest.xml] Error 1\n",
        "command": [
          "timeout",
          "--signal=TERM",
          "--kill-after=5",
          "60",
          "make",
          "-f",
          "/workspace/generated/designs/axi_handshake/tb/.chia_sim/Makefile",
          "SIM=verilator",
          "TOPLEVEL_LANG=verilog",
          "TOPLEVEL=axi_handshake",
          "COCOTB_TOPLEVEL=axi_handshake",
          "MODULE=test_top",
          "COCOTB_TEST_MODULES=test_top",
          "VERILOG_SOURCES=/workspace/benchmarks/axi_handshake/axi_handshake.sv",
          "SIM_BUILD=/workspace/generated/designs/axi_handshake/tb/.chia_sim/build/a97906fcf629",
          "COCOTB_RESULTS_FILE=/workspace/generated/designs/axi_handshake/tb/.chia_sim/ResetDuringTransferTest.xml",
          "COCOTB_HDL_TIMEUNIT=1ns",
          "COCOTB_HDL_TIMEPRECISION=1ps",
          "BUILD_ARGS=-j 4"
        ],
        "test_name": "ResetDuringTransferTest",
        "test_module": "test_top",
        "results_file": "/workspace/generated/designs/axi_handshake/tb/.chia_sim/ResetDuringTransferTest.xml",
        "results_file_exists": true
      },
      "BackToBackFullRateTest": {
        "status": "runtime_error",
        "category": "runtime_error",
        "timed_out": false,
        "watchdog_expired": false,
        "returncode": 2,
        "counts": {
          "uvm_errors": 0,
          "uvm_fatals": 0,
          "uvm_warnings": 0,
          "scoreboard_mismatches": 0,
          "assertion_failures": 0
        },
        "clean_exit": false,
        "log": "rm -f /workspace/generated/designs/axi_handshake/tb/.chia_sim/BackToBackFullRateTest.xml\nrm -f /workspace/generated/designs/axi_handshake/tb/.chia_sim/BackToBackFullRateTest.xml\nCOCOTB_TEST_MODULES=test_top COCOTB_TESTCASE=  COCOTB_TOPLEVEL=axi_handshake TOPLEVEL_LANG=verilog       \\\n         /workspace/generated/designs/axi_handshake/tb/.chia_sim/build/a97906fcf629/Vtop     \n     -.--ns INFO     gpi                                ../gpi/GpiCommon.cpp:242  in gpi_load_users                  Loaded entry library: '/home/ray/anaconda3/lib/libpython3.10.so.1.0'\n     -.--ns INFO     gpi                                ../gpi/GpiCommon.cpp:233  in gpi_load_users                  Running entry func 'initialize' from loaded library '/home/ray/anaconda3/lib/python3.10/site-packages/cocotb/simulator.cpython-310-x86_64-linux-gnu.so'\n     -.--ns INFO     pygpi                              ..ib/pygpi/embed.cpp:114  in initialize                      Using Python 3.10.19 interpreter at /home/ray/anaconda3/bin/python3\n     -.--ns INFO     gpi                                ../gpi/GpiCommon.cpp:74   in gpi_print_registered_impl       GPI: VPI support registered\n     0.00ns INFO     cocotb.initialize                  Seeding Python random module with 1789051347\n     0.00ns INFO     cocotb.initialize                  Initialized cocotb v2.1.0 from /home/ray/anaconda3/lib/python3.10/site-packages/cocotb\n     0.00ns INFO     cocotb.initialize                  Running on Verilator version 5.042 2025-11-02\n     0.00ns INFO     cocotb.regression                  Running tests\n     0.00ns INFO     cocotb.regression                  running test_top.run_axi_handshake_test (1/1)\n                                                            Single cocotb entry point for all UVM test classes.\n     0.00ns INFO     test                               Starting clock: period=10 ns, top_module=axi_handshake\n     0.00ns WARNING  py.warnings                        /workspace/generated/designs/axi_handshake/tb/test_top.py:85: DeprecationWarning: The 'units' argument has been renamed to 'unit'.\n                                                          clock = Clock(dut.clk, clock_period_ns, units=\"ns\")\n   100.00ns INFO     test                               Reset deasserted\n   100.00ns INFO     test                               ConfigDB populated: dut, dut_helper, clock_period=10, clk_name='clk', rst_name='rst_n', reset_polarity='active_low', ref_model=<module>\n   100.00ns INFO     test                               Launching UVM test: BackToBackFullRateTest\n   100.00ns WARNING  py.warnings                        /workspace/generated/designs/axi_handshake/tb/test_top.py:130: RuntimeWarning: coroutine 'uvm_root.run_test' was never awaited\n                                                          await cocotb.triggers.with_timeout(\n   100.00ns WARNING  cocotb.regression                  test_top.run_axi_handshake_test failed\n                                                        Traceback (most recent call last):\n                                                          File \"/workspace/generated/designs/axi_handshake/tb/test_top.py\", line 130, in run_axi_handshake_test\n                                                            await cocotb.triggers.with_timeout(\n                                                        TypeError: with_timeout() got an unexpected keyword argument 'timeout'\n                                                        \n                                                        During handling of the above exception, another exception occurred:\n                                                        \n                                                        Traceback (most recent call last):\n                                                          File \"/workspace/generated/designs/axi_handshake/tb/test_top.py\", line 135, in run_axi_handshake_test\n                                                            except cocotb.result.SimTimeoutError:\n                                                        AttributeError: module 'cocotb' has no attribute 'result'\n   100.00ns INFO     cocotb.regression                  *****************************************************************************************\n                                                        ** TEST                             STATUS  SIM TIME (ns)  REAL TIME (s)  RATIO (ns/s) **\n                                                        *****************************************************************************************\n                                                        ** test_top.run_axi_handshake_test   FAIL         100.00           0.00     159935.26  **\n                                                        *****************************************************************************************\n                                                        ** TESTS=1 PASS=0 FAIL=1 SKIP=0                   100.00           0.00      79567.72  **\n                                                        *****************************************************************************************\n- :0: Verilog $finish\nmake: *** [/home/ray/anaconda3/lib/python3.10/site-packages/cocotb_tools/makefiles/simulators/Makefile.verilator:74: /workspace/generated/designs/axi_handshake/tb/.chia_sim/BackToBackFullRateTest.xml] Error 1\n",
        "command": [
          "timeout",
          "--signal=TERM",
          "--kill-after=5",
          "60",
          "make",
          "-f",
          "/workspace/generated/designs/axi_handshake/tb/.chia_sim/Makefile",
          "SIM=verilator",
          "TOPLEVEL_LANG=verilog",
          "TOPLEVEL=axi_handshake",
          "COCOTB_TOPLEVEL=axi_handshake",
          "MODULE=test_top",
          "COCOTB_TEST_MODULES=test_top",
          "VERILOG_SOURCES=/workspace/benchmarks/axi_handshake/axi_handshake.sv",
          "SIM_BUILD=/workspace/generated/designs/axi_handshake/tb/.chia_sim/build/a97906fcf629",
          "COCOTB_RESULTS_FILE=/workspace/generated/designs/axi_handshake/tb/.chia_sim/BackToBackFullRateTest.xml",
          "COCOTB_HDL_TIMEUNIT=1ns",
          "COCOTB_HDL_TIMEPRECISION=1ps",
          "BUILD_ARGS=-j 4"
        ],
        "test_name": "BackToBackFullRateTest",
        "test_module": "test_top",
        "results_file": "/workspace/generated/designs/axi_handshake/tb/.chia_sim/BackToBackFullRateTest.xml",
        "results_file_exists": true
      },
      "AllZeroPayloadTest": {
        "status": "runtime_error",
        "category": "runtime_error",
        "timed_out": false,
        "watchdog_expired": false,
        "returncode": 2,
        "counts": {
          "uvm_errors": 0,
          "uvm_fatals": 0,
          "uvm_warnings": 0,
          "scoreboard_mismatches": 0,
          "assertion_failures": 0
        },
        "clean_exit": false,
        "log": "rm -f /workspace/generated/designs/axi_handshake/tb/.chia_sim/AllZeroPayloadTest.xml\nrm -f /workspace/generated/designs/axi_handshake/tb/.chia_sim/AllZeroPayloadTest.xml\nCOCOTB_TEST_MODULES=test_top COCOTB_TESTCASE=  COCOTB_TOPLEVEL=axi_handshake TOPLEVEL_LANG=verilog       \\\n         /workspace/generated/designs/axi_handshake/tb/.chia_sim/build/a97906fcf629/Vtop     \n     -.--ns INFO     gpi                                ../gpi/GpiCommon.cpp:242  in gpi_load_users                  Loaded entry library: '/home/ray/anaconda3/lib/libpython3.10.so.1.0'\n     -.--ns INFO     gpi                                ../gpi/GpiCommon.cpp:233  in gpi_load_users                  Running entry func 'initialize' from loaded library '/home/ray/anaconda3/lib/python3.10/site-packages/cocotb/simulator.cpython-310-x86_64-linux-gnu.so'\n     -.--ns INFO     pygpi                              ..ib/pygpi/embed.cpp:114  in initialize                      Using Python 3.10.19 interpreter at /home/ray/anaconda3/bin/python3\n     -.--ns INFO     gpi                                ../gpi/GpiCommon.cpp:74   in gpi_print_registered_impl       GPI: VPI support registered\n     0.00ns INFO     cocotb.initialize                  Seeding Python random module with 1789051347\n     0.00ns INFO     cocotb.initialize                  Initialized cocotb v2.1.0 from /home/ray/anaconda3/lib/python3.10/site-packages/cocotb\n     0.00ns INFO     cocotb.initialize                  Running on Verilator version 5.042 2025-11-02\n     0.00ns INFO     cocotb.regression                  Running tests\n     0.00ns INFO     cocotb.regression                  running test_top.run_axi_handshake_test (1/1)\n                                                            Single cocotb entry point for all UVM test classes.\n     0.00ns INFO     test                               Starting clock: period=10 ns, top_module=axi_handshake\n     0.00ns WARNING  py.warnings                        /workspace/generated/designs/axi_handshake/tb/test_top.py:85: DeprecationWarning: The 'units' argument has been renamed to 'unit'.\n                                                          clock = Clock(dut.clk, clock_period_ns, units=\"ns\")\n   100.00ns INFO     test                               Reset deasserted\n   100.00ns INFO     test                               ConfigDB populated: dut, dut_helper, clock_period=10, clk_name='clk', rst_name='rst_n', reset_polarity='active_low', ref_model=<module>\n   100.00ns INFO     test                               Launching UVM test: AllZeroPayloadTest\n   100.00ns WARNING  py.warnings                        /workspace/generated/designs/axi_handshake/tb/test_top.py:130: RuntimeWarning: coroutine 'uvm_root.run_test' was never awaited\n                                                          await cocotb.triggers.with_timeout(\n   100.00ns WARNING  cocotb.regression                  test_top.run_axi_handshake_test failed\n                                                        Traceback (most recent call last):\n                                                          File \"/workspace/generated/designs/axi_handshake/tb/test_top.py\", line 130, in run_axi_handshake_test\n                                                            await cocotb.triggers.with_timeout(\n                                                        TypeError: with_timeout() got an unexpected keyword argument 'timeout'\n                                                        \n                                                        During handling of the above exception, another exception occurred:\n                                                        \n                                                        Traceback (most recent call last):\n                                                          File \"/workspace/generated/designs/axi_handshake/tb/test_top.py\", line 135, in run_axi_handshake_test\n                                                            except cocotb.result.SimTimeoutError:\n                                                        AttributeError: module 'cocotb' has no attribute 'result'\n   100.00ns INFO     cocotb.regression                  *****************************************************************************************\n                                                        ** TEST                             STATUS  SIM TIME (ns)  REAL TIME (s)  RATIO (ns/s) **\n                                                        *****************************************************************************************\n                                                        ** test_top.run_axi_handshake_test   FAIL         100.00           0.00     169246.83  **\n                                                        *****************************************************************************************\n                                                        ** TESTS=1 PASS=0 FAIL=1 SKIP=0                   100.00           0.00      83413.62  **\n                                                        *****************************************************************************************\n- :0: Verilog $finish\nmake: *** [/home/ray/anaconda3/lib/python3.10/site-packages/cocotb_tools/makefiles/simulators/Makefile.verilator:74: /workspace/generated/designs/axi_handshake/tb/.chia_sim/AllZeroPayloadTest.xml] Error 1\n",
        "command": [
          "timeout",
          "--signal=TERM",
          "--kill-after=5",
          "60",
          "make",
          "-f",
          "/workspace/generated/designs/axi_handshake/tb/.chia_sim/Makefile",
          "SIM=verilator",
          "TOPLEVEL_LANG=verilog",
          "TOPLEVEL=axi_handshake",
          "COCOTB_TOPLEVEL=axi_handshake",
          "MODULE=test_top",
          "COCOTB_TEST_MODULES=test_top",
          "VERILOG_SOURCES=/workspace/benchmarks/axi_handshake/axi_handshake.sv",
          "SIM_BUILD=/workspace/generated/designs/axi_handshake/tb/.chia_sim/build/a97906fcf629",
          "COCOTB_RESULTS_FILE=/workspace/generated/designs/axi_handshake/tb/.chia_sim/AllZeroPayloadTest.xml",
          "COCOTB_HDL_TIMEUNIT=1ns",
          "COCOTB_HDL_TIMEPRECISION=1ps",
          "BUILD_ARGS=-j 4"
        ],
        "test_name": "AllZeroPayloadTest",
        "test_module": "test_top",
        "results_file": "/workspace/generated/designs/axi_handshake/tb/.chia_sim/AllZeroPayloadTest.xml",
        "results_file_exists": true
      },
      "AllOnePayloadTest": {
        "status": "runtime_error",
        "category": "runtime_error",
        "timed_out": false,
        "watchdog_expired": false,
        "returncode": 2,
        "counts": {
          "uvm_errors": 0,
          "uvm_fatals": 0,
          "uvm_warnings": 0,
          "scoreboard_mismatches": 0,
          "assertion_failures": 0
        },
        "clean_exit": false,
        "log": "rm -f /workspace/generated/designs/axi_handshake/tb/.chia_sim/AllOnePayloadTest.xml\nrm -f /workspace/generated/designs/axi_handshake/tb/.chia_sim/AllOnePayloadTest.xml\nCOCOTB_TEST_MODULES=test_top COCOTB_TESTCASE=  COCOTB_TOPLEVEL=axi_handshake TOPLEVEL_LANG=verilog       \\\n         /workspace/generated/designs/axi_handshake/tb/.chia_sim/build/a97906fcf629/Vtop     \n     -.--ns INFO     gpi                                ../gpi/GpiCommon.cpp:242  in gpi_load_users                  Loaded entry library: '/home/ray/anaconda3/lib/libpython3.10.so.1.0'\n     -.--ns INFO     gpi                                ../gpi/GpiCommon.cpp:233  in gpi_load_users                  Running entry func 'initialize' from loaded library '/home/ray/anaconda3/lib/python3.10/site-packages/cocotb/simulator.cpython-310-x86_64-linux-gnu.so'\n     -.--ns INFO     pygpi                              ..ib/pygpi/embed.cpp:114  in initialize                      Using Python 3.10.19 interpreter at /home/ray/anaconda3/bin/python3\n     -.--ns INFO     gpi                                ../gpi/GpiCommon.cpp:74   in gpi_print_registered_impl       GPI: VPI support registered\n     0.00ns INFO     cocotb.initialize                  Seeding Python random module with 1789051348\n     0.00ns INFO     cocotb.initialize                  Initialized cocotb v2.1.0 from /home/ray/anaconda3/lib/python3.10/site-packages/cocotb\n     0.00ns INFO     cocotb.initialize                  Running on Verilator version 5.042 2025-11-02\n     0.00ns INFO     cocotb.regression                  Running tests\n     0.00ns INFO     cocotb.regression                  running test_top.run_axi_handshake_test (1/1)\n                                                            Single cocotb entry point for all UVM test classes.\n     0.00ns INFO     test                               Starting clock: period=10 ns, top_module=axi_handshake\n     0.00ns WARNING  py.warnings                        /workspace/generated/designs/axi_handshake/tb/test_top.py:85: DeprecationWarning: The 'units' argument has been renamed to 'unit'.\n                                                          clock = Clock(dut.clk, clock_period_ns, units=\"ns\")\n   100.00ns INFO     test                               Reset deasserted\n   100.00ns INFO     test                               ConfigDB populated: dut, dut_helper, clock_period=10, clk_name='clk', rst_name='rst_n', reset_polarity='active_low', ref_model=<module>\n   100.00ns INFO     test                               Launching UVM test: AllOnePayloadTest\n   100.00ns WARNING  py.warnings                        /workspace/generated/designs/axi_handshake/tb/test_top.py:130: RuntimeWarning: coroutine 'uvm_root.run_test' was never awaited\n                                                          await cocotb.triggers.with_timeout(\n   100.00ns WARNING  cocotb.regression                  test_top.run_axi_handshake_test failed\n                                                        Traceback (most recent call last):\n                                                          File \"/workspace/generated/designs/axi_handshake/tb/test_top.py\", line 130, in run_axi_handshake_test\n                                                            await cocotb.triggers.with_timeout(\n                                                        TypeError: with_timeout() got an unexpected keyword argument 'timeout'\n                                                        \n                                                        During handling of the above exception, another exception occurred:\n                                                        \n                                                        Traceback (most recent call last):\n                                                          File \"/workspace/generated/designs/axi_handshake/tb/test_top.py\", line 135, in run_axi_handshake_test\n                                                            except cocotb.result.SimTimeoutError:\n                                                        AttributeError: module 'cocotb' has no attribute 'result'\n   100.00ns INFO     cocotb.regression                  *****************************************************************************************\n                                                        ** TEST                             STATUS  SIM TIME (ns)  REAL TIME (s)  RATIO (ns/s) **\n                                                        *****************************************************************************************\n                                                        ** test_top.run_axi_handshake_test   FAIL         100.00           0.00     159671.20  **\n                                                        *****************************************************************************************\n                                                        ** TESTS=1 PASS=0 FAIL=1 SKIP=0                   100.00           0.00      76672.53  **\n                                                        *****************************************************************************************\n- :0: Verilog $finish\nmake: *** [/home/ray/anaconda3/lib/python3.10/site-packages/cocotb_tools/makefiles/simulators/Makefile.verilator:74: /workspace/generated/designs/axi_handshake/tb/.chia_sim/AllOnePayloadTest.xml] Error 1\n",
        "command": [
          "timeout",
          "--signal=TERM",
          "--kill-after=5",
          "60",
          "make",
          "-f",
          "/workspace/generated/designs/axi_handshake/tb/.chia_sim/Makefile",
          "SIM=verilator",
          "TOPLEVEL_LANG=verilog",
          "TOPLEVEL=axi_handshake",
          "COCOTB_TOPLEVEL=axi_handshake",
          "MODULE=test_top",
          "COCOTB_TEST_MODULES=test_top",
          "VERILOG_SOURCES=/workspace/benchmarks/axi_handshake/axi_handshake.sv",
          "SIM_BUILD=/workspace/generated/designs/axi_handshake/tb/.chia_sim/build/a97906fcf629",
          "COCOTB_RESULTS_FILE=/workspace/generated/designs/axi_handshake/tb/.chia_sim/AllOnePayloadTest.xml",
          "COCOTB_HDL_TIMEUNIT=1ns",
          "COCOTB_HDL_TIMEPRECISION=1ps",
          "BUILD_ARGS=-j 4"
        ],
        "test_name": "AllOnePayloadTest",
        "test_module": "test_top",
        "results_file": "/workspace/generated/designs/axi_handshake/tb/.chia_sim/AllOnePayloadTest.xml",
        "results_file_exists": true
      },
      "ProducerHoldsForeverTest": {
        "status": "runtime_error",
        "category": "runtime_error",
        "timed_out": false,
        "watchdog_expired": false,
        "returncode": 2,
        "counts": {
          "uvm_errors": 0,
          "uvm_fatals": 0,
          "uvm_warnings": 0,
          "scoreboard_mismatches": 0,
          "assertion_failures": 0
        },
        "clean_exit": false,
        "log": "rm -f /workspace/generated/designs/axi_handshake/tb/.chia_sim/ProducerHoldsForeverTest.xml\nrm -f /workspace/generated/designs/axi_handshake/tb/.chia_sim/ProducerHoldsForeverTest.xml\nCOCOTB_TEST_MODULES=test_top COCOTB_TESTCASE=  COCOTB_TOPLEVEL=axi_handshake TOPLEVEL_LANG=verilog       \\\n         /workspace/generated/designs/axi_handshake/tb/.chia_sim/build/a97906fcf629/Vtop     \n     -.--ns INFO     gpi                                ../gpi/GpiCommon.cpp:242  in gpi_load_users                  Loaded entry library: '/home/ray/anaconda3/lib/libpython3.10.so.1.0'\n     -.--ns INFO     gpi                                ../gpi/GpiCommon.cpp:233  in gpi_load_users                  Running entry func 'initialize' from loaded library '/home/ray/anaconda3/lib/python3.10/site-packages/cocotb/simulator.cpython-310-x86_64-linux-gnu.so'\n     -.--ns INFO     pygpi                              ..ib/pygpi/embed.cpp:114  in initialize                      Using Python 3.10.19 interpreter at /home/ray/anaconda3/bin/python3\n     -.--ns INFO     gpi                                ../gpi/GpiCommon.cpp:74   in gpi_print_registered_impl       GPI: VPI support registered\n     0.00ns INFO     cocotb.initialize                  Seeding Python random module with 1789051349\n     0.00ns INFO     cocotb.initialize                  Initialized cocotb v2.1.0 from /home/ray/anaconda3/lib/python3.10/site-packages/cocotb\n     0.00ns INFO     cocotb.initialize                  Running on Verilator version 5.042 2025-11-02\n     0.00ns INFO     cocotb.regression                  Running tests\n     0.00ns INFO     cocotb.regression                  running test_top.run_axi_handshake_test (1/1)\n                                                            Single cocotb entry point for all UVM test classes.\n     0.00ns INFO     test                               Starting clock: period=10 ns, top_module=axi_handshake\n     0.00ns WARNING  py.warnings                        /workspace/generated/designs/axi_handshake/tb/test_top.py:85: DeprecationWarning: The 'units' argument has been renamed to 'unit'.\n                                                          clock = Clock(dut.clk, clock_period_ns, units=\"ns\")\n   100.00ns INFO     test                               Reset deasserted\n   100.00ns INFO     test                               ConfigDB populated: dut, dut_helper, clock_period=10, clk_name='clk', rst_name='rst_n', reset_polarity='active_low', ref_model=<module>\n   100.00ns INFO     test                               Launching UVM test: ProducerHoldsForeverTest\n   100.00ns WARNING  py.warnings                        /workspace/generated/designs/axi_handshake/tb/test_top.py:130: RuntimeWarning: coroutine 'uvm_root.run_test' was never awaited\n                                                          await cocotb.triggers.with_timeout(\n   100.00ns WARNING  cocotb.regression                  test_top.run_axi_handshake_test failed\n                                                        Traceback (most recent call last):\n                                                          File \"/workspace/generated/designs/axi_handshake/tb/test_top.py\", line 130, in run_axi_handshake_test\n                                                            await cocotb.triggers.with_timeout(\n                                                        TypeError: with_timeout() got an unexpected keyword argument 'timeout'\n                                                        \n                                                        During handling of the above exception, another exception occurred:\n                                                        \n                                                        Traceback (most recent call last):\n                                                          File \"/workspace/generated/designs/axi_handshake/tb/test_top.py\", line 135, in run_axi_handshake_test\n                                                            except cocotb.result.SimTimeoutError:\n                                                        AttributeError: module 'cocotb' has no attribute 'result'\n   100.00ns INFO     cocotb.regression                  *****************************************************************************************\n                                                        ** TEST                             STATUS  SIM TIME (ns)  REAL TIME (s)  RATIO (ns/s) **\n                                                        *****************************************************************************************\n                                                        ** test_top.run_axi_handshake_test   FAIL         100.00           0.00     169581.78  **\n                                                        *****************************************************************************************\n                                                        ** TESTS=1 PASS=0 FAIL=1 SKIP=0                   100.00           0.00      80812.98  **\n                                                        *****************************************************************************************\n- :0: Verilog $finish\nmake: *** [/home/ray/anaconda3/lib/python3.10/site-packages/cocotb_tools/makefiles/simulators/Makefile.verilator:74: /workspace/generated/designs/axi_handshake/tb/.chia_sim/ProducerHoldsForeverTest.xml] Error 1\n",
        "command": [
          "timeout",
          "--signal=TERM",
          "--kill-after=5",
          "60",
          "make",
          "-f",
          "/workspace/generated/designs/axi_handshake/tb/.chia_sim/Makefile",
          "SIM=verilator",
          "TOPLEVEL_LANG=verilog",
          "TOPLEVEL=axi_handshake",
          "COCOTB_TOPLEVEL=axi_handshake",
          "MODULE=test_top",
          "COCOTB_TEST_MODULES=test_top",
          "VERILOG_SOURCES=/workspace/benchmarks/axi_handshake/axi_handshake.sv",
          "SIM_BUILD=/workspace/generated/designs/axi_handshake/tb/.chia_sim/build/a97906fcf629",
          "COCOTB_RESULTS_FILE=/workspace/generated/designs/axi_handshake/tb/.chia_sim/ProducerHoldsForeverTest.xml",
          "COCOTB_HDL_TIMEUNIT=1ns",
          "COCOTB_HDL_TIMEPRECISION=1ps",
          "BUILD_ARGS=-j 4"
        ],
        "test_name": "ProducerHoldsForeverTest",
        "test_module": "test_top",
        "results_file": "/workspace/generated/designs/axi_handshake/tb/.chia_sim/ProducerHoldsForeverTest.xml",
        "results_file_exists": true
      },
      "RandomStimulusTest": {
        "status": "runtime_error",
        "category": "runtime_error",
        "timed_out": false,
        "watchdog_expired": false,
        "returncode": 2,
        "counts": {
          "uvm_errors": 0,
          "uvm_fatals": 0,
          "uvm_warnings": 0,
          "scoreboard_mismatches": 0,
          "assertion_failures": 0
        },
        "clean_exit": false,
        "log": "rm -f /workspace/generated/designs/axi_handshake/tb/.chia_sim/RandomStimulusTest.xml\nrm -f /workspace/generated/designs/axi_handshake/tb/.chia_sim/RandomStimulusTest.xml\nCOCOTB_TEST_MODULES=test_top COCOTB_TESTCASE=  COCOTB_TOPLEVEL=axi_handshake TOPLEVEL_LANG=verilog       \\\n         /workspace/generated/designs/axi_handshake/tb/.chia_sim/build/a97906fcf629/Vtop     \n     -.--ns INFO     gpi                                ../gpi/GpiCommon.cpp:242  in gpi_load_users                  Loaded entry library: '/home/ray/anaconda3/lib/libpython3.10.so.1.0'\n     -.--ns INFO     gpi                                ../gpi/GpiCommon.cpp:233  in gpi_load_users                  Running entry func 'initialize' from loaded library '/home/ray/anaconda3/lib/python3.10/site-packages/cocotb/simulator.cpython-310-x86_64-linux-gnu.so'\n     -.--ns INFO     pygpi                              ..ib/pygpi/embed.cpp:114  in initialize                      Using Python 3.10.19 interpreter at /home/ray/anaconda3/bin/python3\n     -.--ns INFO     gpi                                ../gpi/GpiCommon.cpp:74   in gpi_print_registered_impl       GPI: VPI support registered\n     0.00ns INFO     cocotb.initialize                  Seeding Python random module with 1789051349\n     0.00ns INFO     cocotb.initialize                  Initialized cocotb v2.1.0 from /home/ray/anaconda3/lib/python3.10/site-packages/cocotb\n     0.00ns INFO     cocotb.initialize                  Running on Verilator version 5.042 2025-11-02\n     0.00ns INFO     cocotb.regression                  Running tests\n     0.00ns INFO     cocotb.regression                  running test_top.run_axi_handshake_test (1/1)\n                                                            Single cocotb entry point for all UVM test classes.\n     0.00ns INFO     test                               Starting clock: period=10 ns, top_module=axi_handshake\n     0.00ns WARNING  py.warnings                        /workspace/generated/designs/axi_handshake/tb/test_top.py:85: DeprecationWarning: The 'units' argument has been renamed to 'unit'.\n                                                          clock = Clock(dut.clk, clock_period_ns, units=\"ns\")\n   100.00ns INFO     test                               Reset deasserted\n   100.00ns INFO     test                               ConfigDB populated: dut, dut_helper, clock_period=10, clk_name='clk', rst_name='rst_n', reset_polarity='active_low', ref_model=<module>\n   100.00ns INFO     test                               Launching UVM test: RandomStimulusTest\n   100.00ns WARNING  py.warnings                        /workspace/generated/designs/axi_handshake/tb/test_top.py:130: RuntimeWarning: coroutine 'uvm_root.run_test' was never awaited\n                                                          await cocotb.triggers.with_timeout(\n   100.00ns WARNING  cocotb.regression                  test_top.run_axi_handshake_test failed\n                                                        Traceback (most recent call last):\n                                                          File \"/workspace/generated/designs/axi_handshake/tb/test_top.py\", line 130, in run_axi_handshake_test\n                                                            await cocotb.triggers.with_timeout(\n                                                        TypeError: with_timeout() got an unexpected keyword argument 'timeout'\n                                                        \n                                                        During handling of the above exception, another exception occurred:\n                                                        \n                                                        Traceback (most recent call last):\n                                                          File \"/workspace/generated/designs/axi_handshake/tb/test_top.py\", line 135, in run_axi_handshake_test\n                                                            except cocotb.result.SimTimeoutError:\n                                                        AttributeError: module 'cocotb' has no attribute 'result'\n   100.00ns INFO     cocotb.regression                  *****************************************************************************************\n                                                        ** TEST                             STATUS  SIM TIME (ns)  REAL TIME (s)  RATIO (ns/s) **\n                                                        *****************************************************************************************\n                                                        ** test_top.run_axi_handshake_test   FAIL         100.00           0.00     163269.04  **\n                                                        *****************************************************************************************\n                                                        ** TESTS=1 PASS=0 FAIL=1 SKIP=0                   100.00           0.00      81541.59  **\n                                                        *****************************************************************************************\n- :0: Verilog $finish\nmake: *** [/home/ray/anaconda3/lib/python3.10/site-packages/cocotb_tools/makefiles/simulators/Makefile.verilator:74: /workspace/generated/designs/axi_handshake/tb/.chia_sim/RandomStimulusTest.xml] Error 1\n",
        "command": [
          "timeout",
          "--signal=TERM",
          "--kill-after=5",
          "60",
          "make",
          "-f",
          "/workspace/generated/designs/axi_handshake/tb/.chia_sim/Makefile",
          "SIM=verilator",
          "TOPLEVEL_LANG=verilog",
          "TOPLEVEL=axi_handshake",
          "COCOTB_TOPLEVEL=axi_handshake",
          "MODULE=test_top",
          "COCOTB_TEST_MODULES=test_top",
          "VERILOG_SOURCES=/workspace/benchmarks/axi_handshake/axi_handshake.sv",
          "SIM_BUILD=/workspace/generated/designs/axi_handshake/tb/.chia_sim/build/a97906fcf629",
          "COCOTB_RESULTS_FILE=/workspace/generated/designs/axi_handshake/tb/.chia_sim/RandomStimulusTest.xml",
          "COCOTB_HDL_TIMEUNIT=1ns",
          "COCOTB_HDL_TIMEPRECISION=1ps",
          "BUILD_ARGS=-j 4"
        ],
        "test_name": "RandomStimulusTest",
        "test_module": "test_top",
        "results_file": "/workspace/generated/designs/axi_handshake/tb/.chia_sim/RandomStimulusTest.xml",
        "results_file_exists": true
      }
    }
  }
}

Diagnosing TB failure (attempt 1)...
[36m(simulate pid=9634)[0m Wrote /workspace/generated/designs/axi_handshake/results/tb_validation_iteration_0.json
[36m(_ToolServerActor pid=28167)[0m INFO:     Started server process [28167]
[36m(_ToolServerActor pid=28167)[0m INFO:     Waiting for application startup.
[36m(_ToolServerActor pid=28167)[0m INFO:     Application startup complete.
[36m(_ToolServerActor pid=28167)[0m INFO:     Uvicorn running on http://172.16.36.107:8000 (Press CTRL+C to quit)
verification_improvement_workspace started at 172.16.36.107:8000 on node 5c1de07b5617802463723b50cbf7fef2241c39d050d52bc1bb56b37a
OpenCodeLLM is experimental: only exercised by unit tests so far, not validated in production.
[36m(_ToolServerActor pid=28167)[0m INFO:     172.16.36.107:36702 - "POST /verification_improvement_workspace/mcp HTTP/1.1" 200 OK
[36m(_ToolServerActor pid=28167)[0m INFO:     172.16.36.107:36702 - "POST /verification_improvement_workspace/mcp HTTP/1.1" 202 Accepted
[36m(_ToolServerActor pid=28167)[0m INFO:     172.16.36.107:36702 - "GET /verification_improvement_workspace/mcp HTTP/1.1" 200 OK
[36m(_ToolServerActor pid=28167)[0m INFO:     172.16.36.107:36710 - "POST /verification_improvement_workspace/mcp HTTP/1.1" 200 OK
[36m(_ToolServerActor pid=28167)[0m INFO:     Shutting down

⚠ Invalid TB update plan YAML:
Invalid YAML: while scanning an alias
  in "<unicode string>", line 3, column 1:
    **SIMULATION FAILURE** → All 11  ... 
    ^
expected alphabetic or numeric character, but found '*'
  in "<unicode string>", line 3, column 2:
    **SIMULATION FAILURE** → All 11 t ... 
     ^
TB diagnosis YAML repair attempt 1/2...
[36m(_ToolServerActor pid=28167)[0m INFO:     Waiting for application shutdown.
[36m(_ToolServerActor pid=28167)[0m INFO:     Application shutdown complete.
[36m(_ToolServerActor pid=28167)[0m INFO:     Finished server process [28167]

⚠ Invalid TB update plan YAML:
version must be "1.0".
TB diagnosis YAML repair attempt 2/2...

===== TB UPDATE PLAN =====
version: '1.0'
verdict: generation_bug
root_cause:
  category: compile
  summary: 'Generated test_top.py uses cocotb 1.x API conventions for with_timeout()
    and SimTimeoutError, but the environment runs cocotb 2.1.0 where the API signatures
    changed.

    '
  evidence: 'All 11 tests fail identically with runtime_error (returncode 2). test_top.py
    lines 130 and 135: with_timeout() called with timeout=watchdog_ns, units="ns"
    (wrong keyword args for cocotb 2.1.0 where positional args or timeout_time/timeout_unit
    should be used), and except cocotb.result.SimTimeoutError references an unimported
    submodule.

    '
changes:
- file: test_top.py
  action: modify
  reason: 'Fix cocotb 2.1.0 API incompatibility: correct with_timeout() call signature
    and add missing import for SimTimeoutError.

    '
  instructions:
  - 'Add at the top of the file alongside existing cocotb imports: from cocotb.result
    import SimTimeoutError

    '
  - "At line 130, change:\n  await cocotb.start(handle, timeout=watchdog_ns, units=\"\
    ns\")\nto use positional arguments compatible with cocotb 2.1.0, e.g.:\n  await\
    \ cocotb.start(handle, watchdog_ns, \"ns\")\n"
  - "At line 135, change:\n  except cocotb.result.SimTimeoutError:\nto:\n  except\
    \ SimTimeoutError:\n"
validation:
  tests:
  - test_top.py
  requirements:
  - build succeeds
  - no UVM_ERROR or UVM_FATAL
  - no reference-model mismatch


Repairing generated TB (attempt 1/5)...
[36m(_ToolServerActor pid=28228)[0m INFO:     Started server process [28228]
[36m(_ToolServerActor pid=28228)[0m INFO:     Waiting for application startup.
[36m(_ToolServerActor pid=28228)[0m INFO:     Application startup complete.
[36m(_ToolServerActor pid=28228)[0m INFO:     Uvicorn running on http://172.16.36.107:8000 (Press CTRL+C to quit)
verification_improvement_workspace started at 172.16.36.107:8000 on node 5c1de07b5617802463723b50cbf7fef2241c39d050d52bc1bb56b37a
OpenCodeLLM is experimental: only exercised by unit tests so far, not validated in production.
[36m(_ToolServerActor pid=28228)[0m INFO:     172.16.36.107:59686 - "POST /verification_improvement_workspace/mcp HTTP/1.1" 200 OK
[36m(_ToolServerActor pid=28228)[0m INFO:     172.16.36.107:59686 - "POST /verification_improvement_workspace/mcp HTTP/1.1" 202 Accepted
[36m(_ToolServerActor pid=28228)[0m INFO:     172.16.36.107:59686 - "GET /verification_improvement_workspace/mcp HTTP/1.1" 200 OK
[36m(_ToolServerActor pid=28228)[0m INFO:     172.16.36.107:59692 - "POST /verification_improvement_workspace/mcp HTTP/1.1" 200 OK
[36m(_ToolServerActor pid=28228)[0m INFO:     Shutting down
All three changes from the update plan have been correctly applied to `tb/test_top.py`:

1. **Added import** (line 27): `from cocotb.result import SimTimeoutError` — provides the exception class directly.
2. **Fixed `with_timeout()` call** (lines 131–135): Changed from keyword args `timeout=watchdog_ns, units="ns"` to positional args `watchdog_ns, "ns"` — compatible with cocotb 2.1.0's API signature.
3. **Fixed exception handler** (line 136): Changed `except cocotb.result.SimTimeoutError:` to `except SimTimeoutError:` — uses the directly imported name instead of referencing an unimported submodule path.

No other files were modified. The watchdog timeout logic, UVM test dispatch, ConfigDB population, reset sequence, and clock generation are all preserved unchanged.
[36m(_ToolServerActor pid=28228)[0m INFO:     Waiting for application shutdown.
[36m(_ToolServerActor pid=28228)[0m INFO:     Application shutdown complete.
[36m(_ToolServerActor pid=28228)[0m INFO:     Finished server process [28228]

===== TB SIMULATION ANALYSIS =====
{
  "verdict": "generation_bug",
  "detail": {
    "status": "functional_failure",
    "tests": {
      "SmokeAfterResetTest": {
        "status": "runtime_error",
        "category": "runtime_error",
        "timed_out": false,
        "watchdog_expired": false,
        "returncode": 2,
        "counts": {
          "uvm_errors": 0,
          "uvm_fatals": 0,
          "uvm_warnings": 0,
          "scoreboard_mismatches": 0,
          "assertion_failures": 0
        },
        "clean_exit": false,
        "log": "rm -f /workspace/generated/designs/axi_handshake/tb/.chia_sim/SmokeAfterResetTest.xml\nrm -f /workspace/generated/designs/axi_handshake/tb/.chia_sim/SmokeAfterResetTest.xml\nCOCOTB_TEST_MODULES=test_top COCOTB_TESTCASE=  COCOTB_TOPLEVEL=axi_handshake TOPLEVEL_LANG=verilog       \\\n         /workspace/generated/designs/axi_handshake/tb/.chia_sim/build/a97906fcf629/Vtop     \n     -.--ns INFO     gpi                                ../gpi/GpiCommon.cpp:242  in gpi_load_users                  Loaded entry library: '/home/ray/anaconda3/lib/libpython3.10.so.1.0'\n     -.--ns INFO     gpi                                ../gpi/GpiCommon.cpp:233  in gpi_load_users                  Running entry func 'initialize' from loaded library '/home/ray/anaconda3/lib/python3.10/site-packages/cocotb/simulator.cpython-310-x86_64-linux-gnu.so'\n     -.--ns INFO     pygpi                              ..ib/pygpi/embed.cpp:114  in initialize                      Using Python 3.10.19 interpreter at /home/ray/anaconda3/bin/python3\n     -.--ns INFO     gpi                                ../gpi/GpiCommon.cpp:74   in gpi_print_registered_impl       GPI: VPI support registered\n     0.00ns INFO     cocotb.initialize                  Seeding Python random module with 1789051765\n     0.00ns INFO     cocotb.initialize                  Initialized cocotb v2.1.0 from /home/ray/anaconda3/lib/python3.10/site-packages/cocotb\n     0.00ns INFO     cocotb.initialize                  Running on Verilator version 5.042 2025-11-02\n     0.00ns WARNING  py.warnings                        /workspace/generated/designs/axi_handshake/tb/test_top.py:27: DeprecationWarning: SimTimeoutError was moved from `cocotb.result` to `cocotb.triggers`.\n                                                          from cocotb.result import SimTimeoutError\n     0.00ns INFO     cocotb.regression                  Running tests\n     0.00ns INFO     cocotb.regression                  running test_top.run_axi_handshake_test (1/1)\n                                                            Single cocotb entry point for all UVM test classes.\n     0.00ns INFO     test                               Starting clock: period=10 ns, top_module=axi_handshake\n     0.00ns WARNING  py.warnings                        /workspace/generated/designs/axi_handshake/tb/test_top.py:86: DeprecationWarning: The 'units' argument has been renamed to 'unit'.\n                                                          clock = Clock(dut.clk, clock_period_ns, units=\"ns\")\n   100.00ns INFO     test                               Reset deasserted\n   100.00ns INFO     test                               ConfigDB populated: dut, dut_helper, clock_period=10, clk_name='clk', rst_name='rst_n', reset_polarity='active_low', ref_model=<module>\n   100.00ns INFO     test                               Launching UVM test: SmokeAfterResetTest\n   100.00ns INFO     .._handshake/tb/environment.py(67) [uvm_test_top.env]: AxiHandshakeEnv built\n   100.00ns WARNING  cocotb.regression                  test_top.run_axi_handshake_test failed\n                                                        Traceback (most recent call last):\n                                                          File \"/workspace/generated/designs/axi_handshake/tb/test_top.py\", line 131, in run_axi_handshake_test\n                                                            await cocotb.triggers.with_timeout(\n                                                          File \"/home/ray/anaconda3/lib/python3.10/site-packages/cocotb/_extended_awaitables.py\", line 356, in with_timeout\n                                                            i, res = await select(\n                                                          File \"/home/ray/anaconda3/lib/python3.10/site-packages/cocotb/_concurrent_waiters.py\", line 246, in select\n                                                            return idx, tasks[idx].result()\n                                                          File \"/home/ray/anaconda3/lib/python3.10/site-packages/cocotb/task.py\", line 660, in result\n                                                            raise cast(\"BaseException\", self._outcome)\n                                                          File \"/home/ray/anaconda3/lib/python3.10/site-packages/pyuvm/_s13_uvm_component.py\", line 529, in run_test\n                                                            root.running_phase.traverse(root.uvm_test_top)\n                                                          File \"/home/ray/anaconda3/lib/python3.10/site-packages/pyuvm/_s09_phasing.py\", line 65, in traverse\n                                                            cls.traverse(child)\n                                                          File \"/home/ray/anaconda3/lib/python3.10/site-packages/pyuvm/_s09_phasing.py\", line 65, in traverse\n                                                            cls.traverse(child)\n                                                          File \"/home/ray/anaconda3/lib/python3.10/site-packages/pyuvm/_s09_phasing.py\", line 63, in traverse\n                                                            cls.execute(comp)  # first we execute this node then its children\n                                                          File \"/home/ray/anaconda3/lib/python3.10/site-packages/pyuvm/_s09_phasing.py\", line 44, in execute\n                                                            method()\n                                                          File \"/workspace/generated/designs/axi_handshake/tb/scoreboard.py\", line 102, in build_phase\n                                                            self.dut = ConfigDB().get(None, \"\", \"dut\")\n                                                          File \"/home/ray/anaconda3/lib/python3.10/site-packages/pyuvm/_s13_uvm_component.py\", line 758, in get\n                                                            return self._not_found(f'\"{inst_name}\" is not in ConfigDB().', default)\n                                                          File \"/home/ray/anaconda3/lib/python3.10/site-packages/pyuvm/_s13_uvm_component.py\", line 801, in _not_found\n                                                            raise UVMConfigItemNotFound(msg)\n                                                        pyuvm.UVMConfigItemNotFound: \"\" is not in ConfigDB().\n   100.00ns INFO     cocotb.regression                  *****************************************************************************************\n                                                        ** TEST                             STATUS  SIM TIME (ns)  REAL TIME (s)  RATIO (ns/s) **\n                                                        *****************************************************************************************\n                                                        ** test_top.run_axi_handshake_test   FAIL         100.00           0.00      72255.33  **\n                                                        *****************************************************************************************\n                                                        ** TESTS=1 PASS=0 FAIL=1 SKIP=0                   100.00           0.00      52326.13  **\n                                                        *****************************************************************************************\n- :0: Verilog $finish\nmake: *** [/home/ray/anaconda3/lib/python3.10/site-packages/cocotb_tools/makefiles/simulators/Makefile.verilator:74: /workspace/generated/designs/axi_handshake/tb/.chia_sim/SmokeAfterResetTest.xml] Error 1\n",
        "command": [
          "timeout",
          "--signal=TERM",
          "--kill-after=5",
          "60",
          "make",
          "-f",
          "/workspace/generated/designs/axi_handshake/tb/.chia_sim/Makefile",
          "SIM=verilator",
          "TOPLEVEL_LANG=verilog",
          "TOPLEVEL=axi_handshake",
          "COCOTB_TOPLEVEL=axi_handshake",
          "MODULE=test_top",
          "COCOTB_TEST_MODULES=test_top",
          "VERILOG_SOURCES=/workspace/benchmarks/axi_handshake/axi_handshake.sv",
          "SIM_BUILD=/workspace/generated/designs/axi_handshake/tb/.chia_sim/build/a97906fcf629",
          "COCOTB_RESULTS_FILE=/workspace/generated/designs/axi_handshake/tb/.chia_sim/SmokeAfterResetTest.xml",
          "COCOTB_HDL_TIMEUNIT=1ns",
          "COCOTB_HDL_TIMEPRECISION=1ps",
          "BUILD_ARGS=-j 4"
        ],
        "test_name": "SmokeAfterResetTest",
        "test_module": "test_top",
        "results_file": "/workspace/generated/designs/axi_handshake/tb/.chia_sim/SmokeAfterResetTest.xml",
        "results_file_exists": true
      },
      "StallHoldTest": {
        "status": "runtime_error",
        "category": "runtime_error",
        "timed_out": false,
        "watchdog_expired": false,
        "returncode": 2,
        "counts": {
          "uvm_errors": 0,
          "uvm_fatals": 0,
          "uvm_warnings": 0,
          "scoreboard_mismatches": 0,
          "assertion_failures": 0
        },
        "clean_exit": false,
        "log": "rm -f /workspace/generated/designs/axi_handshake/tb/.chia_sim/StallHoldTest.xml\nrm -f /workspace/generated/designs/axi_handshake/tb/.chia_sim/StallHoldTest.xml\nCOCOTB_TEST_MODULES=test_top COCOTB_TESTCASE=  COCOTB_TOPLEVEL=axi_handshake TOPLEVEL_LANG=verilog       \\\n         /workspace/generated/designs/axi_handshake/tb/.chia_sim/build/a97906fcf629/Vtop     \n     -.--ns INFO     gpi                                ../gpi/GpiCommon.cpp:242  in gpi_load_users                  Loaded entry library: '/home/ray/anaconda3/lib/libpython3.10.so.1.0'\n     -.--ns INFO     gpi                                ../gpi/GpiCommon.cpp:233  in gpi_load_users                  Running entry func 'initialize' from loaded library '/home/ray/anaconda3/lib/python3.10/site-packages/cocotb/simulator.cpython-310-x86_64-linux-gnu.so'\n     -.--ns INFO     pygpi                              ..ib/pygpi/embed.cpp:114  in initialize                      Using Python 3.10.19 interpreter at /home/ray/anaconda3/bin/python3\n     -.--ns INFO     gpi                                ../gpi/GpiCommon.cpp:74   in gpi_print_registered_impl       GPI: VPI support registered\n     0.00ns INFO     cocotb.initialize                  Seeding Python random module with 1789051766\n     0.00ns INFO     cocotb.initialize                  Initialized cocotb v2.1.0 from /home/ray/anaconda3/lib/python3.10/site-packages/cocotb\n     0.00ns INFO     cocotb.initialize                  Running on Verilator version 5.042 2025-11-02\n     0.00ns WARNING  py.warnings                        /workspace/generated/designs/axi_handshake/tb/test_top.py:27: DeprecationWarning: SimTimeoutError was moved from `cocotb.result` to `cocotb.triggers`.\n                                                          from cocotb.result import SimTimeoutError\n     0.00ns INFO     cocotb.regression                  Running tests\n     0.00ns INFO     cocotb.regression                  running test_top.run_axi_handshake_test (1/1)\n                                                            Single cocotb entry point for all UVM test classes.\n     0.00ns INFO     test                               Starting clock: period=10 ns, top_module=axi_handshake\n     0.00ns WARNING  py.warnings                        /workspace/generated/designs/axi_handshake/tb/test_top.py:86: DeprecationWarning: The 'units' argument has been renamed to 'unit'.\n                                                          clock = Clock(dut.clk, clock_period_ns, units=\"ns\")\n   100.00ns INFO     test                               Reset deasserted\n   100.00ns INFO     test                               ConfigDB populated: dut, dut_helper, clock_period=10, clk_name='clk', rst_name='rst_n', reset_polarity='active_low', ref_model=<module>\n   100.00ns INFO     test                               Launching UVM test: StallHoldTest\n   100.00ns INFO     .._handshake/tb/environment.py(67) [uvm_test_top.env]: AxiHandshakeEnv built\n   100.00ns WARNING  cocotb.regression                  test_top.run_axi_handshake_test failed\n                                                        Traceback (most recent call last):\n                                                          File \"/workspace/generated/designs/axi_handshake/tb/test_top.py\", line 131, in run_axi_handshake_test\n                                                            await cocotb.triggers.with_timeout(\n                                                          File \"/home/ray/anaconda3/lib/python3.10/site-packages/cocotb/_extended_awaitables.py\", line 356, in with_timeout\n                                                            i, res = await select(\n                                                          File \"/home/ray/anaconda3/lib/python3.10/site-packages/cocotb/_concurrent_waiters.py\", line 246, in select\n                                                            return idx, tasks[idx].result()\n                                                          File \"/home/ray/anaconda3/lib/python3.10/site-packages/cocotb/task.py\", line 660, in result\n                                                            raise cast(\"BaseException\", self._outcome)\n                                                          File \"/home/ray/anaconda3/lib/python3.10/site-packages/pyuvm/_s13_uvm_component.py\", line 529, in run_test\n                                                            root.running_phase.traverse(root.uvm_test_top)\n                                                          File \"/home/ray/anaconda3/lib/python3.10/site-packages/pyuvm/_s09_phasing.py\", line 65, in traverse\n                                                            cls.traverse(child)\n                                                          File \"/home/ray/anaconda3/lib/python3.10/site-packages/pyuvm/_s09_phasing.py\", line 65, in traverse\n                                                            cls.traverse(child)\n                                                          File \"/home/ray/anaconda3/lib/python3.10/site-packages/pyuvm/_s09_phasing.py\", line 63, in traverse\n                                                            cls.execute(comp)  # first we execute this node then its children\n                                                          File \"/home/ray/anaconda3/lib/python3.10/site-packages/pyuvm/_s09_phasing.py\", line 44, in execute\n                                                            method()\n                                                          File \"/workspace/generated/designs/axi_handshake/tb/scoreboard.py\", line 102, in build_phase\n                                                            self.dut = ConfigDB().get(None, \"\", \"dut\")\n                                                          File \"/home/ray/anaconda3/lib/python3.10/site-packages/pyuvm/_s13_uvm_component.py\", line 758, in get\n                                                            return self._not_found(f'\"{inst_name}\" is not in ConfigDB().', default)\n                                                          File \"/home/ray/anaconda3/lib/python3.10/site-packages/pyuvm/_s13_uvm_component.py\", line 801, in _not_found\n                                                            raise UVMConfigItemNotFound(msg)\n                                                        pyuvm.UVMConfigItemNotFound: \"\" is not in ConfigDB().\n   100.00ns INFO     cocotb.regression                  *****************************************************************************************\n                                                        ** TEST                             STATUS  SIM TIME (ns)  REAL TIME (s)  RATIO (ns/s) **\n                                                        *****************************************************************************************\n                                                        ** test_top.run_axi_handshake_test   FAIL         100.00           0.00      70806.59  **\n                                                        *****************************************************************************************\n                                                        ** TESTS=1 PASS=0 FAIL=1 SKIP=0                   100.00           0.00      52281.73  **\n                                                        *****************************************************************************************\n- :0: Verilog $finish\nmake: *** [/home/ray/anaconda3/lib/python3.10/site-packages/cocotb_tools/makefiles/simulators/Makefile.verilator:74: /workspace/generated/designs/axi_handshake/tb/.chia_sim/StallHoldTest.xml] Error 1\n",
        "command": [
          "timeout",
          "--signal=TERM",
          "--kill-after=5",
          "60",
          "make",
          "-f",
          "/workspace/generated/designs/axi_handshake/tb/.chia_sim/Makefile",
          "SIM=verilator",
          "TOPLEVEL_LANG=verilog",
          "TOPLEVEL=axi_handshake",
          "COCOTB_TOPLEVEL=axi_handshake",
          "MODULE=test_top",
          "COCOTB_TEST_MODULES=test_top",
          "VERILOG_SOURCES=/workspace/benchmarks/axi_handshake/axi_handshake.sv",
          "SIM_BUILD=/workspace/generated/designs/axi_handshake/tb/.chia_sim/build/a97906fcf629",
          "COCOTB_RESULTS_FILE=/workspace/generated/designs/axi_handshake/tb/.chia_sim/StallHoldTest.xml",
          "COCOTB_HDL_TIMEUNIT=1ns",
          "COCOTB_HDL_TIMEPRECISION=1ps",
          "BUILD_ARGS=-j 4"
        ],
        "test_name": "StallHoldTest",
        "test_module": "test_top",
        "results_file": "/workspace/generated/designs/axi_handshake/tb/.chia_sim/StallHoldTest.xml",
        "results_file_exists": true
      },
      "SimultaneousTransferTest": {
        "status": "runtime_error",
        "category": "runtime_error",
        "timed_out": false,
        "watchdog_expired": false,
        "returncode": 2,
        "counts": {
          "uvm_errors": 0,
          "uvm_fatals": 0,
          "uvm_warnings": 0,
          "scoreboard_mismatches": 0,
          "assertion_failures": 0
        },
        "clean_exit": false,
        "log": "rm -f /workspace/generated/designs/axi_handshake/tb/.chia_sim/SimultaneousTransferTest.xml\nrm -f /workspace/generated/designs/axi_handshake/tb/.chia_sim/SimultaneousTransferTest.xml\nCOCOTB_TEST_MODULES=test_top COCOTB_TESTCASE=  COCOTB_TOPLEVEL=axi_handshake TOPLEVEL_LANG=verilog       \\\n         /workspace/generated/designs/axi_handshake/tb/.chia_sim/build/a97906fcf629/Vtop     \n     -.--ns INFO     gpi                                ../gpi/GpiCommon.cpp:242  in gpi_load_users                  Loaded entry library: '/home/ray/anaconda3/lib/libpython3.10.so.1.0'\n     -.--ns INFO     gpi                                ../gpi/GpiCommon.cpp:233  in gpi_load_users                  Running entry func 'initialize' from loaded library '/home/ray/anaconda3/lib/python3.10/site-packages/cocotb/simulator.cpython-310-x86_64-linux-gnu.so'\n     -.--ns INFO     pygpi                              ..ib/pygpi/embed.cpp:114  in initialize                      Using Python 3.10.19 interpreter at /home/ray/anaconda3/bin/python3\n     -.--ns INFO     gpi                                ../gpi/GpiCommon.cpp:74   in gpi_print_registered_impl       GPI: VPI support registered\n     0.00ns INFO     cocotb.initialize                  Seeding Python random module with 1789051766\n     0.00ns INFO     cocotb.initialize                  Initialized cocotb v2.1.0 from /home/ray/anaconda3/lib/python3.10/site-packages/cocotb\n     0.00ns INFO     cocotb.initialize                  Running on Verilator version 5.042 2025-11-02\n     0.00ns WARNING  py.warnings                        /workspace/generated/designs/axi_handshake/tb/test_top.py:27: DeprecationWarning: SimTimeoutError was moved from `cocotb.result` to `cocotb.triggers`.\n                                                          from cocotb.result import SimTimeoutError\n     0.00ns INFO     cocotb.regression                  Running tests\n     0.00ns INFO     cocotb.regression                  running test_top.run_axi_handshake_test (1/1)\n                                                            Single cocotb entry point for all UVM test classes.\n     0.00ns INFO     test                               Starting clock: period=10 ns, top_module=axi_handshake\n     0.00ns WARNING  py.warnings                        /workspace/generated/designs/axi_handshake/tb/test_top.py:86: DeprecationWarning: The 'units' argument has been renamed to 'unit'.\n                                                          clock = Clock(dut.clk, clock_period_ns, units=\"ns\")\n   100.00ns INFO     test                               Reset deasserted\n   100.00ns INFO     test                               ConfigDB populated: dut, dut_helper, clock_period=10, clk_name='clk', rst_name='rst_n', reset_polarity='active_low', ref_model=<module>\n   100.00ns INFO     test                               Launching UVM test: SimultaneousTransferTest\n   100.00ns INFO     .._handshake/tb/environment.py(67) [uvm_test_top.env]: AxiHandshakeEnv built\n   100.00ns WARNING  cocotb.regression                  test_top.run_axi_handshake_test failed\n                                                        Traceback (most recent call last):\n                                                          File \"/workspace/generated/designs/axi_handshake/tb/test_top.py\", line 131, in run_axi_handshake_test\n                                                            await cocotb.triggers.with_timeout(\n                                                          File \"/home/ray/anaconda3/lib/python3.10/site-packages/cocotb/_extended_awaitables.py\", line 356, in with_timeout\n                                                            i, res = await select(\n                                                          File \"/home/ray/anaconda3/lib/python3.10/site-packages/cocotb/_concurrent_waiters.py\", line 246, in select\n                                                            return idx, tasks[idx].result()\n                                                          File \"/home/ray/anaconda3/lib/python3.10/site-packages/cocotb/task.py\", line 660, in result\n                                                            raise cast(\"BaseException\", self._outcome)\n                                                          File \"/home/ray/anaconda3/lib/python3.10/site-packages/pyuvm/_s13_uvm_component.py\", line 529, in run_test\n                                                            root.running_phase.traverse(root.uvm_test_top)\n                                                          File \"/home/ray/anaconda3/lib/python3.10/site-packages/pyuvm/_s09_phasing.py\", line 65, in traverse\n                                                            cls.traverse(child)\n                                                          File \"/home/ray/anaconda3/lib/python3.10/site-packages/pyuvm/_s09_phasing.py\", line 65, in traverse\n                                                            cls.traverse(child)\n                                                          File \"/home/ray/anaconda3/lib/python3.10/site-packages/pyuvm/_s09_phasing.py\", line 63, in traverse\n                                                            cls.execute(comp)  # first we execute this node then its children\n                                                          File \"/home/ray/anaconda3/lib/python3.10/site-packages/pyuvm/_s09_phasing.py\", line 44, in execute\n                                                            method()\n                                                          File \"/workspace/generated/designs/axi_handshake/tb/scoreboard.py\", line 102, in build_phase\n                                                            self.dut = ConfigDB().get(None, \"\", \"dut\")\n                                                          File \"/home/ray/anaconda3/lib/python3.10/site-packages/pyuvm/_s13_uvm_component.py\", line 758, in get\n                                                            return self._not_found(f'\"{inst_name}\" is not in ConfigDB().', default)\n                                                          File \"/home/ray/anaconda3/lib/python3.10/site-packages/pyuvm/_s13_uvm_component.py\", line 801, in _not_found\n                                                            raise UVMConfigItemNotFound(msg)\n                                                        pyuvm.UVMConfigItemNotFound: \"\" is not in ConfigDB().\n   100.00ns INFO     cocotb.regression                  *****************************************************************************************\n                                                        ** TEST                             STATUS  SIM TIME (ns)  REAL TIME (s)  RATIO (ns/s) **\n                                                        *****************************************************************************************\n                                                        ** test_top.run_axi_handshake_test   FAIL         100.00           0.00      72622.80  **\n                                                        *****************************************************************************************\n                                                        ** TESTS=1 PASS=0 FAIL=1 SKIP=0                   100.00           0.00      53232.32  **\n                                                        *****************************************************************************************\n- :0: Verilog $finish\nmake: *** [/home/ray/anaconda3/lib/python3.10/site-packages/cocotb_tools/makefiles/simulators/Makefile.verilator:74: /workspace/generated/designs/axi_handshake/tb/.chia_sim/SimultaneousTransferTest.xml] Error 1\n",
        "command": [
          "timeout",
          "--signal=TERM",
          "--kill-after=5",
          "60",
          "make",
          "-f",
          "/workspace/generated/designs/axi_handshake/tb/.chia_sim/Makefile",
          "SIM=verilator",
          "TOPLEVEL_LANG=verilog",
          "TOPLEVEL=axi_handshake",
          "COCOTB_TOPLEVEL=axi_handshake",
          "MODULE=test_top",
          "COCOTB_TEST_MODULES=test_top",
          "VERILOG_SOURCES=/workspace/benchmarks/axi_handshake/axi_handshake.sv",
          "SIM_BUILD=/workspace/generated/designs/axi_handshake/tb/.chia_sim/build/a97906fcf629",
          "COCOTB_RESULTS_FILE=/workspace/generated/designs/axi_handshake/tb/.chia_sim/SimultaneousTransferTest.xml",
          "COCOTB_HDL_TIMEUNIT=1ns",
          "COCOTB_HDL_TIMEPRECISION=1ps",
          "BUILD_ARGS=-j 4"
        ],
        "test_name": "SimultaneousTransferTest",
        "test_module": "test_top",
        "results_file": "/workspace/generated/designs/axi_handshake/tb/.chia_sim/SimultaneousTransferTest.xml",
        "results_file_exists": true
      },
      "SequentialLoadsTest": {
        "status": "runtime_error",
        "category": "runtime_error",
        "timed_out": false,
        "watchdog_expired": false,
        "returncode": 2,
        "counts": {
          "uvm_errors": 0,
          "uvm_fatals": 0,
          "uvm_warnings": 0,
          "scoreboard_mismatches": 0,
          "assertion_failures": 0
        },
        "clean_exit": false,
        "log": "rm -f /workspace/generated/designs/axi_handshake/tb/.chia_sim/SequentialLoadsTest.xml\nrm -f /workspace/generated/designs/axi_handshake/tb/.chia_sim/SequentialLoadsTest.xml\nCOCOTB_TEST_MODULES=test_top COCOTB_TESTCASE=  COCOTB_TOPLEVEL=axi_handshake TOPLEVEL_LANG=verilog       \\\n         /workspace/generated/designs/axi_handshake/tb/.chia_sim/build/a97906fcf629/Vtop     \n     -.--ns INFO     gpi                                ../gpi/GpiCommon.cpp:242  in gpi_load_users                  Loaded entry library: '/home/ray/anaconda3/lib/libpython3.10.so.1.0'\n     -.--ns INFO     gpi                                ../gpi/GpiCommon.cpp:233  in gpi_load_users                  Running entry func 'initialize' from loaded library '/home/ray/anaconda3/lib/python3.10/site-packages/cocotb/simulator.cpython-310-x86_64-linux-gnu.so'\n     -.--ns INFO     pygpi                              ..ib/pygpi/embed.cpp:114  in initialize                      Using Python 3.10.19 interpreter at /home/ray/anaconda3/bin/python3\n     -.--ns INFO     gpi                                ../gpi/GpiCommon.cpp:74   in gpi_print_registered_impl       GPI: VPI support registered\n     0.00ns INFO     cocotb.initialize                  Seeding Python random module with 1789051767\n     0.00ns INFO     cocotb.initialize                  Initialized cocotb v2.1.0 from /home/ray/anaconda3/lib/python3.10/site-packages/cocotb\n     0.00ns INFO     cocotb.initialize                  Running on Verilator version 5.042 2025-11-02\n     0.00ns WARNING  py.warnings                        /workspace/generated/designs/axi_handshake/tb/test_top.py:27: DeprecationWarning: SimTimeoutError was moved from `cocotb.result` to `cocotb.triggers`.\n                                                          from cocotb.result import SimTimeoutError\n     0.00ns INFO     cocotb.regression                  Running tests\n     0.00ns INFO     cocotb.regression                  running test_top.run_axi_handshake_test (1/1)\n                                                            Single cocotb entry point for all UVM test classes.\n     0.00ns INFO     test                               Starting clock: period=10 ns, top_module=axi_handshake\n     0.00ns WARNING  py.warnings                        /workspace/generated/designs/axi_handshake/tb/test_top.py:86: DeprecationWarning: The 'units' argument has been renamed to 'unit'.\n                                                          clock = Clock(dut.clk, clock_period_ns, units=\"ns\")\n   100.00ns INFO     test                               Reset deasserted\n   100.00ns INFO     test                               ConfigDB populated: dut, dut_helper, clock_period=10, clk_name='clk', rst_name='rst_n', reset_polarity='active_low', ref_model=<module>\n   100.00ns INFO     test                               Launching UVM test: SequentialLoadsTest\n   100.00ns INFO     .._handshake/tb/environment.py(67) [uvm_test_top.env]: AxiHandshakeEnv built\n   100.00ns WARNING  cocotb.regression                  test_top.run_axi_handshake_test failed\n                                                        Traceback (most recent call last):\n                                                          File \"/workspace/generated/designs/axi_handshake/tb/test_top.py\", line 131, in run_axi_handshake_test\n                                                            await cocotb.triggers.with_timeout(\n                                                          File \"/home/ray/anaconda3/lib/python3.10/site-packages/cocotb/_extended_awaitables.py\", line 356, in with_timeout\n                                                            i, res = await select(\n                                                          File \"/home/ray/anaconda3/lib/python3.10/site-packages/cocotb/_concurrent_waiters.py\", line 246, in select\n                                                            return idx, tasks[idx].result()\n                                                          File \"/home/ray/anaconda3/lib/python3.10/site-packages/cocotb/task.py\", line 660, in result\n                                                            raise cast(\"BaseException\", self._outcome)\n                                                          File \"/home/ray/anaconda3/lib/python3.10/site-packages/pyuvm/_s13_uvm_component.py\", line 529, in run_test\n                                                            root.running_phase.traverse(root.uvm_test_top)\n                                                          File \"/home/ray/anaconda3/lib/python3.10/site-packages/pyuvm/_s09_phasing.py\", line 65, in traverse\n                                                            cls.traverse(child)\n                                                          File \"/home/ray/anaconda3/lib/python3.10/site-packages/pyuvm/_s09_phasing.py\", line 65, in traverse\n                                                            cls.traverse(child)\n                                                          File \"/home/ray/anaconda3/lib/python3.10/site-packages/pyuvm/_s09_phasing.py\", line 63, in traverse\n                                                            cls.execute(comp)  # first we execute this node then its children\n                                                          File \"/home/ray/anaconda3/lib/python3.10/site-packages/pyuvm/_s09_phasing.py\", line 44, in execute\n                                                            method()\n                                                          File \"/workspace/generated/designs/axi_handshake/tb/scoreboard.py\", line 102, in build_phase\n                                                            self.dut = ConfigDB().get(None, \"\", \"dut\")\n                                                          File \"/home/ray/anaconda3/lib/python3.10/site-packages/pyuvm/_s13_uvm_component.py\", line 758, in get\n                                                            return self._not_found(f'\"{inst_name}\" is not in ConfigDB().', default)\n                                                          File \"/home/ray/anaconda3/lib/python3.10/site-packages/pyuvm/_s13_uvm_component.py\", line 801, in _not_found\n                                                            raise UVMConfigItemNotFound(msg)\n                                                        pyuvm.UVMConfigItemNotFound: \"\" is not in ConfigDB().\n   100.00ns INFO     cocotb.regression                  *****************************************************************************************\n                                                        ** TEST                             STATUS  SIM TIME (ns)  REAL TIME (s)  RATIO (ns/s) **\n                                                        *****************************************************************************************\n                                                        ** test_top.run_axi_handshake_test   FAIL         100.00           0.00      71076.54  **\n                                                        *****************************************************************************************\n                                                        ** TESTS=1 PASS=0 FAIL=1 SKIP=0                   100.00           0.00      50101.03  **\n                                                        *****************************************************************************************\n- :0: Verilog $finish\nmake: *** [/home/ray/anaconda3/lib/python3.10/site-packages/cocotb_tools/makefiles/simulators/Makefile.verilator:74: /workspace/generated/designs/axi_handshake/tb/.chia_sim/SequentialLoadsTest.xml] Error 1\n",
        "command": [
          "timeout",
          "--signal=TERM",
          "--kill-after=5",
          "60",
          "make",
          "-f",
          "/workspace/generated/designs/axi_handshake/tb/.chia_sim/Makefile",
          "SIM=verilator",
          "TOPLEVEL_LANG=verilog",
          "TOPLEVEL=axi_handshake",
          "COCOTB_TOPLEVEL=axi_handshake",
          "MODULE=test_top",
          "COCOTB_TEST_MODULES=test_top",
          "VERILOG_SOURCES=/workspace/benchmarks/axi_handshake/axi_handshake.sv",
          "SIM_BUILD=/workspace/generated/designs/axi_handshake/tb/.chia_sim/build/a97906fcf629",
          "COCOTB_RESULTS_FILE=/workspace/generated/designs/axi_handshake/tb/.chia_sim/SequentialLoadsTest.xml",
          "COCOTB_HDL_TIMEUNIT=1ns",
          "COCOTB_HDL_TIMEPRECISION=1ps",
          "BUILD_ARGS=-j 4"
        ],
        "test_name": "SequentialLoadsTest",
        "test_module": "test_top",
        "results_file": "/workspace/generated/designs/axi_handshake/tb/.chia_sim/SequentialLoadsTest.xml",
        "results_file_exists": true
      },
      "NoInputWhenStalledTest": {
        "status": "runtime_error",
        "category": "runtime_error",
        "timed_out": false,
        "watchdog_expired": false,
        "returncode": 2,
        "counts": {
          "uvm_errors": 0,
          "uvm_fatals": 0,
          "uvm_warnings": 0,
          "scoreboard_mismatches": 0,
          "assertion_failures": 0
        },
        "clean_exit": false,
        "log": "rm -f /workspace/generated/designs/axi_handshake/tb/.chia_sim/NoInputWhenStalledTest.xml\nrm -f /workspace/generated/designs/axi_handshake/tb/.chia_sim/NoInputWhenStalledTest.xml\nCOCOTB_TEST_MODULES=test_top COCOTB_TESTCASE=  COCOTB_TOPLEVEL=axi_handshake TOPLEVEL_LANG=verilog       \\\n         /workspace/generated/designs/axi_handshake/tb/.chia_sim/build/a97906fcf629/Vtop     \n     -.--ns INFO     gpi                                ../gpi/GpiCommon.cpp:242  in gpi_load_users                  Loaded entry library: '/home/ray/anaconda3/lib/libpython3.10.so.1.0'\n     -.--ns INFO     gpi                                ../gpi/GpiCommon.cpp:233  in gpi_load_users                  Running entry func 'initialize' from loaded library '/home/ray/anaconda3/lib/python3.10/site-packages/cocotb/simulator.cpython-310-x86_64-linux-gnu.so'\n     -.--ns INFO     pygpi                              ..ib/pygpi/embed.cpp:114  in initialize                      Using Python 3.10.19 interpreter at /home/ray/anaconda3/bin/python3\n     -.--ns INFO     gpi                                ../gpi/GpiCommon.cpp:74   in gpi_print_registered_impl       GPI: VPI support registered\n     0.00ns INFO     cocotb.initialize                  Seeding Python random module with 1789051767\n     0.00ns INFO     cocotb.initialize                  Initialized cocotb v2.1.0 from /home/ray/anaconda3/lib/python3.10/site-packages/cocotb\n     0.00ns INFO     cocotb.initialize                  Running on Verilator version 5.042 2025-11-02\n     0.00ns WARNING  py.warnings                        /workspace/generated/designs/axi_handshake/tb/test_top.py:27: DeprecationWarning: SimTimeoutError was moved from `cocotb.result` to `cocotb.triggers`.\n                                                          from cocotb.result import SimTimeoutError\n     0.00ns INFO     cocotb.regression                  Running tests\n     0.00ns INFO     cocotb.regression                  running test_top.run_axi_handshake_test (1/1)\n                                                            Single cocotb entry point for all UVM test classes.\n     0.00ns INFO     test                               Starting clock: period=10 ns, top_module=axi_handshake\n     0.00ns WARNING  py.warnings                        /workspace/generated/designs/axi_handshake/tb/test_top.py:86: DeprecationWarning: The 'units' argument has been renamed to 'unit'.\n                                                          clock = Clock(dut.clk, clock_period_ns, units=\"ns\")\n   100.00ns INFO     test                               Reset deasserted\n   100.00ns INFO     test                               ConfigDB populated: dut, dut_helper, clock_period=10, clk_name='clk', rst_name='rst_n', reset_polarity='active_low', ref_model=<module>\n   100.00ns INFO     test                               Launching UVM test: NoInputWhenStalledTest\n   100.00ns INFO     .._handshake/tb/environment.py(67) [uvm_test_top.env]: AxiHandshakeEnv built\n   100.00ns WARNING  cocotb.regression                  test_top.run_axi_handshake_test failed\n                                                        Traceback (most recent call last):\n                                                          File \"/workspace/generated/designs/axi_handshake/tb/test_top.py\", line 131, in run_axi_handshake_test\n                                                            await cocotb.triggers.with_timeout(\n                                                          File \"/home/ray/anaconda3/lib/python3.10/site-packages/cocotb/_extended_awaitables.py\", line 356, in with_timeout\n                                                            i, res = await select(\n                                                          File \"/home/ray/anaconda3/lib/python3.10/site-packages/cocotb/_concurrent_waiters.py\", line 246, in select\n                                                            return idx, tasks[idx].result()\n                                                          File \"/home/ray/anaconda3/lib/python3.10/site-packages/cocotb/task.py\", line 660, in result\n                                                            raise cast(\"BaseException\", self._outcome)\n                                                          File \"/home/ray/anaconda3/lib/python3.10/site-packages/pyuvm/_s13_uvm_component.py\", line 529, in run_test\n                                                            root.running_phase.traverse(root.uvm_test_top)\n                                                          File \"/home/ray/anaconda3/lib/python3.10/site-packages/pyuvm/_s09_phasing.py\", line 65, in traverse\n                                                            cls.traverse(child)\n                                                          File \"/home/ray/anaconda3/lib/python3.10/site-packages/pyuvm/_s09_phasing.py\", line 65, in traverse\n                                                            cls.traverse(child)\n                                                          File \"/home/ray/anaconda3/lib/python3.10/site-packages/pyuvm/_s09_phasing.py\", line 63, in traverse\n                                                            cls.execute(comp)  # first we execute this node then its children\n                                                          File \"/home/ray/anaconda3/lib/python3.10/site-packages/pyuvm/_s09_phasing.py\", line 44, in execute\n                                                            method()\n                                                          File \"/workspace/generated/designs/axi_handshake/tb/scoreboard.py\", line 102, in build_phase\n                                                            self.dut = ConfigDB().get(None, \"\", \"dut\")\n                                                          File \"/home/ray/anaconda3/lib/python3.10/site-packages/pyuvm/_s13_uvm_component.py\", line 758, in get\n                                                            return self._not_found(f'\"{inst_name}\" is not in ConfigDB().', default)\n                                                          File \"/home/ray/anaconda3/lib/python3.10/site-packages/pyuvm/_s13_uvm_component.py\", line 801, in _not_found\n                                                            raise UVMConfigItemNotFound(msg)\n                                                        pyuvm.UVMConfigItemNotFound: \"\" is not in ConfigDB().\n   100.00ns INFO     cocotb.regression                  *****************************************************************************************\n                                                        ** TEST                             STATUS  SIM TIME (ns)  REAL TIME (s)  RATIO (ns/s) **\n                                                        *****************************************************************************************\n                                                        ** test_top.run_axi_handshake_test   FAIL         100.00           0.00      72578.26  **\n                                                        *****************************************************************************************\n                                                        ** TESTS=1 PASS=0 FAIL=1 SKIP=0                   100.00           0.00      52948.49  **\n                                                        *****************************************************************************************\n- :0: Verilog $finish\nmake: *** [/home/ray/anaconda3/lib/python3.10/site-packages/cocotb_tools/makefiles/simulators/Makefile.verilator:74: /workspace/generated/designs/axi_handshake/tb/.chia_sim/NoInputWhenStalledTest.xml] Error 1\n",
        "command": [
          "timeout",
          "--signal=TERM",
          "--kill-after=5",
          "60",
          "make",
          "-f",
          "/workspace/generated/designs/axi_handshake/tb/.chia_sim/Makefile",
          "SIM=verilator",
          "TOPLEVEL_LANG=verilog",
          "TOPLEVEL=axi_handshake",
          "COCOTB_TOPLEVEL=axi_handshake",
          "MODULE=test_top",
          "COCOTB_TEST_MODULES=test_top",
          "VERILOG_SOURCES=/workspace/benchmarks/axi_handshake/axi_handshake.sv",
          "SIM_BUILD=/workspace/generated/designs/axi_handshake/tb/.chia_sim/build/a97906fcf629",
          "COCOTB_RESULTS_FILE=/workspace/generated/designs/axi_handshake/tb/.chia_sim/NoInputWhenStalledTest.xml",
          "COCOTB_HDL_TIMEUNIT=1ns",
          "COCOTB_HDL_TIMEPRECISION=1ps",
          "BUILD_ARGS=-j 4"
        ],
        "test_name": "NoInputWhenStalledTest",
        "test_module": "test_top",
        "results_file": "/workspace/generated/designs/axi_handshake/tb/.chia_sim/NoInputWhenStalledTest.xml",
        "results_file_exists": true
      },
      "ResetDuringTransferTest": {
        "status": "runtime_error",
        "category": "runtime_error",
        "timed_out": false,
        "watchdog_expired": false,
        "returncode": 2,
        "counts": {
          "uvm_errors": 0,
          "uvm_fatals": 0,
          "uvm_warnings": 0,
          "scoreboard_mismatches": 0,
          "assertion_failures": 0
        },
        "clean_exit": false,
        "log": "rm -f /workspace/generated/designs/axi_handshake/tb/.chia_sim/ResetDuringTransferTest.xml\nrm -f /workspace/generated/designs/axi_handshake/tb/.chia_sim/ResetDuringTransferTest.xml\nCOCOTB_TEST_MODULES=test_top COCOTB_TESTCASE=  COCOTB_TOPLEVEL=axi_handshake TOPLEVEL_LANG=verilog       \\\n         /workspace/generated/designs/axi_handshake/tb/.chia_sim/build/a97906fcf629/Vtop     \n     -.--ns INFO     gpi                                ../gpi/GpiCommon.cpp:242  in gpi_load_users                  Loaded entry library: '/home/ray/anaconda3/lib/libpython3.10.so.1.0'\n     -.--ns INFO     gpi                                ../gpi/GpiCommon.cpp:233  in gpi_load_users                  Running entry func 'initialize' from loaded library '/home/ray/anaconda3/lib/python3.10/site-packages/cocotb/simulator.cpython-310-x86_64-linux-gnu.so'\n     -.--ns INFO     pygpi                              ..ib/pygpi/embed.cpp:114  in initialize                      Using Python 3.10.19 interpreter at /home/ray/anaconda3/bin/python3\n     -.--ns INFO     gpi                                ../gpi/GpiCommon.cpp:74   in gpi_print_registered_impl       GPI: VPI support registered\n     0.00ns INFO     cocotb.initialize                  Seeding Python random module with 1789051768\n     0.00ns INFO     cocotb.initialize                  Initialized cocotb v2.1.0 from /home/ray/anaconda3/lib/python3.10/site-packages/cocotb\n     0.00ns INFO     cocotb.initialize                  Running on Verilator version 5.042 2025-11-02\n     0.00ns WARNING  py.warnings                        /workspace/generated/designs/axi_handshake/tb/test_top.py:27: DeprecationWarning: SimTimeoutError was moved from `cocotb.result` to `cocotb.triggers`.\n                                                          from cocotb.result import SimTimeoutError\n     0.00ns INFO     cocotb.regression                  Running tests\n     0.00ns INFO     cocotb.regression                  running test_top.run_axi_handshake_test (1/1)\n                                                            Single cocotb entry point for all UVM test classes.\n     0.00ns INFO     test                               Starting clock: period=10 ns, top_module=axi_handshake\n     0.00ns WARNING  py.warnings                        /workspace/generated/designs/axi_handshake/tb/test_top.py:86: DeprecationWarning: The 'units' argument has been renamed to 'unit'.\n                                                          clock = Clock(dut.clk, clock_period_ns, units=\"ns\")\n   100.00ns INFO     test                               Reset deasserted\n   100.00ns INFO     test                               ConfigDB populated: dut, dut_helper, clock_period=10, clk_name='clk', rst_name='rst_n', reset_polarity='active_low', ref_model=<module>\n   100.00ns INFO     test                               Launching UVM test: ResetDuringTransferTest\n   100.00ns INFO     .._handshake/tb/environment.py(67) [uvm_test_top.env]: AxiHandshakeEnv built\n   100.00ns WARNING  cocotb.regression                  test_top.run_axi_handshake_test failed\n                                                        Traceback (most recent call last):\n                                                          File \"/workspace/generated/designs/axi_handshake/tb/test_top.py\", line 131, in run_axi_handshake_test\n                                                            await cocotb.triggers.with_timeout(\n                                                          File \"/home/ray/anaconda3/lib/python3.10/site-packages/cocotb/_extended_awaitables.py\", line 356, in with_timeout\n                                                            i, res = await select(\n                                                          File \"/home/ray/anaconda3/lib/python3.10/site-packages/cocotb/_concurrent_waiters.py\", line 246, in select\n                                                            return idx, tasks[idx].result()\n                                                          File \"/home/ray/anaconda3/lib/python3.10/site-packages/cocotb/task.py\", line 660, in result\n                                                            raise cast(\"BaseException\", self._outcome)\n                                                          File \"/home/ray/anaconda3/lib/python3.10/site-packages/pyuvm/_s13_uvm_component.py\", line 529, in run_test\n                                                            root.running_phase.traverse(root.uvm_test_top)\n                                                          File \"/home/ray/anaconda3/lib/python3.10/site-packages/pyuvm/_s09_phasing.py\", line 65, in traverse\n                                                            cls.traverse(child)\n                                                          File \"/home/ray/anaconda3/lib/python3.10/site-packages/pyuvm/_s09_phasing.py\", line 65, in traverse\n                                                            cls.traverse(child)\n                                                          File \"/home/ray/anaconda3/lib/python3.10/site-packages/pyuvm/_s09_phasing.py\", line 63, in traverse\n                                                            cls.execute(comp)  # first we execute this node then its children\n                                                          File \"/home/ray/anaconda3/lib/python3.10/site-packages/pyuvm/_s09_phasing.py\", line 44, in execute\n                                                            method()\n                                                          File \"/workspace/generated/designs/axi_handshake/tb/scoreboard.py\", line 102, in build_phase\n                                                            self.dut = ConfigDB().get(None, \"\", \"dut\")\n                                                          File \"/home/ray/anaconda3/lib/python3.10/site-packages/pyuvm/_s13_uvm_component.py\", line 758, in get\n                                                            return self._not_found(f'\"{inst_name}\" is not in ConfigDB().', default)\n                                                          File \"/home/ray/anaconda3/lib/python3.10/site-packages/pyuvm/_s13_uvm_component.py\", line 801, in _not_found\n                                                            raise UVMConfigItemNotFound(msg)\n                                                        pyuvm.UVMConfigItemNotFound: \"\" is not in ConfigDB().\n   100.00ns INFO     cocotb.regression                  *****************************************************************************************\n                                                        ** TEST                             STATUS  SIM TIME (ns)  REAL TIME (s)  RATIO (ns/s) **\n                                                        *****************************************************************************************\n                                                        ** test_top.run_axi_handshake_test   FAIL         100.00           0.00      66600.24  **\n                                                        *****************************************************************************************\n                                                        ** TESTS=1 PASS=0 FAIL=1 SKIP=0                   100.00           0.00      48334.77  **\n                                                        *****************************************************************************************\n- :0: Verilog $finish\nmake: *** [/home/ray/anaconda3/lib/python3.10/site-packages/cocotb_tools/makefiles/simulators/Makefile.verilator:74: /workspace/generated/designs/axi_handshake/tb/.chia_sim/ResetDuringTransferTest.xml] Error 1\n",
        "command": [
          "timeout",
          "--signal=TERM",
          "--kill-after=5",
          "60",
          "make",
          "-f",
          "/workspace/generated/designs/axi_handshake/tb/.chia_sim/Makefile",
          "SIM=verilator",
          "TOPLEVEL_LANG=verilog",
          "TOPLEVEL=axi_handshake",
          "COCOTB_TOPLEVEL=axi_handshake",
          "MODULE=test_top",
          "COCOTB_TEST_MODULES=test_top",
          "VERILOG_SOURCES=/workspace/benchmarks/axi_handshake/axi_handshake.sv",
          "SIM_BUILD=/workspace/generated/designs/axi_handshake/tb/.chia_sim/build/a97906fcf629",
          "COCOTB_RESULTS_FILE=/workspace/generated/designs/axi_handshake/tb/.chia_sim/ResetDuringTransferTest.xml",
          "COCOTB_HDL_TIMEUNIT=1ns",
          "COCOTB_HDL_TIMEPRECISION=1ps",
          "BUILD_ARGS=-j 4"
        ],
        "test_name": "ResetDuringTransferTest",
        "test_module": "test_top",
        "results_file": "/workspace/generated/designs/axi_handshake/tb/.chia_sim/ResetDuringTransferTest.xml",
        "results_file_exists": true
      },
      "BackToBackFullRateTest": {
        "status": "runtime_error",
        "category": "runtime_error",
        "timed_out": false,
        "watchdog_expired": false,
        "returncode": 2,
        "counts": {
          "uvm_errors": 0,
          "uvm_fatals": 0,
          "uvm_warnings": 0,
          "scoreboard_mismatches": 0,
          "assertion_failures": 0
        },
        "clean_exit": false,
        "log": "rm -f /workspace/generated/designs/axi_handshake/tb/.chia_sim/BackToBackFullRateTest.xml\nrm -f /workspace/generated/designs/axi_handshake/tb/.chia_sim/BackToBackFullRateTest.xml\nCOCOTB_TEST_MODULES=test_top COCOTB_TESTCASE=  COCOTB_TOPLEVEL=axi_handshake TOPLEVEL_LANG=verilog       \\\n         /workspace/generated/designs/axi_handshake/tb/.chia_sim/build/a97906fcf629/Vtop     \n     -.--ns INFO     gpi                                ../gpi/GpiCommon.cpp:242  in gpi_load_users                  Loaded entry library: '/home/ray/anaconda3/lib/libpython3.10.so.1.0'\n     -.--ns INFO     gpi                                ../gpi/GpiCommon.cpp:233  in gpi_load_users                  Running entry func 'initialize' from loaded library '/home/ray/anaconda3/lib/python3.10/site-packages/cocotb/simulator.cpython-310-x86_64-linux-gnu.so'\n     -.--ns INFO     pygpi                              ..ib/pygpi/embed.cpp:114  in initialize                      Using Python 3.10.19 interpreter at /home/ray/anaconda3/bin/python3\n     -.--ns INFO     gpi                                ../gpi/GpiCommon.cpp:74   in gpi_print_registered_impl       GPI: VPI support registered\n     0.00ns INFO     cocotb.initialize                  Seeding Python random module with 1789051768\n     0.00ns INFO     cocotb.initialize                  Initialized cocotb v2.1.0 from /home/ray/anaconda3/lib/python3.10/site-packages/cocotb\n     0.00ns INFO     cocotb.initialize                  Running on Verilator version 5.042 2025-11-02\n     0.00ns WARNING  py.warnings                        /workspace/generated/designs/axi_handshake/tb/test_top.py:27: DeprecationWarning: SimTimeoutError was moved from `cocotb.result` to `cocotb.triggers`.\n                                                          from cocotb.result import SimTimeoutError\n     0.00ns INFO     cocotb.regression                  Running tests\n     0.00ns INFO     cocotb.regression                  running test_top.run_axi_handshake_test (1/1)\n                                                            Single cocotb entry point for all UVM test classes.\n     0.00ns INFO     test                               Starting clock: period=10 ns, top_module=axi_handshake\n     0.00ns WARNING  py.warnings                        /workspace/generated/designs/axi_handshake/tb/test_top.py:86: DeprecationWarning: The 'units' argument has been renamed to 'unit'.\n                                                          clock = Clock(dut.clk, clock_period_ns, units=\"ns\")\n   100.00ns INFO     test                               Reset deasserted\n   100.00ns INFO     test                               ConfigDB populated: dut, dut_helper, clock_period=10, clk_name='clk', rst_name='rst_n', reset_polarity='active_low', ref_model=<module>\n   100.00ns INFO     test                               Launching UVM test: BackToBackFullRateTest\n   100.00ns INFO     .._handshake/tb/environment.py(67) [uvm_test_top.env]: AxiHandshakeEnv built\n   100.00ns WARNING  cocotb.regression                  test_top.run_axi_handshake_test failed\n                                                        Traceback (most recent call last):\n                                                          File \"/workspace/generated/designs/axi_handshake/tb/test_top.py\", line 131, in run_axi_handshake_test\n                                                            await cocotb.triggers.with_timeout(\n                                                          File \"/home/ray/anaconda3/lib/python3.10/site-packages/cocotb/_extended_awaitables.py\", line 356, in with_timeout\n                                                            i, res = await select(\n                                                          File \"/home/ray/anaconda3/lib/python3.10/site-packages/cocotb/_concurrent_waiters.py\", line 246, in select\n                                                            return idx, tasks[idx].result()\n                                                          File \"/home/ray/anaconda3/lib/python3.10/site-packages/cocotb/task.py\", line 660, in result\n                                                            raise cast(\"BaseException\", self._outcome)\n                                                          File \"/home/ray/anaconda3/lib/python3.10/site-packages/pyuvm/_s13_uvm_component.py\", line 529, in run_test\n                                                            root.running_phase.traverse(root.uvm_test_top)\n                                                          File \"/home/ray/anaconda3/lib/python3.10/site-packages/pyuvm/_s09_phasing.py\", line 65, in traverse\n                                                            cls.traverse(child)\n                                                          File \"/home/ray/anaconda3/lib/python3.10/site-packages/pyuvm/_s09_phasing.py\", line 65, in traverse\n                                                            cls.traverse(child)\n                                                          File \"/home/ray/anaconda3/lib/python3.10/site-packages/pyuvm/_s09_phasing.py\", line 63, in traverse\n                                                            cls.execute(comp)  # first we execute this node then its children\n                                                          File \"/home/ray/anaconda3/lib/python3.10/site-packages/pyuvm/_s09_phasing.py\", line 44, in execute\n                                                            method()\n                                                          File \"/workspace/generated/designs/axi_handshake/tb/scoreboard.py\", line 102, in build_phase\n                                                            self.dut = ConfigDB().get(None, \"\", \"dut\")\n                                                          File \"/home/ray/anaconda3/lib/python3.10/site-packages/pyuvm/_s13_uvm_component.py\", line 758, in get\n                                                            return self._not_found(f'\"{inst_name}\" is not in ConfigDB().', default)\n                                                          File \"/home/ray/anaconda3/lib/python3.10/site-packages/pyuvm/_s13_uvm_component.py\", line 801, in _not_found\n                                                            raise UVMConfigItemNotFound(msg)\n                                                        pyuvm.UVMConfigItemNotFound: \"\" is not in ConfigDB().\n   100.00ns INFO     cocotb.regression                  *****************************************************************************************\n                                                        ** TEST                             STATUS  SIM TIME (ns)  REAL TIME (s)  RATIO (ns/s) **\n                                                        *****************************************************************************************\n                                                        ** test_top.run_axi_handshake_test   FAIL         100.00           0.00      70575.61  **\n                                                        *****************************************************************************************\n                                                        ** TESTS=1 PASS=0 FAIL=1 SKIP=0                   100.00           0.00      51386.67  **\n                                                        *****************************************************************************************\n- :0: Verilog $finish\nmake: *** [/home/ray/anaconda3/lib/python3.10/site-packages/cocotb_tools/makefiles/simulators/Makefile.verilator:74: /workspace/generated/designs/axi_handshake/tb/.chia_sim/BackToBackFullRateTest.xml] Error 1\n",
        "command": [
          "timeout",
          "--signal=TERM",
          "--kill-after=5",
          "60",
          "make",
          "-f",
          "/workspace/generated/designs/axi_handshake/tb/.chia_sim/Makefile",
          "SIM=verilator",
          "TOPLEVEL_LANG=verilog",
          "TOPLEVEL=axi_handshake",
          "COCOTB_TOPLEVEL=axi_handshake",
          "MODULE=test_top",
          "COCOTB_TEST_MODULES=test_top",
          "VERILOG_SOURCES=/workspace/benchmarks/axi_handshake/axi_handshake.sv",
          "SIM_BUILD=/workspace/generated/designs/axi_handshake/tb/.chia_sim/build/a97906fcf629",
          "COCOTB_RESULTS_FILE=/workspace/generated/designs/axi_handshake/tb/.chia_sim/BackToBackFullRateTest.xml",
          "COCOTB_HDL_TIMEUNIT=1ns",
          "COCOTB_HDL_TIMEPRECISION=1ps",
          "BUILD_ARGS=-j 4"
        ],
        "test_name": "BackToBackFullRateTest",
        "test_module": "test_top",
        "results_file": "/workspace/generated/designs/axi_handshake/tb/.chia_sim/BackToBackFullRateTest.xml",
        "results_file_exists": true
      },
      "AllZeroPayloadTest": {
        "status": "runtime_error",
        "category": "runtime_error",
        "timed_out": false,
        "watchdog_expired": false,
        "returncode": 2,
        "counts": {
          "uvm_errors": 0,
          "uvm_fatals": 0,
          "uvm_warnings": 0,
          "scoreboard_mismatches": 0,
          "assertion_failures": 0
        },
        "clean_exit": false,
        "log": "rm -f /workspace/generated/designs/axi_handshake/tb/.chia_sim/AllZeroPayloadTest.xml\nrm -f /workspace/generated/designs/axi_handshake/tb/.chia_sim/AllZeroPayloadTest.xml\nCOCOTB_TEST_MODULES=test_top COCOTB_TESTCASE=  COCOTB_TOPLEVEL=axi_handshake TOPLEVEL_LANG=verilog       \\\n         /workspace/generated/designs/axi_handshake/tb/.chia_sim/build/a97906fcf629/Vtop     \n     -.--ns INFO     gpi                                ../gpi/GpiCommon.cpp:242  in gpi_load_users                  Loaded entry library: '/home/ray/anaconda3/lib/libpython3.10.so.1.0'\n     -.--ns INFO     gpi                                ../gpi/GpiCommon.cpp:233  in gpi_load_users                  Running entry func 'initialize' from loaded library '/home/ray/anaconda3/lib/python3.10/site-packages/cocotb/simulator.cpython-310-x86_64-linux-gnu.so'\n     -.--ns INFO     pygpi                              ..ib/pygpi/embed.cpp:114  in initialize                      Using Python 3.10.19 interpreter at /home/ray/anaconda3/bin/python3\n     -.--ns INFO     gpi                                ../gpi/GpiCommon.cpp:74   in gpi_print_registered_impl       GPI: VPI support registered\n     0.00ns INFO     cocotb.initialize                  Seeding Python random module with 1789051769\n     0.00ns INFO     cocotb.initialize                  Initialized cocotb v2.1.0 from /home/ray/anaconda3/lib/python3.10/site-packages/cocotb\n     0.00ns INFO     cocotb.initialize                  Running on Verilator version 5.042 2025-11-02\n     0.00ns WARNING  py.warnings                        /workspace/generated/designs/axi_handshake/tb/test_top.py:27: DeprecationWarning: SimTimeoutError was moved from `cocotb.result` to `cocotb.triggers`.\n                                                          from cocotb.result import SimTimeoutError\n     0.00ns INFO     cocotb.regression                  Running tests\n     0.00ns INFO     cocotb.regression                  running test_top.run_axi_handshake_test (1/1)\n                                                            Single cocotb entry point for all UVM test classes.\n     0.00ns INFO     test                               Starting clock: period=10 ns, top_module=axi_handshake\n     0.00ns WARNING  py.warnings                        /workspace/generated/designs/axi_handshake/tb/test_top.py:86: DeprecationWarning: The 'units' argument has been renamed to 'unit'.\n                                                          clock = Clock(dut.clk, clock_period_ns, units=\"ns\")\n   100.00ns INFO     test                               Reset deasserted\n   100.00ns INFO     test                               ConfigDB populated: dut, dut_helper, clock_period=10, clk_name='clk', rst_name='rst_n', reset_polarity='active_low', ref_model=<module>\n   100.00ns INFO     test                               Launching UVM test: AllZeroPayloadTest\n   100.00ns INFO     .._handshake/tb/environment.py(67) [uvm_test_top.env]: AxiHandshakeEnv built\n   100.00ns WARNING  cocotb.regression                  test_top.run_axi_handshake_test failed\n                                                        Traceback (most recent call last):\n                                                          File \"/workspace/generated/designs/axi_handshake/tb/test_top.py\", line 131, in run_axi_handshake_test\n                                                            await cocotb.triggers.with_timeout(\n                                                          File \"/home/ray/anaconda3/lib/python3.10/site-packages/cocotb/_extended_awaitables.py\", line 356, in with_timeout\n                                                            i, res = await select(\n                                                          File \"/home/ray/anaconda3/lib/python3.10/site-packages/cocotb/_concurrent_waiters.py\", line 246, in select\n                                                            return idx, tasks[idx].result()\n                                                          File \"/home/ray/anaconda3/lib/python3.10/site-packages/cocotb/task.py\", line 660, in result\n                                                            raise cast(\"BaseException\", self._outcome)\n                                                          File \"/home/ray/anaconda3/lib/python3.10/site-packages/pyuvm/_s13_uvm_component.py\", line 529, in run_test\n                                                            root.running_phase.traverse(root.uvm_test_top)\n                                                          File \"/home/ray/anaconda3/lib/python3.10/site-packages/pyuvm/_s09_phasing.py\", line 65, in traverse\n                                                            cls.traverse(child)\n                                                          File \"/home/ray/anaconda3/lib/python3.10/site-packages/pyuvm/_s09_phasing.py\", line 65, in traverse\n                                                            cls.traverse(child)\n                                                          File \"/home/ray/anaconda3/lib/python3.10/site-packages/pyuvm/_s09_phasing.py\", line 63, in traverse\n                                                            cls.execute(comp)  # first we execute this node then its children\n                                                          File \"/home/ray/anaconda3/lib/python3.10/site-packages/pyuvm/_s09_phasing.py\", line 44, in execute\n                                                            method()\n                                                          File \"/workspace/generated/designs/axi_handshake/tb/scoreboard.py\", line 102, in build_phase\n                                                            self.dut = ConfigDB().get(None, \"\", \"dut\")\n                                                          File \"/home/ray/anaconda3/lib/python3.10/site-packages/pyuvm/_s13_uvm_component.py\", line 758, in get\n                                                            return self._not_found(f'\"{inst_name}\" is not in ConfigDB().', default)\n                                                          File \"/home/ray/anaconda3/lib/python3.10/site-packages/pyuvm/_s13_uvm_component.py\", line 801, in _not_found\n                                                            raise UVMConfigItemNotFound(msg)\n                                                        pyuvm.UVMConfigItemNotFound: \"\" is not in ConfigDB().\n   100.00ns INFO     cocotb.regression                  *****************************************************************************************\n                                                        ** TEST                             STATUS  SIM TIME (ns)  REAL TIME (s)  RATIO (ns/s) **\n                                                        *****************************************************************************************\n                                                        ** test_top.run_axi_handshake_test   FAIL         100.00           0.00      68277.70  **\n                                                        *****************************************************************************************\n                                                        ** TESTS=1 PASS=0 FAIL=1 SKIP=0                   100.00           0.00      48910.85  **\n                                                        *****************************************************************************************\n- :0: Verilog $finish\nmake: *** [/home/ray/anaconda3/lib/python3.10/site-packages/cocotb_tools/makefiles/simulators/Makefile.verilator:74: /workspace/generated/designs/axi_handshake/tb/.chia_sim/AllZeroPayloadTest.xml] Error 1\n",
        "command": [
          "timeout",
          "--signal=TERM",
          "--kill-after=5",
          "60",
          "make",
          "-f",
          "/workspace/generated/designs/axi_handshake/tb/.chia_sim/Makefile",
          "SIM=verilator",
          "TOPLEVEL_LANG=verilog",
          "TOPLEVEL=axi_handshake",
          "COCOTB_TOPLEVEL=axi_handshake",
          "MODULE=test_top",
          "COCOTB_TEST_MODULES=test_top",
          "VERILOG_SOURCES=/workspace/benchmarks/axi_handshake/axi_handshake.sv",
          "SIM_BUILD=/workspace/generated/designs/axi_handshake/tb/.chia_sim/build/a97906fcf629",
          "COCOTB_RESULTS_FILE=/workspace/generated/designs/axi_handshake/tb/.chia_sim/AllZeroPayloadTest.xml",
          "COCOTB_HDL_TIMEUNIT=1ns",
          "COCOTB_HDL_TIMEPRECISION=1ps",
          "BUILD_ARGS=-j 4"
        ],
        "test_name": "AllZeroPayloadTest",
        "test_module": "test_top",
        "results_file": "/workspace/generated/designs/axi_handshake/tb/.chia_sim/AllZeroPayloadTest.xml",
        "results_file_exists": true
      },
      "AllOnePayloadTest": {
        "status": "runtime_error",
        "category": "runtime_error",
        "timed_out": false,
        "watchdog_expired": false,
        "returncode": 2,
        "counts": {
          "uvm_errors": 0,
          "uvm_fatals": 0,
          "uvm_warnings": 0,
          "scoreboard_mismatches": 0,
          "assertion_failures": 0
        },
        "clean_exit": false,
        "log": "rm -f /workspace/generated/designs/axi_handshake/tb/.chia_sim/AllOnePayloadTest.xml\nrm -f /workspace/generated/designs/axi_handshake/tb/.chia_sim/AllOnePayloadTest.xml\nCOCOTB_TEST_MODULES=test_top COCOTB_TESTCASE=  COCOTB_TOPLEVEL=axi_handshake TOPLEVEL_LANG=verilog       \\\n         /workspace/generated/designs/axi_handshake/tb/.chia_sim/build/a97906fcf629/Vtop     \n     -.--ns INFO     gpi                                ../gpi/GpiCommon.cpp:242  in gpi_load_users                  Loaded entry library: '/home/ray/anaconda3/lib/libpython3.10.so.1.0'\n     -.--ns INFO     gpi                                ../gpi/GpiCommon.cpp:233  in gpi_load_users                  Running entry func 'initialize' from loaded library '/home/ray/anaconda3/lib/python3.10/site-packages/cocotb/simulator.cpython-310-x86_64-linux-gnu.so'\n     -.--ns INFO     pygpi                              ..ib/pygpi/embed.cpp:114  in initialize                      Using Python 3.10.19 interpreter at /home/ray/anaconda3/bin/python3\n     -.--ns INFO     gpi                                ../gpi/GpiCommon.cpp:74   in gpi_print_registered_impl       GPI: VPI support registered\n     0.00ns INFO     cocotb.initialize                  Seeding Python random module with 1789051769\n     0.00ns INFO     cocotb.initialize                  Initialized cocotb v2.1.0 from /home/ray/anaconda3/lib/python3.10/site-packages/cocotb\n     0.00ns INFO     cocotb.initialize                  Running on Verilator version 5.042 2025-11-02\n     0.00ns WARNING  py.warnings                        /workspace/generated/designs/axi_handshake/tb/test_top.py:27: DeprecationWarning: SimTimeoutError was moved from `cocotb.result` to `cocotb.triggers`.\n                                                          from cocotb.result import SimTimeoutError\n     0.00ns INFO     cocotb.regression                  Running tests\n     0.00ns INFO     cocotb.regression                  running test_top.run_axi_handshake_test (1/1)\n                                                            Single cocotb entry point for all UVM test classes.\n     0.00ns INFO     test                               Starting clock: period=10 ns, top_module=axi_handshake\n     0.00ns WARNING  py.warnings                        /workspace/generated/designs/axi_handshake/tb/test_top.py:86: DeprecationWarning: The 'units' argument has been renamed to 'unit'.\n                                                          clock = Clock(dut.clk, clock_period_ns, units=\"ns\")\n   100.00ns INFO     test                               Reset deasserted\n   100.00ns INFO     test                               ConfigDB populated: dut, dut_helper, clock_period=10, clk_name='clk', rst_name='rst_n', reset_polarity='active_low', ref_model=<module>\n   100.00ns INFO     test                               Launching UVM test: AllOnePayloadTest\n   100.00ns INFO     .._handshake/tb/environment.py(67) [uvm_test_top.env]: AxiHandshakeEnv built\n   100.00ns WARNING  cocotb.regression                  test_top.run_axi_handshake_test failed\n                                                        Traceback (most recent call last):\n                                                          File \"/workspace/generated/designs/axi_handshake/tb/test_top.py\", line 131, in run_axi_handshake_test\n                                                            await cocotb.triggers.with_timeout(\n                                                          File \"/home/ray/anaconda3/lib/python3.10/site-packages/cocotb/_extended_awaitables.py\", line 356, in with_timeout\n                                                            i, res = await select(\n                                                          File \"/home/ray/anaconda3/lib/python3.10/site-packages/cocotb/_concurrent_waiters.py\", line 246, in select\n                                                            return idx, tasks[idx].result()\n                                                          File \"/home/ray/anaconda3/lib/python3.10/site-packages/cocotb/task.py\", line 660, in result\n                                                            raise cast(\"BaseException\", self._outcome)\n                                                          File \"/home/ray/anaconda3/lib/python3.10/site-packages/pyuvm/_s13_uvm_component.py\", line 529, in run_test\n                                                            root.running_phase.traverse(root.uvm_test_top)\n                                                          File \"/home/ray/anaconda3/lib/python3.10/site-packages/pyuvm/_s09_phasing.py\", line 65, in traverse\n                                                            cls.traverse(child)\n                                                          File \"/home/ray/anaconda3/lib/python3.10/site-packages/pyuvm/_s09_phasing.py\", line 65, in traverse\n                                                            cls.traverse(child)\n                                                          File \"/home/ray/anaconda3/lib/python3.10/site-packages/pyuvm/_s09_phasing.py\", line 63, in traverse\n                                                            cls.execute(comp)  # first we execute this node then its children\n                                                          File \"/home/ray/anaconda3/lib/python3.10/site-packages/pyuvm/_s09_phasing.py\", line 44, in execute\n                                                            method()\n                                                          File \"/workspace/generated/designs/axi_handshake/tb/scoreboard.py\", line 102, in build_phase\n                                                            self.dut = ConfigDB().get(None, \"\", \"dut\")\n                                                          File \"/home/ray/anaconda3/lib/python3.10/site-packages/pyuvm/_s13_uvm_component.py\", line 758, in get\n                                                            return self._not_found(f'\"{inst_name}\" is not in ConfigDB().', default)\n                                                          File \"/home/ray/anaconda3/lib/python3.10/site-packages/pyuvm/_s13_uvm_component.py\", line 801, in _not_found\n                                                            raise UVMConfigItemNotFound(msg)\n                                                        pyuvm.UVMConfigItemNotFound: \"\" is not in ConfigDB().\n   100.00ns INFO     cocotb.regression                  *****************************************************************************************\n                                                        ** TEST                             STATUS  SIM TIME (ns)  REAL TIME (s)  RATIO (ns/s) **\n                                                        *****************************************************************************************\n                                                        ** test_top.run_axi_handshake_test   FAIL         100.00           0.00      68375.32  **\n                                                        *****************************************************************************************\n                                                        ** TESTS=1 PASS=0 FAIL=1 SKIP=0                   100.00           0.00      49897.66  **\n                                                        *****************************************************************************************\n- :0: Verilog $finish\nmake: *** [/home/ray/anaconda3/lib/python3.10/site-packages/cocotb_tools/makefiles/simulators/Makefile.verilator:74: /workspace/generated/designs/axi_handshake/tb/.chia_sim/AllOnePayloadTest.xml] Error 1\n",
        "command": [
          "timeout",
          "--signal=TERM",
          "--kill-after=5",
          "60",
          "make",
          "-f",
          "/workspace/generated/designs/axi_handshake/tb/.chia_sim/Makefile",
          "SIM=verilator",
          "TOPLEVEL_LANG=verilog",
          "TOPLEVEL=axi_handshake",
          "COCOTB_TOPLEVEL=axi_handshake",
          "MODULE=test_top",
          "COCOTB_TEST_MODULES=test_top",
          "VERILOG_SOURCES=/workspace/benchmarks/axi_handshake/axi_handshake.sv",
          "SIM_BUILD=/workspace/generated/designs/axi_handshake/tb/.chia_sim/build/a97906fcf629",
          "COCOTB_RESULTS_FILE=/workspace/generated/designs/axi_handshake/tb/.chia_sim/AllOnePayloadTest.xml",
          "COCOTB_HDL_TIMEUNIT=1ns",
          "COCOTB_HDL_TIMEPRECISION=1ps",
          "BUILD_ARGS=-j 4"
        ],
        "test_name": "AllOnePayloadTest",
        "test_module": "test_top",
        "results_file": "/workspace/generated/designs/axi_handshake/tb/.chia_sim/AllOnePayloadTest.xml",
        "results_file_exists": true
      },
      "ProducerHoldsForeverTest": {
        "status": "runtime_error",
        "category": "runtime_error",
        "timed_out": false,
        "watchdog_expired": false,
        "returncode": 2,
        "counts": {
          "uvm_errors": 0,
          "uvm_fatals": 0,
          "uvm_warnings": 0,
          "scoreboard_mismatches": 0,
          "assertion_failures": 0
        },
        "clean_exit": false,
        "log": "rm -f /workspace/generated/designs/axi_handshake/tb/.chia_sim/ProducerHoldsForeverTest.xml\nrm -f /workspace/generated/designs/axi_handshake/tb/.chia_sim/ProducerHoldsForeverTest.xml\nCOCOTB_TEST_MODULES=test_top COCOTB_TESTCASE=  COCOTB_TOPLEVEL=axi_handshake TOPLEVEL_LANG=verilog       \\\n         /workspace/generated/designs/axi_handshake/tb/.chia_sim/build/a97906fcf629/Vtop     \n     -.--ns INFO     gpi                                ../gpi/GpiCommon.cpp:242  in gpi_load_users                  Loaded entry library: '/home/ray/anaconda3/lib/libpython3.10.so.1.0'\n     -.--ns INFO     gpi                                ../gpi/GpiCommon.cpp:233  in gpi_load_users                  Running entry func 'initialize' from loaded library '/home/ray/anaconda3/lib/python3.10/site-packages/cocotb/simulator.cpython-310-x86_64-linux-gnu.so'\n     -.--ns INFO     pygpi                              ..ib/pygpi/embed.cpp:114  in initialize                      Using Python 3.10.19 interpreter at /home/ray/anaconda3/bin/python3\n     -.--ns INFO     gpi                                ../gpi/GpiCommon.cpp:74   in gpi_print_registered_impl       GPI: VPI support registered\n     0.00ns INFO     cocotb.initialize                  Seeding Python random module with 1789051770\n     0.00ns INFO     cocotb.initialize                  Initialized cocotb v2.1.0 from /home/ray/anaconda3/lib/python3.10/site-packages/cocotb\n     0.00ns INFO     cocotb.initialize                  Running on Verilator version 5.042 2025-11-02\n     0.00ns WARNING  py.warnings                        /workspace/generated/designs/axi_handshake/tb/test_top.py:27: DeprecationWarning: SimTimeoutError was moved from `cocotb.result` to `cocotb.triggers`.\n                                                          from cocotb.result import SimTimeoutError\n     0.00ns INFO     cocotb.regression                  Running tests\n     0.00ns INFO     cocotb.regression                  running test_top.run_axi_handshake_test (1/1)\n                                                            Single cocotb entry point for all UVM test classes.\n     0.00ns INFO     test                               Starting clock: period=10 ns, top_module=axi_handshake\n     0.00ns WARNING  py.warnings                        /workspace/generated/designs/axi_handshake/tb/test_top.py:86: DeprecationWarning: The 'units' argument has been renamed to 'unit'.\n                                                          clock = Clock(dut.clk, clock_period_ns, units=\"ns\")\n   100.00ns INFO     test                               Reset deasserted\n   100.00ns INFO     test                               ConfigDB populated: dut, dut_helper, clock_period=10, clk_name='clk', rst_name='rst_n', reset_polarity='active_low', ref_model=<module>\n   100.00ns INFO     test                               Launching UVM test: ProducerHoldsForeverTest\n   100.00ns INFO     .._handshake/tb/environment.py(67) [uvm_test_top.env]: AxiHandshakeEnv built\n   100.00ns WARNING  cocotb.regression                  test_top.run_axi_handshake_test failed\n                                                        Traceback (most recent call last):\n                                                          File \"/workspace/generated/designs/axi_handshake/tb/test_top.py\", line 131, in run_axi_handshake_test\n                                                            await cocotb.triggers.with_timeout(\n                                                          File \"/home/ray/anaconda3/lib/python3.10/site-packages/cocotb/_extended_awaitables.py\", line 356, in with_timeout\n                                                            i, res = await select(\n                                                          File \"/home/ray/anaconda3/lib/python3.10/site-packages/cocotb/_concurrent_waiters.py\", line 246, in select\n                                                            return idx, tasks[idx].result()\n                                                          File \"/home/ray/anaconda3/lib/python3.10/site-packages/cocotb/task.py\", line 660, in result\n                                                            raise cast(\"BaseException\", self._outcome)\n                                                          File \"/home/ray/anaconda3/lib/python3.10/site-packages/pyuvm/_s13_uvm_component.py\", line 529, in run_test\n                                                            root.running_phase.traverse(root.uvm_test_top)\n                                                          File \"/home/ray/anaconda3/lib/python3.10/site-packages/pyuvm/_s09_phasing.py\", line 65, in traverse\n                                                            cls.traverse(child)\n                                                          File \"/home/ray/anaconda3/lib/python3.10/site-packages/pyuvm/_s09_phasing.py\", line 65, in traverse\n                                                            cls.traverse(child)\n                                                          File \"/home/ray/anaconda3/lib/python3.10/site-packages/pyuvm/_s09_phasing.py\", line 63, in traverse\n                                                            cls.execute(comp)  # first we execute this node then its children\n                                                          File \"/home/ray/anaconda3/lib/python3.10/site-packages/pyuvm/_s09_phasing.py\", line 44, in execute\n                                                            method()\n                                                          File \"/workspace/generated/designs/axi_handshake/tb/scoreboard.py\", line 102, in build_phase\n                                                            self.dut = ConfigDB().get(None, \"\", \"dut\")\n                                                          File \"/home/ray/anaconda3/lib/python3.10/site-packages/pyuvm/_s13_uvm_component.py\", line 758, in get\n                                                            return self._not_found(f'\"{inst_name}\" is not in ConfigDB().', default)\n                                                          File \"/home/ray/anaconda3/lib/python3.10/site-packages/pyuvm/_s13_uvm_component.py\", line 801, in _not_found\n                                                            raise UVMConfigItemNotFound(msg)\n                                                        pyuvm.UVMConfigItemNotFound: \"\" is not in ConfigDB().\n   100.00ns INFO     cocotb.regression                  *****************************************************************************************\n                                                        ** TEST                             STATUS  SIM TIME (ns)  REAL TIME (s)  RATIO (ns/s) **\n                                                        *****************************************************************************************\n                                                        ** test_top.run_axi_handshake_test   FAIL         100.00           0.00      69519.95  **\n                                                        *****************************************************************************************\n                                                        ** TESTS=1 PASS=0 FAIL=1 SKIP=0                   100.00           0.00      49603.64  **\n                                                        *****************************************************************************************\n- :0: Verilog $finish\nmake: *** [/home/ray/anaconda3/lib/python3.10/site-packages/cocotb_tools/makefiles/simulators/Makefile.verilator:74: /workspace/generated/designs/axi_handshake/tb/.chia_sim/ProducerHoldsForeverTest.xml] Error 1\n",
        "command": [
          "timeout",
          "--signal=TERM",
          "--kill-after=5",
          "60",
          "make",
          "-f",
          "/workspace/generated/designs/axi_handshake/tb/.chia_sim/Makefile",
          "SIM=verilator",
          "TOPLEVEL_LANG=verilog",
          "TOPLEVEL=axi_handshake",
          "COCOTB_TOPLEVEL=axi_handshake",
          "MODULE=test_top",
          "COCOTB_TEST_MODULES=test_top",
          "VERILOG_SOURCES=/workspace/benchmarks/axi_handshake/axi_handshake.sv",
          "SIM_BUILD=/workspace/generated/designs/axi_handshake/tb/.chia_sim/build/a97906fcf629",
          "COCOTB_RESULTS_FILE=/workspace/generated/designs/axi_handshake/tb/.chia_sim/ProducerHoldsForeverTest.xml",
          "COCOTB_HDL_TIMEUNIT=1ns",
          "COCOTB_HDL_TIMEPRECISION=1ps",
          "BUILD_ARGS=-j 4"
        ],
        "test_name": "ProducerHoldsForeverTest",
        "test_module": "test_top",
        "results_file": "/workspace/generated/designs/axi_handshake/tb/.chia_sim/ProducerHoldsForeverTest.xml",
        "results_file_exists": true
      },
      "RandomStimulusTest": {
        "status": "runtime_error",
        "category": "runtime_error",
        "timed_out": false,
        "watchdog_expired": false,
        "returncode": 2,
        "counts": {
          "uvm_errors": 0,
          "uvm_fatals": 0,
          "uvm_warnings": 0,
          "scoreboard_mismatches": 0,
          "assertion_failures": 0
        },
        "clean_exit": false,
        "log": "rm -f /workspace/generated/designs/axi_handshake/tb/.chia_sim/RandomStimulusTest.xml\nrm -f /workspace/generated/designs/axi_handshake/tb/.chia_sim/RandomStimulusTest.xml\nCOCOTB_TEST_MODULES=test_top COCOTB_TESTCASE=  COCOTB_TOPLEVEL=axi_handshake TOPLEVEL_LANG=verilog       \\\n         /workspace/generated/designs/axi_handshake/tb/.chia_sim/build/a97906fcf629/Vtop     \n     -.--ns INFO     gpi                                ../gpi/GpiCommon.cpp:242  in gpi_load_users                  Loaded entry library: '/home/ray/anaconda3/lib/libpython3.10.so.1.0'\n     -.--ns INFO     gpi                                ../gpi/GpiCommon.cpp:233  in gpi_load_users                  Running entry func 'initialize' from loaded library '/home/ray/anaconda3/lib/python3.10/site-packages/cocotb/simulator.cpython-310-x86_64-linux-gnu.so'\n     -.--ns INFO     pygpi                              ..ib/pygpi/embed.cpp:114  in initialize                      Using Python 3.10.19 interpreter at /home/ray/anaconda3/bin/python3\n     -.--ns INFO     gpi                                ../gpi/GpiCommon.cpp:74   in gpi_print_registered_impl       GPI: VPI support registered\n     0.00ns INFO     cocotb.initialize                  Seeding Python random module with 1789051770\n     0.00ns INFO     cocotb.initialize                  Initialized cocotb v2.1.0 from /home/ray/anaconda3/lib/python3.10/site-packages/cocotb\n     0.00ns INFO     cocotb.initialize                  Running on Verilator version 5.042 2025-11-02\n     0.00ns WARNING  py.warnings                        /workspace/generated/designs/axi_handshake/tb/test_top.py:27: DeprecationWarning: SimTimeoutError was moved from `cocotb.result` to `cocotb.triggers`.\n                                                          from cocotb.result import SimTimeoutError\n     0.00ns INFO     cocotb.regression                  Running tests\n     0.00ns INFO     cocotb.regression                  running test_top.run_axi_handshake_test (1/1)\n                                                            Single cocotb entry point for all UVM test classes.\n     0.00ns INFO     test                               Starting clock: period=10 ns, top_module=axi_handshake\n     0.00ns WARNING  py.warnings                        /workspace/generated/designs/axi_handshake/tb/test_top.py:86: DeprecationWarning: The 'units' argument has been renamed to 'unit'.\n                                                          clock = Clock(dut.clk, clock_period_ns, units=\"ns\")\n   100.00ns INFO     test                               Reset deasserted\n   100.00ns INFO     test                               ConfigDB populated: dut, dut_helper, clock_period=10, clk_name='clk', rst_name='rst_n', reset_polarity='active_low', ref_model=<module>\n   100.00ns INFO     test                               Launching UVM test: RandomStimulusTest\n   100.00ns INFO     .._handshake/tb/environment.py(67) [uvm_test_top.env]: AxiHandshakeEnv built\n   100.00ns WARNING  cocotb.regression                  test_top.run_axi_handshake_test failed\n                                                        Traceback (most recent call last):\n                                                          File \"/workspace/generated/designs/axi_handshake/tb/test_top.py\", line 131, in run_axi_handshake_test\n                                                            await cocotb.triggers.with_timeout(\n                                                          File \"/home/ray/anaconda3/lib/python3.10/site-packages/cocotb/_extended_awaitables.py\", line 356, in with_timeout\n                                                            i, res = await select(\n                                                          File \"/home/ray/anaconda3/lib/python3.10/site-packages/cocotb/_concurrent_waiters.py\", line 246, in select\n                                                            return idx, tasks[idx].result()\n                                                          File \"/home/ray/anaconda3/lib/python3.10/site-packages/cocotb/task.py\", line 660, in result\n                                                            raise cast(\"BaseException\", self._outcome)\n                                                          File \"/home/ray/anaconda3/lib/python3.10/site-packages/pyuvm/_s13_uvm_component.py\", line 529, in run_test\n                                                            root.running_phase.traverse(root.uvm_test_top)\n                                                          File \"/home/ray/anaconda3/lib/python3.10/site-packages/pyuvm/_s09_phasing.py\", line 65, in traverse\n                                                            cls.traverse(child)\n                                                          File \"/home/ray/anaconda3/lib/python3.10/site-packages/pyuvm/_s09_phasing.py\", line 65, in traverse\n                                                            cls.traverse(child)\n                                                          File \"/home/ray/anaconda3/lib/python3.10/site-packages/pyuvm/_s09_phasing.py\", line 63, in traverse\n                                                            cls.execute(comp)  # first we execute this node then its children\n                                                          File \"/home/ray/anaconda3/lib/python3.10/site-packages/pyuvm/_s09_phasing.py\", line 44, in execute\n                                                            method()\n                                                          File \"/workspace/generated/designs/axi_handshake/tb/scoreboard.py\", line 102, in build_phase\n                                                            self.dut = ConfigDB().get(None, \"\", \"dut\")\n                                                          File \"/home/ray/anaconda3/lib/python3.10/site-packages/pyuvm/_s13_uvm_component.py\", line 758, in get\n                                                            return self._not_found(f'\"{inst_name}\" is not in ConfigDB().', default)\n                                                          File \"/home/ray/anaconda3/lib/python3.10/site-packages/pyuvm/_s13_uvm_component.py\", line 801, in _not_found\n                                                            raise UVMConfigItemNotFound(msg)\n                                                        pyuvm.UVMConfigItemNotFound: \"\" is not in ConfigDB().\n   100.00ns INFO     cocotb.regression                  *****************************************************************************************\n                                                        ** TEST                             STATUS  SIM TIME (ns)  REAL TIME (s)  RATIO (ns/s) **\n                                                        *****************************************************************************************\n                                                        ** test_top.run_axi_handshake_test   FAIL         100.00           0.00      68489.96  **\n                                                        *****************************************************************************************\n                                                        ** TESTS=1 PASS=0 FAIL=1 SKIP=0                   100.00           0.00      50078.47  **\n                                                        *****************************************************************************************\n- :0: Verilog $finish\nmake: *** [/home/ray/anaconda3/lib/python3.10/site-packages/cocotb_tools/makefiles/simulators/Makefile.verilator:74: /workspace/generated/designs/axi_handshake/tb/.chia_sim/RandomStimulusTest.xml] Error 1\n",
        "command": [
          "timeout",
          "--signal=TERM",
          "--kill-after=5",
          "60",
          "make",
          "-f",
          "/workspace/generated/designs/axi_handshake/tb/.chia_sim/Makefile",
          "SIM=verilator",
          "TOPLEVEL_LANG=verilog",
          "TOPLEVEL=axi_handshake",
          "COCOTB_TOPLEVEL=axi_handshake",
          "MODULE=test_top",
          "COCOTB_TEST_MODULES=test_top",
          "VERILOG_SOURCES=/workspace/benchmarks/axi_handshake/axi_handshake.sv",
          "SIM_BUILD=/workspace/generated/designs/axi_handshake/tb/.chia_sim/build/a97906fcf629",
          "COCOTB_RESULTS_FILE=/workspace/generated/designs/axi_handshake/tb/.chia_sim/RandomStimulusTest.xml",
          "COCOTB_HDL_TIMEUNIT=1ns",
          "COCOTB_HDL_TIMEPRECISION=1ps",
          "BUILD_ARGS=-j 4"
        ],
        "test_name": "RandomStimulusTest",
        "test_module": "test_top",
        "results_file": "/workspace/generated/designs/axi_handshake/tb/.chia_sim/RandomStimulusTest.xml",
        "results_file_exists": true
      }
    }
  }
}

Diagnosing TB failure (attempt 2)...
[36m(simulate pid=9634)[0m Wrote /workspace/generated/designs/axi_handshake/results/tb_validation_iteration_1.json
[36m(_ToolServerActor pid=28815)[0m INFO:     Started server process [28815]
[36m(_ToolServerActor pid=28815)[0m INFO:     Waiting for application startup.
[36m(_ToolServerActor pid=28815)[0m INFO:     Application startup complete.
[36m(_ToolServerActor pid=28815)[0m INFO:     Uvicorn running on http://172.16.36.107:8000 (Press CTRL+C to quit)
verification_improvement_workspace started at 172.16.36.107:8000 on node 5c1de07b5617802463723b50cbf7fef2241c39d050d52bc1bb56b37a
OpenCodeLLM is experimental: only exercised by unit tests so far, not validated in production.
[36m(_ToolServerActor pid=28815)[0m INFO:     172.16.36.107:54720 - "POST /verification_improvement_workspace/mcp HTTP/1.1" 200 OK
[36m(_ToolServerActor pid=28815)[0m INFO:     172.16.36.107:54720 - "POST /verification_improvement_workspace/mcp HTTP/1.1" 202 Accepted
[36m(_ToolServerActor pid=28815)[0m INFO:     172.16.36.107:54720 - "GET /verification_improvement_workspace/mcp HTTP/1.1" 200 OK
[36m(_ToolServerActor pid=28815)[0m INFO:     172.16.36.107:54728 - "POST /verification_improvement_workspace/mcp HTTP/1.1" 200 OK
[36m(_ToolServerActor pid=28815)[0m INFO:     Shutting down

⚠ Invalid TB update plan YAML:
TB update plan must be a YAML mapping.
TB diagnosis YAML repair attempt 1/2...
[36m(_ToolServerActor pid=28815)[0m INFO:     Waiting for application shutdown.
[36m(_ToolServerActor pid=28815)[0m INFO:     Application shutdown complete.
[36m(_ToolServerActor pid=28815)[0m INFO:     Finished server process [28815]

⚠ Invalid TB update plan YAML:
changes[0].file must be a non-empty string.
TB diagnosis YAML repair attempt 2/2...
Traceback (most recent call last):
  File "/home/auralab/miniconda3/envs/chia_env/lib/python3.10/runpy.py", line 196, in _run_module_as_main
    return _run_code(code, main_globals, None,
  File "/home/auralab/miniconda3/envs/chia_env/lib/python3.10/runpy.py", line 86, in _run_code
    exec(code, run_globals)
  File "/home/auralab/nwark/chia_sept7_for_multi_rtl_with_multi_llm/for_multiple_rtl_updation_generalized/pipeline/run14.py", line 4985, in <module>
    main()
  File "/home/auralab/nwark/chia_sept7_for_multi_rtl_with_multi_llm/for_multiple_rtl_updation_generalized/pipeline/run14.py", line 4723, in main
    generate_and_validate_uvm(llm, bash, canonical_plan)
  File "/home/auralab/nwark/chia_sept7_for_multi_rtl_with_multi_llm/for_multiple_rtl_updation_generalized/pipeline/run14.py", line 2925, in generate_and_validate_uvm
    candidate_plan = ensure_valid_tb_update_plan_yaml(
  File "/home/auralab/nwark/chia_sept7_for_multi_rtl_with_multi_llm/for_multiple_rtl_updation_generalized/pipeline/run14.py", line 2013, in ensure_valid_tb_update_plan_yaml
    raise RuntimeError(
RuntimeError: Unable to produce a valid tb_update_plan.yaml after 2 repair attempts.

Last validation error:
version must be "1.0".
------------------------------------------------------------------------------
run14 exit status: 1
Time: 2026-09-10T20:25:39+05:30
Status: PROCESS FAILURE
Supervisor: restarting after 10s.
------------------------------------------------------------------------------

