==============================================================================
Starting run14
Time          : 2026-09-10T21:42:00+05:30
Project       : /home/auralab/nwark/chia_sept7_for_multi_rtl_with_multi_llm/for_multiple_rtl_updation_generalized
Design config : pipeline/designs/axi_handshake.yaml
Design        : axi_handshake
Max iterations: 25
Run log       : /home/auralab/nwark/chia_sept7_for_multi_rtl_with_multi_llm/for_multiple_rtl_updation_generalized/generated/designs/axi_handshake/results/verification_improvement/logs/run_20260910_214200.log
==============================================================================

=========================================================
 CHIA verification run: axi_handshake
=========================================================
  RTL:          benchmarks/axi_handshake/axi_handshake.sv
  Specification:benchmarks/axi_handshake/spec.md
  Reference:    benchmarks/axi_handshake/ref_model.py
  Generated TB: generated/designs/axi_handshake/tb
  Plan:         generated/designs/axi_handshake/plans/verification_plan.yaml
2026-09-10 21:42:01,029	INFO worker.py:1810 -- Connecting to existing Ray cluster at address: 172.16.36.107:6379...
2026-09-10 21:42:01,052	INFO worker.py:2004 -- Connected to Ray cluster. View the dashboard at [1m[32m127.0.0.1:8265 [39m[22m
/home/auralab/miniconda3/envs/chia_env/lib/python3.10/site-packages/ray/_private/worker.py:2052: FutureWarning: Tip: In future versions of Ray, Ray will no longer override accelerator visible devices env var if num_gpus=0 or num_gpus=None (default). To enable this behavior and turn off this error message, set RAY_ACCEL_ENV_VAR_OVERRIDE_ON_ZERO=0
  warnings.warn(

✓ Found existing verification plan and rtl_info.json — skipping extraction, generation, and review.
  Plan:     /home/auralab/nwark/chia_sept7_for_multi_rtl_with_multi_llm/for_multiple_rtl_updation_generalized/generated/designs/axi_handshake/plans/verification_plan.yaml
  RTL info: /home/auralab/nwark/chia_sept7_for_multi_rtl_with_multi_llm/for_multiple_rtl_updation_generalized/generated/designs/axi_handshake/rtl/rtl_info.json
/home/auralab/miniconda3/envs/chia_env/lib/python3.10/site-packages/pydantic_settings/sources/utils.py:47: IncompleteFieldDefinitionWarning: Field 'lifespan' has an incomplete definition: its annotation contains an unresolved forward reference, so settings sources may fail to correctly resolve its value. Call `model_rebuild()` on the model where the field is defined, once all the referenced types are defined.
  warnings.warn(
[36m(_ToolServerActor pid=32621)[0m INFO:     Started server process [32621]
[36m(_ToolServerActor pid=32621)[0m INFO:     Waiting for application startup.
[36m(_ToolServerActor pid=32621)[0m INFO:     Application startup complete.
[36m(_ToolServerActor pid=32621)[0m INFO:     Uvicorn running on http://172.16.36.107:8000 (Press CTRL+C to quit)
verification_workspace started at 172.16.36.107:8000 on node 5c1de07b5617802463723b50cbf7fef2241c39d050d52bc1bb56b37a
OpenCodeLLM is experimental: only exercised by unit tests so far, not validated in production.

[4/4] Generating cocotb+pyuvm environment (staged)...

✓ Skipping UVM sub-stage 'contract': checkpoint found (/home/auralab/nwark/chia_sept7_for_multi_rtl_with_multi_llm/for_multiple_rtl_updation_generalized/generated/designs/axi_handshake/checkpoints/uvm_contract.done), already completed in a previous run.

✓ Skipping UVM sub-stage 'stimulus': checkpoint found (/home/auralab/nwark/chia_sept7_for_multi_rtl_with_multi_llm/for_multiple_rtl_updation_generalized/generated/designs/axi_handshake/checkpoints/uvm_stimulus.done), already completed in a previous run.

✓ Skipping UVM sub-stage 'observation': checkpoint found (/home/auralab/nwark/chia_sept7_for_multi_rtl_with_multi_llm/for_multiple_rtl_updation_generalized/generated/designs/axi_handshake/checkpoints/uvm_observation.done), already completed in a previous run.

✓ Skipping UVM sub-stage 'scoreboard': checkpoint found (/home/auralab/nwark/chia_sept7_for_multi_rtl_with_multi_llm/for_multiple_rtl_updation_generalized/generated/designs/axi_handshake/checkpoints/uvm_scoreboard.done), already completed in a previous run.

✓ Skipping UVM sub-stage 'coverage_assertions': checkpoint found (/home/auralab/nwark/chia_sept7_for_multi_rtl_with_multi_llm/for_multiple_rtl_updation_generalized/generated/designs/axi_handshake/checkpoints/uvm_coverage_assertions.done), already completed in a previous run.

✓ Skipping UVM sub-stage 'integration': checkpoint found (/home/auralab/nwark/chia_sept7_for_multi_rtl_with_multi_llm/for_multiple_rtl_updation_generalized/generated/designs/axi_handshake/checkpoints/uvm_integration.done), already completed in a previous run.

✓ cocotb+pyuvm environment generated directly under /workspace/generated/designs/axi_handshake/tb.
✓ Directed scenario IDs validated against the accepted plan.
[36m(_ToolServerActor pid=32621)[0m INFO:     Shutting down

[5/5] Validating generated cocotb+pyuvm environment...
[36m(_ToolServerActor pid=32621)[0m INFO:     Waiting for application shutdown.
[36m(_ToolServerActor pid=32621)[0m INFO:     Application shutdown complete.
[36m(_ToolServerActor pid=32621)[0m INFO:     Finished server process [32621]

===== TB SIMULATION ANALYSIS =====
{
  "verdict": "generation_bug",
  "detail": {
    "status": "functional_failure",
    "tests": {
      "SmokeAfterResetTest": {
        "status": "runtime_error",
        "category": "runtime_error",
        "timed_out": false,
        "watchdog_expired": false,
        "returncode": 2,
        "counts": {
          "uvm_errors": 0,
          "uvm_fatals": 0,
          "uvm_warnings": 0,
          "scoreboard_mismatches": 0,
          "assertion_failures": 0
        },
        "clean_exit": false,
        "log": "rm -f /workspace/generated/designs/axi_handshake/tb/.chia_sim/SmokeAfterResetTest.xml\nrm -f /workspace/generated/designs/axi_handshake/tb/.chia_sim/SmokeAfterResetTest.xml\nCOCOTB_TEST_MODULES=test_top COCOTB_TESTCASE=  COCOTB_TOPLEVEL=axi_handshake TOPLEVEL_LANG=verilog       \\\n         /workspace/generated/designs/axi_handshake/tb/.chia_sim/build/a97906fcf629/Vtop     \n     -.--ns INFO     gpi                                ../gpi/GpiCommon.cpp:242  in gpi_load_users                  Loaded entry library: '/home/ray/anaconda3/lib/libpython3.10.so.1.0'\n     -.--ns INFO     gpi                                ../gpi/GpiCommon.cpp:233  in gpi_load_users                  Running entry func 'initialize' from loaded library '/home/ray/anaconda3/lib/python3.10/site-packages/cocotb/simulator.cpython-310-x86_64-linux-gnu.so'\n     -.--ns INFO     pygpi                              ..ib/pygpi/embed.cpp:114  in initialize                      Using Python 3.10.19 interpreter at /home/ray/anaconda3/bin/python3\n     -.--ns INFO     gpi                                ../gpi/GpiCommon.cpp:74   in gpi_print_registered_impl       GPI: VPI support registered\n     0.00ns INFO     cocotb.initialize                  Seeding Python random module with 1789056722\n     0.00ns INFO     cocotb.initialize                  Initialized cocotb v2.1.0 from /home/ray/anaconda3/lib/python3.10/site-packages/cocotb\n     0.00ns INFO     cocotb.initialize                  Running on Verilator version 5.042 2025-11-02\n     0.00ns WARNING  py.warnings                        /workspace/generated/designs/axi_handshake/tb/test_top.py:27: DeprecationWarning: SimTimeoutError was moved from `cocotb.result` to `cocotb.triggers`.\n                                                          from cocotb.result import SimTimeoutError\n     0.00ns INFO     cocotb.regression                  Running tests\n     0.00ns INFO     cocotb.regression                  running test_top.run_axi_handshake_test (1/1)\n                                                            Single cocotb entry point for all UVM test classes.\n     0.00ns INFO     test                               Starting clock: period=10 ns, top_module=axi_handshake\n     0.00ns WARNING  py.warnings                        /workspace/generated/designs/axi_handshake/tb/test_top.py:86: DeprecationWarning: The 'units' argument has been renamed to 'unit'.\n                                                          clock = Clock(dut.clk, clock_period_ns, units=\"ns\")\n   100.00ns INFO     test                               Reset deasserted\n   100.00ns INFO     test                               ConfigDB populated: dut, dut_helper, clock_period=10, clk_name='clk', rst_name='rst_n', reset_polarity='active_low', ref_model=<module>\n   100.00ns INFO     test                               Launching UVM test: SmokeAfterResetTest\n   100.00ns INFO     .._handshake/tb/environment.py(67) [uvm_test_top.env]: AxiHandshakeEnv built\n   100.00ns WARNING  cocotb.regression                  test_top.run_axi_handshake_test failed\n                                                        Traceback (most recent call last):\n                                                          File \"/workspace/generated/designs/axi_handshake/tb/test_top.py\", line 131, in run_axi_handshake_test\n                                                            await cocotb.triggers.with_timeout(\n                                                          File \"/home/ray/anaconda3/lib/python3.10/site-packages/cocotb/_extended_awaitables.py\", line 356, in with_timeout\n                                                            i, res = await select(\n                                                          File \"/home/ray/anaconda3/lib/python3.10/site-packages/cocotb/_concurrent_waiters.py\", line 246, in select\n                                                            return idx, tasks[idx].result()\n                                                          File \"/home/ray/anaconda3/lib/python3.10/site-packages/cocotb/task.py\", line 660, in result\n                                                            raise cast(\"BaseException\", self._outcome)\n                                                          File \"/home/ray/anaconda3/lib/python3.10/site-packages/pyuvm/_s13_uvm_component.py\", line 529, in run_test\n                                                            root.running_phase.traverse(root.uvm_test_top)\n                                                          File \"/home/ray/anaconda3/lib/python3.10/site-packages/pyuvm/_s09_phasing.py\", line 65, in traverse\n                                                            cls.traverse(child)\n                                                          File \"/home/ray/anaconda3/lib/python3.10/site-packages/pyuvm/_s09_phasing.py\", line 65, in traverse\n                                                            cls.traverse(child)\n                                                          File \"/home/ray/anaconda3/lib/python3.10/site-packages/pyuvm/_s09_phasing.py\", line 63, in traverse\n                                                            cls.execute(comp)  # first we execute this node then its children\n                                                          File \"/home/ray/anaconda3/lib/python3.10/site-packages/pyuvm/_s09_phasing.py\", line 44, in execute\n                                                            method()\n                                                          File \"/workspace/generated/designs/axi_handshake/tb/scoreboard.py\", line 102, in build_phase\n                                                            self.dut = ConfigDB().get(None, \"\", \"dut\")\n                                                          File \"/home/ray/anaconda3/lib/python3.10/site-packages/pyuvm/_s13_uvm_component.py\", line 758, in get\n                                                            return self._not_found(f'\"{inst_name}\" is not in ConfigDB().', default)\n                                                          File \"/home/ray/anaconda3/lib/python3.10/site-packages/pyuvm/_s13_uvm_component.py\", line 801, in _not_found\n                                                            raise UVMConfigItemNotFound(msg)\n                                                        pyuvm.UVMConfigItemNotFound: \"\" is not in ConfigDB().\n   100.00ns INFO     cocotb.regression                  *****************************************************************************************\n                                                        ** TEST                             STATUS  SIM TIME (ns)  REAL TIME (s)  RATIO (ns/s) **\n                                                        *****************************************************************************************\n                                                        ** test_top.run_axi_handshake_test   FAIL         100.00           0.00      70206.28  **\n                                                        *****************************************************************************************\n                                                        ** TESTS=1 PASS=0 FAIL=1 SKIP=0                   100.00           0.00      51227.64  **\n                                                        *****************************************************************************************\n- :0: Verilog $finish\nmake: *** [/home/ray/anaconda3/lib/python3.10/site-packages/cocotb_tools/makefiles/simulators/Makefile.verilator:74: /workspace/generated/designs/axi_handshake/tb/.chia_sim/SmokeAfterResetTest.xml] Error 1\n",
        "command": [
          "timeout",
          "--signal=TERM",
          "--kill-after=5",
          "60",
          "make",
          "-f",
          "/workspace/generated/designs/axi_handshake/tb/.chia_sim/Makefile",
          "SIM=verilator",
          "TOPLEVEL_LANG=verilog",
          "TOPLEVEL=axi_handshake",
          "COCOTB_TOPLEVEL=axi_handshake",
          "MODULE=test_top",
          "COCOTB_TEST_MODULES=test_top",
          "VERILOG_SOURCES=/workspace/benchmarks/axi_handshake/axi_handshake.sv",
          "SIM_BUILD=/workspace/generated/designs/axi_handshake/tb/.chia_sim/build/a97906fcf629",
          "COCOTB_RESULTS_FILE=/workspace/generated/designs/axi_handshake/tb/.chia_sim/SmokeAfterResetTest.xml",
          "COCOTB_HDL_TIMEUNIT=1ns",
          "COCOTB_HDL_TIMEPRECISION=1ps",
          "BUILD_ARGS=-j 4"
        ],
        "test_name": "SmokeAfterResetTest",
        "test_module": "test_top",
        "results_file": "/workspace/generated/designs/axi_handshake/tb/.chia_sim/SmokeAfterResetTest.xml",
        "results_file_exists": true
      },
      "StallHoldTest": {
        "status": "runtime_error",
        "category": "runtime_error",
        "timed_out": false,
        "watchdog_expired": false,
        "returncode": 2,
        "counts": {
          "uvm_errors": 0,
          "uvm_fatals": 0,
          "uvm_warnings": 0,
          "scoreboard_mismatches": 0,
          "assertion_failures": 0
        },
        "clean_exit": false,
        "log": "rm -f /workspace/generated/designs/axi_handshake/tb/.chia_sim/StallHoldTest.xml\nrm -f /workspace/generated/designs/axi_handshake/tb/.chia_sim/StallHoldTest.xml\nCOCOTB_TEST_MODULES=test_top COCOTB_TESTCASE=  COCOTB_TOPLEVEL=axi_handshake TOPLEVEL_LANG=verilog       \\\n         /workspace/generated/designs/axi_handshake/tb/.chia_sim/build/a97906fcf629/Vtop     \n     -.--ns INFO     gpi                                ../gpi/GpiCommon.cpp:242  in gpi_load_users                  Loaded entry library: '/home/ray/anaconda3/lib/libpython3.10.so.1.0'\n     -.--ns INFO     gpi                                ../gpi/GpiCommon.cpp:233  in gpi_load_users                  Running entry func 'initialize' from loaded library '/home/ray/anaconda3/lib/python3.10/site-packages/cocotb/simulator.cpython-310-x86_64-linux-gnu.so'\n     -.--ns INFO     pygpi                              ..ib/pygpi/embed.cpp:114  in initialize                      Using Python 3.10.19 interpreter at /home/ray/anaconda3/bin/python3\n     -.--ns INFO     gpi                                ../gpi/GpiCommon.cpp:74   in gpi_print_registered_impl       GPI: VPI support registered\n     0.00ns INFO     cocotb.initialize                  Seeding Python random module with 1789056723\n     0.00ns INFO     cocotb.initialize                  Initialized cocotb v2.1.0 from /home/ray/anaconda3/lib/python3.10/site-packages/cocotb\n     0.00ns INFO     cocotb.initialize                  Running on Verilator version 5.042 2025-11-02\n     0.00ns WARNING  py.warnings                        /workspace/generated/designs/axi_handshake/tb/test_top.py:27: DeprecationWarning: SimTimeoutError was moved from `cocotb.result` to `cocotb.triggers`.\n                                                          from cocotb.result import SimTimeoutError\n     0.00ns INFO     cocotb.regression                  Running tests\n     0.00ns INFO     cocotb.regression                  running test_top.run_axi_handshake_test (1/1)\n                                                            Single cocotb entry point for all UVM test classes.\n     0.00ns INFO     test                               Starting clock: period=10 ns, top_module=axi_handshake\n     0.00ns WARNING  py.warnings                        /workspace/generated/designs/axi_handshake/tb/test_top.py:86: DeprecationWarning: The 'units' argument has been renamed to 'unit'.\n                                                          clock = Clock(dut.clk, clock_period_ns, units=\"ns\")\n   100.00ns INFO     test                               Reset deasserted\n   100.00ns INFO     test                               ConfigDB populated: dut, dut_helper, clock_period=10, clk_name='clk', rst_name='rst_n', reset_polarity='active_low', ref_model=<module>\n   100.00ns INFO     test                               Launching UVM test: StallHoldTest\n   100.00ns INFO     .._handshake/tb/environment.py(67) [uvm_test_top.env]: AxiHandshakeEnv built\n   100.00ns WARNING  cocotb.regression                  test_top.run_axi_handshake_test failed\n                                                        Traceback (most recent call last):\n                                                          File \"/workspace/generated/designs/axi_handshake/tb/test_top.py\", line 131, in run_axi_handshake_test\n                                                            await cocotb.triggers.with_timeout(\n                                                          File \"/home/ray/anaconda3/lib/python3.10/site-packages/cocotb/_extended_awaitables.py\", line 356, in with_timeout\n                                                            i, res = await select(\n                                                          File \"/home/ray/anaconda3/lib/python3.10/site-packages/cocotb/_concurrent_waiters.py\", line 246, in select\n                                                            return idx, tasks[idx].result()\n                                                          File \"/home/ray/anaconda3/lib/python3.10/site-packages/cocotb/task.py\", line 660, in result\n                                                            raise cast(\"BaseException\", self._outcome)\n                                                          File \"/home/ray/anaconda3/lib/python3.10/site-packages/pyuvm/_s13_uvm_component.py\", line 529, in run_test\n                                                            root.running_phase.traverse(root.uvm_test_top)\n                                                          File \"/home/ray/anaconda3/lib/python3.10/site-packages/pyuvm/_s09_phasing.py\", line 65, in traverse\n                                                            cls.traverse(child)\n                                                          File \"/home/ray/anaconda3/lib/python3.10/site-packages/pyuvm/_s09_phasing.py\", line 65, in traverse\n                                                            cls.traverse(child)\n                                                          File \"/home/ray/anaconda3/lib/python3.10/site-packages/pyuvm/_s09_phasing.py\", line 63, in traverse\n                                                            cls.execute(comp)  # first we execute this node then its children\n                                                          File \"/home/ray/anaconda3/lib/python3.10/site-packages/pyuvm/_s09_phasing.py\", line 44, in execute\n                                                            method()\n                                                          File \"/workspace/generated/designs/axi_handshake/tb/scoreboard.py\", line 102, in build_phase\n                                                            self.dut = ConfigDB().get(None, \"\", \"dut\")\n                                                          File \"/home/ray/anaconda3/lib/python3.10/site-packages/pyuvm/_s13_uvm_component.py\", line 758, in get\n                                                            return self._not_found(f'\"{inst_name}\" is not in ConfigDB().', default)\n                                                          File \"/home/ray/anaconda3/lib/python3.10/site-packages/pyuvm/_s13_uvm_component.py\", line 801, in _not_found\n                                                            raise UVMConfigItemNotFound(msg)\n                                                        pyuvm.UVMConfigItemNotFound: \"\" is not in ConfigDB().\n   100.00ns INFO     cocotb.regression                  *****************************************************************************************\n                                                        ** TEST                             STATUS  SIM TIME (ns)  REAL TIME (s)  RATIO (ns/s) **\n                                                        *****************************************************************************************\n                                                        ** test_top.run_axi_handshake_test   FAIL         100.00           0.00      66681.87  **\n                                                        *****************************************************************************************\n                                                        ** TESTS=1 PASS=0 FAIL=1 SKIP=0                   100.00           0.00      48486.33  **\n                                                        *****************************************************************************************\n- :0: Verilog $finish\nmake: *** [/home/ray/anaconda3/lib/python3.10/site-packages/cocotb_tools/makefiles/simulators/Makefile.verilator:74: /workspace/generated/designs/axi_handshake/tb/.chia_sim/StallHoldTest.xml] Error 1\n",
        "command": [
          "timeout",
          "--signal=TERM",
          "--kill-after=5",
          "60",
          "make",
          "-f",
          "/workspace/generated/designs/axi_handshake/tb/.chia_sim/Makefile",
          "SIM=verilator",
          "TOPLEVEL_LANG=verilog",
          "TOPLEVEL=axi_handshake",
          "COCOTB_TOPLEVEL=axi_handshake",
          "MODULE=test_top",
          "COCOTB_TEST_MODULES=test_top",
          "VERILOG_SOURCES=/workspace/benchmarks/axi_handshake/axi_handshake.sv",
          "SIM_BUILD=/workspace/generated/designs/axi_handshake/tb/.chia_sim/build/a97906fcf629",
          "COCOTB_RESULTS_FILE=/workspace/generated/designs/axi_handshake/tb/.chia_sim/StallHoldTest.xml",
          "COCOTB_HDL_TIMEUNIT=1ns",
          "COCOTB_HDL_TIMEPRECISION=1ps",
          "BUILD_ARGS=-j 4"
        ],
        "test_name": "StallHoldTest",
        "test_module": "test_top",
        "results_file": "/workspace/generated/designs/axi_handshake/tb/.chia_sim/StallHoldTest.xml",
        "results_file_exists": true
      },
      "SimultaneousTransferTest": {
        "status": "runtime_error",
        "category": "runtime_error",
        "timed_out": false,
        "watchdog_expired": false,
        "returncode": 2,
        "counts": {
          "uvm_errors": 0,
          "uvm_fatals": 0,
          "uvm_warnings": 0,
          "scoreboard_mismatches": 0,
          "assertion_failures": 0
        },
        "clean_exit": false,
        "log": "rm -f /workspace/generated/designs/axi_handshake/tb/.chia_sim/SimultaneousTransferTest.xml\nrm -f /workspace/generated/designs/axi_handshake/tb/.chia_sim/SimultaneousTransferTest.xml\nCOCOTB_TEST_MODULES=test_top COCOTB_TESTCASE=  COCOTB_TOPLEVEL=axi_handshake TOPLEVEL_LANG=verilog       \\\n         /workspace/generated/designs/axi_handshake/tb/.chia_sim/build/a97906fcf629/Vtop     \n     -.--ns INFO     gpi                                ../gpi/GpiCommon.cpp:242  in gpi_load_users                  Loaded entry library: '/home/ray/anaconda3/lib/libpython3.10.so.1.0'\n     -.--ns INFO     gpi                                ../gpi/GpiCommon.cpp:233  in gpi_load_users                  Running entry func 'initialize' from loaded library '/home/ray/anaconda3/lib/python3.10/site-packages/cocotb/simulator.cpython-310-x86_64-linux-gnu.so'\n     -.--ns INFO     pygpi                              ..ib/pygpi/embed.cpp:114  in initialize                      Using Python 3.10.19 interpreter at /home/ray/anaconda3/bin/python3\n     -.--ns INFO     gpi                                ../gpi/GpiCommon.cpp:74   in gpi_print_registered_impl       GPI: VPI support registered\n     0.00ns INFO     cocotb.initialize                  Seeding Python random module with 1789056723\n     0.00ns INFO     cocotb.initialize                  Initialized cocotb v2.1.0 from /home/ray/anaconda3/lib/python3.10/site-packages/cocotb\n     0.00ns INFO     cocotb.initialize                  Running on Verilator version 5.042 2025-11-02\n     0.00ns WARNING  py.warnings                        /workspace/generated/designs/axi_handshake/tb/test_top.py:27: DeprecationWarning: SimTimeoutError was moved from `cocotb.result` to `cocotb.triggers`.\n                                                          from cocotb.result import SimTimeoutError\n     0.00ns INFO     cocotb.regression                  Running tests\n     0.00ns INFO     cocotb.regression                  running test_top.run_axi_handshake_test (1/1)\n                                                            Single cocotb entry point for all UVM test classes.\n     0.00ns INFO     test                               Starting clock: period=10 ns, top_module=axi_handshake\n     0.00ns WARNING  py.warnings                        /workspace/generated/designs/axi_handshake/tb/test_top.py:86: DeprecationWarning: The 'units' argument has been renamed to 'unit'.\n                                                          clock = Clock(dut.clk, clock_period_ns, units=\"ns\")\n   100.00ns INFO     test                               Reset deasserted\n   100.00ns INFO     test                               ConfigDB populated: dut, dut_helper, clock_period=10, clk_name='clk', rst_name='rst_n', reset_polarity='active_low', ref_model=<module>\n   100.00ns INFO     test                               Launching UVM test: SimultaneousTransferTest\n   100.00ns INFO     .._handshake/tb/environment.py(67) [uvm_test_top.env]: AxiHandshakeEnv built\n   100.00ns WARNING  cocotb.regression                  test_top.run_axi_handshake_test failed\n                                                        Traceback (most recent call last):\n                                                          File \"/workspace/generated/designs/axi_handshake/tb/test_top.py\", line 131, in run_axi_handshake_test\n                                                            await cocotb.triggers.with_timeout(\n                                                          File \"/home/ray/anaconda3/lib/python3.10/site-packages/cocotb/_extended_awaitables.py\", line 356, in with_timeout\n                                                            i, res = await select(\n                                                          File \"/home/ray/anaconda3/lib/python3.10/site-packages/cocotb/_concurrent_waiters.py\", line 246, in select\n                                                            return idx, tasks[idx].result()\n                                                          File \"/home/ray/anaconda3/lib/python3.10/site-packages/cocotb/task.py\", line 660, in result\n                                                            raise cast(\"BaseException\", self._outcome)\n                                                          File \"/home/ray/anaconda3/lib/python3.10/site-packages/pyuvm/_s13_uvm_component.py\", line 529, in run_test\n                                                            root.running_phase.traverse(root.uvm_test_top)\n                                                          File \"/home/ray/anaconda3/lib/python3.10/site-packages/pyuvm/_s09_phasing.py\", line 65, in traverse\n                                                            cls.traverse(child)\n                                                          File \"/home/ray/anaconda3/lib/python3.10/site-packages/pyuvm/_s09_phasing.py\", line 65, in traverse\n                                                            cls.traverse(child)\n                                                          File \"/home/ray/anaconda3/lib/python3.10/site-packages/pyuvm/_s09_phasing.py\", line 63, in traverse\n                                                            cls.execute(comp)  # first we execute this node then its children\n                                                          File \"/home/ray/anaconda3/lib/python3.10/site-packages/pyuvm/_s09_phasing.py\", line 44, in execute\n                                                            method()\n                                                          File \"/workspace/generated/designs/axi_handshake/tb/scoreboard.py\", line 102, in build_phase\n                                                            self.dut = ConfigDB().get(None, \"\", \"dut\")\n                                                          File \"/home/ray/anaconda3/lib/python3.10/site-packages/pyuvm/_s13_uvm_component.py\", line 758, in get\n                                                            return self._not_found(f'\"{inst_name}\" is not in ConfigDB().', default)\n                                                          File \"/home/ray/anaconda3/lib/python3.10/site-packages/pyuvm/_s13_uvm_component.py\", line 801, in _not_found\n                                                            raise UVMConfigItemNotFound(msg)\n                                                        pyuvm.UVMConfigItemNotFound: \"\" is not in ConfigDB().\n   100.00ns INFO     cocotb.regression                  *****************************************************************************************\n                                                        ** TEST                             STATUS  SIM TIME (ns)  REAL TIME (s)  RATIO (ns/s) **\n                                                        *****************************************************************************************\n                                                        ** test_top.run_axi_handshake_test   FAIL         100.00           0.00      66334.77  **\n                                                        *****************************************************************************************\n                                                        ** TESTS=1 PASS=0 FAIL=1 SKIP=0                   100.00           0.00      47479.28  **\n                                                        *****************************************************************************************\n- :0: Verilog $finish\nmake: *** [/home/ray/anaconda3/lib/python3.10/site-packages/cocotb_tools/makefiles/simulators/Makefile.verilator:74: /workspace/generated/designs/axi_handshake/tb/.chia_sim/SimultaneousTransferTest.xml] Error 1\n",
        "command": [
          "timeout",
          "--signal=TERM",
          "--kill-after=5",
          "60",
          "make",
          "-f",
          "/workspace/generated/designs/axi_handshake/tb/.chia_sim/Makefile",
          "SIM=verilator",
          "TOPLEVEL_LANG=verilog",
          "TOPLEVEL=axi_handshake",
          "COCOTB_TOPLEVEL=axi_handshake",
          "MODULE=test_top",
          "COCOTB_TEST_MODULES=test_top",
          "VERILOG_SOURCES=/workspace/benchmarks/axi_handshake/axi_handshake.sv",
          "SIM_BUILD=/workspace/generated/designs/axi_handshake/tb/.chia_sim/build/a97906fcf629",
          "COCOTB_RESULTS_FILE=/workspace/generated/designs/axi_handshake/tb/.chia_sim/SimultaneousTransferTest.xml",
          "COCOTB_HDL_TIMEUNIT=1ns",
          "COCOTB_HDL_TIMEPRECISION=1ps",
          "BUILD_ARGS=-j 4"
        ],
        "test_name": "SimultaneousTransferTest",
        "test_module": "test_top",
        "results_file": "/workspace/generated/designs/axi_handshake/tb/.chia_sim/SimultaneousTransferTest.xml",
        "results_file_exists": true
      },
      "SequentialLoadsTest": {
        "status": "runtime_error",
        "category": "runtime_error",
        "timed_out": false,
        "watchdog_expired": false,
        "returncode": 2,
        "counts": {
          "uvm_errors": 0,
          "uvm_fatals": 0,
          "uvm_warnings": 0,
          "scoreboard_mismatches": 0,
          "assertion_failures": 0
        },
        "clean_exit": false,
        "log": "rm -f /workspace/generated/designs/axi_handshake/tb/.chia_sim/SequentialLoadsTest.xml\nrm -f /workspace/generated/designs/axi_handshake/tb/.chia_sim/SequentialLoadsTest.xml\nCOCOTB_TEST_MODULES=test_top COCOTB_TESTCASE=  COCOTB_TOPLEVEL=axi_handshake TOPLEVEL_LANG=verilog       \\\n         /workspace/generated/designs/axi_handshake/tb/.chia_sim/build/a97906fcf629/Vtop     \n     -.--ns INFO     gpi                                ../gpi/GpiCommon.cpp:242  in gpi_load_users                  Loaded entry library: '/home/ray/anaconda3/lib/libpython3.10.so.1.0'\n     -.--ns INFO     gpi                                ../gpi/GpiCommon.cpp:233  in gpi_load_users                  Running entry func 'initialize' from loaded library '/home/ray/anaconda3/lib/python3.10/site-packages/cocotb/simulator.cpython-310-x86_64-linux-gnu.so'\n     -.--ns INFO     pygpi                              ..ib/pygpi/embed.cpp:114  in initialize                      Using Python 3.10.19 interpreter at /home/ray/anaconda3/bin/python3\n     -.--ns INFO     gpi                                ../gpi/GpiCommon.cpp:74   in gpi_print_registered_impl       GPI: VPI support registered\n     0.00ns INFO     cocotb.initialize                  Seeding Python random module with 1789056724\n     0.00ns INFO     cocotb.initialize                  Initialized cocotb v2.1.0 from /home/ray/anaconda3/lib/python3.10/site-packages/cocotb\n     0.00ns INFO     cocotb.initialize                  Running on Verilator version 5.042 2025-11-02\n     0.00ns WARNING  py.warnings                        /workspace/generated/designs/axi_handshake/tb/test_top.py:27: DeprecationWarning: SimTimeoutError was moved from `cocotb.result` to `cocotb.triggers`.\n                                                          from cocotb.result import SimTimeoutError\n     0.00ns INFO     cocotb.regression                  Running tests\n     0.00ns INFO     cocotb.regression                  running test_top.run_axi_handshake_test (1/1)\n                                                            Single cocotb entry point for all UVM test classes.\n     0.00ns INFO     test                               Starting clock: period=10 ns, top_module=axi_handshake\n     0.00ns WARNING  py.warnings                        /workspace/generated/designs/axi_handshake/tb/test_top.py:86: DeprecationWarning: The 'units' argument has been renamed to 'unit'.\n                                                          clock = Clock(dut.clk, clock_period_ns, units=\"ns\")\n   100.00ns INFO     test                               Reset deasserted\n   100.00ns INFO     test                               ConfigDB populated: dut, dut_helper, clock_period=10, clk_name='clk', rst_name='rst_n', reset_polarity='active_low', ref_model=<module>\n   100.00ns INFO     test                               Launching UVM test: SequentialLoadsTest\n   100.00ns INFO     .._handshake/tb/environment.py(67) [uvm_test_top.env]: AxiHandshakeEnv built\n   100.00ns WARNING  cocotb.regression                  test_top.run_axi_handshake_test failed\n                                                        Traceback (most recent call last):\n                                                          File \"/workspace/generated/designs/axi_handshake/tb/test_top.py\", line 131, in run_axi_handshake_test\n                                                            await cocotb.triggers.with_timeout(\n                                                          File \"/home/ray/anaconda3/lib/python3.10/site-packages/cocotb/_extended_awaitables.py\", line 356, in with_timeout\n                                                            i, res = await select(\n                                                          File \"/home/ray/anaconda3/lib/python3.10/site-packages/cocotb/_concurrent_waiters.py\", line 246, in select\n                                                            return idx, tasks[idx].result()\n                                                          File \"/home/ray/anaconda3/lib/python3.10/site-packages/cocotb/task.py\", line 660, in result\n                                                            raise cast(\"BaseException\", self._outcome)\n                                                          File \"/home/ray/anaconda3/lib/python3.10/site-packages/pyuvm/_s13_uvm_component.py\", line 529, in run_test\n                                                            root.running_phase.traverse(root.uvm_test_top)\n                                                          File \"/home/ray/anaconda3/lib/python3.10/site-packages/pyuvm/_s09_phasing.py\", line 65, in traverse\n                                                            cls.traverse(child)\n                                                          File \"/home/ray/anaconda3/lib/python3.10/site-packages/pyuvm/_s09_phasing.py\", line 65, in traverse\n                                                            cls.traverse(child)\n                                                          File \"/home/ray/anaconda3/lib/python3.10/site-packages/pyuvm/_s09_phasing.py\", line 63, in traverse\n                                                            cls.execute(comp)  # first we execute this node then its children\n                                                          File \"/home/ray/anaconda3/lib/python3.10/site-packages/pyuvm/_s09_phasing.py\", line 44, in execute\n                                                            method()\n                                                          File \"/workspace/generated/designs/axi_handshake/tb/scoreboard.py\", line 102, in build_phase\n                                                            self.dut = ConfigDB().get(None, \"\", \"dut\")\n                                                          File \"/home/ray/anaconda3/lib/python3.10/site-packages/pyuvm/_s13_uvm_component.py\", line 758, in get\n                                                            return self._not_found(f'\"{inst_name}\" is not in ConfigDB().', default)\n                                                          File \"/home/ray/anaconda3/lib/python3.10/site-packages/pyuvm/_s13_uvm_component.py\", line 801, in _not_found\n                                                            raise UVMConfigItemNotFound(msg)\n                                                        pyuvm.UVMConfigItemNotFound: \"\" is not in ConfigDB().\n   100.00ns INFO     cocotb.regression                  *****************************************************************************************\n                                                        ** TEST                             STATUS  SIM TIME (ns)  REAL TIME (s)  RATIO (ns/s) **\n                                                        *****************************************************************************************\n                                                        ** test_top.run_axi_handshake_test   FAIL         100.00           0.00      70993.23  **\n                                                        *****************************************************************************************\n                                                        ** TESTS=1 PASS=0 FAIL=1 SKIP=0                   100.00           0.00      51241.03  **\n                                                        *****************************************************************************************\n- :0: Verilog $finish\nmake: *** [/home/ray/anaconda3/lib/python3.10/site-packages/cocotb_tools/makefiles/simulators/Makefile.verilator:74: /workspace/generated/designs/axi_handshake/tb/.chia_sim/SequentialLoadsTest.xml] Error 1\n",
        "command": [
          "timeout",
          "--signal=TERM",
          "--kill-after=5",
          "60",
          "make",
          "-f",
          "/workspace/generated/designs/axi_handshake/tb/.chia_sim/Makefile",
          "SIM=verilator",
          "TOPLEVEL_LANG=verilog",
          "TOPLEVEL=axi_handshake",
          "COCOTB_TOPLEVEL=axi_handshake",
          "MODULE=test_top",
          "COCOTB_TEST_MODULES=test_top",
          "VERILOG_SOURCES=/workspace/benchmarks/axi_handshake/axi_handshake.sv",
          "SIM_BUILD=/workspace/generated/designs/axi_handshake/tb/.chia_sim/build/a97906fcf629",
          "COCOTB_RESULTS_FILE=/workspace/generated/designs/axi_handshake/tb/.chia_sim/SequentialLoadsTest.xml",
          "COCOTB_HDL_TIMEUNIT=1ns",
          "COCOTB_HDL_TIMEPRECISION=1ps",
          "BUILD_ARGS=-j 4"
        ],
        "test_name": "SequentialLoadsTest",
        "test_module": "test_top",
        "results_file": "/workspace/generated/designs/axi_handshake/tb/.chia_sim/SequentialLoadsTest.xml",
        "results_file_exists": true
      },
      "NoInputWhenStalledTest": {
        "status": "runtime_error",
        "category": "runtime_error",
        "timed_out": false,
        "watchdog_expired": false,
        "returncode": 2,
        "counts": {
          "uvm_errors": 0,
          "uvm_fatals": 0,
          "uvm_warnings": 0,
          "scoreboard_mismatches": 0,
          "assertion_failures": 0
        },
        "clean_exit": false,
        "log": "rm -f /workspace/generated/designs/axi_handshake/tb/.chia_sim/NoInputWhenStalledTest.xml\nrm -f /workspace/generated/designs/axi_handshake/tb/.chia_sim/NoInputWhenStalledTest.xml\nCOCOTB_TEST_MODULES=test_top COCOTB_TESTCASE=  COCOTB_TOPLEVEL=axi_handshake TOPLEVEL_LANG=verilog       \\\n         /workspace/generated/designs/axi_handshake/tb/.chia_sim/build/a97906fcf629/Vtop     \n     -.--ns INFO     gpi                                ../gpi/GpiCommon.cpp:242  in gpi_load_users                  Loaded entry library: '/home/ray/anaconda3/lib/libpython3.10.so.1.0'\n     -.--ns INFO     gpi                                ../gpi/GpiCommon.cpp:233  in gpi_load_users                  Running entry func 'initialize' from loaded library '/home/ray/anaconda3/lib/python3.10/site-packages/cocotb/simulator.cpython-310-x86_64-linux-gnu.so'\n     -.--ns INFO     pygpi                              ..ib/pygpi/embed.cpp:114  in initialize                      Using Python 3.10.19 interpreter at /home/ray/anaconda3/bin/python3\n     -.--ns INFO     gpi                                ../gpi/GpiCommon.cpp:74   in gpi_print_registered_impl       GPI: VPI support registered\n     0.00ns INFO     cocotb.initialize                  Seeding Python random module with 1789056724\n     0.00ns INFO     cocotb.initialize                  Initialized cocotb v2.1.0 from /home/ray/anaconda3/lib/python3.10/site-packages/cocotb\n     0.00ns INFO     cocotb.initialize                  Running on Verilator version 5.042 2025-11-02\n     0.00ns WARNING  py.warnings                        /workspace/generated/designs/axi_handshake/tb/test_top.py:27: DeprecationWarning: SimTimeoutError was moved from `cocotb.result` to `cocotb.triggers`.\n                                                          from cocotb.result import SimTimeoutError\n     0.00ns INFO     cocotb.regression                  Running tests\n     0.00ns INFO     cocotb.regression                  running test_top.run_axi_handshake_test (1/1)\n                                                            Single cocotb entry point for all UVM test classes.\n     0.00ns INFO     test                               Starting clock: period=10 ns, top_module=axi_handshake\n     0.00ns WARNING  py.warnings                        /workspace/generated/designs/axi_handshake/tb/test_top.py:86: DeprecationWarning: The 'units' argument has been renamed to 'unit'.\n                                                          clock = Clock(dut.clk, clock_period_ns, units=\"ns\")\n   100.00ns INFO     test                               Reset deasserted\n   100.00ns INFO     test                               ConfigDB populated: dut, dut_helper, clock_period=10, clk_name='clk', rst_name='rst_n', reset_polarity='active_low', ref_model=<module>\n   100.00ns INFO     test                               Launching UVM test: NoInputWhenStalledTest\n   100.00ns INFO     .._handshake/tb/environment.py(67) [uvm_test_top.env]: AxiHandshakeEnv built\n   100.00ns WARNING  cocotb.regression                  test_top.run_axi_handshake_test failed\n                                                        Traceback (most recent call last):\n                                                          File \"/workspace/generated/designs/axi_handshake/tb/test_top.py\", line 131, in run_axi_handshake_test\n                                                            await cocotb.triggers.with_timeout(\n                                                          File \"/home/ray/anaconda3/lib/python3.10/site-packages/cocotb/_extended_awaitables.py\", line 356, in with_timeout\n                                                            i, res = await select(\n                                                          File \"/home/ray/anaconda3/lib/python3.10/site-packages/cocotb/_concurrent_waiters.py\", line 246, in select\n                                                            return idx, tasks[idx].result()\n                                                          File \"/home/ray/anaconda3/lib/python3.10/site-packages/cocotb/task.py\", line 660, in result\n                                                            raise cast(\"BaseException\", self._outcome)\n                                                          File \"/home/ray/anaconda3/lib/python3.10/site-packages/pyuvm/_s13_uvm_component.py\", line 529, in run_test\n                                                            root.running_phase.traverse(root.uvm_test_top)\n                                                          File \"/home/ray/anaconda3/lib/python3.10/site-packages/pyuvm/_s09_phasing.py\", line 65, in traverse\n                                                            cls.traverse(child)\n                                                          File \"/home/ray/anaconda3/lib/python3.10/site-packages/pyuvm/_s09_phasing.py\", line 65, in traverse\n                                                            cls.traverse(child)\n                                                          File \"/home/ray/anaconda3/lib/python3.10/site-packages/pyuvm/_s09_phasing.py\", line 63, in traverse\n                                                            cls.execute(comp)  # first we execute this node then its children\n                                                          File \"/home/ray/anaconda3/lib/python3.10/site-packages/pyuvm/_s09_phasing.py\", line 44, in execute\n                                                            method()\n                                                          File \"/workspace/generated/designs/axi_handshake/tb/scoreboard.py\", line 102, in build_phase\n                                                            self.dut = ConfigDB().get(None, \"\", \"dut\")\n                                                          File \"/home/ray/anaconda3/lib/python3.10/site-packages/pyuvm/_s13_uvm_component.py\", line 758, in get\n                                                            return self._not_found(f'\"{inst_name}\" is not in ConfigDB().', default)\n                                                          File \"/home/ray/anaconda3/lib/python3.10/site-packages/pyuvm/_s13_uvm_component.py\", line 801, in _not_found\n                                                            raise UVMConfigItemNotFound(msg)\n                                                        pyuvm.UVMConfigItemNotFound: \"\" is not in ConfigDB().\n   100.00ns INFO     cocotb.regression                  *****************************************************************************************\n                                                        ** TEST                             STATUS  SIM TIME (ns)  REAL TIME (s)  RATIO (ns/s) **\n                                                        *****************************************************************************************\n                                                        ** test_top.run_axi_handshake_test   FAIL         100.00           0.00      72164.65  **\n                                                        *****************************************************************************************\n                                                        ** TESTS=1 PASS=0 FAIL=1 SKIP=0                   100.00           0.00      52378.84  **\n                                                        *****************************************************************************************\n- :0: Verilog $finish\nmake: *** [/home/ray/anaconda3/lib/python3.10/site-packages/cocotb_tools/makefiles/simulators/Makefile.verilator:74: /workspace/generated/designs/axi_handshake/tb/.chia_sim/NoInputWhenStalledTest.xml] Error 1\n",
        "command": [
          "timeout",
          "--signal=TERM",
          "--kill-after=5",
          "60",
          "make",
          "-f",
          "/workspace/generated/designs/axi_handshake/tb/.chia_sim/Makefile",
          "SIM=verilator",
          "TOPLEVEL_LANG=verilog",
          "TOPLEVEL=axi_handshake",
          "COCOTB_TOPLEVEL=axi_handshake",
          "MODULE=test_top",
          "COCOTB_TEST_MODULES=test_top",
          "VERILOG_SOURCES=/workspace/benchmarks/axi_handshake/axi_handshake.sv",
          "SIM_BUILD=/workspace/generated/designs/axi_handshake/tb/.chia_sim/build/a97906fcf629",
          "COCOTB_RESULTS_FILE=/workspace/generated/designs/axi_handshake/tb/.chia_sim/NoInputWhenStalledTest.xml",
          "COCOTB_HDL_TIMEUNIT=1ns",
          "COCOTB_HDL_TIMEPRECISION=1ps",
          "BUILD_ARGS=-j 4"
        ],
        "test_name": "NoInputWhenStalledTest",
        "test_module": "test_top",
        "results_file": "/workspace/generated/designs/axi_handshake/tb/.chia_sim/NoInputWhenStalledTest.xml",
        "results_file_exists": true
      },
      "ResetDuringTransferTest": {
        "status": "runtime_error",
        "category": "runtime_error",
        "timed_out": false,
        "watchdog_expired": false,
        "returncode": 2,
        "counts": {
          "uvm_errors": 0,
          "uvm_fatals": 0,
          "uvm_warnings": 0,
          "scoreboard_mismatches": 0,
          "assertion_failures": 0
        },
        "clean_exit": false,
        "log": "rm -f /workspace/generated/designs/axi_handshake/tb/.chia_sim/ResetDuringTransferTest.xml\nrm -f /workspace/generated/designs/axi_handshake/tb/.chia_sim/ResetDuringTransferTest.xml\nCOCOTB_TEST_MODULES=test_top COCOTB_TESTCASE=  COCOTB_TOPLEVEL=axi_handshake TOPLEVEL_LANG=verilog       \\\n         /workspace/generated/designs/axi_handshake/tb/.chia_sim/build/a97906fcf629/Vtop     \n     -.--ns INFO     gpi                                ../gpi/GpiCommon.cpp:242  in gpi_load_users                  Loaded entry library: '/home/ray/anaconda3/lib/libpython3.10.so.1.0'\n     -.--ns INFO     gpi                                ../gpi/GpiCommon.cpp:233  in gpi_load_users                  Running entry func 'initialize' from loaded library '/home/ray/anaconda3/lib/python3.10/site-packages/cocotb/simulator.cpython-310-x86_64-linux-gnu.so'\n     -.--ns INFO     pygpi                              ..ib/pygpi/embed.cpp:114  in initialize                      Using Python 3.10.19 interpreter at /home/ray/anaconda3/bin/python3\n     -.--ns INFO     gpi                                ../gpi/GpiCommon.cpp:74   in gpi_print_registered_impl       GPI: VPI support registered\n     0.00ns INFO     cocotb.initialize                  Seeding Python random module with 1789056725\n     0.00ns INFO     cocotb.initialize                  Initialized cocotb v2.1.0 from /home/ray/anaconda3/lib/python3.10/site-packages/cocotb\n     0.00ns INFO     cocotb.initialize                  Running on Verilator version 5.042 2025-11-02\n     0.00ns WARNING  py.warnings                        /workspace/generated/designs/axi_handshake/tb/test_top.py:27: DeprecationWarning: SimTimeoutError was moved from `cocotb.result` to `cocotb.triggers`.\n                                                          from cocotb.result import SimTimeoutError\n     0.00ns INFO     cocotb.regression                  Running tests\n     0.00ns INFO     cocotb.regression                  running test_top.run_axi_handshake_test (1/1)\n                                                            Single cocotb entry point for all UVM test classes.\n     0.00ns INFO     test                               Starting clock: period=10 ns, top_module=axi_handshake\n     0.00ns WARNING  py.warnings                        /workspace/generated/designs/axi_handshake/tb/test_top.py:86: DeprecationWarning: The 'units' argument has been renamed to 'unit'.\n                                                          clock = Clock(dut.clk, clock_period_ns, units=\"ns\")\n   100.00ns INFO     test                               Reset deasserted\n   100.00ns INFO     test                               ConfigDB populated: dut, dut_helper, clock_period=10, clk_name='clk', rst_name='rst_n', reset_polarity='active_low', ref_model=<module>\n   100.00ns INFO     test                               Launching UVM test: ResetDuringTransferTest\n   100.00ns INFO     .._handshake/tb/environment.py(67) [uvm_test_top.env]: AxiHandshakeEnv built\n   100.00ns WARNING  cocotb.regression                  test_top.run_axi_handshake_test failed\n                                                        Traceback (most recent call last):\n                                                          File \"/workspace/generated/designs/axi_handshake/tb/test_top.py\", line 131, in run_axi_handshake_test\n                                                            await cocotb.triggers.with_timeout(\n                                                          File \"/home/ray/anaconda3/lib/python3.10/site-packages/cocotb/_extended_awaitables.py\", line 356, in with_timeout\n                                                            i, res = await select(\n                                                          File \"/home/ray/anaconda3/lib/python3.10/site-packages/cocotb/_concurrent_waiters.py\", line 246, in select\n                                                            return idx, tasks[idx].result()\n                                                          File \"/home/ray/anaconda3/lib/python3.10/site-packages/cocotb/task.py\", line 660, in result\n                                                            raise cast(\"BaseException\", self._outcome)\n                                                          File \"/home/ray/anaconda3/lib/python3.10/site-packages/pyuvm/_s13_uvm_component.py\", line 529, in run_test\n                                                            root.running_phase.traverse(root.uvm_test_top)\n                                                          File \"/home/ray/anaconda3/lib/python3.10/site-packages/pyuvm/_s09_phasing.py\", line 65, in traverse\n                                                            cls.traverse(child)\n                                                          File \"/home/ray/anaconda3/lib/python3.10/site-packages/pyuvm/_s09_phasing.py\", line 65, in traverse\n                                                            cls.traverse(child)\n                                                          File \"/home/ray/anaconda3/lib/python3.10/site-packages/pyuvm/_s09_phasing.py\", line 63, in traverse\n                                                            cls.execute(comp)  # first we execute this node then its children\n                                                          File \"/home/ray/anaconda3/lib/python3.10/site-packages/pyuvm/_s09_phasing.py\", line 44, in execute\n                                                            method()\n                                                          File \"/workspace/generated/designs/axi_handshake/tb/scoreboard.py\", line 102, in build_phase\n                                                            self.dut = ConfigDB().get(None, \"\", \"dut\")\n                                                          File \"/home/ray/anaconda3/lib/python3.10/site-packages/pyuvm/_s13_uvm_component.py\", line 758, in get\n                                                            return self._not_found(f'\"{inst_name}\" is not in ConfigDB().', default)\n                                                          File \"/home/ray/anaconda3/lib/python3.10/site-packages/pyuvm/_s13_uvm_component.py\", line 801, in _not_found\n                                                            raise UVMConfigItemNotFound(msg)\n                                                        pyuvm.UVMConfigItemNotFound: \"\" is not in ConfigDB().\n   100.00ns INFO     cocotb.regression                  *****************************************************************************************\n                                                        ** TEST                             STATUS  SIM TIME (ns)  REAL TIME (s)  RATIO (ns/s) **\n                                                        *****************************************************************************************\n                                                        ** test_top.run_axi_handshake_test   FAIL         100.00           0.00      71980.56  **\n                                                        *****************************************************************************************\n                                                        ** TESTS=1 PASS=0 FAIL=1 SKIP=0                   100.00           0.00      52966.41  **\n                                                        *****************************************************************************************\n- :0: Verilog $finish\nmake: *** [/home/ray/anaconda3/lib/python3.10/site-packages/cocotb_tools/makefiles/simulators/Makefile.verilator:74: /workspace/generated/designs/axi_handshake/tb/.chia_sim/ResetDuringTransferTest.xml] Error 1\n",
        "command": [
          "timeout",
          "--signal=TERM",
          "--kill-after=5",
          "60",
          "make",
          "-f",
          "/workspace/generated/designs/axi_handshake/tb/.chia_sim/Makefile",
          "SIM=verilator",
          "TOPLEVEL_LANG=verilog",
          "TOPLEVEL=axi_handshake",
          "COCOTB_TOPLEVEL=axi_handshake",
          "MODULE=test_top",
          "COCOTB_TEST_MODULES=test_top",
          "VERILOG_SOURCES=/workspace/benchmarks/axi_handshake/axi_handshake.sv",
          "SIM_BUILD=/workspace/generated/designs/axi_handshake/tb/.chia_sim/build/a97906fcf629",
          "COCOTB_RESULTS_FILE=/workspace/generated/designs/axi_handshake/tb/.chia_sim/ResetDuringTransferTest.xml",
          "COCOTB_HDL_TIMEUNIT=1ns",
          "COCOTB_HDL_TIMEPRECISION=1ps",
          "BUILD_ARGS=-j 4"
        ],
        "test_name": "ResetDuringTransferTest",
        "test_module": "test_top",
        "results_file": "/workspace/generated/designs/axi_handshake/tb/.chia_sim/ResetDuringTransferTest.xml",
        "results_file_exists": true
      },
      "BackToBackFullRateTest": {
        "status": "runtime_error",
        "category": "runtime_error",
        "timed_out": false,
        "watchdog_expired": false,
        "returncode": 2,
        "counts": {
          "uvm_errors": 0,
          "uvm_fatals": 0,
          "uvm_warnings": 0,
          "scoreboard_mismatches": 0,
          "assertion_failures": 0
        },
        "clean_exit": false,
        "log": "rm -f /workspace/generated/designs/axi_handshake/tb/.chia_sim/BackToBackFullRateTest.xml\nrm -f /workspace/generated/designs/axi_handshake/tb/.chia_sim/BackToBackFullRateTest.xml\nCOCOTB_TEST_MODULES=test_top COCOTB_TESTCASE=  COCOTB_TOPLEVEL=axi_handshake TOPLEVEL_LANG=verilog       \\\n         /workspace/generated/designs/axi_handshake/tb/.chia_sim/build/a97906fcf629/Vtop     \n     -.--ns INFO     gpi                                ../gpi/GpiCommon.cpp:242  in gpi_load_users                  Loaded entry library: '/home/ray/anaconda3/lib/libpython3.10.so.1.0'\n     -.--ns INFO     gpi                                ../gpi/GpiCommon.cpp:233  in gpi_load_users                  Running entry func 'initialize' from loaded library '/home/ray/anaconda3/lib/python3.10/site-packages/cocotb/simulator.cpython-310-x86_64-linux-gnu.so'\n     -.--ns INFO     pygpi                              ..ib/pygpi/embed.cpp:114  in initialize                      Using Python 3.10.19 interpreter at /home/ray/anaconda3/bin/python3\n     -.--ns INFO     gpi                                ../gpi/GpiCommon.cpp:74   in gpi_print_registered_impl       GPI: VPI support registered\n     0.00ns INFO     cocotb.initialize                  Seeding Python random module with 1789056725\n     0.00ns INFO     cocotb.initialize                  Initialized cocotb v2.1.0 from /home/ray/anaconda3/lib/python3.10/site-packages/cocotb\n     0.00ns INFO     cocotb.initialize                  Running on Verilator version 5.042 2025-11-02\n     0.00ns WARNING  py.warnings                        /workspace/generated/designs/axi_handshake/tb/test_top.py:27: DeprecationWarning: SimTimeoutError was moved from `cocotb.result` to `cocotb.triggers`.\n                                                          from cocotb.result import SimTimeoutError\n     0.00ns INFO     cocotb.regression                  Running tests\n     0.00ns INFO     cocotb.regression                  running test_top.run_axi_handshake_test (1/1)\n                                                            Single cocotb entry point for all UVM test classes.\n     0.00ns INFO     test                               Starting clock: period=10 ns, top_module=axi_handshake\n     0.00ns WARNING  py.warnings                        /workspace/generated/designs/axi_handshake/tb/test_top.py:86: DeprecationWarning: The 'units' argument has been renamed to 'unit'.\n                                                          clock = Clock(dut.clk, clock_period_ns, units=\"ns\")\n   100.00ns INFO     test                               Reset deasserted\n   100.00ns INFO     test                               ConfigDB populated: dut, dut_helper, clock_period=10, clk_name='clk', rst_name='rst_n', reset_polarity='active_low', ref_model=<module>\n   100.00ns INFO     test                               Launching UVM test: BackToBackFullRateTest\n   100.00ns INFO     .._handshake/tb/environment.py(67) [uvm_test_top.env]: AxiHandshakeEnv built\n   100.00ns WARNING  cocotb.regression                  test_top.run_axi_handshake_test failed\n                                                        Traceback (most recent call last):\n                                                          File \"/workspace/generated/designs/axi_handshake/tb/test_top.py\", line 131, in run_axi_handshake_test\n                                                            await cocotb.triggers.with_timeout(\n                                                          File \"/home/ray/anaconda3/lib/python3.10/site-packages/cocotb/_extended_awaitables.py\", line 356, in with_timeout\n                                                            i, res = await select(\n                                                          File \"/home/ray/anaconda3/lib/python3.10/site-packages/cocotb/_concurrent_waiters.py\", line 246, in select\n                                                            return idx, tasks[idx].result()\n                                                          File \"/home/ray/anaconda3/lib/python3.10/site-packages/cocotb/task.py\", line 660, in result\n                                                            raise cast(\"BaseException\", self._outcome)\n                                                          File \"/home/ray/anaconda3/lib/python3.10/site-packages/pyuvm/_s13_uvm_component.py\", line 529, in run_test\n                                                            root.running_phase.traverse(root.uvm_test_top)\n                                                          File \"/home/ray/anaconda3/lib/python3.10/site-packages/pyuvm/_s09_phasing.py\", line 65, in traverse\n                                                            cls.traverse(child)\n                                                          File \"/home/ray/anaconda3/lib/python3.10/site-packages/pyuvm/_s09_phasing.py\", line 65, in traverse\n                                                            cls.traverse(child)\n                                                          File \"/home/ray/anaconda3/lib/python3.10/site-packages/pyuvm/_s09_phasing.py\", line 63, in traverse\n                                                            cls.execute(comp)  # first we execute this node then its children\n                                                          File \"/home/ray/anaconda3/lib/python3.10/site-packages/pyuvm/_s09_phasing.py\", line 44, in execute\n                                                            method()\n                                                          File \"/workspace/generated/designs/axi_handshake/tb/scoreboard.py\", line 102, in build_phase\n                                                            self.dut = ConfigDB().get(None, \"\", \"dut\")\n                                                          File \"/home/ray/anaconda3/lib/python3.10/site-packages/pyuvm/_s13_uvm_component.py\", line 758, in get\n                                                            return self._not_found(f'\"{inst_name}\" is not in ConfigDB().', default)\n                                                          File \"/home/ray/anaconda3/lib/python3.10/site-packages/pyuvm/_s13_uvm_component.py\", line 801, in _not_found\n                                                            raise UVMConfigItemNotFound(msg)\n                                                        pyuvm.UVMConfigItemNotFound: \"\" is not in ConfigDB().\n   100.00ns INFO     cocotb.regression                  *****************************************************************************************\n                                                        ** TEST                             STATUS  SIM TIME (ns)  REAL TIME (s)  RATIO (ns/s) **\n                                                        *****************************************************************************************\n                                                        ** test_top.run_axi_handshake_test   FAIL         100.00           0.00      71941.77  **\n                                                        *****************************************************************************************\n                                                        ** TESTS=1 PASS=0 FAIL=1 SKIP=0                   100.00           0.00      52135.52  **\n                                                        *****************************************************************************************\n- :0: Verilog $finish\nmake: *** [/home/ray/anaconda3/lib/python3.10/site-packages/cocotb_tools/makefiles/simulators/Makefile.verilator:74: /workspace/generated/designs/axi_handshake/tb/.chia_sim/BackToBackFullRateTest.xml] Error 1\n",
        "command": [
          "timeout",
          "--signal=TERM",
          "--kill-after=5",
          "60",
          "make",
          "-f",
          "/workspace/generated/designs/axi_handshake/tb/.chia_sim/Makefile",
          "SIM=verilator",
          "TOPLEVEL_LANG=verilog",
          "TOPLEVEL=axi_handshake",
          "COCOTB_TOPLEVEL=axi_handshake",
          "MODULE=test_top",
          "COCOTB_TEST_MODULES=test_top",
          "VERILOG_SOURCES=/workspace/benchmarks/axi_handshake/axi_handshake.sv",
          "SIM_BUILD=/workspace/generated/designs/axi_handshake/tb/.chia_sim/build/a97906fcf629",
          "COCOTB_RESULTS_FILE=/workspace/generated/designs/axi_handshake/tb/.chia_sim/BackToBackFullRateTest.xml",
          "COCOTB_HDL_TIMEUNIT=1ns",
          "COCOTB_HDL_TIMEPRECISION=1ps",
          "BUILD_ARGS=-j 4"
        ],
        "test_name": "BackToBackFullRateTest",
        "test_module": "test_top",
        "results_file": "/workspace/generated/designs/axi_handshake/tb/.chia_sim/BackToBackFullRateTest.xml",
        "results_file_exists": true
      },
      "AllZeroPayloadTest": {
        "status": "runtime_error",
        "category": "runtime_error",
        "timed_out": false,
        "watchdog_expired": false,
        "returncode": 2,
        "counts": {
          "uvm_errors": 0,
          "uvm_fatals": 0,
          "uvm_warnings": 0,
          "scoreboard_mismatches": 0,
          "assertion_failures": 0
        },
        "clean_exit": false,
        "log": "rm -f /workspace/generated/designs/axi_handshake/tb/.chia_sim/AllZeroPayloadTest.xml\nrm -f /workspace/generated/designs/axi_handshake/tb/.chia_sim/AllZeroPayloadTest.xml\nCOCOTB_TEST_MODULES=test_top COCOTB_TESTCASE=  COCOTB_TOPLEVEL=axi_handshake TOPLEVEL_LANG=verilog       \\\n         /workspace/generated/designs/axi_handshake/tb/.chia_sim/build/a97906fcf629/Vtop     \n     -.--ns INFO     gpi                                ../gpi/GpiCommon.cpp:242  in gpi_load_users                  Loaded entry library: '/home/ray/anaconda3/lib/libpython3.10.so.1.0'\n     -.--ns INFO     gpi                                ../gpi/GpiCommon.cpp:233  in gpi_load_users                  Running entry func 'initialize' from loaded library '/home/ray/anaconda3/lib/python3.10/site-packages/cocotb/simulator.cpython-310-x86_64-linux-gnu.so'\n     -.--ns INFO     pygpi                              ..ib/pygpi/embed.cpp:114  in initialize                      Using Python 3.10.19 interpreter at /home/ray/anaconda3/bin/python3\n     -.--ns INFO     gpi                                ../gpi/GpiCommon.cpp:74   in gpi_print_registered_impl       GPI: VPI support registered\n     0.00ns INFO     cocotb.initialize                  Seeding Python random module with 1789056726\n     0.00ns INFO     cocotb.initialize                  Initialized cocotb v2.1.0 from /home/ray/anaconda3/lib/python3.10/site-packages/cocotb\n     0.00ns INFO     cocotb.initialize                  Running on Verilator version 5.042 2025-11-02\n     0.00ns WARNING  py.warnings                        /workspace/generated/designs/axi_handshake/tb/test_top.py:27: DeprecationWarning: SimTimeoutError was moved from `cocotb.result` to `cocotb.triggers`.\n                                                          from cocotb.result import SimTimeoutError\n     0.00ns INFO     cocotb.regression                  Running tests\n     0.00ns INFO     cocotb.regression                  running test_top.run_axi_handshake_test (1/1)\n                                                            Single cocotb entry point for all UVM test classes.\n     0.00ns INFO     test                               Starting clock: period=10 ns, top_module=axi_handshake\n     0.00ns WARNING  py.warnings                        /workspace/generated/designs/axi_handshake/tb/test_top.py:86: DeprecationWarning: The 'units' argument has been renamed to 'unit'.\n                                                          clock = Clock(dut.clk, clock_period_ns, units=\"ns\")\n   100.00ns INFO     test                               Reset deasserted\n   100.00ns INFO     test                               ConfigDB populated: dut, dut_helper, clock_period=10, clk_name='clk', rst_name='rst_n', reset_polarity='active_low', ref_model=<module>\n   100.00ns INFO     test                               Launching UVM test: AllZeroPayloadTest\n   100.00ns INFO     .._handshake/tb/environment.py(67) [uvm_test_top.env]: AxiHandshakeEnv built\n   100.00ns WARNING  cocotb.regression                  test_top.run_axi_handshake_test failed\n                                                        Traceback (most recent call last):\n                                                          File \"/workspace/generated/designs/axi_handshake/tb/test_top.py\", line 131, in run_axi_handshake_test\n                                                            await cocotb.triggers.with_timeout(\n                                                          File \"/home/ray/anaconda3/lib/python3.10/site-packages/cocotb/_extended_awaitables.py\", line 356, in with_timeout\n                                                            i, res = await select(\n                                                          File \"/home/ray/anaconda3/lib/python3.10/site-packages/cocotb/_concurrent_waiters.py\", line 246, in select\n                                                            return idx, tasks[idx].result()\n                                                          File \"/home/ray/anaconda3/lib/python3.10/site-packages/cocotb/task.py\", line 660, in result\n                                                            raise cast(\"BaseException\", self._outcome)\n                                                          File \"/home/ray/anaconda3/lib/python3.10/site-packages/pyuvm/_s13_uvm_component.py\", line 529, in run_test\n                                                            root.running_phase.traverse(root.uvm_test_top)\n                                                          File \"/home/ray/anaconda3/lib/python3.10/site-packages/pyuvm/_s09_phasing.py\", line 65, in traverse\n                                                            cls.traverse(child)\n                                                          File \"/home/ray/anaconda3/lib/python3.10/site-packages/pyuvm/_s09_phasing.py\", line 65, in traverse\n                                                            cls.traverse(child)\n                                                          File \"/home/ray/anaconda3/lib/python3.10/site-packages/pyuvm/_s09_phasing.py\", line 63, in traverse\n                                                            cls.execute(comp)  # first we execute this node then its children\n                                                          File \"/home/ray/anaconda3/lib/python3.10/site-packages/pyuvm/_s09_phasing.py\", line 44, in execute\n                                                            method()\n                                                          File \"/workspace/generated/designs/axi_handshake/tb/scoreboard.py\", line 102, in build_phase\n                                                            self.dut = ConfigDB().get(None, \"\", \"dut\")\n                                                          File \"/home/ray/anaconda3/lib/python3.10/site-packages/pyuvm/_s13_uvm_component.py\", line 758, in get\n                                                            return self._not_found(f'\"{inst_name}\" is not in ConfigDB().', default)\n                                                          File \"/home/ray/anaconda3/lib/python3.10/site-packages/pyuvm/_s13_uvm_component.py\", line 801, in _not_found\n                                                            raise UVMConfigItemNotFound(msg)\n                                                        pyuvm.UVMConfigItemNotFound: \"\" is not in ConfigDB().\n   100.00ns INFO     cocotb.regression                  *****************************************************************************************\n                                                        ** TEST                             STATUS  SIM TIME (ns)  REAL TIME (s)  RATIO (ns/s) **\n                                                        *****************************************************************************************\n                                                        ** test_top.run_axi_handshake_test   FAIL         100.00           0.00      72599.50  **\n                                                        *****************************************************************************************\n                                                        ** TESTS=1 PASS=0 FAIL=1 SKIP=0                   100.00           0.00      53104.26  **\n                                                        *****************************************************************************************\n- :0: Verilog $finish\nmake: *** [/home/ray/anaconda3/lib/python3.10/site-packages/cocotb_tools/makefiles/simulators/Makefile.verilator:74: /workspace/generated/designs/axi_handshake/tb/.chia_sim/AllZeroPayloadTest.xml] Error 1\n",
        "command": [
          "timeout",
          "--signal=TERM",
          "--kill-after=5",
          "60",
          "make",
          "-f",
          "/workspace/generated/designs/axi_handshake/tb/.chia_sim/Makefile",
          "SIM=verilator",
          "TOPLEVEL_LANG=verilog",
          "TOPLEVEL=axi_handshake",
          "COCOTB_TOPLEVEL=axi_handshake",
          "MODULE=test_top",
          "COCOTB_TEST_MODULES=test_top",
          "VERILOG_SOURCES=/workspace/benchmarks/axi_handshake/axi_handshake.sv",
          "SIM_BUILD=/workspace/generated/designs/axi_handshake/tb/.chia_sim/build/a97906fcf629",
          "COCOTB_RESULTS_FILE=/workspace/generated/designs/axi_handshake/tb/.chia_sim/AllZeroPayloadTest.xml",
          "COCOTB_HDL_TIMEUNIT=1ns",
          "COCOTB_HDL_TIMEPRECISION=1ps",
          "BUILD_ARGS=-j 4"
        ],
        "test_name": "AllZeroPayloadTest",
        "test_module": "test_top",
        "results_file": "/workspace/generated/designs/axi_handshake/tb/.chia_sim/AllZeroPayloadTest.xml",
        "results_file_exists": true
      },
      "AllOnePayloadTest": {
        "status": "runtime_error",
        "category": "runtime_error",
        "timed_out": false,
        "watchdog_expired": false,
        "returncode": 2,
        "counts": {
          "uvm_errors": 0,
          "uvm_fatals": 0,
          "uvm_warnings": 0,
          "scoreboard_mismatches": 0,
          "assertion_failures": 0
        },
        "clean_exit": false,
        "log": "rm -f /workspace/generated/designs/axi_handshake/tb/.chia_sim/AllOnePayloadTest.xml\nrm -f /workspace/generated/designs/axi_handshake/tb/.chia_sim/AllOnePayloadTest.xml\nCOCOTB_TEST_MODULES=test_top COCOTB_TESTCASE=  COCOTB_TOPLEVEL=axi_handshake TOPLEVEL_LANG=verilog       \\\n         /workspace/generated/designs/axi_handshake/tb/.chia_sim/build/a97906fcf629/Vtop     \n     -.--ns INFO     gpi                                ../gpi/GpiCommon.cpp:242  in gpi_load_users                  Loaded entry library: '/home/ray/anaconda3/lib/libpython3.10.so.1.0'\n     -.--ns INFO     gpi                                ../gpi/GpiCommon.cpp:233  in gpi_load_users                  Running entry func 'initialize' from loaded library '/home/ray/anaconda3/lib/python3.10/site-packages/cocotb/simulator.cpython-310-x86_64-linux-gnu.so'\n     -.--ns INFO     pygpi                              ..ib/pygpi/embed.cpp:114  in initialize                      Using Python 3.10.19 interpreter at /home/ray/anaconda3/bin/python3\n     -.--ns INFO     gpi                                ../gpi/GpiCommon.cpp:74   in gpi_print_registered_impl       GPI: VPI support registered\n     0.00ns INFO     cocotb.initialize                  Seeding Python random module with 1789056726\n     0.00ns INFO     cocotb.initialize                  Initialized cocotb v2.1.0 from /home/ray/anaconda3/lib/python3.10/site-packages/cocotb\n     0.00ns INFO     cocotb.initialize                  Running on Verilator version 5.042 2025-11-02\n     0.00ns WARNING  py.warnings                        /workspace/generated/designs/axi_handshake/tb/test_top.py:27: DeprecationWarning: SimTimeoutError was moved from `cocotb.result` to `cocotb.triggers`.\n                                                          from cocotb.result import SimTimeoutError\n     0.00ns INFO     cocotb.regression                  Running tests\n     0.00ns INFO     cocotb.regression                  running test_top.run_axi_handshake_test (1/1)\n                                                            Single cocotb entry point for all UVM test classes.\n     0.00ns INFO     test                               Starting clock: period=10 ns, top_module=axi_handshake\n     0.00ns WARNING  py.warnings                        /workspace/generated/designs/axi_handshake/tb/test_top.py:86: DeprecationWarning: The 'units' argument has been renamed to 'unit'.\n                                                          clock = Clock(dut.clk, clock_period_ns, units=\"ns\")\n   100.00ns INFO     test                               Reset deasserted\n   100.00ns INFO     test                               ConfigDB populated: dut, dut_helper, clock_period=10, clk_name='clk', rst_name='rst_n', reset_polarity='active_low', ref_model=<module>\n   100.00ns INFO     test                               Launching UVM test: AllOnePayloadTest\n   100.00ns INFO     .._handshake/tb/environment.py(67) [uvm_test_top.env]: AxiHandshakeEnv built\n   100.00ns WARNING  cocotb.regression                  test_top.run_axi_handshake_test failed\n                                                        Traceback (most recent call last):\n                                                          File \"/workspace/generated/designs/axi_handshake/tb/test_top.py\", line 131, in run_axi_handshake_test\n                                                            await cocotb.triggers.with_timeout(\n                                                          File \"/home/ray/anaconda3/lib/python3.10/site-packages/cocotb/_extended_awaitables.py\", line 356, in with_timeout\n                                                            i, res = await select(\n                                                          File \"/home/ray/anaconda3/lib/python3.10/site-packages/cocotb/_concurrent_waiters.py\", line 246, in select\n                                                            return idx, tasks[idx].result()\n                                                          File \"/home/ray/anaconda3/lib/python3.10/site-packages/cocotb/task.py\", line 660, in result\n                                                            raise cast(\"BaseException\", self._outcome)\n                                                          File \"/home/ray/anaconda3/lib/python3.10/site-packages/pyuvm/_s13_uvm_component.py\", line 529, in run_test\n                                                            root.running_phase.traverse(root.uvm_test_top)\n                                                          File \"/home/ray/anaconda3/lib/python3.10/site-packages/pyuvm/_s09_phasing.py\", line 65, in traverse\n                                                            cls.traverse(child)\n                                                          File \"/home/ray/anaconda3/lib/python3.10/site-packages/pyuvm/_s09_phasing.py\", line 65, in traverse\n                                                            cls.traverse(child)\n                                                          File \"/home/ray/anaconda3/lib/python3.10/site-packages/pyuvm/_s09_phasing.py\", line 63, in traverse\n                                                            cls.execute(comp)  # first we execute this node then its children\n                                                          File \"/home/ray/anaconda3/lib/python3.10/site-packages/pyuvm/_s09_phasing.py\", line 44, in execute\n                                                            method()\n                                                          File \"/workspace/generated/designs/axi_handshake/tb/scoreboard.py\", line 102, in build_phase\n                                                            self.dut = ConfigDB().get(None, \"\", \"dut\")\n                                                          File \"/home/ray/anaconda3/lib/python3.10/site-packages/pyuvm/_s13_uvm_component.py\", line 758, in get\n                                                            return self._not_found(f'\"{inst_name}\" is not in ConfigDB().', default)\n                                                          File \"/home/ray/anaconda3/lib/python3.10/site-packages/pyuvm/_s13_uvm_component.py\", line 801, in _not_found\n                                                            raise UVMConfigItemNotFound(msg)\n                                                        pyuvm.UVMConfigItemNotFound: \"\" is not in ConfigDB().\n   100.00ns INFO     cocotb.regression                  *****************************************************************************************\n                                                        ** TEST                             STATUS  SIM TIME (ns)  REAL TIME (s)  RATIO (ns/s) **\n                                                        *****************************************************************************************\n                                                        ** test_top.run_axi_handshake_test   FAIL         100.00           0.00      70275.30  **\n                                                        *****************************************************************************************\n                                                        ** TESTS=1 PASS=0 FAIL=1 SKIP=0                   100.00           0.00      51125.14  **\n                                                        *****************************************************************************************\n- :0: Verilog $finish\nmake: *** [/home/ray/anaconda3/lib/python3.10/site-packages/cocotb_tools/makefiles/simulators/Makefile.verilator:74: /workspace/generated/designs/axi_handshake/tb/.chia_sim/AllOnePayloadTest.xml] Error 1\n",
        "command": [
          "timeout",
          "--signal=TERM",
          "--kill-after=5",
          "60",
          "make",
          "-f",
          "/workspace/generated/designs/axi_handshake/tb/.chia_sim/Makefile",
          "SIM=verilator",
          "TOPLEVEL_LANG=verilog",
          "TOPLEVEL=axi_handshake",
          "COCOTB_TOPLEVEL=axi_handshake",
          "MODULE=test_top",
          "COCOTB_TEST_MODULES=test_top",
          "VERILOG_SOURCES=/workspace/benchmarks/axi_handshake/axi_handshake.sv",
          "SIM_BUILD=/workspace/generated/designs/axi_handshake/tb/.chia_sim/build/a97906fcf629",
          "COCOTB_RESULTS_FILE=/workspace/generated/designs/axi_handshake/tb/.chia_sim/AllOnePayloadTest.xml",
          "COCOTB_HDL_TIMEUNIT=1ns",
          "COCOTB_HDL_TIMEPRECISION=1ps",
          "BUILD_ARGS=-j 4"
        ],
        "test_name": "AllOnePayloadTest",
        "test_module": "test_top",
        "results_file": "/workspace/generated/designs/axi_handshake/tb/.chia_sim/AllOnePayloadTest.xml",
        "results_file_exists": true
      },
      "ProducerHoldsForeverTest": {
        "status": "runtime_error",
        "category": "runtime_error",
        "timed_out": false,
        "watchdog_expired": false,
        "returncode": 2,
        "counts": {
          "uvm_errors": 0,
          "uvm_fatals": 0,
          "uvm_warnings": 0,
          "scoreboard_mismatches": 0,
          "assertion_failures": 0
        },
        "clean_exit": false,
        "log": "rm -f /workspace/generated/designs/axi_handshake/tb/.chia_sim/ProducerHoldsForeverTest.xml\nrm -f /workspace/generated/designs/axi_handshake/tb/.chia_sim/ProducerHoldsForeverTest.xml\nCOCOTB_TEST_MODULES=test_top COCOTB_TESTCASE=  COCOTB_TOPLEVEL=axi_handshake TOPLEVEL_LANG=verilog       \\\n         /workspace/generated/designs/axi_handshake/tb/.chia_sim/build/a97906fcf629/Vtop     \n     -.--ns INFO     gpi                                ../gpi/GpiCommon.cpp:242  in gpi_load_users                  Loaded entry library: '/home/ray/anaconda3/lib/libpython3.10.so.1.0'\n     -.--ns INFO     gpi                                ../gpi/GpiCommon.cpp:233  in gpi_load_users                  Running entry func 'initialize' from loaded library '/home/ray/anaconda3/lib/python3.10/site-packages/cocotb/simulator.cpython-310-x86_64-linux-gnu.so'\n     -.--ns INFO     pygpi                              ..ib/pygpi/embed.cpp:114  in initialize                      Using Python 3.10.19 interpreter at /home/ray/anaconda3/bin/python3\n     -.--ns INFO     gpi                                ../gpi/GpiCommon.cpp:74   in gpi_print_registered_impl       GPI: VPI support registered\n     0.00ns INFO     cocotb.initialize                  Seeding Python random module with 1789056727\n     0.00ns INFO     cocotb.initialize                  Initialized cocotb v2.1.0 from /home/ray/anaconda3/lib/python3.10/site-packages/cocotb\n     0.00ns INFO     cocotb.initialize                  Running on Verilator version 5.042 2025-11-02\n     0.00ns WARNING  py.warnings                        /workspace/generated/designs/axi_handshake/tb/test_top.py:27: DeprecationWarning: SimTimeoutError was moved from `cocotb.result` to `cocotb.triggers`.\n                                                          from cocotb.result import SimTimeoutError\n     0.00ns INFO     cocotb.regression                  Running tests\n     0.00ns INFO     cocotb.regression                  running test_top.run_axi_handshake_test (1/1)\n                                                            Single cocotb entry point for all UVM test classes.\n     0.00ns INFO     test                               Starting clock: period=10 ns, top_module=axi_handshake\n     0.00ns WARNING  py.warnings                        /workspace/generated/designs/axi_handshake/tb/test_top.py:86: DeprecationWarning: The 'units' argument has been renamed to 'unit'.\n                                                          clock = Clock(dut.clk, clock_period_ns, units=\"ns\")\n   100.00ns INFO     test                               Reset deasserted\n   100.00ns INFO     test                               ConfigDB populated: dut, dut_helper, clock_period=10, clk_name='clk', rst_name='rst_n', reset_polarity='active_low', ref_model=<module>\n   100.00ns INFO     test                               Launching UVM test: ProducerHoldsForeverTest\n   100.00ns INFO     .._handshake/tb/environment.py(67) [uvm_test_top.env]: AxiHandshakeEnv built\n   100.00ns WARNING  cocotb.regression                  test_top.run_axi_handshake_test failed\n                                                        Traceback (most recent call last):\n                                                          File \"/workspace/generated/designs/axi_handshake/tb/test_top.py\", line 131, in run_axi_handshake_test\n                                                            await cocotb.triggers.with_timeout(\n                                                          File \"/home/ray/anaconda3/lib/python3.10/site-packages/cocotb/_extended_awaitables.py\", line 356, in with_timeout\n                                                            i, res = await select(\n                                                          File \"/home/ray/anaconda3/lib/python3.10/site-packages/cocotb/_concurrent_waiters.py\", line 246, in select\n                                                            return idx, tasks[idx].result()\n                                                          File \"/home/ray/anaconda3/lib/python3.10/site-packages/cocotb/task.py\", line 660, in result\n                                                            raise cast(\"BaseException\", self._outcome)\n                                                          File \"/home/ray/anaconda3/lib/python3.10/site-packages/pyuvm/_s13_uvm_component.py\", line 529, in run_test\n                                                            root.running_phase.traverse(root.uvm_test_top)\n                                                          File \"/home/ray/anaconda3/lib/python3.10/site-packages/pyuvm/_s09_phasing.py\", line 65, in traverse\n                                                            cls.traverse(child)\n                                                          File \"/home/ray/anaconda3/lib/python3.10/site-packages/pyuvm/_s09_phasing.py\", line 65, in traverse\n                                                            cls.traverse(child)\n                                                          File \"/home/ray/anaconda3/lib/python3.10/site-packages/pyuvm/_s09_phasing.py\", line 63, in traverse\n                                                            cls.execute(comp)  # first we execute this node then its children\n                                                          File \"/home/ray/anaconda3/lib/python3.10/site-packages/pyuvm/_s09_phasing.py\", line 44, in execute\n                                                            method()\n                                                          File \"/workspace/generated/designs/axi_handshake/tb/scoreboard.py\", line 102, in build_phase\n                                                            self.dut = ConfigDB().get(None, \"\", \"dut\")\n                                                          File \"/home/ray/anaconda3/lib/python3.10/site-packages/pyuvm/_s13_uvm_component.py\", line 758, in get\n                                                            return self._not_found(f'\"{inst_name}\" is not in ConfigDB().', default)\n                                                          File \"/home/ray/anaconda3/lib/python3.10/site-packages/pyuvm/_s13_uvm_component.py\", line 801, in _not_found\n                                                            raise UVMConfigItemNotFound(msg)\n                                                        pyuvm.UVMConfigItemNotFound: \"\" is not in ConfigDB().\n   100.00ns INFO     cocotb.regression                  *****************************************************************************************\n                                                        ** TEST                             STATUS  SIM TIME (ns)  REAL TIME (s)  RATIO (ns/s) **\n                                                        *****************************************************************************************\n                                                        ** test_top.run_axi_handshake_test   FAIL         100.00           0.00      73339.00  **\n                                                        *****************************************************************************************\n                                                        ** TESTS=1 PASS=0 FAIL=1 SKIP=0                   100.00           0.00      52853.34  **\n                                                        *****************************************************************************************\n- :0: Verilog $finish\nmake: *** [/home/ray/anaconda3/lib/python3.10/site-packages/cocotb_tools/makefiles/simulators/Makefile.verilator:74: /workspace/generated/designs/axi_handshake/tb/.chia_sim/ProducerHoldsForeverTest.xml] Error 1\n",
        "command": [
          "timeout",
          "--signal=TERM",
          "--kill-after=5",
          "60",
          "make",
          "-f",
          "/workspace/generated/designs/axi_handshake/tb/.chia_sim/Makefile",
          "SIM=verilator",
          "TOPLEVEL_LANG=verilog",
          "TOPLEVEL=axi_handshake",
          "COCOTB_TOPLEVEL=axi_handshake",
          "MODULE=test_top",
          "COCOTB_TEST_MODULES=test_top",
          "VERILOG_SOURCES=/workspace/benchmarks/axi_handshake/axi_handshake.sv",
          "SIM_BUILD=/workspace/generated/designs/axi_handshake/tb/.chia_sim/build/a97906fcf629",
          "COCOTB_RESULTS_FILE=/workspace/generated/designs/axi_handshake/tb/.chia_sim/ProducerHoldsForeverTest.xml",
          "COCOTB_HDL_TIMEUNIT=1ns",
          "COCOTB_HDL_TIMEPRECISION=1ps",
          "BUILD_ARGS=-j 4"
        ],
        "test_name": "ProducerHoldsForeverTest",
        "test_module": "test_top",
        "results_file": "/workspace/generated/designs/axi_handshake/tb/.chia_sim/ProducerHoldsForeverTest.xml",
        "results_file_exists": true
      },
      "RandomStimulusTest": {
        "status": "runtime_error",
        "category": "runtime_error",
        "timed_out": false,
        "watchdog_expired": false,
        "returncode": 2,
        "counts": {
          "uvm_errors": 0,
          "uvm_fatals": 0,
          "uvm_warnings": 0,
          "scoreboard_mismatches": 0,
          "assertion_failures": 0
        },
        "clean_exit": false,
        "log": "rm -f /workspace/generated/designs/axi_handshake/tb/.chia_sim/RandomStimulusTest.xml\nrm -f /workspace/generated/designs/axi_handshake/tb/.chia_sim/RandomStimulusTest.xml\nCOCOTB_TEST_MODULES=test_top COCOTB_TESTCASE=  COCOTB_TOPLEVEL=axi_handshake TOPLEVEL_LANG=verilog       \\\n         /workspace/generated/designs/axi_handshake/tb/.chia_sim/build/a97906fcf629/Vtop     \n     -.--ns INFO     gpi                                ../gpi/GpiCommon.cpp:242  in gpi_load_users                  Loaded entry library: '/home/ray/anaconda3/lib/libpython3.10.so.1.0'\n     -.--ns INFO     gpi                                ../gpi/GpiCommon.cpp:233  in gpi_load_users                  Running entry func 'initialize' from loaded library '/home/ray/anaconda3/lib/python3.10/site-packages/cocotb/simulator.cpython-310-x86_64-linux-gnu.so'\n     -.--ns INFO     pygpi                              ..ib/pygpi/embed.cpp:114  in initialize                      Using Python 3.10.19 interpreter at /home/ray/anaconda3/bin/python3\n     -.--ns INFO     gpi                                ../gpi/GpiCommon.cpp:74   in gpi_print_registered_impl       GPI: VPI support registered\n     0.00ns INFO     cocotb.initialize                  Seeding Python random module with 1789056727\n     0.00ns INFO     cocotb.initialize                  Initialized cocotb v2.1.0 from /home/ray/anaconda3/lib/python3.10/site-packages/cocotb\n     0.00ns INFO     cocotb.initialize                  Running on Verilator version 5.042 2025-11-02\n     0.00ns WARNING  py.warnings                        /workspace/generated/designs/axi_handshake/tb/test_top.py:27: DeprecationWarning: SimTimeoutError was moved from `cocotb.result` to `cocotb.triggers`.\n                                                          from cocotb.result import SimTimeoutError\n     0.00ns INFO     cocotb.regression                  Running tests\n     0.00ns INFO     cocotb.regression                  running test_top.run_axi_handshake_test (1/1)\n                                                            Single cocotb entry point for all UVM test classes.\n     0.00ns INFO     test                               Starting clock: period=10 ns, top_module=axi_handshake\n     0.00ns WARNING  py.warnings                        /workspace/generated/designs/axi_handshake/tb/test_top.py:86: DeprecationWarning: The 'units' argument has been renamed to 'unit'.\n                                                          clock = Clock(dut.clk, clock_period_ns, units=\"ns\")\n   100.00ns INFO     test                               Reset deasserted\n   100.00ns INFO     test                               ConfigDB populated: dut, dut_helper, clock_period=10, clk_name='clk', rst_name='rst_n', reset_polarity='active_low', ref_model=<module>\n   100.00ns INFO     test                               Launching UVM test: RandomStimulusTest\n   100.00ns INFO     .._handshake/tb/environment.py(67) [uvm_test_top.env]: AxiHandshakeEnv built\n   100.00ns WARNING  cocotb.regression                  test_top.run_axi_handshake_test failed\n                                                        Traceback (most recent call last):\n                                                          File \"/workspace/generated/designs/axi_handshake/tb/test_top.py\", line 131, in run_axi_handshake_test\n                                                            await cocotb.triggers.with_timeout(\n                                                          File \"/home/ray/anaconda3/lib/python3.10/site-packages/cocotb/_extended_awaitables.py\", line 356, in with_timeout\n                                                            i, res = await select(\n                                                          File \"/home/ray/anaconda3/lib/python3.10/site-packages/cocotb/_concurrent_waiters.py\", line 246, in select\n                                                            return idx, tasks[idx].result()\n                                                          File \"/home/ray/anaconda3/lib/python3.10/site-packages/cocotb/task.py\", line 660, in result\n                                                            raise cast(\"BaseException\", self._outcome)\n                                                          File \"/home/ray/anaconda3/lib/python3.10/site-packages/pyuvm/_s13_uvm_component.py\", line 529, in run_test\n                                                            root.running_phase.traverse(root.uvm_test_top)\n                                                          File \"/home/ray/anaconda3/lib/python3.10/site-packages/pyuvm/_s09_phasing.py\", line 65, in traverse\n                                                            cls.traverse(child)\n                                                          File \"/home/ray/anaconda3/lib/python3.10/site-packages/pyuvm/_s09_phasing.py\", line 65, in traverse\n                                                            cls.traverse(child)\n                                                          File \"/home/ray/anaconda3/lib/python3.10/site-packages/pyuvm/_s09_phasing.py\", line 63, in traverse\n                                                            cls.execute(comp)  # first we execute this node then its children\n                                                          File \"/home/ray/anaconda3/lib/python3.10/site-packages/pyuvm/_s09_phasing.py\", line 44, in execute\n                                                            method()\n                                                          File \"/workspace/generated/designs/axi_handshake/tb/scoreboard.py\", line 102, in build_phase\n                                                            self.dut = ConfigDB().get(None, \"\", \"dut\")\n                                                          File \"/home/ray/anaconda3/lib/python3.10/site-packages/pyuvm/_s13_uvm_component.py\", line 758, in get\n                                                            return self._not_found(f'\"{inst_name}\" is not in ConfigDB().', default)\n                                                          File \"/home/ray/anaconda3/lib/python3.10/site-packages/pyuvm/_s13_uvm_component.py\", line 801, in _not_found\n                                                            raise UVMConfigItemNotFound(msg)\n                                                        pyuvm.UVMConfigItemNotFound: \"\" is not in ConfigDB().\n   100.00ns INFO     cocotb.regression                  *****************************************************************************************\n                                                        ** TEST                             STATUS  SIM TIME (ns)  REAL TIME (s)  RATIO (ns/s) **\n                                                        *****************************************************************************************\n                                                        ** test_top.run_axi_handshake_test   FAIL         100.00           0.00      72425.35  **\n                                                        *****************************************************************************************\n                                                        ** TESTS=1 PASS=0 FAIL=1 SKIP=0                   100.00           0.00      52836.58  **\n                                                        *****************************************************************************************\n- :0: Verilog $finish\nmake: *** [/home/ray/anaconda3/lib/python3.10/site-packages/cocotb_tools/makefiles/simulators/Makefile.verilator:74: /workspace/generated/designs/axi_handshake/tb/.chia_sim/RandomStimulusTest.xml] Error 1\n",
        "command": [
          "timeout",
          "--signal=TERM",
          "--kill-after=5",
          "60",
          "make",
          "-f",
          "/workspace/generated/designs/axi_handshake/tb/.chia_sim/Makefile",
          "SIM=verilator",
          "TOPLEVEL_LANG=verilog",
          "TOPLEVEL=axi_handshake",
          "COCOTB_TOPLEVEL=axi_handshake",
          "MODULE=test_top",
          "COCOTB_TEST_MODULES=test_top",
          "VERILOG_SOURCES=/workspace/benchmarks/axi_handshake/axi_handshake.sv",
          "SIM_BUILD=/workspace/generated/designs/axi_handshake/tb/.chia_sim/build/a97906fcf629",
          "COCOTB_RESULTS_FILE=/workspace/generated/designs/axi_handshake/tb/.chia_sim/RandomStimulusTest.xml",
          "COCOTB_HDL_TIMEUNIT=1ns",
          "COCOTB_HDL_TIMEPRECISION=1ps",
          "BUILD_ARGS=-j 4"
        ],
        "test_name": "RandomStimulusTest",
        "test_module": "test_top",
        "results_file": "/workspace/generated/designs/axi_handshake/tb/.chia_sim/RandomStimulusTest.xml",
        "results_file_exists": true
      }
    }
  }
}

Diagnosing TB failure (attempt 1)...
[36m(simulate pid=15121)[0m Wrote /workspace/generated/designs/axi_handshake/results/tb_validation_iteration_0.json
[36m(_ToolServerActor pid=32682)[0m INFO:     Started server process [32682]
[36m(_ToolServerActor pid=32682)[0m INFO:     Waiting for application startup.
[36m(_ToolServerActor pid=32682)[0m INFO:     Application startup complete.
[36m(_ToolServerActor pid=32682)[0m INFO:     Uvicorn running on http://172.16.36.107:8000 (Press CTRL+C to quit)
verification_improvement_workspace started at 172.16.36.107:8000 on node 5c1de07b5617802463723b50cbf7fef2241c39d050d52bc1bb56b37a
OpenCodeLLM is experimental: only exercised by unit tests so far, not validated in production.
[36m(_ToolServerActor pid=32682)[0m INFO:     172.16.36.107:51928 - "POST /verification_improvement_workspace/mcp HTTP/1.1" 200 OK
[36m(_ToolServerActor pid=32682)[0m INFO:     172.16.36.107:51928 - "POST /verification_improvement_workspace/mcp HTTP/1.1" 202 Accepted
[36m(_ToolServerActor pid=32682)[0m INFO:     172.16.36.107:51928 - "GET /verification_improvement_workspace/mcp HTTP/1.1" 200 OK
[36m(_ToolServerActor pid=32682)[0m INFO:     172.16.36.107:51936 - "POST /verification_improvement_workspace/mcp HTTP/1.1" 200 OK
[36m(OpenCodeLLM.prompt pid=32744)[0m Timeout on attempt 1/1
[36m(_ToolServerActor pid=32682)[0m INFO:     Shutting down
Traceback (most recent call last):
  File "/home/auralab/miniconda3/envs/chia_env/lib/python3.10/runpy.py", line 196, in _run_module_as_main
    return _run_code(code, main_globals, None,
  File "/home/auralab/miniconda3/envs/chia_env/lib/python3.10/runpy.py", line 86, in _run_code
    exec(code, run_globals)
  File "/home/auralab/nwark/chia_sept7_for_multi_rtl_with_multi_llm/for_multiple_rtl_updation_generalized/pipeline/run14.py", line 4985, in <module>
    main()
  File "/home/auralab/nwark/chia_sept7_for_multi_rtl_with_multi_llm/for_multiple_rtl_updation_generalized/pipeline/run14.py", line 4723, in main
    generate_and_validate_uvm(llm, bash, canonical_plan)
  File "/home/auralab/nwark/chia_sept7_for_multi_rtl_with_multi_llm/for_multiple_rtl_updation_generalized/pipeline/run14.py", line 2909, in generate_and_validate_uvm
    raise RuntimeError(
RuntimeError: TB diagnosis LLM failed:

------------------------------------------------------------------------------
run14 exit status: 1
Time: 2026-09-10T22:22:09+05:30
Status: PROCESS FAILURE
Supervisor: restarting after 10s.
------------------------------------------------------------------------------

