Netgen 1.5.133 compiled on Tue Dec  7 23:15:53 UTC 2021
Warning: netgen command 'global' use fully-qualified name '::netgen::global'
Reading netlist file /root/OpenROAD-flow-scripts/flow/results/sky130hd/chia_aes128_benchmark_corrupted/slot2/aes128_extracted.cir
Call to undefined subcircuit sky130_fd_sc_hd__clkdlybuf4s50_1
Creating placeholder cell definition.
Call to undefined subcircuit sky130_fd_sc_hd__and3_1
Creating placeholder cell definition.
Call to undefined subcircuit sky130_fd_sc_hd__a221oi_1
Creating placeholder cell definition.
Call to undefined subcircuit sky130_fd_sc_hd__o21ai_0
Creating placeholder cell definition.
Call to undefined subcircuit sky130_fd_sc_hd__a21oi_1
Creating placeholder cell definition.
Call to undefined subcircuit sky130_fd_sc_hd__nand2_1
Creating placeholder cell definition.
Call to undefined subcircuit sky130_fd_sc_hd__a221o_1
Creating placeholder cell definition.
Call to undefined subcircuit sky130_fd_sc_hd__o311ai_0
Creating placeholder cell definition.
Call to undefined subcircuit sky130_fd_sc_hd__nor2_1
Creating placeholder cell definition.
Call to undefined subcircuit sky130_fd_sc_hd__o22ai_1
Creating placeholder cell definition.
Call to undefined subcircuit sky130_fd_sc_hd__nand3b_1
Creating placeholder cell definition.
Call to undefined subcircuit sky130_fd_sc_hd__o21bai_1
Creating placeholder cell definition.
Call to undefined subcircuit sky130_fd_sc_hd__a32oi_1
Creating placeholder cell definition.
Call to undefined subcircuit sky130_fd_sc_hd__or3b_1
Creating placeholder cell definition.
Call to undefined subcircuit sky130_fd_sc_hd__mux2i_1
Creating placeholder cell definition.
Call to undefined subcircuit sky130_fd_sc_hd__nor4b_1
Creating placeholder cell definition.
Call to undefined subcircuit sky130_fd_sc_hd__or4b_1
Creating placeholder cell definition.
Call to undefined subcircuit sky130_fd_sc_hd__a21boi_0
Creating placeholder cell definition.
Call to undefined subcircuit sky130_fd_sc_hd__a22o_1
Creating placeholder cell definition.
Call to undefined subcircuit sky130_fd_sc_hd__o211ai_1
Creating placeholder cell definition.
Call to undefined subcircuit sky130_fd_sc_hd__a32o_1
Creating placeholder cell definition.
Call to undefined subcircuit sky130_fd_sc_hd__nand2b_1
Creating placeholder cell definition.
Call to undefined subcircuit sky130_fd_sc_hd__nor4bb_1
Creating placeholder cell definition.
Call to undefined subcircuit sky130_fd_sc_hd__mux2_2
Creating placeholder cell definition.
Call to undefined subcircuit sky130_fd_sc_hd__o221ai_1
Creating placeholder cell definition.
Call to undefined subcircuit sky130_fd_sc_hd__and2_1
Creating placeholder cell definition.
Call to undefined subcircuit sky130_fd_sc_hd__nor3_1
Creating placeholder cell definition.
Call to undefined subcircuit sky130_fd_sc_hd__o21ai_1
Creating placeholder cell definition.
Call to undefined subcircuit sky130_fd_sc_hd__a2111oi_0
Creating placeholder cell definition.
Call to undefined subcircuit sky130_fd_sc_hd__nor3b_1
Creating placeholder cell definition.
Call to undefined subcircuit sky130_fd_sc_hd__nor2b_1
Creating placeholder cell definition.
Call to undefined subcircuit sky130_fd_sc_hd__a22oi_1
Creating placeholder cell definition.
Call to undefined subcircuit sky130_fd_sc_hd__and2_0
Creating placeholder cell definition.
Call to undefined subcircuit sky130_fd_sc_hd__nand4_1
Creating placeholder cell definition.
Call to undefined subcircuit sky130_fd_sc_hd__a211oi_1
Creating placeholder cell definition.
Call to undefined subcircuit sky130_fd_sc_hd__buf_4
Creating placeholder cell definition.
Call to undefined subcircuit sky130_fd_sc_hd__or3_1
Creating placeholder cell definition.
Call to undefined subcircuit sky130_fd_sc_hd__o2111a_1
Creating placeholder cell definition.
Call to undefined subcircuit sky130_fd_sc_hd__o2111ai_1
Creating placeholder cell definition.
Call to undefined subcircuit sky130_fd_sc_hd__o21a_1
Creating placeholder cell definition.
Call to undefined subcircuit sky130_fd_sc_hd__a311oi_1
Creating placeholder cell definition.
Call to undefined subcircuit sky130_fd_sc_hd__o31ai_1
Creating placeholder cell definition.
Call to undefined subcircuit sky130_fd_sc_hd__o41ai_1
Creating placeholder cell definition.
Call to undefined subcircuit sky130_fd_sc_hd__o32ai_2
Creating placeholder cell definition.
Call to undefined subcircuit sky130_fd_sc_hd__nand3_1
Creating placeholder cell definition.
Call to undefined subcircuit sky130_fd_sc_hd__a311o_1
Creating placeholder cell definition.
Call to undefined subcircuit sky130_fd_sc_hd__a211o_1
Creating placeholder cell definition.
Call to undefined subcircuit sky130_fd_sc_hd__inv_1
Creating placeholder cell definition.
Call to undefined subcircuit sky130_fd_sc_hd__o32ai_1
Creating placeholder cell definition.
Call to undefined subcircuit sky130_fd_sc_hd__xnor2_1
Creating placeholder cell definition.
Call to undefined subcircuit sky130_fd_sc_hd__dfxtp_1
Creating placeholder cell definition.
Call to undefined subcircuit sky130_fd_sc_hd__a2bb2oi_1
Creating placeholder cell definition.
Call to undefined subcircuit sky130_fd_sc_hd__mux4_2
Creating placeholder cell definition.
Call to undefined subcircuit sky130_fd_sc_hd__a21o_1
Creating placeholder cell definition.
Call to undefined subcircuit sky130_fd_sc_hd__o32a_1
Creating placeholder cell definition.
Call to undefined subcircuit sky130_fd_sc_hd__xor2_1
Creating placeholder cell definition.
Call to undefined subcircuit sky130_fd_sc_hd__o21ba_2
Creating placeholder cell definition.
Call to undefined subcircuit sky130_fd_sc_hd__a31oi_1
Creating placeholder cell definition.
Call to undefined subcircuit sky130_fd_sc_hd__a41o_1
Creating placeholder cell definition.
Call to undefined subcircuit sky130_fd_sc_hd__dfxtp_2
Creating placeholder cell definition.
Call to undefined subcircuit sky130_fd_sc_hd__a41oi_1
Creating placeholder cell definition.
Call to undefined subcircuit sky130_fd_sc_hd__or2_2
Creating placeholder cell definition.
Call to undefined subcircuit sky130_fd_sc_hd__xnor2_2
Creating placeholder cell definition.
Call to undefined subcircuit sky130_fd_sc_hd__xor2_2
Creating placeholder cell definition.
Call to undefined subcircuit sky130_fd_sc_hd__xnor3_1
Creating placeholder cell definition.
Call to undefined subcircuit sky130_fd_sc_hd__o311ai_4
Creating placeholder cell definition.
Call to undefined subcircuit sky130_fd_sc_hd__clkinv_1
Creating placeholder cell definition.
Call to undefined subcircuit sky130_fd_sc_hd__xor3_1
Creating placeholder cell definition.
Call to undefined subcircuit sky130_fd_sc_hd__a222oi_1
Creating placeholder cell definition.
Call to undefined subcircuit sky130_fd_sc_hd__maj3_1
Creating placeholder cell definition.
Call to undefined subcircuit sky130_fd_sc_hd__nor4_1
Creating placeholder cell definition.
Call to undefined subcircuit sky130_fd_sc_hd__clkbuf_16
Creating placeholder cell definition.
Call to undefined subcircuit sky130_fd_sc_hd__inv_2
Creating placeholder cell definition.
Call to undefined subcircuit sky130_fd_sc_hd__inv_6
Creating placeholder cell definition.
Call to undefined subcircuit sky130_fd_sc_hd__a311oi_4
Creating placeholder cell definition.
Call to undefined subcircuit sky130_fd_sc_hd__or3b_2
Creating placeholder cell definition.
Call to undefined subcircuit sky130_fd_sc_hd__or2_1
Creating placeholder cell definition.
Call to undefined subcircuit sky130_fd_sc_hd__nand4b_1
Creating placeholder cell definition.
Call to undefined subcircuit sky130_fd_sc_hd__o311ai_1
Creating placeholder cell definition.
Call to undefined subcircuit sky130_fd_sc_hd__o31ai_2
Creating placeholder cell definition.
Call to undefined subcircuit sky130_fd_sc_hd__clkbuf_1
Creating placeholder cell definition.
Call to undefined subcircuit sky130_fd_sc_hd__o211a_1
Creating placeholder cell definition.
Call to undefined subcircuit sky130_fd_sc_hd__o2bb2ai_1
Creating placeholder cell definition.
Call to undefined subcircuit sky130_fd_sc_hd__and3b_1
Creating placeholder cell definition.
Call to undefined subcircuit sky130_fd_sc_hd__nor4_4
Creating placeholder cell definition.
Call to undefined subcircuit sky130_fd_sc_hd__a31o_2
Creating placeholder cell definition.
Call to undefined subcircuit sky130_fd_sc_hd__or4_1
Creating placeholder cell definition.
Call to undefined subcircuit sky130_fd_sc_hd__o221a_2
Creating placeholder cell definition.
Call to undefined subcircuit sky130_fd_sc_hd__nor2_2
Creating placeholder cell definition.
Call to undefined subcircuit sky130_fd_sc_hd__a21oi_2
Creating placeholder cell definition.
Call to undefined subcircuit sky130_fd_sc_hd__a311oi_2
Creating placeholder cell definition.
Call to undefined subcircuit sky130_fd_sc_hd__a2111o_1
Creating placeholder cell definition.
Call to undefined subcircuit sky130_fd_sc_hd__nor2_4
Creating placeholder cell definition.
Call to undefined subcircuit sky130_fd_sc_hd__nand2_2
Creating placeholder cell definition.
Call to undefined subcircuit sky130_fd_sc_hd__clkbuf_8
Creating placeholder cell definition.
Call to undefined subcircuit sky130_fd_sc_hd__a211oi_2
Creating placeholder cell definition.
Call to undefined subcircuit sky130_fd_sc_hd__o221a_1
Creating placeholder cell definition.
Call to undefined subcircuit sky130_fd_sc_hd__nand4bb_1
Creating placeholder cell definition.
Call to undefined subcircuit sky130_fd_sc_hd__and4_1
Creating placeholder cell definition.
Call to undefined subcircuit sky130_fd_sc_hd__a21bo_1
Creating placeholder cell definition.
Call to undefined subcircuit sky130_fd_sc_hd__o32ai_4
Creating placeholder cell definition.
Call to undefined subcircuit sky130_fd_sc_hd__o21ai_2
Creating placeholder cell definition.
Call to undefined subcircuit sky130_fd_sc_hd__clkinvlp_4
Creating placeholder cell definition.
Call to undefined subcircuit sky130_fd_sc_hd__a32oi_2
Creating placeholder cell definition.
Call to undefined subcircuit sky130_fd_sc_hd__o31a_1
Creating placeholder cell definition.
Call to undefined subcircuit sky130_fd_sc_hd__bufinv_16
Creating placeholder cell definition.
Call to undefined subcircuit sky130_fd_sc_hd__and2b_1
Creating placeholder cell definition.
Call to undefined subcircuit sky130_fd_sc_hd__o22a_1
Creating placeholder cell definition.
Call to undefined subcircuit sky130_fd_sc_hd__o311a_1
Creating placeholder cell definition.
Call to undefined subcircuit sky130_fd_sc_hd__and2_4
Creating placeholder cell definition.
Call to undefined subcircuit sky130_fd_sc_hd__and4_4
Creating placeholder cell definition.
Call to undefined subcircuit sky130_fd_sc_hd__clkinv_8
Creating placeholder cell definition.
Call to undefined subcircuit sky130_fd_sc_hd__and4b_1
Creating placeholder cell definition.
Call to undefined subcircuit sky130_fd_sc_hd__xor2_4
Creating placeholder cell definition.
Call to undefined subcircuit sky130_fd_sc_hd__clkinv_2
Creating placeholder cell definition.
Call to undefined subcircuit sky130_fd_sc_hd__o311ai_2
Creating placeholder cell definition.
Call to undefined subcircuit sky130_fd_sc_hd__nor2b_4
Creating placeholder cell definition.
Call to undefined subcircuit sky130_fd_sc_hd__xnor2_4
Creating placeholder cell definition.
Call to undefined subcircuit sky130_fd_sc_hd__o22ai_2
Creating placeholder cell definition.
Call to undefined subcircuit sky130_fd_sc_hd__inv_8
Creating placeholder cell definition.
Call to undefined subcircuit sky130_fd_sc_hd__o2bb2ai_2
Creating placeholder cell definition.
Call to undefined subcircuit sky130_fd_sc_hd__or2b_1
Creating placeholder cell definition.
Call to undefined subcircuit sky130_fd_sc_hd__nand2_4
Creating placeholder cell definition.
Call to undefined subcircuit sky130_fd_sc_hd__buf_12
Creating placeholder cell definition.
Call to undefined subcircuit sky130_fd_sc_hd__mux2_1
Creating placeholder cell definition.
Call to undefined subcircuit sky130_fd_sc_hd__a221oi_2
Creating placeholder cell definition.
Call to undefined subcircuit sky130_fd_sc_hd__buf_8
Creating placeholder cell definition.
Call to undefined subcircuit sky130_fd_sc_hd__nor4_2
Creating placeholder cell definition.
Call to undefined subcircuit sky130_fd_sc_hd__or4b_2
Creating placeholder cell definition.
Call to undefined subcircuit sky130_fd_sc_hd__o41a_1
Creating placeholder cell definition.
Call to undefined subcircuit sky130_fd_sc_hd__nand2b_2
Creating placeholder cell definition.
Call to undefined subcircuit sky130_fd_sc_hd__dfxtp_4
Creating placeholder cell definition.
Call to undefined subcircuit sky130_fd_sc_hd__a21bo_2
Creating placeholder cell definition.
Call to undefined subcircuit sky130_fd_sc_hd__o2111ai_2
Creating placeholder cell definition.
Call to undefined subcircuit sky130_fd_sc_hd__or2_4
Creating placeholder cell definition.
Call to undefined subcircuit sky130_fd_sc_hd__o31ai_4
Creating placeholder cell definition.
Call to undefined subcircuit sky130_fd_sc_hd__o41ai_4
Creating placeholder cell definition.
Call to undefined subcircuit sky130_fd_sc_hd__a2111oi_2
Creating placeholder cell definition.
Call to undefined subcircuit sky130_fd_sc_hd__o211ai_2
Creating placeholder cell definition.
Call to undefined subcircuit sky130_fd_sc_hd__ha_1
Creating placeholder cell definition.
Call to undefined subcircuit sky130_fd_sc_hd__and3b_2
Creating placeholder cell definition.
Call to undefined subcircuit sky130_fd_sc_hd__o221ai_2
Creating placeholder cell definition.
Call to undefined subcircuit sky130_fd_sc_hd__clkinv_4
Creating placeholder cell definition.
Call to undefined subcircuit sky130_fd_sc_hd__a31o_1
Creating placeholder cell definition.
Call to undefined subcircuit sky130_fd_sc_hd__mux2i_2
Creating placeholder cell definition.
Call to undefined subcircuit sky130_fd_sc_hd__or2_0
Creating placeholder cell definition.
Reading netlist file /root/OpenROAD-flow-scripts/flow/objects/sky130hd/chia_aes128_benchmark_corrupted/slot2/6_final_concat.cdl
Call to undefined subcircuit sky130_fd_sc_hd__inv_1
Creating placeholder cell definition.
Call to undefined subcircuit sky130_fd_sc_hd__inv_6
Creating placeholder cell definition.
Call to undefined subcircuit sky130_fd_sc_hd__nand3b_1
Creating placeholder cell definition.
Call to undefined subcircuit sky130_fd_sc_hd__nor2_4
Creating placeholder cell definition.
Call to undefined subcircuit sky130_fd_sc_hd__nand2b_1
Creating placeholder cell definition.
Call to undefined subcircuit sky130_fd_sc_hd__nand2_1
Creating placeholder cell definition.
Call to undefined subcircuit sky130_fd_sc_hd__xor2_1
Creating placeholder cell definition.
Call to undefined subcircuit sky130_fd_sc_hd__o22ai_1
Creating placeholder cell definition.
Call to undefined subcircuit sky130_fd_sc_hd__a21oi_1
Creating placeholder cell definition.
Call to undefined subcircuit sky130_fd_sc_hd__a211o_1
Creating placeholder cell definition.
Call to undefined subcircuit sky130_fd_sc_hd__nor2b_1
Creating placeholder cell definition.
Call to undefined subcircuit sky130_fd_sc_hd__xnor2_1
Creating placeholder cell definition.
Call to undefined subcircuit sky130_fd_sc_hd__nor2_1
Creating placeholder cell definition.
Call to undefined subcircuit sky130_fd_sc_hd__and3b_1
Creating placeholder cell definition.
Call to undefined subcircuit sky130_fd_sc_hd__o21ai_0
Creating placeholder cell definition.
Call to undefined subcircuit sky130_fd_sc_hd__nand3_1
Creating placeholder cell definition.
Call to undefined subcircuit sky130_fd_sc_hd__o2111ai_1
Creating placeholder cell definition.
Call to undefined subcircuit sky130_fd_sc_hd__o21ba_2
Creating placeholder cell definition.
Call to undefined subcircuit sky130_fd_sc_hd__clkinv_1
Creating placeholder cell definition.
Call to undefined subcircuit sky130_fd_sc_hd__and2_0
Creating placeholder cell definition.
Call to undefined subcircuit sky130_fd_sc_hd__a211oi_1
Creating placeholder cell definition.
Call to undefined subcircuit sky130_fd_sc_hd__o32a_1
Creating placeholder cell definition.
Call to undefined subcircuit sky130_fd_sc_hd__or3b_1
Creating placeholder cell definition.
Call to undefined subcircuit sky130_fd_sc_hd__o31ai_1
Creating placeholder cell definition.
Call to undefined subcircuit sky130_fd_sc_hd__o21ai_1
Creating placeholder cell definition.
Call to undefined subcircuit sky130_fd_sc_hd__mux2i_1
Creating placeholder cell definition.
Call to undefined subcircuit sky130_fd_sc_hd__a32o_1
Creating placeholder cell definition.
Call to undefined subcircuit sky130_fd_sc_hd__and3_1
Creating placeholder cell definition.
Call to undefined subcircuit sky130_fd_sc_hd__nor3_1
Creating placeholder cell definition.
Call to undefined subcircuit sky130_fd_sc_hd__o311ai_0
Creating placeholder cell definition.
Call to undefined subcircuit sky130_fd_sc_hd__a31oi_1
Creating placeholder cell definition.
Call to undefined subcircuit sky130_fd_sc_hd__a22o_1
Creating placeholder cell definition.
Call to undefined subcircuit sky130_fd_sc_hd__or2_2
Creating placeholder cell definition.
Call to undefined subcircuit sky130_fd_sc_hd__a21boi_0
Creating placeholder cell definition.
Call to undefined subcircuit sky130_fd_sc_hd__a32oi_1
Creating placeholder cell definition.
Call to undefined subcircuit sky130_fd_sc_hd__o211ai_1
Creating placeholder cell definition.
Call to undefined subcircuit sky130_fd_sc_hd__or4_1
Creating placeholder cell definition.
Call to undefined subcircuit sky130_fd_sc_hd__and2_1
Creating placeholder cell definition.
Call to undefined subcircuit sky130_fd_sc_hd__o221ai_1
Creating placeholder cell definition.
Call to undefined subcircuit sky130_fd_sc_hd__nor3b_1
Creating placeholder cell definition.
Call to undefined subcircuit sky130_fd_sc_hd__a221oi_1
Creating placeholder cell definition.
Call to undefined subcircuit sky130_fd_sc_hd__a21o_1
Creating placeholder cell definition.
Call to undefined subcircuit sky130_fd_sc_hd__nand4_1
Creating placeholder cell definition.
Call to undefined subcircuit sky130_fd_sc_hd__a311oi_1
Creating placeholder cell definition.
Call to undefined subcircuit sky130_fd_sc_hd__a311oi_2
Creating placeholder cell definition.
Call to undefined subcircuit sky130_fd_sc_hd__inv_8
Creating placeholder cell definition.
Call to undefined subcircuit sky130_fd_sc_hd__a22oi_1
Creating placeholder cell definition.
Call to undefined subcircuit sky130_fd_sc_hd__a41oi_1
Creating placeholder cell definition.
Call to undefined subcircuit sky130_fd_sc_hd__o31a_1
Creating placeholder cell definition.
Call to undefined subcircuit sky130_fd_sc_hd__a311o_1
Creating placeholder cell definition.
Call to undefined subcircuit sky130_fd_sc_hd__a2111oi_0
Creating placeholder cell definition.
Call to undefined subcircuit sky130_fd_sc_hd__or2_1
Creating placeholder cell definition.
Call to undefined subcircuit sky130_fd_sc_hd__xnor2_2
Creating placeholder cell definition.
Call to undefined subcircuit sky130_fd_sc_hd__a222oi_1
Creating placeholder cell definition.
Call to undefined subcircuit sky130_fd_sc_hd__a2bb2oi_1
Creating placeholder cell definition.
Call to undefined subcircuit sky130_fd_sc_hd__o21a_1
Creating placeholder cell definition.
Call to undefined subcircuit sky130_fd_sc_hd__o32ai_1
Creating placeholder cell definition.
Call to undefined subcircuit sky130_fd_sc_hd__o41ai_1
Creating placeholder cell definition.
Call to undefined subcircuit sky130_fd_sc_hd__and3b_2
Creating placeholder cell definition.
Call to undefined subcircuit sky130_fd_sc_hd__nand2_4
Creating placeholder cell definition.
Call to undefined subcircuit sky130_fd_sc_hd__o22a_1
Creating placeholder cell definition.
Call to undefined subcircuit sky130_fd_sc_hd__nor4b_1
Creating placeholder cell definition.
Call to undefined subcircuit sky130_fd_sc_hd__a31o_2
Creating placeholder cell definition.
Call to undefined subcircuit sky130_fd_sc_hd__or3_1
Creating placeholder cell definition.
Call to undefined subcircuit sky130_fd_sc_hd__o311a_1
Creating placeholder cell definition.
Call to undefined subcircuit sky130_fd_sc_hd__xor2_2
Creating placeholder cell definition.
Call to undefined subcircuit sky130_fd_sc_hd__nor4bb_1
Creating placeholder cell definition.
Call to undefined subcircuit sky130_fd_sc_hd__a221o_1
Creating placeholder cell definition.
Call to undefined subcircuit sky130_fd_sc_hd__a221oi_2
Creating placeholder cell definition.
Call to undefined subcircuit sky130_fd_sc_hd__nor4_1
Creating placeholder cell definition.
Call to undefined subcircuit sky130_fd_sc_hd__o2bb2ai_1
Creating placeholder cell definition.
Call to undefined subcircuit sky130_fd_sc_hd__o211a_1
Creating placeholder cell definition.
Call to undefined subcircuit sky130_fd_sc_hd__o311ai_2
Creating placeholder cell definition.
Call to undefined subcircuit sky130_fd_sc_hd__mux4_2
Creating placeholder cell definition.
Call to undefined subcircuit sky130_fd_sc_hd__nand2b_2
Creating placeholder cell definition.
Call to undefined subcircuit sky130_fd_sc_hd__or2b_1
Creating placeholder cell definition.
Call to undefined subcircuit sky130_fd_sc_hd__inv_2
Creating placeholder cell definition.
Call to undefined subcircuit sky130_fd_sc_hd__maj3_1
Creating placeholder cell definition.
Call to undefined subcircuit sky130_fd_sc_hd__and4b_1
Creating placeholder cell definition.
Call to undefined subcircuit sky130_fd_sc_hd__nand4b_1
Creating placeholder cell definition.
Call to undefined subcircuit sky130_fd_sc_hd__mux2_2
Creating placeholder cell definition.
Call to undefined subcircuit sky130_fd_sc_hd__or3b_2
Creating placeholder cell definition.
Call to undefined subcircuit sky130_fd_sc_hd__nand2_2
Creating placeholder cell definition.
Call to undefined subcircuit sky130_fd_sc_hd__o311ai_1
Creating placeholder cell definition.
Call to undefined subcircuit sky130_fd_sc_hd__and2_4
Creating placeholder cell definition.
Call to undefined subcircuit sky130_fd_sc_hd__o21bai_1
Creating placeholder cell definition.
Call to undefined subcircuit sky130_fd_sc_hd__o211ai_2
Creating placeholder cell definition.
Call to undefined subcircuit sky130_fd_sc_hd__xnor2_4
Creating placeholder cell definition.
Call to undefined subcircuit sky130_fd_sc_hd__a2111o_1
Creating placeholder cell definition.
Call to undefined subcircuit sky130_fd_sc_hd__a211oi_2
Creating placeholder cell definition.
Call to undefined subcircuit sky130_fd_sc_hd__and4_4
Creating placeholder cell definition.
Call to undefined subcircuit sky130_fd_sc_hd__nor4_4
Creating placeholder cell definition.
Call to undefined subcircuit sky130_fd_sc_hd__and4_1
Creating placeholder cell definition.
Call to undefined subcircuit sky130_fd_sc_hd__mux2_1
Creating placeholder cell definition.
Call to undefined subcircuit sky130_fd_sc_hd__a21bo_1
Creating placeholder cell definition.
Call to undefined subcircuit sky130_fd_sc_hd__or4b_1
Creating placeholder cell definition.
Call to undefined subcircuit sky130_fd_sc_hd__o221ai_2
Creating placeholder cell definition.
Call to undefined subcircuit sky130_fd_sc_hd__a21bo_2
Creating placeholder cell definition.
Call to undefined subcircuit sky130_fd_sc_hd__o41ai_4
Creating placeholder cell definition.
Call to undefined subcircuit sky130_fd_sc_hd__o221a_2
Creating placeholder cell definition.
Call to undefined subcircuit sky130_fd_sc_hd__o2111a_1
Creating placeholder cell definition.
Call to undefined subcircuit sky130_fd_sc_hd__mux2i_2
Creating placeholder cell definition.
Call to undefined subcircuit sky130_fd_sc_hd__or4b_2
Creating placeholder cell definition.
Call to undefined subcircuit sky130_fd_sc_hd__a32oi_2
Creating placeholder cell definition.
Call to undefined subcircuit sky130_fd_sc_hd__or2_0
Creating placeholder cell definition.
Call to undefined subcircuit sky130_fd_sc_hd__nand4bb_1
Creating placeholder cell definition.
Call to undefined subcircuit sky130_fd_sc_hd__o31ai_2
Creating placeholder cell definition.
Call to undefined subcircuit sky130_fd_sc_hd__nor2_2
Creating placeholder cell definition.
Call to undefined subcircuit sky130_fd_sc_hd__o32ai_4
Creating placeholder cell definition.
Call to undefined subcircuit sky130_fd_sc_hd__a41o_1
Creating placeholder cell definition.
Call to undefined subcircuit sky130_fd_sc_hd__xor3_1
Creating placeholder cell definition.
Call to undefined subcircuit sky130_fd_sc_hd__xnor3_1
Creating placeholder cell definition.
Call to undefined subcircuit sky130_fd_sc_hd__xor2_4
Creating placeholder cell definition.
Call to undefined subcircuit sky130_fd_sc_hd__o31ai_4
Creating placeholder cell definition.
Call to undefined subcircuit sky130_fd_sc_hd__o21ai_2
Creating placeholder cell definition.
Call to undefined subcircuit sky130_fd_sc_hd__diode_2
Creating placeholder cell definition.
Call to undefined subcircuit sky130_fd_sc_hd__buf_8
Creating placeholder cell definition.
Call to undefined subcircuit sky130_fd_sc_hd__buf_4
Creating placeholder cell definition.
Call to undefined subcircuit sky130_fd_sc_hd__clkbuf_8
Creating placeholder cell definition.
Call to undefined subcircuit sky130_fd_sc_hd__nor4_2
Creating placeholder cell definition.
Call to undefined subcircuit sky130_fd_sc_hd__bufinv_16
Creating placeholder cell definition.
Call to undefined subcircuit sky130_fd_sc_hd__clkinv_2
Creating placeholder cell definition.
Call to undefined subcircuit sky130_fd_sc_hd__clkinv_4
Creating placeholder cell definition.
Call to undefined subcircuit sky130_fd_sc_hd__clkbuf_1
Creating placeholder cell definition.
Call to undefined subcircuit sky130_fd_sc_hd__clkbuf_16
Creating placeholder cell definition.
Call to undefined subcircuit sky130_fd_sc_hd__clkinvlp_4
Creating placeholder cell definition.
Call to undefined subcircuit sky130_fd_sc_hd__clkinv_8
Creating placeholder cell definition.
Call to undefined subcircuit sky130_fd_sc_hd__o311ai_4
Creating placeholder cell definition.
Call to undefined subcircuit sky130_fd_sc_hd__o221a_1
Creating placeholder cell definition.
Call to undefined subcircuit sky130_fd_sc_hd__o2bb2ai_2
Creating placeholder cell definition.
Call to undefined subcircuit sky130_fd_sc_hd__and2b_1
Creating placeholder cell definition.
Call to undefined subcircuit sky130_fd_sc_hd__o2111ai_2
Creating placeholder cell definition.
Call to undefined subcircuit sky130_fd_sc_hd__o41a_1
Creating placeholder cell definition.
Call to undefined subcircuit sky130_fd_sc_hd__buf_12
Creating placeholder cell definition.
Call to undefined subcircuit sky130_fd_sc_hd__a311oi_4
Creating placeholder cell definition.
Call to undefined subcircuit sky130_fd_sc_hd__o32ai_2
Creating placeholder cell definition.
Call to undefined subcircuit sky130_fd_sc_hd__clkdlybuf4s50_1
Creating placeholder cell definition.
Call to undefined subcircuit sky130_fd_sc_hd__a2111oi_2
Creating placeholder cell definition.
Call to undefined subcircuit sky130_fd_sc_hd__o22ai_2
Creating placeholder cell definition.
Call to undefined subcircuit sky130_fd_sc_hd__a31o_1
Creating placeholder cell definition.
Call to undefined subcircuit sky130_fd_sc_hd__a21oi_2
Creating placeholder cell definition.
Call to undefined subcircuit sky130_fd_sc_hd__or2_4
Creating placeholder cell definition.
Call to undefined subcircuit sky130_fd_sc_hd__nor2b_4
Creating placeholder cell definition.
Call to undefined subcircuit sky130_fd_sc_hd__ha_1
Creating placeholder cell definition.
Call to undefined subcircuit sky130_fd_sc_hd__dfxtp_4
Creating placeholder cell definition.
Call to undefined subcircuit sky130_fd_sc_hd__dfxtp_1
Creating placeholder cell definition.
Call to undefined subcircuit sky130_fd_sc_hd__dfxtp_2
Creating placeholder cell definition.
Call to undefined subcircuit sky130_fd_sc_hd__tapvpwrvgnd_1
Creating placeholder cell definition.
Reading setup file /root/chia-orfs/lvs/sky130hd_netgen_setup.tcl
No property w found for device r
No property l found for device r
No such pin 1 in model nfet_01v8
No property mult found for device nfet_01v8
No property nf found for device nfet_01v8
No property sa found for device nfet_01v8
No property sb found for device nfet_01v8
No property sd found for device nfet_01v8
No property area found for device nfet_01v8
No property perim found for device nfet_01v8
No property as found for device nfet_01v8
No property ad found for device nfet_01v8
No property ps found for device nfet_01v8
No property pd found for device nfet_01v8
No property topography found for device nfet_01v8
No such pin 1 in model nfet_01v8
No property nf found for device nfet_01v8
No property as found for device nfet_01v8
No property ad found for device nfet_01v8
No property ps found for device nfet_01v8
No property pd found for device nfet_01v8
No such pin 1 in model pfet_01v8_hvt
No property mult found for device pfet_01v8_hvt
No property nf found for device pfet_01v8_hvt
No property sa found for device pfet_01v8_hvt
No property sb found for device pfet_01v8_hvt
No property sd found for device pfet_01v8_hvt
No property area found for device pfet_01v8_hvt
No property perim found for device pfet_01v8_hvt
No property as found for device pfet_01v8_hvt
No property ad found for device pfet_01v8_hvt
No property ps found for device pfet_01v8_hvt
No property pd found for device pfet_01v8_hvt
No property topography found for device pfet_01v8_hvt
No such pin 1 in model pfet_01v8_hvt
No property nf found for device pfet_01v8_hvt
No property as found for device pfet_01v8_hvt
No property ad found for device pfet_01v8_hvt
No property ps found for device pfet_01v8_hvt
No property pd found for device pfet_01v8_hvt
Comparison output logged to file /root/chia-orfs/orfs_runs/chia_aes128_benchmark_corrupted-1790218652/signoff_logs/lvs_netgen.log
Logging to file "/root/chia-orfs/orfs_runs/chia_aes128_benchmark_corrupted-1790218652/signoff_logs/lvs_netgen.log" enabled
Contents of circuit 1:  Circuit: 'sky130_fd_sc_hd__clkdlybuf4s50_1'
Circuit sky130_fd_sc_hd__clkdlybuf4s50_1 contains 8 device instances.
  Class: pfet_01v8_hvt         instances:   4
  Class: nfet_01v8             instances:   4
Circuit contains 9 nets.
Contents of circuit 2:  Circuit: 'sky130_fd_sc_hd__clkdlybuf4s50_1'
Circuit sky130_fd_sc_hd__clkdlybuf4s50_1 contains 8 device instances.
  Class: pfet_01v8_hvt         instances:   4
  Class: nfet_01v8             instances:   4
Circuit contains 9 nets.

Circuit 1 contains 8 devices, Circuit 2 contains 8 devices.
Circuit 1 contains 9 nets,    Circuit 2 contains 9 nets.

Netlists match uniquely.
Contents of circuit 1:  Circuit: 'sky130_fd_sc_hd__and3_1'
Circuit sky130_fd_sc_hd__and3_1 contains 8 device instances.
  Class: pfet_01v8_hvt         instances:   4
  Class: nfet_01v8             instances:   4
Circuit contains 11 nets.
Contents of circuit 2:  Circuit: 'sky130_fd_sc_hd__and3_1'
Circuit sky130_fd_sc_hd__and3_1 contains 8 device instances.
  Class: pfet_01v8_hvt         instances:   4
  Class: nfet_01v8             instances:   4
Circuit contains 11 nets.

Circuit 1 contains 8 devices, Circuit 2 contains 8 devices.
Circuit 1 contains 11 nets,    Circuit 2 contains 11 nets.

Netlists match uniquely.
Contents of circuit 1:  Circuit: 'sky130_fd_sc_hd__a221oi_1'
Circuit sky130_fd_sc_hd__a221oi_1 contains 10 device instances.
  Class: pfet_01v8_hvt         instances:   5
  Class: nfet_01v8             instances:   5
Circuit contains 14 nets.
Contents of circuit 2:  Circuit: 'sky130_fd_sc_hd__a221oi_1'
Circuit sky130_fd_sc_hd__a221oi_1 contains 10 device instances.
  Class: pfet_01v8_hvt         instances:   5
  Class: nfet_01v8             instances:   5
Circuit contains 14 nets.

Circuit 1 contains 10 devices, Circuit 2 contains 10 devices.
Circuit 1 contains 14 nets,    Circuit 2 contains 14 nets.

Netlists match uniquely.
Contents of circuit 1:  Circuit: 'sky130_fd_sc_hd__o21ai_0'
Circuit sky130_fd_sc_hd__o21ai_0 contains 6 device instances.
  Class: pfet_01v8_hvt         instances:   3
  Class: nfet_01v8             instances:   3
Circuit contains 10 nets.
Contents of circuit 2:  Circuit: 'sky130_fd_sc_hd__o21ai_0'
Circuit sky130_fd_sc_hd__o21ai_0 contains 6 device instances.
  Class: pfet_01v8_hvt         instances:   3
  Class: nfet_01v8             instances:   3
Circuit contains 10 nets.

Circuit 1 contains 6 devices, Circuit 2 contains 6 devices.
Circuit 1 contains 10 nets,    Circuit 2 contains 10 nets.

Netlists match uniquely.
Contents of circuit 1:  Circuit: 'sky130_fd_sc_hd__a21oi_1'
Circuit sky130_fd_sc_hd__a21oi_1 contains 6 device instances.
  Class: pfet_01v8_hvt         instances:   3
  Class: nfet_01v8             instances:   3
Circuit contains 10 nets.
Contents of circuit 2:  Circuit: 'sky130_fd_sc_hd__a21oi_1'
Circuit sky130_fd_sc_hd__a21oi_1 contains 6 device instances.
  Class: pfet_01v8_hvt         instances:   3
  Class: nfet_01v8             instances:   3
Circuit contains 10 nets.

Circuit 1 contains 6 devices, Circuit 2 contains 6 devices.
Circuit 1 contains 10 nets,    Circuit 2 contains 10 nets.

Netlists match uniquely.
Contents of circuit 1:  Circuit: 'sky130_fd_sc_hd__nand2_1'
Circuit sky130_fd_sc_hd__nand2_1 contains 4 device instances.
  Class: pfet_01v8_hvt         instances:   2
  Class: nfet_01v8             instances:   2
Circuit contains 8 nets.
Contents of circuit 2:  Circuit: 'sky130_fd_sc_hd__nand2_1'
Circuit sky130_fd_sc_hd__nand2_1 contains 4 device instances.
  Class: pfet_01v8_hvt         instances:   2
  Class: nfet_01v8             instances:   2
Circuit contains 8 nets.

Circuit 1 contains 4 devices, Circuit 2 contains 4 devices.
Circuit 1 contains 8 nets,    Circuit 2 contains 8 nets.

Netlists match uniquely.
Contents of circuit 1:  Circuit: 'sky130_fd_sc_hd__a221o_1'
Circuit sky130_fd_sc_hd__a221o_1 contains 12 device instances.
  Class: pfet_01v8_hvt         instances:   6
  Class: nfet_01v8             instances:   6
Circuit contains 15 nets.
Contents of circuit 2:  Circuit: 'sky130_fd_sc_hd__a221o_1'
Circuit sky130_fd_sc_hd__a221o_1 contains 12 device instances.
  Class: pfet_01v8_hvt         instances:   6
  Class: nfet_01v8             instances:   6
Circuit contains 15 nets.

Circuit 1 contains 12 devices, Circuit 2 contains 12 devices.
Circuit 1 contains 15 nets,    Circuit 2 contains 15 nets.

Netlists match uniquely.
Contents of circuit 1:  Circuit: 'sky130_fd_sc_hd__o311ai_0'
Circuit sky130_fd_sc_hd__o311ai_0 contains 10 device instances.
  Class: pfet_01v8_hvt         instances:   5
  Class: nfet_01v8             instances:   5
Circuit contains 14 nets.
Contents of circuit 2:  Circuit: 'sky130_fd_sc_hd__o311ai_0'
Circuit sky130_fd_sc_hd__o311ai_0 contains 10 device instances.
  Class: pfet_01v8_hvt         instances:   5
  Class: nfet_01v8             instances:   5
Circuit contains 14 nets.

Circuit 1 contains 10 devices, Circuit 2 contains 10 devices.
Circuit 1 contains 14 nets,    Circuit 2 contains 14 nets.

Netlists match uniquely.
Contents of circuit 1:  Circuit: 'sky130_fd_sc_hd__nor2_1'
Circuit sky130_fd_sc_hd__nor2_1 contains 4 device instances.
  Class: pfet_01v8_hvt         instances:   2
  Class: nfet_01v8             instances:   2
Circuit contains 8 nets.
Contents of circuit 2:  Circuit: 'sky130_fd_sc_hd__nor2_1'
Circuit sky130_fd_sc_hd__nor2_1 contains 4 device instances.
  Class: pfet_01v8_hvt         instances:   2
  Class: nfet_01v8             instances:   2
Circuit contains 8 nets.

Circuit 1 contains 4 devices, Circuit 2 contains 4 devices.
Circuit 1 contains 8 nets,    Circuit 2 contains 8 nets.

Netlists match uniquely.
Contents of circuit 1:  Circuit: 'sky130_fd_sc_hd__o22ai_1'
Circuit sky130_fd_sc_hd__o22ai_1 contains 8 device instances.
  Class: pfet_01v8_hvt         instances:   4
  Class: nfet_01v8             instances:   4
Circuit contains 12 nets.
Contents of circuit 2:  Circuit: 'sky130_fd_sc_hd__o22ai_1'
Circuit sky130_fd_sc_hd__o22ai_1 contains 8 device instances.
  Class: pfet_01v8_hvt         instances:   4
  Class: nfet_01v8             instances:   4
Circuit contains 12 nets.

Circuit 1 contains 8 devices, Circuit 2 contains 8 devices.
Circuit 1 contains 12 nets,    Circuit 2 contains 12 nets.

Netlists match uniquely.
Contents of circuit 1:  Circuit: 'sky130_fd_sc_hd__nand3b_1'
Circuit sky130_fd_sc_hd__nand3b_1 contains 8 device instances.
  Class: pfet_01v8_hvt         instances:   4
  Class: nfet_01v8             instances:   4
Circuit contains 11 nets.
Contents of circuit 2:  Circuit: 'sky130_fd_sc_hd__nand3b_1'
Circuit sky130_fd_sc_hd__nand3b_1 contains 8 device instances.
  Class: pfet_01v8_hvt         instances:   4
  Class: nfet_01v8             instances:   4
Circuit contains 11 nets.

Circuit 1 contains 8 devices, Circuit 2 contains 8 devices.
Circuit 1 contains 11 nets,    Circuit 2 contains 11 nets.

Netlists match uniquely.
Contents of circuit 1:  Circuit: 'sky130_fd_sc_hd__o21bai_1'
Circuit sky130_fd_sc_hd__o21bai_1 contains 8 device instances.
  Class: pfet_01v8_hvt         instances:   4
  Class: nfet_01v8             instances:   4
Circuit contains 11 nets.
Contents of circuit 2:  Circuit: 'sky130_fd_sc_hd__o21bai_1'
Circuit sky130_fd_sc_hd__o21bai_1 contains 8 device instances.
  Class: pfet_01v8_hvt         instances:   4
  Class: nfet_01v8             instances:   4
Circuit contains 11 nets.

Circuit 1 contains 8 devices, Circuit 2 contains 8 devices.
Circuit 1 contains 11 nets,    Circuit 2 contains 11 nets.

Netlists match uniquely.
Contents of circuit 1:  Circuit: 'sky130_fd_sc_hd__a32oi_1'
Circuit sky130_fd_sc_hd__a32oi_1 contains 10 device instances.
  Class: pfet_01v8_hvt         instances:   5
  Class: nfet_01v8             instances:   5
Circuit contains 14 nets.
Contents of circuit 2:  Circuit: 'sky130_fd_sc_hd__a32oi_1'
Circuit sky130_fd_sc_hd__a32oi_1 contains 10 device instances.
  Class: pfet_01v8_hvt         instances:   5
  Class: nfet_01v8             instances:   5
Circuit contains 14 nets.

Circuit 1 contains 10 devices, Circuit 2 contains 10 devices.
Circuit 1 contains 14 nets,    Circuit 2 contains 14 nets.

Netlists match uniquely.
Contents of circuit 1:  Circuit: 'sky130_fd_sc_hd__or3b_1'
Circuit sky130_fd_sc_hd__or3b_1 contains 10 device instances.
  Class: pfet_01v8_hvt         instances:   5
  Class: nfet_01v8             instances:   5
Circuit contains 12 nets.
Contents of circuit 2:  Circuit: 'sky130_fd_sc_hd__or3b_1'
Circuit sky130_fd_sc_hd__or3b_1 contains 10 device instances.
  Class: pfet_01v8_hvt         instances:   5
  Class: nfet_01v8             instances:   5
Circuit contains 12 nets.

Circuit 1 contains 10 devices, Circuit 2 contains 10 devices.
Circuit 1 contains 12 nets,    Circuit 2 contains 12 nets.

Netlists match uniquely.
Contents of circuit 1:  Circuit: 'sky130_fd_sc_hd__mux2i_1'
Circuit sky130_fd_sc_hd__mux2i_1 contains 10 device instances.
  Class: pfet_01v8_hvt         instances:   5
  Class: nfet_01v8             instances:   5
Circuit contains 13 nets.
Contents of circuit 2:  Circuit: 'sky130_fd_sc_hd__mux2i_1'
Circuit sky130_fd_sc_hd__mux2i_1 contains 10 device instances.
  Class: pfet_01v8_hvt         instances:   5
  Class: nfet_01v8             instances:   5
Circuit contains 13 nets.

Circuit 1 contains 10 devices, Circuit 2 contains 10 devices.
Circuit 1 contains 13 nets,    Circuit 2 contains 13 nets.

Netlists match uniquely.
Contents of circuit 1:  Circuit: 'sky130_fd_sc_hd__nor4b_1'
Circuit sky130_fd_sc_hd__nor4b_1 contains 10 device instances.
  Class: pfet_01v8_hvt         instances:   5
  Class: nfet_01v8             instances:   5
Circuit contains 13 nets.
Contents of circuit 2:  Circuit: 'sky130_fd_sc_hd__nor4b_1'
Circuit sky130_fd_sc_hd__nor4b_1 contains 10 device instances.
  Class: pfet_01v8_hvt         instances:   5
  Class: nfet_01v8             instances:   5
Circuit contains 13 nets.

Circuit 1 contains 10 devices, Circuit 2 contains 10 devices.
Circuit 1 contains 13 nets,    Circuit 2 contains 13 nets.

Netlists match uniquely.
Contents of circuit 1:  Circuit: 'sky130_fd_sc_hd__or4b_1'
Circuit sky130_fd_sc_hd__or4b_1 contains 12 device instances.
  Class: pfet_01v8_hvt         instances:   6
  Class: nfet_01v8             instances:   6
Circuit contains 14 nets.
Contents of circuit 2:  Circuit: 'sky130_fd_sc_hd__or4b_1'
Circuit sky130_fd_sc_hd__or4b_1 contains 12 device instances.
  Class: pfet_01v8_hvt         instances:   6
  Class: nfet_01v8             instances:   6
Circuit contains 14 nets.

Circuit 1 contains 12 devices, Circuit 2 contains 12 devices.
Circuit 1 contains 14 nets,    Circuit 2 contains 14 nets.

Netlists match uniquely.
Contents of circuit 1:  Circuit: 'sky130_fd_sc_hd__a21boi_0'
Circuit sky130_fd_sc_hd__a21boi_0 contains 8 device instances.
  Class: pfet_01v8_hvt         instances:   4
  Class: nfet_01v8             instances:   4
Circuit contains 11 nets.
Contents of circuit 2:  Circuit: 'sky130_fd_sc_hd__a21boi_0'
Circuit sky130_fd_sc_hd__a21boi_0 contains 8 device instances.
  Class: pfet_01v8_hvt         instances:   4
  Class: nfet_01v8             instances:   4
Circuit contains 11 nets.

Circuit 1 contains 8 devices, Circuit 2 contains 8 devices.
Circuit 1 contains 11 nets,    Circuit 2 contains 11 nets.

Netlists match uniquely.
Contents of circuit 1:  Circuit: 'sky130_fd_sc_hd__a22o_1'
Circuit sky130_fd_sc_hd__a22o_1 contains 10 device instances.
  Class: pfet_01v8_hvt         instances:   5
  Class: nfet_01v8             instances:   5
Circuit contains 13 nets.
Contents of circuit 2:  Circuit: 'sky130_fd_sc_hd__a22o_1'
Circuit sky130_fd_sc_hd__a22o_1 contains 10 device instances.
  Class: pfet_01v8_hvt         instances:   5
  Class: nfet_01v8             instances:   5
Circuit contains 13 nets.

Circuit 1 contains 10 devices, Circuit 2 contains 10 devices.
Circuit 1 contains 13 nets,    Circuit 2 contains 13 nets.

Netlists match uniquely.
Contents of circuit 1:  Circuit: 'sky130_fd_sc_hd__o211ai_1'
Circuit sky130_fd_sc_hd__o211ai_1 contains 8 device instances.
  Class: pfet_01v8_hvt         instances:   4
  Class: nfet_01v8             instances:   4
Circuit contains 12 nets.
Contents of circuit 2:  Circuit: 'sky130_fd_sc_hd__o211ai_1'
Circuit sky130_fd_sc_hd__o211ai_1 contains 8 device instances.
  Class: pfet_01v8_hvt         instances:   4
  Class: nfet_01v8             instances:   4
Circuit contains 12 nets.

Circuit 1 contains 8 devices, Circuit 2 contains 8 devices.
Circuit 1 contains 12 nets,    Circuit 2 contains 12 nets.

Netlists match uniquely.
Contents of circuit 1:  Circuit: 'sky130_fd_sc_hd__a32o_1'
Circuit sky130_fd_sc_hd__a32o_1 contains 12 device instances.
  Class: pfet_01v8_hvt         instances:   6
  Class: nfet_01v8             instances:   6
Circuit contains 15 nets.
Contents of circuit 2:  Circuit: 'sky130_fd_sc_hd__a32o_1'
Circuit sky130_fd_sc_hd__a32o_1 contains 12 device instances.
  Class: pfet_01v8_hvt         instances:   6
  Class: nfet_01v8             instances:   6
Circuit contains 15 nets.

Circuit 1 contains 12 devices, Circuit 2 contains 12 devices.
Circuit 1 contains 15 nets,    Circuit 2 contains 15 nets.

Netlists match uniquely.
Contents of circuit 1:  Circuit: 'sky130_fd_sc_hd__nand2b_1'
Circuit sky130_fd_sc_hd__nand2b_1 contains 6 device instances.
  Class: pfet_01v8_hvt         instances:   3
  Class: nfet_01v8             instances:   3
Circuit contains 9 nets.
Contents of circuit 2:  Circuit: 'sky130_fd_sc_hd__nand2b_1'
Circuit sky130_fd_sc_hd__nand2b_1 contains 6 device instances.
  Class: pfet_01v8_hvt         instances:   3
  Class: nfet_01v8             instances:   3
Circuit contains 9 nets.

Circuit 1 contains 6 devices, Circuit 2 contains 6 devices.
Circuit 1 contains 9 nets,    Circuit 2 contains 9 nets.

Netlists match uniquely.
Contents of circuit 1:  Circuit: 'sky130_fd_sc_hd__nor4bb_1'
Circuit sky130_fd_sc_hd__nor4bb_1 contains 12 device instances.
  Class: pfet_01v8_hvt         instances:   6
  Class: nfet_01v8             instances:   6
Circuit contains 14 nets.
Contents of circuit 2:  Circuit: 'sky130_fd_sc_hd__nor4bb_1'
Circuit sky130_fd_sc_hd__nor4bb_1 contains 12 device instances.
  Class: pfet_01v8_hvt         instances:   6
  Class: nfet_01v8             instances:   6
Circuit contains 14 nets.

Circuit 1 contains 12 devices, Circuit 2 contains 12 devices.
Circuit 1 contains 14 nets,    Circuit 2 contains 14 nets.

Netlists match uniquely.
Contents of circuit 1:  Circuit: 'sky130_fd_sc_hd__mux2_2'
Circuit sky130_fd_sc_hd__mux2_2 contains 12 device instances.
  Class: pfet_01v8_hvt         instances:   6
  Class: nfet_01v8             instances:   6
Circuit contains 14 nets.
Contents of circuit 2:  Circuit: 'sky130_fd_sc_hd__mux2_2'
Circuit sky130_fd_sc_hd__mux2_2 contains 12 device instances.
  Class: pfet_01v8_hvt         instances:   6
  Class: nfet_01v8             instances:   6
Circuit contains 14 nets.

Circuit 1 contains 12 devices, Circuit 2 contains 12 devices.
Circuit 1 contains 14 nets,    Circuit 2 contains 14 nets.

Combined 2 parallel devices.
Combined 2 parallel devices.
Netlists match uniquely.
Contents of circuit 1:  Circuit: 'sky130_fd_sc_hd__o221ai_1'
Circuit sky130_fd_sc_hd__o221ai_1 contains 10 device instances.
  Class: pfet_01v8_hvt         instances:   5
  Class: nfet_01v8             instances:   5
Circuit contains 14 nets.
Contents of circuit 2:  Circuit: 'sky130_fd_sc_hd__o221ai_1'
Circuit sky130_fd_sc_hd__o221ai_1 contains 10 device instances.
  Class: pfet_01v8_hvt         instances:   5
  Class: nfet_01v8             instances:   5
Circuit contains 14 nets.

Circuit 1 contains 10 devices, Circuit 2 contains 10 devices.
Circuit 1 contains 14 nets,    Circuit 2 contains 14 nets.

Netlists match uniquely.
Contents of circuit 1:  Circuit: 'sky130_fd_sc_hd__and2_1'
Circuit sky130_fd_sc_hd__and2_1 contains 6 device instances.
  Class: pfet_01v8_hvt         instances:   3
  Class: nfet_01v8             instances:   3
Circuit contains 9 nets.
Contents of circuit 2:  Circuit: 'sky130_fd_sc_hd__and2_1'
Circuit sky130_fd_sc_hd__and2_1 contains 6 device instances.
  Class: pfet_01v8_hvt         instances:   3
  Class: nfet_01v8             instances:   3
Circuit contains 9 nets.

Circuit 1 contains 6 devices, Circuit 2 contains 6 devices.
Circuit 1 contains 9 nets,    Circuit 2 contains 9 nets.

Netlists match uniquely.
Contents of circuit 1:  Circuit: 'sky130_fd_sc_hd__nor3_1'
Circuit sky130_fd_sc_hd__nor3_1 contains 6 device instances.
  Class: pfet_01v8_hvt         instances:   3
  Class: nfet_01v8             instances:   3
Circuit contains 10 nets.
Contents of circuit 2:  Circuit: 'sky130_fd_sc_hd__nor3_1'
Circuit sky130_fd_sc_hd__nor3_1 contains 6 device instances.
  Class: pfet_01v8_hvt         instances:   3
  Class: nfet_01v8             instances:   3
Circuit contains 10 nets.

Circuit 1 contains 6 devices, Circuit 2 contains 6 devices.
Circuit 1 contains 10 nets,    Circuit 2 contains 10 nets.

Netlists match uniquely.
Contents of circuit 1:  Circuit: 'sky130_fd_sc_hd__o21ai_1'
Circuit sky130_fd_sc_hd__o21ai_1 contains 6 device instances.
  Class: pfet_01v8_hvt         instances:   3
  Class: nfet_01v8             instances:   3
Circuit contains 10 nets.
Contents of circuit 2:  Circuit: 'sky130_fd_sc_hd__o21ai_1'
Circuit sky130_fd_sc_hd__o21ai_1 contains 6 device instances.
  Class: pfet_01v8_hvt         instances:   3
  Class: nfet_01v8             instances:   3
Circuit contains 10 nets.

Circuit 1 contains 6 devices, Circuit 2 contains 6 devices.
Circuit 1 contains 10 nets,    Circuit 2 contains 10 nets.

Netlists match uniquely.
Contents of circuit 1:  Circuit: 'sky130_fd_sc_hd__a2111oi_0'
Circuit sky130_fd_sc_hd__a2111oi_0 contains 10 device instances.
  Class: pfet_01v8_hvt         instances:   5
  Class: nfet_01v8             instances:   5
Circuit contains 14 nets.
Contents of circuit 2:  Circuit: 'sky130_fd_sc_hd__a2111oi_0'
Circuit sky130_fd_sc_hd__a2111oi_0 contains 10 device instances.
  Class: pfet_01v8_hvt         instances:   5
  Class: nfet_01v8             instances:   5
Circuit contains 14 nets.

Circuit 1 contains 10 devices, Circuit 2 contains 10 devices.
Circuit 1 contains 14 nets,    Circuit 2 contains 14 nets.

Netlists match uniquely.
Contents of circuit 1:  Circuit: 'sky130_fd_sc_hd__nor3b_1'
Circuit sky130_fd_sc_hd__nor3b_1 contains 8 device instances.
  Class: pfet_01v8_hvt         instances:   4
  Class: nfet_01v8             instances:   4
Circuit contains 11 nets.
Contents of circuit 2:  Circuit: 'sky130_fd_sc_hd__nor3b_1'
Circuit sky130_fd_sc_hd__nor3b_1 contains 8 device instances.
  Class: pfet_01v8_hvt         instances:   4
  Class: nfet_01v8             instances:   4
Circuit contains 11 nets.

Circuit 1 contains 8 devices, Circuit 2 contains 8 devices.
Circuit 1 contains 11 nets,    Circuit 2 contains 11 nets.

Netlists match uniquely.
Contents of circuit 1:  Circuit: 'sky130_fd_sc_hd__nor2b_1'
Circuit sky130_fd_sc_hd__nor2b_1 contains 6 device instances.
  Class: pfet_01v8_hvt         instances:   3
  Class: nfet_01v8             instances:   3
Circuit contains 9 nets.
Contents of circuit 2:  Circuit: 'sky130_fd_sc_hd__nor2b_1'
Circuit sky130_fd_sc_hd__nor2b_1 contains 6 device instances.
  Class: pfet_01v8_hvt         instances:   3
  Class: nfet_01v8             instances:   3
Circuit contains 9 nets.

Circuit 1 contains 6 devices, Circuit 2 contains 6 devices.
Circuit 1 contains 9 nets,    Circuit 2 contains 9 nets.

Netlists match uniquely.
Contents of circuit 1:  Circuit: 'sky130_fd_sc_hd__a22oi_1'
Circuit sky130_fd_sc_hd__a22oi_1 contains 8 device instances.
  Class: pfet_01v8_hvt         instances:   4
  Class: nfet_01v8             instances:   4
Circuit contains 12 nets.
Contents of circuit 2:  Circuit: 'sky130_fd_sc_hd__a22oi_1'
Circuit sky130_fd_sc_hd__a22oi_1 contains 8 device instances.
  Class: pfet_01v8_hvt         instances:   4
  Class: nfet_01v8             instances:   4
Circuit contains 12 nets.

Circuit 1 contains 8 devices, Circuit 2 contains 8 devices.
Circuit 1 contains 12 nets,    Circuit 2 contains 12 nets.

Netlists match uniquely.
Contents of circuit 1:  Circuit: 'sky130_fd_sc_hd__and2_0'
Circuit sky130_fd_sc_hd__and2_0 contains 6 device instances.
  Class: pfet_01v8_hvt         instances:   3
  Class: nfet_01v8             instances:   3
Circuit contains 9 nets.
Contents of circuit 2:  Circuit: 'sky130_fd_sc_hd__and2_0'
Circuit sky130_fd_sc_hd__and2_0 contains 6 device instances.
  Class: pfet_01v8_hvt         instances:   3
  Class: nfet_01v8             instances:   3
Circuit contains 9 nets.

Circuit 1 contains 6 devices, Circuit 2 contains 6 devices.
Circuit 1 contains 9 nets,    Circuit 2 contains 9 nets.

Netlists match uniquely.
Contents of circuit 1:  Circuit: 'sky130_fd_sc_hd__nand4_1'
Circuit sky130_fd_sc_hd__nand4_1 contains 8 device instances.
  Class: pfet_01v8_hvt         instances:   4
  Class: nfet_01v8             instances:   4
Circuit contains 12 nets.
Contents of circuit 2:  Circuit: 'sky130_fd_sc_hd__nand4_1'
Circuit sky130_fd_sc_hd__nand4_1 contains 8 device instances.
  Class: pfet_01v8_hvt         instances:   4
  Class: nfet_01v8             instances:   4
Circuit contains 12 nets.

Circuit 1 contains 8 devices, Circuit 2 contains 8 devices.
Circuit 1 contains 12 nets,    Circuit 2 contains 12 nets.

Netlists match uniquely.
Contents of circuit 1:  Circuit: 'sky130_fd_sc_hd__a211oi_1'
Circuit sky130_fd_sc_hd__a211oi_1 contains 8 device instances.
  Class: pfet_01v8_hvt         instances:   4
  Class: nfet_01v8             instances:   4
Circuit contains 12 nets.
Contents of circuit 2:  Circuit: 'sky130_fd_sc_hd__a211oi_1'
Circuit sky130_fd_sc_hd__a211oi_1 contains 8 device instances.
  Class: pfet_01v8_hvt         instances:   4
  Class: nfet_01v8             instances:   4
Circuit contains 12 nets.

Circuit 1 contains 8 devices, Circuit 2 contains 8 devices.
Circuit 1 contains 12 nets,    Circuit 2 contains 12 nets.

Netlists match uniquely.
Contents of circuit 1:  Circuit: 'sky130_fd_sc_hd__buf_4'
Circuit sky130_fd_sc_hd__buf_4 contains 4 device instances.
  Class: pfet_01v8_hvt         instances:   2
  Class: nfet_01v8             instances:   2
Circuit contains 7 nets.
Contents of circuit 2:  Circuit: 'sky130_fd_sc_hd__buf_4'
Circuit sky130_fd_sc_hd__buf_4 contains 4 device instances.
  Class: pfet_01v8_hvt         instances:   2
  Class: nfet_01v8             instances:   2
Circuit contains 7 nets.

Circuit 1 contains 4 devices, Circuit 2 contains 4 devices.
Circuit 1 contains 7 nets,    Circuit 2 contains 7 nets.

Combined 4 parallel devices.
Combined 4 parallel devices.
Netlists match uniquely.
Contents of circuit 1:  Circuit: 'sky130_fd_sc_hd__or3_1'
Circuit sky130_fd_sc_hd__or3_1 contains 8 device instances.
  Class: pfet_01v8_hvt         instances:   4
  Class: nfet_01v8             instances:   4
Circuit contains 11 nets.
Contents of circuit 2:  Circuit: 'sky130_fd_sc_hd__or3_1'
Circuit sky130_fd_sc_hd__or3_1 contains 8 device instances.
  Class: pfet_01v8_hvt         instances:   4
  Class: nfet_01v8             instances:   4
Circuit contains 11 nets.

Circuit 1 contains 8 devices, Circuit 2 contains 8 devices.
Circuit 1 contains 11 nets,    Circuit 2 contains 11 nets.

Netlists match uniquely.
Contents of circuit 1:  Circuit: 'sky130_fd_sc_hd__o2111a_1'
Circuit sky130_fd_sc_hd__o2111a_1 contains 12 device instances.
  Class: pfet_01v8_hvt         instances:   6
  Class: nfet_01v8             instances:   6
Circuit contains 15 nets.
Contents of circuit 2:  Circuit: 'sky130_fd_sc_hd__o2111a_1'
Circuit sky130_fd_sc_hd__o2111a_1 contains 12 device instances.
  Class: pfet_01v8_hvt         instances:   6
  Class: nfet_01v8             instances:   6
Circuit contains 15 nets.

Circuit 1 contains 12 devices, Circuit 2 contains 12 devices.
Circuit 1 contains 15 nets,    Circuit 2 contains 15 nets.

Netlists match uniquely.
Contents of circuit 1:  Circuit: 'sky130_fd_sc_hd__o2111ai_1'
Circuit sky130_fd_sc_hd__o2111ai_1 contains 10 device instances.
  Class: pfet_01v8_hvt         instances:   5
  Class: nfet_01v8             instances:   5
Circuit contains 14 nets.
Contents of circuit 2:  Circuit: 'sky130_fd_sc_hd__o2111ai_1'
Circuit sky130_fd_sc_hd__o2111ai_1 contains 10 device instances.
  Class: pfet_01v8_hvt         instances:   5
  Class: nfet_01v8             instances:   5
Circuit contains 14 nets.

Circuit 1 contains 10 devices, Circuit 2 contains 10 devices.
Circuit 1 contains 14 nets,    Circuit 2 contains 14 nets.

Netlists match uniquely.
Contents of circuit 1:  Circuit: 'sky130_fd_sc_hd__o21a_1'
Circuit sky130_fd_sc_hd__o21a_1 contains 8 device instances.
  Class: pfet_01v8_hvt         instances:   4
  Class: nfet_01v8             instances:   4
Circuit contains 11 nets.
Contents of circuit 2:  Circuit: 'sky130_fd_sc_hd__o21a_1'
Circuit sky130_fd_sc_hd__o21a_1 contains 8 device instances.
  Class: pfet_01v8_hvt         instances:   4
  Class: nfet_01v8             instances:   4
Circuit contains 11 nets.

Circuit 1 contains 8 devices, Circuit 2 contains 8 devices.
Circuit 1 contains 11 nets,    Circuit 2 contains 11 nets.

Netlists match uniquely.
Contents of circuit 1:  Circuit: 'sky130_fd_sc_hd__a311oi_1'
Circuit sky130_fd_sc_hd__a311oi_1 contains 10 device instances.
  Class: pfet_01v8_hvt         instances:   5
  Class: nfet_01v8             instances:   5
Circuit contains 14 nets.
Contents of circuit 2:  Circuit: 'sky130_fd_sc_hd__a311oi_1'
Circuit sky130_fd_sc_hd__a311oi_1 contains 10 device instances.
  Class: pfet_01v8_hvt         instances:   5
  Class: nfet_01v8             instances:   5
Circuit contains 14 nets.

Circuit 1 contains 10 devices, Circuit 2 contains 10 devices.
Circuit 1 contains 14 nets,    Circuit 2 contains 14 nets.

Netlists match uniquely.
Contents of circuit 1:  Circuit: 'sky130_fd_sc_hd__o31ai_1'
Circuit sky130_fd_sc_hd__o31ai_1 contains 8 device instances.
  Class: pfet_01v8_hvt         instances:   4
  Class: nfet_01v8             instances:   4
Circuit contains 12 nets.
Contents of circuit 2:  Circuit: 'sky130_fd_sc_hd__o31ai_1'
Circuit sky130_fd_sc_hd__o31ai_1 contains 8 device instances.
  Class: pfet_01v8_hvt         instances:   4
  Class: nfet_01v8             instances:   4
Circuit contains 12 nets.

Circuit 1 contains 8 devices, Circuit 2 contains 8 devices.
Circuit 1 contains 12 nets,    Circuit 2 contains 12 nets.

Netlists match uniquely.
Contents of circuit 1:  Circuit: 'sky130_fd_sc_hd__o41ai_1'
Circuit sky130_fd_sc_hd__o41ai_1 contains 10 device instances.
  Class: pfet_01v8_hvt         instances:   5
  Class: nfet_01v8             instances:   5
Circuit contains 14 nets.
Contents of circuit 2:  Circuit: 'sky130_fd_sc_hd__o41ai_1'
Circuit sky130_fd_sc_hd__o41ai_1 contains 10 device instances.
  Class: pfet_01v8_hvt         instances:   5
  Class: nfet_01v8             instances:   5
Circuit contains 14 nets.

Circuit 1 contains 10 devices, Circuit 2 contains 10 devices.
Circuit 1 contains 14 nets,    Circuit 2 contains 14 nets.

Netlists match uniquely.
Contents of circuit 1:  Circuit: 'sky130_fd_sc_hd__o32ai_2'
Circuit sky130_fd_sc_hd__o32ai_2 contains 10 device instances.
  Class: pfet_01v8_hvt         instances:   5
  Class: nfet_01v8             instances:   5
Circuit contains 14 nets.
Contents of circuit 2:  Circuit: 'sky130_fd_sc_hd__o32ai_2'
Circuit sky130_fd_sc_hd__o32ai_2 contains 10 device instances.
  Class: pfet_01v8_hvt         instances:   5
  Class: nfet_01v8             instances:   5
Circuit contains 14 nets.

Circuit 1 contains 10 devices, Circuit 2 contains 10 devices.
Circuit 1 contains 14 nets,    Circuit 2 contains 14 nets.

Combined 2 parallel devices.
Combined 2 parallel devices.
Combined 2 parallel devices.
Combined 2 parallel devices.
Combined 2 parallel devices.
Combined 2 parallel devices.
Combined 2 parallel devices.
Combined 2 parallel devices.
Combined 2 parallel devices.
Combined 2 parallel devices.
Netlists match uniquely.
Contents of circuit 1:  Circuit: 'sky130_fd_sc_hd__nand3_1'
Circuit sky130_fd_sc_hd__nand3_1 contains 6 device instances.
  Class: pfet_01v8_hvt         instances:   3
  Class: nfet_01v8             instances:   3
Circuit contains 10 nets.
Contents of circuit 2:  Circuit: 'sky130_fd_sc_hd__nand3_1'
Circuit sky130_fd_sc_hd__nand3_1 contains 6 device instances.
  Class: pfet_01v8_hvt         instances:   3
  Class: nfet_01v8             instances:   3
Circuit contains 10 nets.

Circuit 1 contains 6 devices, Circuit 2 contains 6 devices.
Circuit 1 contains 10 nets,    Circuit 2 contains 10 nets.

Netlists match uniquely.
Contents of circuit 1:  Circuit: 'sky130_fd_sc_hd__a311o_1'
Circuit sky130_fd_sc_hd__a311o_1 contains 12 device instances.
  Class: pfet_01v8_hvt         instances:   6
  Class: nfet_01v8             instances:   6
Circuit contains 15 nets.
Contents of circuit 2:  Circuit: 'sky130_fd_sc_hd__a311o_1'
Circuit sky130_fd_sc_hd__a311o_1 contains 12 device instances.
  Class: pfet_01v8_hvt         instances:   6
  Class: nfet_01v8             instances:   6
Circuit contains 15 nets.

Circuit 1 contains 12 devices, Circuit 2 contains 12 devices.
Circuit 1 contains 15 nets,    Circuit 2 contains 15 nets.

Netlists match uniquely.
Contents of circuit 1:  Circuit: 'sky130_fd_sc_hd__a211o_1'
Circuit sky130_fd_sc_hd__a211o_1 contains 10 device instances.
  Class: pfet_01v8_hvt         instances:   5
  Class: nfet_01v8             instances:   5
Circuit contains 13 nets.
Contents of circuit 2:  Circuit: 'sky130_fd_sc_hd__a211o_1'
Circuit sky130_fd_sc_hd__a211o_1 contains 10 device instances.
  Class: pfet_01v8_hvt         instances:   5
  Class: nfet_01v8             instances:   5
Circuit contains 13 nets.

Circuit 1 contains 10 devices, Circuit 2 contains 10 devices.
Circuit 1 contains 13 nets,    Circuit 2 contains 13 nets.

Netlists match uniquely.
Contents of circuit 1:  Circuit: 'sky130_fd_sc_hd__inv_1'
Circuit sky130_fd_sc_hd__inv_1 contains 2 device instances.
  Class: pfet_01v8_hvt         instances:   1
  Class: nfet_01v8             instances:   1
Circuit contains 6 nets.
Contents of circuit 2:  Circuit: 'sky130_fd_sc_hd__inv_1'
Circuit sky130_fd_sc_hd__inv_1 contains 2 device instances.
  Class: pfet_01v8_hvt         instances:   1
  Class: nfet_01v8             instances:   1
Circuit contains 6 nets.

Circuit 1 contains 2 devices, Circuit 2 contains 2 devices.
Circuit 1 contains 6 nets,    Circuit 2 contains 6 nets.

Netlists match uniquely.
Contents of circuit 1:  Circuit: 'sky130_fd_sc_hd__o32ai_1'
Circuit sky130_fd_sc_hd__o32ai_1 contains 10 device instances.
  Class: pfet_01v8_hvt         instances:   5
  Class: nfet_01v8             instances:   5
Circuit contains 14 nets.
Contents of circuit 2:  Circuit: 'sky130_fd_sc_hd__o32ai_1'
Circuit sky130_fd_sc_hd__o32ai_1 contains 10 device instances.
  Class: pfet_01v8_hvt         instances:   5
  Class: nfet_01v8             instances:   5
Circuit contains 14 nets.

Circuit 1 contains 10 devices, Circuit 2 contains 10 devices.
Circuit 1 contains 14 nets,    Circuit 2 contains 14 nets.

Netlists match uniquely.
Contents of circuit 1:  Circuit: 'sky130_fd_sc_hd__xnor2_1'
Circuit sky130_fd_sc_hd__xnor2_1 contains 10 device instances.
  Class: pfet_01v8_hvt         instances:   5
  Class: nfet_01v8             instances:   5
Circuit contains 11 nets.
Contents of circuit 2:  Circuit: 'sky130_fd_sc_hd__xnor2_1'
Circuit sky130_fd_sc_hd__xnor2_1 contains 10 device instances.
  Class: pfet_01v8_hvt         instances:   5
  Class: nfet_01v8             instances:   5
Circuit contains 11 nets.

Circuit 1 contains 10 devices, Circuit 2 contains 10 devices.
Circuit 1 contains 11 nets,    Circuit 2 contains 11 nets.

Netlists match uniquely.
Contents of circuit 1:  Circuit: 'sky130_fd_sc_hd__dfxtp_1'
Circuit sky130_fd_sc_hd__dfxtp_1 contains 24 device instances.
  Class: pfet_01v8_hvt         instances:  12
  Class: nfet_01v8             instances:  12
Circuit contains 18 nets.
Contents of circuit 2:  Circuit: 'sky130_fd_sc_hd__dfxtp_1'
Circuit sky130_fd_sc_hd__dfxtp_1 contains 24 device instances.
  Class: pfet_01v8_hvt         instances:  12
  Class: nfet_01v8             instances:  12
Circuit contains 18 nets.

Circuit 1 contains 24 devices, Circuit 2 contains 24 devices.
Circuit 1 contains 18 nets,    Circuit 2 contains 18 nets.

Netlists match uniquely.
Contents of circuit 1:  Circuit: 'sky130_fd_sc_hd__a2bb2oi_1'
Circuit sky130_fd_sc_hd__a2bb2oi_1 contains 10 device instances.
  Class: pfet_01v8_hvt         instances:   5
  Class: nfet_01v8             instances:   5
Circuit contains 13 nets.
Contents of circuit 2:  Circuit: 'sky130_fd_sc_hd__a2bb2oi_1'
Circuit sky130_fd_sc_hd__a2bb2oi_1 contains 10 device instances.
  Class: pfet_01v8_hvt         instances:   5
  Class: nfet_01v8             instances:   5
Circuit contains 13 nets.

Circuit 1 contains 10 devices, Circuit 2 contains 10 devices.
Circuit 1 contains 13 nets,    Circuit 2 contains 13 nets.

Netlists match uniquely.
Contents of circuit 1:  Circuit: 'sky130_fd_sc_hd__mux4_2'
Circuit sky130_fd_sc_hd__mux4_2 contains 26 device instances.
  Class: pfet_01v8_hvt         instances:  13
  Class: nfet_01v8             instances:  13
Circuit contains 24 nets.
Contents of circuit 2:  Circuit: 'sky130_fd_sc_hd__mux4_2'
Circuit sky130_fd_sc_hd__mux4_2 contains 26 device instances.
  Class: pfet_01v8_hvt         instances:  13
  Class: nfet_01v8             instances:  13
Circuit contains 24 nets.

Circuit 1 contains 26 devices, Circuit 2 contains 26 devices.
Circuit 1 contains 24 nets,    Circuit 2 contains 24 nets.

Combined 2 parallel devices.
Combined 2 parallel devices.
Netlists match uniquely.
Contents of circuit 1:  Circuit: 'sky130_fd_sc_hd__a21o_1'
Circuit sky130_fd_sc_hd__a21o_1 contains 8 device instances.
  Class: pfet_01v8_hvt         instances:   4
  Class: nfet_01v8             instances:   4
Circuit contains 11 nets.
Contents of circuit 2:  Circuit: 'sky130_fd_sc_hd__a21o_1'
Circuit sky130_fd_sc_hd__a21o_1 contains 8 device instances.
  Class: pfet_01v8_hvt         instances:   4
  Class: nfet_01v8             instances:   4
Circuit contains 11 nets.

Circuit 1 contains 8 devices, Circuit 2 contains 8 devices.
Circuit 1 contains 11 nets,    Circuit 2 contains 11 nets.

Netlists match uniquely.
Contents of circuit 1:  Circuit: 'sky130_fd_sc_hd__o32a_1'
Circuit sky130_fd_sc_hd__o32a_1 contains 12 device instances.
  Class: pfet_01v8_hvt         instances:   6
  Class: nfet_01v8             instances:   6
Circuit contains 15 nets.
Contents of circuit 2:  Circuit: 'sky130_fd_sc_hd__o32a_1'
Circuit sky130_fd_sc_hd__o32a_1 contains 12 device instances.
  Class: pfet_01v8_hvt         instances:   6
  Class: nfet_01v8             instances:   6
Circuit contains 15 nets.

Circuit 1 contains 12 devices, Circuit 2 contains 12 devices.
Circuit 1 contains 15 nets,    Circuit 2 contains 15 nets.

Netlists match uniquely.
Contents of circuit 1:  Circuit: 'sky130_fd_sc_hd__xor2_1'
Circuit sky130_fd_sc_hd__xor2_1 contains 10 device instances.
  Class: pfet_01v8_hvt         instances:   5
  Class: nfet_01v8             instances:   5
Circuit contains 11 nets.
Contents of circuit 2:  Circuit: 'sky130_fd_sc_hd__xor2_1'
Circuit sky130_fd_sc_hd__xor2_1 contains 10 device instances.
  Class: pfet_01v8_hvt         instances:   5
  Class: nfet_01v8             instances:   5
Circuit contains 11 nets.

Circuit 1 contains 10 devices, Circuit 2 contains 10 devices.
Circuit 1 contains 11 nets,    Circuit 2 contains 11 nets.

Netlists match uniquely.
Contents of circuit 1:  Circuit: 'sky130_fd_sc_hd__o21ba_2'
Circuit sky130_fd_sc_hd__o21ba_2 contains 10 device instances.
  Class: pfet_01v8_hvt         instances:   5
  Class: nfet_01v8             instances:   5
Circuit contains 12 nets.
Contents of circuit 2:  Circuit: 'sky130_fd_sc_hd__o21ba_2'
Circuit sky130_fd_sc_hd__o21ba_2 contains 10 device instances.
  Class: pfet_01v8_hvt         instances:   5
  Class: nfet_01v8             instances:   5
Circuit contains 12 nets.

Circuit 1 contains 10 devices, Circuit 2 contains 10 devices.
Circuit 1 contains 12 nets,    Circuit 2 contains 12 nets.

Combined 2 parallel devices.
Combined 2 parallel devices.
Netlists match uniquely.
Contents of circuit 1:  Circuit: 'sky130_fd_sc_hd__a31oi_1'
Circuit sky130_fd_sc_hd__a31oi_1 contains 8 device instances.
  Class: pfet_01v8_hvt         instances:   4
  Class: nfet_01v8             instances:   4
Circuit contains 12 nets.
Contents of circuit 2:  Circuit: 'sky130_fd_sc_hd__a31oi_1'
Circuit sky130_fd_sc_hd__a31oi_1 contains 8 device instances.
  Class: pfet_01v8_hvt         instances:   4
  Class: nfet_01v8             instances:   4
Circuit contains 12 nets.

Circuit 1 contains 8 devices, Circuit 2 contains 8 devices.
Circuit 1 contains 12 nets,    Circuit 2 contains 12 nets.

Netlists match uniquely.
Contents of circuit 1:  Circuit: 'sky130_fd_sc_hd__a41o_1'
Circuit sky130_fd_sc_hd__a41o_1 contains 12 device instances.
  Class: pfet_01v8_hvt         instances:   6
  Class: nfet_01v8             instances:   6
Circuit contains 15 nets.
Contents of circuit 2:  Circuit: 'sky130_fd_sc_hd__a41o_1'
Circuit sky130_fd_sc_hd__a41o_1 contains 12 device instances.
  Class: pfet_01v8_hvt         instances:   6
  Class: nfet_01v8             instances:   6
Circuit contains 15 nets.

Circuit 1 contains 12 devices, Circuit 2 contains 12 devices.
Circuit 1 contains 15 nets,    Circuit 2 contains 15 nets.

Netlists match uniquely.
Contents of circuit 1:  Circuit: 'sky130_fd_sc_hd__dfxtp_2'
Circuit sky130_fd_sc_hd__dfxtp_2 contains 24 device instances.
  Class: pfet_01v8_hvt         instances:  12
  Class: nfet_01v8             instances:  12
Circuit contains 18 nets.
Contents of circuit 2:  Circuit: 'sky130_fd_sc_hd__dfxtp_2'
Circuit sky130_fd_sc_hd__dfxtp_2 contains 24 device instances.
  Class: pfet_01v8_hvt         instances:  12
  Class: nfet_01v8             instances:  12
Circuit contains 18 nets.

Circuit 1 contains 24 devices, Circuit 2 contains 24 devices.
Circuit 1 contains 18 nets,    Circuit 2 contains 18 nets.

Combined 2 parallel devices.
Combined 2 parallel devices.
Netlists match uniquely.
Contents of circuit 1:  Circuit: 'sky130_fd_sc_hd__a41oi_1'
Circuit sky130_fd_sc_hd__a41oi_1 contains 10 device instances.
  Class: pfet_01v8_hvt         instances:   5
  Class: nfet_01v8             instances:   5
Circuit contains 14 nets.
Contents of circuit 2:  Circuit: 'sky130_fd_sc_hd__a41oi_1'
Circuit sky130_fd_sc_hd__a41oi_1 contains 10 device instances.
  Class: pfet_01v8_hvt         instances:   5
  Class: nfet_01v8             instances:   5
Circuit contains 14 nets.

Circuit 1 contains 10 devices, Circuit 2 contains 10 devices.
Circuit 1 contains 14 nets,    Circuit 2 contains 14 nets.

Netlists match uniquely.
Contents of circuit 1:  Circuit: 'sky130_fd_sc_hd__or2_2'
Circuit sky130_fd_sc_hd__or2_2 contains 6 device instances.
  Class: pfet_01v8_hvt         instances:   3
  Class: nfet_01v8             instances:   3
Circuit contains 9 nets.
Contents of circuit 2:  Circuit: 'sky130_fd_sc_hd__or2_2'
Circuit sky130_fd_sc_hd__or2_2 contains 6 device instances.
  Class: pfet_01v8_hvt         instances:   3
  Class: nfet_01v8             instances:   3
Circuit contains 9 nets.

Circuit 1 contains 6 devices, Circuit 2 contains 6 devices.
Circuit 1 contains 9 nets,    Circuit 2 contains 9 nets.

Combined 2 parallel devices.
Combined 2 parallel devices.
Netlists match uniquely.
Contents of circuit 1:  Circuit: 'sky130_fd_sc_hd__xnor2_2'
Circuit sky130_fd_sc_hd__xnor2_2 contains 10 device instances.
  Class: pfet_01v8_hvt         instances:   5
  Class: nfet_01v8             instances:   5
Circuit contains 11 nets.
Contents of circuit 2:  Circuit: 'sky130_fd_sc_hd__xnor2_2'
Circuit sky130_fd_sc_hd__xnor2_2 contains 10 device instances.
  Class: pfet_01v8_hvt         instances:   5
  Class: nfet_01v8             instances:   5
Circuit contains 11 nets.

Circuit 1 contains 10 devices, Circuit 2 contains 10 devices.
Circuit 1 contains 11 nets,    Circuit 2 contains 11 nets.

Combined 2 parallel devices.
Combined 2 parallel devices.
Combined 2 parallel devices.
Combined 2 parallel devices.
Combined 2 parallel devices.
Combined 2 parallel devices.
Combined 2 parallel devices.
Combined 2 parallel devices.
Combined 2 parallel devices.
Combined 2 parallel devices.
Netlists match uniquely.
Contents of circuit 1:  Circuit: 'sky130_fd_sc_hd__xor2_2'
Circuit sky130_fd_sc_hd__xor2_2 contains 10 device instances.
  Class: pfet_01v8_hvt         instances:   5
  Class: nfet_01v8             instances:   5
Circuit contains 11 nets.
Contents of circuit 2:  Circuit: 'sky130_fd_sc_hd__xor2_2'
Circuit sky130_fd_sc_hd__xor2_2 contains 10 device instances.
  Class: pfet_01v8_hvt         instances:   5
  Class: nfet_01v8             instances:   5
Circuit contains 11 nets.

Circuit 1 contains 10 devices, Circuit 2 contains 10 devices.
Circuit 1 contains 11 nets,    Circuit 2 contains 11 nets.

Combined 2 parallel devices.
Combined 2 parallel devices.
Combined 2 parallel devices.
Combined 2 parallel devices.
Combined 2 parallel devices.
Combined 2 parallel devices.
Combined 2 parallel devices.
Combined 2 parallel devices.
Combined 2 parallel devices.
Combined 2 parallel devices.
Netlists match uniquely.
Contents of circuit 1:  Circuit: 'sky130_fd_sc_hd__xnor3_1'
Circuit sky130_fd_sc_hd__xnor3_1 contains 22 device instances.
  Class: pfet_01v8_hvt         instances:  11
  Class: nfet_01v8             instances:  11
Circuit contains 15 nets.
Contents of circuit 2:  Circuit: 'sky130_fd_sc_hd__xnor3_1'
Circuit sky130_fd_sc_hd__xnor3_1 contains 22 device instances.
  Class: pfet_01v8_hvt         instances:  11
  Class: nfet_01v8             instances:  11
Circuit contains 15 nets.

Circuit 1 contains 22 devices, Circuit 2 contains 22 devices.
Circuit 1 contains 15 nets,    Circuit 2 contains 15 nets.

Netlists match uniquely.
Contents of circuit 1:  Circuit: 'sky130_fd_sc_hd__o311ai_4'
Circuit sky130_fd_sc_hd__o311ai_4 contains 10 device instances.
  Class: pfet_01v8_hvt         instances:   5
  Class: nfet_01v8             instances:   5
Circuit contains 14 nets.
Contents of circuit 2:  Circuit: 'sky130_fd_sc_hd__o311ai_4'
Circuit sky130_fd_sc_hd__o311ai_4 contains 10 device instances.
  Class: pfet_01v8_hvt         instances:   5
  Class: nfet_01v8             instances:   5
Circuit contains 14 nets.

Circuit 1 contains 10 devices, Circuit 2 contains 10 devices.
Circuit 1 contains 14 nets,    Circuit 2 contains 14 nets.

Combined 4 parallel devices.
Combined 4 parallel devices.
Combined 4 parallel devices.
Combined 4 parallel devices.
Combined 4 parallel devices.
Combined 4 parallel devices.
Combined 4 parallel devices.
Combined 4 parallel devices.
Combined 4 parallel devices.
Combined 4 parallel devices.
Netlists match uniquely.
Contents of circuit 1:  Circuit: 'sky130_fd_sc_hd__clkinv_1'
Circuit sky130_fd_sc_hd__clkinv_1 contains 2 device instances.
  Class: pfet_01v8_hvt         instances:   1
  Class: nfet_01v8             instances:   1
Circuit contains 6 nets.
Contents of circuit 2:  Circuit: 'sky130_fd_sc_hd__clkinv_1'
Circuit sky130_fd_sc_hd__clkinv_1 contains 2 device instances.
  Class: pfet_01v8_hvt         instances:   1
  Class: nfet_01v8             instances:   1
Circuit contains 6 nets.

Circuit 1 contains 2 devices, Circuit 2 contains 2 devices.
Circuit 1 contains 6 nets,    Circuit 2 contains 6 nets.

Combined 2 parallel devices.
Netlists match uniquely.
Contents of circuit 1:  Circuit: 'sky130_fd_sc_hd__xor3_1'
Circuit sky130_fd_sc_hd__xor3_1 contains 22 device instances.
  Class: pfet_01v8_hvt         instances:  11
  Class: nfet_01v8             instances:  11
Circuit contains 15 nets.
Contents of circuit 2:  Circuit: 'sky130_fd_sc_hd__xor3_1'
Circuit sky130_fd_sc_hd__xor3_1 contains 22 device instances.
  Class: pfet_01v8_hvt         instances:  11
  Class: nfet_01v8             instances:  11
Circuit contains 15 nets.

Circuit 1 contains 22 devices, Circuit 2 contains 22 devices.
Circuit 1 contains 15 nets,    Circuit 2 contains 15 nets.

Netlists match uniquely.
Contents of circuit 1:  Circuit: 'sky130_fd_sc_hd__a222oi_1'
Circuit sky130_fd_sc_hd__a222oi_1 contains 12 device instances.
  Class: pfet_01v8_hvt         instances:   6
  Class: nfet_01v8             instances:   6
Circuit contains 16 nets.
Contents of circuit 2:  Circuit: 'sky130_fd_sc_hd__a222oi_1'
Circuit sky130_fd_sc_hd__a222oi_1 contains 12 device instances.
  Class: pfet_01v8_hvt         instances:   6
  Class: nfet_01v8             instances:   6
Circuit contains 16 nets.

Circuit 1 contains 12 devices, Circuit 2 contains 12 devices.
Circuit 1 contains 16 nets,    Circuit 2 contains 16 nets.

Netlists match uniquely.
Contents of circuit 1:  Circuit: 'sky130_fd_sc_hd__maj3_1'
Circuit sky130_fd_sc_hd__maj3_1 contains 14 device instances.
  Class: pfet_01v8_hvt         instances:   7
  Class: nfet_01v8             instances:   7
Circuit contains 15 nets.
Contents of circuit 2:  Circuit: 'sky130_fd_sc_hd__maj3_1'
Circuit sky130_fd_sc_hd__maj3_1 contains 14 device instances.
  Class: pfet_01v8_hvt         instances:   7
  Class: nfet_01v8             instances:   7
Circuit contains 15 nets.

Circuit 1 contains 14 devices, Circuit 2 contains 14 devices.
Circuit 1 contains 15 nets,    Circuit 2 contains 15 nets.

Netlists match uniquely.
Contents of circuit 1:  Circuit: 'sky130_fd_sc_hd__nor4_1'
Circuit sky130_fd_sc_hd__nor4_1 contains 8 device instances.
  Class: pfet_01v8_hvt         instances:   4
  Class: nfet_01v8             instances:   4
Circuit contains 12 nets.
Contents of circuit 2:  Circuit: 'sky130_fd_sc_hd__nor4_1'
Circuit sky130_fd_sc_hd__nor4_1 contains 8 device instances.
  Class: pfet_01v8_hvt         instances:   4
  Class: nfet_01v8             instances:   4
Circuit contains 12 nets.

Circuit 1 contains 8 devices, Circuit 2 contains 8 devices.
Circuit 1 contains 12 nets,    Circuit 2 contains 12 nets.

Netlists match uniquely.
Contents of circuit 1:  Circuit: 'sky130_fd_sc_hd__clkbuf_16'
Circuit sky130_fd_sc_hd__clkbuf_16 contains 4 device instances.
  Class: pfet_01v8_hvt         instances:   2
  Class: nfet_01v8             instances:   2
Circuit contains 7 nets.
Contents of circuit 2:  Circuit: 'sky130_fd_sc_hd__clkbuf_16'
Circuit sky130_fd_sc_hd__clkbuf_16 contains 4 device instances.
  Class: pfet_01v8_hvt         instances:   2
  Class: nfet_01v8             instances:   2
Circuit contains 7 nets.

Circuit 1 contains 4 devices, Circuit 2 contains 4 devices.
Circuit 1 contains 7 nets,    Circuit 2 contains 7 nets.

Combined 4 parallel devices.
Combined 16 parallel devices.
Combined 4 parallel devices.
Combined 16 parallel devices.
Netlists match uniquely.
Contents of circuit 1:  Circuit: 'sky130_fd_sc_hd__inv_2'
Circuit sky130_fd_sc_hd__inv_2 contains 2 device instances.
  Class: pfet_01v8_hvt         instances:   1
  Class: nfet_01v8             instances:   1
Circuit contains 6 nets.
Contents of circuit 2:  Circuit: 'sky130_fd_sc_hd__inv_2'
Circuit sky130_fd_sc_hd__inv_2 contains 2 device instances.
  Class: pfet_01v8_hvt         instances:   1
  Class: nfet_01v8             instances:   1
Circuit contains 6 nets.

Circuit 1 contains 2 devices, Circuit 2 contains 2 devices.
Circuit 1 contains 6 nets,    Circuit 2 contains 6 nets.

Combined 2 parallel devices.
Combined 2 parallel devices.
Netlists match uniquely.
Contents of circuit 1:  Circuit: 'sky130_fd_sc_hd__inv_6'
Circuit sky130_fd_sc_hd__inv_6 contains 2 device instances.
  Class: pfet_01v8_hvt         instances:   1
  Class: nfet_01v8             instances:   1
Circuit contains 6 nets.
Contents of circuit 2:  Circuit: 'sky130_fd_sc_hd__inv_6'
Circuit sky130_fd_sc_hd__inv_6 contains 2 device instances.
  Class: pfet_01v8_hvt         instances:   1
  Class: nfet_01v8             instances:   1
Circuit contains 6 nets.

Circuit 1 contains 2 devices, Circuit 2 contains 2 devices.
Circuit 1 contains 6 nets,    Circuit 2 contains 6 nets.

Combined 6 parallel devices.
Combined 6 parallel devices.
Netlists match uniquely.
Contents of circuit 1:  Circuit: 'sky130_fd_sc_hd__a311oi_4'
Circuit sky130_fd_sc_hd__a311oi_4 contains 10 device instances.
  Class: pfet_01v8_hvt         instances:   5
  Class: nfet_01v8             instances:   5
Circuit contains 14 nets.
Contents of circuit 2:  Circuit: 'sky130_fd_sc_hd__a311oi_4'
Circuit sky130_fd_sc_hd__a311oi_4 contains 10 device instances.
  Class: pfet_01v8_hvt         instances:   5
  Class: nfet_01v8             instances:   5
Circuit contains 14 nets.

Circuit 1 contains 10 devices, Circuit 2 contains 10 devices.
Circuit 1 contains 14 nets,    Circuit 2 contains 14 nets.

Combined 4 parallel devices.
Combined 4 parallel devices.
Combined 4 parallel devices.
Combined 4 parallel devices.
Combined 4 parallel devices.
Combined 4 parallel devices.
Combined 4 parallel devices.
Combined 4 parallel devices.
Combined 4 parallel devices.
Combined 4 parallel devices.
Netlists match uniquely.
Contents of circuit 1:  Circuit: 'sky130_fd_sc_hd__or3b_2'
Circuit sky130_fd_sc_hd__or3b_2 contains 10 device instances.
  Class: pfet_01v8_hvt         instances:   5
  Class: nfet_01v8             instances:   5
Circuit contains 12 nets.
Contents of circuit 2:  Circuit: 'sky130_fd_sc_hd__or3b_2'
Circuit sky130_fd_sc_hd__or3b_2 contains 10 device instances.
  Class: pfet_01v8_hvt         instances:   5
  Class: nfet_01v8             instances:   5
Circuit contains 12 nets.

Circuit 1 contains 10 devices, Circuit 2 contains 10 devices.
Circuit 1 contains 12 nets,    Circuit 2 contains 12 nets.

Combined 2 parallel devices.
Combined 2 parallel devices.
Netlists match uniquely.
Contents of circuit 1:  Circuit: 'sky130_fd_sc_hd__or2_1'
Circuit sky130_fd_sc_hd__or2_1 contains 6 device instances.
  Class: pfet_01v8_hvt         instances:   3
  Class: nfet_01v8             instances:   3
Circuit contains 9 nets.
Contents of circuit 2:  Circuit: 'sky130_fd_sc_hd__or2_1'
Circuit sky130_fd_sc_hd__or2_1 contains 6 device instances.
  Class: pfet_01v8_hvt         instances:   3
  Class: nfet_01v8             instances:   3
Circuit contains 9 nets.

Circuit 1 contains 6 devices, Circuit 2 contains 6 devices.
Circuit 1 contains 9 nets,    Circuit 2 contains 9 nets.

Netlists match uniquely.
Contents of circuit 1:  Circuit: 'sky130_fd_sc_hd__nand4b_1'
Circuit sky130_fd_sc_hd__nand4b_1 contains 10 device instances.
  Class: pfet_01v8_hvt         instances:   5
  Class: nfet_01v8             instances:   5
Circuit contains 13 nets.
Contents of circuit 2:  Circuit: 'sky130_fd_sc_hd__nand4b_1'
Circuit sky130_fd_sc_hd__nand4b_1 contains 10 device instances.
  Class: pfet_01v8_hvt         instances:   5
  Class: nfet_01v8             instances:   5
Circuit contains 13 nets.

Circuit 1 contains 10 devices, Circuit 2 contains 10 devices.
Circuit 1 contains 13 nets,    Circuit 2 contains 13 nets.

Netlists match uniquely.
Contents of circuit 1:  Circuit: 'sky130_fd_sc_hd__o311ai_1'
Circuit sky130_fd_sc_hd__o311ai_1 contains 10 device instances.
  Class: pfet_01v8_hvt         instances:   5
  Class: nfet_01v8             instances:   5
Circuit contains 14 nets.
Contents of circuit 2:  Circuit: 'sky130_fd_sc_hd__o311ai_1'
Circuit sky130_fd_sc_hd__o311ai_1 contains 10 device instances.
  Class: pfet_01v8_hvt         instances:   5
  Class: nfet_01v8             instances:   5
Circuit contains 14 nets.

Circuit 1 contains 10 devices, Circuit 2 contains 10 devices.
Circuit 1 contains 14 nets,    Circuit 2 contains 14 nets.

Netlists match uniquely.
Contents of circuit 1:  Circuit: 'sky130_fd_sc_hd__o31ai_2'
Circuit sky130_fd_sc_hd__o31ai_2 contains 8 device instances.
  Class: pfet_01v8_hvt         instances:   4
  Class: nfet_01v8             instances:   4
Circuit contains 12 nets.
Contents of circuit 2:  Circuit: 'sky130_fd_sc_hd__o31ai_2'
Circuit sky130_fd_sc_hd__o31ai_2 contains 8 device instances.
  Class: pfet_01v8_hvt         instances:   4
  Class: nfet_01v8             instances:   4
Circuit contains 12 nets.

Circuit 1 contains 8 devices, Circuit 2 contains 8 devices.
Circuit 1 contains 12 nets,    Circuit 2 contains 12 nets.

Combined 2 parallel devices.
Combined 2 parallel devices.
Combined 2 parallel devices.
Combined 2 parallel devices.
Combined 2 parallel devices.
Combined 2 parallel devices.
Combined 2 parallel devices.
Combined 2 parallel devices.
Netlists match uniquely.
Contents of circuit 1:  Circuit: 'sky130_fd_sc_hd__clkbuf_1'
Circuit sky130_fd_sc_hd__clkbuf_1 contains 4 device instances.
  Class: pfet_01v8_hvt         instances:   2
  Class: nfet_01v8             instances:   2
Circuit contains 7 nets.
Contents of circuit 2:  Circuit: 'sky130_fd_sc_hd__clkbuf_1'
Circuit sky130_fd_sc_hd__clkbuf_1 contains 4 device instances.
  Class: pfet_01v8_hvt         instances:   2
  Class: nfet_01v8             instances:   2
Circuit contains 7 nets.

Circuit 1 contains 4 devices, Circuit 2 contains 4 devices.
Circuit 1 contains 7 nets,    Circuit 2 contains 7 nets.

Netlists match uniquely.
Contents of circuit 1:  Circuit: 'sky130_fd_sc_hd__o211a_1'
Circuit sky130_fd_sc_hd__o211a_1 contains 10 device instances.
  Class: pfet_01v8_hvt         instances:   5
  Class: nfet_01v8             instances:   5
Circuit contains 13 nets.
Contents of circuit 2:  Circuit: 'sky130_fd_sc_hd__o211a_1'
Circuit sky130_fd_sc_hd__o211a_1 contains 10 device instances.
  Class: pfet_01v8_hvt         instances:   5
  Class: nfet_01v8             instances:   5
Circuit contains 13 nets.

Circuit 1 contains 10 devices, Circuit 2 contains 10 devices.
Circuit 1 contains 13 nets,    Circuit 2 contains 13 nets.

Netlists match uniquely.
Contents of circuit 1:  Circuit: 'sky130_fd_sc_hd__o2bb2ai_1'
Circuit sky130_fd_sc_hd__o2bb2ai_1 contains 10 device instances.
  Class: pfet_01v8_hvt         instances:   5
  Class: nfet_01v8             instances:   5
Circuit contains 13 nets.
Contents of circuit 2:  Circuit: 'sky130_fd_sc_hd__o2bb2ai_1'
Circuit sky130_fd_sc_hd__o2bb2ai_1 contains 10 device instances.
  Class: pfet_01v8_hvt         instances:   5
  Class: nfet_01v8             instances:   5
Circuit contains 13 nets.

Circuit 1 contains 10 devices, Circuit 2 contains 10 devices.
Circuit 1 contains 13 nets,    Circuit 2 contains 13 nets.

Netlists match uniquely.
Contents of circuit 1:  Circuit: 'sky130_fd_sc_hd__and3b_1'
Circuit sky130_fd_sc_hd__and3b_1 contains 10 device instances.
  Class: pfet_01v8_hvt         instances:   5
  Class: nfet_01v8             instances:   5
Circuit contains 12 nets.
Contents of circuit 2:  Circuit: 'sky130_fd_sc_hd__and3b_1'
Circuit sky130_fd_sc_hd__and3b_1 contains 10 device instances.
  Class: pfet_01v8_hvt         instances:   5
  Class: nfet_01v8             instances:   5
Circuit contains 12 nets.

Circuit 1 contains 10 devices, Circuit 2 contains 10 devices.
Circuit 1 contains 12 nets,    Circuit 2 contains 12 nets.

Netlists match uniquely.
Contents of circuit 1:  Circuit: 'sky130_fd_sc_hd__nor4_4'
Circuit sky130_fd_sc_hd__nor4_4 contains 8 device instances.
  Class: pfet_01v8_hvt         instances:   4
  Class: nfet_01v8             instances:   4
Circuit contains 12 nets.
Contents of circuit 2:  Circuit: 'sky130_fd_sc_hd__nor4_4'
Circuit sky130_fd_sc_hd__nor4_4 contains 8 device instances.
  Class: pfet_01v8_hvt         instances:   4
  Class: nfet_01v8             instances:   4
Circuit contains 12 nets.

Circuit 1 contains 8 devices, Circuit 2 contains 8 devices.
Circuit 1 contains 12 nets,    Circuit 2 contains 12 nets.

Combined 4 parallel devices.
Combined 4 parallel devices.
Combined 4 parallel devices.
Combined 4 parallel devices.
Combined 4 parallel devices.
Combined 4 parallel devices.
Combined 4 parallel devices.
Combined 4 parallel devices.
Netlists match uniquely.
Contents of circuit 1:  Circuit: 'sky130_fd_sc_hd__a31o_2'
Circuit sky130_fd_sc_hd__a31o_2 contains 10 device instances.
  Class: pfet_01v8_hvt         instances:   5
  Class: nfet_01v8             instances:   5
Circuit contains 13 nets.
Contents of circuit 2:  Circuit: 'sky130_fd_sc_hd__a31o_2'
Circuit sky130_fd_sc_hd__a31o_2 contains 10 device instances.
  Class: pfet_01v8_hvt         instances:   5
  Class: nfet_01v8             instances:   5
Circuit contains 13 nets.

Circuit 1 contains 10 devices, Circuit 2 contains 10 devices.
Circuit 1 contains 13 nets,    Circuit 2 contains 13 nets.

Combined 2 parallel devices.
Combined 2 parallel devices.
Netlists match uniquely.
Contents of circuit 1:  Circuit: 'sky130_fd_sc_hd__or4_1'
Circuit sky130_fd_sc_hd__or4_1 contains 10 device instances.
  Class: pfet_01v8_hvt         instances:   5
  Class: nfet_01v8             instances:   5
Circuit contains 13 nets.
Contents of circuit 2:  Circuit: 'sky130_fd_sc_hd__or4_1'
Circuit sky130_fd_sc_hd__or4_1 contains 10 device instances.
  Class: pfet_01v8_hvt         instances:   5
  Class: nfet_01v8             instances:   5
Circuit contains 13 nets.

Circuit 1 contains 10 devices, Circuit 2 contains 10 devices.
Circuit 1 contains 13 nets,    Circuit 2 contains 13 nets.

Netlists match uniquely.
Contents of circuit 1:  Circuit: 'sky130_fd_sc_hd__o221a_2'
Circuit sky130_fd_sc_hd__o221a_2 contains 12 device instances.
  Class: pfet_01v8_hvt         instances:   6
  Class: nfet_01v8             instances:   6
Circuit contains 15 nets.
Contents of circuit 2:  Circuit: 'sky130_fd_sc_hd__o221a_2'
Circuit sky130_fd_sc_hd__o221a_2 contains 12 device instances.
  Class: pfet_01v8_hvt         instances:   6
  Class: nfet_01v8             instances:   6
Circuit contains 15 nets.

Circuit 1 contains 12 devices, Circuit 2 contains 12 devices.
Circuit 1 contains 15 nets,    Circuit 2 contains 15 nets.

Combined 2 parallel devices.
Combined 2 parallel devices.
Netlists match uniquely.
Contents of circuit 1:  Circuit: 'sky130_fd_sc_hd__nor2_2'
Circuit sky130_fd_sc_hd__nor2_2 contains 4 device instances.
  Class: pfet_01v8_hvt         instances:   2
  Class: nfet_01v8             instances:   2
Circuit contains 8 nets.
Contents of circuit 2:  Circuit: 'sky130_fd_sc_hd__nor2_2'
Circuit sky130_fd_sc_hd__nor2_2 contains 4 device instances.
  Class: pfet_01v8_hvt         instances:   2
  Class: nfet_01v8             instances:   2
Circuit contains 8 nets.

Circuit 1 contains 4 devices, Circuit 2 contains 4 devices.
Circuit 1 contains 8 nets,    Circuit 2 contains 8 nets.

Combined 2 parallel devices.
Combined 2 parallel devices.
Combined 2 parallel devices.
Combined 2 parallel devices.
Netlists match uniquely.
Contents of circuit 1:  Circuit: 'sky130_fd_sc_hd__a21oi_2'
Circuit sky130_fd_sc_hd__a21oi_2 contains 8 device instances.
  Class: pfet_01v8_hvt         instances:   3
  Class: nfet_01v8             instances:   5
Circuit contains 11 nets.
Contents of circuit 2:  Circuit: 'sky130_fd_sc_hd__a21oi_2'
Circuit sky130_fd_sc_hd__a21oi_2 contains 6 device instances.
  Class: pfet_01v8_hvt         instances:   3
  Class: nfet_01v8             instances:   3
Circuit contains 10 nets.

Circuit 1 contains 8 devices, Circuit 2 contains 6 devices. *** MISMATCH ***
Circuit 1 contains 11 nets,    Circuit 2 contains 10 nets. *** MISMATCH ***

  Flattening non-matched subcircuits sky130_fd_sc_hd__a21oi_2 sky130_fd_sc_hd__a21oi_2
Flattening instances of sky130_fd_sc_hd__a21oi_2 in file /root/OpenROAD-flow-scripts/flow/results/sky130hd/chia_aes128_benchmark_corrupted/slot2/aes128_extracted.cir
Flattening instances of sky130_fd_sc_hd__a21oi_2 in file /root/OpenROAD-flow-scripts/flow/objects/sky130hd/chia_aes128_benchmark_corrupted/slot2/6_final_concat.cdl
Contents of circuit 1:  Circuit: 'sky130_fd_sc_hd__a311oi_2'
Circuit sky130_fd_sc_hd__a311oi_2 contains 10 device instances.
  Class: pfet_01v8_hvt         instances:   5
  Class: nfet_01v8             instances:   5
Circuit contains 14 nets.
Contents of circuit 2:  Circuit: 'sky130_fd_sc_hd__a311oi_2'
Circuit sky130_fd_sc_hd__a311oi_2 contains 10 device instances.
  Class: pfet_01v8_hvt         instances:   5
  Class: nfet_01v8             instances:   5
Circuit contains 14 nets.

Circuit 1 contains 10 devices, Circuit 2 contains 10 devices.
Circuit 1 contains 14 nets,    Circuit 2 contains 14 nets.

Combined 2 parallel devices.
Combined 2 parallel devices.
Combined 2 parallel devices.
Combined 2 parallel devices.
Combined 2 parallel devices.
Combined 2 parallel devices.
Combined 2 parallel devices.
Combined 2 parallel devices.
Combined 2 parallel devices.
Combined 2 parallel devices.
Netlists match uniquely.
Contents of circuit 1:  Circuit: 'sky130_fd_sc_hd__a2111o_1'
Circuit sky130_fd_sc_hd__a2111o_1 contains 12 device instances.
  Class: pfet_01v8_hvt         instances:   6
  Class: nfet_01v8             instances:   6
Circuit contains 15 nets.
Contents of circuit 2:  Circuit: 'sky130_fd_sc_hd__a2111o_1'
Circuit sky130_fd_sc_hd__a2111o_1 contains 12 device instances.
  Class: pfet_01v8_hvt         instances:   6
  Class: nfet_01v8             instances:   6
Circuit contains 15 nets.

Circuit 1 contains 12 devices, Circuit 2 contains 12 devices.
Circuit 1 contains 15 nets,    Circuit 2 contains 15 nets.

Netlists match uniquely.
Contents of circuit 1:  Circuit: 'sky130_fd_sc_hd__nor2_4'
Circuit sky130_fd_sc_hd__nor2_4 contains 4 device instances.
  Class: pfet_01v8_hvt         instances:   2
  Class: nfet_01v8             instances:   2
Circuit contains 8 nets.
Contents of circuit 2:  Circuit: 'sky130_fd_sc_hd__nor2_4'
Circuit sky130_fd_sc_hd__nor2_4 contains 4 device instances.
  Class: pfet_01v8_hvt         instances:   2
  Class: nfet_01v8             instances:   2
Circuit contains 8 nets.

Circuit 1 contains 4 devices, Circuit 2 contains 4 devices.
Circuit 1 contains 8 nets,    Circuit 2 contains 8 nets.

Combined 4 parallel devices.
Combined 4 parallel devices.
Combined 4 parallel devices.
Combined 4 parallel devices.
Netlists match uniquely.
Contents of circuit 1:  Circuit: 'sky130_fd_sc_hd__nand2_2'
Circuit sky130_fd_sc_hd__nand2_2 contains 4 device instances.
  Class: pfet_01v8_hvt         instances:   2
  Class: nfet_01v8             instances:   2
Circuit contains 8 nets.
Contents of circuit 2:  Circuit: 'sky130_fd_sc_hd__nand2_2'
Circuit sky130_fd_sc_hd__nand2_2 contains 4 device instances.
  Class: pfet_01v8_hvt         instances:   2
  Class: nfet_01v8             instances:   2
Circuit contains 8 nets.

Circuit 1 contains 4 devices, Circuit 2 contains 4 devices.
Circuit 1 contains 8 nets,    Circuit 2 contains 8 nets.

Combined 2 parallel devices.
Combined 2 parallel devices.
Combined 2 parallel devices.
Combined 2 parallel devices.
Netlists match uniquely.
Contents of circuit 1:  Circuit: 'sky130_fd_sc_hd__clkbuf_8'
Circuit sky130_fd_sc_hd__clkbuf_8 contains 4 device instances.
  Class: pfet_01v8_hvt         instances:   2
  Class: nfet_01v8             instances:   2
Circuit contains 7 nets.
Contents of circuit 2:  Circuit: 'sky130_fd_sc_hd__clkbuf_8'
Circuit sky130_fd_sc_hd__clkbuf_8 contains 4 device instances.
  Class: pfet_01v8_hvt         instances:   2
  Class: nfet_01v8             instances:   2
Circuit contains 7 nets.

Circuit 1 contains 4 devices, Circuit 2 contains 4 devices.
Circuit 1 contains 7 nets,    Circuit 2 contains 7 nets.

Combined 2 parallel devices.
Combined 8 parallel devices.
Combined 2 parallel devices.
Combined 8 parallel devices.
Netlists match uniquely.
Contents of circuit 1:  Circuit: 'sky130_fd_sc_hd__a211oi_2'
Circuit sky130_fd_sc_hd__a211oi_2 contains 8 device instances.
  Class: pfet_01v8_hvt         instances:   4
  Class: nfet_01v8             instances:   4
Circuit contains 12 nets.
Contents of circuit 2:  Circuit: 'sky130_fd_sc_hd__a211oi_2'
Circuit sky130_fd_sc_hd__a211oi_2 contains 8 device instances.
  Class: pfet_01v8_hvt         instances:   4
  Class: nfet_01v8             instances:   4
Circuit contains 12 nets.

Circuit 1 contains 8 devices, Circuit 2 contains 8 devices.
Circuit 1 contains 12 nets,    Circuit 2 contains 12 nets.

Combined 2 parallel devices.
Combined 2 parallel devices.
Combined 2 parallel devices.
Combined 2 parallel devices.
Combined 2 parallel devices.
Combined 2 parallel devices.
Combined 2 parallel devices.
Combined 2 parallel devices.
Netlists match uniquely.
Contents of circuit 1:  Circuit: 'sky130_fd_sc_hd__o221a_1'
Circuit sky130_fd_sc_hd__o221a_1 contains 12 device instances.
  Class: pfet_01v8_hvt         instances:   6
  Class: nfet_01v8             instances:   6
Circuit contains 15 nets.
Contents of circuit 2:  Circuit: 'sky130_fd_sc_hd__o221a_1'
Circuit sky130_fd_sc_hd__o221a_1 contains 12 device instances.
  Class: pfet_01v8_hvt         instances:   6
  Class: nfet_01v8             instances:   6
Circuit contains 15 nets.

Circuit 1 contains 12 devices, Circuit 2 contains 12 devices.
Circuit 1 contains 15 nets,    Circuit 2 contains 15 nets.

Netlists match uniquely.
Contents of circuit 1:  Circuit: 'sky130_fd_sc_hd__nand4bb_1'
Circuit sky130_fd_sc_hd__nand4bb_1 contains 12 device instances.
  Class: pfet_01v8_hvt         instances:   6
  Class: nfet_01v8             instances:   6
Circuit contains 14 nets.
Contents of circuit 2:  Circuit: 'sky130_fd_sc_hd__nand4bb_1'
Circuit sky130_fd_sc_hd__nand4bb_1 contains 12 device instances.
  Class: pfet_01v8_hvt         instances:   6
  Class: nfet_01v8             instances:   6
Circuit contains 14 nets.

Circuit 1 contains 12 devices, Circuit 2 contains 12 devices.
Circuit 1 contains 14 nets,    Circuit 2 contains 14 nets.

Netlists match uniquely.
Contents of circuit 1:  Circuit: 'sky130_fd_sc_hd__and4_1'
Circuit sky130_fd_sc_hd__and4_1 contains 10 device instances.
  Class: pfet_01v8_hvt         instances:   5
  Class: nfet_01v8             instances:   5
Circuit contains 13 nets.
Contents of circuit 2:  Circuit: 'sky130_fd_sc_hd__and4_1'
Circuit sky130_fd_sc_hd__and4_1 contains 10 device instances.
  Class: pfet_01v8_hvt         instances:   5
  Class: nfet_01v8             instances:   5
Circuit contains 13 nets.

Circuit 1 contains 10 devices, Circuit 2 contains 10 devices.
Circuit 1 contains 13 nets,    Circuit 2 contains 13 nets.

Netlists match uniquely.
Contents of circuit 1:  Circuit: 'sky130_fd_sc_hd__a21bo_1'
Circuit sky130_fd_sc_hd__a21bo_1 contains 10 device instances.
  Class: pfet_01v8_hvt         instances:   5
  Class: nfet_01v8             instances:   5
Circuit contains 12 nets.
Contents of circuit 2:  Circuit: 'sky130_fd_sc_hd__a21bo_1'
Circuit sky130_fd_sc_hd__a21bo_1 contains 10 device instances.
  Class: pfet_01v8_hvt         instances:   5
  Class: nfet_01v8             instances:   5
Circuit contains 12 nets.

Circuit 1 contains 10 devices, Circuit 2 contains 10 devices.
Circuit 1 contains 12 nets,    Circuit 2 contains 12 nets.

Netlists match uniquely.
Contents of circuit 1:  Circuit: 'sky130_fd_sc_hd__o32ai_4'
Circuit sky130_fd_sc_hd__o32ai_4 contains 10 device instances.
  Class: pfet_01v8_hvt         instances:   5
  Class: nfet_01v8             instances:   5
Circuit contains 14 nets.
Contents of circuit 2:  Circuit: 'sky130_fd_sc_hd__o32ai_4'
Circuit sky130_fd_sc_hd__o32ai_4 contains 10 device instances.
  Class: pfet_01v8_hvt         instances:   5
  Class: nfet_01v8             instances:   5
Circuit contains 14 nets.

Circuit 1 contains 10 devices, Circuit 2 contains 10 devices.
Circuit 1 contains 14 nets,    Circuit 2 contains 14 nets.

Combined 4 parallel devices.
Combined 4 parallel devices.
Combined 4 parallel devices.
Combined 4 parallel devices.
Combined 4 parallel devices.
Combined 4 parallel devices.
Combined 4 parallel devices.
Combined 4 parallel devices.
Combined 4 parallel devices.
Combined 4 parallel devices.
Netlists match uniquely.
Contents of circuit 1:  Circuit: 'sky130_fd_sc_hd__o21ai_2'
Circuit sky130_fd_sc_hd__o21ai_2 contains 6 device instances.
  Class: pfet_01v8_hvt         instances:   3
  Class: nfet_01v8             instances:   3
Circuit contains 10 nets.
Contents of circuit 2:  Circuit: 'sky130_fd_sc_hd__o21ai_2'
Circuit sky130_fd_sc_hd__o21ai_2 contains 6 device instances.
  Class: pfet_01v8_hvt         instances:   3
  Class: nfet_01v8             instances:   3
Circuit contains 10 nets.

Circuit 1 contains 6 devices, Circuit 2 contains 6 devices.
Circuit 1 contains 10 nets,    Circuit 2 contains 10 nets.

Combined 2 parallel devices.
Combined 2 parallel devices.
Combined 2 parallel devices.
Combined 2 parallel devices.
Combined 2 parallel devices.
Combined 2 parallel devices.
Netlists match uniquely.
Contents of circuit 1:  Circuit: 'sky130_fd_sc_hd__clkinvlp_4'
Circuit sky130_fd_sc_hd__clkinvlp_4 contains 5 device instances.
  Class: pfet_01v8_hvt         instances:   1
  Class: nfet_01v8             instances:   4
Circuit contains 8 nets.
Contents of circuit 2:  Circuit: 'sky130_fd_sc_hd__clkinvlp_4'
Circuit sky130_fd_sc_hd__clkinvlp_4 contains 5 device instances.
  Class: pfet_01v8_hvt         instances:   1
  Class: nfet_01v8             instances:   4
Circuit contains 8 nets.

Circuit 1 contains 5 devices, Circuit 2 contains 5 devices.
Circuit 1 contains 8 nets,    Circuit 2 contains 8 nets.

Combined 4 parallel devices.
Circuits match with 3 symmetries.
Netlists match with 3 symmetries.
Circuits match correctly.
Contents of circuit 1:  Circuit: 'sky130_fd_sc_hd__a32oi_2'
Circuit sky130_fd_sc_hd__a32oi_2 contains 10 device instances.
  Class: pfet_01v8_hvt         instances:   5
  Class: nfet_01v8             instances:   5
Circuit contains 14 nets.
Contents of circuit 2:  Circuit: 'sky130_fd_sc_hd__a32oi_2'
Circuit sky130_fd_sc_hd__a32oi_2 contains 10 device instances.
  Class: pfet_01v8_hvt         instances:   5
  Class: nfet_01v8             instances:   5
Circuit contains 14 nets.

Circuit 1 contains 10 devices, Circuit 2 contains 10 devices.
Circuit 1 contains 14 nets,    Circuit 2 contains 14 nets.

Combined 2 parallel devices.
Combined 2 parallel devices.
Combined 2 parallel devices.
Combined 2 parallel devices.
Combined 2 parallel devices.
Combined 2 parallel devices.
Combined 2 parallel devices.
Combined 2 parallel devices.
Combined 2 parallel devices.
Combined 2 parallel devices.
Netlists match uniquely.
Contents of circuit 1:  Circuit: 'sky130_fd_sc_hd__o31a_1'
Circuit sky130_fd_sc_hd__o31a_1 contains 10 device instances.
  Class: pfet_01v8_hvt         instances:   5
  Class: nfet_01v8             instances:   5
Circuit contains 13 nets.
Contents of circuit 2:  Circuit: 'sky130_fd_sc_hd__o31a_1'
Circuit sky130_fd_sc_hd__o31a_1 contains 10 device instances.
  Class: pfet_01v8_hvt         instances:   5
  Class: nfet_01v8             instances:   5
Circuit contains 13 nets.

Circuit 1 contains 10 devices, Circuit 2 contains 10 devices.
Circuit 1 contains 13 nets,    Circuit 2 contains 13 nets.

Netlists match uniquely.
Contents of circuit 1:  Circuit: 'sky130_fd_sc_hd__bufinv_16'
Circuit sky130_fd_sc_hd__bufinv_16 contains 6 device instances.
  Class: pfet_01v8_hvt         instances:   3
  Class: nfet_01v8             instances:   3
Circuit contains 8 nets.
Contents of circuit 2:  Circuit: 'sky130_fd_sc_hd__bufinv_16'
Circuit sky130_fd_sc_hd__bufinv_16 contains 6 device instances.
  Class: pfet_01v8_hvt         instances:   3
  Class: nfet_01v8             instances:   3
Circuit contains 8 nets.

Circuit 1 contains 6 devices, Circuit 2 contains 6 devices.
Circuit 1 contains 8 nets,    Circuit 2 contains 8 nets.

Combined 3 parallel devices.
Combined 6 parallel devices.
Combined 16 parallel devices.
Combined 3 parallel devices.
Combined 6 parallel devices.
Combined 16 parallel devices.
Netlists match uniquely.
Contents of circuit 1:  Circuit: 'sky130_fd_sc_hd__and2b_1'
Circuit sky130_fd_sc_hd__and2b_1 contains 8 device instances.
  Class: pfet_01v8_hvt         instances:   4
  Class: nfet_01v8             instances:   4
Circuit contains 10 nets.
Contents of circuit 2:  Circuit: 'sky130_fd_sc_hd__and2b_1'
Circuit sky130_fd_sc_hd__and2b_1 contains 8 device instances.
  Class: pfet_01v8_hvt         instances:   4
  Class: nfet_01v8             instances:   4
Circuit contains 10 nets.

Circuit 1 contains 8 devices, Circuit 2 contains 8 devices.
Circuit 1 contains 10 nets,    Circuit 2 contains 10 nets.

Netlists match uniquely.
Contents of circuit 1:  Circuit: 'sky130_fd_sc_hd__o22a_1'
Circuit sky130_fd_sc_hd__o22a_1 contains 10 device instances.
  Class: pfet_01v8_hvt         instances:   5
  Class: nfet_01v8             instances:   5
Circuit contains 13 nets.
Contents of circuit 2:  Circuit: 'sky130_fd_sc_hd__o22a_1'
Circuit sky130_fd_sc_hd__o22a_1 contains 10 device instances.
  Class: pfet_01v8_hvt         instances:   5
  Class: nfet_01v8             instances:   5
Circuit contains 13 nets.

Circuit 1 contains 10 devices, Circuit 2 contains 10 devices.
Circuit 1 contains 13 nets,    Circuit 2 contains 13 nets.

Netlists match uniquely.
Contents of circuit 1:  Circuit: 'sky130_fd_sc_hd__o311a_1'
Circuit sky130_fd_sc_hd__o311a_1 contains 12 device instances.
  Class: pfet_01v8_hvt         instances:   6
  Class: nfet_01v8             instances:   6
Circuit contains 15 nets.
Contents of circuit 2:  Circuit: 'sky130_fd_sc_hd__o311a_1'
Circuit sky130_fd_sc_hd__o311a_1 contains 12 device instances.
  Class: pfet_01v8_hvt         instances:   6
  Class: nfet_01v8             instances:   6
Circuit contains 15 nets.

Circuit 1 contains 12 devices, Circuit 2 contains 12 devices.
Circuit 1 contains 15 nets,    Circuit 2 contains 15 nets.

Netlists match uniquely.
Contents of circuit 1:  Circuit: 'sky130_fd_sc_hd__and2_4'
Circuit sky130_fd_sc_hd__and2_4 contains 6 device instances.
  Class: pfet_01v8_hvt         instances:   3
  Class: nfet_01v8             instances:   3
Circuit contains 9 nets.
Contents of circuit 2:  Circuit: 'sky130_fd_sc_hd__and2_4'
Circuit sky130_fd_sc_hd__and2_4 contains 6 device instances.
  Class: pfet_01v8_hvt         instances:   3
  Class: nfet_01v8             instances:   3
Circuit contains 9 nets.

Circuit 1 contains 6 devices, Circuit 2 contains 6 devices.
Circuit 1 contains 9 nets,    Circuit 2 contains 9 nets.

Combined 4 parallel devices.
Combined 4 parallel devices.
Netlists match uniquely.
Contents of circuit 1:  Circuit: 'sky130_fd_sc_hd__and4_4'
Circuit sky130_fd_sc_hd__and4_4 contains 10 device instances.
  Class: pfet_01v8_hvt         instances:   5
  Class: nfet_01v8             instances:   5
Circuit contains 13 nets.
Contents of circuit 2:  Circuit: 'sky130_fd_sc_hd__and4_4'
Circuit sky130_fd_sc_hd__and4_4 contains 10 device instances.
  Class: pfet_01v8_hvt         instances:   5
  Class: nfet_01v8             instances:   5
Circuit contains 13 nets.

Circuit 1 contains 10 devices, Circuit 2 contains 10 devices.
Circuit 1 contains 13 nets,    Circuit 2 contains 13 nets.

Combined 4 parallel devices.
Combined 4 parallel devices.
Netlists match uniquely.
Contents of circuit 1:  Circuit: 'sky130_fd_sc_hd__clkinv_8'
Circuit sky130_fd_sc_hd__clkinv_8 contains 2 device instances.
  Class: pfet_01v8_hvt         instances:   1
  Class: nfet_01v8             instances:   1
Circuit contains 6 nets.
Contents of circuit 2:  Circuit: 'sky130_fd_sc_hd__clkinv_8'
Circuit sky130_fd_sc_hd__clkinv_8 contains 2 device instances.
  Class: pfet_01v8_hvt         instances:   1
  Class: nfet_01v8             instances:   1
Circuit contains 6 nets.

Circuit 1 contains 2 devices, Circuit 2 contains 2 devices.
Circuit 1 contains 6 nets,    Circuit 2 contains 6 nets.

Combined 8 parallel devices.
Combined 12 parallel devices.
Netlists match uniquely.
Contents of circuit 1:  Circuit: 'sky130_fd_sc_hd__and4b_1'
Circuit sky130_fd_sc_hd__and4b_1 contains 12 device instances.
  Class: pfet_01v8_hvt         instances:   6
  Class: nfet_01v8             instances:   6
Circuit contains 14 nets.
Contents of circuit 2:  Circuit: 'sky130_fd_sc_hd__and4b_1'
Circuit sky130_fd_sc_hd__and4b_1 contains 12 device instances.
  Class: pfet_01v8_hvt         instances:   6
  Class: nfet_01v8             instances:   6
Circuit contains 14 nets.

Circuit 1 contains 12 devices, Circuit 2 contains 12 devices.
Circuit 1 contains 14 nets,    Circuit 2 contains 14 nets.

Netlists match uniquely.
Contents of circuit 1:  Circuit: 'sky130_fd_sc_hd__xor2_4'
Circuit sky130_fd_sc_hd__xor2_4 contains 10 device instances.
  Class: pfet_01v8_hvt         instances:   5
  Class: nfet_01v8             instances:   5
Circuit contains 11 nets.
Contents of circuit 2:  Circuit: 'sky130_fd_sc_hd__xor2_4'
Circuit sky130_fd_sc_hd__xor2_4 contains 10 device instances.
  Class: pfet_01v8_hvt         instances:   5
  Class: nfet_01v8             instances:   5
Circuit contains 11 nets.

Circuit 1 contains 10 devices, Circuit 2 contains 10 devices.
Circuit 1 contains 11 nets,    Circuit 2 contains 11 nets.

Combined 4 parallel devices.
Combined 4 parallel devices.
Combined 4 parallel devices.
Combined 4 parallel devices.
Combined 4 parallel devices.
Combined 4 parallel devices.
Combined 4 parallel devices.
Combined 4 parallel devices.
Combined 4 parallel devices.
Combined 4 parallel devices.
Netlists match uniquely.
Contents of circuit 1:  Circuit: 'sky130_fd_sc_hd__clkinv_2'
Circuit sky130_fd_sc_hd__clkinv_2 contains 2 device instances.
  Class: pfet_01v8_hvt         instances:   1
  Class: nfet_01v8             instances:   1
Circuit contains 6 nets.
Contents of circuit 2:  Circuit: 'sky130_fd_sc_hd__clkinv_2'
Circuit sky130_fd_sc_hd__clkinv_2 contains 2 device instances.
  Class: pfet_01v8_hvt         instances:   1
  Class: nfet_01v8             instances:   1
Circuit contains 6 nets.

Circuit 1 contains 2 devices, Circuit 2 contains 2 devices.
Circuit 1 contains 6 nets,    Circuit 2 contains 6 nets.

Combined 2 parallel devices.
Combined 3 parallel devices.
Netlists match uniquely.
Contents of circuit 1:  Circuit: 'sky130_fd_sc_hd__o311ai_2'
Circuit sky130_fd_sc_hd__o311ai_2 contains 10 device instances.
  Class: pfet_01v8_hvt         instances:   5
  Class: nfet_01v8             instances:   5
Circuit contains 14 nets.
Contents of circuit 2:  Circuit: 'sky130_fd_sc_hd__o311ai_2'
Circuit sky130_fd_sc_hd__o311ai_2 contains 10 device instances.
  Class: pfet_01v8_hvt         instances:   5
  Class: nfet_01v8             instances:   5
Circuit contains 14 nets.

Circuit 1 contains 10 devices, Circuit 2 contains 10 devices.
Circuit 1 contains 14 nets,    Circuit 2 contains 14 nets.

Combined 2 parallel devices.
Combined 2 parallel devices.
Combined 2 parallel devices.
Combined 2 parallel devices.
Combined 2 parallel devices.
Combined 2 parallel devices.
Combined 2 parallel devices.
Combined 2 parallel devices.
Combined 2 parallel devices.
Combined 2 parallel devices.
Netlists match uniquely.
Contents of circuit 1:  Circuit: 'sky130_fd_sc_hd__nor2b_4'
Circuit sky130_fd_sc_hd__nor2b_4 contains 6 device instances.
  Class: pfet_01v8_hvt         instances:   3
  Class: nfet_01v8             instances:   3
Circuit contains 9 nets.
Contents of circuit 2:  Circuit: 'sky130_fd_sc_hd__nor2b_4'
Circuit sky130_fd_sc_hd__nor2b_4 contains 6 device instances.
  Class: pfet_01v8_hvt         instances:   3
  Class: nfet_01v8             instances:   3
Circuit contains 9 nets.

Circuit 1 contains 6 devices, Circuit 2 contains 6 devices.
Circuit 1 contains 9 nets,    Circuit 2 contains 9 nets.

Combined 4 parallel devices.
Combined 4 parallel devices.
Combined 4 parallel devices.
Combined 4 parallel devices.
Netlists match uniquely.
Contents of circuit 1:  Circuit: 'sky130_fd_sc_hd__xnor2_4'
Circuit sky130_fd_sc_hd__xnor2_4 contains 10 device instances.
  Class: pfet_01v8_hvt         instances:   5
  Class: nfet_01v8             instances:   5
Circuit contains 11 nets.
Contents of circuit 2:  Circuit: 'sky130_fd_sc_hd__xnor2_4'
Circuit sky130_fd_sc_hd__xnor2_4 contains 10 device instances.
  Class: pfet_01v8_hvt         instances:   5
  Class: nfet_01v8             instances:   5
Circuit contains 11 nets.

Circuit 1 contains 10 devices, Circuit 2 contains 10 devices.
Circuit 1 contains 11 nets,    Circuit 2 contains 11 nets.

Combined 4 parallel devices.
Combined 4 parallel devices.
Combined 4 parallel devices.
Combined 4 parallel devices.
Combined 4 parallel devices.
Combined 4 parallel devices.
Combined 4 parallel devices.
Combined 4 parallel devices.
Combined 4 parallel devices.
Combined 4 parallel devices.
Netlists match uniquely.
Contents of circuit 1:  Circuit: 'sky130_fd_sc_hd__o22ai_2'
Circuit sky130_fd_sc_hd__o22ai_2 contains 8 device instances.
  Class: pfet_01v8_hvt         instances:   4
  Class: nfet_01v8             instances:   4
Circuit contains 12 nets.
Contents of circuit 2:  Circuit: 'sky130_fd_sc_hd__o22ai_2'
Circuit sky130_fd_sc_hd__o22ai_2 contains 8 device instances.
  Class: pfet_01v8_hvt         instances:   4
  Class: nfet_01v8             instances:   4
Circuit contains 12 nets.

Circuit 1 contains 8 devices, Circuit 2 contains 8 devices.
Circuit 1 contains 12 nets,    Circuit 2 contains 12 nets.

Combined 2 parallel devices.
Combined 2 parallel devices.
Combined 2 parallel devices.
Combined 2 parallel devices.
Combined 2 parallel devices.
Combined 2 parallel devices.
Combined 2 parallel devices.
Combined 2 parallel devices.
Netlists match uniquely.
Contents of circuit 1:  Circuit: 'sky130_fd_sc_hd__inv_8'
Circuit sky130_fd_sc_hd__inv_8 contains 2 device instances.
  Class: pfet_01v8_hvt         instances:   1
  Class: nfet_01v8             instances:   1
Circuit contains 6 nets.
Contents of circuit 2:  Circuit: 'sky130_fd_sc_hd__inv_8'
Circuit sky130_fd_sc_hd__inv_8 contains 2 device instances.
  Class: pfet_01v8_hvt         instances:   1
  Class: nfet_01v8             instances:   1
Circuit contains 6 nets.

Circuit 1 contains 2 devices, Circuit 2 contains 2 devices.
Circuit 1 contains 6 nets,    Circuit 2 contains 6 nets.

Combined 8 parallel devices.
Combined 8 parallel devices.
Netlists match uniquely.
Contents of circuit 1:  Circuit: 'sky130_fd_sc_hd__o2bb2ai_2'
Circuit sky130_fd_sc_hd__o2bb2ai_2 contains 10 device instances.
  Class: pfet_01v8_hvt         instances:   5
  Class: nfet_01v8             instances:   5
Circuit contains 13 nets.
Contents of circuit 2:  Circuit: 'sky130_fd_sc_hd__o2bb2ai_2'
Circuit sky130_fd_sc_hd__o2bb2ai_2 contains 10 device instances.
  Class: pfet_01v8_hvt         instances:   5
  Class: nfet_01v8             instances:   5
Circuit contains 13 nets.

Circuit 1 contains 10 devices, Circuit 2 contains 10 devices.
Circuit 1 contains 13 nets,    Circuit 2 contains 13 nets.

Combined 2 parallel devices.
Combined 2 parallel devices.
Combined 2 parallel devices.
Combined 2 parallel devices.
Combined 2 parallel devices.
Combined 2 parallel devices.
Combined 2 parallel devices.
Combined 2 parallel devices.
Combined 2 parallel devices.
Combined 2 parallel devices.
Netlists match uniquely.
Contents of circuit 1:  Circuit: 'sky130_fd_sc_hd__or2b_1'
Circuit sky130_fd_sc_hd__or2b_1 contains 8 device instances.
  Class: pfet_01v8_hvt         instances:   4
  Class: nfet_01v8             instances:   4
Circuit contains 10 nets.
Contents of circuit 2:  Circuit: 'sky130_fd_sc_hd__or2b_1'
Circuit sky130_fd_sc_hd__or2b_1 contains 8 device instances.
  Class: pfet_01v8_hvt         instances:   4
  Class: nfet_01v8             instances:   4
Circuit contains 10 nets.

Circuit 1 contains 8 devices, Circuit 2 contains 8 devices.
Circuit 1 contains 10 nets,    Circuit 2 contains 10 nets.

Netlists match uniquely.
Contents of circuit 1:  Circuit: 'sky130_fd_sc_hd__nand2_4'
Circuit sky130_fd_sc_hd__nand2_4 contains 4 device instances.
  Class: pfet_01v8_hvt         instances:   2
  Class: nfet_01v8             instances:   2
Circuit contains 8 nets.
Contents of circuit 2:  Circuit: 'sky130_fd_sc_hd__nand2_4'
Circuit sky130_fd_sc_hd__nand2_4 contains 4 device instances.
  Class: pfet_01v8_hvt         instances:   2
  Class: nfet_01v8             instances:   2
Circuit contains 8 nets.

Circuit 1 contains 4 devices, Circuit 2 contains 4 devices.
Circuit 1 contains 8 nets,    Circuit 2 contains 8 nets.

Combined 4 parallel devices.
Combined 4 parallel devices.
Combined 4 parallel devices.
Combined 4 parallel devices.
Netlists match uniquely.
Contents of circuit 1:  Circuit: 'sky130_fd_sc_hd__buf_12'
Circuit sky130_fd_sc_hd__buf_12 contains 4 device instances.
  Class: pfet_01v8_hvt         instances:   2
  Class: nfet_01v8             instances:   2
Circuit contains 7 nets.
Contents of circuit 2:  Circuit: 'sky130_fd_sc_hd__buf_12'
Circuit sky130_fd_sc_hd__buf_12 contains 4 device instances.
  Class: pfet_01v8_hvt         instances:   2
  Class: nfet_01v8             instances:   2
Circuit contains 7 nets.

Circuit 1 contains 4 devices, Circuit 2 contains 4 devices.
Circuit 1 contains 7 nets,    Circuit 2 contains 7 nets.

Combined 4 parallel devices.
Combined 12 parallel devices.
Combined 4 parallel devices.
Combined 12 parallel devices.
Netlists match uniquely.
Contents of circuit 1:  Circuit: 'sky130_fd_sc_hd__mux2_1'
Circuit sky130_fd_sc_hd__mux2_1 contains 12 device instances.
  Class: pfet_01v8_hvt         instances:   6
  Class: nfet_01v8             instances:   6
Circuit contains 14 nets.
Contents of circuit 2:  Circuit: 'sky130_fd_sc_hd__mux2_1'
Circuit sky130_fd_sc_hd__mux2_1 contains 12 device instances.
  Class: pfet_01v8_hvt         instances:   6
  Class: nfet_01v8             instances:   6
Circuit contains 14 nets.

Circuit 1 contains 12 devices, Circuit 2 contains 12 devices.
Circuit 1 contains 14 nets,    Circuit 2 contains 14 nets.

Netlists match uniquely.
Contents of circuit 1:  Circuit: 'sky130_fd_sc_hd__a221oi_2'
Circuit sky130_fd_sc_hd__a221oi_2 contains 10 device instances.
  Class: pfet_01v8_hvt         instances:   5
  Class: nfet_01v8             instances:   5
Circuit contains 14 nets.
Contents of circuit 2:  Circuit: 'sky130_fd_sc_hd__a221oi_2'
Circuit sky130_fd_sc_hd__a221oi_2 contains 10 device instances.
  Class: pfet_01v8_hvt         instances:   5
  Class: nfet_01v8             instances:   5
Circuit contains 14 nets.

Circuit 1 contains 10 devices, Circuit 2 contains 10 devices.
Circuit 1 contains 14 nets,    Circuit 2 contains 14 nets.

Combined 2 parallel devices.
Combined 2 parallel devices.
Combined 2 parallel devices.
Combined 2 parallel devices.
Combined 2 parallel devices.
Combined 2 parallel devices.
Combined 2 parallel devices.
Combined 2 parallel devices.
Combined 2 parallel devices.
Combined 2 parallel devices.
Netlists match uniquely.
Contents of circuit 1:  Circuit: 'sky130_fd_sc_hd__buf_8'
Circuit sky130_fd_sc_hd__buf_8 contains 4 device instances.
  Class: pfet_01v8_hvt         instances:   2
  Class: nfet_01v8             instances:   2
Circuit contains 7 nets.
Contents of circuit 2:  Circuit: 'sky130_fd_sc_hd__buf_8'
Circuit sky130_fd_sc_hd__buf_8 contains 4 device instances.
  Class: pfet_01v8_hvt         instances:   2
  Class: nfet_01v8             instances:   2
Circuit contains 7 nets.

Circuit 1 contains 4 devices, Circuit 2 contains 4 devices.
Circuit 1 contains 7 nets,    Circuit 2 contains 7 nets.

Combined 3 parallel devices.
Combined 8 parallel devices.
Combined 3 parallel devices.
Combined 8 parallel devices.
Netlists match uniquely.
Contents of circuit 1:  Circuit: 'sky130_fd_sc_hd__nor4_2'
Circuit sky130_fd_sc_hd__nor4_2 contains 8 device instances.
  Class: pfet_01v8_hvt         instances:   4
  Class: nfet_01v8             instances:   4
Circuit contains 12 nets.
Contents of circuit 2:  Circuit: 'sky130_fd_sc_hd__nor4_2'
Circuit sky130_fd_sc_hd__nor4_2 contains 8 device instances.
  Class: pfet_01v8_hvt         instances:   4
  Class: nfet_01v8             instances:   4
Circuit contains 12 nets.

Circuit 1 contains 8 devices, Circuit 2 contains 8 devices.
Circuit 1 contains 12 nets,    Circuit 2 contains 12 nets.

Combined 2 parallel devices.
Combined 2 parallel devices.
Combined 2 parallel devices.
Combined 2 parallel devices.
Combined 2 parallel devices.
Combined 2 parallel devices.
Combined 2 parallel devices.
Combined 2 parallel devices.
Netlists match uniquely.
Contents of circuit 1:  Circuit: 'sky130_fd_sc_hd__or4b_2'
Circuit sky130_fd_sc_hd__or4b_2 contains 12 device instances.
  Class: pfet_01v8_hvt         instances:   6
  Class: nfet_01v8             instances:   6
Circuit contains 14 nets.
Contents of circuit 2:  Circuit: 'sky130_fd_sc_hd__or4b_2'
Circuit sky130_fd_sc_hd__or4b_2 contains 12 device instances.
  Class: pfet_01v8_hvt         instances:   6
  Class: nfet_01v8             instances:   6
Circuit contains 14 nets.

Circuit 1 contains 12 devices, Circuit 2 contains 12 devices.
Circuit 1 contains 14 nets,    Circuit 2 contains 14 nets.

Combined 2 parallel devices.
Combined 2 parallel devices.
Netlists match uniquely.
Contents of circuit 1:  Circuit: 'sky130_fd_sc_hd__o41a_1'
Circuit sky130_fd_sc_hd__o41a_1 contains 12 device instances.
  Class: pfet_01v8_hvt         instances:   6
  Class: nfet_01v8             instances:   6
Circuit contains 15 nets.
Contents of circuit 2:  Circuit: 'sky130_fd_sc_hd__o41a_1'
Circuit sky130_fd_sc_hd__o41a_1 contains 12 device instances.
  Class: pfet_01v8_hvt         instances:   6
  Class: nfet_01v8             instances:   6
Circuit contains 15 nets.

Circuit 1 contains 12 devices, Circuit 2 contains 12 devices.
Circuit 1 contains 15 nets,    Circuit 2 contains 15 nets.

Netlists match uniquely.
Contents of circuit 1:  Circuit: 'sky130_fd_sc_hd__nand2b_2'
Circuit sky130_fd_sc_hd__nand2b_2 contains 6 device instances.
  Class: pfet_01v8_hvt         instances:   3
  Class: nfet_01v8             instances:   3
Circuit contains 9 nets.
Contents of circuit 2:  Circuit: 'sky130_fd_sc_hd__nand2b_2'
Circuit sky130_fd_sc_hd__nand2b_2 contains 6 device instances.
  Class: pfet_01v8_hvt         instances:   3
  Class: nfet_01v8             instances:   3
Circuit contains 9 nets.

Circuit 1 contains 6 devices, Circuit 2 contains 6 devices.
Circuit 1 contains 9 nets,    Circuit 2 contains 9 nets.

Combined 2 parallel devices.
Combined 2 parallel devices.
Combined 2 parallel devices.
Combined 2 parallel devices.
Netlists match uniquely.
Contents of circuit 1:  Circuit: 'sky130_fd_sc_hd__dfxtp_4'
Circuit sky130_fd_sc_hd__dfxtp_4 contains 24 device instances.
  Class: pfet_01v8_hvt         instances:  12
  Class: nfet_01v8             instances:  12
Circuit contains 18 nets.
Contents of circuit 2:  Circuit: 'sky130_fd_sc_hd__dfxtp_4'
Circuit sky130_fd_sc_hd__dfxtp_4 contains 24 device instances.
  Class: pfet_01v8_hvt         instances:  12
  Class: nfet_01v8             instances:  12
Circuit contains 18 nets.

Circuit 1 contains 24 devices, Circuit 2 contains 24 devices.
Circuit 1 contains 18 nets,    Circuit 2 contains 18 nets.

Combined 4 parallel devices.
Combined 4 parallel devices.
Netlists match uniquely.
Contents of circuit 1:  Circuit: 'sky130_fd_sc_hd__a21bo_2'
Circuit sky130_fd_sc_hd__a21bo_2 contains 10 device instances.
  Class: pfet_01v8_hvt         instances:   5
  Class: nfet_01v8             instances:   5
Circuit contains 12 nets.
Contents of circuit 2:  Circuit: 'sky130_fd_sc_hd__a21bo_2'
Circuit sky130_fd_sc_hd__a21bo_2 contains 10 device instances.
  Class: pfet_01v8_hvt         instances:   5
  Class: nfet_01v8             instances:   5
Circuit contains 12 nets.

Circuit 1 contains 10 devices, Circuit 2 contains 10 devices.
Circuit 1 contains 12 nets,    Circuit 2 contains 12 nets.

Combined 2 parallel devices.
Combined 2 parallel devices.
Netlists match uniquely.
Contents of circuit 1:  Circuit: 'sky130_fd_sc_hd__o2111ai_2'
Circuit sky130_fd_sc_hd__o2111ai_2 contains 10 device instances.
  Class: pfet_01v8_hvt         instances:   5
  Class: nfet_01v8             instances:   5
Circuit contains 14 nets.
Contents of circuit 2:  Circuit: 'sky130_fd_sc_hd__o2111ai_2'
Circuit sky130_fd_sc_hd__o2111ai_2 contains 10 device instances.
  Class: pfet_01v8_hvt         instances:   5
  Class: nfet_01v8             instances:   5
Circuit contains 14 nets.

Circuit 1 contains 10 devices, Circuit 2 contains 10 devices.
Circuit 1 contains 14 nets,    Circuit 2 contains 14 nets.

Combined 2 parallel devices.
Combined 2 parallel devices.
Combined 2 parallel devices.
Combined 2 parallel devices.
Combined 2 parallel devices.
Combined 2 parallel devices.
Combined 2 parallel devices.
Combined 2 parallel devices.
Combined 2 parallel devices.
Combined 2 parallel devices.
Netlists match uniquely.
Contents of circuit 1:  Circuit: 'sky130_fd_sc_hd__or2_4'
Circuit sky130_fd_sc_hd__or2_4 contains 6 device instances.
  Class: pfet_01v8_hvt         instances:   3
  Class: nfet_01v8             instances:   3
Circuit contains 9 nets.
Contents of circuit 2:  Circuit: 'sky130_fd_sc_hd__or2_4'
Circuit sky130_fd_sc_hd__or2_4 contains 6 device instances.
  Class: pfet_01v8_hvt         instances:   3
  Class: nfet_01v8             instances:   3
Circuit contains 9 nets.

Circuit 1 contains 6 devices, Circuit 2 contains 6 devices.
Circuit 1 contains 9 nets,    Circuit 2 contains 9 nets.

Combined 4 parallel devices.
Combined 4 parallel devices.
Netlists match uniquely.
Contents of circuit 1:  Circuit: 'sky130_fd_sc_hd__o31ai_4'
Circuit sky130_fd_sc_hd__o31ai_4 contains 8 device instances.
  Class: pfet_01v8_hvt         instances:   4
  Class: nfet_01v8             instances:   4
Circuit contains 12 nets.
Contents of circuit 2:  Circuit: 'sky130_fd_sc_hd__o31ai_4'
Circuit sky130_fd_sc_hd__o31ai_4 contains 8 device instances.
  Class: pfet_01v8_hvt         instances:   4
  Class: nfet_01v8             instances:   4
Circuit contains 12 nets.

Circuit 1 contains 8 devices, Circuit 2 contains 8 devices.
Circuit 1 contains 12 nets,    Circuit 2 contains 12 nets.

Combined 4 parallel devices.
Combined 4 parallel devices.
Combined 4 parallel devices.
Combined 4 parallel devices.
Combined 4 parallel devices.
Combined 4 parallel devices.
Combined 4 parallel devices.
Combined 4 parallel devices.
Netlists match uniquely.
Contents of circuit 1:  Circuit: 'sky130_fd_sc_hd__o41ai_4'
Circuit sky130_fd_sc_hd__o41ai_4 contains 10 device instances.
  Class: pfet_01v8_hvt         instances:   5
  Class: nfet_01v8             instances:   5
Circuit contains 14 nets.
Contents of circuit 2:  Circuit: 'sky130_fd_sc_hd__o41ai_4'
Circuit sky130_fd_sc_hd__o41ai_4 contains 10 device instances.
  Class: pfet_01v8_hvt         instances:   5
  Class: nfet_01v8             instances:   5
Circuit contains 14 nets.

Circuit 1 contains 10 devices, Circuit 2 contains 10 devices.
Circuit 1 contains 14 nets,    Circuit 2 contains 14 nets.

Combined 4 parallel devices.
Combined 4 parallel devices.
Combined 4 parallel devices.
Combined 4 parallel devices.
Combined 4 parallel devices.
Combined 4 parallel devices.
Combined 4 parallel devices.
Combined 4 parallel devices.
Combined 4 parallel devices.
Combined 4 parallel devices.
Netlists match uniquely.
Contents of circuit 1:  Circuit: 'sky130_fd_sc_hd__a2111oi_2'
Circuit sky130_fd_sc_hd__a2111oi_2 contains 14 device instances.
  Class: pfet_01v8_hvt         instances:   7
  Class: nfet_01v8             instances:   7
Circuit contains 16 nets.
Contents of circuit 2:  Circuit: 'sky130_fd_sc_hd__a2111oi_2'
Circuit sky130_fd_sc_hd__a2111oi_2 contains 10 device instances.
  Class: pfet_01v8_hvt         instances:   5
  Class: nfet_01v8             instances:   5
Circuit contains 14 nets.

Circuit 1 contains 14 devices, Circuit 2 contains 10 devices. *** MISMATCH ***
Circuit 1 contains 16 nets,    Circuit 2 contains 14 nets. *** MISMATCH ***

  Flattening non-matched subcircuits sky130_fd_sc_hd__a2111oi_2 sky130_fd_sc_hd__a2111oi_2
Flattening instances of sky130_fd_sc_hd__a2111oi_2 in file /root/OpenROAD-flow-scripts/flow/results/sky130hd/chia_aes128_benchmark_corrupted/slot2/aes128_extracted.cir
Flattening instances of sky130_fd_sc_hd__a2111oi_2 in file /root/OpenROAD-flow-scripts/flow/objects/sky130hd/chia_aes128_benchmark_corrupted/slot2/6_final_concat.cdl
Contents of circuit 1:  Circuit: 'sky130_fd_sc_hd__o211ai_2'
Circuit sky130_fd_sc_hd__o211ai_2 contains 8 device instances.
  Class: pfet_01v8_hvt         instances:   4
  Class: nfet_01v8             instances:   4
Circuit contains 12 nets.
Contents of circuit 2:  Circuit: 'sky130_fd_sc_hd__o211ai_2'
Circuit sky130_fd_sc_hd__o211ai_2 contains 8 device instances.
  Class: pfet_01v8_hvt         instances:   4
  Class: nfet_01v8             instances:   4
Circuit contains 12 nets.

Circuit 1 contains 8 devices, Circuit 2 contains 8 devices.
Circuit 1 contains 12 nets,    Circuit 2 contains 12 nets.

Combined 2 parallel devices.
Combined 2 parallel devices.
Combined 2 parallel devices.
Combined 2 parallel devices.
Combined 2 parallel devices.
Combined 2 parallel devices.
Combined 2 parallel devices.
Combined 2 parallel devices.
Netlists match uniquely.
Contents of circuit 1:  Circuit: 'sky130_fd_sc_hd__ha_1'
Circuit sky130_fd_sc_hd__ha_1 contains 14 device instances.
  Class: pfet_01v8_hvt         instances:   7
  Class: nfet_01v8             instances:   7
Circuit contains 13 nets.
Contents of circuit 2:  Circuit: 'sky130_fd_sc_hd__ha_1'
Circuit sky130_fd_sc_hd__ha_1 contains 14 device instances.
  Class: pfet_01v8_hvt         instances:   7
  Class: nfet_01v8             instances:   7
Circuit contains 13 nets.

Circuit 1 contains 14 devices, Circuit 2 contains 14 devices.
Circuit 1 contains 13 nets,    Circuit 2 contains 13 nets.

Netlists match uniquely.
Contents of circuit 1:  Circuit: 'sky130_fd_sc_hd__and3b_2'
Circuit sky130_fd_sc_hd__and3b_2 contains 10 device instances.
  Class: pfet_01v8_hvt         instances:   5
  Class: nfet_01v8             instances:   5
Circuit contains 12 nets.
Contents of circuit 2:  Circuit: 'sky130_fd_sc_hd__and3b_2'
Circuit sky130_fd_sc_hd__and3b_2 contains 10 device instances.
  Class: pfet_01v8_hvt         instances:   5
  Class: nfet_01v8             instances:   5
Circuit contains 12 nets.

Circuit 1 contains 10 devices, Circuit 2 contains 10 devices.
Circuit 1 contains 12 nets,    Circuit 2 contains 12 nets.

Combined 2 parallel devices.
Combined 2 parallel devices.
Netlists match uniquely.
Contents of circuit 1:  Circuit: 'sky130_fd_sc_hd__o221ai_2'
Circuit sky130_fd_sc_hd__o221ai_2 contains 10 device instances.
  Class: pfet_01v8_hvt         instances:   5
  Class: nfet_01v8             instances:   5
Circuit contains 14 nets.
Contents of circuit 2:  Circuit: 'sky130_fd_sc_hd__o221ai_2'
Circuit sky130_fd_sc_hd__o221ai_2 contains 10 device instances.
  Class: pfet_01v8_hvt         instances:   5
  Class: nfet_01v8             instances:   5
Circuit contains 14 nets.

Circuit 1 contains 10 devices, Circuit 2 contains 10 devices.
Circuit 1 contains 14 nets,    Circuit 2 contains 14 nets.

Combined 2 parallel devices.
Combined 2 parallel devices.
Combined 2 parallel devices.
Combined 2 parallel devices.
Combined 2 parallel devices.
Combined 2 parallel devices.
Combined 2 parallel devices.
Combined 2 parallel devices.
Combined 2 parallel devices.
Combined 2 parallel devices.
Netlists match uniquely.
Contents of circuit 1:  Circuit: 'sky130_fd_sc_hd__clkinv_4'
Circuit sky130_fd_sc_hd__clkinv_4 contains 2 device instances.
  Class: pfet_01v8_hvt         instances:   1
  Class: nfet_01v8             instances:   1
Circuit contains 6 nets.
Contents of circuit 2:  Circuit: 'sky130_fd_sc_hd__clkinv_4'
Circuit sky130_fd_sc_hd__clkinv_4 contains 2 device instances.
  Class: pfet_01v8_hvt         instances:   1
  Class: nfet_01v8             instances:   1
Circuit contains 6 nets.

Circuit 1 contains 2 devices, Circuit 2 contains 2 devices.
Circuit 1 contains 6 nets,    Circuit 2 contains 6 nets.

Combined 4 parallel devices.
Combined 6 parallel devices.
Netlists match uniquely.
Contents of circuit 1:  Circuit: 'sky130_fd_sc_hd__a31o_1'
Circuit sky130_fd_sc_hd__a31o_1 contains 10 device instances.
  Class: pfet_01v8_hvt         instances:   5
  Class: nfet_01v8             instances:   5
Circuit contains 13 nets.
Contents of circuit 2:  Circuit: 'sky130_fd_sc_hd__a31o_1'
Circuit sky130_fd_sc_hd__a31o_1 contains 10 device instances.
  Class: pfet_01v8_hvt         instances:   5
  Class: nfet_01v8             instances:   5
Circuit contains 13 nets.

Circuit 1 contains 10 devices, Circuit 2 contains 10 devices.
Circuit 1 contains 13 nets,    Circuit 2 contains 13 nets.

Netlists match uniquely.
Contents of circuit 1:  Circuit: 'sky130_fd_sc_hd__mux2i_2'
Circuit sky130_fd_sc_hd__mux2i_2 contains 10 device instances.
  Class: pfet_01v8_hvt         instances:   5
  Class: nfet_01v8             instances:   5
Circuit contains 13 nets.
Contents of circuit 2:  Circuit: 'sky130_fd_sc_hd__mux2i_2'
Circuit sky130_fd_sc_hd__mux2i_2 contains 10 device instances.
  Class: pfet_01v8_hvt         instances:   5
  Class: nfet_01v8             instances:   5
Circuit contains 13 nets.

Circuit 1 contains 10 devices, Circuit 2 contains 10 devices.
Circuit 1 contains 13 nets,    Circuit 2 contains 13 nets.

Combined 2 parallel devices.
Combined 2 parallel devices.
Combined 2 parallel devices.
Combined 2 parallel devices.
Combined 2 parallel devices.
Combined 2 parallel devices.
Combined 2 parallel devices.
Combined 2 parallel devices.
Netlists match uniquely.
Contents of circuit 1:  Circuit: 'sky130_fd_sc_hd__or2_0'
Circuit sky130_fd_sc_hd__or2_0 contains 6 device instances.
  Class: pfet_01v8_hvt         instances:   3
  Class: nfet_01v8             instances:   3
Circuit contains 9 nets.
Contents of circuit 2:  Circuit: 'sky130_fd_sc_hd__or2_0'
Circuit sky130_fd_sc_hd__or2_0 contains 6 device instances.
  Class: pfet_01v8_hvt         instances:   3
  Class: nfet_01v8             instances:   3
Circuit contains 9 nets.

Circuit 1 contains 6 devices, Circuit 2 contains 6 devices.
Circuit 1 contains 9 nets,    Circuit 2 contains 9 nets.

Netlists match uniquely.
Contents of circuit 1:  Circuit: 'aes128'
Circuit aes128 contains 13329 device instances.
  Class: sky130_fd_sc_hd__bufinv_16 instances:   5
  Class: sky130_fd_sc_hd__o2111ai_1 instances:  80
  Class: sky130_fd_sc_hd__o2111ai_2 instances:   1
  Class: sky130_fd_sc_hd__a41o_1 instances:   3
  Class: sky130_fd_sc_hd__a31o_1 instances:   1
  Class: sky130_fd_sc_hd__a31o_2 instances:  16
  Class: sky130_fd_sc_hd__a21o_1 instances: 101
  Class: sky130_fd_sc_hd__a2bb2oi_1 instances:  45
  Class: sky130_fd_sc_hd__o32ai_1 instances:  54
  Class: sky130_fd_sc_hd__o32ai_2 instances:   2
  Class: sky130_fd_sc_hd__clkbuf_16 instances:  49
  Class: sky130_fd_sc_hd__o32ai_4 instances:   3
  Class: sky130_fd_sc_hd__a32oi_1 instances: 122
  Class: sky130_fd_sc_hd__dfxtp_1 instances: 259
  Class: sky130_fd_sc_hd__dfxtp_2 instances: 128
  Class: sky130_fd_sc_hd__a32oi_2 instances:   2
  Class: sky130_fd_sc_hd__o31ai_1 instances: 129
  Class: sky130_fd_sc_hd__dfxtp_4 instances:   3
  Class: sky130_fd_sc_hd__o31ai_2 instances:   6
  Class: sky130_fd_sc_hd__o31ai_4 instances:   1
  Class: sky130_fd_sc_hd__or4_1 instances:  16
  Class: sky130_fd_sc_hd__a31oi_1 instances: 235
  Class: sky130_fd_sc_hd__nand4_1 instances:  42
  Class: sky130_fd_sc_hd__buf_4 instances: 330
  Class: sky130_fd_sc_hd__buf_8 instances:   2
  Class: sky130_fd_sc_hd__and3b_1 instances:  21
  Class: sky130_fd_sc_hd__and3b_2 instances:   1
  Class: sky130_fd_sc_hd__xor2_1 instances: 245
  Class: sky130_fd_sc_hd__xor2_2 instances:  11
  Class: sky130_fd_sc_hd__o221ai_1 instances: 243
  Class: sky130_fd_sc_hd__xor2_4 instances:   1
  Class: sky130_fd_sc_hd__o221ai_2 instances:   1
  Class: sky130_fd_sc_hd__mux4_2 instances:  16
  Class: sky130_fd_sc_hd__and4_1 instances:   5
  Class: sky130_fd_sc_hd__and4_4 instances:   1
  Class: pfet_01v8_hvt         instances:  13
  Class: sky130_fd_sc_hd__inv_1 instances: 143
  Class: sky130_fd_sc_hd__inv_2 instances:  21
  Class: sky130_fd_sc_hd__inv_6 instances:   4
  Class: sky130_fd_sc_hd__inv_8 instances:   5
  Class: sky130_fd_sc_hd__clkbuf_1 instances:   5
  Class: sky130_fd_sc_hd__clkbuf_8 instances:   8
  Class: sky130_fd_sc_hd__or3_1 instances:  70
  Class: sky130_fd_sc_hd__nand3_1 instances: 244
  Class: sky130_fd_sc_hd__o21ba_2 instances:   8
  Class: sky130_fd_sc_hd__and2b_1 instances:   3
  Class: sky130_fd_sc_hd__a21boi_0 instances:  61
  Class: sky130_fd_sc_hd__nand4b_1 instances:  16
  Class: sky130_fd_sc_hd__a222oi_1 instances:  28
  Class: sky130_fd_sc_hd__buf_12 instances:   1
  Class: sky130_fd_sc_hd__a21bo_1 instances:   2
  Class: sky130_fd_sc_hd__a21bo_2 instances:   3
  Class: sky130_fd_sc_hd__a221oi_1 instances: 241
  Class: sky130_fd_sc_hd__a221oi_2 instances:   2
  Class: sky130_fd_sc_hd__clkinv_1 instances:  24
  Class: sky130_fd_sc_hd__clkinv_2 instances:   7
  Class: sky130_fd_sc_hd__clkinv_4 instances:   1
  Class: sky130_fd_sc_hd__clkinv_8 instances:   3
  Class: sky130_fd_sc_hd__and3_1 instances:  58
  Class: sky130_fd_sc_hd__clkdlybuf4s50_1 instances: 385
  Class: sky130_fd_sc_hd__a2111o_1 instances:  11
  Class: sky130_fd_sc_hd__maj3_1 instances:   9
  Class: sky130_fd_sc_hd__ha_1 instances:   2
  Class: sky130_fd_sc_hd__xnor3_1 instances:  67
  Class: sky130_fd_sc_hd__or2_0 instances:   1
  Class: sky130_fd_sc_hd__or2_1 instances:  21
  Class: sky130_fd_sc_hd__or2_2 instances:  93
  Class: sky130_fd_sc_hd__a2111oi_0 instances: 101
  Class: sky130_fd_sc_hd__or2_4 instances:   1
  Class: sky130_fd_sc_hd__mux2i_1 instances:  71
  Class: sky130_fd_sc_hd__mux2i_2 instances:   1
  Class: sky130_fd_sc_hd__nand2_1 instances: 1142
  Class: sky130_fd_sc_hd__nand2_2 instances:   4
  Class: sky130_fd_sc_hd__nand2_4 instances:   2
  Class: sky130_fd_sc_hd__nor4b_1 instances:  17
  Class: sky130_fd_sc_hd__o311ai_0 instances:  65
  Class: sky130_fd_sc_hd__o311ai_1 instances:   9
  Class: sky130_fd_sc_hd__o311ai_2 instances:   9
  Class: sky130_fd_sc_hd__o311ai_4 instances:   2
  Class: nfet_01v8             instances:  17
  Class: sky130_fd_sc_hd__nand3b_1 instances:  60
  Class: sky130_fd_sc_hd__mux2_1 instances:   1
  Class: sky130_fd_sc_hd__mux2_2 instances:  29
  Class: sky130_fd_sc_hd__nand4bb_1 instances:   2
  Class: sky130_fd_sc_hd__o2bb2ai_1 instances:  27
  Class: sky130_fd_sc_hd__o2bb2ai_2 instances:   1
  Class: sky130_fd_sc_hd__and2_0 instances:  12
  Class: sky130_fd_sc_hd__a211oi_1 instances: 306
  Class: sky130_fd_sc_hd__and2_1 instances: 110
  Class: sky130_fd_sc_hd__a211oi_2 instances:   8
  Class: sky130_fd_sc_hd__and2_4 instances:   1
  Class: sky130_fd_sc_hd__or4b_1 instances:   6
  Class: sky130_fd_sc_hd__or4b_2 instances:   2
  Class: sky130_fd_sc_hd__clkinvlp_4 instances:   5
  Class: sky130_fd_sc_hd__nor4_1 instances:  43
  Class: sky130_fd_sc_hd__nor4_2 instances:   1
  Class: sky130_fd_sc_hd__nor4_4 instances:   3
  Class: sky130_fd_sc_hd__o32a_1 instances:  23
  Class: sky130_fd_sc_hd__o22a_1 instances:  24
  Class: sky130_fd_sc_hd__xnor2_1 instances: 623
  Class: sky130_fd_sc_hd__xnor2_2 instances:  29
  Class: sky130_fd_sc_hd__xnor2_4 instances:   4
  Class: sky130_fd_sc_hd__nor3b_1 instances:  57
  Class: sky130_fd_sc_hd__o221a_1 instances:   3
  Class: sky130_fd_sc_hd__o221a_2 instances:  30
  Class: sky130_fd_sc_hd__o21bai_1 instances:  34
  Class: sky130_fd_sc_hd__o211a_1 instances:  22
  Class: sky130_fd_sc_hd__nand2b_1 instances: 427
  Class: sky130_fd_sc_hd__nand2b_2 instances:   2
  Class: sky130_fd_sc_hd__a311oi_1 instances:  70
  Class: sky130_fd_sc_hd__a311oi_2 instances:   6
  Class: sky130_fd_sc_hd__a311oi_4 instances:   2
  Class: sky130_fd_sc_hd__a221o_1 instances:  70
  Class: sky130_fd_sc_hd__a211o_1 instances:  70
  Class: sky130_fd_sc_hd__o2111a_1 instances:   4
  Class: sky130_fd_sc_hd__or3b_1 instances:  13
  Class: sky130_fd_sc_hd__or3b_2 instances:  24
  Class: sky130_fd_sc_hd__nor3_1 instances: 275
  Class: sky130_fd_sc_hd__a32o_1 instances:  23
  Class: sky130_fd_sc_hd__nor4bb_1 instances:   6
  Class: sky130_fd_sc_hd__o41a_1 instances:   1
  Class: sky130_fd_sc_hd__a22o_1 instances:  49
  Class: sky130_fd_sc_hd__o31a_1 instances:  41
  Class: sky130_fd_sc_hd__o21a_1 instances:  78
  Class: sky130_fd_sc_hd__o41ai_1 instances:  21
  Class: sky130_fd_sc_hd__o41ai_4 instances:   2
  Class: sky130_fd_sc_hd__a41oi_1 instances:  15
  Class: sky130_fd_sc_hd__o311a_1 instances:  25
  Class: sky130_fd_sc_hd__o22ai_1 instances: 326
  Class: sky130_fd_sc_hd__o22ai_2 instances:   1
  Class: sky130_fd_sc_hd__nor2b_1 instances: 399
  Class: sky130_fd_sc_hd__nor2b_4 instances:   1
  Class: sky130_fd_sc_hd__a22oi_1 instances: 162
  Class: sky130_fd_sc_hd__o21ai_0 instances: 1479
  Class: sky130_fd_sc_hd__and4b_1 instances:   5
  Class: sky130_fd_sc_hd__o21ai_1 instances:  57
  Class: sky130_fd_sc_hd__o21ai_2 instances:   3
  Class: sky130_fd_sc_hd__a21oi_1 instances: 1692
  Class: sky130_fd_sc_hd__a311o_1 instances:  19
  Class: sky130_fd_sc_hd__xor3_1 instances:   6
  Class: sky130_fd_sc_hd__o211ai_1 instances: 264
  Class: sky130_fd_sc_hd__o211ai_2 instances:   3
  Class: sky130_fd_sc_hd__or2b_1 instances:   1
  Class: sky130_fd_sc_hd__nor2_1 instances: 1030
  Class: sky130_fd_sc_hd__nor2_2 instances:   7
  Class: sky130_fd_sc_hd__nor2_4 instances:   3
Circuit contains 13578 nets.
Contents of circuit 2:  Circuit: 'aes128'
Circuit aes128 contains 13321 device instances.
  Class: sky130_fd_sc_hd__bufinv_16 instances:   5
  Class: sky130_fd_sc_hd__o2111ai_1 instances:  80
  Class: sky130_fd_sc_hd__o2111ai_2 instances:   1
  Class: sky130_fd_sc_hd__a41o_1 instances:   3
  Class: sky130_fd_sc_hd__a31o_1 instances:   1
  Class: sky130_fd_sc_hd__a31o_2 instances:  16
  Class: sky130_fd_sc_hd__a21o_1 instances: 101
  Class: sky130_fd_sc_hd__a2bb2oi_1 instances:  45
  Class: sky130_fd_sc_hd__o32ai_1 instances:  54
  Class: sky130_fd_sc_hd__o32ai_2 instances:   2
  Class: sky130_fd_sc_hd__o32ai_4 instances:   3
  Class: sky130_fd_sc_hd__clkbuf_16 instances:  49
  Class: sky130_fd_sc_hd__dfxtp_1 instances: 259
  Class: sky130_fd_sc_hd__a32oi_1 instances: 122
  Class: sky130_fd_sc_hd__dfxtp_2 instances: 128
  Class: sky130_fd_sc_hd__a32oi_2 instances:   2
  Class: sky130_fd_sc_hd__o31ai_1 instances: 129
  Class: sky130_fd_sc_hd__dfxtp_4 instances:   3
  Class: sky130_fd_sc_hd__o31ai_2 instances:   6
  Class: sky130_fd_sc_hd__o31ai_4 instances:   1
  Class: sky130_fd_sc_hd__or4_1 instances:  16
  Class: sky130_fd_sc_hd__a31oi_1 instances: 235
  Class: sky130_fd_sc_hd__nand4_1 instances:  42
  Class: sky130_fd_sc_hd__buf_4 instances: 330
  Class: sky130_fd_sc_hd__buf_8 instances:   2
  Class: sky130_fd_sc_hd__and3b_1 instances:  21
  Class: sky130_fd_sc_hd__and3b_2 instances:   1
  Class: sky130_fd_sc_hd__xor2_1 instances: 245
  Class: sky130_fd_sc_hd__xor2_2 instances:  11
  Class: sky130_fd_sc_hd__xor2_4 instances:   1
  Class: sky130_fd_sc_hd__o221ai_1 instances: 243
  Class: sky130_fd_sc_hd__o221ai_2 instances:   1
  Class: sky130_fd_sc_hd__mux4_2 instances:  16
  Class: sky130_fd_sc_hd__and4_1 instances:   5
  Class: sky130_fd_sc_hd__and4_4 instances:   1
  Class: pfet_01v8_hvt         instances:  11
  Class: sky130_fd_sc_hd__inv_1 instances: 143
  Class: sky130_fd_sc_hd__inv_2 instances:  21
  Class: sky130_fd_sc_hd__inv_6 instances:   4
  Class: sky130_fd_sc_hd__inv_8 instances:   5
  Class: sky130_fd_sc_hd__clkbuf_1 instances:   5
  Class: sky130_fd_sc_hd__clkbuf_8 instances:   8
  Class: sky130_fd_sc_hd__or3_1 instances:  70
  Class: sky130_fd_sc_hd__nand3_1 instances: 244
  Class: sky130_fd_sc_hd__o21ba_2 instances:   8
  Class: sky130_fd_sc_hd__and2b_1 instances:   3
  Class: sky130_fd_sc_hd__a21boi_0 instances:  61
  Class: sky130_fd_sc_hd__nand4b_1 instances:  16
  Class: sky130_fd_sc_hd__buf_12 instances:   1
  Class: sky130_fd_sc_hd__a222oi_1 instances:  28
  Class: sky130_fd_sc_hd__a21bo_1 instances:   2
  Class: sky130_fd_sc_hd__a21bo_2 instances:   3
  Class: sky130_fd_sc_hd__a221oi_1 instances: 241
  Class: sky130_fd_sc_hd__a221oi_2 instances:   2
  Class: sky130_fd_sc_hd__clkinv_1 instances:  24
  Class: sky130_fd_sc_hd__clkinv_2 instances:   7
  Class: sky130_fd_sc_hd__clkinv_4 instances:   1
  Class: sky130_fd_sc_hd__clkinv_8 instances:   3
  Class: sky130_fd_sc_hd__and3_1 instances:  58
  Class: sky130_fd_sc_hd__clkdlybuf4s50_1 instances: 385
  Class: sky130_fd_sc_hd__a2111o_1 instances:  11
  Class: sky130_fd_sc_hd__maj3_1 instances:   9
  Class: sky130_fd_sc_hd__ha_1 instances:   2
  Class: sky130_fd_sc_hd__xnor3_1 instances:  67
  Class: sky130_fd_sc_hd__or2_0 instances:   1
  Class: sky130_fd_sc_hd__or2_1 instances:  21
  Class: sky130_fd_sc_hd__or2_2 instances:  93
  Class: sky130_fd_sc_hd__a2111oi_0 instances: 101
  Class: sky130_fd_sc_hd__or2_4 instances:   1
  Class: sky130_fd_sc_hd__mux2i_1 instances:  71
  Class: sky130_fd_sc_hd__mux2i_2 instances:   1
  Class: sky130_fd_sc_hd__nand2_1 instances: 1142
  Class: sky130_fd_sc_hd__nand2_2 instances:   4
  Class: sky130_fd_sc_hd__nand2_4 instances:   2
  Class: sky130_fd_sc_hd__nor4b_1 instances:  17
  Class: sky130_fd_sc_hd__o311ai_0 instances:  65
  Class: sky130_fd_sc_hd__o311ai_1 instances:   9
  Class: sky130_fd_sc_hd__o311ai_2 instances:   9
  Class: sky130_fd_sc_hd__o311ai_4 instances:   2
  Class: nfet_01v8             instances:  11
  Class: sky130_fd_sc_hd__nand3b_1 instances:  60
  Class: sky130_fd_sc_hd__mux2_1 instances:   1
  Class: sky130_fd_sc_hd__mux2_2 instances:  29
  Class: sky130_fd_sc_hd__nand4bb_1 instances:   2
  Class: sky130_fd_sc_hd__o2bb2ai_1 instances:  27
  Class: sky130_fd_sc_hd__o2bb2ai_2 instances:   1
  Class: sky130_fd_sc_hd__and2_0 instances:  12
  Class: sky130_fd_sc_hd__and2_1 instances: 110
  Class: sky130_fd_sc_hd__a211oi_1 instances: 306
  Class: sky130_fd_sc_hd__a211oi_2 instances:   8
  Class: sky130_fd_sc_hd__and2_4 instances:   1
  Class: sky130_fd_sc_hd__or4b_1 instances:   6
  Class: sky130_fd_sc_hd__or4b_2 instances:   2
  Class: sky130_fd_sc_hd__clkinvlp_4 instances:   5
  Class: sky130_fd_sc_hd__nor4_1 instances:  43
  Class: sky130_fd_sc_hd__nor4_2 instances:   1
  Class: sky130_fd_sc_hd__nor4_4 instances:   3
  Class: sky130_fd_sc_hd__o32a_1 instances:  23
  Class: sky130_fd_sc_hd__o22a_1 instances:  24
  Class: sky130_fd_sc_hd__xnor2_1 instances: 623
  Class: sky130_fd_sc_hd__xnor2_2 instances:  29
  Class: sky130_fd_sc_hd__xnor2_4 instances:   4
  Class: sky130_fd_sc_hd__nor3b_1 instances:  57
  Class: sky130_fd_sc_hd__o221a_1 instances:   3
  Class: sky130_fd_sc_hd__o221a_2 instances:  30
  Class: sky130_fd_sc_hd__o21bai_1 instances:  34
  Class: sky130_fd_sc_hd__o211a_1 instances:  22
  Class: sky130_fd_sc_hd__nand2b_1 instances: 427
  Class: sky130_fd_sc_hd__nand2b_2 instances:   2
  Class: sky130_fd_sc_hd__a311oi_1 instances:  70
  Class: sky130_fd_sc_hd__a311oi_2 instances:   6
  Class: sky130_fd_sc_hd__a311oi_4 instances:   2
  Class: sky130_fd_sc_hd__a221o_1 instances:  70
  Class: sky130_fd_sc_hd__a211o_1 instances:  70
  Class: sky130_fd_sc_hd__o2111a_1 instances:   4
  Class: sky130_fd_sc_hd__or3b_1 instances:  13
  Class: sky130_fd_sc_hd__or3b_2 instances:  24
  Class: sky130_fd_sc_hd__nor3_1 instances: 275
  Class: sky130_fd_sc_hd__a32o_1 instances:  23
  Class: sky130_fd_sc_hd__nor4bb_1 instances:   6
  Class: sky130_fd_sc_hd__o41a_1 instances:   1
  Class: sky130_fd_sc_hd__a22o_1 instances:  49
  Class: sky130_fd_sc_hd__o31a_1 instances:  41
  Class: sky130_fd_sc_hd__o21a_1 instances:  78
  Class: sky130_fd_sc_hd__o41ai_1 instances:  21
  Class: sky130_fd_sc_hd__o41ai_4 instances:   2
  Class: sky130_fd_sc_hd__a41oi_1 instances:  15
  Class: sky130_fd_sc_hd__o311a_1 instances:  25
  Class: sky130_fd_sc_hd__o22ai_1 instances: 326
  Class: sky130_fd_sc_hd__o22ai_2 instances:   1
  Class: sky130_fd_sc_hd__nor2b_1 instances: 399
  Class: sky130_fd_sc_hd__nor2b_4 instances:   1
  Class: sky130_fd_sc_hd__a22oi_1 instances: 162
  Class: sky130_fd_sc_hd__o21ai_0 instances: 1479
  Class: sky130_fd_sc_hd__and4b_1 instances:   5
  Class: sky130_fd_sc_hd__o21ai_1 instances:  57
  Class: sky130_fd_sc_hd__o21ai_2 instances:   3
  Class: sky130_fd_sc_hd__a21oi_1 instances: 1692
  Class: sky130_fd_sc_hd__a311o_1 instances:  19
  Class: sky130_fd_sc_hd__xor3_1 instances:   6
  Class: sky130_fd_sc_hd__o211ai_1 instances: 264
  Class: sky130_fd_sc_hd__o211ai_2 instances:   3
  Class: sky130_fd_sc_hd__or2b_1 instances:   1
  Class: sky130_fd_sc_hd__nor2_1 instances: 1030
  Class: sky130_fd_sc_hd__nor2_2 instances:   7
  Class: sky130_fd_sc_hd__nor2_4 instances:   3
Circuit contains 13573 nets.

Circuit 1 contains 13329 devices, Circuit 2 contains 13321 devices. *** MISMATCH ***
Circuit 1 contains 13578 nets,    Circuit 2 contains 13573 nets. *** MISMATCH ***

Result: Netlists do not match.
Logging to file "/root/chia-orfs/orfs_runs/chia_aes128_benchmark_corrupted-1790218652/signoff_logs/lvs_netgen.log" disabled
LVS Done.

STDERR:
/bin/bash: /opt/miniconda/lib/libtinfo.so.6: no version information available (required by /bin/bash)
Unable to permute model nfet_01v8 pins 1, 2.
Unable to permute model nfet_01v8 pins 1, 2.
Unable to permute model pfet_01v8_hvt pins 1, 2.
Unable to permute model pfet_01v8_hvt pins 1, 2.
