make: Entering directory '/root/OpenROAD-flow-scripts/flow'
/root/OpenROAD-flow-scripts/flow/scripts/flow.sh 3_1_place_gp_skip_io global_place_skip_io
Running global_place_skip_io.tcl, stage 3_1_place_gp_skip_io
read_liberty /root/OpenROAD-flow-scripts/flow/platforms/sky130hd/lib/sky130_fd_sc_hd__tt_025C_1v80.lib
read_db ./results/sky130hd/chia_sha256_benchmark_corrupted/slot1/2_floorplan.odb
read_sdc ./results/sky130hd/chia_sha256_benchmark_corrupted/slot1/2_floorplan.sdc
source /root/OpenROAD-flow-scripts/flow/platforms/sky130hd/setRC.tcl
global_placement -skip_io -density 0.6 -pad_left 0 -pad_right 0
[INFO GPL-0001] ---- Initialize GPL Main Data Structures
[INFO GPL-0002] DBU: 1000
[INFO GPL-0003] SiteSize: (  0.460  2.720 ) um
[INFO GPL-0004] CoreBBox: (  1.380  2.720 ) ( 644.920 644.640 ) um
[INFO GPL-0016] Core area:                  413101.197 um^2
[INFO GPL-0036] Movable instances area:     168291.405 um^2
[INFO GPL-0037] Total instances area:       175140.474 um^2
[INFO GPL-0035] Pin density area adjust:      6248.818 um^2
[INFO GPL-0032] ---- Initialize Region: Top-level
[INFO GPL-0006] Number of instances:             20644
[INFO GPL-0007] Movable instances:               15170
[INFO GPL-0008] Fixed instances:                  5474
[INFO GPL-0009] Dummy instances:                     0
[INFO GPL-0010] Number of nets:                  16017
[INFO GPL-0011] Number of pins:                  60453
[INFO GPL-0012] Die BBox:       (  0.000  0.000 ) ( 646.075 646.075 ) um
[INFO GPL-0013] Placement BBox: (  1.380  2.720 ) ( 644.920 644.640 ) um
[INFO GPL-0014] Region name: top-level.
[INFO GPL-0015] Region area:                413101.197 um^2
[INFO GPL-0017] Fixed instances area:         6849.069 um^2
[INFO GPL-0018] Movable instances area:     174540.223 um^2
[INFO GPL-0019] Utilization:                    42.964 %
[INFO GPL-0020] Standard cells area:        174540.223 um^2
[INFO GPL-0021] Large instances area:            0.000 um^2
[INFO GPL-0005] ---- Execute Conjugate Gradient Initial Placement.
[INFO GPL-0051] Source of initial instance position counters:
	Odb location = 0	Core center = 15170	Region center = 0
[INFO GPL-0033] ---- Initialize Nesterov Region: Top-level
[INFO GPL-0023] Placement target density:       0.6000
[INFO GPL-0024] Movable insts average area:     11.506 um^2
[INFO GPL-0025] Ideal bin area:                 19.176 um^2
[INFO GPL-0026] Ideal bin count:                 21542
[INFO GPL-0027] Total bin area:             413101.197 um^2
[INFO GPL-0028] Bin count (X, Y):         128 ,    128
[INFO GPL-0029] Bin size (W * H):       5.028 *  5.015 um
[INFO GPL-0030] Number of bins:                  16384
[INFO GPL-0084] ---- Execute Nesterov Global Placement.
[INFO GPL-0031] HPWL: Half-Perimeter Wirelength
Iteration | Overflow |     HPWL (um) |  HPWL(%) |   Penalty | Group
---------------------------------------------------------------
        0 |   0.9996 |  4.117046e+04 |   +0.00% |  1.08e-15 |      
       10 |   0.9991 |  3.165928e+04 |  -23.10% |  1.75e-15 |      
       20 |   0.9991 |  3.147795e+04 |   -0.57% |  2.85e-15 |      
       30 |   0.9991 |  3.148611e+04 |   +0.03% |  4.65e-15 |      
       40 |   0.9991 |  3.147027e+04 |   -0.05% |  7.57e-15 |      
       50 |   0.9991 |  3.146839e+04 |   -0.01% |  1.23e-14 |      
       60 |   0.9991 |  3.149554e+04 |   +0.09% |  2.01e-14 |      
       70 |   0.9991 |  3.154600e+04 |   +0.16% |  3.27e-14 |      
       80 |   0.9991 |  3.163558e+04 |   +0.28% |  5.33e-14 |      
       90 |   0.9991 |  3.183109e+04 |   +0.62% |  8.68e-14 |      
      100 |   0.9989 |  3.231201e+04 |   +1.51% |  1.41e-13 |      
      110 |   0.9982 |  3.377284e+04 |   +4.52% |  2.30e-13 |      
      120 |   0.9970 |  3.777838e+04 |  +11.86% |  3.75e-13 |      
      130 |   0.9951 |  4.580408e+04 |  +21.24% |  6.10e-13 |      
      140 |   0.9929 |  6.240844e+04 |  +36.25% |  9.92e-13 |      
      150 |   0.9899 |  7.837661e+04 |  +25.59% |  1.61e-12 |      
      160 |   0.9869 |  9.124419e+04 |  +16.42% |  2.62e-12 |      
      170 |   0.9812 |  1.113957e+05 |  +22.09% |  4.27e-12 |      
      180 |   0.9731 |  1.382556e+05 |  +24.11% |  6.93e-12 |      
      190 |   0.9628 |  1.662412e+05 |  +20.24% |  1.12e-11 |      
      200 |   0.9498 |  1.990479e+05 |  +19.73% |  1.83e-11 |      
      210 |   0.9308 |  2.382339e+05 |  +19.69% |  2.96e-11 |      
      220 |   0.9066 |  2.805430e+05 |  +17.76% |  4.80e-11 |      
      230 |   0.8771 |  3.260723e+05 |  +16.23% |  7.78e-11 |      
      240 |   0.8440 |  3.724151e+05 |  +14.21% |  1.26e-10 |      
      250 |   0.8085 |  4.180843e+05 |  +12.26% |  2.04e-10 |      
      260 |   0.7673 |  4.638877e+05 |  +10.96% |  3.31e-10 |      
      270 |   0.7221 |  5.066685e+05 |   +9.22% |  5.37e-10 |      
      280 |   0.6683 |  5.474350e+05 |   +8.05% |  8.71e-10 |      
      290 |   0.6088 |  5.857811e+05 |   +7.00% |  1.41e-09 |      
      300 |   0.5525 |  6.268767e+05 |   +7.02% |  2.29e-09 |      
      310 |   0.5044 |  6.622866e+05 |   +5.65% |  3.72e-09 |      
      320 |   0.4564 |  6.764733e+05 |   +2.14% |  6.05e-09 |      
      330 |   0.4161 |  6.908369e+05 |   +2.12% |  9.83e-09 |      
      340 |   0.3769 |  6.993720e+05 |   +1.24% |  1.60e-08 |      
      350 |   0.3339 |  7.031929e+05 |   +0.55% |  2.53e-08 |      
      360 |   0.3004 |  7.047002e+05 |   +0.21% |  3.72e-08 |      
      370 |   0.2668 |  7.065071e+05 |   +0.26% |  5.48e-08 |      
      380 |   0.2338 |  7.075290e+05 |   +0.14% |  8.08e-08 |      
      390 |   0.2030 |  7.084207e+05 |   +0.13% |  1.19e-07 |      
      400 |   0.1754 |  7.090551e+05 |   +0.09% |  1.75e-07 |      
      410 |   0.1493 |  7.098674e+05 |   +0.11% |  2.58e-07 |      
      420 |   0.1277 |  7.109092e+05 |   +0.15% |  3.80e-07 |      
      430 |   0.1082 |  7.117277e+05 |   +0.12% |  5.60e-07 |      
      436 |   0.0984 |  7.122819e+05 |          |  7.35e-07 |      
---------------------------------------------------------------
[INFO GPL-1001] Global placement finished at iteration 436
[INFO GPL-1002] Placed Cell Area            174540.2225
[INFO GPL-1003] Available Free Area         406252.1280
[INFO GPL-1004] Minimum Feasible Density        0.4300 (cell_area / free_area)
[INFO GPL-1006]   Suggested Target Densities:
[INFO GPL-1007]     - For 90% usage of free space: 0.4774
[INFO GPL-1008]     - For 80% usage of free space: 0.5370
[INFO GPL-1009]     - For 50% usage of free space: 0.8593
[INFO GPL-1014] Final placement area: 174540.22 (+0.00%)
Design area 175140 um^2 42% utilization.
write_db ./results/sky130hd/chia_sha256_benchmark_corrupted/slot1/3_1_place_gp_skip_io.odb
Log                       Ext     Elapsed/s Peak Memory/MB sha1sum result [0:20)
3_1_place_gp_skip_io      .odb            2            175 2133160f3bb290242bd3
/root/OpenROAD-flow-scripts/flow/scripts/flow.sh 3_2_place_iop io_placement
Running io_placement.tcl, stage 3_2_place_iop
read_liberty /root/OpenROAD-flow-scripts/flow/platforms/sky130hd/lib/sky130_fd_sc_hd__tt_025C_1v80.lib
read_db ./results/sky130hd/chia_sha256_benchmark_corrupted/slot1/3_1_place_gp_skip_io.odb
read_sdc ./results/sky130hd/chia_sha256_benchmark_corrupted/slot1/2_floorplan.sdc
source /root/OpenROAD-flow-scripts/flow/platforms/sky130hd/setRC.tcl
place_pins -hor_layers met3 -ver_layers met2
Found 0 macro blocks.
Using 2 tracks default min distance between IO pins.
[INFO PPL-0001] Number of available slots 2342
[INFO PPL-0002] Number of I/O             772
[INFO PPL-0003] Number of I/O w/sink      772
[INFO PPL-0004] Number of I/O w/o sink    0
[INFO PPL-0005] Slots per section         200
[INFO PPL-0008] Successfully assigned pins to sections.
[INFO PPL-0012] I/O nets HPWL: 137376.50 um.
Design area 175140 um^2 42% utilization.
write_db ./results/sky130hd/chia_sha256_benchmark_corrupted/slot1/3_2_place_iop.odb
Log                       Ext     Elapsed/s Peak Memory/MB sha1sum result [0:20)
3_2_place_iop             .odb            0            156 55ee0e81673147faac4b
/root/OpenROAD-flow-scripts/flow/scripts/flow.sh 3_3_place_gp global_place
Running global_place.tcl, stage 3_3_place_gp
read_liberty /root/OpenROAD-flow-scripts/flow/platforms/sky130hd/lib/sky130_fd_sc_hd__tt_025C_1v80.lib
read_db ./results/sky130hd/chia_sha256_benchmark_corrupted/slot1/3_2_place_iop.odb
read_sdc ./results/sky130hd/chia_sha256_benchmark_corrupted/slot1/2_floorplan.sdc
source /root/OpenROAD-flow-scripts/flow/platforms/sky130hd/setRC.tcl
[INFO RSZ-0026] Removed 1552 buffers.
Perform port buffering...
[INFO RSZ-0027] Inserted 514 sky130_fd_sc_hd__clkdlybuf4s50_1 input buffers.
[INFO RSZ-0028] Inserted 256 sky130_fd_sc_hd__clkdlybuf4s50_1 output buffers.
global_placement -density 0.6 -pad_left 0 -pad_right 0 -routability_driven -timing_driven -force_center_initial_place -min_phi_coef 0.95 -max_phi_coef 1.05
[INFO GPL-0001] ---- Initialize GPL Main Data Structures
[INFO GPL-0002] DBU: 1000
[INFO GPL-0003] SiteSize: (  0.460  2.720 ) um
[INFO GPL-0004] CoreBBox: (  1.380  2.720 ) ( 644.920 644.640 ) um
[INFO GPL-0016] Core area:                  413101.197 um^2
[INFO GPL-0036] Movable instances area:     168624.224 um^2
[INFO GPL-0037] Total instances area:       175473.293 um^2
[INFO GPL-0035] Pin density area adjust:      6744.972 um^2
[INFO GPL-0032] ---- Initialize Region: Top-level
[INFO GPL-0006] Number of instances:             19862
[INFO GPL-0007] Movable instances:               14388
[INFO GPL-0008] Fixed instances:                  5474
[INFO GPL-0009] Dummy instances:                     0
[INFO GPL-0010] Number of nets:                  15235
[INFO GPL-0011] Number of pins:                  59661
[INFO GPL-0012] Die BBox:       (  0.000  0.000 ) ( 646.075 646.075 ) um
[INFO GPL-0013] Placement BBox: (  1.380  2.720 ) ( 644.920 644.640 ) um
[INFO GPL-0014] Region name: top-level.
[INFO GPL-0015] Region area:                413101.197 um^2
[INFO GPL-0017] Fixed instances area:         6849.069 um^2
[INFO GPL-0018] Movable instances area:     175369.196 um^2
[INFO GPL-0019] Utilization:                    43.168 %
[INFO GPL-0020] Standard cells area:        175369.196 um^2
[INFO GPL-0021] Large instances area:            0.000 um^2
[INFO GPL-0005] ---- Execute Conjugate Gradient Initial Placement.
[INFO GPL-0051] Source of initial instance position counters:
	Odb location = 0	Core center = 14388	Region center = 0
[InitialPlace]  Iter: 1 conjugate gradient residual: 0.00082531 HPWL: 613083335
[InitialPlace]  Iter: 2 conjugate gradient residual: 0.00025328 HPWL: 411653286
[InitialPlace]  Iter: 3 conjugate gradient residual: 0.00030133 HPWL: 379851919
[InitialPlace]  Iter: 4 conjugate gradient residual: 0.00035930 HPWL: 361570035
[InitialPlace]  Iter: 5 conjugate gradient residual: 0.00027759 HPWL: 344612262
[InitialPlace]  Iter: 6 conjugate gradient residual: 0.00017874 HPWL: 331687529
[InitialPlace]  Iter: 7 conjugate gradient residual: 0.00009681 HPWL: 320294664
[InitialPlace]  Iter: 8 conjugate gradient residual: 0.00003892 HPWL: 313661612
[InitialPlace]  Iter: 9 conjugate gradient residual: 0.00002005 HPWL: 309394149
[InitialPlace]  Iter: 10 conjugate gradient residual: 0.00000628 HPWL: 308121173
[INFO GPL-0033] ---- Initialize Nesterov Region: Top-level
[INFO GPL-0023] Placement target density:       0.6000
[INFO GPL-0024] Movable insts average area:     12.189 um^2
[INFO GPL-0025] Ideal bin area:                 20.314 um^2
[INFO GPL-0026] Ideal bin count:                 20335
[INFO GPL-0027] Total bin area:             413101.197 um^2
[INFO GPL-0028] Bin count (X, Y):         128 ,    128
[INFO GPL-0029] Bin size (W * H):       5.028 *  5.015 um
[INFO GPL-0030] Number of bins:                  16384
[INFO GPL-0084] ---- Execute Nesterov Global Placement.
[INFO GPL-0031] HPWL: Half-Perimeter Wirelength
Iteration | Overflow |     HPWL (um) |  HPWL(%) |   Penalty | Group
---------------------------------------------------------------
        0 |   0.9473 |  2.124341e+05 |   +0.00% |  7.99e-16 |      
       10 |   0.9156 |  2.497659e+05 |  +17.57% |  1.29e-15 |      
       20 |   0.9071 |  2.539820e+05 |   +1.69% |  2.10e-15 |      
       30 |   0.9010 |  2.542842e+05 |   +0.12% |  3.43e-15 |      
       40 |   0.8939 |  2.537140e+05 |   -0.22% |  5.58e-15 |      
       50 |   0.8883 |  2.543054e+05 |   +0.23% |  9.09e-15 |      
       60 |   0.8829 |  2.554600e+05 |   +0.45% |  1.48e-14 |      
       70 |   0.8769 |  2.566883e+05 |   +0.48% |  2.41e-14 |      
       80 |   0.8747 |  2.580033e+05 |   +0.51% |  3.93e-14 |      
       90 |   0.8718 |  2.592125e+05 |   +0.47% |  6.40e-14 |      
      100 |   0.8710 |  2.601396e+05 |   +0.36% |  1.04e-13 |      
      110 |   0.8708 |  2.608049e+05 |   +0.26% |  1.70e-13 |      
      120 |   0.8706 |  2.612560e+05 |   +0.17% |  2.76e-13 |      
      130 |   0.8703 |  2.615326e+05 |   +0.11% |  4.50e-13 |      
      140 |   0.8695 |  2.617414e+05 |   +0.08% |  7.33e-13 |      
      150 |   0.8683 |  2.620481e+05 |   +0.12% |  1.19e-12 |      
      160 |   0.8667 |  2.627895e+05 |   +0.28% |  1.95e-12 |      
      170 |   0.8637 |  2.644598e+05 |   +0.64% |  3.17e-12 |      
      180 |   0.8581 |  2.679521e+05 |   +1.32% |  5.16e-12 |      
      190 |   0.8493 |  2.747283e+05 |   +2.53% |  8.40e-12 |      
      200 |   0.8356 |  2.843680e+05 |   +3.51% |  1.37e-11 |      
      210 |   0.8172 |  2.965099e+05 |   +4.27% |  2.22e-11 |      
      220 |   0.7957 |  3.088944e+05 |   +4.18% |  3.62e-11 |      
      230 |   0.7692 |  3.197059e+05 |   +3.50% |  5.88e-11 |      
      240 |   0.7380 |  3.406710e+05 |   +6.56% |  9.56e-11 |      
      250 |   0.7066 |  3.636284e+05 |   +6.74% |  1.55e-10 |      
      260 |   0.6738 |  3.709383e+05 |   +2.01% |  2.53e-10 |      
      270 |   0.6467 |  3.863957e+05 |   +4.17% |  4.11e-10 |      
[INFO GPL-0100] Timing-driven iteration 1/2, virtual: false.
[INFO GPL-0101]    Iter: 275, overflow: 0.634, keep resizer changes at: 1, HPWL: 384957275
Iteration |   Area    | Resized | Buffers | Nets repaired | Remaining
---------------------------------------------------------------------
        0 |     +0.0% |       0 |       0 |             0 |     15236
    final |     +4.4% |     148 |     281 |           147 |         0
---------------------------------------------------------------------
[INFO RSZ-0034] Found 149 slew violations.
[INFO RSZ-0036] Found 52 capacitance violations.
[INFO RSZ-0039] Resized 148 instances.
[INFO RSZ-0038] Inserted 281 buffers in 147 nets.
   Iter   |    Area   | Removed | Inserted |   Pins
          |           | Buffers | Buffers  | Remaining
-------------------------------------------------------
        0 |     +0.0% |       0 |        0 |     14719
     1400 |     +1.5% |       0 |      367 |     13319
     2800 |     +1.6% |      26 |      451 |     11919
     4200 |     +1.9% |      42 |      563 |     10519
     5600 |     +1.8% |      73 |      609 |      9119
     7000 |     +1.9% |     104 |      723 |      7719
     8400 |     +1.9% |     118 |      753 |      6319
     9800 |     +2.4% |     169 |      970 |      4919
    11200 |     +2.7% |     212 |     1108 |      3519
    12600 |     +4.3% |     267 |     1649 |      2119
    14000 |     +9.8% |     267 |     2992 |       719
    final |    +10.5% |     281 |     3190 |         0
-------------------------------------------------------
[INFO GPL-0106] Timing-driven: worst slack -3.5144647e-09
[INFO GPL-0107] Timing-driven: repair_design delta area: 26665.771 um^2 (+15.21%)
[INFO GPL-0108] Timing-driven: repair_design, gpl delta gcells: 3190 (+22.17%)
[INFO GPL-0109] Timing-driven: repair_design, gcells created: 3471, deleted: 281
[INFO GPL-0110] Timing-driven: new target density: 0.6656385
Iteration | Overflow |     HPWL (um) |  HPWL(%) |   Penalty | Group
---------------------------------------------------------------
      280 |   0.5999 |  4.864158e+05 |  +25.89% |  6.63e-10 |      
[INFO GPL-0038] Routability snapshot saved at iter = 281
      280 |   0.5999 |  4.864158e+05 |          |           |      
      290 |   0.5908 |  4.838025e+05 |   -0.54% |  1.08e-09 |      
      300 |   0.5578 |  5.011447e+05 |   +3.58% |  1.75e-09 |      
      310 |   0.5145 |  5.086696e+05 |   +1.50% |  2.85e-09 |      
      320 |   0.4834 |  5.113263e+05 |   +0.52% |  4.65e-09 |      
      330 |   0.4464 |  5.182195e+05 |   +1.35% |  7.56e-09 |      
      340 |   0.4041 |  5.180658e+05 |   -0.03% |  1.23e-08 |      
      350 |   0.3677 |  5.171957e+05 |   -0.17% |  2.01e-08 |      
      360 |   0.3232 |  5.181615e+05 |   +0.19% |  3.11e-08 |      
[INFO GPL-0040] Routability iteration: 1
[WARNING GRT-0281] Net clk has a large fanout of 2569 terminals.
[INFO GPL-0041] Total routing overflow: 19.5381
[INFO GPL-0042] Number of overflowed tiles: 256 (2.96%)
[INFO GPL-0043] Average top 0.5% routing congestion: 1.2065
[INFO GPL-0044] Average top 1.0% routing congestion: 1.1585
[INFO GPL-0045] Average top 2.0% routing congestion: 1.1064
[INFO GPL-0046] Average top 5.0% routing congestion: 1.0352
[INFO GPL-0047] Routability iteration weighted routing congestion: 1.1825
[INFO GPL-0048] Routing congestion (1.1825) lower than previous minimum (1e+30). Updating minimum.
[INFO GPL-0086] Inflated area:                2702.878 um^2 (+1.34%)
[INFO GPL-0052] Placement target density:       0.6656
[INFO GPL-0076] Removing fillers, count: Before: 5378, After: 5166 (-3.94%)
[INFO GPL-0077] Filler area (um^2)     : Before: 68382.093, After: 65676.691 (-3.96%)
[INFO GPL-0078] Removed fillers count: 212, area removed: 2695.211 um^2. Remaining area to be compensated by modifying density: 7.667 um^2
[INFO GPL-0058] White space area:           406252.128 um^2 (+0.00%)
[INFO GPL-0059] Movable instances area:     270417.052 um^2 (+0.00%)
[INFO GPL-0060] Total filler area:           65676.691 um^2 (-3.96%)
[INFO GPL-0061] Total non-inflated area:    270414.537 um^2 (-0.00%)
[INFO GPL-0062] Total inflated area:        273117.415 um^2 (-0.00%)
[INFO GPL-0063] New Target Density:             0.6656
[INFO GPL-0087] Routability end iteration: increase inflation and revert back to snapshot.
Iteration | Overflow |     HPWL (um) |  HPWL(%) |   Penalty | Group
---------------------------------------------------------------
      370 |   0.5966 |  4.918511e+05 |   -5.08% |  7.23e-10 |      
      380 |   0.5904 |  4.871737e+05 |   -0.95% |  1.06e-09 |      
      390 |   0.5610 |  5.025904e+05 |   +3.16% |  1.57e-09 |      
      400 |   0.5282 |  5.076321e+05 |   +1.00% |  2.31e-09 |      
      410 |   0.5056 |  5.080228e+05 |   +0.08% |  3.40e-09 |      
      420 |   0.4759 |  5.140799e+05 |   +1.19% |  5.00e-09 |      
      430 |   0.4437 |  5.152820e+05 |   +0.23% |  7.37e-09 |      
      440 |   0.4160 |  5.149765e+05 |   -0.06% |  1.09e-08 |      
      450 |   0.3815 |  5.165917e+05 |   +0.31% |  1.60e-08 |      
      460 |   0.3494 |  5.164275e+05 |   -0.03% |  2.35e-08 |      
      470 |   0.3173 |  5.187671e+05 |   +0.45% |  3.47e-08 |      
[INFO GPL-0040] Routability iteration: 2
[INFO GPL-0041] Total routing overflow: 10.2557
[INFO GPL-0042] Number of overflowed tiles: 141 (1.63%)
[INFO GPL-0043] Average top 0.5% routing congestion: 1.1453
[INFO GPL-0044] Average top 1.0% routing congestion: 1.1055
[INFO GPL-0045] Average top 2.0% routing congestion: 1.0579
[INFO GPL-0046] Average top 5.0% routing congestion: 0.9905
[INFO GPL-0047] Routability iteration weighted routing congestion: 1.1254
[INFO GPL-0048] Routing congestion (1.1254) lower than previous minimum (1.183). Updating minimum.
[INFO GPL-0086] Inflated area:                1406.723 um^2 (+0.69%)
[INFO GPL-0052] Placement target density:       0.6656
[INFO GPL-0076] Removing fillers, count: Before: 5166, After: 5056 (-2.13%)
[INFO GPL-0077] Filler area (um^2)     : Before: 65676.691, After: 64278.232 (-2.13%)
[INFO GPL-0078] Removed fillers count: 110, area removed: 1398.458 um^2. Remaining area to be compensated by modifying density: 8.265 um^2
[INFO GPL-0058] White space area:           406252.128 um^2 (+0.00%)
[INFO GPL-0059] Movable instances area:     270417.052 um^2 (+0.00%)
[INFO GPL-0060] Total filler area:           64278.232 um^2 (-2.13%)
[INFO GPL-0061] Total non-inflated area:    270422.801 um^2 (+0.00%)
[INFO GPL-0062] Total inflated area:        271829.524 um^2 (+0.00%)
[INFO GPL-0063] New Target Density:             0.6656
[INFO GPL-0087] Routability end iteration: increase inflation and revert back to snapshot.
Iteration | Overflow |     HPWL (um) |  HPWL(%) |   Penalty | Group
---------------------------------------------------------------
      480 |   0.5938 |  4.906450e+05 |   -5.42% |  8.12e-10 |      
      490 |   0.5851 |  4.937358e+05 |   +0.63% |  1.20e-09 |      
      500 |   0.5526 |  5.063845e+05 |   +2.56% |  1.76e-09 |      
      510 |   0.5192 |  5.097032e+05 |   +0.66% |  2.59e-09 |      
      520 |   0.4966 |  5.125588e+05 |   +0.56% |  3.81e-09 |      
      530 |   0.4659 |  5.169160e+05 |   +0.85% |  5.62e-09 |      
      540 |   0.4345 |  5.179506e+05 |   +0.20% |  8.27e-09 |      
      550 |   0.4081 |  5.178165e+05 |   -0.03% |  1.22e-08 |      
      560 |   0.3706 |  5.191635e+05 |   +0.26% |  1.80e-08 |      
      570 |   0.3412 |  5.200060e+05 |   +0.16% |  2.64e-08 |      
      580 |   0.3051 |  5.222014e+05 |   +0.42% |  3.90e-08 |      
[INFO GPL-0040] Routability iteration: 3
[INFO GPL-0041] Total routing overflow: 8.1050
[INFO GPL-0042] Number of overflowed tiles: 128 (1.48%)
[INFO GPL-0043] Average top 0.5% routing congestion: 1.1161
[INFO GPL-0044] Average top 1.0% routing congestion: 1.0846
[INFO GPL-0045] Average top 2.0% routing congestion: 1.0439
[INFO GPL-0046] Average top 5.0% routing congestion: 0.9816
[INFO GPL-0047] Routability iteration weighted routing congestion: 1.1004
[INFO GPL-0048] Routing congestion (1.1004) lower than previous minimum (1.125). Updating minimum.
[INFO GPL-0086] Inflated area:                 976.398 um^2 (+0.47%)
[INFO GPL-0052] Placement target density:       0.6656
[INFO GPL-0076] Removing fillers, count: Before: 5056, After: 4980 (-1.50%)
[INFO GPL-0077] Filler area (um^2)     : Before: 64278.232, After: 63312.025 (-1.50%)
[INFO GPL-0078] Removed fillers count: 76, area removed: 966.208 um^2. Remaining area to be compensated by modifying density: 10.190 um^2
[INFO GPL-0058] White space area:           406252.128 um^2 (+0.00%)
[INFO GPL-0059] Movable instances area:     270417.052 um^2 (+0.00%)
[INFO GPL-0060] Total filler area:           63312.025 um^2 (-1.50%)
[INFO GPL-0061] Total non-inflated area:    270432.992 um^2 (+0.00%)
[INFO GPL-0062] Total inflated area:        271409.390 um^2 (+0.00%)
[INFO GPL-0063] New Target Density:             0.6656
[INFO GPL-0087] Routability end iteration: increase inflation and revert back to snapshot.
Iteration | Overflow |     HPWL (um) |  HPWL(%) |   Penalty | Group
---------------------------------------------------------------
      590 |   0.5936 |  4.880265e+05 |   -6.54% |  9.12e-10 |      
      600 |   0.5747 |  5.002387e+05 |   +2.50% |  1.34e-09 |      
      610 |   0.5421 |  5.094402e+05 |   +1.84% |  1.98e-09 |      
      620 |   0.5117 |  5.114659e+05 |   +0.40% |  2.91e-09 |      
      630 |   0.4877 |  5.163409e+05 |   +0.95% |  4.28e-09 |      
      640 |   0.4556 |  5.185228e+05 |   +0.42% |  6.31e-09 |      
      650 |   0.4278 |  5.192949e+05 |   +0.15% |  9.29e-09 |      
      660 |   0.3988 |  5.196683e+05 |   +0.07% |  1.37e-08 |      
      670 |   0.3600 |  5.209132e+05 |   +0.24% |  2.02e-08 |      
      680 |   0.3313 |  5.225625e+05 |   +0.32% |  2.97e-08 |      
[INFO GPL-0040] Routability iteration: 4
[INFO GPL-0041] Total routing overflow: 6.6754
[INFO GPL-0042] Number of overflowed tiles: 112 (1.29%)
[INFO GPL-0043] Average top 0.5% routing congestion: 1.1014
[INFO GPL-0044] Average top 1.0% routing congestion: 1.0723
[INFO GPL-0045] Average top 2.0% routing congestion: 1.0339
[INFO GPL-0046] Average top 5.0% routing congestion: 0.9775
[INFO GPL-0047] Routability iteration weighted routing congestion: 1.0869
[INFO GPL-0048] Routing congestion (1.0869) lower than previous minimum (1.1). Updating minimum.
[INFO GPL-0086] Inflated area:                 824.333 um^2 (+0.40%)
[INFO GPL-0052] Placement target density:       0.6656
[INFO GPL-0076] Removing fillers, count: Before: 4980, After: 4916 (-1.29%)
[INFO GPL-0077] Filler area (um^2)     : Before: 63312.025, After: 62498.376 (-1.29%)
[INFO GPL-0078] Removed fillers count: 64, area removed: 813.649 um^2. Remaining area to be compensated by modifying density: 10.685 um^2
[INFO GPL-0058] White space area:           406252.128 um^2 (+0.00%)
[INFO GPL-0059] Movable instances area:     270417.052 um^2 (+0.00%)
[INFO GPL-0060] Total filler area:           62498.376 um^2 (-1.29%)
[INFO GPL-0061] Total non-inflated area:    270443.676 um^2 (+0.00%)
[INFO GPL-0062] Total inflated area:        271268.009 um^2 (+0.00%)
[INFO GPL-0063] New Target Density:             0.6656
[INFO GPL-0087] Routability end iteration: increase inflation and revert back to snapshot.
Iteration | Overflow |     HPWL (um) |  HPWL(%) |   Penalty | Group
---------------------------------------------------------------
      690 |   0.6044 |  4.900005e+05 |   -6.23% |  6.95e-10 |      
      700 |   0.5923 |  4.890715e+05 |   -0.19% |  1.02e-09 |      
      710 |   0.5637 |  5.053818e+05 |   +3.33% |  1.51e-09 |      
      720 |   0.5305 |  5.117953e+05 |   +1.27% |  2.22e-09 |      
      730 |   0.5064 |  5.135797e+05 |   +0.35% |  3.27e-09 |      
      740 |   0.4791 |  5.189074e+05 |   +1.04% |  4.81e-09 |      
      750 |   0.4453 |  5.204336e+05 |   +0.29% |  7.09e-09 |      
      760 |   0.4194 |  5.202976e+05 |   -0.03% |  1.04e-08 |      
      770 |   0.3855 |  5.217966e+05 |   +0.29% |  1.54e-08 |      
      780 |   0.3529 |  5.225067e+05 |   +0.14% |  2.26e-08 |      
      790 |   0.3211 |  5.248020e+05 |   +0.44% |  3.34e-08 |      
[INFO GPL-0040] Routability iteration: 5
[INFO GPL-0041] Total routing overflow: 6.1386
[INFO GPL-0042] Number of overflowed tiles: 120 (1.39%)
[INFO GPL-0043] Average top 0.5% routing congestion: 1.0971
[INFO GPL-0044] Average top 1.0% routing congestion: 1.0677
[INFO GPL-0045] Average top 2.0% routing congestion: 1.0311
[INFO GPL-0046] Average top 5.0% routing congestion: 0.9746
[INFO GPL-0047] Routability iteration weighted routing congestion: 1.0824
[INFO GPL-0048] Routing congestion (1.0824) lower than previous minimum (1.087). Updating minimum.
[INFO GPL-0086] Inflated area:                 828.789 um^2 (+0.40%)
[INFO GPL-0052] Placement target density:       0.6656
[INFO GPL-0076] Removing fillers, count: Before: 4916, After: 4851 (-1.32%)
[INFO GPL-0077] Filler area (um^2)     : Before: 62498.376, After: 61672.015 (-1.32%)
[INFO GPL-0078] Removed fillers count: 65, area removed: 826.362 um^2. Remaining area to be compensated by modifying density: 2.428 um^2
[INFO GPL-0058] White space area:           406252.128 um^2 (+0.00%)
[INFO GPL-0059] Movable instances area:     270417.052 um^2 (+0.00%)
[INFO GPL-0060] Total filler area:           61672.015 um^2 (-1.32%)
[INFO GPL-0061] Total non-inflated area:    270446.104 um^2 (+0.00%)
[INFO GPL-0062] Total inflated area:        271274.893 um^2 (+0.00%)
[INFO GPL-0063] New Target Density:             0.6656
[INFO GPL-0087] Routability end iteration: increase inflation and revert back to snapshot.
Iteration | Overflow |     HPWL (um) |  HPWL(%) |   Penalty | Group
---------------------------------------------------------------
      800 |   0.5976 |  4.924913e+05 |   -6.16% |  7.81e-10 |      
      810 |   0.5875 |  4.946816e+05 |   +0.44% |  1.15e-09 |      
      820 |   0.5539 |  5.095218e+05 |   +3.00% |  1.69e-09 |      
      830 |   0.5219 |  5.138357e+05 |   +0.85% |  2.49e-09 |      
      840 |   0.4994 |  5.167967e+05 |   +0.58% |  3.67e-09 |      
      850 |   0.4688 |  5.211624e+05 |   +0.84% |  5.40e-09 |      
      860 |   0.4370 |  5.218328e+05 |   +0.13% |  7.96e-09 |      
      870 |   0.4101 |  5.223478e+05 |   +0.10% |  1.17e-08 |      
      880 |   0.3734 |  5.236352e+05 |   +0.25% |  1.73e-08 |      
      890 |   0.3424 |  5.246678e+05 |   +0.20% |  2.54e-08 |      
      900 |   0.3096 |  5.268155e+05 |   +0.41% |  3.75e-08 |      
[INFO GPL-0040] Routability iteration: 6
[INFO GPL-0041] Total routing overflow: 5.3472
[INFO GPL-0042] Number of overflowed tiles: 107 (1.24%)
[INFO GPL-0043] Average top 0.5% routing congestion: 1.0923
[INFO GPL-0044] Average top 1.0% routing congestion: 1.0603
[INFO GPL-0045] Average top 2.0% routing congestion: 1.0253
[INFO GPL-0046] Average top 5.0% routing congestion: 0.9723
[INFO GPL-0047] Routability iteration weighted routing congestion: 1.0763
[INFO GPL-0048] Routing congestion (1.0763) lower than previous minimum (1.082). Updating minimum.
[INFO GPL-0086] Inflated area:                 714.134 um^2 (+0.34%)
[INFO GPL-0052] Placement target density:       0.6656
[INFO GPL-0076] Removing fillers, count: Before: 4851, After: 4795 (-1.15%)
[INFO GPL-0077] Filler area (um^2)     : Before: 61672.015, After: 60960.072 (-1.15%)
[INFO GPL-0078] Removed fillers count: 56, area removed: 711.942 um^2. Remaining area to be compensated by modifying density: 2.192 um^2
[INFO GPL-0058] White space area:           406252.128 um^2 (+0.00%)
[INFO GPL-0059] Movable instances area:     270417.052 um^2 (+0.00%)
[INFO GPL-0060] Total filler area:           60960.072 um^2 (-1.15%)
[INFO GPL-0061] Total non-inflated area:    270448.296 um^2 (+0.00%)
[INFO GPL-0062] Total inflated area:        271162.430 um^2 (+0.00%)
[INFO GPL-0063] New Target Density:             0.6656
[INFO GPL-0087] Routability end iteration: increase inflation and revert back to snapshot.
Iteration | Overflow |     HPWL (um) |  HPWL(%) |   Penalty | Group
---------------------------------------------------------------
      910 |   0.5952 |  4.908552e+05 |   -6.83% |  8.77e-10 |      
      920 |   0.5782 |  5.010258e+05 |   +2.07% |  1.29e-09 |      
      930 |   0.5447 |  5.120927e+05 |   +2.21% |  1.90e-09 |      
      940 |   0.5131 |  5.154115e+05 |   +0.65% |  2.80e-09 |      
      950 |   0.4897 |  5.199279e+05 |   +0.88% |  4.12e-09 |      
      960 |   0.4579 |  5.225447e+05 |   +0.50% |  6.07e-09 |      
      970 |   0.4306 |  5.230812e+05 |   +0.10% |  8.94e-09 |      
      980 |   0.4010 |  5.242765e+05 |   +0.23% |  1.32e-08 |      
      990 |   0.3644 |  5.251259e+05 |   +0.16% |  1.94e-08 |      
     1000 |   0.3341 |  5.266596e+05 |   +0.29% |  2.86e-08 |      
     1010 |   0.2985 |  5.280359e+05 |   +0.26% |  4.21e-08 |      
[INFO GPL-0040] Routability iteration: 7
[INFO GPL-0041] Total routing overflow: 5.1617
[INFO GPL-0042] Number of overflowed tiles: 105 (1.21%)
[INFO GPL-0043] Average top 0.5% routing congestion: 1.0885
[INFO GPL-0044] Average top 1.0% routing congestion: 1.0585
[INFO GPL-0045] Average top 2.0% routing congestion: 1.0230
[INFO GPL-0046] Average top 5.0% routing congestion: 0.9708
[INFO GPL-0047] Routability iteration weighted routing congestion: 1.0735
[INFO GPL-0048] Routing congestion (1.0735) lower than previous minimum (1.076). Updating minimum.
[INFO GPL-0086] Inflated area:                 649.004 um^2 (+0.31%)
[INFO GPL-0052] Placement target density:       0.6656
[INFO GPL-0076] Removing fillers, count: Before: 4795, After: 4744 (-1.06%)
[INFO GPL-0077] Filler area (um^2)     : Before: 60960.072, After: 60311.696 (-1.06%)
[INFO GPL-0078] Removed fillers count: 51, area removed: 648.376 um^2. Remaining area to be compensated by modifying density: 0.628 um^2
[INFO GPL-0058] White space area:           406252.128 um^2 (+0.00%)
[INFO GPL-0059] Movable instances area:     270417.052 um^2 (+0.00%)
[INFO GPL-0060] Total filler area:           60311.696 um^2 (-1.06%)
[INFO GPL-0061] Total non-inflated area:    270448.924 um^2 (+0.00%)
[INFO GPL-0062] Total inflated area:        271097.928 um^2 (+0.00%)
[INFO GPL-0063] New Target Density:             0.6656
[INFO GPL-0087] Routability end iteration: increase inflation and revert back to snapshot.
Iteration | Overflow |     HPWL (um) |  HPWL(%) |   Penalty | Group
---------------------------------------------------------------
     1020 |   0.5945 |  4.908092e+05 |   -7.05% |  9.85e-10 |      
     1030 |   0.5676 |  5.071476e+05 |   +3.33% |  1.45e-09 |      
     1040 |   0.5343 |  5.148331e+05 |   +1.52% |  2.13e-09 |      
     1050 |   0.5086 |  5.174732e+05 |   +0.51% |  3.14e-09 |      
     1060 |   0.4812 |  5.226022e+05 |   +0.99% |  4.63e-09 |      
     1070 |   0.4497 |  5.240491e+05 |   +0.28% |  6.82e-09 |      
     1080 |   0.4229 |  5.241661e+05 |   +0.02% |  1.00e-08 |      
     1090 |   0.3900 |  5.259899e+05 |   +0.35% |  1.48e-08 |      
     1100 |   0.3548 |  5.265877e+05 |   +0.11% |  2.18e-08 |      
     1110 |   0.3227 |  5.283226e+05 |   +0.33% |  3.21e-08 |      
[INFO GPL-0040] Routability iteration: 8
[INFO GPL-0041] Total routing overflow: 5.4435
[INFO GPL-0042] Number of overflowed tiles: 113 (1.31%)
[INFO GPL-0043] Average top 0.5% routing congestion: 1.0883
[INFO GPL-0044] Average top 1.0% routing congestion: 1.0603
[INFO GPL-0045] Average top 2.0% routing congestion: 1.0265
[INFO GPL-0046] Average top 5.0% routing congestion: 0.9715
[INFO GPL-0047] Routability iteration weighted routing congestion: 1.0743
[INFO GPL-0049] Routing congestion (1.0743) higher than minimum (1.0735). Consecutive non-improvement count: 1.
[INFO GPL-0086] Inflated area:                 697.941 um^2 (+0.33%)
[INFO GPL-0052] Placement target density:       0.6656
[INFO GPL-0076] Removing fillers, count: Before: 4744, After: 4690 (-1.14%)
[INFO GPL-0077] Filler area (um^2)     : Before: 60311.696, After: 59625.180 (-1.14%)
[INFO GPL-0078] Removed fillers count: 54, area removed: 686.516 um^2. Remaining area to be compensated by modifying density: 11.425 um^2
[INFO GPL-0058] White space area:           406252.128 um^2 (+0.00%)
[INFO GPL-0059] Movable instances area:     270417.052 um^2 (+0.00%)
[INFO GPL-0060] Total filler area:           59625.180 um^2 (-1.14%)
[INFO GPL-0061] Total non-inflated area:    270460.349 um^2 (+0.00%)
[INFO GPL-0062] Total inflated area:        271158.291 um^2 (+0.00%)
[INFO GPL-0063] New Target Density:             0.6656
[INFO GPL-0087] Routability end iteration: increase inflation and revert back to snapshot.
Iteration | Overflow |     HPWL (um) |  HPWL(%) |   Penalty | Group
---------------------------------------------------------------
     1120 |   0.6022 |  4.926694e+05 |   -6.75% |  7.51e-10 |      
     1130 |   0.5894 |  4.952055e+05 |   +0.51% |  1.11e-09 |      
     1140 |   0.5571 |  5.116598e+05 |   +3.32% |  1.63e-09 |      
     1150 |   0.5255 |  5.169627e+05 |   +1.04% |  2.40e-09 |      
     1160 |   0.5014 |  5.204218e+05 |   +0.67% |  3.53e-09 |      
     1170 |   0.4724 |  5.240819e+05 |   +0.70% |  5.20e-09 |      
     1180 |   0.4390 |  5.257399e+05 |   +0.32% |  7.65e-09 |      
     1190 |   0.4140 |  5.262524e+05 |   +0.10% |  1.13e-08 |      
     1200 |   0.3797 |  5.277948e+05 |   +0.29% |  1.66e-08 |      
     1210 |   0.3457 |  5.284435e+05 |   +0.12% |  2.45e-08 |      
     1220 |   0.3123 |  5.299453e+05 |   +0.28% |  3.60e-08 |      
[INFO GPL-0040] Routability iteration: 9
[INFO GPL-0041] Total routing overflow: 5.3861
[INFO GPL-0042] Number of overflowed tiles: 111 (1.28%)
[INFO GPL-0043] Average top 0.5% routing congestion: 1.0900
[INFO GPL-0044] Average top 1.0% routing congestion: 1.0601
[INFO GPL-0045] Average top 2.0% routing congestion: 1.0255
[INFO GPL-0046] Average top 5.0% routing congestion: 0.9720
[INFO GPL-0047] Routability iteration weighted routing congestion: 1.0750
[INFO GPL-0049] Routing congestion (1.0750) higher than minimum (1.0735). Consecutive non-improvement count: 2.
[INFO GPL-0086] Inflated area:                 676.808 um^2 (+0.32%)
[INFO GPL-0052] Placement target density:       0.6656
[INFO GPL-0076] Removing fillers, count: Before: 4690, After: 4637 (-1.13%)
[INFO GPL-0077] Filler area (um^2)     : Before: 59625.180, After: 58951.377 (-1.13%)
[INFO GPL-0078] Removed fillers count: 53, area removed: 673.803 um^2. Remaining area to be compensated by modifying density: 3.006 um^2
[INFO GPL-0058] White space area:           406252.128 um^2 (+0.00%)
[INFO GPL-0059] Movable instances area:     270417.052 um^2 (+0.00%)
[INFO GPL-0060] Total filler area:           58951.377 um^2 (-1.13%)
[INFO GPL-0061] Total non-inflated area:    270463.355 um^2 (+0.00%)
[INFO GPL-0062] Total inflated area:        271140.163 um^2 (+0.00%)
[INFO GPL-0063] New Target Density:             0.6656
[INFO GPL-0087] Routability end iteration: increase inflation and revert back to snapshot.
Iteration | Overflow |     HPWL (um) |  HPWL(%) |   Penalty | Group
---------------------------------------------------------------
     1230 |   0.5974 |  4.936978e+05 |   -6.84% |  8.44e-10 |      
     1240 |   0.5819 |  5.015638e+05 |   +1.59% |  1.24e-09 |      
     1250 |   0.5481 |  5.150477e+05 |   +2.69% |  1.83e-09 |      
     1260 |   0.5170 |  5.190276e+05 |   +0.77% |  2.69e-09 |      
     1270 |   0.4931 |  5.235074e+05 |   +0.86% |  3.96e-09 |      
     1280 |   0.4625 |  5.259015e+05 |   +0.46% |  5.84e-09 |      
     1290 |   0.4330 |  5.270753e+05 |   +0.22% |  8.60e-09 |      
     1300 |   0.4038 |  5.282426e+05 |   +0.22% |  1.27e-08 |      
     1310 |   0.3679 |  5.296024e+05 |   +0.26% |  1.87e-08 |      
     1320 |   0.3362 |  5.303667e+05 |   +0.14% |  2.75e-08 |      
     1330 |   0.3018 |  5.316578e+05 |   +0.24% |  4.05e-08 |      
[INFO GPL-0040] Routability iteration: 10
[INFO GPL-0041] Total routing overflow: 5.4754
[INFO GPL-0042] Number of overflowed tiles: 98 (1.13%)
[INFO GPL-0043] Average top 0.5% routing congestion: 1.0974
[INFO GPL-0044] Average top 1.0% routing congestion: 1.0625
[INFO GPL-0045] Average top 2.0% routing congestion: 1.0231
[INFO GPL-0046] Average top 5.0% routing congestion: 0.9685
[INFO GPL-0047] Routability iteration weighted routing congestion: 1.0799
[INFO GPL-0049] Routing congestion (1.0799) higher than minimum (1.0735). Consecutive non-improvement count: 3.
[INFO GPL-0086] Inflated area:                 727.662 um^2 (+0.34%)
[INFO GPL-0052] Placement target density:       0.6656
[INFO GPL-0076] Removing fillers, count: Before: 4637, After: 4580 (-1.23%)
[INFO GPL-0077] Filler area (um^2)     : Before: 58951.377, After: 58226.722 (-1.23%)
[INFO GPL-0078] Removed fillers count: 57, area removed: 724.656 um^2. Remaining area to be compensated by modifying density: 3.006 um^2
[INFO GPL-0054] No improvement in routing congestion for 3 consecutive iterations (limit is 3).
[INFO GPL-0055] Reverting inflation values and target density from the iteration with minimum observed routing congestion.
[INFO GPL-0056] Minimum observed routing congestion: 1.0735
[INFO GPL-0057] Target density at minimum routing congestion: 0.6656
[INFO GPL-0080] Restoring 215 previously removed fillers.
[INFO GPL-0081] Number of fillers before restoration 4580 and after 4795 . Relative change: +4.69%%
[INFO GPL-0082] Total filler area before restoration 58226.72 and after 60960.07 (um^2). Relative change: +4.69%%
[INFO GPL-0089] Routability finished. Reverting to minimal observed routing congestion, could not reach target.
Iteration | Overflow |     HPWL (um) |  HPWL(%) |   Penalty | Group
---------------------------------------------------------------
     1340 |   0.5914 |  4.876989e+05 |   -8.27% |  9.48e-10 |      
     1350 |   0.5688 |  5.028511e+05 |   +3.11% |  1.39e-09 |      
     1360 |   0.5343 |  5.115532e+05 |   +1.73% |  2.05e-09 |      
     1370 |   0.5075 |  5.144974e+05 |   +0.58% |  3.02e-09 |      
     1380 |   0.4816 |  5.198284e+05 |   +1.04% |  4.45e-09 |      
     1390 |   0.4509 |  5.221723e+05 |   +0.45% |  6.56e-09 |      
     1400 |   0.4240 |  5.222802e+05 |   +0.02% |  9.66e-09 |      
     1410 |   0.3915 |  5.237975e+05 |   +0.29% |  1.42e-08 |      
     1420 |   0.3561 |  5.249684e+05 |   +0.22% |  2.10e-08 |      
     1430 |   0.3252 |  5.267086e+05 |   +0.33% |  3.09e-08 |      
     1440 |   0.2900 |  5.278005e+05 |   +0.21% |  4.55e-08 |      
     1450 |   0.2552 |  5.290202e+05 |   +0.23% |  6.70e-08 |      
     1460 |   0.2217 |  5.312560e+05 |   +0.42% |  9.86e-08 |      
[INFO GPL-0100] Timing-driven iteration 2/2, virtual: false.
[INFO GPL-0101]    Iter: 1470, overflow: 0.194, keep resizer changes at: 1, HPWL: 532081204
Iteration |   Area    | Resized | Buffers | Nets repaired | Remaining
---------------------------------------------------------------------
        0 |     +0.0% |       0 |       0 |             0 |     18426
    final |     +0.0% |       0 |       3 |             3 |         0
---------------------------------------------------------------------
[INFO RSZ-0034] Found 3 slew violations.
[INFO RSZ-0036] Found 2 capacitance violations.
[INFO RSZ-0038] Inserted 3 buffers in 3 nets.
   Iter   |    Area   | Removed | Inserted |   Pins
          |           | Buffers | Buffers  | Remaining
-------------------------------------------------------
        0 |     +0.0% |       0 |        0 |     14719
     1400 |     +0.1% |     367 |      387 |     13319
     2800 |     -0.0% |     451 |      453 |     11919
     4200 |     -0.1% |     563 |      563 |     10519
     5600 |     -0.0% |     610 |      620 |      9119
     7000 |     +0.2% |     726 |      807 |      7719
     8400 |     +0.3% |     756 |      845 |      6319
     9800 |     +0.5% |     973 |     1099 |      4919
    11200 |     +0.6% |    1111 |     1267 |      3519
    12600 |     +1.1% |    1652 |     1915 |      2119
    14000 |     +0.8% |    2995 |     3185 |       719
    final |     +0.9% |    3193 |     3396 |         0
-------------------------------------------------------
[INFO GPL-0106] Timing-driven: worst slack -2.8531622e-09
[INFO GPL-0107] Timing-driven: repair_design delta area: 862.208 um^2 (+0.41%)
[INFO GPL-0108] Timing-driven: repair_design, gpl delta gcells: 206 (+1.17%)
[INFO GPL-0109] Timing-driven: repair_design, gcells created: 3399, deleted: 3193
[INFO GPL-0110] Timing-driven: new target density: 0.67281926
Iteration | Overflow |     HPWL (um) |  HPWL(%) |   Penalty | Group
---------------------------------------------------------------
     1470 |   0.2011 |  5.717420e+05 |   +7.62% |  1.45e-07 |      
     1480 |   0.1656 |  5.629740e+05 |   -1.53% |  2.13e-07 |      
     1490 |   0.1403 |  5.583357e+05 |   -0.82% |  3.14e-07 |      
     1500 |   0.1201 |  5.576573e+05 |   -0.12% |  4.63e-07 |      
     1510 |   0.0993 |  5.570995e+05 |   -0.10% |  6.82e-07 |      
     1510 |   0.0993 |  5.570995e+05 |          |  7.09e-07 |      
---------------------------------------------------------------
[INFO GPL-1001] Global placement finished at iteration 1510
[INFO GPL-1017] Routability mode iteration count: 1147
[INFO GPL-1005] Routability final weighted congestion: 1.0707
[INFO GPL-1002] Placed Cell Area            210350.4322
[INFO GPL-1003] Available Free Area         406252.1280
[INFO GPL-1004] Minimum Feasible Density        0.4400 (cell_area / free_area)
[INFO GPL-1006]   Suggested Target Densities:
[INFO GPL-1007]     - For 90% usage of free space: 0.5753
[INFO GPL-1008]     - For 80% usage of free space: 0.6472
[INFO GPL-1011] Original area (um^2): 175369.20
[INFO GPL-1012] Total routability artificial inflation: 7453.26 (+4.25%)
[INFO GPL-1013] Total timing-driven delta area: 27527.98 (+15.70%)
[INFO GPL-1014] Final placement area: 210350.43 (+19.95%)
Took 21 seconds: global_placement -density 0.6 -pad_left 0 -pad_right 0 -routability_driven -timing_driven -force_center_initial_place -min_phi_coef 0.95 -max_phi_coef 1.05
estimate_parasitics -placement
Report metrics stage 3, global place...

==========================================================================
global place report_design_area
--------------------------------------------------------------------------
Design area 204248 um^2 49% utilization.
write_db ./results/sky130hd/chia_sha256_benchmark_corrupted/slot1/3_3_place_gp.odb
Log                       Ext     Elapsed/s Peak Memory/MB sha1sum result [0:20)
3_3_place_gp              .odb           24            496 977a5f52adf0a711fd02
/root/OpenROAD-flow-scripts/flow/scripts/flow.sh 3_4_place_resized resize
Running resize.tcl, stage 3_4_place_resized
read_liberty /root/OpenROAD-flow-scripts/flow/platforms/sky130hd/lib/sky130_fd_sc_hd__tt_025C_1v80.lib
read_db ./results/sky130hd/chia_sha256_benchmark_corrupted/slot1/3_3_place_gp.odb
read_sdc ./results/sky130hd/chia_sha256_benchmark_corrupted/slot1/2_floorplan.sdc
source /root/OpenROAD-flow-scripts/flow/platforms/sky130hd/setRC.tcl
estimate_parasitics -placement
Perform buffer insertion and gate resizing...
repair_design -verbose -match_cell_footprint
Iteration |   Area    | Resized | Buffers | Nets repaired | Remaining
---------------------------------------------------------------------
        0 |     +0.0% |       0 |       0 |             0 |     18632
     1000 |     +0.0% |       0 |       0 |             0 |     17632
     2000 |     +0.0% |       0 |       0 |             0 |     16632
     3000 |     +0.0% |       0 |       0 |             0 |     15632
     4000 |     +0.0% |       0 |       0 |             0 |     14632
     5000 |     +0.0% |       0 |       0 |             0 |     13632
     6000 |     +0.0% |       0 |       0 |             0 |     12632
     7000 |     +0.0% |       0 |       0 |             0 |     11632
     8000 |     +0.0% |       0 |       0 |             0 |     10632
     9000 |     +0.0% |       0 |       0 |             0 |      9632
    10000 |     +0.0% |       0 |       0 |             0 |      8632
    11000 |     +0.0% |       0 |       0 |             0 |      7632
    12000 |     +0.0% |       0 |       0 |             0 |      6632
    13000 |     +0.0% |       0 |       0 |             0 |      5632
    14000 |     +0.0% |       0 |       0 |             0 |      4632
    15000 |     +0.0% |       0 |       0 |             0 |      3632
    16000 |     +0.0% |       0 |       0 |             0 |      2632
    17000 |     +0.0% |       0 |       0 |             0 |      1632
    18000 |     +0.0% |       0 |       0 |             0 |       632
    final |     +0.0% |       0 |       0 |             0 |         0
---------------------------------------------------------------------
[INFO RSZ-0504] Runtime: 0.79s
Repair setup and hold violations...
estimate_parasitics -placement
repair_timing -repair_tns 100 -match_cell_footprint -verbose
[INFO RSZ-0100] Repair move sequence: UnbufferMove SizeUpMove SwapPinsMove BufferMove CloneMove SplitLoadMove 
[INFO RSZ-0094] Found 108 endpoints with setup violations.
[INFO RSZ-0099] Repairing 108 out of 108 (100.00%) violating endpoints...
   Iter   | Removed | Resized | Inserted | Cloned |  Pin  |   Area   |    WNS   |   StTNS    |   EnTNS    |  Viol  |  Worst  
          | Buffers |  Gates  | Buffers  |  Gates | Swaps |          |          |            |            | Endpts | St/EnPt 
------------------------------------------------------------------------------------------------------------------------------
       0* |       0 |       0 |        0 |      0 |     0 |    +0.0% |   -3.396 |    -3603.8 |     -207.6 |    108 | digest\[255\]$_DFFE_PN0P_/D
      10* |       0 |       9 |        0 |      0 |     0 |    +0.0% |   -3.054 |    -3577.6 |     -180.3 |    108 | digest\[255\]$_DFFE_PN0P_/D
      20* |       0 |      16 |        5 |      1 |     1 |    +0.1% |   -2.928 |    -3375.9 |     -172.6 |    108 | digest\[253\]$_DFFE_PN0P_/D
      30* |       0 |      25 |        5 |      2 |     1 |    +0.1% |   -2.850 |    -3327.3 |     -167.6 |    108 | digest\[253\]$_DFFE_PN0P_/D
      40* |       0 |      30 |        9 |      2 |     4 |    +0.2% |   -2.858 |    -3318.7 |     -166.5 |    108 | digest\[253\]$_DFFE_PN0P_/D
      50* |       0 |      34 |       18 |      3 |     5 |    +0.2% |   -2.761 |    -3191.4 |     -163.0 |    108 | digest\[253\]$_DFFE_PN0P_/D
      60* |       0 |      39 |       18 |      3 |    10 |    +0.2% |   -2.741 |    -3148.1 |     -161.4 |    108 | digest\[255\]$_DFFE_PN0P_/D
      70* |       0 |      46 |       22 |      3 |    12 |    +0.3% |   -2.729 |    -3174.8 |     -161.6 |    108 | digest\[255\]$_DFFE_PN0P_/D
      80* |       0 |      55 |       25 |      3 |    12 |    +0.3% |   -2.714 |    -3140.0 |     -161.1 |    108 | digest\[255\]$_DFFE_PN0P_/D
      90* |       0 |      59 |       25 |      4 |    17 |    +0.3% |   -2.728 |    -3074.3 |     -162.8 |    108 | digest\[255\]$_DFFE_PN0P_/D
     100* |       0 |      64 |       28 |      4 |    20 |    +0.4% |   -2.704 |    -3048.8 |     -161.0 |    108 | digest\[253\]$_DFFE_PN0P_/D
     110* |       0 |      71 |       30 |      4 |    21 |    +0.4% |   -2.708 |    -3107.8 |     -161.5 |    108 | digest\[253\]$_DFFE_PN0P_/D
     120* |       0 |      71 |       33 |      5 |    28 |    +0.4% |   -2.745 |    -3206.3 |     -161.3 |    108 | digest\[253\]$_DFFE_PN0P_/D
     130* |       0 |      80 |       33 |      5 |    29 |    +0.5% |   -2.714 |    -3130.0 |     -160.9 |    108 | digest\[253\]$_DFFE_PN0P_/D
     140* |       0 |      84 |       36 |      7 |    31 |    +0.5% |   -2.735 |    -3142.1 |     -161.0 |    108 | digest\[253\]$_DFFE_PN0P_/D
     150* |       0 |      90 |       37 |     10 |    31 |    +0.6% |   -2.722 |    -3142.1 |     -160.5 |    108 | digest\[253\]$_DFFE_PN0P_/D
     160* |       0 |      97 |       42 |     11 |    31 |    +0.6% |   -2.658 |    -3068.9 |     -159.7 |    108 | digest\[255\]$_DFFE_PN0P_/D
     170* |       0 |      99 |       43 |     11 |    38 |    +0.6% |   -2.755 |    -3260.0 |     -160.7 |    108 | digest\[255\]$_DFFE_PN0P_/D
     180* |       0 |     100 |       52 |     11 |    41 |    +0.7% |   -2.792 |    -3262.2 |     -162.6 |    108 | digest\[255\]$_DFFE_PN0P_/D
     190* |       0 |     107 |       52 |     11 |    44 |    +0.7% |   -2.718 |    -3158.6 |     -161.5 |    108 | digest\[255\]$_DFFE_PN0P_/D
     200* |       0 |     112 |       53 |     12 |    47 |    +0.8% |   -2.696 |    -3129.3 |     -161.1 |    108 | digest\[255\]$_DFFE_PN0P_/D
     210* |       0 |     115 |       56 |     12 |    53 |    +0.8% |   -2.742 |    -3198.5 |     -161.1 |    108 | digest\[255\]$_DFFE_PN0P_/D
     214* |       0 |      98 |       42 |     11 |    34 |    +0.6% |   -2.656 |    -3058.3 |     -159.9 |    108 | digest\[255\]$_DFFE_PN0P_/D
     220* |       0 |     103 |       42 |     11 |    34 |    +0.6% |   -2.646 |    -3042.3 |     -161.6 |    108 | digest\[255\]$_DFFE_PN0P_/D
     230* |       0 |     111 |       42 |     12 |    35 |    +0.7% |   -2.643 |    -3007.6 |     -160.8 |    108 | digest\[255\]$_DFFE_PN0P_/D
     240* |       0 |     118 |       42 |     12 |    38 |    +0.7% |   -2.655 |    -2990.5 |     -161.9 |    108 | digest\[255\]$_DFFE_PN0P_/D
     250* |       0 |     120 |       47 |     12 |    43 |    +0.7% |   -2.630 |    -2972.4 |     -159.7 |    108 | digest\[255\]$_DFFE_PN0P_/D
     260* |       1 |     126 |       49 |     12 |    45 |    +0.8% |   -2.617 |    -2949.4 |     -158.9 |    108 | digest\[255\]$_DFFE_PN0P_/D
     270* |       1 |     131 |       51 |     12 |    48 |    +0.8% |   -2.572 |    -2908.4 |     -155.3 |    108 | digest\[255\]$_DFFE_PN0P_/D
     280* |       1 |     136 |       52 |     12 |    52 |    +0.8% |   -2.553 |    -2881.9 |     -154.3 |    108 | digest\[255\]$_DFFE_PN0P_/D
     290* |       1 |     139 |       52 |     12 |    59 |    +0.8% |   -2.574 |    -2911.8 |     -154.5 |    108 | digest\[255\]$_DFFE_PN0P_/D
     300* |       1 |     144 |       55 |     13 |    60 |    +0.8% |   -2.632 |    -2898.1 |     -159.0 |    108 | digest\[255\]$_DFFE_PN0P_/D
     310* |       1 |     150 |       55 |     13 |    64 |    +0.9% |   -2.555 |    -2867.9 |     -154.4 |    108 | digest\[255\]$_DFFE_PN0P_/D
     320* |       1 |     154 |       57 |     13 |    68 |    +0.9% |   -2.552 |    -2851.1 |     -155.1 |    108 | digest\[255\]$_DFFE_PN0P_/D
     330* |       1 |     162 |       59 |     14 |    68 |    +0.9% |   -2.563 |    -2841.1 |     -154.7 |    108 | digest\[255\]$_DFFE_PN0P_/D
     340* |       1 |     165 |       59 |     16 |    73 |    +1.0% |   -2.584 |    -2857.0 |     -156.8 |    108 | digest\[255\]$_DFFE_PN0P_/D
     350* |       1 |     170 |       60 |     16 |    77 |    +1.0% |   -2.561 |    -2809.7 |     -158.6 |    108 | digest\[251\]$_DFFE_PN0P_/D
     358* |       1 |     165 |       59 |     16 |    69 |    +1.0% |   -2.528 |    -2816.1 |     -153.8 |    108 | digest\[255\]$_DFFE_PN0P_/D
     360* |       1 |     165 |       59 |     16 |    70 |    +1.0% |   -2.528 |    -2816.1 |     -153.7 |    108 | digest\[255\]$_DFFE_PN0P_/D
     370* |       2 |     166 |       60 |     16 |    77 |    +1.0% |   -2.528 |    -2816.1 |     -153.8 |    108 | digest\[255\]$_DFFE_PN0P_/D
     376* |       2 |     166 |       59 |     16 |    75 |    +1.0% |   -2.528 |    -2816.1 |     -153.7 |    108 | digest\[255\]$_DFFE_PN0P_/D
     380* |       2 |     167 |       59 |     16 |    77 |    +1.0% |   -2.556 |    -2875.5 |     -153.7 |    108 | digest\[255\]$_DFFE_PN0P_/D
     390* |       2 |     171 |       60 |     16 |    82 |    +1.0% |   -2.609 |    -2838.5 |     -155.3 |    108 | digest\[255\]$_DFFE_PN0P_/D
     400* |       2 |     178 |       61 |     16 |    84 |    +1.0% |   -2.526 |    -2787.6 |     -153.8 |    108 | digest\[251\]$_DFFE_PN0P_/D
     410* |       2 |     183 |       62 |     16 |    88 |    +1.0% |   -2.485 |    -2734.3 |     -151.0 |    108 | digest\[255\]$_DFFE_PN0P_/D
     411* |       2 |     183 |       62 |     16 |    87 |    +1.0% |   -2.485 |    -2734.3 |     -151.0 |    108 | digest\[255\]$_DFFE_PN0P_/D
     417* |       3 |     184 |       63 |     16 |    88 |    +1.0% |   -2.485 |    -2734.3 |     -151.0 |    108 | digest\[255\]$_DFFE_PN0P_/D
     420* |       3 |     184 |       63 |     16 |    90 |    +1.0% |   -2.506 |    -2764.1 |     -151.3 |    108 | digest\[255\]$_DFFE_PN0P_/D
     430* |       3 |     190 |       63 |     16 |    94 |    +1.0% |   -2.588 |    -2811.7 |     -153.4 |    108 | digest\[255\]$_DFFE_PN0P_/D
     440* |       3 |     193 |       66 |     16 |    99 |    +1.0% |   -2.512 |    -2784.8 |     -151.6 |    108 | digest\[255\]$_DFFE_PN0P_/D
     440* |       3 |     186 |       63 |     16 |    90 |    +1.0% |   -2.485 |    -2734.2 |     -151.0 |    108 | digest\[255\]$_DFFE_PN0P_/D
     446* |       3 |     187 |       63 |     16 |    91 |    +1.0% |   -2.462 |    -2686.2 |     -151.0 |    108 | digest\[255\]$_DFFE_PN0P_/D
     447* |       3 |     187 |       63 |     16 |    91 |    +1.0% |   -2.462 |    -2686.2 |     -151.0 |    108 | digest\[255\]$_DFFE_PN0P_/D
     450* |       3 |     189 |       63 |     16 |    91 |    +1.0% |   -2.462 |    -2686.2 |     -150.9 |    108 | digest\[255\]$_DFFE_PN0P_/D
     456* |       3 |     189 |       63 |     16 |    91 |    +1.0% |   -2.462 |    -2686.2 |     -150.9 |    108 | digest\[255\]$_DFFE_PN0P_/D
     460* |       4 |     191 |       63 |     16 |    91 |    +1.0% |   -2.466 |    -2688.4 |     -150.8 |    108 | digest\[255\]$_DFFE_PN0P_/D
     460* |       4 |     190 |       63 |     16 |    91 |    +1.0% |   -2.462 |    -2686.2 |     -150.8 |    108 | digest\[255\]$_DFFE_PN0P_/D
     467* |       4 |     190 |       63 |     16 |    94 |    +1.0% |   -2.462 |    -2686.2 |     -150.7 |    108 | digest\[255\]$_DFFE_PN0P_/D
     470* |       4 |     190 |       64 |     16 |    95 |    +1.0% |   -2.462 |    -2686.2 |     -150.8 |    108 | digest\[255\]$_DFFE_PN0P_/D
     480* |       5 |     196 |       64 |     16 |    98 |    +1.0% |   -2.462 |    -2686.2 |     -147.6 |    108 | digest\[255\]$_DFFE_PN0P_/D
     484* |       5 |     197 |       64 |     16 |    99 |    +1.0% |   -2.462 |    -2686.2 |     -147.3 |    108 | digest\[255\]$_DFFE_PN0P_/D
     490* |       5 |     200 |       64 |     16 |   101 |    +1.0% |   -2.462 |    -2686.2 |     -145.8 |    108 | digest\[255\]$_DFFE_PN0P_/D
     500* |       5 |     205 |       65 |     16 |   105 |    +1.1% |   -2.462 |    -2686.2 |     -144.5 |    108 | digest\[255\]$_DFFE_PN0P_/D
     510* |       5 |     208 |       67 |     16 |   110 |    +1.1% |   -2.462 |    -2686.2 |     -143.8 |    108 | digest\[255\]$_DFFE_PN0P_/D
     520* |       6 |     212 |       69 |     16 |   113 |    +1.1% |   -2.461 |    -2680.6 |     -144.8 |    108 | digest\[255\]$_DFFE_PN0P_/D
     530* |       6 |     213 |       70 |     16 |   121 |    +1.1% |   -2.461 |    -2680.6 |     -145.2 |    108 | digest\[255\]$_DFFE_PN0P_/D
     540* |       6 |     218 |       70 |     16 |   126 |    +1.1% |   -2.469 |    -2684.5 |     -145.2 |    108 | digest\[255\]$_DFFE_PN0P_/D
     542* |       6 |     212 |       69 |     16 |   113 |    +1.1% |   -2.461 |    -2680.6 |     -144.8 |    108 | digest\[255\]$_DFFE_PN0P_/D
     550* |       6 |     215 |       70 |     16 |   116 |    +1.1% |   -2.461 |    -2680.6 |     -144.3 |    108 | digest\[255\]$_DFFE_PN0P_/D
     555* |       6 |     215 |       70 |     16 |   116 |    +1.1% |   -2.461 |    -2680.6 |     -144.3 |    108 | digest\[255\]$_DFFE_PN0P_/D
     560* |       6 |     217 |       70 |     16 |   118 |    +1.1% |   -2.461 |    -2680.6 |     -143.9 |    108 | digest\[255\]$_DFFE_PN0P_/D
     570* |       6 |     221 |       71 |     16 |   123 |    +1.1% |   -2.461 |    -2680.6 |     -144.1 |    108 | digest\[255\]$_DFFE_PN0P_/D
     577* |       6 |     223 |       71 |     16 |   126 |    +1.1% |   -2.461 |    -2680.6 |     -143.6 |    108 | digest\[255\]$_DFFE_PN0P_/D
     580* |       6 |     224 |       72 |     16 |   126 |    +1.1% |   -2.461 |    -2680.6 |     -143.7 |    108 | digest\[255\]$_DFFE_PN0P_/D
     583* |       6 |     224 |       71 |     16 |   126 |    +1.1% |   -2.461 |    -2680.6 |     -143.6 |    108 | digest\[255\]$_DFFE_PN0P_/D
     590* |       6 |     225 |       72 |     16 |   130 |    +1.1% |   -2.461 |    -2680.6 |     -143.5 |    108 | digest\[255\]$_DFFE_PN0P_/D
     592* |       6 |     226 |       72 |     16 |   131 |    +1.1% |   -2.461 |    -2680.6 |     -143.5 |    108 | digest\[255\]$_DFFE_PN0P_/D
     598* |       6 |     228 |       72 |     16 |   132 |    +1.2% |   -2.461 |    -2680.6 |     -143.5 |    108 | digest\[255\]$_DFFE_PN0P_/D
     600* |       6 |     228 |       72 |     16 |   133 |    +1.2% |   -2.461 |    -2680.6 |     -143.5 |    108 | digest\[255\]$_DFFE_PN0P_/D
     610* |       6 |     232 |       74 |     16 |   137 |    +1.2% |   -2.461 |    -2680.6 |     -143.8 |    108 | digest\[255\]$_DFFE_PN0P_/D
     620* |       7 |     236 |       75 |     16 |   141 |    +1.2% |   -2.472 |    -2697.2 |     -143.6 |    108 | digest\[255\]$_DFFE_PN0P_/D
     620* |       6 |     231 |       72 |     16 |   133 |    +1.2% |   -2.461 |    -2680.6 |     -143.5 |    108 | digest\[255\]$_DFFE_PN0P_/D
     630* |       6 |     238 |       73 |     16 |   134 |    +1.2% |   -2.461 |    -2680.6 |     -143.5 |    108 | digest\[255\]$_DFFE_PN0P_/D
     632* |       6 |     236 |       72 |     16 |   134 |    +1.2% |   -2.461 |    -2680.6 |     -143.3 |    108 | digest\[255\]$_DFFE_PN0P_/D
     640* |       6 |     240 |       73 |     16 |   136 |    +1.2% |   -2.461 |    -2680.6 |     -143.4 |    108 | digest\[255\]$_DFFE_PN0P_/D
     646* |       6 |     243 |       74 |     16 |   138 |    +1.2% |   -2.461 |    -2680.6 |     -143.3 |    108 | digest\[255\]$_DFFE_PN0P_/D
     650* |       6 |     245 |       74 |     16 |   139 |    +1.2% |   -2.461 |    -2680.6 |     -143.3 |    108 | digest\[255\]$_DFFE_PN0P_/D
     660* |       6 |     252 |       75 |     16 |   141 |    +1.2% |   -2.461 |    -2680.6 |     -143.5 |    108 | digest\[255\]$_DFFE_PN0P_/D
     670* |       7 |     258 |       76 |     16 |   143 |    +1.3% |   -2.461 |    -2680.6 |     -143.1 |    108 | digest\[255\]$_DFFE_PN0P_/D
     680* |       7 |     262 |       79 |     16 |   146 |    +1.3% |   -2.461 |    -2680.6 |     -146.4 |    108 | digest\[255\]$_DFFE_PN0P_/D
     682* |       7 |     257 |       75 |     16 |   142 |    +1.2% |   -2.461 |    -2680.6 |     -142.4 |    108 | digest\[255\]$_DFFE_PN0P_/D
     690* |       8 |     260 |       77 |     16 |   143 |    +1.3% |   -2.461 |    -2680.6 |     -143.8 |    108 | digest\[255\]$_DFFE_PN0P_/D
     700* |       8 |     264 |       80 |     16 |   146 |    +1.3% |   -2.461 |    -2680.6 |     -145.8 |    108 | digest\[255\]$_DFFE_PN0P_/D
     702* |       8 |     259 |       75 |     16 |   143 |    +1.2% |   -2.461 |    -2680.6 |     -142.2 |    108 | digest\[255\]$_DFFE_PN0P_/D
     710* |       8 |     263 |       77 |     16 |   144 |    +1.3% |   -2.461 |    -2680.6 |     -143.6 |    108 | digest\[255\]$_DFFE_PN0P_/D
     720* |       8 |     268 |       81 |     16 |   145 |    +1.3% |   -2.461 |    -2680.6 |     -145.9 |    108 | digest\[255\]$_DFFE_PN0P_/D
     720* |       8 |     259 |       75 |     16 |   143 |    +1.2% |   -2.461 |    -2680.6 |     -142.2 |    108 | digest\[255\]$_DFFE_PN0P_/D
     730* |       8 |     266 |       77 |     16 |   144 |    +1.3% |   -2.473 |    -2701.4 |     -142.3 |    108 | digest\[255\]$_DFFE_PN0P_/D
     740* |       8 |     270 |       79 |     16 |   148 |    +1.3% |   -2.475 |    -2708.7 |     -142.7 |    108 | digest\[255\]$_DFFE_PN0P_/D
     747* |       8 |     264 |       77 |     16 |   144 |    +1.3% |   -2.461 |    -2680.6 |     -142.2 |    108 | digest\[255\]$_DFFE_PN0P_/D
     750* |       8 |     266 |       77 |     16 |   144 |    +1.3% |   -2.461 |    -2680.6 |     -142.2 |    108 | digest\[255\]$_DFFE_PN0P_/D
     757* |       8 |     268 |       78 |     16 |   145 |    +1.3% |   -2.461 |    -2680.6 |     -142.1 |    108 | digest\[255\]$_DFFE_PN0P_/D
     760* |       8 |     268 |       78 |     16 |   147 |    +1.3% |   -2.461 |    -2680.6 |     -142.1 |    108 | digest\[255\]$_DFFE_PN0P_/D
     760* |       8 |     268 |       78 |     16 |   145 |    +1.3% |   -2.461 |    -2680.6 |     -142.1 |    108 | digest\[255\]$_DFFE_PN0P_/D
     770* |       8 |     274 |       78 |     16 |   148 |    +1.3% |   -2.461 |    -2680.6 |     -140.8 |    108 | digest\[255\]$_DFFE_PN0P_/D
     780* |       8 |     277 |       79 |     16 |   154 |    +1.3% |   -2.461 |    -2680.6 |     -142.2 |    108 | digest\[255\]$_DFFE_PN0P_/D
     790* |       9 |     283 |       80 |     16 |   156 |    +1.3% |   -2.461 |    -2680.6 |     -142.3 |    108 | digest\[255\]$_DFFE_PN0P_/D
     800* |       9 |     287 |       81 |     16 |   161 |    +1.3% |   -2.461 |    -2680.6 |     -145.4 |    108 | digest\[255\]$_DFFE_PN0P_/D
     810* |       9 |     292 |       85 |     16 |   162 |    +1.4% |   -2.461 |    -2680.6 |     -157.2 |    108 | digest\[255\]$_DFFE_PN0P_/D
     820* |      11 |     297 |       87 |     16 |   163 |    +1.4% |   -2.461 |    -2680.6 |     -150.3 |    108 | digest\[255\]$_DFFE_PN0P_/D
     830* |      15 |     297 |       92 |     16 |   164 |    +1.4% |   -2.461 |    -2680.6 |     -150.6 |    108 | digest\[255\]$_DFFE_PN0P_/D
     832* |       9 |     278 |       79 |     16 |   154 |    +1.3% |   -2.461 |    -2680.6 |     -141.7 |    108 | digest\[255\]$_DFFE_PN0P_/D
     840* |       9 |     281 |       82 |     16 |   155 |    +1.3% |   -2.461 |    -2680.6 |     -142.0 |    108 | digest\[255\]$_DFFE_PN0P_/D
     841* |       9 |     278 |       79 |     16 |   154 |    +1.3% |   -2.461 |    -2680.6 |     -141.7 |    108 | digest\[255\]$_DFFE_PN0P_/D
     850* |       9 |     283 |       80 |     16 |   156 |    +1.3% |   -2.461 |    -2680.6 |     -142.1 |    108 | digest\[255\]$_DFFE_PN0P_/D
     860* |       9 |     288 |       84 |     16 |   157 |    +1.4% |   -2.461 |    -2680.6 |     -145.6 |    108 | digest\[255\]$_DFFE_PN0P_/D
     866* |       9 |     284 |       80 |     16 |   156 |    +1.3% |   -2.461 |    -2680.6 |     -141.9 |    108 | digest\[255\]$_DFFE_PN0P_/D
     870* |       9 |     286 |       80 |     16 |   157 |    +1.3% |   -2.461 |    -2680.6 |     -141.8 |    108 | digest\[255\]$_DFFE_PN0P_/D
     880* |       9 |     292 |       81 |     16 |   160 |    +1.4% |   -2.468 |    -2690.5 |     -141.9 |    108 | digest\[255\]$_DFFE_PN0P_/D
     889* |       9 |     289 |       80 |     16 |   158 |    +1.3% |   -2.461 |    -2680.6 |     -141.8 |    108 | digest\[255\]$_DFFE_PN0P_/D
     890* |       9 |     289 |       80 |     16 |   158 |    +1.3% |   -2.461 |    -2680.6 |     -141.8 |    108 | digest\[255\]$_DFFE_PN0P_/D
     898* |       9 |     291 |       81 |     16 |   159 |    +1.4% |   -2.461 |    -2680.6 |     -141.9 |    108 | digest\[255\]$_DFFE_PN0P_/D
     900* |       9 |     292 |       81 |     16 |   159 |    +1.4% |   -2.461 |    -2680.6 |     -141.9 |    108 | digest\[255\]$_DFFE_PN0P_/D
     910* |       9 |     298 |       84 |     16 |   161 |    +1.4% |   -2.461 |    -2679.5 |     -142.1 |    108 | digest\[255\]$_DFFE_PN0P_/D
     919* |      11 |     303 |       84 |     16 |   163 |    +1.4% |   -2.461 |    -2671.9 |     -141.7 |    108 | digest\[255\]$_DFFE_PN0P_/D
     920* |      11 |     303 |       84 |     16 |   163 |    +1.4% |   -2.461 |    -2671.9 |     -141.7 |    108 | digest\[255\]$_DFFE_PN0P_/D
     924* |      11 |     303 |       84 |     16 |   163 |    +1.4% |   -2.461 |    -2671.9 |     -141.7 |    108 | digest\[255\]$_DFFE_PN0P_/D
     930* |      11 |     307 |       84 |     16 |   164 |    +1.4% |   -2.461 |    -2671.9 |     -141.5 |    108 | digest\[255\]$_DFFE_PN0P_/D
     940* |      11 |     313 |       87 |     16 |   165 |    +1.4% |   -2.461 |    -2671.9 |     -141.3 |    108 | digest\[255\]$_DFFE_PN0P_/D
     944* |      11 |     311 |       84 |     16 |   165 |    +1.4% |   -2.461 |    -2671.9 |     -141.0 |    108 | digest\[255\]$_DFFE_PN0P_/D
     950* |      11 |     313 |       85 |     16 |   167 |    +1.4% |   -2.461 |    -2671.9 |     -141.2 |    108 | digest\[255\]$_DFFE_PN0P_/D
     960* |      12 |     318 |       89 |     16 |   167 |    +1.4% |   -2.461 |    -2671.9 |     -142.0 |    108 | digest\[255\]$_DFFE_PN0P_/D
     966* |      11 |     311 |       84 |     16 |   165 |    +1.4% |   -2.461 |    -2671.9 |     -141.0 |    108 | digest\[255\]$_DFFE_PN0P_/D
     970* |      11 |     312 |       84 |     16 |   167 |    +1.4% |   -2.461 |    -2671.9 |     -140.9 |    108 | digest\[255\]$_DFFE_PN0P_/D
     980* |      11 |     318 |       85 |     16 |   170 |    +1.4% |   -2.461 |    -2671.8 |     -141.0 |    108 | digest\[255\]$_DFFE_PN0P_/D
     987* |      11 |     320 |       86 |     16 |   170 |    +1.4% |   -2.461 |    -2671.8 |     -141.0 |    108 | digest\[255\]$_DFFE_PN0P_/D
     990* |      11 |     321 |       86 |     16 |   171 |    +1.4% |   -2.461 |    -2671.8 |     -140.9 |    108 | digest\[255\]$_DFFE_PN0P_/D
    1000* |      11 |     326 |       90 |     16 |   172 |    +1.5% |   -2.465 |    -2688.8 |     -145.0 |    108 | digest\[255\]$_DFFE_PN0P_/D
    1004* |      11 |     321 |       86 |     16 |   171 |    +1.4% |   -2.461 |    -2671.8 |     -140.9 |    108 | digest\[255\]$_DFFE_PN0P_/D
    1010* |      11 |     324 |       88 |     16 |   171 |    +1.5% |   -2.461 |    -2671.8 |     -141.2 |    108 | digest\[255\]$_DFFE_PN0P_/D
    1015* |      11 |     322 |       86 |     16 |   171 |    +1.4% |   -2.461 |    -2671.8 |     -140.9 |    108 | digest\[255\]$_DFFE_PN0P_/D
    1020* |      11 |     323 |       87 |     16 |   173 |    +1.5% |   -2.461 |    -2671.8 |     -141.0 |    108 | digest\[255\]$_DFFE_PN0P_/D
    1021* |      11 |     323 |       86 |     16 |   173 |    +1.4% |   -2.461 |    -2671.8 |     -140.9 |    108 | digest\[255\]$_DFFE_PN0P_/D
    1030* |      11 |     327 |       87 |     16 |   176 |    +1.5% |   -2.461 |    -2671.8 |     -140.8 |    108 | digest\[255\]$_DFFE_PN0P_/D
    1031* |      11 |     328 |       87 |     16 |   176 |    +1.5% |   -2.461 |    -2671.8 |     -140.8 |    108 | digest\[255\]$_DFFE_PN0P_/D
    1040* |      11 |     333 |       89 |     16 |   177 |    +1.5% |   -2.461 |    -2671.8 |     -141.3 |    108 | digest\[255\]$_DFFE_PN0P_/D
    1047* |      11 |     335 |       90 |     16 |   178 |    +1.5% |   -2.461 |    -2671.8 |     -141.6 |    108 | digest\[255\]$_DFFE_PN0P_/D
    1050* |      11 |     335 |       91 |     16 |   179 |    +1.5% |   -2.461 |    -2671.8 |     -141.5 |    108 | digest\[255\]$_DFFE_PN0P_/D
    1060* |      11 |     338 |       95 |     16 |   182 |    +1.5% |   -2.461 |    -2671.8 |     -141.8 |    108 | digest\[255\]$_DFFE_PN0P_/D
    1070* |      12 |     343 |       97 |     16 |   184 |    +1.5% |   -2.461 |    -2671.9 |     -141.2 |    108 | digest\[255\]$_DFFE_PN0P_/D
    1080* |      12 |     344 |       99 |     16 |   191 |    +1.5% |   -2.461 |    -2671.9 |     -143.2 |    108 | digest\[255\]$_DFFE_PN0P_/D
    1081* |      11 |     338 |       95 |     16 |   182 |    +1.5% |   -2.461 |    -2671.8 |     -141.8 |    108 | digest\[255\]$_DFFE_PN0P_/D
    1090* |      11 |     342 |       98 |     16 |   183 |    +1.5% |   -2.461 |    -2671.8 |     -145.7 |    108 | digest\[255\]$_DFFE_PN0P_/D
    1100* |      11 |     348 |      101 |     16 |   184 |    +1.6% |   -2.465 |    -2688.8 |     -146.1 |    108 | digest\[255\]$_DFFE_PN0P_/D
    1100* |      11 |     339 |       95 |     16 |   182 |    +1.5% |   -2.461 |    -2671.8 |     -141.8 |    108 | digest\[255\]$_DFFE_PN0P_/D
    1110* |      12 |     343 |       99 |     16 |   182 |    +1.5% |   -2.461 |    -2671.8 |     -142.0 |    108 | digest\[255\]$_DFFE_PN0P_/D
    1112* |      12 |     341 |       97 |     16 |   182 |    +1.5% |   -2.461 |    -2671.8 |     -141.8 |    108 | digest\[255\]$_DFFE_PN0P_/D
    1120* |      12 |     344 |       98 |     16 |   185 |    +1.5% |   -2.461 |    -2671.8 |     -144.2 |    108 | digest\[255\]$_DFFE_PN0P_/D
    1130* |      12 |     348 |      102 |     16 |   187 |    +1.6% |   -2.461 |    -2671.8 |     -142.8 |    108 | digest\[255\]$_DFFE_PN0P_/D
    1140* |      12 |     355 |      105 |     16 |   187 |    +1.6% |   -2.461 |    -2671.8 |     -144.2 |    108 | digest\[255\]$_DFFE_PN0P_/D
    1150* |      12 |     360 |      106 |     16 |   191 |    +1.6% |   -2.461 |    -2671.8 |     -143.5 |    108 | digest\[255\]$_DFFE_PN0P_/D
    1160* |      13 |     363 |      107 |     16 |   196 |    +1.6% |   -2.461 |    -2671.8 |     -142.0 |    108 | digest\[255\]$_DFFE_PN0P_/D
    1170* |      13 |     366 |      108 |     16 |   202 |    +1.6% |   -2.461 |    -2677.7 |     -141.4 |    108 | digest\[255\]$_DFFE_PN0P_/D
    1177* |      12 |     347 |      101 |     16 |   186 |    +1.6% |   -2.461 |    -2671.8 |     -143.3 |    108 | digest\[255\]$_DFFE_PN0P_/D
    1180* |      12 |     349 |      101 |     16 |   186 |    +1.6% |   -2.461 |    -2671.8 |     -143.2 |    108 | digest\[255\]$_DFFE_PN0P_/D
    1190* |      12 |     355 |      103 |     16 |   188 |    +1.6% |   -2.461 |    -2671.8 |     -143.9 |    108 | digest\[255\]$_DFFE_PN0P_/D
    1196* |      12 |     355 |      102 |     16 |   188 |    +1.6% |   -2.461 |    -2671.8 |     -143.7 |    108 | digest\[255\]$_DFFE_PN0P_/D
    1200* |      12 |     356 |      104 |     16 |   189 |    +1.6% |   -2.461 |    -2671.8 |     -143.3 |    108 | digest\[255\]$_DFFE_PN0P_/D
    1210* |      13 |     360 |      107 |     16 |   191 |    +1.6% |   -2.461 |    -2671.8 |     -142.5 |    108 | digest\[255\]$_DFFE_PN0P_/D
    1220* |      14 |     365 |      108 |     16 |   194 |    +1.6% |   -2.461 |    -2671.8 |     -141.1 |    108 | digest\[255\]$_DFFE_PN0P_/D
    1230* |      14 |     369 |      111 |     16 |   197 |    +1.6% |   -2.461 |    -2671.8 |     -141.3 |    108 | digest\[255\]$_DFFE_PN0P_/D
    1240* |      14 |     374 |      114 |     16 |   199 |    +1.7% |   -2.461 |    -2671.8 |     -141.9 |    108 | digest\[255\]$_DFFE_PN0P_/D
    1247* |      14 |     365 |      108 |     16 |   194 |    +1.6% |   -2.461 |    -2671.8 |     -141.1 |    108 | digest\[255\]$_DFFE_PN0P_/D
    1249* |      14 |     366 |      108 |     16 |   194 |    +1.6% |   -2.461 |    -2671.8 |     -141.1 |    108 | digest\[255\]$_DFFE_PN0P_/D
    1250* |      14 |     366 |      108 |     16 |   194 |    +1.6% |   -2.461 |    -2671.8 |     -141.1 |    108 | digest\[255\]$_DFFE_PN0P_/D
    1260* |      14 |     370 |      110 |     16 |   198 |    +1.6% |   -2.461 |    -2672.0 |     -141.2 |    108 | digest\[255\]$_DFFE_PN0P_/D
    1270* |      15 |     376 |      112 |     16 |   199 |    +1.6% |   -2.461 |    -2672.0 |     -142.0 |    108 | digest\[255\]$_DFFE_PN0P_/D
    1271* |      14 |     366 |      108 |     16 |   195 |    +1.6% |   -2.461 |    -2671.8 |     -141.0 |    108 | digest\[255\]$_DFFE_PN0P_/D
    1280* |      14 |     370 |      109 |     16 |   198 |    +1.6% |   -2.461 |    -2671.8 |     -142.4 |    108 | digest\[255\]$_DFFE_PN0P_/D
    1290* |      14 |     377 |      111 |     16 |   199 |    +1.7% |   -2.461 |    -2671.8 |     -142.1 |    108 | digest\[255\]$_DFFE_PN0P_/D
    1293* |      14 |     369 |      108 |     16 |   196 |    +1.6% |   -2.461 |    -2671.8 |     -140.4 |    108 | digest\[255\]$_DFFE_PN0P_/D
    1300* |      14 |     371 |      112 |     16 |   196 |    +1.6% |   -2.461 |    -2671.8 |     -142.4 |    108 | digest\[255\]$_DFFE_PN0P_/D
    1308* |      14 |     369 |      108 |     16 |   196 |    +1.6% |   -2.461 |    -2671.8 |     -140.4 |    108 | digest\[255\]$_DFFE_PN0P_/D
    1310* |      14 |     369 |      108 |     16 |   197 |    +1.6% |   -2.461 |    -2671.8 |     -140.5 |    108 | digest\[255\]$_DFFE_PN0P_/D
    1320* |      14 |     374 |      112 |     16 |   198 |    +1.6% |   -2.461 |    -2671.8 |     -140.9 |    108 | digest\[255\]$_DFFE_PN0P_/D
    1323* |      14 |     369 |      108 |     16 |   196 |    +1.6% |   -2.461 |    -2671.8 |     -140.4 |    108 | digest\[255\]$_DFFE_PN0P_/D
    1330* |      14 |     372 |      111 |     16 |   196 |    +1.6% |   -2.461 |    -2671.8 |     -144.4 |    108 | digest\[255\]$_DFFE_PN0P_/D
    1340* |      14 |     377 |      116 |     16 |   196 |    +1.7% |   -2.465 |    -2688.8 |     -145.0 |    108 | digest\[255\]$_DFFE_PN0P_/D
    1343* |      14 |     369 |      108 |     16 |   196 |    +1.6% |   -2.461 |    -2671.8 |     -140.4 |    108 | digest\[255\]$_DFFE_PN0P_/D
    1350* |      14 |     371 |      109 |     16 |   199 |    +1.6% |   -2.461 |    -2671.8 |     -141.2 |    108 | digest\[255\]$_DFFE_PN0P_/D
    1360* |      14 |     375 |      113 |     16 |   201 |    +1.7% |   -2.461 |    -2671.8 |     -143.1 |    108 | digest\[255\]$_DFFE_PN0P_/D
    1370* |      14 |     380 |      116 |     16 |   203 |    +1.7% |   -2.461 |    -2672.1 |     -142.9 |    108 | digest\[255\]$_DFFE_PN0P_/D
    1380* |      14 |     387 |      119 |     16 |   203 |    +1.7% |   -2.461 |    -2672.2 |     -150.8 |    108 | digest\[255\]$_DFFE_PN0P_/D
    1390* |      14 |     392 |      121 |     16 |   206 |    +1.7% |   -2.461 |    -2672.2 |     -150.6 |    108 | digest\[255\]$_DFFE_PN0P_/D
    1390* |      14 |     371 |      108 |     16 |   196 |    +1.6% |   -2.461 |    -2671.8 |     -140.3 |    108 | digest\[255\]$_DFFE_PN0P_/D
    1400* |      14 |     376 |      111 |     16 |   197 |    +1.7% |   -2.461 |    -2671.8 |     -142.1 |    108 | digest\[255\]$_DFFE_PN0P_/D
    1404* |      14 |     372 |      108 |     16 |   197 |    +1.6% |   -2.461 |    -2671.8 |     -140.3 |    108 | digest\[255\]$_DFFE_PN0P_/D
    1408* |      14 |     372 |      108 |     16 |   197 |    +1.6% |   -2.461 |    -2671.8 |     -140.3 |    108 | digest\[255\]$_DFFE_PN0P_/D
    1410* |      14 |     372 |      109 |     16 |   197 |    +1.6% |   -2.461 |    -2671.8 |     -142.2 |    108 | digest\[255\]$_DFFE_PN0P_/D
    1419* |      14 |     372 |      108 |     16 |   197 |    +1.6% |   -2.461 |    -2671.8 |     -140.3 |    108 | digest\[255\]$_DFFE_PN0P_/D
    1420* |      14 |     372 |      108 |     16 |   197 |    +1.6% |   -2.461 |    -2671.8 |     -140.3 |    108 | digest\[255\]$_DFFE_PN0P_/D
    1430* |      14 |     380 |      109 |     16 |   198 |    +1.7% |   -2.461 |    -2671.8 |     -140.3 |    108 | digest\[255\]$_DFFE_PN0P_/D
    1440* |      15 |     383 |      112 |     16 |   201 |    +1.7% |   -2.461 |    -2671.8 |     -142.3 |    108 | digest\[255\]$_DFFE_PN0P_/D
    1446* |      14 |     375 |      108 |     16 |   197 |    +1.6% |   -2.461 |    -2671.8 |     -140.2 |    108 | digest\[255\]$_DFFE_PN0P_/D
    1450* |      14 |     376 |      108 |     16 |   199 |    +1.6% |   -2.461 |    -2671.8 |     -139.9 |    108 | digest\[255\]$_DFFE_PN0P_/D
    1460* |      14 |     382 |      108 |     16 |   203 |    +1.7% |   -2.461 |    -2671.8 |     -140.3 |    108 | digest\[255\]$_DFFE_PN0P_/D
    1470* |      14 |     385 |      112 |     16 |   206 |    +1.7% |   -2.461 |    -2671.8 |     -142.6 |    108 | digest\[255\]$_DFFE_PN0P_/D
    1480* |      14 |     392 |      114 |     16 |   207 |    +1.7% |   -2.461 |    -2671.8 |     -142.9 |    108 | digest\[255\]$_DFFE_PN0P_/D
    1483* |      14 |     382 |      108 |     16 |   203 |    +1.7% |   -2.461 |    -2671.8 |     -140.3 |    108 | digest\[255\]$_DFFE_PN0P_/D
    1490* |      15 |     385 |      109 |     16 |   204 |    +1.7% |   -2.461 |    -2675.2 |     -140.5 |    108 | digest\[255\]$_DFFE_PN0P_/D
    1500* |      15 |     386 |      113 |     16 |   209 |    +1.7% |   -2.461 |    -2675.2 |     -145.6 |    108 | digest\[255\]$_DFFE_PN0P_/D
    1500* |      14 |     383 |      108 |     16 |   203 |    +1.7% |   -2.461 |    -2674.8 |     -140.4 |    108 | digest\[255\]$_DFFE_PN0P_/D
    1510* |      14 |     389 |      109 |     16 |   205 |    +1.7% |   -2.461 |    -2675.2 |     -140.8 |    108 | digest\[255\]$_DFFE_PN0P_/D
    1520* |      14 |     393 |      114 |     16 |   206 |    +1.7% |   -2.461 |    -2675.2 |     -144.7 |    108 | digest\[255\]$_DFFE_PN0P_/D
    1530* |      14 |     398 |      116 |     16 |   209 |    +1.7% |   -2.461 |    -2675.2 |     -145.5 |    108 | digest\[255\]$_DFFE_PN0P_/D
    1530* |      14 |     383 |      108 |     16 |   203 |    +1.7% |   -2.461 |    -2674.8 |     -140.4 |    108 | digest\[255\]$_DFFE_PN0P_/D
    1540* |      14 |     389 |      111 |     16 |   203 |    +1.7% |   -2.461 |    -2674.8 |     -140.9 |    108 | digest\[255\]$_DFFE_PN0P_/D
    1545* |      14 |     385 |      108 |     16 |   203 |    +1.7% |   -2.461 |    -2674.8 |     -140.4 |    108 | digest\[255\]$_DFFE_PN0P_/D
    1550* |      14 |     387 |      109 |     16 |   204 |    +1.7% |   -2.461 |    -2674.8 |     -142.2 |    108 | digest\[255\]$_DFFE_PN0P_/D
    1560* |      15 |     393 |      112 |     16 |   204 |    +1.7% |   -2.461 |    -2674.9 |     -142.4 |    108 | digest\[255\]$_DFFE_PN0P_/D
    1560* |      14 |     388 |      109 |     16 |   204 |    +1.7% |   -2.461 |    -2674.8 |     -142.2 |    108 | digest\[255\]$_DFFE_PN0P_/D
    1570* |      15 |     392 |      112 |     16 |   205 |    +1.7% |   -2.461 |    -2674.8 |     -142.3 |    108 | digest\[255\]$_DFFE_PN0P_/D
    1570* |      15 |     390 |      111 |     16 |   204 |    +1.7% |   -2.461 |    -2674.8 |     -142.2 |    108 | digest\[255\]$_DFFE_PN0P_/D
    1580* |      15 |     395 |      114 |     16 |   205 |    +1.7% |   -2.461 |    -2674.8 |     -142.6 |    108 | digest\[255\]$_DFFE_PN0P_/D
    1588* |      15 |     391 |      111 |     16 |   204 |    +1.7% |   -2.461 |    -2674.8 |     -142.3 |    108 | digest\[255\]$_DFFE_PN0P_/D
    1590* |      15 |     391 |      111 |     16 |   205 |    +1.7% |   -2.461 |    -2674.8 |     -142.3 |    108 | digest\[255\]$_DFFE_PN0P_/D
    1600* |      15 |     398 |      114 |     16 |   205 |    +1.7% |   -2.461 |    -2675.0 |     -142.8 |    108 | digest\[255\]$_DFFE_PN0P_/D
    1610* |      15 |     403 |      119 |     16 |   205 |    +1.7% |   -2.461 |    -2675.0 |     -144.3 |    108 | digest\[255\]$_DFFE_PN0P_/D
    1610* |      15 |     391 |      111 |     16 |   204 |    +1.7% |   -2.461 |    -2674.8 |     -142.3 |    108 | digest\[255\]$_DFFE_PN0P_/D
    1620* |      15 |     395 |      113 |     16 |   207 |    +1.7% |   -2.461 |    -2674.8 |     -142.4 |    108 | digest\[255\]$_DFFE_PN0P_/D
    1630* |      15 |     400 |      119 |     16 |   207 |    +1.7% |   -2.461 |    -2674.8 |     -148.5 |    108 | digest\[255\]$_DFFE_PN0P_/D
    1640* |      15 |     408 |      120 |     16 |   208 |    +1.8% |   -2.461 |    -2679.0 |     -149.6 |    108 | digest\[255\]$_DFFE_PN0P_/D
    1643* |      15 |     394 |      112 |     16 |   206 |    +1.7% |   -2.461 |    -2674.8 |     -142.3 |    108 | digest\[255\]$_DFFE_PN0P_/D
    1650* |      15 |     397 |      113 |     16 |   208 |    +1.7% |   -2.461 |    -2674.8 |     -141.8 |    108 | digest\[255\]$_DFFE_PN0P_/D
    1660* |      15 |     402 |      117 |     16 |   210 |    +1.7% |   -2.461 |    -2674.8 |     -142.9 |    108 | digest\[255\]$_DFFE_PN0P_/D
    1670* |      16 |     408 |      120 |     16 |   210 |    +1.8% |   -2.461 |    -2674.8 |     -142.9 |    108 | digest\[255\]$_DFFE_PN0P_/D
    1670* |      15 |     394 |      112 |     16 |   207 |    +1.7% |   -2.461 |    -2674.8 |     -142.3 |    108 | digest\[255\]$_DFFE_PN0P_/D
    1680* |      15 |     400 |      113 |     16 |   209 |    +1.7% |   -2.461 |    -2674.8 |     -142.3 |    108 | digest\[255\]$_DFFE_PN0P_/D
    1690* |      15 |     407 |      115 |     16 |   210 |    +1.7% |   -2.461 |    -2678.2 |     -142.3 |    108 | digest\[255\]$_DFFE_PN0P_/D
    1695* |      15 |     402 |      113 |     16 |   209 |    +1.7% |   -2.461 |    -2674.8 |     -142.3 |    108 | digest\[255\]$_DFFE_PN0P_/D
    1700* |      15 |     405 |      114 |     16 |   209 |    +1.7% |   -2.461 |    -2674.8 |     -142.2 |    108 | digest\[255\]$_DFFE_PN0P_/D
    1710* |      15 |     410 |      116 |     16 |   212 |    +1.8% |   -2.461 |    -2674.8 |     -142.4 |    108 | digest\[255\]$_DFFE_PN0P_/D
    1713* |      15 |     405 |      114 |     16 |   209 |    +1.7% |   -2.461 |    -2674.8 |     -142.2 |    108 | digest\[255\]$_DFFE_PN0P_/D
    1720* |      15 |     409 |      115 |     16 |   210 |    +1.8% |   -2.461 |    -2674.8 |     -141.8 |    108 | digest\[255\]$_DFFE_PN0P_/D
    1720* |      15 |     408 |      114 |     16 |   209 |    +1.7% |   -2.461 |    -2674.8 |     -141.7 |    108 | digest\[255\]$_DFFE_PN0P_/D
    1730* |      15 |     414 |      116 |     16 |   210 |    +1.8% |   -2.461 |    -2674.8 |     -142.0 |    108 | digest\[255\]$_DFFE_PN0P_/D
    1740* |      15 |     421 |      120 |     16 |   211 |    +1.8% |   -2.461 |    -2674.8 |     -143.0 |    108 | digest\[255\]$_DFFE_PN0P_/D
    1745* |      15 |     416 |      116 |     16 |   210 |    +1.8% |   -2.461 |    -2674.8 |     -141.7 |    108 | digest\[255\]$_DFFE_PN0P_/D
    1750* |      15 |     419 |      117 |     16 |   210 |    +1.8% |   -2.461 |    -2674.8 |     -141.5 |    108 | digest\[255\]$_DFFE_PN0P_/D
    1760* |      15 |     424 |      119 |     16 |   213 |    +1.8% |   -2.461 |    -2674.8 |     -141.6 |    108 | digest\[255\]$_DFFE_PN0P_/D
    1769* |      15 |     424 |      118 |     16 |   212 |    +1.8% |   -2.461 |    -2674.8 |     -141.4 |    108 | digest\[255\]$_DFFE_PN0P_/D
    1770* |      15 |     424 |      118 |     16 |   212 |    +1.8% |   -2.461 |    -2674.8 |     -141.4 |    108 | digest\[255\]$_DFFE_PN0P_/D
    1771* |      15 |     424 |      119 |     16 |   212 |    +1.8% |   -2.461 |    -2674.8 |     -141.5 |    108 | digest\[255\]$_DFFE_PN0P_/D
    1780* |      15 |     427 |      125 |     16 |   213 |    +1.8% |   -2.461 |    -2674.8 |     -143.2 |    108 | digest\[255\]$_DFFE_PN0P_/D
    1790* |      16 |     433 |      127 |     16 |   214 |    +1.9% |   -2.461 |    -2674.8 |     -142.9 |    108 | digest\[255\]$_DFFE_PN0P_/D
    1800* |      21 |     434 |      131 |     16 |   214 |    +1.8% |   -2.461 |    -2674.8 |     -142.6 |    108 | digest\[255\]$_DFFE_PN0P_/D
    1800* |      15 |     427 |      119 |     16 |   212 |    +1.8% |   -2.461 |    -2674.8 |     -140.9 |    108 | digest\[255\]$_DFFE_PN0P_/D
    1810* |      15 |     432 |      123 |     16 |   212 |    +1.8% |   -2.461 |    -2674.8 |     -141.7 |    108 | digest\[255\]$_DFFE_PN0P_/D
    1812* |      15 |     428 |      119 |     16 |   212 |    +1.8% |   -2.461 |    -2674.8 |     -140.8 |    108 | digest\[255\]$_DFFE_PN0P_/D
    1820* |      15 |     431 |      121 |     16 |   214 |    +1.8% |   -2.461 |    -2674.8 |     -144.2 |    108 | digest\[255\]$_DFFE_PN0P_/D
    1830* |      16 |     438 |      123 |     16 |   214 |    +1.8% |   -2.461 |    -2679.0 |     -146.4 |    108 | digest\[255\]$_DFFE_PN0P_/D
    1840* |      16 |     443 |      128 |     16 |   214 |    +1.9% |   -2.461 |    -2679.0 |     -149.6 |    108 | digest\[255\]$_DFFE_PN0P_/D
    1844* |      15 |     428 |      119 |     16 |   212 |    +1.8% |   -2.461 |    -2674.8 |     -140.8 |    108 | digest\[255\]$_DFFE_PN0P_/D
    1850* |      15 |     431 |      121 |     16 |   212 |    +1.8% |   -2.461 |    -2674.8 |     -141.6 |    108 | digest\[255\]$_DFFE_PN0P_/D
    1860* |      15 |     436 |      126 |     16 |   212 |    +1.9% |   -2.461 |    -2674.8 |     -142.9 |    108 | digest\[255\]$_DFFE_PN0P_/D
    1863* |      15 |     429 |      119 |     16 |   212 |    +1.8% |   -2.461 |    -2674.8 |     -140.8 |    108 | digest\[255\]$_DFFE_PN0P_/D
    1870* |      15 |     433 |      121 |     16 |   212 |    +1.8% |   -2.461 |    -2674.8 |     -141.3 |    108 | digest\[255\]$_DFFE_PN0P_/D
    1876* |      15 |     435 |      122 |     16 |   213 |    +1.8% |   -2.461 |    -2674.8 |     -141.3 |    108 | digest\[255\]$_DFFE_PN0P_/D
    1880* |      15 |     437 |      122 |     16 |   214 |    +1.8% |   -2.461 |    -2674.8 |     -141.2 |    108 | digest\[255\]$_DFFE_PN0P_/D
    1890* |      15 |     444 |      124 |     16 |   215 |    +1.9% |   -2.461 |    -2674.8 |     -141.4 |    108 | digest\[255\]$_DFFE_PN0P_/D
    1898* |      15 |     441 |      122 |     16 |   215 |    +1.9% |   -2.461 |    -2674.8 |     -141.2 |    108 | digest\[255\]$_DFFE_PN0P_/D
    1900* |      15 |     442 |      122 |     16 |   215 |    +1.9% |   -2.461 |    -2674.8 |     -141.1 |    108 | digest\[255\]$_DFFE_PN0P_/D
    1910* |      15 |     445 |      125 |     16 |   219 |    +1.9% |   -2.461 |    -2674.8 |     -141.2 |    108 | digest\[255\]$_DFFE_PN0P_/D
    1920* |      15 |     449 |      126 |     16 |   224 |    +1.9% |   -2.461 |    -2674.8 |     -141.0 |    108 | digest\[255\]$_DFFE_PN0P_/D
    1930* |      15 |     454 |      127 |     16 |   228 |    +1.9% |   -2.461 |    -2674.9 |     -141.7 |    108 | digest\[255\]$_DFFE_PN0P_/D
    1935* |      15 |     449 |      126 |     16 |   225 |    +1.9% |   -2.461 |    -2674.8 |     -141.0 |    108 | digest\[255\]$_DFFE_PN0P_/D
    1940* |      15 |     452 |      127 |     16 |   225 |    +1.9% |   -2.461 |    -2674.8 |     -141.0 |    108 | digest\[255\]$_DFFE_PN0P_/D
    1950* |      15 |     459 |      129 |     16 |   226 |    +1.9% |   -2.461 |    -2674.8 |     -141.8 |    108 | digest\[255\]$_DFFE_PN0P_/D
    1960* |      15 |     464 |      134 |     16 |   226 |    +1.9% |   -2.461 |    -2674.8 |     -142.9 |    108 | digest\[255\]$_DFFE_PN0P_/D
    1960* |      15 |     450 |      126 |     16 |   225 |    +1.9% |   -2.461 |    -2674.8 |     -141.0 |    108 | digest\[255\]$_DFFE_PN0P_/D
    1970* |      15 |     453 |      132 |     16 |   226 |    +1.9% |   -2.461 |    -2674.8 |     -147.3 |    108 | digest\[255\]$_DFFE_PN0P_/D
    1980* |      15 |     460 |      135 |     16 |   226 |    +1.9% |   -2.461 |    -2679.0 |     -149.1 |    108 | digest\[255\]$_DFFE_PN0P_/D
    1981* |      15 |     451 |      128 |     16 |   226 |    +1.9% |   -2.461 |    -2674.8 |     -141.0 |    108 | digest\[255\]$_DFFE_PN0P_/D
    1988* |      15 |     452 |      128 |     16 |   226 |    +1.9% |   -2.461 |    -2674.8 |     -140.9 |    108 | digest\[255\]$_DFFE_PN0P_/D
    1990* |      15 |     452 |      128 |     16 |   227 |    +1.9% |   -2.461 |    -2674.8 |     -140.8 |    108 | digest\[255\]$_DFFE_PN0P_/D
    2000* |      15 |     458 |      132 |     16 |   227 |    +1.9% |   -2.461 |    -2674.8 |     -141.7 |    108 | digest\[255\]$_DFFE_PN0P_/D
    2000* |      15 |     453 |      128 |     16 |   227 |    +1.9% |   -2.461 |    -2674.8 |     -140.8 |    108 | digest\[255\]$_DFFE_PN0P_/D
    2010* |      15 |     457 |      133 |     16 |   227 |    +1.9% |   -2.461 |    -2674.8 |     -141.5 |    108 | digest\[255\]$_DFFE_PN0P_/D
    2012* |      15 |     454 |      128 |     16 |   227 |    +1.9% |   -2.461 |    -2674.8 |     -140.7 |    108 | digest\[255\]$_DFFE_PN0P_/D
    2020* |      15 |     459 |      129 |     16 |   228 |    +1.9% |   -2.461 |    -2674.8 |     -140.8 |    108 | digest\[255\]$_DFFE_PN0P_/D
    2030* |      15 |     463 |      131 |     16 |   232 |    +1.9% |   -2.461 |    -2674.9 |     -141.4 |    108 | digest\[255\]$_DFFE_PN0P_/D
    2040* |      15 |     468 |      136 |     16 |   232 |    +2.0% |   -2.461 |    -2674.9 |     -142.8 |    108 | digest\[255\]$_DFFE_PN0P_/D
    2048* |      15 |     458 |      128 |     16 |   227 |    +1.9% |   -2.461 |    -2674.8 |     -140.6 |    108 | digest\[255\]$_DFFE_PN0P_/D
    2050* |      15 |     459 |      128 |     16 |   227 |    +1.9% |   -2.461 |    -2674.8 |     -140.6 |    108 | digest\[255\]$_DFFE_PN0P_/D
    2060* |      15 |     463 |      133 |     16 |   229 |    +1.9% |   -2.461 |    -2674.8 |     -141.2 |    108 | digest\[255\]$_DFFE_PN0P_/D
    2070* |      15 |     468 |      138 |     16 |   229 |    +2.0% |   -2.461 |    -2674.8 |     -142.0 |    108 | digest\[255\]$_DFFE_PN0P_/D
    2071* |      15 |     459 |      128 |     16 |   227 |    +1.9% |   -2.461 |    -2674.8 |     -140.6 |    108 | digest\[255\]$_DFFE_PN0P_/D
    2080* |      15 |     464 |      131 |     16 |   227 |    +1.9% |   -2.461 |    -2674.8 |     -141.9 |    108 | digest\[255\]$_DFFE_PN0P_/D
    2089* |      15 |     463 |      129 |     16 |   227 |    +1.9% |   -2.461 |    -2674.8 |     -140.6 |    108 | digest\[255\]$_DFFE_PN0P_/D
    2090* |      15 |     463 |      129 |     16 |   227 |    +1.9% |   -2.461 |    -2674.8 |     -140.6 |    108 | digest\[255\]$_DFFE_PN0P_/D
    2094* |      15 |     464 |      130 |     16 |   227 |    +1.9% |   -2.461 |    -2674.8 |     -141.0 |    108 | digest\[255\]$_DFFE_PN0P_/D
    2100* |      15 |     468 |      131 |     16 |   227 |    +2.0% |   -2.461 |    -2675.3 |     -140.9 |    108 | digest\[255\]$_DFFE_PN0P_/D
    2110* |      16 |     473 |      134 |     16 |   228 |    +2.0% |   -2.461 |    -2675.3 |     -141.5 |    108 | digest\[255\]$_DFFE_PN0P_/D
    2120* |      16 |     478 |      138 |     16 |   229 |    +2.0% |   -2.461 |    -2675.3 |     -141.9 |    108 | digest\[255\]$_DFFE_PN0P_/D
    2125* |      15 |     465 |      131 |     16 |   227 |    +1.9% |   -2.461 |    -2674.8 |     -141.0 |    108 | digest\[255\]$_DFFE_PN0P_/D
    2130* |      15 |     467 |      133 |     16 |   227 |    +2.0% |   -2.461 |    -2674.8 |     -141.4 |    108 | digest\[255\]$_DFFE_PN0P_/D
    2140* |      15 |     472 |      138 |     16 |   227 |    +2.0% |   -2.461 |    -2674.8 |     -142.8 |    108 | digest\[255\]$_DFFE_PN0P_/D
    2150* |      15 |     477 |      142 |     16 |   228 |    +2.0% |   -2.461 |    -2674.8 |     -144.0 |    108 | digest\[255\]$_DFFE_PN0P_/D
    2151* |      15 |     465 |      131 |     16 |   227 |    +1.9% |   -2.461 |    -2674.8 |     -141.0 |    108 | digest\[255\]$_DFFE_PN0P_/D
    2160* |      15 |     470 |      134 |     16 |   227 |    +2.0% |   -2.461 |    -2674.8 |     -141.8 |    108 | digest\[255\]$_DFFE_PN0P_/D
    2169* |      15 |     465 |      131 |     16 |   227 |    +1.9% |   -2.461 |    -2674.8 |     -141.0 |    108 | digest\[255\]$_DFFE_PN0P_/D
    2170* |      15 |     465 |      131 |     16 |   227 |    +1.9% |   -2.461 |    -2674.8 |     -141.0 |    108 | digest\[255\]$_DFFE_PN0P_/D
    2180* |      15 |     472 |      134 |     16 |   227 |    +2.0% |   -2.461 |    -2674.8 |     -141.8 |    108 | digest\[255\]$_DFFE_PN0P_/D
    2190* |      15 |     477 |      139 |     16 |   227 |    +2.0% |   -2.461 |    -2674.8 |     -142.7 |    108 | digest\[255\]$_DFFE_PN0P_/D
    2200* |      15 |     482 |      144 |     16 |   227 |    +2.0% |   -2.461 |    -2674.8 |     -143.7 |    108 | digest\[255\]$_DFFE_PN0P_/D
    2200* |      15 |     470 |      132 |     16 |   227 |    +2.0% |   -2.461 |    -2674.8 |     -140.9 |    108 | digest\[255\]$_DFFE_PN0P_/D
    2210* |      15 |     474 |      136 |     16 |   228 |    +2.0% |   -2.461 |    -2674.8 |     -142.1 |    108 | digest\[255\]$_DFFE_PN0P_/D
    2220* |      15 |     481 |      138 |     16 |   229 |    +2.0% |   -2.461 |    -2674.8 |     -141.8 |    108 | digest\[255\]$_DFFE_PN0P_/D
    2230* |      15 |     486 |      143 |     16 |   229 |    +2.0% |   -2.461 |    -2674.8 |     -142.8 |    108 | digest\[255\]$_DFFE_PN0P_/D
    2240* |      15 |     491 |      148 |     16 |   229 |    +2.1% |   -2.461 |    -2674.8 |     -143.8 |    108 | digest\[255\]$_DFFE_PN0P_/D
    2242* |      15 |     472 |      133 |     16 |   228 |    +2.0% |   -2.461 |    -2674.8 |     -141.4 |    108 | digest\[255\]$_DFFE_PN0P_/D
    2250* |      15 |     475 |      136 |     16 |   229 |    +2.0% |   -2.461 |    -2674.8 |     -142.6 |    108 | digest\[255\]$_DFFE_PN0P_/D
    2260* |      15 |     482 |      139 |     16 |   229 |    +2.0% |   -2.461 |    -2674.8 |     -144.4 |    108 | digest\[255\]$_DFFE_PN0P_/D
    2270* |      15 |     487 |      144 |     16 |   229 |    +2.0% |   -2.461 |    -2674.8 |     -145.4 |    108 | digest\[255\]$_DFFE_PN0P_/D
    2280* |      15 |     491 |      148 |     16 |   231 |    +2.1% |   -2.461 |    -2674.8 |     -145.6 |    108 | digest\[255\]$_DFFE_PN0P_/D
    2284* |      15 |     474 |      133 |     16 |   228 |    +2.0% |   -2.461 |    -2674.8 |     -141.4 |    108 | digest\[255\]$_DFFE_PN0P_/D
    2290* |      16 |     475 |      133 |     16 |   231 |    +2.0% |   -2.461 |    -2674.8 |     -141.1 |    108 | digest\[255\]$_DFFE_PN0P_/D
    2300* |      16 |     481 |      135 |     16 |   233 |    +2.0% |   -2.461 |    -2674.8 |     -141.2 |    108 | digest\[255\]$_DFFE_PN0P_/D
    2310* |      16 |     486 |      138 |     16 |   235 |    +2.0% |   -2.461 |    -2674.8 |     -141.7 |    108 | digest\[255\]$_DFFE_PN0P_/D
    2320* |      16 |     490 |      144 |     16 |   235 |    +2.0% |   -2.461 |    -2674.8 |     -142.9 |    108 | digest\[255\]$_DFFE_PN0P_/D
    2330* |      16 |     496 |      147 |     16 |   236 |    +2.1% |   -2.461 |    -2674.8 |     -143.5 |    108 | digest\[255\]$_DFFE_PN0P_/D
    2340* |      17 |     502 |      150 |     16 |   236 |    +2.1% |   -2.461 |    -2674.8 |     -143.9 |    108 | digest\[255\]$_DFFE_PN0P_/D
    2340* |      16 |     481 |      135 |     16 |   232 |    +2.0% |   -2.461 |    -2674.8 |     -141.1 |    108 | digest\[255\]$_DFFE_PN0P_/D
    2350* |      16 |     486 |      137 |     16 |   234 |    +2.0% |   -2.461 |    -2674.8 |     -141.5 |    108 | digest\[255\]$_DFFE_PN0P_/D
    2360* |      16 |     492 |      141 |     16 |   234 |    +2.0% |   -2.461 |    -2674.8 |     -142.5 |    108 | digest\[255\]$_DFFE_PN0P_/D
    2370* |      16 |     497 |      146 |     16 |   234 |    +2.1% |   -2.461 |    -2674.8 |     -144.0 |    108 | digest\[255\]$_DFFE_PN0P_/D
    2373* |      16 |     481 |      135 |     16 |   232 |    +2.0% |   -2.461 |    -2674.8 |     -141.1 |    108 | digest\[255\]$_DFFE_PN0P_/D
    2380* |      16 |     483 |      137 |     16 |   235 |    +2.0% |   -2.461 |    -2674.8 |     -141.3 |    108 | digest\[255\]$_DFFE_PN0P_/D
    2390* |      16 |     489 |      140 |     16 |   236 |    +2.0% |   -2.461 |    -2674.8 |     -142.1 |    108 | digest\[255\]$_DFFE_PN0P_/D
    2400* |      18 |     493 |      143 |     16 |   237 |    +2.0% |   -2.461 |    -2674.8 |     -141.6 |    108 | digest\[255\]$_DFFE_PN0P_/D
    2400* |      16 |     481 |      135 |     16 |   232 |    +2.0% |   -2.461 |    -2674.8 |     -141.1 |    108 | digest\[255\]$_DFFE_PN0P_/D
    2410* |      16 |     486 |      138 |     16 |   233 |    +2.0% |   -2.461 |    -2674.8 |     -142.0 |    108 | digest\[255\]$_DFFE_PN0P_/D
    2420* |      16 |     491 |      143 |     16 |   233 |    +2.0% |   -2.461 |    -2674.8 |     -142.9 |    108 | digest\[255\]$_DFFE_PN0P_/D
    2430* |      16 |     496 |      148 |     16 |   233 |    +2.1% |   -2.461 |    -2674.8 |     -143.9 |    108 | digest\[255\]$_DFFE_PN0P_/D
    2435* |      16 |     481 |      135 |     16 |   232 |    +2.0% |   -2.461 |    -2674.8 |     -141.1 |    108 | digest\[255\]$_DFFE_PN0P_/D
    2436* |      16 |     481 |      135 |     16 |   232 |    +2.0% |   -2.461 |    -2674.8 |     -141.1 |    108 | digest\[255\]$_DFFE_PN0P_/D
    2437* |      16 |     481 |      135 |     16 |   232 |    +2.0% |   -2.461 |    -2674.8 |     -141.1 |    108 | digest\[255\]$_DFFE_PN0P_/D
    2439* |      16 |     482 |      135 |     16 |   232 |    +2.0% |   -2.461 |    -2674.8 |     -141.1 |    108 | digest\[255\]$_DFFE_PN0P_/D
    2440* |      16 |     482 |      135 |     16 |   232 |    +2.0% |   -2.461 |    -2674.8 |     -141.1 |    108 | digest\[255\]$_DFFE_PN0P_/D
    2440* |      16 |     482 |      135 |     16 |   232 |    +2.0% |   -2.461 |    -2674.8 |     -141.1 |    108 | digest\[255\]$_DFFE_PN0P_/D
    2441* |      16 |     482 |      135 |     16 |   232 |    +2.0% |   -2.461 |    -2674.8 |     -141.1 |    108 | digest\[255\]$_DFFE_PN0P_/D
    2442* |      16 |     482 |      135 |     16 |   232 |    +2.0% |   -2.461 |    -2674.8 |     -141.1 |    108 | digest\[255\]$_DFFE_PN0P_/D
    2443* |      16 |     482 |      135 |     16 |   232 |    +2.0% |   -2.461 |    -2674.8 |     -141.1 |    108 | digest\[255\]$_DFFE_PN0P_/D
    2443* |      16 |     482 |      135 |     16 |   232 |    +2.0% |   -2.461 |    -2674.8 |     -141.1 |    108 | digest\[255\]$_DFFE_PN0P_/D
    2444+ |      16 |     482 |      135 |     16 |   232 |    +2.0% |   -2.461 |    -2674.8 |     -141.1 |    101 | digest\[255\]$_DFFE_PN0P_/D
    2445+ |      16 |     482 |      135 |     16 |   232 |    +2.0% |   -2.461 |    -2674.8 |     -141.1 |    101 | digest\[255\]$_DFFE_PN0P_/D
    2446+ |      16 |     482 |      135 |     16 |   232 |    +2.0% |   -2.461 |    -2674.8 |     -141.1 |    101 | digest\[255\]$_DFFE_PN0P_/D
    2447+ |      16 |     482 |      135 |     16 |   232 |    +2.0% |   -2.461 |    -2674.8 |     -141.1 |    101 | digest\[255\]$_DFFE_PN0P_/D
    2449+ |      16 |     483 |      135 |     16 |   232 |    +2.0% |   -2.461 |    -2674.8 |     -141.1 |    101 | digest\[255\]$_DFFE_PN0P_/D
    2450+ |      16 |     483 |      135 |     16 |   232 |    +2.0% |   -2.461 |    -2674.8 |     -141.1 |    101 | digest\[255\]$_DFFE_PN0P_/D
    2450+ |      16 |     483 |      135 |     16 |   232 |    +2.0% |   -2.461 |    -2674.8 |     -141.1 |    101 | digest\[255\]$_DFFE_PN0P_/D
    2451+ |      16 |     483 |      135 |     16 |   232 |    +2.0% |   -2.461 |    -2674.8 |     -141.1 |    101 | digest\[255\]$_DFFE_PN0P_/D
    2452+ |      16 |     483 |      135 |     16 |   232 |    +2.0% |   -2.461 |    -2674.8 |     -141.1 |    101 | digest\[255\]$_DFFE_PN0P_/D
    2453+ |      16 |     483 |      135 |     16 |   232 |    +2.0% |   -2.461 |    -2674.8 |     -141.1 |    101 | digest\[255\]$_DFFE_PN0P_/D
    2454+ |      16 |     483 |      135 |     16 |   232 |    +2.0% |   -2.461 |    -2674.8 |     -141.1 |    101 | digest\[255\]$_DFFE_PN0P_/D
    2456+ |      16 |     484 |      135 |     16 |   232 |    +2.0% |   -2.461 |    -2674.8 |     -141.1 |    101 | digest\[255\]$_DFFE_PN0P_/D
    2457+ |      16 |     484 |      135 |     16 |   232 |    +2.0% |   -2.461 |    -2674.8 |     -141.1 |    101 | digest\[255\]$_DFFE_PN0P_/D
    2458+ |      16 |     484 |      135 |     16 |   232 |    +2.0% |   -2.461 |    -2674.8 |     -141.1 |    101 | digest\[255\]$_DFFE_PN0P_/D
    2460+ |      16 |     485 |      135 |     16 |   232 |    +2.0% |   -2.461 |    -2674.8 |     -140.9 |    101 | digest\[255\]$_DFFE_PN0P_/D
    2461+ |      16 |     486 |      135 |     16 |   232 |    +2.0% |   -2.461 |    -2674.8 |     -140.9 |    101 | digest\[255\]$_DFFE_PN0P_/D
    2462+ |      16 |     486 |      135 |     16 |   232 |    +2.0% |   -2.461 |    -2674.8 |     -140.9 |    101 | digest\[255\]$_DFFE_PN0P_/D
    2463+ |      16 |     486 |      135 |     16 |   232 |    +2.0% |   -2.461 |    -2674.8 |     -140.9 |    101 | digest\[255\]$_DFFE_PN0P_/D
    2464+ |      16 |     486 |      135 |     16 |   232 |    +2.0% |   -2.461 |    -2674.8 |     -140.9 |    101 | digest\[255\]$_DFFE_PN0P_/D
    2467+ |      16 |     488 |      135 |     16 |   232 |    +2.0% |   -2.461 |    -2674.8 |     -140.8 |    101 | digest\[255\]$_DFFE_PN0P_/D
    2468+ |      16 |     488 |      135 |     16 |   232 |    +2.0% |   -2.461 |    -2674.8 |     -140.8 |    101 | digest\[255\]$_DFFE_PN0P_/D
    2469+ |      16 |     488 |      135 |     16 |   232 |    +2.0% |   -2.461 |    -2674.8 |     -140.8 |    101 | digest\[255\]$_DFFE_PN0P_/D
    2470+ |      16 |     488 |      135 |     16 |   232 |    +2.0% |   -2.461 |    -2674.8 |     -140.8 |    101 | digest\[255\]$_DFFE_PN0P_/D
    2471+ |      16 |     489 |      135 |     16 |   232 |    +2.0% |   -2.461 |    -2674.8 |     -140.8 |    101 | digest\[255\]$_DFFE_PN0P_/D
    2472+ |      16 |     489 |      135 |     16 |   232 |    +2.0% |   -2.461 |    -2674.8 |     -140.8 |    101 | digest\[255\]$_DFFE_PN0P_/D
    2474+ |      16 |     490 |      135 |     16 |   232 |    +2.0% |   -2.461 |    -2674.8 |     -140.8 |    101 | digest\[255\]$_DFFE_PN0P_/D
    2475+ |      16 |     490 |      135 |     16 |   232 |    +2.0% |   -2.461 |    -2674.8 |     -140.8 |    101 | digest\[255\]$_DFFE_PN0P_/D
    2476+ |      16 |     490 |      135 |     16 |   232 |    +2.0% |   -2.461 |    -2674.8 |     -140.8 |    101 | digest\[255\]$_DFFE_PN0P_/D
    2477+ |      16 |     490 |      135 |     16 |   232 |    +2.0% |   -2.461 |    -2674.8 |     -140.8 |    101 | digest\[255\]$_DFFE_PN0P_/D
    2478+ |      16 |     490 |      135 |     16 |   232 |    +2.0% |   -2.461 |    -2674.8 |     -140.8 |    101 | digest\[255\]$_DFFE_PN0P_/D
    2480+ |      16 |     491 |      135 |     16 |   232 |    +2.0% |   -2.461 |    -2674.8 |     -140.8 |    101 | digest\[255\]$_DFFE_PN0P_/D
    2485+ |      16 |     496 |      135 |     16 |   232 |    +2.0% |   -2.461 |    -2675.3 |     -140.7 |    101 | digest\[255\]$_DFFE_PN0P_/D
    2486+ |      16 |     496 |      135 |     16 |   232 |    +2.0% |   -2.461 |    -2675.3 |     -140.7 |    101 | digest\[255\]$_DFFE_PN0P_/D
    2487+ |      16 |     496 |      135 |     16 |   232 |    +2.0% |   -2.461 |    -2675.3 |     -140.7 |    101 | digest\[255\]$_DFFE_PN0P_/D
    2488+ |      16 |     496 |      135 |     16 |   232 |    +2.0% |   -2.461 |    -2675.3 |     -140.7 |    101 | digest\[255\]$_DFFE_PN0P_/D
    2489+ |      16 |     496 |      135 |     16 |   232 |    +2.0% |   -2.461 |    -2675.3 |     -140.7 |    101 | digest\[255\]$_DFFE_PN0P_/D
    2490+ |      16 |     496 |      135 |     16 |   232 |    +2.0% |   -2.461 |    -2675.3 |     -140.7 |    101 | digest\[255\]$_DFFE_PN0P_/D
    2490+ |      16 |     496 |      135 |     16 |   232 |    +2.0% |   -2.461 |    -2675.3 |     -140.7 |    101 | digest\[255\]$_DFFE_PN0P_/D
    2491+ |      16 |     496 |      135 |     16 |   232 |    +2.0% |   -2.461 |    -2675.3 |     -140.7 |    101 | digest\[255\]$_DFFE_PN0P_/D
    2492+ |      16 |     496 |      135 |     16 |   232 |    +2.0% |   -2.461 |    -2675.3 |     -140.7 |    101 | digest\[255\]$_DFFE_PN0P_/D
    2497+ |      16 |     500 |      135 |     16 |   232 |    +2.0% |   -2.461 |    -2675.3 |     -140.6 |    101 | digest\[255\]$_DFFE_PN0P_/D
    2499+ |      16 |     501 |      135 |     16 |   232 |    +2.0% |   -2.461 |    -2675.3 |     -140.6 |    101 | digest\[255\]$_DFFE_PN0P_/D
    2500+ |      16 |     501 |      135 |     16 |   232 |    +2.0% |   -2.461 |    -2675.3 |     -140.6 |    101 | digest\[255\]$_DFFE_PN0P_/D
    2501+ |      16 |     501 |      135 |     16 |   232 |    +2.0% |   -2.461 |    -2675.3 |     -140.6 |    101 | digest\[255\]$_DFFE_PN0P_/D
    2502+ |      16 |     501 |      135 |     16 |   232 |    +2.0% |   -2.461 |    -2675.3 |     -140.6 |    101 | digest\[255\]$_DFFE_PN0P_/D
    2503+ |      16 |     501 |      135 |     16 |   232 |    +2.0% |   -2.461 |    -2675.3 |     -140.6 |    101 | digest\[255\]$_DFFE_PN0P_/D
    2504+ |      16 |     501 |      135 |     16 |   232 |    +2.0% |   -2.461 |    -2675.3 |     -140.6 |    101 | digest\[255\]$_DFFE_PN0P_/D
    2506+ |      16 |     502 |      135 |     16 |   232 |    +2.0% |   -2.461 |    -2675.3 |     -140.6 |    101 | digest\[255\]$_DFFE_PN0P_/D
    2507+ |      16 |     502 |      135 |     16 |   232 |    +2.0% |   -2.461 |    -2675.3 |     -140.6 |    101 | digest\[255\]$_DFFE_PN0P_/D
    2509+ |      16 |     503 |      135 |     16 |   232 |    +2.0% |   -2.461 |    -2675.3 |     -140.6 |    101 | digest\[255\]$_DFFE_PN0P_/D
    2510+ |      16 |     503 |      135 |     16 |   232 |    +2.0% |   -2.461 |    -2675.3 |     -140.6 |    101 | digest\[255\]$_DFFE_PN0P_/D
    2513+ |      16 |     506 |      135 |     16 |   232 |    +2.0% |   -2.461 |    -2675.3 |     -140.6 |    101 | digest\[255\]$_DFFE_PN0P_/D
    2514+ |      16 |     506 |      135 |     16 |   232 |    +2.0% |   -2.461 |    -2675.3 |     -140.6 |    101 | digest\[255\]$_DFFE_PN0P_/D
    2518+ |      16 |     509 |      135 |     16 |   232 |    +2.0% |   -2.461 |    -2675.3 |     -140.5 |    101 | digest\[255\]$_DFFE_PN0P_/D
    2519+ |      16 |     509 |      135 |     16 |   232 |    +2.0% |   -2.461 |    -2675.3 |     -140.5 |    101 | digest\[255\]$_DFFE_PN0P_/D
    2520+ |      16 |     509 |      135 |     16 |   232 |    +2.0% |   -2.461 |    -2675.3 |     -140.5 |    101 | digest\[255\]$_DFFE_PN0P_/D
    2520+ |      16 |     509 |      135 |     16 |   232 |    +2.0% |   -2.461 |    -2675.3 |     -140.5 |    101 | digest\[255\]$_DFFE_PN0P_/D
    2521+ |      16 |     509 |      135 |     16 |   232 |    +2.0% |   -2.461 |    -2675.3 |     -140.5 |    101 | digest\[255\]$_DFFE_PN0P_/D
    2525+ |      16 |     512 |      135 |     16 |   232 |    +2.0% |   -2.461 |    -2675.3 |     -140.5 |    101 | digest\[255\]$_DFFE_PN0P_/D
    2527+ |      16 |     512 |      135 |     16 |   233 |    +2.0% |   -2.461 |    -2675.3 |     -140.4 |    101 | digest\[255\]$_DFFE_PN0P_/D
    2529+ |      16 |     513 |      135 |     16 |   233 |    +2.0% |   -2.461 |    -2675.3 |     -140.4 |    101 | digest\[255\]$_DFFE_PN0P_/D
    2530+ |      16 |     513 |      135 |     16 |   233 |    +2.0% |   -2.461 |    -2675.3 |     -140.4 |    101 | digest\[255\]$_DFFE_PN0P_/D
    2531+ |      16 |     513 |      135 |     16 |   234 |    +2.0% |   -2.461 |    -2675.3 |     -140.4 |    101 | digest\[255\]$_DFFE_PN0P_/D
    2534+ |      16 |     515 |      135 |     16 |   234 |    +2.0% |   -2.461 |    -2675.3 |     -140.4 |    101 | digest\[255\]$_DFFE_PN0P_/D
    2536+ |      16 |     516 |      135 |     16 |   234 |    +2.1% |   -2.461 |    -2675.3 |     -140.4 |    101 | digest\[255\]$_DFFE_PN0P_/D
    2537+ |      16 |     516 |      135 |     16 |   234 |    +2.1% |   -2.461 |    -2675.3 |     -140.4 |    101 | digest\[255\]$_DFFE_PN0P_/D
    2539+ |      16 |     517 |      135 |     16 |   234 |    +2.1% |   -2.461 |    -2675.3 |     -140.4 |    101 | digest\[255\]$_DFFE_PN0P_/D
    2540+ |      16 |     517 |      135 |     16 |   234 |    +2.1% |   -2.461 |    -2675.3 |     -140.4 |    101 | digest\[255\]$_DFFE_PN0P_/D
    2542+ |      16 |     519 |      135 |     16 |   234 |    +2.1% |   -2.461 |    -2675.3 |     -140.4 |    101 | digest\[255\]$_DFFE_PN0P_/D
    2543+ |      16 |     519 |      135 |     16 |   234 |    +2.1% |   -2.461 |    -2675.3 |     -140.4 |    101 | digest\[255\]$_DFFE_PN0P_/D
    2546+ |      16 |     521 |      135 |     16 |   234 |    +2.1% |   -2.461 |    -2675.3 |     -140.2 |    101 | digest\[255\]$_DFFE_PN0P_/D
    2547+ |      16 |     521 |      135 |     16 |   234 |    +2.1% |   -2.461 |    -2675.3 |     -140.2 |    101 | digest\[255\]$_DFFE_PN0P_/D
    2550+ |      16 |     523 |      135 |     16 |   234 |    +2.1% |   -2.461 |    -2675.3 |     -140.1 |    101 | digest\[255\]$_DFFE_PN0P_/D
    2552+ |      16 |     525 |      135 |     16 |   234 |    +2.1% |   -2.461 |    -2675.3 |     -140.0 |    101 | digest\[255\]$_DFFE_PN0P_/D
    2555+ |      16 |     526 |      135 |     16 |   235 |    +2.1% |   -2.461 |    -2675.3 |     -140.0 |    101 | digest\[255\]$_DFFE_PN0P_/D
    2556+ |      16 |     526 |      135 |     16 |   235 |    +2.1% |   -2.461 |    -2675.3 |     -140.0 |    101 | digest\[255\]$_DFFE_PN0P_/D
    2558+ |      16 |     527 |      135 |     16 |   235 |    +2.1% |   -2.461 |    -2675.3 |     -140.0 |    101 | digest\[255\]$_DFFE_PN0P_/D
    2559+ |      16 |     527 |      135 |     16 |   235 |    +2.1% |   -2.461 |    -2675.3 |     -140.0 |    101 | digest\[255\]$_DFFE_PN0P_/D
    2560+ |      16 |     527 |      135 |     16 |   235 |    +2.1% |   -2.461 |    -2675.3 |     -140.0 |    101 | digest\[255\]$_DFFE_PN0P_/D
    2560+ |      16 |     527 |      135 |     16 |   235 |    +2.1% |   -2.461 |    -2675.3 |     -140.0 |    101 | digest\[255\]$_DFFE_PN0P_/D
    2561+ |      16 |     527 |      135 |     16 |   235 |    +2.1% |   -2.461 |    -2675.3 |     -140.0 |    101 | digest\[255\]$_DFFE_PN0P_/D
    2562+ |      16 |     527 |      135 |     16 |   235 |    +2.1% |   -2.461 |    -2675.3 |     -140.0 |    101 | digest\[255\]$_DFFE_PN0P_/D
    2563+ |      16 |     527 |      135 |     16 |   235 |    +2.1% |   -2.461 |    -2675.3 |     -140.0 |    101 | digest\[255\]$_DFFE_PN0P_/D
    2566+ |      16 |     529 |      135 |     16 |   235 |    +2.1% |   -2.461 |    -2675.3 |     -139.9 |    101 | digest\[255\]$_DFFE_PN0P_/D
    2570+ |      16 |     532 |      135 |     16 |   235 |    +2.1% |   -2.461 |    -2675.3 |     -139.9 |    101 | digest\[255\]$_DFFE_PN0P_/D
    2570+ |      16 |     532 |      135 |     16 |   235 |    +2.1% |   -2.461 |    -2675.3 |     -139.9 |    101 | digest\[255\]$_DFFE_PN0P_/D
    2573+ |      16 |     534 |      135 |     16 |   235 |    +2.1% |   -2.461 |    -2675.3 |     -139.9 |    101 | digest\[255\]$_DFFE_PN0P_/D
    2574+ |      16 |     534 |      135 |     16 |   235 |    +2.1% |   -2.461 |    -2675.3 |     -139.9 |    101 | digest\[255\]$_DFFE_PN0P_/D
    2575+ |      16 |     534 |      135 |     16 |   235 |    +2.1% |   -2.461 |    -2675.3 |     -139.9 |    101 | digest\[255\]$_DFFE_PN0P_/D
    2579+ |      16 |     537 |      135 |     16 |   235 |    +2.1% |   -2.461 |    -2675.3 |     -139.8 |    101 | digest\[255\]$_DFFE_PN0P_/D
    2580+ |      16 |     537 |      135 |     16 |   235 |    +2.1% |   -2.461 |    -2675.3 |     -139.8 |    101 | digest\[255\]$_DFFE_PN0P_/D
    2580+ |      16 |     537 |      135 |     16 |   235 |    +2.1% |   -2.461 |    -2675.3 |     -139.8 |    101 | digest\[255\]$_DFFE_PN0P_/D
    2583+ |      16 |     539 |      135 |     16 |   235 |    +2.1% |   -2.461 |    -2675.3 |     -139.8 |    101 | digest\[255\]$_DFFE_PN0P_/D
    2585+ |      16 |     540 |      135 |     16 |   235 |    +2.1% |   -2.461 |    -2675.3 |     -139.8 |    101 | digest\[255\]$_DFFE_PN0P_/D
    2587+ |      16 |     541 |      135 |     16 |   235 |    +2.1% |   -2.461 |    -2675.3 |     -139.7 |    101 | digest\[255\]$_DFFE_PN0P_/D
    2588+ |      16 |     541 |      135 |     16 |   235 |    +2.1% |   -2.461 |    -2675.3 |     -139.7 |    101 | digest\[255\]$_DFFE_PN0P_/D
    2589+ |      16 |     541 |      135 |     16 |   235 |    +2.1% |   -2.461 |    -2675.3 |     -139.7 |    101 | digest\[255\]$_DFFE_PN0P_/D
    2590+ |      16 |     541 |      135 |     16 |   235 |    +2.1% |   -2.461 |    -2675.3 |     -139.7 |    101 | digest\[255\]$_DFFE_PN0P_/D
    2590+ |      16 |     541 |      135 |     16 |   235 |    +2.1% |   -2.461 |    -2675.3 |     -139.7 |    101 | digest\[255\]$_DFFE_PN0P_/D
    2591+ |      16 |     541 |      135 |     16 |   235 |    +2.1% |   -2.461 |    -2675.3 |     -139.7 |    101 | digest\[255\]$_DFFE_PN0P_/D
    2594+ |      16 |     543 |      135 |     16 |   235 |    +2.1% |   -2.461 |    -2675.3 |     -139.7 |    101 | digest\[255\]$_DFFE_PN0P_/D
    2596+ |      16 |     544 |      135 |     16 |   235 |    +2.1% |   -2.461 |    -2675.3 |     -139.7 |    101 | digest\[255\]$_DFFE_PN0P_/D
    2597+ |      16 |     544 |      135 |     16 |   235 |    +2.1% |   -2.461 |    -2675.3 |     -139.7 |    101 | digest\[255\]$_DFFE_PN0P_/D
    2599+ |      16 |     545 |      135 |     16 |   235 |    +2.1% |   -2.461 |    -2675.3 |     -139.7 |    101 | digest\[255\]$_DFFE_PN0P_/D
    2600+ |      16 |     545 |      135 |     16 |   235 |    +2.1% |   -2.461 |    -2675.3 |     -139.7 |    101 | digest\[255\]$_DFFE_PN0P_/D
    final |      16 |     545 |      135 |     16 |   235 |    +2.1% |   -2.461 |    -2675.3 |     -139.7 |    101 | digest\[255\]$_DFFE_PN0P_/D
------------------------------------------------------------------------------------------------------------------------------
[INFO RSZ-0059] Removed 16 buffers.
[INFO RSZ-0045] Inserted 135 buffers, 1 to split loads.
[INFO RSZ-0051] Resized 545 instances: 544 up, 1 up match, 0 down, 0 VT
[INFO RSZ-0043] Swapped pins on 235 instances.
[INFO RSZ-0049] Cloned 16 instances.
[WARNING RSZ-0062] Unable to repair all setup violations.
[INFO RSZ-0505] Runtime: 30.13s
[INFO RSZ-0033] No hold violations found.
[INFO RSZ-0506] Runtime: 0.01s
Took 30 seconds: repair_timing -repair_tns 100 -match_cell_footprint -verbose
Floating nets: 
Report metrics stage 3, resizer...

==========================================================================
resizer report_design_area
--------------------------------------------------------------------------
Design area 208538 um^2 50% utilization.
Instance count before 23258, after 23393
Pin count before 65682, after 65952
write_db ./results/sky130hd/chia_sha256_benchmark_corrupted/slot1/3_4_place_resized.odb
Log                       Ext     Elapsed/s Peak Memory/MB sha1sum result [0:20)
3_4_place_resized         .odb           36            226 5f7eb4394fa2a0d90621
/root/OpenROAD-flow-scripts/flow/scripts/flow.sh 3_5_place_dp detail_place
Running detail_place.tcl, stage 3_5_place_dp
read_liberty /root/OpenROAD-flow-scripts/flow/platforms/sky130hd/lib/sky130_fd_sc_hd__tt_025C_1v80.lib
read_db ./results/sky130hd/chia_sha256_benchmark_corrupted/slot1/3_4_place_resized.odb
read_sdc ./results/sky130hd/chia_sha256_benchmark_corrupted/slot1/2_floorplan.sdc
source /root/OpenROAD-flow-scripts/flow/platforms/sky130hd/setRC.tcl
detailed_placement
[INFO DPL-0006] Core area: 413101.20 um^2
[INFO DPL-0007] Movable instances area: 201688.44 um^2
[INFO DPL-0008] Fixed instances area within core: 6849.07 um^2
[INFO DPL-0009] Utilization: 50.5%
[INFO DPL-0005] Diamond search max displacement: +/- 500 sites horizontally, +/- 100 rows vertically.
[INFO DPL-1102] Legalizing using negotiation legalizer.
[INFO DPL-1103] Negotiation base search window: +/-20 sites horizontally, +/-5 rows vertically 
	Automatic search window extension enabled.
	Search window extendable up to the max displacement cap of +/-500 sites, +/-100 rows near walls.
[INFO DPL-1104] NegotiationLegalizer DRC penalty: 5.
[INFO DPL-0392] Negotiation cell height distribution (1 unique row-count(s)):
[INFO DPL-0393]   height 1 row(s): 23393 cells
          |      Total |  Illegal |  Illegal
Iteration | Violations |    Cells |    Sites
---------------------------------------------
        0 |       1723 |       423 |      1300
        1 |        138 |        34 |       104
        2 |          0 |         0 |         0
Negotiation phase 1 converged at iteration 2.
[INFO DPL-0500] Runtime: 0.17s
Placement Analysis
---------------------------------
total displacement      60335.4 u
average displacement        2.6 u
max displacement           27.1 u
original HPWL          563875.0 u
legalized HPWL         617429.9 u
delta HPWL                    9 %

improve_placement -max_displacement "5 1"
Detailed placement improvement.
[INFO DPL-0401] Setting random seed to 1.
[INFO DPL-0402] Setting maximum displacement 5 1 to 13600 2720 units.
[INFO DPL-0320] Collected 6246 fixed cells.
[INFO DPL-0318] Collected 17919 single height cells.
[INFO DPL-0321] Collected 0 wide cells.
[INFO DPL-0322] Image (1380, 2720) - (644920, 644640)
[INFO DPL-0310] Assigned 17919 cells into segments.  Movement in X-direction is 0.000000, movement in Y-direction is 0.000000.
[INFO DPL-0313] Found 0 cells in wrong regions.
[INFO DPL-0315] Found 0 row alignment problems.
[INFO DPL-0314] Found 0 site alignment problems.
[INFO DPL-0311] Found 0 overlaps between adjacent cells.
[INFO DPL-0312] Found 0 edge spacing violations and 0 padding violations.
[INFO DPL-0303] Running algorithm for independent set matching.
[INFO DPL-0300] Set matching objective is wirelength.
[INFO DPL-0301] Pass   1 of matching; objective is 6.173257e+08.
[INFO DPL-0302] End of matching; objective is 6.168550e+08, improvement is 0.08 percent.
[INFO DPL-0303] Running algorithm for global swaps.
[INFO DPL-0306] Pass   1 of global swaps; hpwl is 6.097915e+08.
[INFO DPL-0306] Pass   2 of global swaps; hpwl is 6.084290e+08.
[INFO DPL-0307] End of global swaps; objective is 6.084290e+08, improvement is 1.37 percent.
[INFO DPL-0303] Running algorithm for vertical swaps.
[INFO DPL-0308] Pass   1 of vertical swaps; hpwl is 6.065023e+08.
[INFO DPL-0309] End of vertical swaps; objective is 6.065023e+08, improvement is 0.32 percent.
[INFO DPL-0303] Running algorithm for reordering.
[INFO DPL-0304] Pass   1 of reordering; objective is 6.059272e+08.
[INFO DPL-0305] End of reordering; objective is 6.059272e+08, improvement is 0.09 percent.
[INFO DPL-0303] Running algorithm for random improvement.
[INFO DPL-0324] Random improver is using random generator.
[INFO DPL-0325] Random improver is using hpwl objective.
[INFO DPL-0326] Random improver cost string is (a).
[INFO DPL-0332] End of pass, Generator random called 358380 times.
[INFO DPL-0335] Generator random, Cumulative attempts 358380, swaps 53947, moves 77188 since last reset.
[INFO DPL-0333] End of pass, Objective hpwl, Initial cost 5.977211e+08, Scratch cost 5.916954e+08, Incremental cost 5.916954e+08, Mismatch? N
[INFO DPL-0338] End of pass, Total cost is 5.916954e+08.
[INFO DPL-0327] Pass   1 of random improver; improvement in cost is 1.01 percent.
[INFO DPL-0332] End of pass, Generator random called 358380 times.
[INFO DPL-0335] Generator random, Cumulative attempts 716760, swaps 105018, moves 154886 since last reset.
[INFO DPL-0333] End of pass, Objective hpwl, Initial cost 5.916954e+08, Scratch cost 5.895601e+08, Incremental cost 5.895601e+08, Mismatch? N
[INFO DPL-0338] End of pass, Total cost is 5.895601e+08.
[INFO DPL-0327] Pass   2 of random improver; improvement in cost is 0.36 percent.
[INFO DPL-0328] End of random improver; improvement is 1.365360 percent.
[INFO DPL-0380] Cell flipping.
[INFO DPL-0382] Changed 0 cell orientations for row compatibility.
[INFO DPL-0383] Performed 5014 cell flips.
[INFO DPL-0384] End of flipping; objective is 5.872023e+08, improvement is 1.76 percent.
[INFO DPL-0313] Found 0 cells in wrong regions.
[INFO DPL-0315] Found 0 row alignment problems.
[INFO DPL-0314] Found 0 site alignment problems.
[INFO DPL-0311] Found 0 overlaps between adjacent cells.
[INFO DPL-0312] Found 0 edge spacing violations and 0 padding violations.
Detailed Improvement Results
------------------------------------------
Original HPWL           617429.9 u (  269729.1,   347700.8)
Final HPWL              587413.5 u (  257487.7,   329925.7)
Delta HPWL                  -4.9 % (      -4.5,       -5.1)

optimize_mirroring
[INFO DPL-0020] Mirrored 932 instances
[INFO DPL-0021] HPWL before          587413.5 u
[INFO DPL-0022] HPWL after           587122.4 u
[INFO DPL-0023] HPWL delta               -0.0 %
[INFO FLW-0012] Placement violations .
estimate_parasitics -placement
Report metrics stage 3, detailed place...

==========================================================================
detailed place report_design_area
--------------------------------------------------------------------------
Design area 208538 um^2 50% utilization.
write_db ./results/sky130hd/chia_sha256_benchmark_corrupted/slot1/3_5_place_dp.odb
write_sdc -no_timestamp ./results/sky130hd/chia_sha256_benchmark_corrupted/slot1/3_place.sdc
Log                       Ext     Elapsed/s Peak Memory/MB sha1sum result [0:20)
3_5_place_dp              .odb            8            331 2c25c4f4d33684c43edf
cp ./results/sky130hd/chia_sha256_benchmark_corrupted/slot1/3_5_place_dp.odb ./results/sky130hd/chia_sha256_benchmark_corrupted/slot1/3_place.odb
make: Leaving directory '/root/OpenROAD-flow-scripts/flow'

STDERR:
bash: /opt/miniconda/lib/libtinfo.so.6: no version information available (required by bash)
bash: /opt/miniconda/lib/libtinfo.so.6: no version information available (required by bash)
bash: /opt/miniconda/lib/libtinfo.so.6: no version information available (required by bash)
bash: /opt/miniconda/lib/libtinfo.so.6: no version information available (required by bash)
bash: /opt/miniconda/lib/libtinfo.so.6: no version information available (required by bash)
bash: /opt/miniconda/lib/libtinfo.so.6: no version information available (required by bash)
bash: /opt/miniconda/lib/libtinfo.so.6: no version information available (required by bash)
bash: /opt/miniconda/lib/libtinfo.so.6: no version information available (required by bash)
bash: /opt/miniconda/lib/libtinfo.so.6: no version information available (required by bash)
bash: /opt/miniconda/lib/libtinfo.so.6: no version information available (required by bash)
bash: /opt/miniconda/lib/libtinfo.so.6: no version information available (required by bash)
bash: /opt/miniconda/lib/libtinfo.so.6: no version information available (required by bash)
bash: /opt/miniconda/lib/libtinfo.so.6: no version information available (required by bash)
bash: /opt/miniconda/lib/libtinfo.so.6: no version information available (required by bash)
bash: /opt/miniconda/lib/libtinfo.so.6: no version information available (required by bash)
bash: /opt/miniconda/lib/libtinfo.so.6: no version information available (required by bash)
bash: /opt/miniconda/lib/libtinfo.so.6: no version information available (required by bash)
bash: /opt/miniconda/lib/libtinfo.so.6: no version information available (required by bash)
bash: /opt/miniconda/lib/libtinfo.so.6: no version information available (required by bash)
bash: /opt/miniconda/lib/libtinfo.so.6: no version information available (required by bash)
bash: /opt/miniconda/lib/libtinfo.so.6: no version information available (required by bash)
bash: /opt/miniconda/lib/libtinfo.so.6: no version information available (required by bash)
bash: /opt/miniconda/lib/libtinfo.so.6: no version information available (required by bash)
bash: /opt/miniconda/lib/libtinfo.so.6: no version information available (required by bash)
Elapsed time: 0:02.37[h:]min:sec. CPU time: user 2.28 sys 0.07 (98%). Peak memory: 180036KB.
bash: /opt/miniconda/lib/libtinfo.so.6: no version information available (required by bash)
bash: /opt/miniconda/lib/libtinfo.so.6: no version information available (required by bash)
bash: /opt/miniconda/lib/libtinfo.so.6: no version information available (required by bash)
bash: /opt/miniconda/lib/libtinfo.so.6: no version information available (required by bash)
bash: /opt/miniconda/lib/libtinfo.so.6: no version information available (required by bash)
bash: /opt/miniconda/lib/libtinfo.so.6: no version information available (required by bash)
bash: /opt/miniconda/lib/libtinfo.so.6: no version information available (required by bash)
bash: /opt/miniconda/lib/libtinfo.so.6: no version information available (required by bash)
bash: /opt/miniconda/lib/libtinfo.so.6: no version information available (required by bash)
bash: /opt/miniconda/lib/libtinfo.so.6: no version information available (required by bash)
bash: /opt/miniconda/lib/libtinfo.so.6: no version information available (required by bash)
bash: /opt/miniconda/lib/libtinfo.so.6: no version information available (required by bash)
bash: /opt/miniconda/lib/libtinfo.so.6: no version information available (required by bash)
bash: /opt/miniconda/lib/libtinfo.so.6: no version information available (required by bash)
Elapsed time: 0:00.41[h:]min:sec. CPU time: user 0.33 sys 0.06 (94%). Peak memory: 160012KB.
bash: /opt/miniconda/lib/libtinfo.so.6: no version information available (required by bash)
bash: /opt/miniconda/lib/libtinfo.so.6: no version information available (required by bash)
bash: /opt/miniconda/lib/libtinfo.so.6: no version information available (required by bash)
bash: /opt/miniconda/lib/libtinfo.so.6: no version information available (required by bash)
bash: /opt/miniconda/lib/libtinfo.so.6: no version information available (required by bash)
bash: /opt/miniconda/lib/libtinfo.so.6: no version information available (required by bash)
bash: /opt/miniconda/lib/libtinfo.so.6: no version information available (required by bash)
bash: /opt/miniconda/lib/libtinfo.so.6: no version information available (required by bash)
bash: /opt/miniconda/lib/libtinfo.so.6: no version information available (required by bash)
bash: /opt/miniconda/lib/libtinfo.so.6: no version information available (required by bash)
bash: /opt/miniconda/lib/libtinfo.so.6: no version information available (required by bash)
bash: /opt/miniconda/lib/libtinfo.so.6: no version information available (required by bash)
bash: /opt/miniconda/lib/libtinfo.so.6: no version information available (required by bash)
bash: /opt/miniconda/lib/libtinfo.so.6: no version information available (required by bash)
Elapsed time: 0:24.52[h:]min:sec. CPU time: user 23.94 sys 0.31 (98%). Peak memory: 508236KB.
bash: /opt/miniconda/lib/libtinfo.so.6: no version information available (required by bash)
bash: /opt/miniconda/lib/libtinfo.so.6: no version information available (required by bash)
bash: /opt/miniconda/lib/libtinfo.so.6: no version information available (required by bash)
bash: /opt/miniconda/lib/libtinfo.so.6: no version information available (required by bash)
bash: /opt/miniconda/lib/libtinfo.so.6: no version information available (required by bash)
bash: /opt/miniconda/lib/libtinfo.so.6: no version information available (required by bash)
bash: /opt/miniconda/lib/libtinfo.so.6: no version information available (required by bash)
bash: /opt/miniconda/lib/libtinfo.so.6: no version information available (required by bash)
bash: /opt/miniconda/lib/libtinfo.so.6: no version information available (required by bash)
bash: /opt/miniconda/lib/libtinfo.so.6: no version information available (required by bash)
bash: /opt/miniconda/lib/libtinfo.so.6: no version information available (required by bash)
bash: /opt/miniconda/lib/libtinfo.so.6: no version information available (required by bash)
bash: /opt/miniconda/lib/libtinfo.so.6: no version information available (required by bash)
bash: /opt/miniconda/lib/libtinfo.so.6: no version information available (required by bash)
Elapsed time: 0:36.11[h:]min:sec. CPU time: user 35.93 sys 0.15 (99%). Peak memory: 231756KB.
bash: /opt/miniconda/lib/libtinfo.so.6: no version information available (required by bash)
bash: /opt/miniconda/lib/libtinfo.so.6: no version information available (required by bash)
bash: /opt/miniconda/lib/libtinfo.so.6: no version information available (required by bash)
bash: /opt/miniconda/lib/libtinfo.so.6: no version information available (required by bash)
bash: /opt/miniconda/lib/libtinfo.so.6: no version information available (required by bash)
bash: /opt/miniconda/lib/libtinfo.so.6: no version information available (required by bash)
bash: /opt/miniconda/lib/libtinfo.so.6: no version information available (required by bash)
bash: /opt/miniconda/lib/libtinfo.so.6: no version information available (required by bash)
bash: /opt/miniconda/lib/libtinfo.so.6: no version information available (required by bash)
bash: /opt/miniconda/lib/libtinfo.so.6: no version information available (required by bash)
bash: /opt/miniconda/lib/libtinfo.so.6: no version information available (required by bash)
bash: /opt/miniconda/lib/libtinfo.so.6: no version information available (required by bash)
bash: /opt/miniconda/lib/libtinfo.so.6: no version information available (required by bash)
bash: /opt/miniconda/lib/libtinfo.so.6: no version information available (required by bash)
Elapsed time: 0:08.46[h:]min:sec. CPU time: user 8.30 sys 0.13 (99%). Peak memory: 339844KB.
bash: /opt/miniconda/lib/libtinfo.so.6: no version information available (required by bash)
bash: /opt/miniconda/lib/libtinfo.so.6: no version information available (required by bash)
bash: /opt/miniconda/lib/libtinfo.so.6: no version information available (required by bash)
bash: /opt/miniconda/lib/libtinfo.so.6: no version information available (required by bash)
bash: /opt/miniconda/lib/libtinfo.so.6: no version information available (required by bash)
bash: /opt/miniconda/lib/libtinfo.so.6: no version information available (required by bash)
bash: /opt/miniconda/lib/libtinfo.so.6: no version information available (required by bash)
bash: /opt/miniconda/lib/libtinfo.so.6: no version information available (required by bash)
bash: /opt/miniconda/lib/libtinfo.so.6: no version information available (required by bash)
bash: /opt/miniconda/lib/libtinfo.so.6: no version information available (required by bash)
bash: /opt/miniconda/lib/libtinfo.so.6: no version information available (required by bash)
bash: /opt/miniconda/lib/libtinfo.so.6: no version information available (required by bash)
bash: /opt/miniconda/lib/libtinfo.so.6: no version information available (required by bash)
