make: Entering directory '/root/OpenROAD-flow-scripts/flow'
/root/OpenROAD-flow-scripts/flow/scripts/flow.sh 3_1_place_gp_skip_io global_place_skip_io
Running global_place_skip_io.tcl, stage 3_1_place_gp_skip_io
read_liberty /root/OpenROAD-flow-scripts/flow/platforms/sky130hd/lib/sky130_fd_sc_hd__tt_025C_1v80.lib
read_db ./results/sky130hd/chia_sha256_benchmark_corrupted/slot2/2_floorplan.odb
read_sdc ./results/sky130hd/chia_sha256_benchmark_corrupted/slot2/2_floorplan.sdc
source /root/OpenROAD-flow-scripts/flow/platforms/sky130hd/setRC.tcl
global_placement -skip_io -density 0.6 -pad_left 0 -pad_right 0
[INFO GPL-0001] ---- Initialize GPL Main Data Structures
[INFO GPL-0002] DBU: 1000
[INFO GPL-0003] SiteSize: (  0.460  2.720 ) um
[INFO GPL-0004] CoreBBox: (  1.380  2.720 ) ( 644.920 644.640 ) um
[INFO GPL-0016] Core area:                  413101.197 um^2
[INFO GPL-0036] Movable instances area:     167928.557 um^2
[INFO GPL-0037] Total instances area:       174777.626 um^2
[INFO GPL-0035] Pin density area adjust:      6302.236 um^2
[INFO GPL-0032] ---- Initialize Region: Top-level
[INFO GPL-0006] Number of instances:             20644
[INFO GPL-0007] Movable instances:               15170
[INFO GPL-0008] Fixed instances:                  5474
[INFO GPL-0009] Dummy instances:                     0
[INFO GPL-0010] Number of nets:                  16017
[INFO GPL-0011] Number of pins:                  60453
[INFO GPL-0012] Die BBox:       (  0.000  0.000 ) ( 646.075 646.075 ) um
[INFO GPL-0013] Placement BBox: (  1.380  2.720 ) ( 644.920 644.640 ) um
[INFO GPL-0014] Region name: top-level.
[INFO GPL-0015] Region area:                413101.197 um^2
[INFO GPL-0017] Fixed instances area:         6849.069 um^2
[INFO GPL-0018] Movable instances area:     174230.793 um^2
[INFO GPL-0019] Utilization:                    42.887 %
[INFO GPL-0020] Standard cells area:        174230.793 um^2
[INFO GPL-0021] Large instances area:            0.000 um^2
[INFO GPL-0005] ---- Execute Conjugate Gradient Initial Placement.
[INFO GPL-0051] Source of initial instance position counters:
	Odb location = 0	Core center = 15170	Region center = 0
[INFO GPL-0033] ---- Initialize Nesterov Region: Top-level
[INFO GPL-0023] Placement target density:       0.6000
[INFO GPL-0024] Movable insts average area:     11.485 um^2
[INFO GPL-0025] Ideal bin area:                 19.142 um^2
[INFO GPL-0026] Ideal bin count:                 21580
[INFO GPL-0027] Total bin area:             413101.197 um^2
[INFO GPL-0028] Bin count (X, Y):         128 ,    128
[INFO GPL-0029] Bin size (W * H):       5.028 *  5.015 um
[INFO GPL-0030] Number of bins:                  16384
[INFO GPL-0084] ---- Execute Nesterov Global Placement.
[INFO GPL-0031] HPWL: Half-Perimeter Wirelength
Iteration | Overflow |     HPWL (um) |  HPWL(%) |   Penalty | Group
---------------------------------------------------------------
        0 |   0.9996 |  4.109763e+04 |   +0.00% |  1.08e-15 |      
       10 |   0.9991 |  3.157699e+04 |  -23.17% |  1.75e-15 |      
       20 |   0.9991 |  3.139733e+04 |   -0.57% |  2.86e-15 |      
       30 |   0.9991 |  3.140572e+04 |   +0.03% |  4.65e-15 |      
       40 |   0.9991 |  3.139066e+04 |   -0.05% |  7.58e-15 |      
       50 |   0.9991 |  3.138856e+04 |   -0.01% |  1.23e-14 |      
       60 |   0.9991 |  3.141619e+04 |   +0.09% |  2.01e-14 |      
       70 |   0.9991 |  3.146659e+04 |   +0.16% |  3.28e-14 |      
       80 |   0.9991 |  3.155746e+04 |   +0.29% |  5.34e-14 |      
       90 |   0.9991 |  3.175405e+04 |   +0.62% |  8.69e-14 |      
      100 |   0.9989 |  3.223951e+04 |   +1.53% |  1.42e-13 |      
      110 |   0.9982 |  3.371498e+04 |   +4.58% |  2.31e-13 |      
      120 |   0.9970 |  3.770312e+04 |  +11.83% |  3.75e-13 |      
      130 |   0.9951 |  4.567599e+04 |  +21.15% |  6.11e-13 |      
      140 |   0.9929 |  6.225291e+04 |  +36.29% |  9.94e-13 |      
      150 |   0.9899 |  7.822381e+04 |  +25.65% |  1.62e-12 |      
      160 |   0.9869 |  9.107167e+04 |  +16.42% |  2.63e-12 |      
      170 |   0.9810 |  1.112864e+05 |  +22.20% |  4.27e-12 |      
      180 |   0.9733 |  1.380821e+05 |  +24.08% |  6.94e-12 |      
      190 |   0.9631 |  1.661041e+05 |  +20.29% |  1.13e-11 |      
      200 |   0.9496 |  1.988625e+05 |  +19.72% |  1.83e-11 |      
      210 |   0.9305 |  2.378564e+05 |  +19.61% |  2.97e-11 |      
      220 |   0.9065 |  2.803610e+05 |  +17.87% |  4.81e-11 |      
      230 |   0.8771 |  3.261222e+05 |  +16.32% |  7.80e-11 |      
      240 |   0.8445 |  3.719001e+05 |  +14.04% |  1.26e-10 |      
      250 |   0.8088 |  4.181492e+05 |  +12.44% |  2.05e-10 |      
      260 |   0.7674 |  4.629625e+05 |  +10.72% |  3.32e-10 |      
      270 |   0.7219 |  5.064975e+05 |   +9.40% |  5.38e-10 |      
      280 |   0.6680 |  5.471241e+05 |   +8.02% |  8.73e-10 |      
      290 |   0.6090 |  5.853161e+05 |   +6.98% |  1.42e-09 |      
      300 |   0.5530 |  6.267547e+05 |   +7.08% |  2.30e-09 |      
      310 |   0.5044 |  6.622959e+05 |   +5.67% |  3.72e-09 |      
      320 |   0.4565 |  6.763553e+05 |   +2.12% |  6.06e-09 |      
      330 |   0.4158 |  6.907014e+05 |   +2.12% |  9.85e-09 |      
      340 |   0.3755 |  6.992851e+05 |   +1.24% |  1.60e-08 |      
      350 |   0.3342 |  7.030241e+05 |   +0.53% |  2.53e-08 |      
      360 |   0.2988 |  7.044788e+05 |   +0.21% |  3.73e-08 |      
      370 |   0.2668 |  7.061523e+05 |   +0.24% |  5.49e-08 |      
      380 |   0.2313 |  7.071832e+05 |   +0.15% |  8.09e-08 |      
      390 |   0.2023 |  7.080719e+05 |   +0.13% |  1.19e-07 |      
      400 |   0.1757 |  7.088710e+05 |   +0.11% |  1.76e-07 |      
      410 |   0.1503 |  7.096256e+05 |   +0.11% |  2.59e-07 |      
      420 |   0.1261 |  7.103704e+05 |   +0.10% |  3.81e-07 |      
      430 |   0.1074 |  7.112673e+05 |   +0.13% |  5.61e-07 |      
      435 |   0.0998 |  7.116422e+05 |          |  7.08e-07 |      
---------------------------------------------------------------
[INFO GPL-1001] Global placement finished at iteration 435
[INFO GPL-1002] Placed Cell Area            174230.7928
[INFO GPL-1003] Available Free Area         406252.1280
[INFO GPL-1004] Minimum Feasible Density        0.4300 (cell_area / free_area)
[INFO GPL-1006]   Suggested Target Densities:
[INFO GPL-1007]     - For 90% usage of free space: 0.4765
[INFO GPL-1008]     - For 80% usage of free space: 0.5361
[INFO GPL-1009]     - For 50% usage of free space: 0.8577
[INFO GPL-1014] Final placement area: 174230.79 (+0.00%)
Design area 174778 um^2 42% utilization.
write_db ./results/sky130hd/chia_sha256_benchmark_corrupted/slot2/3_1_place_gp_skip_io.odb
Log                       Ext     Elapsed/s Peak Memory/MB sha1sum result [0:20)
3_1_place_gp_skip_io      .odb            2            175 4e58c796a1f7e42c4975
/root/OpenROAD-flow-scripts/flow/scripts/flow.sh 3_2_place_iop io_placement
Running io_placement.tcl, stage 3_2_place_iop
read_liberty /root/OpenROAD-flow-scripts/flow/platforms/sky130hd/lib/sky130_fd_sc_hd__tt_025C_1v80.lib
read_db ./results/sky130hd/chia_sha256_benchmark_corrupted/slot2/3_1_place_gp_skip_io.odb
read_sdc ./results/sky130hd/chia_sha256_benchmark_corrupted/slot2/2_floorplan.sdc
source /root/OpenROAD-flow-scripts/flow/platforms/sky130hd/setRC.tcl
place_pins -hor_layers met3 -ver_layers met2
Found 0 macro blocks.
Using 2 tracks default min distance between IO pins.
[INFO PPL-0001] Number of available slots 2342
[INFO PPL-0002] Number of I/O             772
[INFO PPL-0003] Number of I/O w/sink      772
[INFO PPL-0004] Number of I/O w/o sink    0
[INFO PPL-0005] Slots per section         200
[INFO PPL-0008] Successfully assigned pins to sections.
[INFO PPL-0012] I/O nets HPWL: 136542.62 um.
Design area 174778 um^2 42% utilization.
write_db ./results/sky130hd/chia_sha256_benchmark_corrupted/slot2/3_2_place_iop.odb
Log                       Ext     Elapsed/s Peak Memory/MB sha1sum result [0:20)
3_2_place_iop             .odb            0            156 f8443b8216f329a97cf4
/root/OpenROAD-flow-scripts/flow/scripts/flow.sh 3_3_place_gp global_place
Running global_place.tcl, stage 3_3_place_gp
read_liberty /root/OpenROAD-flow-scripts/flow/platforms/sky130hd/lib/sky130_fd_sc_hd__tt_025C_1v80.lib
read_db ./results/sky130hd/chia_sha256_benchmark_corrupted/slot2/3_2_place_iop.odb
read_sdc ./results/sky130hd/chia_sha256_benchmark_corrupted/slot2/2_floorplan.sdc
source /root/OpenROAD-flow-scripts/flow/platforms/sky130hd/setRC.tcl
[INFO RSZ-0026] Removed 1552 buffers.
Perform port buffering...
[INFO RSZ-0027] Inserted 514 sky130_fd_sc_hd__clkdlybuf4s50_1 input buffers.
[INFO RSZ-0028] Inserted 256 sky130_fd_sc_hd__clkdlybuf4s50_1 output buffers.
global_placement -density 0.6 -pad_left 0 -pad_right 0 -routability_driven -timing_driven -force_center_initial_place -min_phi_coef 0.95 -max_phi_coef 1.05
[INFO GPL-0001] ---- Initialize GPL Main Data Structures
[INFO GPL-0002] DBU: 1000
[INFO GPL-0003] SiteSize: (  0.460  2.720 ) um
[INFO GPL-0004] CoreBBox: (  1.380  2.720 ) ( 644.920 644.640 ) um
[INFO GPL-0016] Core area:                  413101.197 um^2
[INFO GPL-0036] Movable instances area:     168267.632 um^2
[INFO GPL-0037] Total instances area:       175116.701 um^2
[INFO GPL-0035] Pin density area adjust:      6802.420 um^2
[INFO GPL-0032] ---- Initialize Region: Top-level
[INFO GPL-0006] Number of instances:             19862
[INFO GPL-0007] Movable instances:               14388
[INFO GPL-0008] Fixed instances:                  5474
[INFO GPL-0009] Dummy instances:                     0
[INFO GPL-0010] Number of nets:                  15235
[INFO GPL-0011] Number of pins:                  59661
[INFO GPL-0012] Die BBox:       (  0.000  0.000 ) ( 646.075 646.075 ) um
[INFO GPL-0013] Placement BBox: (  1.380  2.720 ) ( 644.920 644.640 ) um
[INFO GPL-0014] Region name: top-level.
[INFO GPL-0015] Region area:                413101.197 um^2
[INFO GPL-0017] Fixed instances area:         6849.069 um^2
[INFO GPL-0018] Movable instances area:     175070.052 um^2
[INFO GPL-0019] Utilization:                    43.094 %
[INFO GPL-0020] Standard cells area:        175070.052 um^2
[INFO GPL-0021] Large instances area:            0.000 um^2
[INFO GPL-0005] ---- Execute Conjugate Gradient Initial Placement.
[INFO GPL-0051] Source of initial instance position counters:
	Odb location = 0	Core center = 14388	Region center = 0
[InitialPlace]  Iter: 1 conjugate gradient residual: 0.00074941 HPWL: 611040789
[InitialPlace]  Iter: 2 conjugate gradient residual: 0.00036811 HPWL: 411922860
[InitialPlace]  Iter: 3 conjugate gradient residual: 0.00019083 HPWL: 379835558
[InitialPlace]  Iter: 4 conjugate gradient residual: 0.00022285 HPWL: 360655979
[InitialPlace]  Iter: 5 conjugate gradient residual: 0.00024959 HPWL: 343515237
[InitialPlace]  Iter: 6 conjugate gradient residual: 0.00029113 HPWL: 330357988
[InitialPlace]  Iter: 7 conjugate gradient residual: 0.00011176 HPWL: 318980255
[InitialPlace]  Iter: 8 conjugate gradient residual: 0.00003934 HPWL: 312337620
[InitialPlace]  Iter: 9 conjugate gradient residual: 0.00001589 HPWL: 308287053
[InitialPlace]  Iter: 10 conjugate gradient residual: 0.00000354 HPWL: 306656434
[INFO GPL-0033] ---- Initialize Nesterov Region: Top-level
[INFO GPL-0023] Placement target density:       0.6000
[INFO GPL-0024] Movable insts average area:     12.168 um^2
[INFO GPL-0025] Ideal bin area:                 20.280 um^2
[INFO GPL-0026] Ideal bin count:                 20370
[INFO GPL-0027] Total bin area:             413101.197 um^2
[INFO GPL-0028] Bin count (X, Y):         128 ,    128
[INFO GPL-0029] Bin size (W * H):       5.028 *  5.015 um
[INFO GPL-0030] Number of bins:                  16384
[INFO GPL-0084] ---- Execute Nesterov Global Placement.
[INFO GPL-0031] HPWL: Half-Perimeter Wirelength
Iteration | Overflow |     HPWL (um) |  HPWL(%) |   Penalty | Group
---------------------------------------------------------------
        0 |   0.9477 |  2.115863e+05 |   +0.00% |  7.75e-16 |      
       10 |   0.9160 |  2.484849e+05 |  +17.44% |  1.25e-15 |      
       20 |   0.9079 |  2.527020e+05 |   +1.70% |  2.04e-15 |      
       30 |   0.9016 |  2.531148e+05 |   +0.16% |  3.32e-15 |      
       40 |   0.8941 |  2.525565e+05 |   -0.22% |  5.41e-15 |      
       50 |   0.8882 |  2.531800e+05 |   +0.25% |  8.82e-15 |      
       60 |   0.8826 |  2.543790e+05 |   +0.47% |  1.44e-14 |      
       70 |   0.8773 |  2.556268e+05 |   +0.49% |  2.34e-14 |      
       80 |   0.8741 |  2.569458e+05 |   +0.52% |  3.81e-14 |      
       90 |   0.8722 |  2.581477e+05 |   +0.47% |  6.20e-14 |      
      100 |   0.8710 |  2.590835e+05 |   +0.36% |  1.01e-13 |      
      110 |   0.8708 |  2.597568e+05 |   +0.26% |  1.65e-13 |      
      120 |   0.8702 |  2.602034e+05 |   +0.17% |  2.68e-13 |      
      130 |   0.8699 |  2.604700e+05 |   +0.10% |  4.37e-13 |      
      140 |   0.8693 |  2.606708e+05 |   +0.08% |  7.11e-13 |      
      150 |   0.8681 |  2.609703e+05 |   +0.11% |  1.16e-12 |      
      160 |   0.8665 |  2.616787e+05 |   +0.27% |  1.89e-12 |      
      170 |   0.8636 |  2.632619e+05 |   +0.61% |  3.07e-12 |      
      180 |   0.8581 |  2.665616e+05 |   +1.25% |  5.00e-12 |      
      190 |   0.8486 |  2.730008e+05 |   +2.42% |  8.14e-12 |      
      200 |   0.8348 |  2.824615e+05 |   +3.47% |  1.33e-11 |      
      210 |   0.8176 |  2.943894e+05 |   +4.22% |  2.16e-11 |      
      220 |   0.7968 |  3.066963e+05 |   +4.18% |  3.51e-11 |      
      230 |   0.7705 |  3.173866e+05 |   +3.49% |  5.71e-11 |      
      240 |   0.7404 |  3.376443e+05 |   +6.38% |  9.28e-11 |      
      250 |   0.7080 |  3.617179e+05 |   +7.13% |  1.51e-10 |      
      260 |   0.6759 |  3.689634e+05 |   +2.00% |  2.45e-10 |      
      270 |   0.6496 |  3.860490e+05 |   +4.63% |  3.99e-10 |      
[INFO GPL-0100] Timing-driven iteration 1/2, virtual: false.
[INFO GPL-0101]    Iter: 276, overflow: 0.635, keep resizer changes at: 1, HPWL: 383967718
Iteration |   Area    | Resized | Buffers | Nets repaired | Remaining
---------------------------------------------------------------------
        0 |     +0.0% |       0 |       0 |             0 |     15236
    final |     +4.4% |     146 |     281 |           147 |         0
---------------------------------------------------------------------
[INFO RSZ-0034] Found 148 slew violations.
[INFO RSZ-0036] Found 54 capacitance violations.
[INFO RSZ-0039] Resized 146 instances.
[INFO RSZ-0038] Inserted 281 buffers in 147 nets.
   Iter   |    Area   | Removed | Inserted |   Pins
          |           | Buffers | Buffers  | Remaining
-------------------------------------------------------
        0 |     +0.0% |       0 |        0 |     14719
     1400 |     +1.5% |       0 |      359 |     13319
     2800 |     +1.6% |      26 |      440 |     11919
     4200 |     +1.9% |      40 |      549 |     10519
     5600 |     +1.7% |      69 |      597 |      9119
     7000 |     +1.8% |     101 |      721 |      7719
     8400 |     +1.8% |     115 |      750 |      6319
     9800 |     +2.4% |     167 |      969 |      4919
    11200 |     +2.5% |     212 |     1099 |      3519
    12600 |     +4.2% |     267 |     1647 |      2119
    14000 |     +9.2% |     267 |     2860 |       719
    final |     +9.8% |     281 |     3037 |         0
-------------------------------------------------------
[INFO GPL-0106] Timing-driven: worst slack -1.5018289e-09
[INFO GPL-0107] Timing-driven: repair_design delta area: 25506.898 um^2 (+14.57%)
[INFO GPL-0108] Timing-driven: repair_design, gpl delta gcells: 3037 (+21.11%)
[INFO GPL-0109] Timing-driven: repair_design, gcells created: 3318, deleted: 281
[INFO GPL-0110] Timing-driven: new target density: 0.66278595
Iteration | Overflow |     HPWL (um) |  HPWL(%) |   Penalty | Group
---------------------------------------------------------------
      280 |   0.6040 |  4.738345e+05 |  +22.74% |  6.43e-10 |      
[INFO GPL-0038] Routability snapshot saved at iter = 282
      281 |   0.5995 |  4.778184e+05 |          |           |      
      290 |   0.5796 |  4.776496e+05 |   +0.81% |  1.05e-09 |      
      300 |   0.5560 |  4.882635e+05 |   +2.22% |  1.70e-09 |      
      310 |   0.5174 |  4.968012e+05 |   +1.75% |  2.77e-09 |      
      320 |   0.4796 |  5.011386e+05 |   +0.87% |  4.51e-09 |      
      330 |   0.4426 |  5.079303e+05 |   +1.36% |  7.34e-09 |      
      340 |   0.4047 |  5.098309e+05 |   +0.37% |  1.20e-08 |      
      350 |   0.3645 |  5.089954e+05 |   -0.16% |  1.95e-08 |      
      360 |   0.3267 |  5.094276e+05 |   +0.08% |  3.02e-08 |      
[INFO GPL-0040] Routability iteration: 1
[WARNING GRT-0281] Net clk has a large fanout of 2569 terminals.
[INFO GPL-0041] Total routing overflow: 17.5951
[INFO GPL-0042] Number of overflowed tiles: 226 (2.61%)
[INFO GPL-0043] Average top 0.5% routing congestion: 1.1908
[INFO GPL-0044] Average top 1.0% routing congestion: 1.1463
[INFO GPL-0045] Average top 2.0% routing congestion: 1.0978
[INFO GPL-0046] Average top 5.0% routing congestion: 1.0247
[INFO GPL-0047] Routability iteration weighted routing congestion: 1.1686
[INFO GPL-0048] Routing congestion (1.1686) lower than previous minimum (1e+30). Updating minimum.
[INFO GPL-0086] Inflated area:                2379.418 um^2 (+1.19%)
[INFO GPL-0052] Placement target density:       0.6628
[INFO GPL-0076] Removing fillers, count: Before: 5413, After: 5226 (-3.45%)
[INFO GPL-0077] Filler area (um^2)     : Before: 68681.237, After: 66306.652 (-3.46%)
[INFO GPL-0078] Removed fillers count: 187, area removed: 2372.626 um^2. Remaining area to be compensated by modifying density: 6.792 um^2
[INFO GPL-0058] White space area:           406252.128 um^2 (+0.00%)
[INFO GPL-0059] Movable instances area:     269258.195 um^2 (+0.00%)
[INFO GPL-0060] Total filler area:           66306.652 um^2 (-3.46%)
[INFO GPL-0061] Total non-inflated area:    269263.020 um^2 (+0.00%)
[INFO GPL-0062] Total inflated area:        271642.437 um^2 (+0.00%)
[INFO GPL-0063] New Target Density:             0.6628
[INFO GPL-0087] Routability end iteration: increase inflation and revert back to snapshot.
Iteration | Overflow |     HPWL (um) |  HPWL(%) |   Penalty | Group
---------------------------------------------------------------
      370 |   0.5933 |  4.824108e+05 |   -5.30% |  7.37e-10 |      
      380 |   0.5826 |  4.797671e+05 |   -0.55% |  1.08e-09 |      
      390 |   0.5559 |  4.914143e+05 |   +2.43% |  1.60e-09 |      
      400 |   0.5271 |  4.968259e+05 |   +1.10% |  2.35e-09 |      
      410 |   0.5003 |  4.988377e+05 |   +0.40% |  3.46e-09 |      
      420 |   0.4707 |  5.044928e+05 |   +1.13% |  5.10e-09 |      
      430 |   0.4401 |  5.065481e+05 |   +0.41% |  7.51e-09 |      
      440 |   0.4108 |  5.077392e+05 |   +0.24% |  1.11e-08 |      
      450 |   0.3793 |  5.085557e+05 |   +0.16% |  1.63e-08 |      
      460 |   0.3456 |  5.089862e+05 |   +0.08% |  2.40e-08 |      
      470 |   0.3102 |  5.110938e+05 |   +0.41% |  3.53e-08 |      
[INFO GPL-0040] Routability iteration: 2
[INFO GPL-0041] Total routing overflow: 9.5736
[INFO GPL-0042] Number of overflowed tiles: 153 (1.77%)
[INFO GPL-0043] Average top 0.5% routing congestion: 1.1385
[INFO GPL-0044] Average top 1.0% routing congestion: 1.0981
[INFO GPL-0045] Average top 2.0% routing congestion: 1.0548
[INFO GPL-0046] Average top 5.0% routing congestion: 0.9936
[INFO GPL-0047] Routability iteration weighted routing congestion: 1.1183
[INFO GPL-0048] Routing congestion (1.1183) lower than previous minimum (1.169). Updating minimum.
[INFO GPL-0086] Inflated area:                1110.479 um^2 (+0.55%)
[INFO GPL-0052] Placement target density:       0.6628
[INFO GPL-0076] Removing fillers, count: Before: 5226, After: 5139 (-1.66%)
[INFO GPL-0077] Filler area (um^2)     : Before: 66306.652, After: 65202.810 (-1.66%)
[INFO GPL-0078] Removed fillers count: 87, area removed: 1103.842 um^2. Remaining area to be compensated by modifying density: 6.637 um^2
[INFO GPL-0058] White space area:           406252.128 um^2 (+0.00%)
[INFO GPL-0059] Movable instances area:     269258.195 um^2 (+0.00%)
[INFO GPL-0060] Total filler area:           65202.810 um^2 (-1.66%)
[INFO GPL-0061] Total non-inflated area:    269269.657 um^2 (+0.00%)
[INFO GPL-0062] Total inflated area:        270380.136 um^2 (+0.00%)
[INFO GPL-0063] New Target Density:             0.6628
[INFO GPL-0087] Routability end iteration: increase inflation and revert back to snapshot.
Iteration | Overflow |     HPWL (um) |  HPWL(%) |   Penalty | Group
---------------------------------------------------------------
      480 |   0.5852 |  4.818935e+05 |   -5.71% |  8.60e-10 |      
      490 |   0.5735 |  4.850426e+05 |   +0.65% |  1.27e-09 |      
      500 |   0.5444 |  4.953461e+05 |   +2.12% |  1.86e-09 |      
      510 |   0.5147 |  4.998700e+05 |   +0.91% |  2.74e-09 |      
      520 |   0.4876 |  5.030942e+05 |   +0.65% |  4.04e-09 |      
      530 |   0.4578 |  5.068959e+05 |   +0.76% |  5.95e-09 |      
      540 |   0.4274 |  5.093081e+05 |   +0.48% |  8.77e-09 |      
      550 |   0.3973 |  5.102902e+05 |   +0.19% |  1.29e-08 |      
      560 |   0.3656 |  5.110343e+05 |   +0.15% |  1.90e-08 |      
      570 |   0.3324 |  5.114680e+05 |   +0.08% |  2.80e-08 |      
[INFO GPL-0040] Routability iteration: 3
[INFO GPL-0041] Total routing overflow: 7.6246
[INFO GPL-0042] Number of overflowed tiles: 152 (1.76%)
[INFO GPL-0043] Average top 0.5% routing congestion: 1.1098
[INFO GPL-0044] Average top 1.0% routing congestion: 1.0778
[INFO GPL-0045] Average top 2.0% routing congestion: 1.0431
[INFO GPL-0046] Average top 5.0% routing congestion: 0.9870
[INFO GPL-0047] Routability iteration weighted routing congestion: 1.0938
[INFO GPL-0048] Routing congestion (1.0938) lower than previous minimum (1.118). Updating minimum.
[INFO GPL-0086] Inflated area:                 827.856 um^2 (+0.41%)
[INFO GPL-0052] Placement target density:       0.6628
[INFO GPL-0076] Removing fillers, count: Before: 5139, After: 5074 (-1.26%)
[INFO GPL-0077] Filler area (um^2)     : Before: 65202.810, After: 64378.100 (-1.26%)
[INFO GPL-0078] Removed fillers count: 65, area removed: 824.710 um^2. Remaining area to be compensated by modifying density: 3.146 um^2
[INFO GPL-0058] White space area:           406252.128 um^2 (+0.00%)
[INFO GPL-0059] Movable instances area:     269258.195 um^2 (+0.00%)
[INFO GPL-0060] Total filler area:           64378.100 um^2 (-1.26%)
[INFO GPL-0061] Total non-inflated area:    269272.803 um^2 (+0.00%)
[INFO GPL-0062] Total inflated area:        270100.659 um^2 (+0.00%)
[INFO GPL-0063] New Target Density:             0.6628
[INFO GPL-0087] Routability end iteration: increase inflation and revert back to snapshot.
Iteration | Overflow |     HPWL (um) |  HPWL(%) |   Penalty | Group
---------------------------------------------------------------
      580 |   0.6005 |  4.809215e+05 |   -5.97% |  7.09e-10 |      
      590 |   0.5822 |  4.811394e+05 |   +0.05% |  1.04e-09 |      
      600 |   0.5585 |  4.925612e+05 |   +2.37% |  1.54e-09 |      
      610 |   0.5302 |  4.990395e+05 |   +1.32% |  2.26e-09 |      
      620 |   0.5029 |  5.017303e+05 |   +0.54% |  3.33e-09 |      
      630 |   0.4729 |  5.069253e+05 |   +1.04% |  4.90e-09 |      
      640 |   0.4431 |  5.089354e+05 |   +0.40% |  7.22e-09 |      
      650 |   0.4138 |  5.108356e+05 |   +0.37% |  1.06e-08 |      
      660 |   0.3832 |  5.116574e+05 |   +0.16% |  1.57e-08 |      
      670 |   0.3473 |  5.120723e+05 |   +0.08% |  2.31e-08 |      
      680 |   0.3136 |  5.141509e+05 |   +0.41% |  3.40e-08 |      
[INFO GPL-0040] Routability iteration: 4
[INFO GPL-0041] Total routing overflow: 6.8124
[INFO GPL-0042] Number of overflowed tiles: 128 (1.48%)
[INFO GPL-0043] Average top 0.5% routing congestion: 1.1027
[INFO GPL-0044] Average top 1.0% routing congestion: 1.0724
[INFO GPL-0045] Average top 2.0% routing congestion: 1.0369
[INFO GPL-0046] Average top 5.0% routing congestion: 0.9835
[INFO GPL-0047] Routability iteration weighted routing congestion: 1.0876
[INFO GPL-0048] Routing congestion (1.0876) lower than previous minimum (1.094). Updating minimum.
[INFO GPL-0086] Inflated area:                 857.050 um^2 (+0.42%)
[INFO GPL-0052] Placement target density:       0.6628
[INFO GPL-0076] Removing fillers, count: Before: 5074, After: 5007 (-1.32%)
[INFO GPL-0077] Filler area (um^2)     : Before: 64378.100, After: 63528.015 (-1.32%)
[INFO GPL-0078] Removed fillers count: 67, area removed: 850.085 um^2. Remaining area to be compensated by modifying density: 6.965 um^2
[INFO GPL-0058] White space area:           406252.128 um^2 (+0.00%)
[INFO GPL-0059] Movable instances area:     269258.195 um^2 (+0.00%)
[INFO GPL-0060] Total filler area:           63528.015 um^2 (-1.32%)
[INFO GPL-0061] Total non-inflated area:    269279.768 um^2 (+0.00%)
[INFO GPL-0062] Total inflated area:        270136.818 um^2 (+0.00%)
[INFO GPL-0063] New Target Density:             0.6628
[INFO GPL-0087] Routability end iteration: increase inflation and revert back to snapshot.
Iteration | Overflow |     HPWL (um) |  HPWL(%) |   Penalty | Group
---------------------------------------------------------------
      690 |   0.5867 |  4.831686e+05 |   -6.03% |  8.60e-10 |      
      700 |   0.5738 |  4.867643e+05 |   +0.74% |  1.27e-09 |      
      710 |   0.5436 |  4.976207e+05 |   +2.23% |  1.86e-09 |      
      720 |   0.5147 |  5.026163e+05 |   +1.00% |  2.74e-09 |      
      730 |   0.4878 |  5.061812e+05 |   +0.71% |  4.04e-09 |      
      740 |   0.4582 |  5.099119e+05 |   +0.74% |  5.95e-09 |      
      750 |   0.4280 |  5.122094e+05 |   +0.45% |  8.76e-09 |      
      760 |   0.3994 |  5.133283e+05 |   +0.22% |  1.29e-08 |      
      770 |   0.3649 |  5.141395e+05 |   +0.16% |  1.90e-08 |      
      780 |   0.3317 |  5.142650e+05 |   +0.02% |  2.80e-08 |      
      790 |   0.2970 |  5.160925e+05 |   +0.36% |  4.13e-08 |      
[INFO GPL-0040] Routability iteration: 5
[INFO GPL-0041] Total routing overflow: 6.2378
[INFO GPL-0042] Number of overflowed tiles: 119 (1.38%)
[INFO GPL-0043] Average top 0.5% routing congestion: 1.0949
[INFO GPL-0044] Average top 1.0% routing congestion: 1.0671
[INFO GPL-0045] Average top 2.0% routing congestion: 1.0327
[INFO GPL-0046] Average top 5.0% routing congestion: 0.9790
[INFO GPL-0047] Routability iteration weighted routing congestion: 1.0810
[INFO GPL-0048] Routing congestion (1.0810) lower than previous minimum (1.088). Updating minimum.
[INFO GPL-0086] Inflated area:                 743.264 um^2 (+0.36%)
[INFO GPL-0052] Placement target density:       0.6628
[INFO GPL-0076] Removing fillers, count: Before: 5007, After: 4949 (-1.16%)
[INFO GPL-0077] Filler area (um^2)     : Before: 63528.015, After: 62792.120 (-1.16%)
[INFO GPL-0078] Removed fillers count: 58, area removed: 735.895 um^2. Remaining area to be compensated by modifying density: 7.369 um^2
[INFO GPL-0058] White space area:           406252.128 um^2 (+0.00%)
[INFO GPL-0059] Movable instances area:     269258.195 um^2 (+0.00%)
[INFO GPL-0060] Total filler area:           62792.120 um^2 (-1.16%)
[INFO GPL-0061] Total non-inflated area:    269287.137 um^2 (+0.00%)
[INFO GPL-0062] Total inflated area:        270030.400 um^2 (+0.00%)
[INFO GPL-0063] New Target Density:             0.6628
[INFO GPL-0087] Routability end iteration: increase inflation and revert back to snapshot.
Iteration | Overflow |     HPWL (um) |  HPWL(%) |   Penalty | Group
---------------------------------------------------------------
      800 |   0.5835 |  4.829243e+05 |   -6.43% |  1.00e-09 |      
      810 |   0.5605 |  4.935287e+05 |   +2.20% |  1.48e-09 |      
      820 |   0.5330 |  5.010877e+05 |   +1.53% |  2.18e-09 |      
      830 |   0.5054 |  5.050471e+05 |   +0.79% |  3.20e-09 |      
      840 |   0.4769 |  5.094707e+05 |   +0.88% |  4.72e-09 |      
      850 |   0.4473 |  5.115253e+05 |   +0.40% |  6.95e-09 |      
      860 |   0.4180 |  5.138141e+05 |   +0.45% |  1.02e-08 |      
      870 |   0.3868 |  5.148483e+05 |   +0.20% |  1.51e-08 |      
      880 |   0.3505 |  5.154403e+05 |   +0.11% |  2.22e-08 |      
      890 |   0.3160 |  5.166793e+05 |   +0.24% |  3.27e-08 |      
[INFO GPL-0040] Routability iteration: 6
[INFO GPL-0041] Total routing overflow: 5.6110
[INFO GPL-0042] Number of overflowed tiles: 123 (1.42%)
[INFO GPL-0043] Average top 0.5% routing congestion: 1.0856
[INFO GPL-0044] Average top 1.0% routing congestion: 1.0606
[INFO GPL-0045] Average top 2.0% routing congestion: 1.0288
[INFO GPL-0046] Average top 5.0% routing congestion: 0.9762
[INFO GPL-0047] Routability iteration weighted routing congestion: 1.0731
[INFO GPL-0048] Routing congestion (1.0731) lower than previous minimum (1.081). Updating minimum.
[INFO GPL-0086] Inflated area:                 663.242 um^2 (+0.32%)
[INFO GPL-0052] Placement target density:       0.6628
[INFO GPL-0076] Removing fillers, count: Before: 4949, After: 4897 (-1.05%)
[INFO GPL-0077] Filler area (um^2)     : Before: 62792.120, After: 62132.352 (-1.05%)
[INFO GPL-0078] Removed fillers count: 52, area removed: 659.768 um^2. Remaining area to be compensated by modifying density: 3.474 um^2
[INFO GPL-0058] White space area:           406252.128 um^2 (+0.00%)
[INFO GPL-0059] Movable instances area:     269258.195 um^2 (+0.00%)
[INFO GPL-0060] Total filler area:           62132.352 um^2 (-1.05%)
[INFO GPL-0061] Total non-inflated area:    269290.611 um^2 (+0.00%)
[INFO GPL-0062] Total inflated area:        269953.853 um^2 (+0.00%)
[INFO GPL-0063] New Target Density:             0.6628
[INFO GPL-0087] Routability end iteration: increase inflation and revert back to snapshot.
Iteration | Overflow |     HPWL (um) |  HPWL(%) |   Penalty | Group
---------------------------------------------------------------
      900 |   0.5925 |  4.841758e+05 |   -6.29% |  7.96e-10 |      
      910 |   0.5797 |  4.857506e+05 |   +0.33% |  1.17e-09 |      
      920 |   0.5493 |  4.983853e+05 |   +2.60% |  1.72e-09 |      
      930 |   0.5207 |  5.043641e+05 |   +1.20% |  2.54e-09 |      
      940 |   0.4928 |  5.076002e+05 |   +0.64% |  3.74e-09 |      
      950 |   0.4640 |  5.121733e+05 |   +0.90% |  5.51e-09 |      
      960 |   0.4340 |  5.140960e+05 |   +0.38% |  8.11e-09 |      
      970 |   0.4051 |  5.154251e+05 |   +0.26% |  1.19e-08 |      
      980 |   0.3725 |  5.165802e+05 |   +0.22% |  1.76e-08 |      
      990 |   0.3363 |  5.165616e+05 |   -0.00% |  2.59e-08 |      
     1000 |   0.3033 |  5.184170e+05 |   +0.36% |  3.82e-08 |      
[INFO GPL-0040] Routability iteration: 7
[INFO GPL-0041] Total routing overflow: 4.8602
[INFO GPL-0042] Number of overflowed tiles: 113 (1.31%)
[INFO GPL-0043] Average top 0.5% routing congestion: 1.0792
[INFO GPL-0044] Average top 1.0% routing congestion: 1.0537
[INFO GPL-0045] Average top 2.0% routing congestion: 1.0232
[INFO GPL-0046] Average top 5.0% routing congestion: 0.9736
[INFO GPL-0047] Routability iteration weighted routing congestion: 1.0665
[INFO GPL-0048] Routing congestion (1.0665) lower than previous minimum (1.073). Updating minimum.
[INFO GPL-0086] Inflated area:                 561.232 um^2 (+0.27%)
[INFO GPL-0052] Placement target density:       0.6628
[INFO GPL-0076] Removing fillers, count: Before: 4897, After: 4853 (-0.90%)
[INFO GPL-0077] Filler area (um^2)     : Before: 62132.352, After: 61574.088 (-0.90%)
[INFO GPL-0078] Removed fillers count: 44, area removed: 558.265 um^2. Remaining area to be compensated by modifying density: 2.967 um^2
[INFO GPL-0058] White space area:           406252.128 um^2 (+0.00%)
[INFO GPL-0059] Movable instances area:     269258.195 um^2 (+0.00%)
[INFO GPL-0060] Total filler area:           61574.088 um^2 (-0.90%)
[INFO GPL-0061] Total non-inflated area:    269293.577 um^2 (+0.00%)
[INFO GPL-0062] Total inflated area:        269854.809 um^2 (+0.00%)
[INFO GPL-0063] New Target Density:             0.6628
[INFO GPL-0087] Routability end iteration: increase inflation and revert back to snapshot.
Iteration | Overflow |     HPWL (um) |  HPWL(%) |   Penalty | Group
---------------------------------------------------------------
     1010 |   0.5851 |  4.842169e+05 |   -6.60% |  9.29e-10 |      
     1020 |   0.5682 |  4.919246e+05 |   +1.59% |  1.37e-09 |      
     1030 |   0.5379 |  5.015891e+05 |   +1.96% |  2.01e-09 |      
     1040 |   0.5100 |  5.067639e+05 |   +1.03% |  2.96e-09 |      
     1050 |   0.4823 |  5.104529e+05 |   +0.73% |  4.37e-09 |      
     1060 |   0.4527 |  5.134893e+05 |   +0.59% |  6.43e-09 |      
     1070 |   0.4226 |  5.156353e+05 |   +0.42% |  9.47e-09 |      
     1080 |   0.3921 |  5.170103e+05 |   +0.27% |  1.39e-08 |      
     1090 |   0.3563 |  5.178858e+05 |   +0.17% |  2.05e-08 |      
     1100 |   0.3246 |  5.182713e+05 |   +0.07% |  3.03e-08 |      
[INFO GPL-0040] Routability iteration: 8
[INFO GPL-0041] Total routing overflow: 4.7436
[INFO GPL-0042] Number of overflowed tiles: 105 (1.21%)
[INFO GPL-0043] Average top 0.5% routing congestion: 1.0809
[INFO GPL-0044] Average top 1.0% routing congestion: 1.0532
[INFO GPL-0045] Average top 2.0% routing congestion: 1.0219
[INFO GPL-0046] Average top 5.0% routing congestion: 0.9728
[INFO GPL-0047] Routability iteration weighted routing congestion: 1.0670
[INFO GPL-0049] Routing congestion (1.0670) higher than minimum (1.0665). Consecutive non-improvement count: 1.
[INFO GPL-0086] Inflated area:                 582.169 um^2 (+0.28%)
[INFO GPL-0052] Placement target density:       0.6628
[INFO GPL-0076] Removing fillers, count: Before: 4853, After: 4808 (-0.93%)
[INFO GPL-0077] Filler area (um^2)     : Before: 61574.088, After: 61003.135 (-0.93%)
[INFO GPL-0078] Removed fillers count: 45, area removed: 570.953 um^2. Remaining area to be compensated by modifying density: 11.216 um^2
[INFO GPL-0058] White space area:           406252.128 um^2 (+0.00%)
[INFO GPL-0059] Movable instances area:     269258.195 um^2 (+0.00%)
[INFO GPL-0060] Total filler area:           61003.135 um^2 (-0.93%)
[INFO GPL-0061] Total non-inflated area:    269304.793 um^2 (+0.00%)
[INFO GPL-0062] Total inflated area:        269886.962 um^2 (+0.00%)
[INFO GPL-0063] New Target Density:             0.6628
[INFO GPL-0087] Routability end iteration: increase inflation and revert back to snapshot.
Iteration | Overflow |     HPWL (um) |  HPWL(%) |   Penalty | Group
---------------------------------------------------------------
     1110 |   0.5964 |  4.833074e+05 |   -6.75% |  7.66e-10 |      
     1120 |   0.5806 |  4.858728e+05 |   +0.53% |  1.13e-09 |      
     1130 |   0.5516 |  4.988116e+05 |   +2.66% |  1.66e-09 |      
     1140 |   0.5242 |  5.057073e+05 |   +1.38% |  2.44e-09 |      
     1150 |   0.4961 |  5.089766e+05 |   +0.65% |  3.60e-09 |      
     1160 |   0.4672 |  5.135054e+05 |   +0.89% |  5.30e-09 |      
     1170 |   0.4375 |  5.158206e+05 |   +0.45% |  7.80e-09 |      
     1180 |   0.4082 |  5.169973e+05 |   +0.23% |  1.15e-08 |      
     1190 |   0.3748 |  5.186771e+05 |   +0.32% |  1.69e-08 |      
     1200 |   0.3415 |  5.186223e+05 |   -0.01% |  2.49e-08 |      
     1210 |   0.3069 |  5.201316e+05 |   +0.29% |  3.67e-08 |      
[INFO GPL-0040] Routability iteration: 9
[INFO GPL-0041] Total routing overflow: 4.1814
[INFO GPL-0042] Number of overflowed tiles: 99 (1.14%)
[INFO GPL-0043] Average top 0.5% routing congestion: 1.0750
[INFO GPL-0044] Average top 1.0% routing congestion: 1.0477
[INFO GPL-0045] Average top 2.0% routing congestion: 1.0171
[INFO GPL-0046] Average top 5.0% routing congestion: 0.9692
[INFO GPL-0047] Routability iteration weighted routing congestion: 1.0613
[INFO GPL-0048] Routing congestion (1.0613) lower than previous minimum (1.066). Updating minimum.
[INFO GPL-0086] Inflated area:                 425.518 um^2 (+0.20%)
[INFO GPL-0052] Placement target density:       0.6628
[INFO GPL-0076] Removing fillers, count: Before: 4808, After: 4775 (-0.69%)
[INFO GPL-0077] Filler area (um^2)     : Before: 61003.135, After: 60584.436 (-0.69%)
[INFO GPL-0078] Removed fillers count: 33, area removed: 418.699 um^2. Remaining area to be compensated by modifying density: 6.819 um^2
[INFO GPL-0058] White space area:           406252.128 um^2 (+0.00%)
[INFO GPL-0059] Movable instances area:     269258.195 um^2 (+0.00%)
[INFO GPL-0060] Total filler area:           60584.436 um^2 (-0.69%)
[INFO GPL-0061] Total non-inflated area:    269311.613 um^2 (+0.00%)
[INFO GPL-0062] Total inflated area:        269737.131 um^2 (+0.00%)
[INFO GPL-0063] New Target Density:             0.6628
[INFO GPL-0087] Routability end iteration: increase inflation and revert back to snapshot.
Iteration | Overflow |     HPWL (um) |  HPWL(%) |   Penalty | Group
---------------------------------------------------------------
     1220 |   0.5864 |  4.850552e+05 |   -6.74% |  8.94e-10 |      
     1230 |   0.5709 |  4.912603e+05 |   +1.28% |  1.32e-09 |      
     1240 |   0.5408 |  5.020622e+05 |   +2.20% |  1.94e-09 |      
     1250 |   0.5112 |  5.081956e+05 |   +1.22% |  2.85e-09 |      
     1260 |   0.4839 |  5.113873e+05 |   +0.63% |  4.20e-09 |      
     1270 |   0.4562 |  5.148046e+05 |   +0.67% |  6.18e-09 |      
     1280 |   0.4238 |  5.172188e+05 |   +0.47% |  9.11e-09 |      
     1290 |   0.3966 |  5.185676e+05 |   +0.26% |  1.34e-08 |      
     1300 |   0.3598 |  5.193577e+05 |   +0.15% |  1.98e-08 |      
     1310 |   0.3266 |  5.198968e+05 |   +0.10% |  2.91e-08 |      
[INFO GPL-0040] Routability iteration: 10
[INFO GPL-0041] Total routing overflow: 3.7295
[INFO GPL-0042] Number of overflowed tiles: 88 (1.02%)
[INFO GPL-0043] Average top 0.5% routing congestion: 1.0725
[INFO GPL-0044] Average top 1.0% routing congestion: 1.0428
[INFO GPL-0045] Average top 2.0% routing congestion: 1.0130
[INFO GPL-0046] Average top 5.0% routing congestion: 0.9651
[INFO GPL-0047] Routability iteration weighted routing congestion: 1.0577
[INFO GPL-0048] Routing congestion (1.0577) lower than previous minimum (1.061). Updating minimum.
[INFO GPL-0086] Inflated area:                 418.896 um^2 (+0.20%)
[INFO GPL-0052] Placement target density:       0.6628
[INFO GPL-0076] Removing fillers, count: Before: 4775, After: 4742 (-0.69%)
[INFO GPL-0077] Filler area (um^2)     : Before: 60584.436, After: 60165.737 (-0.69%)
[INFO GPL-0078] Removed fillers count: 33, area removed: 418.699 um^2. Remaining area to be compensated by modifying density: 0.197 um^2
[INFO GPL-0058] White space area:           406252.128 um^2 (+0.00%)
[INFO GPL-0059] Movable instances area:     269258.195 um^2 (+0.00%)
[INFO GPL-0060] Total filler area:           60165.737 um^2 (-0.69%)
[INFO GPL-0061] Total non-inflated area:    269311.809 um^2 (+0.00%)
[INFO GPL-0062] Total inflated area:        269730.705 um^2 (+0.00%)
[INFO GPL-0063] New Target Density:             0.6628
[INFO GPL-0087] Routability end iteration: increase inflation and revert back to snapshot.
Iteration | Overflow |     HPWL (um) |  HPWL(%) |   Penalty | Group
---------------------------------------------------------------
     1320 |   0.6077 |  4.799118e+05 |   -7.69% |  7.09e-10 |      
     1330 |   0.5831 |  4.858586e+05 |   +1.24% |  1.04e-09 |      
     1340 |   0.5563 |  4.978842e+05 |   +2.48% |  1.54e-09 |      
     1350 |   0.5306 |  5.056646e+05 |   +1.56% |  2.26e-09 |      
     1360 |   0.5012 |  5.098649e+05 |   +0.83% |  3.33e-09 |      
     1370 |   0.4735 |  5.140823e+05 |   +0.83% |  4.90e-09 |      
     1380 |   0.4456 |  5.164074e+05 |   +0.45% |  7.22e-09 |      
     1390 |   0.4144 |  5.179064e+05 |   +0.29% |  1.06e-08 |      
     1400 |   0.3816 |  5.199083e+05 |   +0.39% |  1.57e-08 |      
     1410 |   0.3462 |  5.203138e+05 |   +0.08% |  2.31e-08 |      
     1420 |   0.3133 |  5.212648e+05 |   +0.18% |  3.40e-08 |      
[INFO GPL-0040] Routability iteration: 11
[INFO GPL-0041] Total routing overflow: 3.6671
[INFO GPL-0042] Number of overflowed tiles: 93 (1.08%)
[INFO GPL-0043] Average top 0.5% routing congestion: 1.0701
[INFO GPL-0044] Average top 1.0% routing congestion: 1.0421
[INFO GPL-0045] Average top 2.0% routing congestion: 1.0134
[INFO GPL-0046] Average top 5.0% routing congestion: 0.9665
[INFO GPL-0047] Routability iteration weighted routing congestion: 1.0561
[INFO GPL-0048] Routing congestion (1.0561) lower than previous minimum (1.058). Updating minimum.
[INFO GPL-0086] Inflated area:                 460.298 um^2 (+0.22%)
[INFO GPL-0052] Placement target density:       0.6628
[INFO GPL-0076] Removing fillers, count: Before: 4742, After: 4706 (-0.76%)
[INFO GPL-0077] Filler area (um^2)     : Before: 60165.737, After: 59708.975 (-0.76%)
[INFO GPL-0078] Removed fillers count: 36, area removed: 456.762 um^2. Remaining area to be compensated by modifying density: 3.536 um^2
[INFO GPL-0058] White space area:           406252.128 um^2 (+0.00%)
[INFO GPL-0059] Movable instances area:     269258.195 um^2 (+0.00%)
[INFO GPL-0060] Total filler area:           59708.975 um^2 (-0.76%)
[INFO GPL-0061] Total non-inflated area:    269315.346 um^2 (+0.00%)
[INFO GPL-0062] Total inflated area:        269775.644 um^2 (+0.00%)
[INFO GPL-0063] New Target Density:             0.6628
[INFO GPL-0087] Routability end iteration: increase inflation and revert back to snapshot.
Iteration | Overflow |     HPWL (um) |  HPWL(%) |   Penalty | Group
---------------------------------------------------------------
     1430 |   0.5898 |  4.861939e+05 |   -6.73% |  8.60e-10 |      
     1440 |   0.5734 |  4.911054e+05 |   +1.01% |  1.27e-09 |      
     1450 |   0.5431 |  5.029493e+05 |   +2.41% |  1.86e-09 |      
     1460 |   0.5150 |  5.095838e+05 |   +1.32% |  2.74e-09 |      
     1470 |   0.4878 |  5.128456e+05 |   +0.64% |  4.04e-09 |      
     1480 |   0.4594 |  5.163813e+05 |   +0.69% |  5.95e-09 |      
     1490 |   0.4257 |  5.188067e+05 |   +0.47% |  8.76e-09 |      
     1500 |   0.3995 |  5.201039e+05 |   +0.25% |  1.29e-08 |      
     1510 |   0.3634 |  5.214885e+05 |   +0.27% |  1.90e-08 |      
     1520 |   0.3302 |  5.212825e+05 |   -0.04% |  2.80e-08 |      
[INFO GPL-0040] Routability iteration: 12
[INFO GPL-0041] Total routing overflow: 3.6719
[INFO GPL-0042] Number of overflowed tiles: 91 (1.05%)
[INFO GPL-0043] Average top 0.5% routing congestion: 1.0692
[INFO GPL-0044] Average top 1.0% routing congestion: 1.0422
[INFO GPL-0045] Average top 2.0% routing congestion: 1.0132
[INFO GPL-0046] Average top 5.0% routing congestion: 0.9649
[INFO GPL-0047] Routability iteration weighted routing congestion: 1.0557
[INFO GPL-0049] Routing congestion (1.0557) higher than minimum (1.0561). Consecutive non-improvement count: 1.
[INFO GPL-0086] Inflated area:                 456.371 um^2 (+0.22%)
[INFO GPL-0052] Placement target density:       0.6628
[INFO GPL-0076] Removing fillers, count: Before: 4706, After: 4671 (-0.74%)
[INFO GPL-0077] Filler area (um^2)     : Before: 59708.975, After: 59264.901 (-0.74%)
[INFO GPL-0078] Removed fillers count: 35, area removed: 444.074 um^2. Remaining area to be compensated by modifying density: 12.297 um^2
[INFO GPL-0058] White space area:           406252.128 um^2 (+0.00%)
[INFO GPL-0059] Movable instances area:     269258.195 um^2 (+0.00%)
[INFO GPL-0060] Total filler area:           59264.901 um^2 (-0.74%)
[INFO GPL-0061] Total non-inflated area:    269327.643 um^2 (+0.00%)
[INFO GPL-0062] Total inflated area:        269784.014 um^2 (+0.00%)
[INFO GPL-0063] New Target Density:             0.6628
[INFO GPL-0087] Routability end iteration: increase inflation and revert back to snapshot.
Iteration | Overflow |     HPWL (um) |  HPWL(%) |   Penalty | Group
---------------------------------------------------------------
     1530 |   0.6091 |  4.798978e+05 |   -7.94% |  7.09e-10 |      
     1540 |   0.5831 |  4.868560e+05 |   +1.45% |  1.04e-09 |      
     1550 |   0.5562 |  4.991033e+05 |   +2.52% |  1.54e-09 |      
     1560 |   0.5300 |  5.069011e+05 |   +1.56% |  2.26e-09 |      
     1570 |   0.5012 |  5.115628e+05 |   +0.92% |  3.33e-09 |      
     1580 |   0.4735 |  5.156812e+05 |   +0.81% |  4.90e-09 |      
     1590 |   0.4446 |  5.179302e+05 |   +0.44% |  7.22e-09 |      
     1600 |   0.4146 |  5.193986e+05 |   +0.28% |  1.06e-08 |      
     1610 |   0.3813 |  5.215582e+05 |   +0.42% |  1.57e-08 |      
     1620 |   0.3475 |  5.220006e+05 |   +0.08% |  2.31e-08 |      
     1630 |   0.3134 |  5.229869e+05 |   +0.19% |  3.40e-08 |      
[INFO GPL-0040] Routability iteration: 13
[INFO GPL-0041] Total routing overflow: 3.5696
[INFO GPL-0042] Number of overflowed tiles: 94 (1.09%)
[INFO GPL-0043] Average top 0.5% routing congestion: 1.0658
[INFO GPL-0044] Average top 1.0% routing congestion: 1.0410
[INFO GPL-0045] Average top 2.0% routing congestion: 1.0133
[INFO GPL-0046] Average top 5.0% routing congestion: 0.9661
[INFO GPL-0047] Routability iteration weighted routing congestion: 1.0534
[INFO GPL-0048] Routing congestion (1.0534) lower than previous minimum (1.056). Updating minimum.
[INFO GPL-0086] Inflated area:                 378.007 um^2 (+0.18%)
[INFO GPL-0052] Placement target density:       0.6628
[INFO GPL-0076] Removing fillers, count: Before: 4671, After: 4642 (-0.62%)
[INFO GPL-0077] Filler area (um^2)     : Before: 59264.901, After: 58896.953 (-0.62%)
[INFO GPL-0078] Removed fillers count: 29, area removed: 367.947 um^2. Remaining area to be compensated by modifying density: 10.059 um^2
[INFO GPL-0058] White space area:           406252.128 um^2 (+0.00%)
[INFO GPL-0059] Movable instances area:     269258.195 um^2 (+0.00%)
[INFO GPL-0060] Total filler area:           58896.953 um^2 (-0.62%)
[INFO GPL-0061] Total non-inflated area:    269337.702 um^2 (+0.00%)
[INFO GPL-0062] Total inflated area:        269715.709 um^2 (+0.00%)
[INFO GPL-0063] New Target Density:             0.6628
[INFO GPL-0087] Routability end iteration: increase inflation and revert back to snapshot.
Iteration | Overflow |     HPWL (um) |  HPWL(%) |   Penalty | Group
---------------------------------------------------------------
     1640 |   0.5902 |  4.868373e+05 |   -6.91% |  8.60e-10 |      
     1650 |   0.5734 |  4.919677e+05 |   +1.05% |  1.27e-09 |      
     1660 |   0.5429 |  5.041382e+05 |   +2.47% |  1.86e-09 |      
     1670 |   0.5154 |  5.110558e+05 |   +1.37% |  2.74e-09 |      
     1680 |   0.4877 |  5.139956e+05 |   +0.58% |  4.04e-09 |      
     1690 |   0.4583 |  5.182230e+05 |   +0.82% |  5.95e-09 |      
     1700 |   0.4277 |  5.201031e+05 |   +0.36% |  8.76e-09 |      
     1710 |   0.3996 |  5.215214e+05 |   +0.27% |  1.29e-08 |      
     1720 |   0.3629 |  5.228544e+05 |   +0.26% |  1.90e-08 |      
     1730 |   0.3303 |  5.228536e+05 |   -0.00% |  2.80e-08 |      
[INFO GPL-0040] Routability iteration: 14
[INFO GPL-0041] Total routing overflow: 3.3789
[INFO GPL-0042] Number of overflowed tiles: 87 (1.01%)
[INFO GPL-0043] Average top 0.5% routing congestion: 1.0636
[INFO GPL-0044] Average top 1.0% routing congestion: 1.0388
[INFO GPL-0045] Average top 2.0% routing congestion: 1.0095
[INFO GPL-0046] Average top 5.0% routing congestion: 0.9637
[INFO GPL-0047] Routability iteration weighted routing congestion: 1.0512
[INFO GPL-0048] Routing congestion (1.0512) lower than previous minimum (1.053). Updating minimum.
[INFO GPL-0086] Inflated area:                 363.292 um^2 (+0.17%)
[INFO GPL-0052] Placement target density:       0.6628
[INFO GPL-0076] Removing fillers, count: Before: 4642, After: 4614 (-0.60%)
[INFO GPL-0077] Filler area (um^2)     : Before: 58896.953, After: 58541.694 (-0.60%)
[INFO GPL-0078] Removed fillers count: 28, area removed: 355.260 um^2. Remaining area to be compensated by modifying density: 8.033 um^2
[INFO GPL-0058] White space area:           406252.128 um^2 (+0.00%)
[INFO GPL-0059] Movable instances area:     269258.195 um^2 (+0.00%)
[INFO GPL-0060] Total filler area:           58541.694 um^2 (-0.60%)
[INFO GPL-0061] Total non-inflated area:    269345.735 um^2 (+0.00%)
[INFO GPL-0062] Total inflated area:        269709.027 um^2 (+0.00%)
[INFO GPL-0063] New Target Density:             0.6628
[INFO GPL-0087] Routability end iteration: increase inflation and revert back to snapshot.
Iteration | Overflow |     HPWL (um) |  HPWL(%) |   Penalty | Group
---------------------------------------------------------------
     1740 |   0.6102 |  4.798907e+05 |   -8.22% |  7.09e-10 |      
     1750 |   0.5832 |  4.877259e+05 |   +1.63% |  1.04e-09 |      
     1760 |   0.5571 |  5.000231e+05 |   +2.52% |  1.54e-09 |      
     1770 |   0.5298 |  5.081150e+05 |   +1.62% |  2.26e-09 |      
     1780 |   0.5004 |  5.129962e+05 |   +0.96% |  3.33e-09 |      
     1790 |   0.4744 |  5.169986e+05 |   +0.78% |  4.90e-09 |      
     1800 |   0.4449 |  5.191910e+05 |   +0.42% |  7.22e-09 |      
     1810 |   0.4144 |  5.207859e+05 |   +0.31% |  1.06e-08 |      
     1820 |   0.3809 |  5.228399e+05 |   +0.39% |  1.57e-08 |      
     1830 |   0.3458 |  5.232447e+05 |   +0.08% |  2.31e-08 |      
     1840 |   0.3118 |  5.241122e+05 |   +0.17% |  3.40e-08 |      
[INFO GPL-0040] Routability iteration: 15
[INFO GPL-0041] Total routing overflow: 2.5769
[INFO GPL-0042] Number of overflowed tiles: 78 (0.90%)
[INFO GPL-0043] Average top 0.5% routing congestion: 1.0507
[INFO GPL-0044] Average top 1.0% routing congestion: 1.0294
[INFO GPL-0045] Average top 2.0% routing congestion: 1.0037
[INFO GPL-0046] Average top 5.0% routing congestion: 0.9606
[INFO GPL-0047] Routability iteration weighted routing congestion: 1.0400
[INFO GPL-0048] Routing congestion (1.0400) lower than previous minimum (1.051). Updating minimum.
[INFO GPL-0086] Inflated area:                 294.924 um^2 (+0.14%)
[INFO GPL-0052] Placement target density:       0.6628
[INFO GPL-0076] Removing fillers, count: Before: 4614, After: 4591 (-0.50%)
[INFO GPL-0077] Filler area (um^2)     : Before: 58541.694, After: 58249.873 (-0.50%)
[INFO GPL-0078] Removed fillers count: 23, area removed: 291.820 um^2. Remaining area to be compensated by modifying density: 3.104 um^2
[INFO GPL-0058] White space area:           406252.128 um^2 (+0.00%)
[INFO GPL-0059] Movable instances area:     269258.195 um^2 (+0.00%)
[INFO GPL-0060] Total filler area:           58249.873 um^2 (-0.50%)
[INFO GPL-0061] Total non-inflated area:    269348.839 um^2 (+0.00%)
[INFO GPL-0062] Total inflated area:        269643.763 um^2 (+0.00%)
[INFO GPL-0063] New Target Density:             0.6628
[INFO GPL-0087] Routability end iteration: increase inflation and revert back to snapshot.
Iteration | Overflow |     HPWL (um) |  HPWL(%) |   Penalty | Group
---------------------------------------------------------------
     1850 |   0.5905 |  4.873781e+05 |   -7.01% |  8.60e-10 |      
     1860 |   0.5731 |  4.926568e+05 |   +1.08% |  1.27e-09 |      
     1870 |   0.5429 |  5.051026e+05 |   +2.53% |  1.86e-09 |      
     1880 |   0.5138 |  5.122499e+05 |   +1.42% |  2.74e-09 |      
     1890 |   0.4861 |  5.152852e+05 |   +0.59% |  4.04e-09 |      
     1900 |   0.4590 |  5.193511e+05 |   +0.79% |  5.95e-09 |      
     1910 |   0.4278 |  5.212649e+05 |   +0.37% |  8.76e-09 |      
     1920 |   0.3986 |  5.227190e+05 |   +0.28% |  1.29e-08 |      
     1930 |   0.3626 |  5.240532e+05 |   +0.26% |  1.90e-08 |      
     1940 |   0.3301 |  5.238603e+05 |   -0.04% |  2.80e-08 |      
     1950 |   0.2975 |  5.252120e+05 |   +0.26% |  4.12e-08 |      
[INFO GPL-0040] Routability iteration: 16
[INFO GPL-0041] Total routing overflow: 2.7073
[INFO GPL-0042] Number of overflowed tiles: 72 (0.83%)
[INFO GPL-0043] Average top 0.5% routing congestion: 1.0547
[INFO GPL-0044] Average top 1.0% routing congestion: 1.0302
[INFO GPL-0045] Average top 2.0% routing congestion: 1.0031
[INFO GPL-0046] Average top 5.0% routing congestion: 0.9597
[INFO GPL-0047] Routability iteration weighted routing congestion: 1.0424
[INFO GPL-0049] Routing congestion (1.0424) higher than minimum (1.0400). Consecutive non-improvement count: 1.
[INFO GPL-0086] Inflated area:                 317.023 um^2 (+0.15%)
[INFO GPL-0052] Placement target density:       0.6628
[INFO GPL-0076] Removing fillers, count: Before: 4591, After: 4567 (-0.52%)
[INFO GPL-0077] Filler area (um^2)     : Before: 58249.873, After: 57945.365 (-0.52%)
[INFO GPL-0078] Removed fillers count: 24, area removed: 304.508 um^2. Remaining area to be compensated by modifying density: 12.514 um^2
[INFO GPL-0058] White space area:           406252.128 um^2 (+0.00%)
[INFO GPL-0059] Movable instances area:     269258.195 um^2 (+0.00%)
[INFO GPL-0060] Total filler area:           57945.365 um^2 (-0.52%)
[INFO GPL-0061] Total non-inflated area:    269361.353 um^2 (+0.00%)
[INFO GPL-0062] Total inflated area:        269678.376 um^2 (+0.00%)
[INFO GPL-0063] New Target Density:             0.6628
[INFO GPL-0087] Routability end iteration: increase inflation and revert back to snapshot.
Iteration | Overflow |     HPWL (um) |  HPWL(%) |   Penalty | Group
---------------------------------------------------------------
     1960 |   0.5843 |  4.884268e+05 |   -7.00% |  1.00e-09 |      
     1970 |   0.5596 |  4.995796e+05 |   +2.28% |  1.48e-09 |      
     1980 |   0.5330 |  5.085046e+05 |   +1.79% |  2.17e-09 |      
     1990 |   0.5036 |  5.141939e+05 |   +1.12% |  3.20e-09 |      
     2000 |   0.4763 |  5.174655e+05 |   +0.64% |  4.71e-09 |      
     2010 |   0.4468 |  5.202626e+05 |   +0.54% |  6.94e-09 |      
     2020 |   0.4170 |  5.220681e+05 |   +0.35% |  1.02e-08 |      
     2030 |   0.3839 |  5.240616e+05 |   +0.38% |  1.51e-08 |      
     2040 |   0.3485 |  5.247886e+05 |   +0.14% |  2.22e-08 |      
     2050 |   0.3164 |  5.249718e+05 |   +0.03% |  3.27e-08 |      
[INFO GPL-0040] Routability iteration: 17
[INFO GPL-0041] Total routing overflow: 2.3062
[INFO GPL-0042] Number of overflowed tiles: 74 (0.86%)
[INFO GPL-0043] Average top 0.5% routing congestion: 1.0463
[INFO GPL-0044] Average top 1.0% routing congestion: 1.0259
[INFO GPL-0045] Average top 2.0% routing congestion: 1.0014
[INFO GPL-0046] Average top 5.0% routing congestion: 0.9594
[INFO GPL-0047] Routability iteration weighted routing congestion: 1.0361
[INFO GPL-0048] Routing congestion (1.0361) lower than previous minimum (1.04). Updating minimum.
[INFO GPL-0086] Inflated area:                 249.657 um^2 (+0.12%)
[INFO GPL-0052] Placement target density:       0.6628
[INFO GPL-0076] Removing fillers, count: Before: 4567, After: 4548 (-0.42%)
[INFO GPL-0077] Filler area (um^2)     : Before: 57945.365, After: 57704.296 (-0.42%)
[INFO GPL-0078] Removed fillers count: 19, area removed: 241.069 um^2. Remaining area to be compensated by modifying density: 8.588 um^2
[INFO GPL-0058] White space area:           406252.128 um^2 (+0.00%)
[INFO GPL-0059] Movable instances area:     269258.195 um^2 (+0.00%)
[INFO GPL-0060] Total filler area:           57704.296 um^2 (-0.42%)
[INFO GPL-0061] Total non-inflated area:    269369.941 um^2 (+0.00%)
[INFO GPL-0062] Total inflated area:        269619.598 um^2 (+0.00%)
[INFO GPL-0063] New Target Density:             0.6628
[INFO GPL-0087] Routability end iteration: increase inflation and revert back to snapshot.
Iteration | Overflow |     HPWL (um) |  HPWL(%) |   Penalty | Group
---------------------------------------------------------------
     2060 |   0.5982 |  4.859323e+05 |   -7.44% |  7.96e-10 |      
     2070 |   0.5793 |  4.906888e+05 |   +0.98% |  1.17e-09 |      
     2080 |   0.5476 |  5.044343e+05 |   +2.80% |  1.72e-09 |      
     2090 |   0.5206 |  5.120272e+05 |   +1.51% |  2.54e-09 |      
     2100 |   0.4920 |  5.158727e+05 |   +0.75% |  3.74e-09 |      
     2110 |   0.4646 |  5.196534e+05 |   +0.73% |  5.50e-09 |      
     2120 |   0.4352 |  5.216634e+05 |   +0.39% |  8.11e-09 |      
     2130 |   0.4057 |  5.233003e+05 |   +0.31% |  1.19e-08 |      
     2140 |   0.3712 |  5.248792e+05 |   +0.30% |  1.76e-08 |      
     2150 |   0.3367 |  5.250552e+05 |   +0.03% |  2.59e-08 |      
     2160 |   0.3045 |  5.259725e+05 |   +0.17% |  3.82e-08 |      
[INFO GPL-0040] Routability iteration: 18
[INFO GPL-0041] Total routing overflow: 2.5650
[INFO GPL-0042] Number of overflowed tiles: 71 (0.82%)
[INFO GPL-0043] Average top 0.5% routing congestion: 1.0517
[INFO GPL-0044] Average top 1.0% routing congestion: 1.0291
[INFO GPL-0045] Average top 2.0% routing congestion: 1.0016
[INFO GPL-0046] Average top 5.0% routing congestion: 0.9583
[INFO GPL-0047] Routability iteration weighted routing congestion: 1.0404
[INFO GPL-0049] Routing congestion (1.0404) higher than minimum (1.0361). Consecutive non-improvement count: 1.
[INFO GPL-0086] Inflated area:                 327.879 um^2 (+0.15%)
[INFO GPL-0052] Placement target density:       0.6628
[INFO GPL-0076] Removing fillers, count: Before: 4548, After: 4523 (-0.55%)
[INFO GPL-0077] Filler area (um^2)     : Before: 57704.296, After: 57387.100 (-0.55%)
[INFO GPL-0078] Removed fillers count: 25, area removed: 317.196 um^2. Remaining area to be compensated by modifying density: 10.683 um^2
[INFO GPL-0058] White space area:           406252.128 um^2 (+0.00%)
[INFO GPL-0059] Movable instances area:     269258.195 um^2 (+0.00%)
[INFO GPL-0060] Total filler area:           57387.100 um^2 (-0.55%)
[INFO GPL-0061] Total non-inflated area:    269380.624 um^2 (+0.00%)
[INFO GPL-0062] Total inflated area:        269708.503 um^2 (+0.00%)
[INFO GPL-0063] New Target Density:             0.6628
[INFO GPL-0087] Routability end iteration: increase inflation and revert back to snapshot.
Iteration | Overflow |     HPWL (um) |  HPWL(%) |   Penalty | Group
---------------------------------------------------------------
     2170 |   0.5871 |  4.886271e+05 |   -7.10% |  9.29e-10 |      
     2180 |   0.5672 |  4.969721e+05 |   +1.71% |  1.37e-09 |      
     2190 |   0.5368 |  5.078852e+05 |   +2.20% |  2.01e-09 |      
     2200 |   0.5093 |  5.147030e+05 |   +1.34% |  2.96e-09 |      
     2210 |   0.4817 |  5.177409e+05 |   +0.59% |  4.36e-09 |      
     2220 |   0.4523 |  5.206235e+05 |   +0.56% |  6.43e-09 |      
     2230 |   0.4227 |  5.228457e+05 |   +0.43% |  9.46e-09 |      
     2240 |   0.3928 |  5.248726e+05 |   +0.39% |  1.39e-08 |      
     2250 |   0.3560 |  5.258982e+05 |   +0.20% |  2.05e-08 |      
     2260 |   0.3238 |  5.258873e+05 |   -0.00% |  3.02e-08 |      
[INFO GPL-0040] Routability iteration: 19
[INFO GPL-0041] Total routing overflow: 2.9190
[INFO GPL-0042] Number of overflowed tiles: 84 (0.97%)
[INFO GPL-0043] Average top 0.5% routing congestion: 1.0537
[INFO GPL-0044] Average top 1.0% routing congestion: 1.0335
[INFO GPL-0045] Average top 2.0% routing congestion: 1.0056
[INFO GPL-0046] Average top 5.0% routing congestion: 0.9596
[INFO GPL-0047] Routability iteration weighted routing congestion: 1.0436
[INFO GPL-0049] Routing congestion (1.0436) higher than minimum (1.0361). Consecutive non-improvement count: 2.
[INFO GPL-0086] Inflated area:                 300.190 um^2 (+0.14%)
[INFO GPL-0052] Placement target density:       0.6628
[INFO GPL-0076] Removing fillers, count: Before: 4523, After: 4500 (-0.51%)
[INFO GPL-0077] Filler area (um^2)     : Before: 57387.100, After: 57095.280 (-0.51%)
[INFO GPL-0078] Removed fillers count: 23, area removed: 291.820 um^2. Remaining area to be compensated by modifying density: 8.369 um^2
[INFO GPL-0058] White space area:           406252.128 um^2 (+0.00%)
[INFO GPL-0059] Movable instances area:     269258.195 um^2 (+0.00%)
[INFO GPL-0060] Total filler area:           57095.280 um^2 (-0.51%)
[INFO GPL-0061] Total non-inflated area:    269388.994 um^2 (+0.00%)
[INFO GPL-0062] Total inflated area:        269689.183 um^2 (+0.00%)
[INFO GPL-0063] New Target Density:             0.6628
[INFO GPL-0087] Routability end iteration: increase inflation and revert back to snapshot.
Iteration | Overflow |     HPWL (um) |  HPWL(%) |   Penalty | Group
---------------------------------------------------------------
     2270 |   0.6077 |  4.826004e+05 |   -8.23% |  7.37e-10 |      
     2280 |   0.5825 |  4.900722e+05 |   +1.55% |  1.08e-09 |      
     2290 |   0.5535 |  5.034456e+05 |   +2.73% |  1.60e-09 |      
     2300 |   0.5267 |  5.116056e+05 |   +1.62% |  2.35e-09 |      
     2310 |   0.4969 |  5.163930e+05 |   +0.94% |  3.46e-09 |      
     2320 |   0.4706 |  5.201356e+05 |   +0.72% |  5.09e-09 |      
     2330 |   0.4413 |  5.218986e+05 |   +0.34% |  7.50e-09 |      
     2340 |   0.4117 |  5.240514e+05 |   +0.41% |  1.10e-08 |      
     2350 |   0.3782 |  5.258453e+05 |   +0.34% |  1.63e-08 |      
     2360 |   0.3432 |  5.266755e+05 |   +0.16% |  2.40e-08 |      
     2370 |   0.3105 |  5.271159e+05 |   +0.08% |  3.53e-08 |      
[INFO GPL-0040] Routability iteration: 20
[INFO GPL-0041] Total routing overflow: 2.9053
[INFO GPL-0042] Number of overflowed tiles: 81 (0.94%)
[INFO GPL-0043] Average top 0.5% routing congestion: 1.0567
[INFO GPL-0044] Average top 1.0% routing congestion: 1.0333
[INFO GPL-0045] Average top 2.0% routing congestion: 1.0053
[INFO GPL-0046] Average top 5.0% routing congestion: 0.9601
[INFO GPL-0047] Routability iteration weighted routing congestion: 1.0450
[INFO GPL-0049] Routing congestion (1.0450) higher than minimum (1.0361). Consecutive non-improvement count: 3.
[INFO GPL-0086] Inflated area:                 320.065 um^2 (+0.15%)
[INFO GPL-0052] Placement target density:       0.6628
[INFO GPL-0076] Removing fillers, count: Before: 4500, After: 4475 (-0.56%)
[INFO GPL-0077] Filler area (um^2)     : Before: 57095.280, After: 56778.084 (-0.56%)
[INFO GPL-0078] Removed fillers count: 25, area removed: 317.196 um^2. Remaining area to be compensated by modifying density: 2.869 um^2
[INFO GPL-0054] No improvement in routing congestion for 3 consecutive iterations (limit is 3).
[INFO GPL-0055] Reverting inflation values and target density from the iteration with minimum observed routing congestion.
[INFO GPL-0056] Minimum observed routing congestion: 1.0361
[INFO GPL-0057] Target density at minimum routing congestion: 0.6628
[INFO GPL-0080] Restoring 92 previously removed fillers.
[INFO GPL-0081] Number of fillers before restoration 4475 and after 4567 . Relative change: +2.06%%
[INFO GPL-0082] Total filler area before restoration 56778.08 and after 57945.37 (um^2). Relative change: +2.06%%
[INFO GPL-0089] Routability finished. Reverting to minimal observed routing congestion, could not reach target.
Iteration | Overflow |     HPWL (um) |  HPWL(%) |   Penalty | Group
---------------------------------------------------------------
     2380 |   0.5888 |  4.870145e+05 |   -7.61% |  8.60e-10 |      
     2390 |   0.5716 |  4.922107e+05 |   +1.07% |  1.27e-09 |      
     2400 |   0.5413 |  5.049205e+05 |   +2.58% |  1.86e-09 |      
     2410 |   0.5129 |  5.121412e+05 |   +1.43% |  2.74e-09 |      
     2420 |   0.4839 |  5.154646e+05 |   +0.65% |  4.04e-09 |      
     2430 |   0.4582 |  5.193791e+05 |   +0.76% |  5.95e-09 |      
     2440 |   0.4272 |  5.214028e+05 |   +0.39% |  8.76e-09 |      
     2450 |   0.3986 |  5.229207e+05 |   +0.29% |  1.29e-08 |      
     2460 |   0.3625 |  5.243594e+05 |   +0.28% |  1.90e-08 |      
     2470 |   0.3300 |  5.243043e+05 |   -0.01% |  2.80e-08 |      
     2480 |   0.2968 |  5.256011e+05 |   +0.25% |  4.12e-08 |      
     2490 |   0.2618 |  5.263201e+05 |   +0.14% |  6.07e-08 |      
     2500 |   0.2285 |  5.273640e+05 |   +0.20% |  8.95e-08 |      
     2510 |   0.1967 |  5.282724e+05 |   +0.17% |  1.32e-07 |      
[INFO GPL-0100] Timing-driven iteration 2/2, virtual: false.
[INFO GPL-0101]    Iter: 2512, overflow: 0.194, keep resizer changes at: 1, HPWL: 528331200
Iteration |   Area    | Resized | Buffers | Nets repaired | Remaining
---------------------------------------------------------------------
        0 |     +0.0% |       0 |       0 |             0 |     18273
    final |     +0.0% |       1 |       2 |             2 |         0
---------------------------------------------------------------------
[INFO RSZ-0034] Found 2 slew violations.
[INFO RSZ-0036] Found 1 capacitance violations.
[INFO RSZ-0039] Resized 1 instances.
[INFO RSZ-0038] Inserted 2 buffers in 2 nets.
   Iter   |    Area   | Removed | Inserted |   Pins
          |           | Buffers | Buffers  | Remaining
-------------------------------------------------------
        0 |     +0.0% |       0 |        0 |     14719
     1400 |     +0.0% |     359 |      355 |     13319
     2800 |     -0.1% |     440 |      421 |     11919
     4200 |     -0.1% |     549 |      521 |     10519
     5600 |     -0.1% |     598 |      583 |      9119
     7000 |     -0.0% |     722 |      725 |      7719
     8400 |     +0.0% |     751 |      767 |      6319
     9800 |     +0.1% |     970 |      997 |      4919
    11200 |     +0.2% |    1101 |     1153 |      3519
    12600 |     -0.3% |    1649 |     1534 |      2119
    14000 |     -3.1% |    2862 |     2003 |       719
    final |     -3.5% |    3039 |     2076 |         0
-------------------------------------------------------
[INFO GPL-0106] Timing-driven: worst slack -1.0065683e-09
[INFO GPL-0107] Timing-driven: repair_design delta area: -8529.702 um^2 (-4.02%)
[INFO GPL-0108] Timing-driven: repair_design, gpl delta gcells: -961 (-5.52%)
[INFO GPL-0109] Timing-driven: repair_design, gcells created: 2078, deleted: 3039
[INFO GPL-0110] Timing-driven: new target density: 0.6442043
Iteration | Overflow |     HPWL (um) |  HPWL(%) |   Penalty | Group
---------------------------------------------------------------
     2520 |   0.1739 |  5.551589e+05 |   +5.09% |  1.93e-07 |      
     2530 |   0.1486 |  5.463435e+05 |   -1.59% |  2.85e-07 |      
     2540 |   0.1283 |  5.430886e+05 |   -0.60% |  4.20e-07 |      
     2550 |   0.1091 |  5.415531e+05 |   -0.28% |  6.18e-07 |      
     2556 |   0.0988 |  5.412756e+05 |          |  8.11e-07 |      
---------------------------------------------------------------
[INFO GPL-1001] Global placement finished at iteration 2556
[INFO GPL-1017] Routability mode iteration count: 2178
[INFO GPL-1005] Routability final weighted congestion: 1.0545
[INFO GPL-1002] Placed Cell Area            202886.2854
[INFO GPL-1003] Available Free Area         406252.1280
[INFO GPL-1004] Minimum Feasible Density        0.4400 (cell_area / free_area)
[INFO GPL-1006]   Suggested Target Densities:
[INFO GPL-1007]     - For 90% usage of free space: 0.5549
[INFO GPL-1008]     - For 80% usage of free space: 0.6243
[INFO GPL-1009]     - For 50% usage of free space: 0.9988
[INFO GPL-1011] Original area (um^2): 175070.05
[INFO GPL-1012] Total routability artificial inflation: 10839.04 (+6.19%)
[INFO GPL-1013] Total timing-driven delta area: 16977.20 (+9.70%)
[INFO GPL-1014] Final placement area: 202886.29 (+15.89%)
Took 27 seconds: global_placement -density 0.6 -pad_left 0 -pad_right 0 -routability_driven -timing_driven -force_center_initial_place -min_phi_coef 0.95 -max_phi_coef 1.05
estimate_parasitics -placement
Report metrics stage 3, global place...

==========================================================================
global place report_design_area
--------------------------------------------------------------------------
Design area 193837 um^2 47% utilization.
write_db ./results/sky130hd/chia_sha256_benchmark_corrupted/slot2/3_3_place_gp.odb
Log                       Ext     Elapsed/s Peak Memory/MB sha1sum result [0:20)
3_3_place_gp              .odb           31            411 6328b23f9dfbd108cc42
/root/OpenROAD-flow-scripts/flow/scripts/flow.sh 3_4_place_resized resize
Running resize.tcl, stage 3_4_place_resized
read_liberty /root/OpenROAD-flow-scripts/flow/platforms/sky130hd/lib/sky130_fd_sc_hd__tt_025C_1v80.lib
read_db ./results/sky130hd/chia_sha256_benchmark_corrupted/slot2/3_3_place_gp.odb
read_sdc ./results/sky130hd/chia_sha256_benchmark_corrupted/slot2/2_floorplan.sdc
source /root/OpenROAD-flow-scripts/flow/platforms/sky130hd/setRC.tcl
estimate_parasitics -placement
Perform buffer insertion and gate resizing...
repair_design -verbose -match_cell_footprint
Iteration |   Area    | Resized | Buffers | Nets repaired | Remaining
---------------------------------------------------------------------
        0 |     +0.0% |       0 |       0 |             0 |     17312
     1000 |     +0.0% |       0 |       0 |             0 |     16312
     2000 |     +0.0% |       0 |       0 |             0 |     15312
     3000 |     +0.0% |       0 |       0 |             0 |     14312
     4000 |     +0.0% |       0 |       0 |             0 |     13312
     5000 |     +0.0% |       0 |       0 |             0 |     12312
     6000 |     +0.0% |       0 |       0 |             0 |     11312
     7000 |     +0.0% |       0 |       0 |             0 |     10312
     8000 |     +0.0% |       0 |       0 |             0 |      9312
     9000 |     +0.0% |       0 |       0 |             0 |      8312
    10000 |     +0.0% |       0 |       0 |             0 |      7312
    11000 |     +0.0% |       0 |       0 |             0 |      6312
    12000 |     +0.0% |       0 |       0 |             0 |      5312
    13000 |     +0.0% |       0 |       0 |             0 |      4312
    14000 |     +0.0% |       0 |       0 |             0 |      3312
    15000 |     +0.0% |       0 |       0 |             0 |      2312
    16000 |     +0.0% |       0 |       0 |             0 |      1312
    17000 |     +0.0% |       0 |       0 |             0 |       312
    final |     +0.0% |       0 |       0 |             0 |         0
---------------------------------------------------------------------
[INFO RSZ-0504] Runtime: 0.78s
Repair setup and hold violations...
estimate_parasitics -placement
repair_timing -repair_tns 100 -match_cell_footprint -verbose
[INFO RSZ-0100] Repair move sequence: UnbufferMove SizeUpMove SwapPinsMove BufferMove CloneMove SplitLoadMove 
[INFO RSZ-0094] Found 79 endpoints with setup violations.
[INFO RSZ-0099] Repairing 79 out of 79 (100.00%) violating endpoints...
   Iter   | Removed | Resized | Inserted | Cloned |  Pin  |   Area   |    WNS   |   StTNS    |   EnTNS    |  Viol  |  Worst  
          | Buffers |  Gates  | Buffers  |  Gates | Swaps |          |          |            |            | Endpts | St/EnPt 
------------------------------------------------------------------------------------------------------------------------------
       0* |       0 |       0 |        0 |      0 |     0 |    +0.0% |   -1.739 |      -69.8 |      -68.6 |     79 | digest\[253\]$_DFFE_PN0P_/D
      10* |       0 |       7 |        3 |      0 |     1 |    +0.0% |   -1.230 |      -42.9 |      -35.9 |     79 | digest\[253\]$_DFFE_PN0P_/D
      20* |       0 |      17 |        3 |      0 |     1 |    +0.1% |   -1.083 |      -22.8 |      -27.7 |     79 | digest\[253\]$_DFFE_PN0P_/D
      30* |       0 |      25 |        3 |      0 |     3 |    +0.1% |   -1.077 |      -34.7 |      -25.6 |     79 | digest\[253\]$_DFFE_PN0P_/D
      40* |       0 |      34 |        3 |      0 |     4 |    +0.1% |   -0.991 |      -14.1 |      -23.6 |     79 | digest\[253\]$_DFFE_PN0P_/D
      50* |       0 |      43 |        8 |      0 |     4 |    +0.2% |   -0.963 |      -13.9 |      -22.2 |     79 | digest\[253\]$_DFFE_PN0P_/D
      60* |       0 |      50 |        8 |      1 |     6 |    +0.2% |   -0.955 |      -16.3 |      -21.5 |     79 | digest\[253\]$_DFFE_PN0P_/D
      70* |       1 |      57 |        9 |      2 |     6 |    +0.2% |   -0.880 |      -16.1 |      -18.3 |     79 | digest\[253\]$_DFFE_PN0P_/D
      80* |       1 |      62 |        9 |      2 |    11 |    +0.2% |   -0.862 |      -11.7 |      -18.2 |     79 | digest\[253\]$_DFFE_PN0P_/D
      90* |       1 |      67 |       11 |      2 |    14 |    +0.3% |   -0.818 |       -7.2 |      -18.0 |     79 | digest\[253\]$_DFFE_PN0P_/D
     100* |       2 |      74 |       12 |      2 |    15 |    +0.3% |   -0.747 |       -2.9 |      -14.9 |     79 | digest\[253\]$_DFFE_PN0P_/D
     110* |       2 |      80 |       12 |      4 |    17 |    +0.3% |   -0.777 |       -2.7 |      -16.2 |     79 | digest\[253\]$_DFFE_PN0P_/D
     120* |       2 |      86 |       13 |      4 |    20 |    +0.3% |   -0.700 |       -2.2 |      -13.9 |     79 | digest\[253\]$_DFFE_PN0P_/D
     130* |       2 |      90 |       16 |      5 |    22 |    +0.4% |   -0.770 |       -2.8 |      -16.0 |     79 | digest\[253\]$_DFFE_PN0P_/D
     140* |       2 |      94 |       17 |      5 |    27 |    +0.4% |   -0.752 |       -2.8 |      -15.6 |     79 | digest\[253\]$_DFFE_PN0P_/D
     150* |       2 |     100 |       22 |      5 |    29 |    +0.4% |   -0.756 |       -3.7 |      -14.5 |     79 | digest\[253\]$_DFFE_PN0P_/D
     160* |       2 |     102 |       27 |      5 |    33 |    +0.5% |   -0.783 |       -5.6 |      -16.1 |     79 | digest\[253\]$_DFFE_PN0P_/D
     170* |       2 |     107 |       27 |      5 |    38 |    +0.5% |   -0.723 |       -3.5 |      -15.4 |     79 | digest\[253\]$_DFFE_PN0P_/D
     170* |       2 |      86 |       13 |      4 |    20 |    +0.3% |   -0.700 |       -2.2 |      -13.9 |     79 | digest\[253\]$_DFFE_PN0P_/D
     180* |       2 |      91 |       14 |      5 |    22 |    +0.4% |   -0.689 |       -2.2 |      -13.6 |     79 | digest\[253\]$_DFFE_PN0P_/D
     190* |       2 |      95 |       17 |      5 |    25 |    +0.4% |   -0.673 |       -2.1 |      -13.4 |     79 | digest\[249\]$_DFFE_PN0P_/D
     200* |       2 |      99 |       21 |      6 |    26 |    +0.4% |   -0.767 |       -2.3 |      -17.4 |     79 | digest\[249\]$_DFFE_PN0P_/D
     210* |       2 |     106 |       26 |      6 |    27 |    +0.5% |   -0.690 |       -2.2 |      -13.6 |     79 | digest\[249\]$_DFFE_PN0P_/D
     220* |       2 |     114 |       28 |      6 |    27 |    +0.5% |   -0.669 |       -2.1 |      -12.6 |     79 | digest\[249\]$_DFFE_PN0P_/D
     230* |       2 |     118 |       29 |      6 |    32 |    +0.5% |   -0.670 |       -2.1 |      -12.6 |     79 | digest\[249\]$_DFFE_PN0P_/D
     240* |       2 |     121 |       31 |      6 |    37 |    +0.5% |   -0.686 |       -2.3 |      -12.9 |     79 | digest\[249\]$_DFFE_PN0P_/D
     250* |       2 |     124 |       32 |      6 |    43 |    +0.5% |   -0.726 |       -2.9 |      -13.5 |     79 | digest\[249\]$_DFFE_PN0P_/D
     260* |       2 |     128 |       35 |      6 |    46 |    +0.6% |   -0.732 |       -2.8 |      -13.4 |     79 | digest\[249\]$_DFFE_PN0P_/D
     270* |       2 |     130 |       40 |      7 |    49 |    +0.6% |   -0.725 |       -2.6 |      -15.7 |     79 | digest\[249\]$_DFFE_PN0P_/D
     270* |       2 |     114 |       28 |      6 |    27 |    +0.5% |   -0.669 |       -2.1 |      -12.6 |     79 | digest\[249\]$_DFFE_PN0P_/D
     280* |       2 |     121 |       30 |      6 |    27 |    +0.5% |   -0.728 |       -2.2 |      -14.3 |     79 | digest\[249\]$_DFFE_PN0P_/D
     290* |       2 |     130 |       30 |      6 |    28 |    +0.5% |   -0.670 |       -2.1 |      -12.2 |     79 | digest\[249\]$_DFFE_PN0P_/D
     300* |       2 |     137 |       32 |      7 |    29 |    +0.6% |   -0.707 |       -2.2 |      -13.7 |     79 | digest\[249\]$_DFFE_PN0P_/D
     310* |       2 |     142 |       33 |      8 |    32 |    +0.6% |   -0.739 |       -2.3 |      -14.3 |     79 | digest\[249\]$_DFFE_PN0P_/D
     320* |       2 |     150 |       33 |      8 |    34 |    +0.6% |   -0.752 |       -2.3 |      -14.5 |     79 | digest\[249\]$_DFFE_PN0P_/D
     330* |       2 |     156 |       34 |      8 |    37 |    +0.7% |   -0.737 |       -2.4 |      -14.6 |     79 | digest\[253\]$_DFFE_PN0P_/D
     340* |       2 |     161 |       34 |      9 |    41 |    +0.7% |   -0.745 |       -2.4 |      -15.0 |     79 | digest\[253\]$_DFFE_PN0P_/D
     345* |       2 |     135 |       30 |      6 |    28 |    +0.6% |   -0.669 |       -2.1 |      -12.0 |     79 | digest\[249\]$_DFFE_PN0P_/D
     350* |       2 |     139 |       30 |      6 |    28 |    +0.6% |   -0.647 |       -2.1 |      -11.7 |     79 | digest\[253\]$_DFFE_PN0P_/D
     360* |       2 |     148 |       31 |      6 |    28 |    +0.6% |   -0.629 |       -1.9 |      -12.1 |     79 | digest\[249\]$_DFFE_PN0P_/D
     370* |       2 |     152 |       35 |      7 |    30 |    +0.6% |   -0.664 |       -2.0 |      -14.2 |     79 | digest\[253\]$_DFFE_PN0P_/D
     380* |       2 |     158 |       35 |      8 |    33 |    +0.7% |   -0.722 |       -2.2 |      -14.9 |     79 | digest\[253\]$_DFFE_PN0P_/D
     388* |       2 |     150 |       33 |      6 |    29 |    +0.6% |   -0.607 |       -1.9 |      -12.0 |     79 | digest\[253\]$_DFFE_PN0P_/D
     390* |       2 |     150 |       33 |      6 |    30 |    +0.6% |   -0.607 |       -1.9 |      -12.0 |     79 | digest\[253\]$_DFFE_PN0P_/D
     400* |       2 |     156 |       35 |      8 |    31 |    +0.7% |   -0.694 |       -2.1 |      -14.6 |     79 | digest\[253\]$_DFFE_PN0P_/D
     410* |       2 |     163 |       36 |      8 |    33 |    +0.7% |   -0.694 |       -2.1 |      -14.3 |     79 | digest\[253\]$_DFFE_PN0P_/D
     420* |       3 |     168 |       37 |      9 |    35 |    +0.7% |   -0.694 |       -2.1 |      -14.5 |     79 | digest\[253\]$_DFFE_PN0P_/D
     430* |       3 |     176 |       38 |      9 |    36 |    +0.7% |   -0.690 |       -2.1 |      -14.0 |     79 | digest\[253\]$_DFFE_PN0P_/D
     440* |       3 |     180 |       38 |     10 |    41 |    +0.8% |   -0.691 |       -2.1 |      -14.7 |     79 | digest\[253\]$_DFFE_PN0P_/D
     442* |       2 |     151 |       35 |      6 |    30 |    +0.6% |   -0.607 |       -1.9 |      -12.0 |     79 | digest\[253\]$_DFFE_PN0P_/D
     450* |       2 |     155 |       36 |      6 |    32 |    +0.6% |   -0.607 |       -1.9 |      -10.7 |     79 | digest\[253\]$_DFFE_PN0P_/D
     460* |       2 |     159 |       38 |      6 |    36 |    +0.6% |   -0.607 |       -1.9 |      -10.8 |     79 | digest\[253\]$_DFFE_PN0P_/D
     470* |       2 |     163 |       41 |      6 |    39 |    +0.7% |   -0.626 |       -2.0 |      -11.0 |     79 | digest\[253\]$_DFFE_PN0P_/D
     480* |       2 |     168 |       41 |      6 |    44 |    +0.7% |   -0.593 |       -1.8 |      -10.5 |     79 | digest\[253\]$_DFFE_PN0P_/D
     490* |       3 |     171 |       41 |      6 |    50 |    +0.7% |   -0.593 |       -1.8 |      -11.0 |     79 | digest\[253\]$_DFFE_PN0P_/D
     500* |       3 |     174 |       44 |      6 |    55 |    +0.7% |   -0.622 |       -1.9 |      -11.7 |     79 | digest\[249\]$_DFFE_PN0P_/D
     510* |       4 |     177 |       45 |      6 |    60 |    +0.7% |   -0.689 |       -2.3 |      -11.7 |     79 | digest\[253\]$_DFFE_PN0P_/D
     520* |       4 |     179 |       47 |      6 |    66 |    +0.7% |   -0.702 |       -2.3 |      -12.3 |     79 | digest\[253\]$_DFFE_PN0P_/D
     522* |       2 |     168 |       41 |      6 |    43 |    +0.7% |   -0.593 |       -1.8 |      -10.5 |     79 | digest\[253\]$_DFFE_PN0P_/D
     530* |       3 |     173 |       41 |      6 |    44 |    +0.7% |   -0.593 |       -1.8 |       -9.8 |     79 | digest\[253\]$_DFFE_PN0P_/D
     540* |       3 |     176 |       44 |      6 |    48 |    +0.7% |   -0.593 |       -1.8 |      -10.1 |     79 | digest\[253\]$_DFFE_PN0P_/D
     550* |       3 |     179 |       48 |      7 |    51 |    +0.8% |   -0.607 |       -1.9 |       -9.7 |     79 | digest\[253\]$_DFFE_PN0P_/D
     560* |       3 |     185 |       48 |      7 |    55 |    +0.8% |   -0.593 |       -1.8 |       -9.2 |     79 | digest\[253\]$_DFFE_PN0P_/D
     567* |       3 |     176 |       45 |      6 |    49 |    +0.7% |   -0.593 |       -1.8 |       -9.6 |     79 | digest\[253\]$_DFFE_PN0P_/D
     570* |       3 |     177 |       45 |      7 |    49 |    +0.7% |   -0.638 |       -1.9 |      -11.6 |     79 | digest\[253\]$_DFFE_PN0P_/D
     580* |       3 |     185 |       46 |      8 |    49 |    +0.8% |   -0.659 |       -2.0 |      -11.9 |     79 | digest\[253\]$_DFFE_PN0P_/D
     590* |       3 |     192 |       48 |      9 |    49 |    +0.8% |   -0.659 |       -2.0 |      -11.9 |     79 | digest\[253\]$_DFFE_PN0P_/D
     600* |       3 |     199 |       50 |     10 |    50 |    +0.9% |   -0.660 |       -2.0 |      -11.8 |     79 | digest\[253\]$_DFFE_PN0P_/D
     610* |       3 |     207 |       51 |     10 |    51 |    +0.9% |   -0.660 |       -2.0 |      -11.7 |     79 | digest\[253\]$_DFFE_PN0P_/D
     618* |       3 |     176 |       45 |      6 |    49 |    +0.7% |   -0.593 |       -1.8 |       -9.6 |     79 | digest\[253\]$_DFFE_PN0P_/D
     620* |       3 |     176 |       45 |      7 |    49 |    +0.7% |   -0.643 |       -1.9 |      -11.7 |     79 | digest\[253\]$_DFFE_PN0P_/D
     630* |       3 |     184 |       46 |      8 |    49 |    +0.8% |   -0.645 |       -1.9 |      -12.3 |     79 | digest\[253\]$_DFFE_PN0P_/D
     634* |       3 |     176 |       45 |      6 |    49 |    +0.7% |   -0.593 |       -1.8 |       -9.6 |     79 | digest\[253\]$_DFFE_PN0P_/D
     640* |       3 |     179 |       46 |      7 |    49 |    +0.8% |   -0.646 |       -1.9 |      -11.2 |     79 | digest\[253\]$_DFFE_PN0P_/D
     650* |       3 |     184 |       48 |      9 |    50 |    +0.8% |   -0.638 |       -1.9 |      -11.2 |     79 | digest\[253\]$_DFFE_PN0P_/D
     660* |       3 |     193 |       50 |      9 |    50 |    +0.8% |   -0.659 |       -2.0 |      -11.4 |     79 | digest\[253\]$_DFFE_PN0P_/D
     668* |       3 |     176 |       46 |      6 |    49 |    +0.7% |   -0.593 |       -1.8 |       -9.7 |     79 | digest\[253\]$_DFFE_PN0P_/D
     670* |       3 |     176 |       46 |      7 |    49 |    +0.7% |   -0.643 |       -1.9 |      -11.8 |     79 | digest\[253\]$_DFFE_PN0P_/D
     680* |       3 |     184 |       47 |      8 |    49 |    +0.8% |   -0.645 |       -1.9 |      -12.3 |     79 | digest\[253\]$_DFFE_PN0P_/D
     689* |       3 |     176 |       46 |      6 |    49 |    +0.7% |   -0.593 |       -1.8 |       -9.7 |     79 | digest\[253\]$_DFFE_PN0P_/D
     690* |       3 |     176 |       46 |      6 |    49 |    +0.7% |   -0.593 |       -1.8 |       -9.7 |     79 | digest\[253\]$_DFFE_PN0P_/D
     700* |       3 |     181 |       49 |      7 |    51 |    +0.8% |   -0.606 |       -1.9 |       -9.8 |     79 | digest\[253\]$_DFFE_PN0P_/D
     710* |       3 |     189 |       51 |      7 |    51 |    +0.8% |   -0.596 |       -1.9 |       -9.5 |     79 | digest\[253\]$_DFFE_PN0P_/D
     720* |       4 |     193 |       51 |      7 |    56 |    +0.8% |   -0.596 |       -1.9 |       -9.0 |     79 | digest\[253\]$_DFFE_PN0P_/D
     720* |       3 |     177 |       46 |      6 |    49 |    +0.7% |   -0.593 |       -1.8 |       -9.6 |     79 | digest\[253\]$_DFFE_PN0P_/D
     730* |       3 |     183 |       47 |      6 |    51 |    +0.8% |   -0.593 |       -1.8 |       -9.7 |     79 | digest\[253\]$_DFFE_PN0P_/D
     740* |       3 |     188 |       48 |      9 |    52 |    +0.8% |   -0.642 |       -1.9 |      -12.1 |     79 | digest\[253\]$_DFFE_PN0P_/D
     750* |       3 |     195 |       49 |      9 |    54 |    +0.8% |   -0.671 |       -2.0 |      -11.8 |     79 | digest\[253\]$_DFFE_PN0P_/D
     760* |       3 |     201 |       52 |     10 |    55 |    +0.9% |   -0.659 |       -2.0 |      -11.5 |     79 | digest\[253\]$_DFFE_PN0P_/D
     770* |       3 |     206 |       52 |     11 |    59 |    +0.9% |   -0.659 |       -2.0 |      -11.4 |     79 | digest\[253\]$_DFFE_PN0P_/D
     780* |       3 |     211 |       53 |     11 |    63 |    +0.9% |   -0.659 |       -2.0 |      -10.3 |     79 | digest\[253\]$_DFFE_PN0P_/D
     782* |       3 |     184 |       47 |      6 |    52 |    +0.8% |   -0.593 |       -1.8 |       -9.7 |     79 | digest\[253\]$_DFFE_PN0P_/D
     790* |       3 |     188 |       49 |      7 |    52 |    +0.8% |   -0.640 |       -1.9 |      -10.8 |     79 | digest\[253\]$_DFFE_PN0P_/D
     800* |       3 |     194 |       51 |      9 |    52 |    +0.8% |   -0.638 |       -1.9 |      -10.8 |     79 | digest\[253\]$_DFFE_PN0P_/D
     810* |       3 |     203 |       52 |      9 |    52 |    +0.9% |   -0.638 |       -1.9 |      -10.0 |     79 | digest\[253\]$_DFFE_PN0P_/D
     820* |       3 |     211 |       52 |      9 |    54 |    +0.9% |   -0.659 |       -2.0 |      -10.0 |     79 | digest\[253\]$_DFFE_PN0P_/D
     830* |       3 |     217 |       54 |     10 |    56 |    +1.0% |   -0.659 |       -2.0 |      -10.0 |     79 | digest\[253\]$_DFFE_PN0P_/D
     836* |       3 |     186 |       48 |      6 |    52 |    +0.8% |   -0.593 |       -1.8 |       -9.1 |     79 | digest\[253\]$_DFFE_PN0P_/D
     840* |       3 |     189 |       48 |      6 |    52 |    +0.8% |   -0.593 |       -1.8 |       -8.6 |     79 | digest\[253\]$_DFFE_PN0P_/D
     850* |       4 |     191 |       51 |      6 |    56 |    +0.8% |   -0.593 |       -1.8 |       -8.2 |     79 | digest\[253\]$_DFFE_PN0P_/D
     860* |       4 |     197 |       55 |      7 |    56 |    +0.8% |   -0.641 |       -2.0 |      -10.0 |     79 | digest\[253\]$_DFFE_PN0P_/D
     867* |       4 |     191 |       51 |      6 |    55 |    +0.8% |   -0.593 |       -1.8 |       -8.2 |     79 | digest\[253\]$_DFFE_PN0P_/D
     870* |       4 |     193 |       51 |      6 |    55 |    +0.8% |   -0.593 |       -1.8 |       -8.0 |     79 | digest\[253\]$_DFFE_PN0P_/D
     880* |       4 |     198 |       57 |      7 |    55 |    +0.9% |   -0.641 |       -2.0 |       -9.9 |     79 | digest\[253\]$_DFFE_PN0P_/D
     889* |       4 |     193 |       51 |      6 |    55 |    +0.8% |   -0.593 |       -1.8 |       -8.0 |     79 | digest\[253\]$_DFFE_PN0P_/D
     890* |       4 |     193 |       51 |      6 |    55 |    +0.8% |   -0.593 |       -1.8 |       -8.0 |     79 | digest\[253\]$_DFFE_PN0P_/D
     900* |       4 |     198 |       53 |      9 |    55 |    +0.9% |   -0.641 |       -1.9 |       -9.7 |     79 | digest\[253\]$_DFFE_PN0P_/D
     910* |       4 |     205 |       54 |      9 |    57 |    +0.9% |   -0.637 |       -1.9 |       -9.5 |     79 | digest\[253\]$_DFFE_PN0P_/D
     920* |       4 |     210 |       55 |      9 |    61 |    +0.9% |   -0.637 |       -1.9 |       -9.3 |     79 | digest\[253\]$_DFFE_PN0P_/D
     930* |       4 |     217 |       57 |      9 |    62 |    +0.9% |   -0.659 |       -2.0 |       -9.3 |     79 | digest\[253\]$_DFFE_PN0P_/D
     940* |       7 |     220 |       60 |      9 |    63 |    +0.9% |   -0.659 |       -2.0 |       -9.4 |     79 | digest\[253\]$_DFFE_PN0P_/D
     940* |       4 |     193 |       51 |      6 |    55 |    +0.8% |   -0.593 |       -1.8 |       -8.0 |     79 | digest\[253\]$_DFFE_PN0P_/D
     950* |       4 |     199 |       52 |      8 |    55 |    +0.8% |   -0.659 |       -2.0 |      -10.3 |     79 | digest\[253\]$_DFFE_PN0P_/D
     960* |       4 |     206 |       54 |      9 |    55 |    +0.9% |   -0.659 |       -2.0 |      -10.3 |     79 | digest\[253\]$_DFFE_PN0P_/D
     970* |       4 |     214 |       56 |     10 |    55 |    +0.9% |   -0.660 |       -2.0 |      -10.0 |     79 | digest\[253\]$_DFFE_PN0P_/D
     980* |       4 |     222 |       56 |     10 |    57 |    +1.0% |   -0.668 |       -2.0 |      -10.0 |     79 | digest\[253\]$_DFFE_PN0P_/D
     983* |       4 |     193 |       51 |      6 |    55 |    +0.8% |   -0.593 |       -1.8 |       -8.0 |     79 | digest\[253\]$_DFFE_PN0P_/D
     990* |       4 |     195 |       54 |      7 |    56 |    +0.8% |   -0.626 |       -1.9 |       -9.8 |     79 | digest\[253\]$_DFFE_PN0P_/D
    1000* |       4 |     202 |       58 |      7 |    56 |    +0.9% |   -0.606 |       -1.9 |       -8.9 |     79 | digest\[253\]$_DFFE_PN0P_/D
    1008* |       4 |     194 |       51 |      6 |    55 |    +0.8% |   -0.593 |       -1.8 |       -7.9 |     79 | digest\[253\]$_DFFE_PN0P_/D
    1010* |       4 |     194 |       51 |      6 |    56 |    +0.8% |   -0.593 |       -1.8 |       -7.9 |     79 | digest\[253\]$_DFFE_PN0P_/D
    1020* |       4 |     199 |       53 |      9 |    56 |    +0.9% |   -0.641 |       -1.9 |       -9.7 |     79 | digest\[253\]$_DFFE_PN0P_/D
    1030* |       4 |     207 |       55 |      9 |    56 |    +0.9% |   -0.637 |       -1.9 |       -9.4 |     79 | digest\[253\]$_DFFE_PN0P_/D
    1040* |       5 |     215 |       56 |      9 |    56 |    +0.9% |   -0.659 |       -2.0 |       -9.6 |     79 | digest\[253\]$_DFFE_PN0P_/D
    1050* |      10 |     215 |       61 |      9 |    56 |    +0.9% |   -0.659 |       -2.0 |       -9.6 |     79 | digest\[253\]$_DFFE_PN0P_/D
    1060* |      15 |     215 |       66 |      9 |    56 |    +0.9% |   -0.659 |       -2.0 |       -9.6 |     79 | digest\[253\]$_DFFE_PN0P_/D
    1060* |       4 |     194 |       51 |      6 |    56 |    +0.8% |   -0.593 |       -1.8 |       -7.9 |     79 | digest\[253\]$_DFFE_PN0P_/D
    1070* |       4 |     199 |       52 |      6 |    59 |    +0.8% |   -0.593 |       -1.8 |       -8.0 |     79 | digest\[253\]$_DFFE_PN0P_/D
    1080* |       4 |     204 |       54 |      7 |    61 |    +0.8% |   -0.646 |       -1.9 |       -9.8 |     79 | digest\[253\]$_DFFE_PN0P_/D
    1090* |       4 |     212 |       56 |      7 |    62 |    +0.9% |   -0.640 |       -1.9 |       -9.7 |     79 | digest\[253\]$_DFFE_PN0P_/D
    1100* |       4 |     218 |       58 |      9 |    62 |    +0.9% |   -0.637 |       -1.9 |       -9.7 |     79 | digest\[253\]$_DFFE_PN0P_/D
    1100* |       4 |     201 |       54 |      6 |    60 |    +0.8% |   -0.593 |       -1.8 |       -8.0 |     79 | digest\[253\]$_DFFE_PN0P_/D
    1110* |       4 |     206 |       58 |      7 |    60 |    +0.9% |   -0.635 |       -1.9 |      -10.2 |     79 | digest\[253\]$_DFFE_PN0P_/D
    1120* |       4 |     214 |       61 |      7 |    60 |    +0.9% |   -0.613 |       -1.9 |       -9.0 |     79 | digest\[253\]$_DFFE_PN0P_/D
    1130* |       4 |     217 |       63 |      7 |    65 |    +0.9% |   -0.613 |       -1.9 |       -9.3 |     79 | digest\[253\]$_DFFE_PN0P_/D
    1131* |       4 |     202 |       54 |      6 |    60 |    +0.8% |   -0.593 |       -1.8 |       -7.9 |     79 | digest\[253\]$_DFFE_PN0P_/D
    1140* |       4 |     207 |       54 |      8 |    61 |    +0.9% |   -0.645 |       -1.9 |       -9.7 |     79 | digest\[253\]$_DFFE_PN0P_/D
    1150* |       4 |     215 |       54 |      8 |    63 |    +0.9% |   -0.641 |       -1.9 |       -9.5 |     79 | digest\[253\]$_DFFE_PN0P_/D
    1160* |       4 |     221 |       57 |      8 |    65 |    +0.9% |   -0.641 |       -1.9 |       -9.1 |     79 | digest\[253\]$_DFFE_PN0P_/D
    1167* |       4 |     202 |       54 |      6 |    60 |    +0.8% |   -0.593 |       -1.8 |       -7.9 |     79 | digest\[253\]$_DFFE_PN0P_/D
    1170* |       4 |     204 |       54 |      6 |    60 |    +0.8% |   -0.593 |       -1.8 |       -7.9 |     79 | digest\[253\]$_DFFE_PN0P_/D
    1180* |       4 |     212 |       54 |      8 |    60 |    +0.9% |   -0.641 |       -1.9 |       -9.5 |     79 | digest\[253\]$_DFFE_PN0P_/D
    1190* |       4 |     222 |       54 |      8 |    60 |    +0.9% |   -0.662 |       -2.0 |       -9.6 |     79 | digest\[253\]$_DFFE_PN0P_/D
    1200* |       4 |     229 |       56 |     10 |    60 |    +1.0% |   -0.674 |       -2.0 |       -9.8 |     79 | digest\[253\]$_DFFE_PN0P_/D
    1200* |       4 |     204 |       54 |      6 |    60 |    +0.8% |   -0.593 |       -1.8 |       -7.9 |     79 | digest\[253\]$_DFFE_PN0P_/D
    1200* |       4 |     204 |       54 |      6 |    60 |    +0.8% |   -0.593 |       -1.8 |       -7.9 |     79 | digest\[253\]$_DFFE_PN0P_/D
    1200+ |       4 |     204 |       54 |      6 |    60 |    +0.8% |   -0.593 |       -1.8 |       -7.9 |     29 | digest\[253\]$_DFFE_PN0P_/D
    1204+ |       4 |     207 |       54 |      6 |    60 |    +0.8% |   -0.578 |       -1.8 |       -7.7 |     29 | digest\[253\]$_DFFE_PN0P_/D
    1206+ |       4 |     208 |       54 |      6 |    60 |    +0.8% |   -0.577 |       -1.8 |       -7.6 |     29 | digest\[253\]$_DFFE_PN0P_/D
    1207+ |       4 |     208 |       54 |      6 |    60 |    +0.8% |   -0.577 |       -1.8 |       -7.6 |     29 | digest\[253\]$_DFFE_PN0P_/D
    1208+ |       4 |     208 |       54 |      6 |    60 |    +0.8% |   -0.577 |       -1.8 |       -7.6 |     29 | digest\[253\]$_DFFE_PN0P_/D
    1209+ |       4 |     208 |       54 |      6 |    60 |    +0.8% |   -0.577 |       -1.8 |       -7.6 |     29 | digest\[253\]$_DFFE_PN0P_/D
    1210+ |       4 |     208 |       54 |      6 |    60 |    +0.8% |   -0.577 |       -1.8 |       -7.6 |     29 | digest\[253\]$_DFFE_PN0P_/D
    1210+ |       4 |     208 |       54 |      6 |    60 |    +0.8% |   -0.577 |       -1.8 |       -7.6 |     29 | digest\[253\]$_DFFE_PN0P_/D
    1213+ |       4 |     210 |       54 |      6 |    60 |    +0.8% |   -0.576 |       -1.8 |       -7.6 |     29 | digest\[253\]$_DFFE_PN0P_/D
    1217+ |       4 |     213 |       54 |      6 |    60 |    +0.8% |   -0.576 |       -1.8 |       -7.6 |     29 | digest\[253\]$_DFFE_PN0P_/D
    1218+ |       4 |     213 |       54 |      6 |    60 |    +0.8% |   -0.576 |       -1.8 |       -7.6 |     29 | digest\[253\]$_DFFE_PN0P_/D
    1219+ |       4 |     213 |       54 |      6 |    60 |    +0.8% |   -0.576 |       -1.8 |       -7.6 |     29 | digest\[253\]$_DFFE_PN0P_/D
    1220+ |       4 |     213 |       54 |      6 |    60 |    +0.8% |   -0.576 |       -1.8 |       -7.6 |     29 | digest\[253\]$_DFFE_PN0P_/D
    1220+ |       4 |     213 |       54 |      6 |    60 |    +0.8% |   -0.576 |       -1.8 |       -7.6 |     29 | digest\[253\]$_DFFE_PN0P_/D
    1222+ |       4 |     214 |       54 |      6 |    60 |    +0.8% |   -0.576 |       -1.8 |       -7.5 |     29 | digest\[253\]$_DFFE_PN0P_/D
    1223+ |       4 |     214 |       54 |      6 |    60 |    +0.8% |   -0.576 |       -1.8 |       -7.5 |     29 | digest\[253\]$_DFFE_PN0P_/D
    1224+ |       4 |     214 |       54 |      6 |    60 |    +0.8% |   -0.576 |       -1.8 |       -7.5 |     29 | digest\[253\]$_DFFE_PN0P_/D
    1228+ |       4 |     217 |       54 |      6 |    60 |    +0.9% |   -0.576 |       -1.8 |       -7.5 |     29 | digest\[253\]$_DFFE_PN0P_/D
    1229+ |       4 |     217 |       54 |      6 |    60 |    +0.9% |   -0.576 |       -1.8 |       -7.5 |     29 | digest\[253\]$_DFFE_PN0P_/D
    1230+ |       4 |     217 |       54 |      6 |    60 |    +0.9% |   -0.576 |       -1.8 |       -7.5 |     29 | digest\[253\]$_DFFE_PN0P_/D
    1230+ |       4 |     217 |       54 |      6 |    60 |    +0.9% |   -0.576 |       -1.8 |       -7.5 |     29 | digest\[253\]$_DFFE_PN0P_/D
    1231+ |       4 |     217 |       54 |      6 |    60 |    +0.9% |   -0.576 |       -1.8 |       -7.5 |     29 | digest\[253\]$_DFFE_PN0P_/D
    1234+ |       4 |     219 |       54 |      6 |    60 |    +0.9% |   -0.576 |       -1.8 |       -7.5 |     29 | digest\[253\]$_DFFE_PN0P_/D
    1238+ |       4 |     222 |       54 |      6 |    60 |    +0.9% |   -0.576 |       -1.8 |       -7.4 |     29 | digest\[253\]$_DFFE_PN0P_/D
    1240+ |       4 |     223 |       54 |      6 |    60 |    +0.9% |   -0.576 |       -1.8 |       -7.4 |     29 | digest\[253\]$_DFFE_PN0P_/D
    1241+ |       4 |     224 |       54 |      6 |    60 |    +0.9% |   -0.576 |       -1.8 |       -7.4 |     29 | digest\[253\]$_DFFE_PN0P_/D
    1242+ |       4 |     224 |       54 |      6 |    60 |    +0.9% |   -0.576 |       -1.8 |       -7.4 |     29 | digest\[253\]$_DFFE_PN0P_/D
    1244+ |       4 |     226 |       54 |      6 |    60 |    +0.9% |   -0.576 |       -1.8 |       -7.3 |     29 | digest\[253\]$_DFFE_PN0P_/D
    1245+ |       4 |     226 |       54 |      6 |    60 |    +0.9% |   -0.576 |       -1.8 |       -7.3 |     29 | digest\[253\]$_DFFE_PN0P_/D
    1249+ |       4 |     229 |       54 |      6 |    60 |    +0.9% |   -0.576 |       -1.8 |       -7.2 |     29 | digest\[253\]$_DFFE_PN0P_/D
    1250+ |       4 |     229 |       54 |      6 |    60 |    +0.9% |   -0.576 |       -1.8 |       -7.2 |     29 | digest\[253\]$_DFFE_PN0P_/D
    1250+ |       4 |     229 |       54 |      6 |    60 |    +0.9% |   -0.576 |       -1.8 |       -7.2 |     29 | digest\[253\]$_DFFE_PN0P_/D
    1252+ |       4 |     230 |       54 |      6 |    61 |    +0.9% |   -0.576 |       -1.8 |       -7.2 |     29 | digest\[253\]$_DFFE_PN0P_/D
    1253+ |       4 |     230 |       54 |      6 |    61 |    +0.9% |   -0.576 |       -1.8 |       -7.2 |     29 | digest\[253\]$_DFFE_PN0P_/D
    1254+ |       4 |     231 |       54 |      6 |    61 |    +0.9% |   -0.576 |       -1.8 |       -7.2 |     29 | digest\[253\]$_DFFE_PN0P_/D
    final |       4 |     231 |       54 |      6 |    61 |    +0.9% |   -0.576 |       -1.8 |       -7.2 |     25 | digest\[253\]$_DFFE_PN0P_/D
------------------------------------------------------------------------------------------------------------------------------
[INFO RSZ-0059] Removed 4 buffers.
[INFO RSZ-0045] Inserted 54 buffers, 1 to split loads.
[INFO RSZ-0051] Resized 231 instances: 231 up, 0 up match, 0 down, 0 VT
[INFO RSZ-0043] Swapped pins on 61 instances.
[INFO RSZ-0049] Cloned 6 instances.
[WARNING RSZ-0062] Unable to repair all setup violations.
[INFO RSZ-0505] Runtime: 39.21s
[INFO RSZ-0033] No hold violations found.
[INFO RSZ-0506] Runtime: 0.01s
Took 39 seconds: repair_timing -repair_tns 100 -match_cell_footprint -verbose
Floating nets: 
Report metrics stage 3, resizer...

==========================================================================
resizer report_design_area
--------------------------------------------------------------------------
Design area 195563 um^2 47% utilization.
Instance count before 21938, after 21994
Pin count before 63042, after 63154
write_db ./results/sky130hd/chia_sha256_benchmark_corrupted/slot2/3_4_place_resized.odb
Log                       Ext     Elapsed/s Peak Memory/MB sha1sum result [0:20)
3_4_place_resized         .odb           45            223 76fe9bad315f0022ae7d
/root/OpenROAD-flow-scripts/flow/scripts/flow.sh 3_5_place_dp detail_place
Running detail_place.tcl, stage 3_5_place_dp
read_liberty /root/OpenROAD-flow-scripts/flow/platforms/sky130hd/lib/sky130_fd_sc_hd__tt_025C_1v80.lib
read_db ./results/sky130hd/chia_sha256_benchmark_corrupted/slot2/3_4_place_resized.odb
read_sdc ./results/sky130hd/chia_sha256_benchmark_corrupted/slot2/2_floorplan.sdc
source /root/OpenROAD-flow-scripts/flow/platforms/sky130hd/setRC.tcl
detailed_placement
[INFO DPL-0006] Core area: 413101.20 um^2
[INFO DPL-0007] Movable instances area: 188713.49 um^2
[INFO DPL-0008] Fixed instances area within core: 6849.07 um^2
[INFO DPL-0009] Utilization: 47.3%
[INFO DPL-0005] Diamond search max displacement: +/- 500 sites horizontally, +/- 100 rows vertically.
[INFO DPL-1102] Legalizing using negotiation legalizer.
[INFO DPL-1103] Negotiation base search window: +/-20 sites horizontally, +/-5 rows vertically 
	Automatic search window extension enabled.
	Search window extendable up to the max displacement cap of +/-500 sites, +/-100 rows near walls.
[INFO DPL-1104] NegotiationLegalizer DRC penalty: 5.
[INFO DPL-0392] Negotiation cell height distribution (1 unique row-count(s)):
[INFO DPL-0393]   height 1 row(s): 21994 cells
          |      Total |  Illegal |  Illegal
Iteration | Violations |    Cells |    Sites
---------------------------------------------
        0 |       1299 |       297 |      1002
        1 |         62 |        14 |        48
        2 |         10 |         2 |         8
        3 |          0 |         0 |         0
Negotiation phase 1 converged at iteration 3.
[INFO DPL-0500] Runtime: 0.18s
Placement Analysis
---------------------------------
total displacement      53393.5 u
average displacement        2.4 u
max displacement           21.6 u
original HPWL          544596.1 u
legalized HPWL         589982.4 u
delta HPWL                    8 %

improve_placement -max_displacement "5 1"
Detailed placement improvement.
[INFO DPL-0401] Setting random seed to 1.
[INFO DPL-0402] Setting maximum displacement 5 1 to 13600 2720 units.
[INFO DPL-0320] Collected 6246 fixed cells.
[INFO DPL-0318] Collected 16520 single height cells.
[INFO DPL-0321] Collected 0 wide cells.
[INFO DPL-0322] Image (1380, 2720) - (644920, 644640)
[INFO DPL-0310] Assigned 16520 cells into segments.  Movement in X-direction is 0.000000, movement in Y-direction is 0.000000.
[INFO DPL-0313] Found 0 cells in wrong regions.
[INFO DPL-0315] Found 0 row alignment problems.
[INFO DPL-0314] Found 0 site alignment problems.
[INFO DPL-0311] Found 0 overlaps between adjacent cells.
[INFO DPL-0312] Found 0 edge spacing violations and 0 padding violations.
[INFO DPL-0303] Running algorithm for independent set matching.
[INFO DPL-0300] Set matching objective is wirelength.
[INFO DPL-0301] Pass   1 of matching; objective is 5.898935e+08.
[INFO DPL-0302] End of matching; objective is 5.894474e+08, improvement is 0.08 percent.
[INFO DPL-0303] Running algorithm for global swaps.
[INFO DPL-0306] Pass   1 of global swaps; hpwl is 5.825890e+08.
[INFO DPL-0306] Pass   2 of global swaps; hpwl is 5.813280e+08.
[INFO DPL-0307] End of global swaps; objective is 5.813280e+08, improvement is 1.38 percent.
[INFO DPL-0303] Running algorithm for vertical swaps.
[INFO DPL-0308] Pass   1 of vertical swaps; hpwl is 5.794798e+08.
[INFO DPL-0309] End of vertical swaps; objective is 5.794798e+08, improvement is 0.32 percent.
[INFO DPL-0303] Running algorithm for reordering.
[INFO DPL-0304] Pass   1 of reordering; objective is 5.791057e+08.
[INFO DPL-0305] End of reordering; objective is 5.791057e+08, improvement is 0.06 percent.
[INFO DPL-0303] Running algorithm for random improvement.
[INFO DPL-0324] Random improver is using random generator.
[INFO DPL-0325] Random improver is using hpwl objective.
[INFO DPL-0326] Random improver cost string is (a).
[INFO DPL-0332] End of pass, Generator random called 330400 times.
[INFO DPL-0335] Generator random, Cumulative attempts 330400, swaps 45168, moves 82191 since last reset.
[INFO DPL-0333] End of pass, Objective hpwl, Initial cost 5.714741e+08, Scratch cost 5.661947e+08, Incremental cost 5.661947e+08, Mismatch? N
[INFO DPL-0338] End of pass, Total cost is 5.661947e+08.
[INFO DPL-0327] Pass   1 of random improver; improvement in cost is 0.92 percent.
[INFO DPL-0328] End of random improver; improvement is 0.923833 percent.
[INFO DPL-0380] Cell flipping.
[INFO DPL-0382] Changed 0 cell orientations for row compatibility.
[INFO DPL-0383] Performed 4457 cell flips.
[INFO DPL-0384] End of flipping; objective is 5.644273e+08, improvement is 1.64 percent.
[INFO DPL-0313] Found 0 cells in wrong regions.
[INFO DPL-0315] Found 0 row alignment problems.
[INFO DPL-0314] Found 0 site alignment problems.
[INFO DPL-0311] Found 0 overlaps between adjacent cells.
[INFO DPL-0312] Found 0 edge spacing violations and 0 padding violations.
Detailed Improvement Results
------------------------------------------
Original HPWL           589982.4 u (  254831.8,   335150.6)
Final HPWL              564727.5 u (  244720.8,   320006.8)
Delta HPWL                  -4.3 % (      -4.0,       -4.5)

optimize_mirroring
[INFO DPL-0020] Mirrored 718 instances
[INFO DPL-0021] HPWL before          564727.5 u
[INFO DPL-0022] HPWL after           564482.7 u
[INFO DPL-0023] HPWL delta               -0.0 %
[INFO FLW-0012] Placement violations .
estimate_parasitics -placement
Report metrics stage 3, detailed place...

==========================================================================
detailed place report_design_area
--------------------------------------------------------------------------
Design area 195563 um^2 47% utilization.
write_db ./results/sky130hd/chia_sha256_benchmark_corrupted/slot2/3_5_place_dp.odb
write_sdc -no_timestamp ./results/sky130hd/chia_sha256_benchmark_corrupted/slot2/3_place.sdc
Log                       Ext     Elapsed/s Peak Memory/MB sha1sum result [0:20)
3_5_place_dp              .odb            7            245 2847cfd3e439812f134c
cp ./results/sky130hd/chia_sha256_benchmark_corrupted/slot2/3_5_place_dp.odb ./results/sky130hd/chia_sha256_benchmark_corrupted/slot2/3_place.odb
make: Leaving directory '/root/OpenROAD-flow-scripts/flow'

STDERR:
bash: /opt/miniconda/lib/libtinfo.so.6: no version information available (required by bash)
bash: /opt/miniconda/lib/libtinfo.so.6: no version information available (required by bash)
bash: /opt/miniconda/lib/libtinfo.so.6: no version information available (required by bash)
bash: /opt/miniconda/lib/libtinfo.so.6: no version information available (required by bash)
bash: /opt/miniconda/lib/libtinfo.so.6: no version information available (required by bash)
bash: /opt/miniconda/lib/libtinfo.so.6: no version information available (required by bash)
bash: /opt/miniconda/lib/libtinfo.so.6: no version information available (required by bash)
bash: /opt/miniconda/lib/libtinfo.so.6: no version information available (required by bash)
bash: /opt/miniconda/lib/libtinfo.so.6: no version information available (required by bash)
bash: /opt/miniconda/lib/libtinfo.so.6: no version information available (required by bash)
bash: /opt/miniconda/lib/libtinfo.so.6: no version information available (required by bash)
bash: /opt/miniconda/lib/libtinfo.so.6: no version information available (required by bash)
bash: /opt/miniconda/lib/libtinfo.so.6: no version information available (required by bash)
bash: /opt/miniconda/lib/libtinfo.so.6: no version information available (required by bash)
bash: /opt/miniconda/lib/libtinfo.so.6: no version information available (required by bash)
bash: /opt/miniconda/lib/libtinfo.so.6: no version information available (required by bash)
bash: /opt/miniconda/lib/libtinfo.so.6: no version information available (required by bash)
bash: /opt/miniconda/lib/libtinfo.so.6: no version information available (required by bash)
bash: /opt/miniconda/lib/libtinfo.so.6: no version information available (required by bash)
bash: /opt/miniconda/lib/libtinfo.so.6: no version information available (required by bash)
bash: /opt/miniconda/lib/libtinfo.so.6: no version information available (required by bash)
bash: /opt/miniconda/lib/libtinfo.so.6: no version information available (required by bash)
bash: /opt/miniconda/lib/libtinfo.so.6: no version information available (required by bash)
bash: /opt/miniconda/lib/libtinfo.so.6: no version information available (required by bash)
Elapsed time: 0:02.49[h:]min:sec. CPU time: user 2.42 sys 0.05 (99%). Peak memory: 180184KB.
bash: /opt/miniconda/lib/libtinfo.so.6: no version information available (required by bash)
bash: /opt/miniconda/lib/libtinfo.so.6: no version information available (required by bash)
bash: /opt/miniconda/lib/libtinfo.so.6: no version information available (required by bash)
bash: /opt/miniconda/lib/libtinfo.so.6: no version information available (required by bash)
bash: /opt/miniconda/lib/libtinfo.so.6: no version information available (required by bash)
bash: /opt/miniconda/lib/libtinfo.so.6: no version information available (required by bash)
bash: /opt/miniconda/lib/libtinfo.so.6: no version information available (required by bash)
bash: /opt/miniconda/lib/libtinfo.so.6: no version information available (required by bash)
bash: /opt/miniconda/lib/libtinfo.so.6: no version information available (required by bash)
bash: /opt/miniconda/lib/libtinfo.so.6: no version information available (required by bash)
bash: /opt/miniconda/lib/libtinfo.so.6: no version information available (required by bash)
bash: /opt/miniconda/lib/libtinfo.so.6: no version information available (required by bash)
bash: /opt/miniconda/lib/libtinfo.so.6: no version information available (required by bash)
bash: /opt/miniconda/lib/libtinfo.so.6: no version information available (required by bash)
Elapsed time: 0:00.40[h:]min:sec. CPU time: user 0.34 sys 0.05 (95%). Peak memory: 160120KB.
bash: /opt/miniconda/lib/libtinfo.so.6: no version information available (required by bash)
bash: /opt/miniconda/lib/libtinfo.so.6: no version information available (required by bash)
bash: /opt/miniconda/lib/libtinfo.so.6: no version information available (required by bash)
bash: /opt/miniconda/lib/libtinfo.so.6: no version information available (required by bash)
bash: /opt/miniconda/lib/libtinfo.so.6: no version information available (required by bash)
bash: /opt/miniconda/lib/libtinfo.so.6: no version information available (required by bash)
bash: /opt/miniconda/lib/libtinfo.so.6: no version information available (required by bash)
bash: /opt/miniconda/lib/libtinfo.so.6: no version information available (required by bash)
bash: /opt/miniconda/lib/libtinfo.so.6: no version information available (required by bash)
bash: /opt/miniconda/lib/libtinfo.so.6: no version information available (required by bash)
bash: /opt/miniconda/lib/libtinfo.so.6: no version information available (required by bash)
bash: /opt/miniconda/lib/libtinfo.so.6: no version information available (required by bash)
bash: /opt/miniconda/lib/libtinfo.so.6: no version information available (required by bash)
bash: /opt/miniconda/lib/libtinfo.so.6: no version information available (required by bash)
Elapsed time: 0:31.30[h:]min:sec. CPU time: user 30.93 sys 0.28 (99%). Peak memory: 421440KB.
bash: /opt/miniconda/lib/libtinfo.so.6: no version information available (required by bash)
bash: /opt/miniconda/lib/libtinfo.so.6: no version information available (required by bash)
bash: /opt/miniconda/lib/libtinfo.so.6: no version information available (required by bash)
bash: /opt/miniconda/lib/libtinfo.so.6: no version information available (required by bash)
bash: /opt/miniconda/lib/libtinfo.so.6: no version information available (required by bash)
bash: /opt/miniconda/lib/libtinfo.so.6: no version information available (required by bash)
bash: /opt/miniconda/lib/libtinfo.so.6: no version information available (required by bash)
bash: /opt/miniconda/lib/libtinfo.so.6: no version information available (required by bash)
bash: /opt/miniconda/lib/libtinfo.so.6: no version information available (required by bash)
bash: /opt/miniconda/lib/libtinfo.so.6: no version information available (required by bash)
bash: /opt/miniconda/lib/libtinfo.so.6: no version information available (required by bash)
bash: /opt/miniconda/lib/libtinfo.so.6: no version information available (required by bash)
bash: /opt/miniconda/lib/libtinfo.so.6: no version information available (required by bash)
bash: /opt/miniconda/lib/libtinfo.so.6: no version information available (required by bash)
Elapsed time: 0:45.21[h:]min:sec. CPU time: user 44.92 sys 0.15 (99%). Peak memory: 229048KB.
bash: /opt/miniconda/lib/libtinfo.so.6: no version information available (required by bash)
bash: /opt/miniconda/lib/libtinfo.so.6: no version information available (required by bash)
bash: /opt/miniconda/lib/libtinfo.so.6: no version information available (required by bash)
bash: /opt/miniconda/lib/libtinfo.so.6: no version information available (required by bash)
bash: /opt/miniconda/lib/libtinfo.so.6: no version information available (required by bash)
bash: /opt/miniconda/lib/libtinfo.so.6: no version information available (required by bash)
bash: /opt/miniconda/lib/libtinfo.so.6: no version information available (required by bash)
bash: /opt/miniconda/lib/libtinfo.so.6: no version information available (required by bash)
bash: /opt/miniconda/lib/libtinfo.so.6: no version information available (required by bash)
bash: /opt/miniconda/lib/libtinfo.so.6: no version information available (required by bash)
bash: /opt/miniconda/lib/libtinfo.so.6: no version information available (required by bash)
bash: /opt/miniconda/lib/libtinfo.so.6: no version information available (required by bash)
bash: /opt/miniconda/lib/libtinfo.so.6: no version information available (required by bash)
bash: /opt/miniconda/lib/libtinfo.so.6: no version information available (required by bash)
Elapsed time: 0:07.18[h:]min:sec. CPU time: user 7.06 sys 0.08 (99%). Peak memory: 251224KB.
bash: /opt/miniconda/lib/libtinfo.so.6: no version information available (required by bash)
bash: /opt/miniconda/lib/libtinfo.so.6: no version information available (required by bash)
bash: /opt/miniconda/lib/libtinfo.so.6: no version information available (required by bash)
bash: /opt/miniconda/lib/libtinfo.so.6: no version information available (required by bash)
bash: /opt/miniconda/lib/libtinfo.so.6: no version information available (required by bash)
bash: /opt/miniconda/lib/libtinfo.so.6: no version information available (required by bash)
bash: /opt/miniconda/lib/libtinfo.so.6: no version information available (required by bash)
bash: /opt/miniconda/lib/libtinfo.so.6: no version information available (required by bash)
bash: /opt/miniconda/lib/libtinfo.so.6: no version information available (required by bash)
bash: /opt/miniconda/lib/libtinfo.so.6: no version information available (required by bash)
bash: /opt/miniconda/lib/libtinfo.so.6: no version information available (required by bash)
bash: /opt/miniconda/lib/libtinfo.so.6: no version information available (required by bash)
bash: /opt/miniconda/lib/libtinfo.so.6: no version information available (required by bash)
