make: Entering directory '/root/OpenROAD-flow-scripts/flow'
/root/OpenROAD-flow-scripts/flow/scripts/flow.sh 5_1_grt global_route
Running global_route.tcl, stage 5_1_grt
read_liberty /root/OpenROAD-flow-scripts/flow/platforms/sky130hd/lib/sky130_fd_sc_hd__tt_025C_1v80.lib
read_db ./results/sky130hd/chia_sha256_benchmark_corrupted/slot2/4_cts.odb
read_sdc ./results/sky130hd/chia_sha256_benchmark_corrupted/slot2/4_cts.sdc
source /root/OpenROAD-flow-scripts/flow/platforms/sky130hd/setRC.tcl
pin_access
[INFO DRT-0149] Reading tech and libs.
[WARNING DRT-0349] LEF58_ENCLOSURE with no CUTCLASS is not supported. Skipping for layer mcon
[WARNING DRT-0349] LEF58_ENCLOSURE with no CUTCLASS is not supported. Skipping for layer mcon
[WARNING DRT-0349] LEF58_ENCLOSURE with no CUTCLASS is not supported. Skipping for layer via
[WARNING DRT-0349] LEF58_ENCLOSURE with no CUTCLASS is not supported. Skipping for layer via
[WARNING DRT-0349] LEF58_ENCLOSURE with no CUTCLASS is not supported. Skipping for layer via2
[WARNING DRT-0349] LEF58_ENCLOSURE with no CUTCLASS is not supported. Skipping for layer via2
[WARNING DRT-0349] LEF58_ENCLOSURE with no CUTCLASS is not supported. Skipping for layer via3
[WARNING DRT-0349] LEF58_ENCLOSURE with no CUTCLASS is not supported. Skipping for layer via3
[WARNING DRT-0349] LEF58_ENCLOSURE with no CUTCLASS is not supported. Skipping for layer via4
[WARNING DRT-0349] LEF58_ENCLOSURE with no CUTCLASS is not supported. Skipping for layer via4

Units:                1000
Number of layers:     13
Number of macros:     441
Number of vias:       29
Number of viarulegen: 25

[INFO DRT-0150] Reading design.
[WARNING DRT-0120] Large net net3618 has 197 pins which may impact routing performance. Consider optimization.
[WARNING DRT-0120] Large net net513 has 111 pins which may impact routing performance. Consider optimization.
[WARNING DRT-0120] Large net net3250 has 120 pins which may impact routing performance. Consider optimization.
[WARNING DRT-0120] Large net net3248 has 113 pins which may impact routing performance. Consider optimization.
[WARNING DRT-0120] Large net net3247 has 134 pins which may impact routing performance. Consider optimization.
[WARNING DRT-0120] Large net net3621 has 144 pins which may impact routing performance. Consider optimization.
[WARNING DRT-0120] Large net net3665 has 147 pins which may impact routing performance. Consider optimization.
[WARNING DRT-0120] Large net net3681 has 117 pins which may impact routing performance. Consider optimization.
[WARNING DRT-0120] Large net net3693 has 122 pins which may impact routing performance. Consider optimization.
[WARNING DRT-0120] Large net net3857 has 112 pins which may impact routing performance. Consider optimization.
[WARNING DRT-0120] Large net net3855 has 243 pins which may impact routing performance. Consider optimization.
[WARNING DRT-0120] Large net net3925 has 156 pins which may impact routing performance. Consider optimization.
[WARNING DRT-0120] Large net net3921 has 145 pins which may impact routing performance. Consider optimization.
[WARNING DRT-0120] Large net net3914 has 179 pins which may impact routing performance. Consider optimization.
[WARNING DRT-0120] Large net net3908 has 126 pins which may impact routing performance. Consider optimization.
[WARNING DRT-0120] Large net net3905 has 151 pins which may impact routing performance. Consider optimization.
[WARNING DRT-0120] Large net net3900 has 137 pins which may impact routing performance. Consider optimization.
[WARNING DRT-0120] Large net net3899 has 166 pins which may impact routing performance. Consider optimization.
[WARNING DRT-0120] Large net net3892 has 103 pins which may impact routing performance. Consider optimization.

Design:                   sha256
Die area:                 ( 0 0 ) ( 551270 551270 )
Number of track patterns: 12
Number of DEF vias:       0
Number of components:     20419
Number of terminals:      774
Number of snets:          2
Number of nets:           17085

[INFO DRT-0167] List of default vias:
  Layer via
    default via: M1M2_PR
  Layer via2
    default via: M2M3_PR
  Layer via3
    default via: M3M4_PR
  Layer via4
    default via: M4M5_PR
[INFO DRT-0162] Library cell analysis.
[INFO DRT-0163] Instance analysis.
[INFO DRT-0164] Number of unique instances = 243.
[INFO DRT-0168] Init region query.
[INFO DRT-0024]   Complete FR_MASTERSLICE.
[INFO DRT-0024]   Complete Fr_VIA.
[INFO DRT-0024]   Complete li1.
[INFO DRT-0024]   Complete mcon.
[INFO DRT-0024]   Complete met1.
[INFO DRT-0024]   Complete via.
[INFO DRT-0024]   Complete met2.
[INFO DRT-0024]   Complete via2.
[INFO DRT-0024]   Complete met3.
[INFO DRT-0024]   Complete via3.
[INFO DRT-0024]   Complete met4.
[INFO DRT-0024]   Complete via4.
[INFO DRT-0024]   Complete met5.
[INFO DRT-0033] FR_MASTERSLICE shape region query size = 0.
[INFO DRT-0033] FR_VIA shape region query size = 0.
[INFO DRT-0033] li1 shape region query size = 605503.
[INFO DRT-0033] mcon shape region query size = 359654.
[INFO DRT-0033] met1 shape region query size = 112060.
[INFO DRT-0033] via shape region query size = 20200.
[INFO DRT-0033] met2 shape region query size = 12569.
[INFO DRT-0033] via2 shape region query size = 16160.
[INFO DRT-0033] met3 shape region query size = 12443.
[INFO DRT-0033] via3 shape region query size = 16160.
[INFO DRT-0033] met4 shape region query size = 4880.
[INFO DRT-0033] via4 shape region query size = 800.
[INFO DRT-0033] met5 shape region query size = 880.
[INFO DRT-0165] Start pin access.
[INFO DRT-0076]   Complete 1000 pins.
[INFO DRT-0078]   Complete 1934 pins.
[INFO DRT-0079]   Complete 100 unique inst patterns.
[INFO DRT-0079]   Complete 200 unique inst patterns.
[INFO DRT-0081]   Complete 243 unique inst patterns.
[INFO DRT-0082]   Complete 10000 groups.
[INFO DRT-0084]   Complete 10704 groups.
#scanned instances     = 20419
#unique  instances     = 243
#stdCellGenAp          = 9281
#stdCellValidPlanarAp  = 170
#stdCellValidViaAp     = 5828
#stdCellPinNoAp        = 10
#stdCellPinCnt         = 62812
#instTermValidViaApCnt = 0
#macroGenAp            = 0
#macroValidPlanarAp    = 0
#macroValidViaAp       = 0
#macroNoAp             = 0
[INFO DRT-0166] Complete pin access.
[INFO DRT-0267] cpu time = 00:02:53, elapsed time = 00:02:54, memory = 248.30 (MB), peak = 262.16 (MB)
Took 174 seconds: pin_access
global_route -congestion_report_file ./reports/sky130hd/chia_sha256_benchmark_corrupted/slot2/congestion.rpt -congestion_iterations 30 -congestion_report_iter_step 5 -verbose
[INFO GRT-0020] Min routing layer: met1
[INFO GRT-0021] Max routing layer: met5
[INFO GRT-0022] Global adjustment: 0%
[INFO GRT-0023] Grid origin: (0, 0)
[INFO GRT-0088] Layer li1     Track-Pitch = 0.4600  line-2-Via Pitch: 0.3400
[INFO GRT-0088] Layer met1    Track-Pitch = 0.3400  line-2-Via Pitch: 0.3400
[INFO GRT-0088] Layer met2    Track-Pitch = 0.4600  line-2-Via Pitch: 0.3500
[INFO GRT-0088] Layer met3    Track-Pitch = 0.6800  line-2-Via Pitch: 0.6150
[INFO GRT-0088] Layer met4    Track-Pitch = 0.9200  line-2-Via Pitch: 1.0400
[INFO GRT-0088] Layer met5    Track-Pitch = 3.4000  line-2-Via Pitch: 3.1100
[INFO GRT-0003] Macros: 0
[INFO GRT-0004] Blockages: 62832
[INFO GRT-0019] Found 295 clock nets.
[INFO GRT-0001] Minimum degree: 2
[INFO GRT-0002] Maximum degree: 243

[INFO GRT-0053] Routing resources analysis:
          Routing      Original      Derated      Resource
Layer     Direction    Resources     Resources    Reduction (%)
---------------------------------------------------------------
li1        Vertical            0             0          0.00%
met1       Horizontal      88455         68497          22.56%
met2       Vertical        80340         61698          23.20%
met3       Horizontal      60099         47190          21.48%
met4       Vertical        39546         27768          29.78%
met5       Horizontal       8970          6396          28.70%
---------------------------------------------------------------

[INFO GRT-0101] Running extra iterations to remove congestion.
[INFO GRT-0102] Start extra iteration 1/30
[INFO GRT-0102] Start extra iteration 2/30
[INFO GRT-0102] Start extra iteration 3/30
[INFO GRT-0102] Start extra iteration 4/30
[INFO GRT-0197] Via related to pin nodes: 110535
[INFO GRT-0198] Via related Steiner nodes: 3371
[INFO GRT-0199] Via filling finished.
[INFO GRT-0111] Final number of vias: 143591
[INFO GRT-0112] Final usage 3D: 539576

[INFO GRT-0096] Final congestion report:
Layer         Resource        Demand        Usage (%)    Max H / Max V / Total Congestion
---------------------------------------------------------------------------------------
li1                  0             0            0.00%             0 /  0 /  0
met1             68497         43471           63.46%             0 /  0 /  0
met2             61698         42699           69.21%             0 /  0 /  0
met3             47190         10641           22.55%             0 /  0 /  0
met4             27768         11960           43.07%             0 /  0 /  0
met5              6396            32            0.50%             0 /  0 /  0
---------------------------------------------------------------------------------------
Total           211549        108803           51.43%             0 /  0 /  0

[INFO GRT-0018] Total wirelength: 1096768 um
[INFO GRT-0014] Routed nets: 17075
[INFO GRT-0303] Global routing runtime = 00:00:01
[WARNING STA-0450] virtual clock vclk can not be propagated.
estimate_parasitics -global_routing
Perform buffer insertion and gate resizing...
repair_design -verbose
Iteration |   Area    | Resized | Buffers | Nets repaired | Remaining
---------------------------------------------------------------------
        0 |     +0.0% |       0 |       0 |             0 |     17309
     1000 |     +0.0% |       0 |       0 |             0 |     16309
     2000 |     +0.0% |       0 |       0 |             0 |     15309
     3000 |     +0.0% |       0 |       0 |             0 |     14309
     4000 |     +0.0% |       0 |       0 |             0 |     13309
     5000 |     +0.0% |       0 |       0 |             0 |     12309
     6000 |     +0.0% |       0 |       0 |             0 |     11309
     7000 |     +0.0% |       0 |       0 |             0 |     10309
     8000 |     +0.0% |       0 |       0 |             0 |      9309
     9000 |     +0.0% |       0 |       0 |             0 |      8309
    10000 |     +0.0% |       0 |       0 |             0 |      7309
[WARNING RSZ-0104] Net _12921_ only has one pin. Check if it is intended to be dangling.
[WARNING RSZ-0104] Net _12920_ only has one pin. Check if it is intended to be dangling.
    11000 |     +0.0% |       0 |       0 |             0 |      6309
[WARNING RSZ-0104] Net _12926_ only has one pin. Check if it is intended to be dangling.
[WARNING RSZ-0104] Net _12925_ only has one pin. Check if it is intended to be dangling.
[WARNING RSZ-0104] Net _12924_ only has one pin. Check if it is intended to be dangling.
[WARNING RSZ-0104] Net _12922_ only has one pin. Check if it is intended to be dangling.
[WARNING RSZ-0104] Net _12928_ only has one pin. Check if it is intended to be dangling.
    12000 |     +0.0% |       0 |       0 |             0 |      5309
[WARNING RSZ-0104] Net _12930_ only has one pin. Check if it is intended to be dangling.
[WARNING RSZ-0104] Net _12927_ only has one pin. Check if it is intended to be dangling.
[WARNING RSZ-0104] Net _12923_ only has one pin. Check if it is intended to be dangling.
    13000 |     +0.0% |       0 |       0 |             0 |      4309
    14000 |     +0.0% |       0 |       0 |             0 |      3309
    15000 |     +0.0% |       0 |       0 |             0 |      2309
    16000 |     +0.0% |       0 |       0 |             0 |      1309
    17000 |     +0.0% |       0 |       0 |             0 |       309
    final |     +0.0% |       0 |       0 |             0 |         0
---------------------------------------------------------------------
[INFO RSZ-0504] Runtime: 0.83s
global_route -start_incremental
detailed_placement
[INFO DPL-0006] Core area: 300029.00 um^2
[INFO DPL-0007] Movable instances area: 194849.38 um^2
[INFO DPL-0008] Fixed instances area within core: 4952.25 um^2
[INFO DPL-0009] Utilization: 66.6%
[INFO DPL-0005] Diamond search max displacement: +/- 500 sites horizontally, +/- 100 rows vertically.
[INFO DPL-1102] Legalizing using negotiation legalizer.
[INFO DPL-1103] Negotiation base search window: +/-20 sites horizontally, +/-5 rows vertically 
	Automatic search window extension enabled.
	Search window extendable up to the max displacement cap of +/-500 sites, +/-100 rows near walls.
[INFO DPL-1104] NegotiationLegalizer DRC penalty: 5.
[INFO DPL-0392] Negotiation cell height distribution (1 unique row-count(s)):
[INFO DPL-0393]   height 1 row(s): 20419 cells
[INFO DPL-0500] Runtime: 0.06s
Placement Analysis
---------------------------------
total displacement          0.0 u
average displacement        0.0 u
max displacement            0.0 u
original HPWL          601762.4 u
legalized HPWL         601762.4 u
delta HPWL                    0 %

global_route -end_incremental -congestion_report_file ./reports/sky130hd/chia_sha256_benchmark_corrupted/slot2/congestion_post_repair_design.rpt
Repair setup and hold violations...
estimate_parasitics -global_routing
repair_timing -setup_margin 0.25 -hold_margin 0 -repair_tns 100 -verbose
[INFO RSZ-0100] Repair move sequence: UnbufferMove SizeUpMove SwapPinsMove BufferMove CloneMove SplitLoadMove 
[INFO RSZ-0094] Found 55 endpoints with setup violations.
[INFO RSZ-0099] Repairing 55 out of 55 (100.00%) violating endpoints...
   Iter   | Removed | Resized | Inserted | Cloned |  Pin  |   Area   |    WNS   |   StTNS    |   EnTNS    |  Viol  |  Worst  
          | Buffers |  Gates  | Buffers  |  Gates | Swaps |          |          |            |            | Endpts | St/EnPt 
------------------------------------------------------------------------------------------------------------------------------
       0* |       0 |       0 |        0 |      0 |     0 |    +0.0% |   -0.708 |       -2.5 |      -13.7 |     55 | digest\[252\]$_DFFE_PN0P_/D
      10* |       0 |       4 |        0 |      0 |     5 |    +0.0% |   -0.665 |       -2.2 |      -12.7 |     55 | digest\[252\]$_DFFE_PN0P_/D
      20* |       0 |       6 |        0 |      0 |    13 |    +0.0% |   -0.770 |       -2.8 |      -14.9 |     55 | digest\[252\]$_DFFE_PN0P_/D
      30* |       0 |       8 |        2 |      0 |    19 |    +0.0% |   -0.635 |       -2.2 |      -11.9 |     55 | digest\[252\]$_DFFE_PN0P_/D
      40* |       0 |      14 |        4 |      0 |    21 |    +0.1% |   -0.644 |       -2.1 |      -12.2 |     55 | digest\[252\]$_DFFE_PN0P_/D
      50* |       0 |      16 |        4 |      0 |    29 |    +0.1% |   -0.617 |       -2.0 |      -12.6 |     55 | digest\[252\]$_DFFE_PN0P_/D
      60* |       0 |      18 |        9 |      0 |    35 |    +0.1% |   -0.592 |       -2.0 |      -12.2 |     55 | digest\[252\]$_DFFE_PN0P_/D
      70* |       0 |      23 |        9 |      0 |    40 |    +0.1% |   -0.577 |       -2.0 |      -12.1 |     55 | digest\[254\]$_DFFE_PN0P_/D
      80* |       0 |      23 |       11 |      0 |    48 |    +0.1% |   -0.627 |       -2.1 |      -13.1 |     55 | digest\[250\]$_DFFE_PN0P_/D
      90* |       0 |      29 |       12 |      0 |    51 |    +0.1% |   -0.645 |       -2.2 |      -13.8 |     55 | digest\[250\]$_DFFE_PN0P_/D
     100* |       0 |      31 |       14 |      0 |    57 |    +0.1% |   -0.634 |       -2.2 |      -12.7 |     55 | digest\[250\]$_DFFE_PN0P_/D
     110* |       0 |      32 |       17 |      0 |    63 |    +0.2% |   -0.657 |       -2.4 |      -13.6 |     55 | digest\[250\]$_DFFE_PN0P_/D
     117* |       0 |      23 |       10 |      0 |    43 |    +0.1% |   -0.559 |       -1.9 |      -11.8 |     55 | digest\[250\]$_DFFE_PN0P_/D
     120* |       0 |      25 |       10 |      0 |    43 |    +0.1% |   -0.559 |       -1.9 |      -12.1 |     55 | digest\[250\]$_DFFE_PN0P_/D
     130* |       0 |      33 |       11 |      0 |    44 |    +0.1% |   -0.559 |       -1.9 |      -11.5 |     55 | digest\[250\]$_DFFE_PN0P_/D
     140* |       0 |      36 |       12 |      0 |    50 |    +0.1% |   -0.559 |       -1.8 |      -11.4 |     55 | digest\[250\]$_DFFE_PN0P_/D
     150* |       0 |      38 |       12 |      0 |    58 |    +0.1% |   -0.557 |       -1.8 |      -11.2 |     55 | digest\[250\]$_DFFE_PN0P_/D
     160* |       0 |      41 |       14 |      0 |    63 |    +0.2% |   -0.587 |       -1.9 |      -12.1 |     55 | digest\[254\]$_DFFE_PN0P_/D
     170* |       0 |      44 |       24 |      0 |    69 |    +0.2% |   -0.557 |       -1.8 |      -11.1 |     55 | digest\[250\]$_DFFE_PN0P_/D
     180* |       0 |      49 |       24 |      0 |    74 |    +0.2% |   -0.603 |       -2.0 |      -12.0 |     55 | digest\[251\]$_DFFE_PN0P_/D
     190* |       0 |      52 |       30 |      0 |    78 |    +0.2% |   -0.562 |       -1.9 |      -11.3 |     55 | digest\[251\]$_DFFE_PN0P_/D
     200* |       0 |      54 |       33 |      0 |    83 |    +0.3% |   -0.575 |       -1.9 |      -11.5 |     55 | digest\[251\]$_DFFE_PN0P_/D
     210* |       0 |      58 |       34 |      0 |    88 |    +0.3% |   -0.542 |       -1.8 |      -10.8 |     55 | digest\[250\]$_DFFE_PN0P_/D
     220* |       0 |      64 |       36 |      0 |    90 |    +0.3% |   -0.544 |       -1.8 |      -11.0 |     55 | digest\[251\]$_DFFE_PN0P_/D
     230* |       0 |      74 |       36 |      0 |    90 |    +0.3% |   -0.542 |       -1.8 |      -10.6 |     55 | digest\[250\]$_DFFE_PN0P_/D
     240* |       0 |      80 |       40 |      0 |    91 |    +0.4% |   -0.542 |       -1.8 |      -10.6 |     55 | digest\[250\]$_DFFE_PN0P_/D
     250* |       0 |      84 |       43 |      1 |    93 |    +0.4% |   -0.527 |       -1.8 |      -10.1 |     55 | digest\[250\]$_DFFE_PN0P_/D
     260* |       0 |      88 |       46 |      1 |    96 |    +0.4% |   -0.512 |       -1.7 |       -9.7 |     55 | digest\[250\]$_DFFE_PN0P_/D
     270* |       0 |      92 |       47 |      2 |   100 |    +0.4% |   -0.519 |       -1.8 |       -9.9 |     55 | digest\[251\]$_DFFE_PN0P_/D
     280* |       0 |      97 |       52 |      2 |   102 |    +0.5% |   -0.521 |       -1.8 |       -9.5 |     55 | digest\[250\]$_DFFE_PN0P_/D
     290* |       0 |      98 |       56 |      2 |   108 |    +0.5% |   -0.521 |       -1.8 |       -9.5 |     55 | digest\[250\]$_DFFE_PN0P_/D
     300* |       0 |     107 |       56 |      2 |   109 |    +0.5% |   -0.521 |       -1.8 |       -9.4 |     55 | digest\[250\]$_DFFE_PN0P_/D
     301* |       0 |      92 |       48 |      2 |   100 |    +0.4% |   -0.512 |       -1.7 |       -9.6 |     55 | digest\[250\]$_DFFE_PN0P_/D
     310* |       0 |      94 |       49 |      2 |   105 |    +0.5% |   -0.542 |       -1.9 |       -9.3 |     55 | digest\[255\]$_DFFE_PN0P_/D
     320* |       0 |      97 |       49 |      2 |   112 |    +0.5% |   -0.542 |       -1.9 |       -9.3 |     55 | digest\[255\]$_DFFE_PN0P_/D
     326* |       0 |      92 |       48 |      2 |   100 |    +0.4% |   -0.512 |       -1.7 |       -9.6 |     55 | digest\[250\]$_DFFE_PN0P_/D
     330* |       0 |      94 |       48 |      2 |   101 |    +0.5% |   -0.528 |       -1.8 |       -9.7 |     55 | digest\[250\]$_DFFE_PN0P_/D
     340* |       0 |     100 |       51 |      2 |   104 |    +0.5% |   -0.528 |       -1.8 |       -9.7 |     55 | digest\[250\]$_DFFE_PN0P_/D
     341* |       0 |      92 |       48 |      2 |   100 |    +0.4% |   -0.512 |       -1.7 |       -9.6 |     55 | digest\[250\]$_DFFE_PN0P_/D
     350* |       0 |      98 |       51 |      2 |   101 |    +0.5% |   -0.532 |       -1.8 |       -9.6 |     55 | digest\[254\]$_DFFE_PN0P_/D
     352* |       0 |      95 |       51 |      2 |   101 |    +0.5% |   -0.507 |       -1.7 |       -9.6 |     55 | digest\[250\]$_DFFE_PN0P_/D
     360* |       0 |     100 |       51 |      2 |   103 |    +0.5% |   -0.527 |       -1.8 |       -9.4 |     55 | digest\[254\]$_DFFE_PN0P_/D
     361* |       0 |      95 |       51 |      2 |   103 |    +0.5% |   -0.507 |       -1.7 |       -9.6 |     55 | digest\[250\]$_DFFE_PN0P_/D
     370* |       0 |     100 |       52 |      2 |   105 |    +0.5% |   -0.510 |       -1.7 |       -9.5 |     55 | digest\[255\]$_DFFE_PN0P_/D
     380* |       0 |     105 |       52 |      2 |   110 |    +0.5% |   -0.581 |       -2.1 |       -9.9 |     55 | digest\[255\]$_DFFE_PN0P_/D
     380* |       0 |      96 |       51 |      2 |   104 |    +0.5% |   -0.507 |       -1.7 |       -9.5 |     55 | digest\[250\]$_DFFE_PN0P_/D
     390* |       0 |     103 |       51 |      2 |   106 |    +0.5% |   -0.507 |       -1.7 |       -9.1 |     55 | digest\[250\]$_DFFE_PN0P_/D
     400* |       0 |     110 |       51 |      2 |   109 |    +0.5% |   -0.507 |       -1.7 |       -9.3 |     55 | digest\[250\]$_DFFE_PN0P_/D
     410* |       0 |     114 |       53 |      2 |   113 |    +0.5% |   -0.519 |       -1.8 |       -9.2 |     55 | digest\[250\]$_DFFE_PN0P_/D
     420* |       0 |     119 |       53 |      2 |   118 |    +0.5% |   -0.528 |       -1.8 |       -8.6 |     55 | digest\[250\]$_DFFE_PN0P_/D
     430* |       0 |     123 |       54 |      2 |   123 |    +0.5% |   -0.557 |       -2.0 |       -9.6 |     55 | digest\[255\]$_DFFE_PN0P_/D
     440* |       0 |     127 |       55 |      2 |   128 |    +0.6% |   -0.582 |       -2.1 |       -9.7 |     55 | digest\[255\]$_DFFE_PN0P_/D
     445* |       0 |     108 |       51 |      2 |   107 |    +0.5% |   -0.507 |       -1.7 |       -8.6 |     55 | digest\[250\]$_DFFE_PN0P_/D
     450* |       0 |     110 |       52 |      2 |   108 |    +0.5% |   -0.528 |       -1.8 |       -8.9 |     55 | digest\[250\]$_DFFE_PN0P_/D
     454* |       0 |     108 |       51 |      2 |   107 |    +0.5% |   -0.507 |       -1.7 |       -8.6 |     55 | digest\[250\]$_DFFE_PN0P_/D
     460* |       0 |     113 |       51 |      2 |   107 |    +0.5% |   -0.507 |       -1.7 |       -8.6 |     55 | digest\[250\]$_DFFE_PN0P_/D
     470* |       0 |     120 |       53 |      2 |   108 |    +0.5% |   -0.519 |       -1.8 |       -8.7 |     55 | digest\[250\]$_DFFE_PN0P_/D
     480* |       0 |     124 |       53 |      2 |   114 |    +0.5% |   -0.519 |       -1.8 |       -8.7 |     55 | digest\[250\]$_DFFE_PN0P_/D
     481* |       0 |     113 |       51 |      2 |   107 |    +0.5% |   -0.507 |       -1.7 |       -8.6 |     55 | digest\[250\]$_DFFE_PN0P_/D
     490* |       0 |     116 |       53 |      2 |   110 |    +0.5% |   -0.507 |       -1.7 |       -8.5 |     55 | digest\[250\]$_DFFE_PN0P_/D
     500* |       0 |     122 |       53 |      2 |   114 |    +0.5% |   -0.507 |       -1.7 |       -8.1 |     55 | digest\[250\]$_DFFE_PN0P_/D
     510* |       0 |     130 |       55 |      2 |   114 |    +0.6% |   -0.523 |       -1.8 |       -8.1 |     55 | digest\[250\]$_DFFE_PN0P_/D
     520* |       0 |     136 |       59 |      2 |   115 |    +0.6% |   -0.519 |       -1.8 |       -8.5 |     55 | digest\[250\]$_DFFE_PN0P_/D
     530* |       0 |     143 |       61 |      2 |   116 |    +0.6% |   -0.539 |       -1.9 |       -8.3 |     55 | digest\[250\]$_DFFE_PN0P_/D
     530* |       0 |     123 |       53 |      2 |   114 |    +0.5% |   -0.507 |       -1.7 |       -8.2 |     55 | digest\[250\]$_DFFE_PN0P_/D
     536* |       0 |     123 |       53 |      2 |   114 |    +0.5% |   -0.507 |       -1.7 |       -8.2 |     55 | digest\[250\]$_DFFE_PN0P_/D
     540* |       0 |     125 |       53 |      2 |   115 |    +0.5% |   -0.519 |       -1.8 |       -8.2 |     55 | digest\[250\]$_DFFE_PN0P_/D
     550* |       0 |     129 |       56 |      2 |   119 |    +0.6% |   -0.519 |       -1.8 |       -8.1 |     55 | digest\[250\]$_DFFE_PN0P_/D
     560* |       0 |     137 |       57 |      2 |   120 |    +0.6% |   -0.519 |       -1.8 |       -8.1 |     55 | digest\[250\]$_DFFE_PN0P_/D
     570* |       0 |     142 |       57 |      2 |   125 |    +0.6% |   -0.519 |       -1.8 |       -8.1 |     55 | digest\[250\]$_DFFE_PN0P_/D
     580* |       0 |     145 |       58 |      2 |   131 |    +0.6% |   -0.519 |       -1.8 |       -8.0 |     55 | digest\[250\]$_DFFE_PN0P_/D
     588* |       0 |     124 |       53 |      2 |   114 |    +0.5% |   -0.507 |       -1.7 |       -8.1 |     55 | digest\[250\]$_DFFE_PN0P_/D
     590* |       0 |     125 |       53 |      2 |   114 |    +0.5% |   -0.507 |       -1.7 |       -8.0 |     55 | digest\[250\]$_DFFE_PN0P_/D
     600* |       0 |     132 |       53 |      2 |   117 |    +0.6% |   -0.523 |       -1.8 |       -8.0 |     55 | digest\[250\]$_DFFE_PN0P_/D
     610* |       0 |     139 |       56 |      2 |   118 |    +0.6% |   -0.523 |       -1.8 |       -7.8 |     55 | digest\[250\]$_DFFE_PN0P_/D
     620* |       0 |     145 |       59 |      2 |   119 |    +0.6% |   -0.533 |       -1.8 |       -8.1 |     55 | digest\[250\]$_DFFE_PN0P_/D
     627* |       0 |     129 |       53 |      2 |   116 |    +0.6% |   -0.507 |       -1.7 |       -7.9 |     55 | digest\[250\]$_DFFE_PN0P_/D
     630* |       0 |     129 |       54 |      2 |   117 |    +0.6% |   -0.507 |       -1.7 |       -7.9 |     55 | digest\[250\]$_DFFE_PN0P_/D
     640* |       0 |     133 |       56 |      2 |   121 |    +0.6% |   -0.507 |       -1.7 |       -7.7 |     55 | digest\[250\]$_DFFE_PN0P_/D
     650* |       0 |     139 |       57 |      2 |   124 |    +0.6% |   -0.507 |       -1.7 |       -7.6 |     55 | digest\[250\]$_DFFE_PN0P_/D
     653* |       0 |     141 |       57 |      2 |   124 |    +0.6% |   -0.502 |       -1.7 |       -7.5 |     55 | digest\[250\]$_DFFE_PN0P_/D
     660* |       0 |     146 |       58 |      2 |   124 |    +0.6% |   -0.502 |       -1.7 |       -7.5 |     55 | digest\[250\]$_DFFE_PN0P_/D
     664* |       0 |     143 |       57 |      2 |   124 |    +0.6% |   -0.502 |       -1.7 |       -7.4 |     55 | digest\[250\]$_DFFE_PN0P_/D
     670* |       0 |     145 |       58 |      2 |   126 |    +0.6% |   -0.502 |       -1.7 |       -7.3 |     55 | digest\[250\]$_DFFE_PN0P_/D
     680* |       0 |     152 |       59 |      2 |   128 |    +0.6% |   -0.513 |       -1.7 |       -7.3 |     55 | digest\[250\]$_DFFE_PN0P_/D
     690* |       0 |     160 |       60 |      2 |   129 |    +0.7% |   -0.539 |       -1.9 |       -7.5 |     55 | digest\[250\]$_DFFE_PN0P_/D
     700* |       0 |     168 |       60 |      2 |   131 |    +0.7% |   -0.539 |       -1.9 |       -7.4 |     55 | digest\[250\]$_DFFE_PN0P_/D
     710* |       0 |     175 |       62 |      2 |   132 |    +0.7% |   -0.536 |       -1.8 |       -7.7 |     55 | digest\[250\]$_DFFE_PN0P_/D
     720* |       0 |     180 |       68 |      2 |   133 |    +0.7% |   -0.532 |       -1.8 |       -8.4 |     55 | digest\[255\]$_DFFE_PN0P_/D
     720* |       0 |     145 |       58 |      2 |   126 |    +0.6% |   -0.502 |       -1.7 |       -7.3 |     55 | digest\[250\]$_DFFE_PN0P_/D
     730* |       0 |     151 |       58 |      2 |   129 |    +0.6% |   -0.502 |       -1.7 |       -7.1 |     55 | digest\[250\]$_DFFE_PN0P_/D
     740* |       0 |     156 |       63 |      2 |   130 |    +0.6% |   -0.528 |       -1.8 |       -7.5 |     55 | digest\[250\]$_DFFE_PN0P_/D
     747* |       0 |     151 |       58 |      2 |   129 |    +0.6% |   -0.502 |       -1.7 |       -7.1 |     55 | digest\[250\]$_DFFE_PN0P_/D
     750* |       0 |     153 |       58 |      2 |   129 |    +0.6% |   -0.509 |       -1.7 |       -7.2 |     55 | digest\[250\]$_DFFE_PN0P_/D
     760* |       0 |     158 |       60 |      2 |   133 |    +0.6% |   -0.526 |       -1.8 |       -7.3 |     55 | digest\[250\]$_DFFE_PN0P_/D
     770* |       0 |     161 |       60 |      2 |   140 |    +0.6% |   -0.526 |       -1.8 |       -7.4 |     55 | digest\[250\]$_DFFE_PN0P_/D
     780* |       0 |     166 |       60 |      2 |   145 |    +0.7% |   -0.526 |       -1.8 |       -7.6 |     55 | digest\[250\]$_DFFE_PN0P_/D
     790* |       0 |     170 |       65 |      2 |   148 |    +0.7% |   -0.526 |       -1.8 |       -7.4 |     55 | digest\[250\]$_DFFE_PN0P_/D
     795* |       0 |     151 |       58 |      2 |   129 |    +0.6% |   -0.502 |       -1.7 |       -7.1 |     55 | digest\[250\]$_DFFE_PN0P_/D
     800* |       0 |     152 |       60 |      2 |   130 |    +0.6% |   -0.514 |       -1.8 |       -7.3 |     55 | digest\[250\]$_DFFE_PN0P_/D
     810* |       0 |     161 |       61 |      2 |   130 |    +0.6% |   -0.514 |       -1.8 |       -7.0 |     55 | digest\[250\]$_DFFE_PN0P_/D
     820* |       0 |     168 |       65 |      2 |   130 |    +0.7% |   -0.528 |       -1.8 |       -7.6 |     55 | digest\[250\]$_DFFE_PN0P_/D
     830* |       0 |     176 |       66 |      2 |   131 |    +0.7% |   -0.523 |       -1.8 |       -7.3 |     55 | digest\[250\]$_DFFE_PN0P_/D
     832* |       0 |     151 |       60 |      2 |   129 |    +0.6% |   -0.502 |       -1.7 |       -7.2 |     55 | digest\[250\]$_DFFE_PN0P_/D
     840* |       0 |     157 |       61 |      2 |   129 |    +0.6% |   -0.509 |       -1.7 |       -7.0 |     55 | digest\[250\]$_DFFE_PN0P_/D
     850* |       0 |     165 |       61 |      2 |   131 |    +0.7% |   -0.550 |       -1.9 |       -7.1 |     55 | digest\[254\]$_DFFE_PN0P_/D
     860* |       0 |     174 |       62 |      2 |   131 |    +0.7% |   -0.529 |       -1.8 |       -7.5 |     55 | digest\[254\]$_DFFE_PN0P_/D
     870* |       0 |     178 |       66 |      2 |   133 |    +0.7% |   -0.529 |       -1.8 |       -7.6 |     55 | digest\[254\]$_DFFE_PN0P_/D
     880* |       0 |     187 |       66 |      2 |   134 |    +0.7% |   -0.534 |       -1.8 |       -7.6 |     55 | digest\[254\]$_DFFE_PN0P_/D
     887* |       0 |     154 |       61 |      2 |   129 |    +0.6% |   -0.502 |       -1.7 |       -7.1 |     55 | digest\[250\]$_DFFE_PN0P_/D
     890* |       0 |     155 |       61 |      2 |   130 |    +0.6% |   -0.514 |       -1.8 |       -7.2 |     55 | digest\[250\]$_DFFE_PN0P_/D
     900* |       0 |     163 |       64 |      2 |   130 |    +0.7% |   -0.514 |       -1.8 |       -6.8 |     55 | digest\[250\]$_DFFE_PN0P_/D
     910* |       0 |     170 |       66 |      2 |   131 |    +0.7% |   -0.528 |       -1.8 |       -7.4 |     55 | digest\[250\]$_DFFE_PN0P_/D
     915* |       0 |     154 |       61 |      2 |   129 |    +0.6% |   -0.502 |       -1.7 |       -7.1 |     55 | digest\[250\]$_DFFE_PN0P_/D
     920* |       0 |     158 |       61 |      2 |   129 |    +0.6% |   -0.516 |       -1.8 |       -7.1 |     55 | digest\[250\]$_DFFE_PN0P_/D
     930* |       0 |     167 |       61 |      2 |   130 |    +0.7% |   -0.527 |       -1.8 |       -7.1 |     55 | digest\[250\]$_DFFE_PN0P_/D
     940* |       0 |     175 |       62 |      2 |   131 |    +0.7% |   -0.527 |       -1.8 |       -7.1 |     55 | digest\[250\]$_DFFE_PN0P_/D
     950* |       0 |     183 |       63 |      2 |   132 |    +0.7% |   -0.527 |       -1.8 |       -7.4 |     55 | digest\[250\]$_DFFE_PN0P_/D
     960* |       0 |     188 |       64 |      2 |   136 |    +0.7% |   -0.527 |       -1.8 |       -7.6 |     55 | digest\[250\]$_DFFE_PN0P_/D
     966* |       0 |     154 |       61 |      2 |   129 |    +0.6% |   -0.502 |       -1.7 |       -7.1 |     55 | digest\[250\]$_DFFE_PN0P_/D
     970* |       0 |     155 |       63 |      2 |   130 |    +0.6% |   -0.502 |       -1.7 |       -7.0 |     55 | digest\[250\]$_DFFE_PN0P_/D
     980* |       0 |     162 |       67 |      2 |   130 |    +0.7% |   -0.528 |       -1.8 |       -7.6 |     55 | digest\[250\]$_DFFE_PN0P_/D
     990* |       0 |     168 |       68 |      2 |   133 |    +0.7% |   -0.540 |       -1.9 |       -7.7 |     55 | digest\[250\]$_DFFE_PN0P_/D
     990* |       0 |     154 |       63 |      2 |   130 |    +0.6% |   -0.502 |       -1.7 |       -7.0 |     55 | digest\[250\]$_DFFE_PN0P_/D
    1000* |       0 |     161 |       64 |      2 |   131 |    +0.7% |   -0.514 |       -1.8 |       -7.1 |     55 | digest\[250\]$_DFFE_PN0P_/D
    1010* |       0 |     169 |       65 |      2 |   132 |    +0.7% |   -0.514 |       -1.8 |       -7.5 |     55 | digest\[250\]$_DFFE_PN0P_/D
    1020* |       0 |     177 |       67 |      2 |   132 |    +0.7% |   -0.514 |       -1.8 |       -7.2 |     55 | digest\[250\]$_DFFE_PN0P_/D
    1030* |       0 |     185 |       68 |      2 |   133 |    +0.7% |   -0.514 |       -1.8 |       -7.1 |     55 | digest\[250\]$_DFFE_PN0P_/D
    1036* |       0 |     155 |       63 |      2 |   130 |    +0.6% |   -0.502 |       -1.7 |       -6.9 |     55 | digest\[250\]$_DFFE_PN0P_/D
    1040* |       0 |     157 |       64 |      2 |   130 |    +0.7% |   -0.514 |       -1.8 |       -7.1 |     55 | digest\[250\]$_DFFE_PN0P_/D
    1050* |       0 |     167 |       64 |      2 |   130 |    +0.7% |   -0.527 |       -1.8 |       -7.1 |     55 | digest\[250\]$_DFFE_PN0P_/D
    1060* |       0 |     175 |       66 |      2 |   130 |    +0.7% |   -0.527 |       -1.8 |       -7.3 |     55 | digest\[250\]$_DFFE_PN0P_/D
    1070* |       0 |     183 |       68 |      2 |   130 |    +0.7% |   -0.527 |       -1.8 |       -7.1 |     55 | digest\[250\]$_DFFE_PN0P_/D
    1080* |       0 |     190 |       70 |      2 |   131 |    +0.8% |   -0.526 |       -1.8 |       -7.1 |     55 | digest\[250\]$_DFFE_PN0P_/D
    1086* |       0 |     155 |       64 |      2 |   130 |    +0.6% |   -0.502 |       -1.7 |       -7.0 |     55 | digest\[250\]$_DFFE_PN0P_/D
    1090* |       0 |     157 |       64 |      2 |   131 |    +0.7% |   -0.502 |       -1.7 |       -6.9 |     55 | digest\[250\]$_DFFE_PN0P_/D
    1100* |       0 |     163 |       67 |      2 |   132 |    +0.7% |   -0.514 |       -1.8 |       -7.5 |     55 | digest\[250\]$_DFFE_PN0P_/D
    1100* |       0 |     159 |       64 |      2 |   131 |    +0.7% |   -0.502 |       -1.7 |       -6.9 |     55 | digest\[250\]$_DFFE_PN0P_/D
    1110* |       0 |     167 |       64 |      2 |   132 |    +0.7% |   -0.514 |       -1.8 |       -6.9 |     55 | digest\[250\]$_DFFE_PN0P_/D
    1120* |       0 |     173 |       68 |      2 |   133 |    +0.7% |   -0.528 |       -1.8 |       -7.5 |     55 | digest\[250\]$_DFFE_PN0P_/D
    1127* |       0 |     166 |       64 |      2 |   132 |    +0.7% |   -0.502 |       -1.7 |       -6.9 |     55 | digest\[250\]$_DFFE_PN0P_/D
    1130* |       0 |     168 |       64 |      2 |   132 |    +0.7% |   -0.502 |       -1.7 |       -6.9 |     55 | digest\[250\]$_DFFE_PN0P_/D
    1140* |       0 |     173 |       67 |      2 |   135 |    +0.7% |   -0.514 |       -1.8 |       -6.9 |     55 | digest\[250\]$_DFFE_PN0P_/D
    1150* |       0 |     180 |       70 |      2 |   135 |    +0.7% |   -0.528 |       -1.8 |       -7.4 |     55 | digest\[250\]$_DFFE_PN0P_/D
    1160* |       0 |     188 |       72 |      2 |   135 |    +0.8% |   -0.523 |       -1.8 |       -7.4 |     55 | digest\[250\]$_DFFE_PN0P_/D
    1165* |       0 |     170 |       64 |      2 |   134 |    +0.7% |   -0.502 |       -1.7 |       -6.9 |     55 | digest\[250\]$_DFFE_PN0P_/D
    1170* |       0 |     173 |       65 |      2 |   134 |    +0.7% |   -0.514 |       -1.8 |       -7.0 |     55 | digest\[250\]$_DFFE_PN0P_/D
    1180* |       0 |     183 |       65 |      2 |   134 |    +0.7% |   -0.514 |       -1.8 |       -7.0 |     55 | digest\[250\]$_DFFE_PN0P_/D
    1190* |       0 |     190 |       66 |      2 |   136 |    +0.7% |   -0.514 |       -1.8 |       -6.9 |     55 | digest\[250\]$_DFFE_PN0P_/D
    1195* |       0 |     170 |       64 |      2 |   134 |    +0.7% |   -0.502 |       -1.7 |       -6.9 |     55 | digest\[250\]$_DFFE_PN0P_/D
    1200* |       0 |     173 |       65 |      2 |   134 |    +0.7% |   -0.514 |       -1.8 |       -7.0 |     55 | digest\[250\]$_DFFE_PN0P_/D
    1210* |       0 |     178 |       69 |      2 |   136 |    +0.7% |   -0.514 |       -1.8 |       -6.7 |     55 | digest\[250\]$_DFFE_PN0P_/D
    1220* |       0 |     186 |       70 |      2 |   137 |    +0.8% |   -0.525 |       -1.8 |       -7.2 |     55 | digest\[250\]$_DFFE_PN0P_/D
    1230* |       0 |     193 |       73 |      2 |   137 |    +0.8% |   -0.525 |       -1.8 |       -7.5 |     55 | digest\[250\]$_DFFE_PN0P_/D
    1237* |       0 |     170 |       64 |      2 |   134 |    +0.7% |   -0.502 |       -1.7 |       -6.9 |     55 | digest\[250\]$_DFFE_PN0P_/D
    1240* |       0 |     172 |       64 |      2 |   134 |    +0.7% |   -0.514 |       -1.8 |       -6.9 |     55 | digest\[250\]$_DFFE_PN0P_/D
    1241* |       0 |     170 |       64 |      2 |   134 |    +0.7% |   -0.502 |       -1.7 |       -6.9 |     55 | digest\[250\]$_DFFE_PN0P_/D
    1250* |       0 |     177 |       65 |      2 |   134 |    +0.7% |   -0.514 |       -1.8 |       -6.9 |     55 | digest\[250\]$_DFFE_PN0P_/D
    1260* |       0 |     185 |       67 |      2 |   134 |    +0.7% |   -0.514 |       -1.8 |       -7.4 |     55 | digest\[250\]$_DFFE_PN0P_/D
    1270* |       0 |     194 |       68 |      2 |   134 |    +0.7% |   -0.514 |       -1.8 |       -7.0 |     55 | digest\[250\]$_DFFE_PN0P_/D
    1280* |       0 |     202 |       69 |      2 |   135 |    +0.8% |   -0.514 |       -1.8 |       -6.9 |     55 | digest\[250\]$_DFFE_PN0P_/D
    1281* |       0 |     170 |       64 |      2 |   134 |    +0.7% |   -0.502 |       -1.7 |       -6.9 |     55 | digest\[250\]$_DFFE_PN0P_/D
    1286* |       0 |     174 |       64 |      2 |   134 |    +0.7% |   -0.502 |       -1.7 |       -6.9 |     55 | digest\[250\]$_DFFE_PN0P_/D
    1290* |       0 |     177 |       64 |      2 |   134 |    +0.7% |   -0.502 |       -1.7 |       -6.9 |     55 | digest\[250\]$_DFFE_PN0P_/D
    1300* |       0 |     182 |       64 |      2 |   139 |    +0.7% |   -0.514 |       -1.8 |       -7.0 |     55 | digest\[250\]$_DFFE_PN0P_/D
    1301* |       0 |     181 |       64 |      2 |   139 |    +0.7% |   -0.502 |       -1.7 |       -6.9 |     55 | digest\[250\]$_DFFE_PN0P_/D
    1310* |       0 |     187 |       65 |      2 |   140 |    +0.7% |   -0.523 |       -1.8 |       -7.5 |     55 | digest\[250\]$_DFFE_PN0P_/D
    1311* |       0 |     182 |       64 |      2 |   139 |    +0.7% |   -0.502 |       -1.7 |       -6.9 |     55 | digest\[250\]$_DFFE_PN0P_/D
    1312* |       0 |     182 |       64 |      2 |   139 |    +0.7% |   -0.502 |       -1.7 |       -6.9 |     55 | digest\[250\]$_DFFE_PN0P_/D
    1313* |       0 |     182 |       64 |      2 |   139 |    +0.7% |   -0.502 |       -1.7 |       -6.9 |     55 | digest\[250\]$_DFFE_PN0P_/D
    1316* |       0 |     184 |       64 |      2 |   139 |    +0.7% |   -0.502 |       -1.7 |       -6.9 |     55 | digest\[250\]$_DFFE_PN0P_/D
    1317* |       0 |     184 |       64 |      2 |   139 |    +0.7% |   -0.502 |       -1.7 |       -6.9 |     55 | digest\[250\]$_DFFE_PN0P_/D
    1318* |       0 |     184 |       64 |      2 |   139 |    +0.7% |   -0.502 |       -1.7 |       -6.9 |     55 | digest\[250\]$_DFFE_PN0P_/D
    1319* |       0 |     184 |       64 |      2 |   139 |    +0.7% |   -0.502 |       -1.7 |       -6.9 |     55 | digest\[250\]$_DFFE_PN0P_/D
    1320* |       0 |     184 |       64 |      2 |   139 |    +0.7% |   -0.502 |       -1.7 |       -6.9 |     55 | digest\[250\]$_DFFE_PN0P_/D
    1320* |       0 |     184 |       64 |      2 |   139 |    +0.7% |   -0.502 |       -1.7 |       -6.9 |     55 | digest\[250\]$_DFFE_PN0P_/D
    1321* |       0 |     184 |       64 |      2 |   139 |    +0.7% |   -0.502 |       -1.7 |       -6.9 |     55 | digest\[250\]$_DFFE_PN0P_/D
    1330* |       0 |     189 |       65 |      2 |   141 |    +0.7% |   -0.502 |       -1.7 |       -7.0 |     55 | digest\[250\]$_DFFE_PN0P_/D
    1340* |       0 |     199 |       65 |      2 |   141 |    +0.8% |   -0.502 |       -1.7 |       -7.0 |     55 | digest\[250\]$_DFFE_PN0P_/D
    1350* |       0 |     207 |       67 |      2 |   141 |    +0.8% |   -0.502 |       -1.7 |       -6.9 |     55 | digest\[250\]$_DFFE_PN0P_/D
    1355* |       0 |     207 |       66 |      2 |   141 |    +0.8% |   -0.502 |       -1.7 |       -6.9 |     55 | digest\[250\]$_DFFE_PN0P_/D
    1360* |       0 |     210 |       66 |      2 |   142 |    +0.8% |   -0.519 |       -1.8 |       -7.3 |     55 | digest\[250\]$_DFFE_PN0P_/D
    1360* |       0 |     209 |       66 |      2 |   142 |    +0.8% |   -0.502 |       -1.7 |       -6.9 |     55 | digest\[250\]$_DFFE_PN0P_/D
    1366* |       0 |     210 |       66 |      2 |   142 |    +0.8% |   -0.502 |       -1.7 |       -6.9 |     55 | digest\[250\]$_DFFE_PN0P_/D
    1367* |       0 |     210 |       66 |      2 |   142 |    +0.8% |   -0.502 |       -1.7 |       -6.9 |     55 | digest\[250\]$_DFFE_PN0P_/D
    1370* |       0 |     212 |       66 |      2 |   142 |    +0.8% |   -0.502 |       -1.7 |       -6.9 |     55 | digest\[250\]$_DFFE_PN0P_/D
    1371* |       0 |     213 |       66 |      2 |   142 |    +0.8% |   -0.502 |       -1.7 |       -6.9 |     55 | digest\[250\]$_DFFE_PN0P_/D
    1373* |       0 |     213 |       66 |      2 |   142 |    +0.8% |   -0.502 |       -1.7 |       -6.9 |     55 | digest\[250\]$_DFFE_PN0P_/D
    1379* |       0 |     217 |       66 |      2 |   143 |    +0.8% |   -0.502 |       -1.7 |       -6.9 |     55 | digest\[250\]$_DFFE_PN0P_/D
    1380* |       0 |     217 |       66 |      2 |   143 |    +0.8% |   -0.502 |       -1.7 |       -6.9 |     55 | digest\[250\]$_DFFE_PN0P_/D
    1380* |       0 |     217 |       66 |      2 |   143 |    +0.8% |   -0.502 |       -1.7 |       -6.9 |     55 | digest\[250\]$_DFFE_PN0P_/D
    1381* |       0 |     217 |       66 |      2 |   143 |    +0.8% |   -0.502 |       -1.7 |       -6.9 |     55 | digest\[250\]$_DFFE_PN0P_/D
    1382* |       0 |     217 |       66 |      2 |   143 |    +0.8% |   -0.502 |       -1.7 |       -6.9 |     55 | digest\[250\]$_DFFE_PN0P_/D
    1383* |       0 |     217 |       66 |      2 |   143 |    +0.8% |   -0.502 |       -1.7 |       -6.9 |     55 | digest\[250\]$_DFFE_PN0P_/D
    1383* |       0 |     217 |       66 |      2 |   143 |    +0.8% |   -0.502 |       -1.7 |       -6.9 |     55 | digest\[250\]$_DFFE_PN0P_/D
    1384+ |       0 |     217 |       66 |      2 |   143 |    +0.8% |   -0.502 |       -1.7 |       -6.9 |     39 | digest\[250\]$_DFFE_PN0P_/D
    1385+ |       0 |     217 |       66 |      2 |   143 |    +0.8% |   -0.502 |       -1.7 |       -6.9 |     39 | digest\[250\]$_DFFE_PN0P_/D
    1386+ |       0 |     217 |       66 |      2 |   143 |    +0.8% |   -0.502 |       -1.7 |       -6.9 |     39 | digest\[250\]$_DFFE_PN0P_/D
    1387+ |       0 |     217 |       66 |      2 |   143 |    +0.8% |   -0.502 |       -1.7 |       -6.9 |     39 | digest\[250\]$_DFFE_PN0P_/D
    1389+ |       0 |     218 |       66 |      2 |   143 |    +0.8% |   -0.502 |       -1.7 |       -6.9 |     39 | digest\[250\]$_DFFE_PN0P_/D
    1390+ |       0 |     218 |       66 |      2 |   143 |    +0.8% |   -0.502 |       -1.7 |       -6.9 |     39 | digest\[250\]$_DFFE_PN0P_/D
    1390+ |       0 |     218 |       66 |      2 |   143 |    +0.8% |   -0.502 |       -1.7 |       -6.9 |     39 | digest\[250\]$_DFFE_PN0P_/D
    1391+ |       0 |     218 |       66 |      2 |   143 |    +0.8% |   -0.502 |       -1.7 |       -6.9 |     39 | digest\[250\]$_DFFE_PN0P_/D
    1392+ |       0 |     218 |       66 |      2 |   143 |    +0.8% |   -0.502 |       -1.7 |       -6.9 |     39 | digest\[250\]$_DFFE_PN0P_/D
    1393+ |       0 |     218 |       66 |      2 |   143 |    +0.8% |   -0.502 |       -1.7 |       -6.9 |     39 | digest\[250\]$_DFFE_PN0P_/D
    1394+ |       0 |     218 |       66 |      2 |   143 |    +0.8% |   -0.502 |       -1.7 |       -6.9 |     39 | digest\[250\]$_DFFE_PN0P_/D
    1395+ |       0 |     218 |       66 |      2 |   143 |    +0.8% |   -0.502 |       -1.7 |       -6.9 |     39 | digest\[250\]$_DFFE_PN0P_/D
    1396+ |       0 |     218 |       66 |      2 |   143 |    +0.8% |   -0.502 |       -1.7 |       -6.9 |     39 | digest\[250\]$_DFFE_PN0P_/D
    1397+ |       0 |     218 |       66 |      2 |   143 |    +0.8% |   -0.502 |       -1.7 |       -6.9 |     39 | digest\[250\]$_DFFE_PN0P_/D
    1398+ |       0 |     218 |       66 |      2 |   143 |    +0.8% |   -0.502 |       -1.7 |       -6.9 |     39 | digest\[250\]$_DFFE_PN0P_/D
    1399+ |       0 |     218 |       66 |      2 |   143 |    +0.8% |   -0.502 |       -1.7 |       -6.9 |     39 | digest\[250\]$_DFFE_PN0P_/D
    1400+ |       0 |     218 |       66 |      2 |   143 |    +0.8% |   -0.502 |       -1.7 |       -6.9 |     39 | digest\[250\]$_DFFE_PN0P_/D
    1401+ |       0 |     218 |       66 |      2 |   143 |    +0.8% |   -0.502 |       -1.7 |       -6.9 |     39 | digest\[250\]$_DFFE_PN0P_/D
    1402+ |       0 |     218 |       66 |      2 |   143 |    +0.8% |   -0.502 |       -1.7 |       -6.9 |     39 | digest\[250\]$_DFFE_PN0P_/D
    1403+ |       0 |     218 |       66 |      2 |   143 |    +0.8% |   -0.502 |       -1.7 |       -6.9 |     39 | digest\[250\]$_DFFE_PN0P_/D
    1404+ |       0 |     218 |       66 |      2 |   143 |    +0.8% |   -0.502 |       -1.7 |       -6.9 |     39 | digest\[250\]$_DFFE_PN0P_/D
    1405+ |       0 |     218 |       66 |      2 |   143 |    +0.8% |   -0.502 |       -1.7 |       -6.9 |     39 | digest\[250\]$_DFFE_PN0P_/D
    1406+ |       0 |     218 |       66 |      2 |   143 |    +0.8% |   -0.502 |       -1.7 |       -6.9 |     39 | digest\[250\]$_DFFE_PN0P_/D
    1407+ |       0 |     218 |       66 |      2 |   143 |    +0.8% |   -0.502 |       -1.7 |       -6.9 |     39 | digest\[250\]$_DFFE_PN0P_/D
    1408+ |       0 |     218 |       66 |      2 |   143 |    +0.8% |   -0.502 |       -1.7 |       -6.9 |     39 | digest\[250\]$_DFFE_PN0P_/D
    1409+ |       0 |     218 |       66 |      2 |   143 |    +0.8% |   -0.502 |       -1.7 |       -6.9 |     39 | digest\[250\]$_DFFE_PN0P_/D
    1410+ |       0 |     218 |       66 |      2 |   143 |    +0.8% |   -0.502 |       -1.7 |       -6.9 |     39 | digest\[250\]$_DFFE_PN0P_/D
    1410+ |       0 |     218 |       66 |      2 |   143 |    +0.8% |   -0.502 |       -1.7 |       -6.9 |     39 | digest\[250\]$_DFFE_PN0P_/D
    1411+ |       0 |     218 |       66 |      2 |   143 |    +0.8% |   -0.502 |       -1.7 |       -6.9 |     39 | digest\[250\]$_DFFE_PN0P_/D
    1412+ |       0 |     218 |       66 |      2 |   143 |    +0.8% |   -0.502 |       -1.7 |       -6.9 |     39 | digest\[250\]$_DFFE_PN0P_/D
    1413+ |       0 |     218 |       66 |      2 |   143 |    +0.8% |   -0.502 |       -1.7 |       -6.9 |     39 | digest\[250\]$_DFFE_PN0P_/D
    1414+ |       0 |     218 |       66 |      2 |   143 |    +0.8% |   -0.502 |       -1.7 |       -6.9 |     39 | digest\[250\]$_DFFE_PN0P_/D
    1415+ |       0 |     218 |       66 |      2 |   143 |    +0.8% |   -0.502 |       -1.7 |       -6.9 |     39 | digest\[250\]$_DFFE_PN0P_/D
    1416+ |       0 |     218 |       66 |      2 |   143 |    +0.8% |   -0.502 |       -1.7 |       -6.9 |     39 | digest\[250\]$_DFFE_PN0P_/D
    1417+ |       0 |     218 |       66 |      2 |   143 |    +0.8% |   -0.502 |       -1.7 |       -6.9 |     39 | digest\[250\]$_DFFE_PN0P_/D
    1418+ |       0 |     218 |       66 |      2 |   143 |    +0.8% |   -0.502 |       -1.7 |       -6.9 |     39 | digest\[250\]$_DFFE_PN0P_/D
    1420+ |       0 |     219 |       66 |      2 |   143 |    +0.8% |   -0.502 |       -1.7 |       -6.9 |     39 | digest\[250\]$_DFFE_PN0P_/D
    1422+ |       0 |     221 |       66 |      2 |   143 |    +0.8% |   -0.502 |       -1.7 |       -6.9 |     39 | digest\[250\]$_DFFE_PN0P_/D
    1423+ |       0 |     221 |       66 |      2 |   143 |    +0.8% |   -0.502 |       -1.7 |       -6.9 |     39 | digest\[250\]$_DFFE_PN0P_/D
    1424+ |       0 |     221 |       66 |      2 |   143 |    +0.8% |   -0.502 |       -1.7 |       -6.9 |     39 | digest\[250\]$_DFFE_PN0P_/D
    1426+ |       0 |     222 |       66 |      2 |   143 |    +0.8% |   -0.502 |       -1.7 |       -6.9 |     39 | digest\[250\]$_DFFE_PN0P_/D
    1427+ |       0 |     222 |       66 |      2 |   143 |    +0.8% |   -0.502 |       -1.7 |       -6.9 |     39 | digest\[250\]$_DFFE_PN0P_/D
    final |       0 |     222 |       66 |      2 |   143 |    +0.8% |   -0.502 |       -1.7 |       -6.9 |     40 | digest\[250\]$_DFFE_PN0P_/D
------------------------------------------------------------------------------------------------------------------------------
[INFO RSZ-0040] Inserted 66 buffers.
[INFO RSZ-0051] Resized 222 instances: 222 up, 0 up match, 0 down, 0 VT
[INFO RSZ-0043] Swapped pins on 143 instances.
[INFO RSZ-0049] Cloned 2 instances.
[WARNING RSZ-0062] Unable to repair all setup violations.
[INFO RSZ-0505] Runtime: 59.36s
[INFO RSZ-0033] No hold violations found.
[INFO RSZ-0506] Runtime: 0.06s
Took 59 seconds: repair_timing -setup_margin 0.25 -hold_margin 0 -repair_tns 100 -verbose
global_route -start_incremental
detailed_placement
[INFO DPL-0006] Core area: 300029.00 um^2
[INFO DPL-0007] Movable instances area: 196455.92 um^2
[INFO DPL-0008] Fixed instances area within core: 4952.25 um^2
[INFO DPL-0009] Utilization: 67.1%
[INFO DPL-0005] Diamond search max displacement: +/- 500 sites horizontally, +/- 100 rows vertically.
[INFO DPL-1102] Legalizing using negotiation legalizer.
[INFO DPL-1103] Negotiation base search window: +/-20 sites horizontally, +/-5 rows vertically 
	Automatic search window extension enabled.
	Search window extendable up to the max displacement cap of +/-500 sites, +/-100 rows near walls.
[INFO DPL-1104] NegotiationLegalizer DRC penalty: 5.
[INFO DPL-0392] Negotiation cell height distribution (1 unique row-count(s)):
[INFO DPL-0393]   height 1 row(s): 20487 cells
          |      Total |  Illegal |  Illegal
Iteration | Violations |    Cells |    Sites
---------------------------------------------
        0 |        186 |        38 |       148
        1 |         14 |         2 |        12
        2 |          8 |         2 |         6
        3 |         14 |         4 |        10
        4 |          0 |         0 |         0
Negotiation phase 1 converged at iteration 4.
[INFO DPL-0500] Runtime: 0.12s
Placement Analysis
---------------------------------
total displacement       1049.9 u
average displacement        0.1 u
max displacement           25.5 u
original HPWL          602863.0 u
legalized HPWL         603919.2 u
delta HPWL                    0 %

check_placement -verbose
global_route -end_incremental -congestion_report_file ./reports/sky130hd/chia_sha256_benchmark_corrupted/slot2/congestion_post_repair_timing.rpt
estimate_parasitics -global_routing
repair_timing -setup -sequence "vt_swap reroute" -skip_last_gasp -repair_tns 0 -verbose -setup_margin 0.25
[INFO RSZ-0100] Repair move sequence: RerouteMove 
[INFO RSZ-0094] Found 50 endpoints with setup violations.
[INFO RSZ-0099] Repairing 1 out of 50 (0.00%) violating endpoints...
   Iter   | Removed | Resized | Inserted | Cloned |  Pin  |   Area   |    WNS   |   StTNS    |   EnTNS    |  Viol  |  Worst  
          | Buffers |  Gates  | Buffers  |  Gates | Swaps |          |          |            |            | Endpts | St/EnPt 
------------------------------------------------------------------------------------------------------------------------------
       0* |       0 |       0 |        0 |      0 |     0 |    +0.0% |   -0.554 |       -1.9 |       -8.4 |     50 | digest\[255\]$_DFFE_PN0P_/D
       4* |       0 |       0 |        0 |      0 |     0 |    +0.0% |   -0.555 |       -1.9 |       -8.1 |     50 | digest\[255\]$_DFFE_PN0P_/D
       4* |       0 |       0 |        0 |      0 |     0 |    +0.0% |   -0.555 |       -1.9 |       -8.1 |     50 | digest\[255\]$_DFFE_PN0P_/D
    final |       0 |       0 |        0 |      0 |     0 |    +0.0% |   -0.555 |       -1.9 |       -8.1 |     46 | digest\[255\]$_DFFE_PN0P_/D
------------------------------------------------------------------------------------------------------------------------------
[INFO RSZ-0053] Rerouted 1 nets resistance-aware.
[WARNING RSZ-0062] Unable to repair all setup violations.
[INFO RSZ-0505] Runtime: 0.70s
Repair antennas...
[INFO GRT-0012] Found 131 antenna violations.
[INFO GRT-0302] Inserted 116 jumpers for 103 nets.
[INFO GRT-0012] Found 30 antenna violations.
[INFO DPL-0006] Core area: 300029.00 um^2
[INFO DPL-0007] Movable instances area: 196118.09 um^2
[INFO DPL-0008] Fixed instances area within core: 5367.65 um^2
[INFO DPL-0009] Utilization: 67.2%
[INFO DPL-0005] Diamond search max displacement: +/- 500 sites horizontally, +/- 100 rows vertically.
[INFO DPL-1102] Legalizing using negotiation legalizer.
[INFO DPL-1103] Negotiation base search window: +/-20 sites horizontally, +/-5 rows vertically 
	Automatic search window extension enabled.
	Search window extendable up to the max displacement cap of +/-500 sites, +/-100 rows near walls.
[INFO DPL-1104] NegotiationLegalizer DRC penalty: 5.
[INFO DPL-0392] Negotiation cell height distribution (1 unique row-count(s)):
[INFO DPL-0393]   height 1 row(s): 20518 cells
          |      Total |  Illegal |  Illegal
Iteration | Violations |    Cells |    Sites
---------------------------------------------
        0 |          8 |         2 |         6
        1 |         14 |         4 |        10
        2 |         16 |         4 |        12
        3 |          4 |         2 |         2
        4 |          0 |         0 |         0
Negotiation phase 1 converged at iteration 4.
[INFO DPL-0500] Runtime: 0.10s
[INFO GRT-0015] Inserted 31 diodes.
[INFO GRT-0012] Found 0 antenna violations.
[INFO ANT-0002] Found 0 net violations.
[INFO ANT-0001] Found 0 pin violations.
Estimate parasitics...
estimate_parasitics -global_routing
Report metrics stage 5, global route...

==========================================================================
global route report_design_area
--------------------------------------------------------------------------
Design area 201486 um^2 67% utilization.
[INFO FLW-0007] clock core_clock period 12.500000
[WARNING FLW-0010] more than one clock found. Skipping sdc update.
[INFO FLW-0011] Path endpoint path count 5656
write_db ./results/sky130hd/chia_sha256_benchmark_corrupted/slot2/5_1_grt.odb
write_sdc -no_timestamp ./results/sky130hd/chia_sha256_benchmark_corrupted/slot2/5_1_grt.sdc
Log                       Ext     Elapsed/s Peak Memory/MB sha1sum result [0:20)
5_1_grt                   .odb          322            590 51076a36d8c98fbb3cfa
5_1_grt                   .sdc                             fbd418ede1419026c9bf
/root/OpenROAD-flow-scripts/flow/scripts/flow.sh 5_2_route detail_route
Running detail_route.tcl, stage 5_2_route
read_liberty /root/OpenROAD-flow-scripts/flow/platforms/sky130hd/lib/sky130_fd_sc_hd__tt_025C_1v80.lib
read_db ./results/sky130hd/chia_sha256_benchmark_corrupted/slot2/5_1_grt.odb
read_sdc ./results/sky130hd/chia_sha256_benchmark_corrupted/slot2/5_1_grt.sdc
source /root/OpenROAD-flow-scripts/flow/platforms/sky130hd/setRC.tcl
[WARNING STA-0450] virtual clock vclk can not be propagated.
detailed_route -output_drc ./reports/sky130hd/chia_sha256_benchmark_corrupted/slot2/5_route_drc.rpt -output_maze ./results/sky130hd/chia_sha256_benchmark_corrupted/slot2/maze.log -droute_end_iter 64 -verbose 1 -drc_report_iter_step 5
[INFO DRT-0149] Reading tech and libs.
[WARNING DRT-0349] LEF58_ENCLOSURE with no CUTCLASS is not supported. Skipping for layer mcon
[WARNING DRT-0349] LEF58_ENCLOSURE with no CUTCLASS is not supported. Skipping for layer mcon
[WARNING DRT-0349] LEF58_ENCLOSURE with no CUTCLASS is not supported. Skipping for layer via
[WARNING DRT-0349] LEF58_ENCLOSURE with no CUTCLASS is not supported. Skipping for layer via
[WARNING DRT-0349] LEF58_ENCLOSURE with no CUTCLASS is not supported. Skipping for layer via2
[WARNING DRT-0349] LEF58_ENCLOSURE with no CUTCLASS is not supported. Skipping for layer via2
[WARNING DRT-0349] LEF58_ENCLOSURE with no CUTCLASS is not supported. Skipping for layer via3
[WARNING DRT-0349] LEF58_ENCLOSURE with no CUTCLASS is not supported. Skipping for layer via3
[WARNING DRT-0349] LEF58_ENCLOSURE with no CUTCLASS is not supported. Skipping for layer via4
[WARNING DRT-0349] LEF58_ENCLOSURE with no CUTCLASS is not supported. Skipping for layer via4

Units:                1000
Number of layers:     13
Number of macros:     441
Number of vias:       29
Number of viarulegen: 25

[INFO DRT-0150] Reading design.
[WARNING DRT-0120] Large net net3618 has 197 pins which may impact routing performance. Consider optimization.
[WARNING DRT-0120] Large net net513 has 111 pins which may impact routing performance. Consider optimization.
[WARNING DRT-0120] Large net net3250 has 120 pins which may impact routing performance. Consider optimization.
[WARNING DRT-0120] Large net net3248 has 113 pins which may impact routing performance. Consider optimization.
[WARNING DRT-0120] Large net net3247 has 134 pins which may impact routing performance. Consider optimization.
[WARNING DRT-0120] Large net net3621 has 144 pins which may impact routing performance. Consider optimization.
[WARNING DRT-0120] Large net net3665 has 147 pins which may impact routing performance. Consider optimization.
[WARNING DRT-0120] Large net net3681 has 117 pins which may impact routing performance. Consider optimization.
[WARNING DRT-0120] Large net net3693 has 122 pins which may impact routing performance. Consider optimization.
[WARNING DRT-0120] Large net net3857 has 112 pins which may impact routing performance. Consider optimization.
[WARNING DRT-0120] Large net net3855 has 243 pins which may impact routing performance. Consider optimization.
[WARNING DRT-0120] Large net net3925 has 156 pins which may impact routing performance. Consider optimization.
[WARNING DRT-0120] Large net net3921 has 145 pins which may impact routing performance. Consider optimization.
[WARNING DRT-0120] Large net net3914 has 179 pins which may impact routing performance. Consider optimization.
[WARNING DRT-0120] Large net net3908 has 126 pins which may impact routing performance. Consider optimization.
[WARNING DRT-0120] Large net net3905 has 151 pins which may impact routing performance. Consider optimization.
[WARNING DRT-0120] Large net net3900 has 137 pins which may impact routing performance. Consider optimization.
[WARNING DRT-0120] Large net net3899 has 166 pins which may impact routing performance. Consider optimization.
[WARNING DRT-0120] Large net net3892 has 103 pins which may impact routing performance. Consider optimization.

Design:                   sha256
Die area:                 ( 0 0 ) ( 551270 551270 )
Number of track patterns: 12
Number of DEF vias:       0
Number of components:     20518
Number of terminals:      774
Number of snets:          2
Number of nets:           17153

[INFO DRT-0167] List of default vias:
  Layer via
    default via: M1M2_PR
  Layer via2
    default via: M2M3_PR
  Layer via3
    default via: M3M4_PR
  Layer via4
    default via: M4M5_PR
[INFO DRT-0162] Library cell analysis.
[INFO DRT-0163] Instance analysis.
[INFO DRT-0164] Number of unique instances = 260.
[INFO DRT-0168] Init region query.
[INFO DRT-0024]   Complete FR_MASTERSLICE.
[INFO DRT-0024]   Complete Fr_VIA.
[INFO DRT-0024]   Complete li1.
[INFO DRT-0024]   Complete mcon.
[INFO DRT-0024]   Complete met1.
[INFO DRT-0024]   Complete via.
[INFO DRT-0024]   Complete met2.
[INFO DRT-0024]   Complete via2.
[INFO DRT-0024]   Complete met3.
[INFO DRT-0024]   Complete via3.
[INFO DRT-0024]   Complete met4.
[INFO DRT-0024]   Complete via4.
[INFO DRT-0024]   Complete met5.
[INFO DRT-0033] FR_MASTERSLICE shape region query size = 0.
[INFO DRT-0033] FR_VIA shape region query size = 0.
[INFO DRT-0033] li1 shape region query size = 609217.
[INFO DRT-0033] mcon shape region query size = 362428.
[INFO DRT-0033] met1 shape region query size = 112410.
[INFO DRT-0033] via shape region query size = 20200.
[INFO DRT-0033] met2 shape region query size = 12569.
[INFO DRT-0033] via2 shape region query size = 16160.
[INFO DRT-0033] met3 shape region query size = 12443.
[INFO DRT-0033] via3 shape region query size = 16160.
[INFO DRT-0033] met4 shape region query size = 4880.
[INFO DRT-0033] via4 shape region query size = 800.
[INFO DRT-0033] met5 shape region query size = 880.
[INFO DRT-0165] Start pin access.
[INFO DRT-0076]   Complete 1000 pins.
[INFO DRT-0076]   Complete 2000 pins.
[INFO DRT-0078]   Complete 2069 pins.
[INFO DRT-0079]   Complete 100 unique inst patterns.
[INFO DRT-0079]   Complete 200 unique inst patterns.
[INFO DRT-0081]   Complete 260 unique inst patterns.
[INFO DRT-0082]   Complete 10000 groups.
[INFO DRT-0084]   Complete 10720 groups.
#scanned instances     = 20518
#unique  instances     = 260
#stdCellGenAp          = 9713
#stdCellValidPlanarAp  = 170
#stdCellValidViaAp     = 6168
#stdCellPinNoAp        = 10
#stdCellPinCnt         = 62948
#instTermValidViaApCnt = 0
#macroGenAp            = 0
#macroValidPlanarAp    = 0
#macroValidViaAp       = 0
#macroNoAp             = 0
[INFO DRT-0166] Complete pin access.
[INFO DRT-0267] cpu time = 00:03:19, elapsed time = 00:03:19, memory = 407.62 (MB), peak = 422.56 (MB)
[INFO DRT-0156] guideIn read 100000 guides.

[INFO DRT-0157] Number of guides:     158787

[INFO DRT-0169] Post process guides.
[INFO DRT-0176] GCELLGRID X 0 DO 79 STEP 6900 ;
[INFO DRT-0177] GCELLGRID Y 0 DO 79 STEP 6900 ;
[INFO DRT-0026]   Complete 100000 origin guides.
[INFO DRT-0028]   Complete FR_MASTERSLICE.
[INFO DRT-0028]   Complete Fr_VIA.
[INFO DRT-0028]   Complete li1.
[INFO DRT-0028]   Complete mcon.
[INFO DRT-0028]   Complete met1.
[INFO DRT-0028]   Complete via.
[INFO DRT-0028]   Complete met2.
[INFO DRT-0028]   Complete via2.
[INFO DRT-0028]   Complete met3.
[INFO DRT-0028]   Complete via3.
[INFO DRT-0028]   Complete met4.
[INFO DRT-0028]   Complete via4.
[INFO DRT-0028]   Complete met5.
[INFO DRT-0178] Init guide query.
[INFO DRT-0035]   Complete FR_MASTERSLICE (guide).
[INFO DRT-0035]   Complete Fr_VIA (guide).
[INFO DRT-0035]   Complete li1 (guide).
[INFO DRT-0035]   Complete mcon (guide).
[INFO DRT-0035]   Complete met1 (guide).
[INFO DRT-0035]   Complete via (guide).
[INFO DRT-0035]   Complete met2 (guide).
[INFO DRT-0035]   Complete via2 (guide).
[INFO DRT-0035]   Complete met3 (guide).
[INFO DRT-0035]   Complete via3 (guide).
[INFO DRT-0035]   Complete met4 (guide).
[INFO DRT-0035]   Complete via4 (guide).
[INFO DRT-0035]   Complete met5 (guide).
[INFO DRT-0036] FR_MASTERSLICE guide region query size = 0.
[INFO DRT-0036] FR_VIA guide region query size = 0.
[INFO DRT-0036] li1 guide region query size = 48380.
[INFO DRT-0036] mcon guide region query size = 0.
[INFO DRT-0036] met1 guide region query size = 46802.
[INFO DRT-0036] via guide region query size = 0.
[INFO DRT-0036] met2 guide region query size = 25545.
[INFO DRT-0036] via2 guide region query size = 0.
[INFO DRT-0036] met3 guide region query size = 3656.
[INFO DRT-0036] via3 guide region query size = 0.
[INFO DRT-0036] met4 guide region query size = 1632.
[INFO DRT-0036] via4 guide region query size = 0.
[INFO DRT-0036] met5 guide region query size = 84.
[INFO DRT-0179] Init gr pin query.
[INFO DRT-0267] cpu time = 00:00:00, elapsed time = 00:00:00, memory = 463.68 (MB), peak = 463.68 (MB)
[INFO DRT-0245] skipped writing guide updates to database.
[INFO DRT-0181] Start track assignment.
[INFO DRT-0184] Done with 75557 vertical wires in 2 frboxes and 50542 horizontal wires in 2 frboxes.
[INFO DRT-0186] Done with 11944 vertical wires in 2 frboxes and 19295 horizontal wires in 2 frboxes.
[INFO DRT-0182] Complete track assignment.
[INFO DRT-0267] cpu time = 00:00:05, elapsed time = 00:00:05, memory = 637.68 (MB), peak = 637.68 (MB)
[INFO DRT-0187] Start routing data preparation.
[INFO DRT-0267] cpu time = 00:00:00, elapsed time = 00:00:00, memory = 637.68 (MB), peak = 637.68 (MB)
[INFO DRT-0194] Start detail routing.
[INFO DRT-0195] Start 0th optimization iteration.
    Completing 10% with 0 violations.
    elapsed time = 00:00:52, memory = 828.42 (MB).
    Completing 20% with 0 violations.
    elapsed time = 00:01:43, memory = 1100.11 (MB).
    Completing 30% with 5215 violations.
    elapsed time = 00:02:32, memory = 1271.82 (MB).
    Completing 40% with 5215 violations.
    elapsed time = 00:03:23, memory = 1300.13 (MB).
    Completing 50% with 5215 violations.
    elapsed time = 00:04:16, memory = 1301.40 (MB).
    Completing 60% with 10096 violations.
    elapsed time = 00:05:26, memory = 1301.40 (MB).
    Completing 70% with 10096 violations.
    elapsed time = 00:06:28, memory = 1301.40 (MB).
    Completing 80% with 15175 violations.
    elapsed time = 00:07:13, memory = 1269.88 (MB).
    Completing 90% with 15175 violations.
    elapsed time = 00:08:13, memory = 1244.53 (MB).
    Completing 100% with 19927 violations.
    elapsed time = 00:09:01, memory = 1273.18 (MB).
[INFO DRT-0199]   Number of violations = 22689.
Viol/Layer         li1   mcon   met1    via   met2   met3   via3   met4   via4   met5
Cut Spacing          0     40      0      6      0      0      0      0      0      0
Metal Spacing        0      0   2876      0   1133     52      0     10      0      0
Min Hole             0      0     35      0      1      0      0      0      0      0
NS Metal             0      0      1      0      0      0      0      0      0      0
Recheck             17      0   1723      0    847     79      0     94      0      2
Short                0      3  13528     44   2113     48      4     27      1      5
[INFO DRT-0267] cpu time = 00:09:02, elapsed time = 00:09:02, memory = 1286.30 (MB), peak = 1343.01 (MB)
Total wire length = 796107 um.
Total wire length on LAYER li1 = 0 um.
Total wire length on LAYER met1 = 303932 um.
Total wire length on LAYER met2 = 321890 um.
Total wire length on LAYER met3 = 90247 um.
Total wire length on LAYER met4 = 79090 um.
Total wire length on LAYER met5 = 946 um.
Total number of vias = 146994.
Up-via summary (total 146994):

-------------------------
 FR_MASTERSLICE         0
            li1     58928
           met1     77302
           met2      7756
           met3      2894
           met4       114
-------------------------
               146994


[INFO DRT-0195] Start 1st optimization iteration.
    Completing 10% with 22689 violations.
    elapsed time = 00:00:39, memory = 1268.98 (MB).
    Completing 20% with 22689 violations.
    elapsed time = 00:01:35, memory = 1277.36 (MB).
    Completing 30% with 20681 violations.
    elapsed time = 00:02:18, memory = 1291.45 (MB).
    Completing 40% with 20681 violations.
    elapsed time = 00:03:06, memory = 1290.69 (MB).
    Completing 50% with 20681 violations.
    elapsed time = 00:04:11, memory = 1288.34 (MB).
    Completing 60% with 19203 violations.
    elapsed time = 00:05:06, memory = 1312.07 (MB).
    Completing 70% with 19203 violations.
    elapsed time = 00:05:54, memory = 1312.06 (MB).
    Completing 80% with 16217 violations.
    elapsed time = 00:06:42, memory = 1338.84 (MB).
    Completing 90% with 16217 violations.
    elapsed time = 00:07:33, memory = 1338.84 (MB).
    Completing 100% with 13628 violations.
    elapsed time = 00:08:15, memory = 1311.05 (MB).
[INFO DRT-0199]   Number of violations = 13628.
Viol/Layer        mcon   met1    via   met2   met3   met4
Cut Spacing         35      0      0      0      0      0
Metal Spacing        0   1807      0    557     40      1
Short                0   9996      1   1167     19      5
[INFO DRT-0267] cpu time = 00:08:16, elapsed time = 00:08:16, memory = 1311.05 (MB), peak = 1358.86 (MB)
Total wire length = 788359 um.
Total wire length on LAYER li1 = 0 um.
Total wire length on LAYER met1 = 297035 um.
Total wire length on LAYER met2 = 318945 um.
Total wire length on LAYER met3 = 92674 um.
Total wire length on LAYER met4 = 78740 um.
Total wire length on LAYER met5 = 963 um.
Total number of vias = 145044.
Up-via summary (total 145044):

-------------------------
 FR_MASTERSLICE         0
            li1     58920
           met1     75291
           met2      7860
           met3      2863
           met4       110
-------------------------
               145044


[INFO DRT-0195] Start 2nd optimization iteration.
    Completing 10% with 13628 violations.
    elapsed time = 00:00:30, memory = 1330.36 (MB).
    Completing 20% with 13628 violations.
    elapsed time = 00:01:22, memory = 1291.21 (MB).
    Completing 30% with 13629 violations.
    elapsed time = 00:02:01, memory = 1292.57 (MB).
    Completing 40% with 13629 violations.
    elapsed time = 00:02:47, memory = 1312.48 (MB).
    Completing 50% with 13629 violations.
    elapsed time = 00:03:44, memory = 1312.48 (MB).
    Completing 60% with 13348 violations.
    elapsed time = 00:04:40, memory = 1312.48 (MB).
    Completing 70% with 13348 violations.
    elapsed time = 00:05:31, memory = 1312.48 (MB).
    Completing 80% with 13056 violations.
    elapsed time = 00:06:23, memory = 1312.48 (MB).
    Completing 90% with 13056 violations.
    elapsed time = 00:07:15, memory = 1312.48 (MB).
    Completing 100% with 12669 violations.
    elapsed time = 00:08:06, memory = 1365.97 (MB).
[INFO DRT-0199]   Number of violations = 12669.
Viol/Layer        mcon   met1    via   met2   met3   met4
Cut Spacing         31      0      2      0      0      0
Metal Spacing        0   1624      0    545     25      1
Short                0   9382      4   1021     19     15
[INFO DRT-0267] cpu time = 00:08:07, elapsed time = 00:08:07, memory = 1395.97 (MB), peak = 1404.62 (MB)
Total wire length = 787129 um.
Total wire length on LAYER li1 = 0 um.
Total wire length on LAYER met1 = 297115 um.
Total wire length on LAYER met2 = 318598 um.
Total wire length on LAYER met3 = 91901 um.
Total wire length on LAYER met4 = 78551 um.
Total wire length on LAYER met5 = 961 um.
Total number of vias = 144550.
Up-via summary (total 144550):

-------------------------
 FR_MASTERSLICE         0
            li1     58927
           met1     75000
           met2      7695
           met3      2810
           met4       118
-------------------------
               144550


[INFO DRT-0195] Start 3rd optimization iteration.
    Completing 10% with 12669 violations.
    elapsed time = 00:00:53, memory = 1419.80 (MB).
    Completing 20% with 12669 violations.
    elapsed time = 00:01:37, memory = 1396.46 (MB).
    Completing 30% with 9988 violations.
    elapsed time = 00:02:34, memory = 1420.32 (MB).
    Completing 40% with 9988 violations.
    elapsed time = 00:03:47, memory = 1400.46 (MB).
    Completing 50% with 9988 violations.
    elapsed time = 00:04:39, memory = 1390.09 (MB).
    Completing 60% with 7570 violations.
    elapsed time = 00:05:30, memory = 1396.02 (MB).
    Completing 70% with 7570 violations.
    elapsed time = 00:06:14, memory = 1427.71 (MB).
    Completing 80% with 4979 violations.
    elapsed time = 00:06:45, memory = 1427.71 (MB).
    Completing 90% with 4979 violations.
    elapsed time = 00:07:35, memory = 1427.71 (MB).
    Completing 100% with 2463 violations.
    elapsed time = 00:08:01, memory = 1428.72 (MB).
[INFO DRT-0199]   Number of violations = 2463.
Viol/Layer        mcon   met1    via   met2   met3
Cut Spacing          7      0      1      0      0
Metal Spacing        0    703      0    106      6
Min Hole             0      2      0      0      0
NS Metal             0      1      0      0      0
Short                0   1480      0    144     13
[INFO DRT-0267] cpu time = 00:08:01, elapsed time = 00:08:01, memory = 1428.72 (MB), peak = 1459.33 (MB)
Total wire length = 784976 um.
Total wire length on LAYER li1 = 0 um.
Total wire length on LAYER met1 = 263763 um.
Total wire length on LAYER met2 = 314733 um.
Total wire length on LAYER met3 = 123267 um.
Total wire length on LAYER met4 = 82339 um.
Total wire length on LAYER met5 = 871 um.
Total number of vias = 148969.
Up-via summary (total 148969):

-------------------------
 FR_MASTERSLICE         0
            li1     58938
           met1     74683
           met2     12006
           met3      3240
           met4       102
-------------------------
               148969


[INFO DRT-0195] Start 4th optimization iteration.
    Completing 10% with 2463 violations.
    elapsed time = 00:00:07, memory = 1428.72 (MB).
    Completing 20% with 2463 violations.
    elapsed time = 00:00:17, memory = 1428.72 (MB).
    Completing 30% with 1944 violations.
    elapsed time = 00:00:28, memory = 1428.72 (MB).
    Completing 40% with 1944 violations.
    elapsed time = 00:00:43, memory = 1428.71 (MB).
    Completing 50% with 1944 violations.
    elapsed time = 00:01:00, memory = 1366.22 (MB).
    Completing 60% with 1502 violations.
    elapsed time = 00:01:11, memory = 1396.59 (MB).
    Completing 70% with 1502 violations.
    elapsed time = 00:01:26, memory = 1423.82 (MB).
    Completing 80% with 657 violations.
    elapsed time = 00:01:45, memory = 1423.82 (MB).
    Completing 90% with 657 violations.
    elapsed time = 00:01:56, memory = 1423.82 (MB).
    Completing 100% with 143 violations.
    elapsed time = 00:02:04, memory = 1397.73 (MB).
[INFO DRT-0199]   Number of violations = 143.
Viol/Layer        met1   met2
Metal Spacing       62      2
Short               79      0
[INFO DRT-0267] cpu time = 00:02:04, elapsed time = 00:02:04, memory = 1397.73 (MB), peak = 1459.33 (MB)
Total wire length = 784688 um.
Total wire length on LAYER li1 = 0 um.
Total wire length on LAYER met1 = 261595 um.
Total wire length on LAYER met2 = 314389 um.
Total wire length on LAYER met3 = 125243 um.
Total wire length on LAYER met4 = 82588 um.
Total wire length on LAYER met5 = 871 um.
Total number of vias = 149137.
Up-via summary (total 149137):

-------------------------
 FR_MASTERSLICE         0
            li1     58939
           met1     74618
           met2     12212
           met3      3266
           met4       102
-------------------------
               149137


[INFO DRT-0195] Start 5th optimization iteration.
    Completing 10% with 143 violations.
    elapsed time = 00:00:01, memory = 1397.74 (MB).
    Completing 20% with 143 violations.
    elapsed time = 00:00:03, memory = 1397.74 (MB).
    Completing 30% with 134 violations.
    elapsed time = 00:00:06, memory = 1397.74 (MB).
    Completing 40% with 134 violations.
    elapsed time = 00:00:13, memory = 1397.74 (MB).
    Completing 50% with 134 violations.
    elapsed time = 00:00:15, memory = 1397.74 (MB).
    Completing 60% with 113 violations.
    elapsed time = 00:00:16, memory = 1397.74 (MB).
    Completing 70% with 113 violations.
    elapsed time = 00:00:19, memory = 1397.74 (MB).
    Completing 80% with 69 violations.
    elapsed time = 00:00:23, memory = 1397.74 (MB).
    Completing 90% with 69 violations.
    elapsed time = 00:00:29, memory = 1397.77 (MB).
    Completing 100% with 20 violations.
    elapsed time = 00:00:29, memory = 1397.77 (MB).
[INFO DRT-0199]   Number of violations = 20.
Viol/Layer        met1
Metal Spacing       19
Short                1
[INFO DRT-0267] cpu time = 00:00:29, elapsed time = 00:00:29, memory = 1397.95 (MB), peak = 1459.33 (MB)
Total wire length = 784700 um.
Total wire length on LAYER li1 = 0 um.
Total wire length on LAYER met1 = 261474 um.
Total wire length on LAYER met2 = 314381 um.
Total wire length on LAYER met3 = 125358 um.
Total wire length on LAYER met4 = 82613 um.
Total wire length on LAYER met5 = 871 um.
Total number of vias = 149160.
Up-via summary (total 149160):

-------------------------
 FR_MASTERSLICE         0
            li1     58936
           met1     74624
           met2     12232
           met3      3266
           met4       102
-------------------------
               149160


[INFO DRT-0195] Start 6th guides tiles iteration.
    Completing 10% with 20 violations.
    elapsed time = 00:00:00, memory = 1397.95 (MB).
    Completing 20% with 20 violations.
    elapsed time = 00:00:00, memory = 1397.95 (MB).
    Completing 30% with 20 violations.
    elapsed time = 00:00:00, memory = 1397.95 (MB).
    Completing 40% with 20 violations.
    elapsed time = 00:00:00, memory = 1397.95 (MB).
    Completing 50% with 20 violations.
    elapsed time = 00:00:00, memory = 1397.95 (MB).
    Completing 60% with 6 violations.
    elapsed time = 00:00:00, memory = 1397.95 (MB).
    Completing 70% with 6 violations.
    elapsed time = 00:00:00, memory = 1397.95 (MB).
    Completing 80% with 6 violations.
    elapsed time = 00:00:00, memory = 1397.95 (MB).
    Completing 90% with 5 violations.
    elapsed time = 00:00:01, memory = 1397.95 (MB).
    Completing 100% with 3 violations.
    elapsed time = 00:00:01, memory = 1397.95 (MB).
[INFO DRT-0199]   Number of violations = 3.
Viol/Layer        met1
Metal Spacing        2
Short                1
[INFO DRT-0267] cpu time = 00:00:01, elapsed time = 00:00:01, memory = 1397.95 (MB), peak = 1459.33 (MB)
Total wire length = 784709 um.
Total wire length on LAYER li1 = 0 um.
Total wire length on LAYER met1 = 261473 um.
Total wire length on LAYER met2 = 314385 um.
Total wire length on LAYER met3 = 125364 um.
Total wire length on LAYER met4 = 82613 um.
Total wire length on LAYER met5 = 871 um.
Total number of vias = 149161.
Up-via summary (total 149161):

-------------------------
 FR_MASTERSLICE         0
            li1     58937
           met1     74623
           met2     12233
           met3      3266
           met4       102
-------------------------
               149161


[INFO DRT-0195] Start 7th guides tiles iteration.
    Completing 50% with 3 violations.
    elapsed time = 00:00:00, memory = 1397.95 (MB).
    Completing 100% with 1 violations.
    elapsed time = 00:00:00, memory = 1397.95 (MB).
[INFO DRT-0199]   Number of violations = 1.
Viol/Layer        met1
Short                1
[INFO DRT-0267] cpu time = 00:00:00, elapsed time = 00:00:00, memory = 1397.95 (MB), peak = 1459.33 (MB)
Total wire length = 784710 um.
Total wire length on LAYER li1 = 0 um.
Total wire length on LAYER met1 = 261474 um.
Total wire length on LAYER met2 = 314385 um.
Total wire length on LAYER met3 = 125364 um.
Total wire length on LAYER met4 = 82613 um.
Total wire length on LAYER met5 = 871 um.
Total number of vias = 149161.
Up-via summary (total 149161):

-------------------------
 FR_MASTERSLICE         0
            li1     58937
           met1     74623
           met2     12233
           met3      3266
           met4       102
-------------------------
               149161


[INFO DRT-0195] Start 8th guides tiles iteration.
    Completing 100% with 1 violations.
    elapsed time = 00:00:00, memory = 1397.95 (MB).
[INFO DRT-0199]   Number of violations = 1.
Viol/Layer        met1
Short                1
[INFO DRT-0267] cpu time = 00:00:00, elapsed time = 00:00:00, memory = 1397.95 (MB), peak = 1459.33 (MB)
Total wire length = 784710 um.
Total wire length on LAYER li1 = 0 um.
Total wire length on LAYER met1 = 261474 um.
Total wire length on LAYER met2 = 314385 um.
Total wire length on LAYER met3 = 125364 um.
Total wire length on LAYER met4 = 82613 um.
Total wire length on LAYER met5 = 871 um.
Total number of vias = 149161.
Up-via summary (total 149161):

-------------------------
 FR_MASTERSLICE         0
            li1     58937
           met1     74623
           met2     12233
           met3      3266
           met4       102
-------------------------
               149161


[INFO DRT-0195] Start 9th stubborn tiles iteration.
    Completing 10% with 1 violations.
    elapsed time = 00:00:01, memory = 1397.93 (MB).
    Completing 20% with 1 violations.
    elapsed time = 00:00:03, memory = 1397.93 (MB).
    Completing 30% with 1 violations.
    elapsed time = 00:00:11, memory = 1397.93 (MB).
    Completing 40% with 1 violations.
    elapsed time = 00:00:23, memory = 1397.93 (MB).
    Completing 50% with 1 violations.
    elapsed time = 00:00:26, memory = 1397.93 (MB).
    Completing 60% with 1 violations.
    elapsed time = 00:00:29, memory = 1397.93 (MB).
    Completing 70% with 1 violations.
    elapsed time = 00:00:32, memory = 1397.93 (MB).
    Completing 80% with 1 violations.
    elapsed time = 00:00:33, memory = 1397.93 (MB).
    Completing 90% with 1 violations.
    elapsed time = 00:00:37, memory = 1460.64 (MB).
    Completing 100% with 0 violations.
    elapsed time = 00:00:39, memory = 1549.71 (MB).
[INFO DRT-0199]   Number of violations = 0.
[INFO DRT-0267] cpu time = 00:00:39, elapsed time = 00:00:39, memory = 1555.71 (MB), peak = 1591.89 (MB)
Total wire length = 784712 um.
Total wire length on LAYER li1 = 0 um.
Total wire length on LAYER met1 = 261436 um.
Total wire length on LAYER met2 = 314392 um.
Total wire length on LAYER met3 = 125398 um.
Total wire length on LAYER met4 = 82613 um.
Total wire length on LAYER met5 = 871 um.
Total number of vias = 149165.
Up-via summary (total 149165):

-------------------------
 FR_MASTERSLICE         0
            li1     58937
           met1     74623
           met2     12237
           met3      3266
           met4       102
-------------------------
               149165


[INFO DRT-0198] Complete detail routing.
Total wire length = 784712 um.
Total wire length on LAYER li1 = 0 um.
Total wire length on LAYER met1 = 261436 um.
Total wire length on LAYER met2 = 314392 um.
Total wire length on LAYER met3 = 125398 um.
Total wire length on LAYER met4 = 82613 um.
Total wire length on LAYER met5 = 871 um.
Total number of vias = 149165.
Up-via summary (total 149165):

-------------------------
 FR_MASTERSLICE         0
            li1     58937
           met1     74623
           met2     12237
           met3      3266
           met4       102
-------------------------
               149165


[INFO DRT-0267] cpu time = 00:36:42, elapsed time = 00:36:43, memory = 1555.71 (MB), peak = 1591.89 (MB)

[INFO DRT-0180] Post processing.
[INFO DRT-0501] Runtime: 2409.40s
Took 2409 seconds: detailed_route -output_drc ./reports/sky130hd/chia_sha256_benchmark_corrupted/slot2/5_route_drc.rpt -output_maze ./results/sky130hd/chia_sha256_benchmark_corrupted/slot2/maze.log -droute_end_iter 64 -verbose 1 -drc_report_iter_step 5
[INFO GRT-0012] Found 34 antenna violations.
[INFO DPL-0006] Core area: 300029.00 um^2
[INFO DPL-0007] Movable instances area: 0.00 um^2
[INFO DPL-0008] Fixed instances area within core: 201593.34 um^2
[INFO DPL-0009] Utilization: 67.2%
[INFO DPL-0005] Diamond search max displacement: +/- 500 sites horizontally, +/- 100 rows vertically.
[INFO DPL-1102] Legalizing using negotiation legalizer.
[INFO DPL-1103] Negotiation base search window: +/-20 sites horizontally, +/-5 rows vertically 
	Automatic search window extension enabled.
	Search window extendable up to the max displacement cap of +/-500 sites, +/-100 rows near walls.
[INFO DPL-1104] NegotiationLegalizer DRC penalty: 5.
[INFO DPL-0392] Negotiation cell height distribution (1 unique row-count(s)):
[INFO DPL-0393]   height 1 row(s): 20561 cells
[INFO DPL-0500] Runtime: 0.05s
[INFO GRT-0015] Inserted 43 diodes.
[WARNING DRT-0120] Large net net3618 has 197 pins which may impact routing performance. Consider optimization.
[WARNING DRT-0120] Large net net513 has 111 pins which may impact routing performance. Consider optimization.
[WARNING DRT-0120] Large net net3250 has 120 pins which may impact routing performance. Consider optimization.
[WARNING DRT-0120] Large net net3248 has 113 pins which may impact routing performance. Consider optimization.
[WARNING DRT-0120] Large net net3247 has 134 pins which may impact routing performance. Consider optimization.
[WARNING DRT-0120] Large net net3621 has 144 pins which may impact routing performance. Consider optimization.
[WARNING DRT-0120] Large net net3665 has 147 pins which may impact routing performance. Consider optimization.
[WARNING DRT-0120] Large net net3681 has 117 pins which may impact routing performance. Consider optimization.
[WARNING DRT-0120] Large net net3693 has 122 pins which may impact routing performance. Consider optimization.
[WARNING DRT-0120] Large net net3857 has 112 pins which may impact routing performance. Consider optimization.
[WARNING DRT-0120] Large net net3855 has 243 pins which may impact routing performance. Consider optimization.
[WARNING DRT-0120] Large net net3925 has 156 pins which may impact routing performance. Consider optimization.
[WARNING DRT-0120] Large net net3921 has 145 pins which may impact routing performance. Consider optimization.
[WARNING DRT-0120] Large net net3914 has 179 pins which may impact routing performance. Consider optimization.
[WARNING DRT-0120] Large net net3908 has 126 pins which may impact routing performance. Consider optimization.
[WARNING DRT-0120] Large net net3905 has 151 pins which may impact routing performance. Consider optimization.
[WARNING DRT-0120] Large net net3900 has 137 pins which may impact routing performance. Consider optimization.
[WARNING DRT-0120] Large net net3899 has 166 pins which may impact routing performance. Consider optimization.
[WARNING DRT-0120] Large net net3892 has 103 pins which may impact routing performance. Consider optimization.
[INFO DRT-0024]   Complete FR_MASTERSLICE.
[INFO DRT-0024]   Complete Fr_VIA.
[INFO DRT-0024]   Complete li1.
[INFO DRT-0024]   Complete mcon.
[INFO DRT-0024]   Complete met1.
[INFO DRT-0024]   Complete via.
[INFO DRT-0024]   Complete met2.
[INFO DRT-0024]   Complete via2.
[INFO DRT-0024]   Complete met3.
[INFO DRT-0024]   Complete via3.
[INFO DRT-0024]   Complete met4.
[INFO DRT-0024]   Complete via4.
[INFO DRT-0024]   Complete met5.
[INFO DRT-0165] Start pin access.
[INFO DRT-0076]   Complete 1000 pins.
[INFO DRT-0076]   Complete 2000 pins.
[INFO DRT-0078]   Complete 2069 pins.
[INFO DRT-0079]   Complete 100 unique inst patterns.
[INFO DRT-0079]   Complete 200 unique inst patterns.
[INFO DRT-0081]   Complete 260 unique inst patterns.
[INFO DRT-0082]   Complete 10000 groups.
[INFO DRT-0084]   Complete 10719 groups.
#scanned instances     = 20561
#unique  instances     = 260
#stdCellGenAp          = 9713
#stdCellValidPlanarAp  = 170
#stdCellValidViaAp     = 6168
#stdCellPinNoAp        = 10
#stdCellPinCnt         = 62948
#instTermValidViaApCnt = 0
#macroGenAp            = 0
#macroValidPlanarAp    = 0
#macroValidViaAp       = 0
#macroNoAp             = 0
[INFO DRT-0166] Complete pin access.
[INFO DRT-0267] cpu time = 00:03:25, elapsed time = 00:03:26, memory = 1494.56 (MB), peak = 1591.89 (MB)
[INFO DRT-0156] guideIn read 100000 guides.

[INFO DRT-0157] Number of guides:     158247

[INFO DRT-0169] Post process guides.
[INFO DRT-0176] GCELLGRID X 0 DO 79 STEP 6900 ;
[INFO DRT-0177] GCELLGRID Y 0 DO 79 STEP 6900 ;
[INFO DRT-0026]   Complete 100000 origin guides.
[INFO DRT-0028]   Complete FR_MASTERSLICE.
[INFO DRT-0028]   Complete Fr_VIA.
[INFO DRT-0028]   Complete li1.
[INFO DRT-0028]   Complete mcon.
[INFO DRT-0028]   Complete met1.
[INFO DRT-0028]   Complete via.
[INFO DRT-0028]   Complete met2.
[INFO DRT-0028]   Complete via2.
[INFO DRT-0028]   Complete met3.
[INFO DRT-0028]   Complete via3.
[INFO DRT-0028]   Complete met4.
[INFO DRT-0028]   Complete via4.
[INFO DRT-0028]   Complete met5.
[INFO DRT-0178] Init guide query.
[INFO DRT-0035]   Complete FR_MASTERSLICE (guide).
[INFO DRT-0035]   Complete Fr_VIA (guide).
[INFO DRT-0035]   Complete li1 (guide).
[INFO DRT-0035]   Complete mcon (guide).
[INFO DRT-0035]   Complete met1 (guide).
[INFO DRT-0035]   Complete via (guide).
[INFO DRT-0035]   Complete met2 (guide).
[INFO DRT-0035]   Complete via2 (guide).
[INFO DRT-0035]   Complete met3 (guide).
[INFO DRT-0035]   Complete via3 (guide).
[INFO DRT-0035]   Complete met4 (guide).
[INFO DRT-0035]   Complete via4 (guide).
[INFO DRT-0035]   Complete met5 (guide).
[INFO DRT-0036] FR_MASTERSLICE guide region query size = 0.
[INFO DRT-0036] FR_VIA guide region query size = 0.
[INFO DRT-0036] li1 guide region query size = 48399.
[INFO DRT-0036] mcon guide region query size = 0.
[INFO DRT-0036] met1 guide region query size = 46823.
[INFO DRT-0036] via guide region query size = 0.
[INFO DRT-0036] met2 guide region query size = 25475.
[INFO DRT-0036] via2 guide region query size = 0.
[INFO DRT-0036] met3 guide region query size = 3470.
[INFO DRT-0036] via3 guide region query size = 0.
[INFO DRT-0036] met4 guide region query size = 1497.
[INFO DRT-0036] via4 guide region query size = 0.
[INFO DRT-0036] met5 guide region query size = 52.
[INFO DRT-0179] Init gr pin query.
[INFO DRT-0267] cpu time = 00:00:00, elapsed time = 00:00:00, memory = 1494.56 (MB), peak = 1591.89 (MB)
[INFO DRT-0245] skipped writing guide updates to database.
[INFO DRT-0181] Start track assignment.
[INFO DRT-0184] Done with 75371 vertical wires in 2 frboxes and 50345 horizontal wires in 2 frboxes.
[INFO DRT-0186] Done with 12084 vertical wires in 2 frboxes and 19763 horizontal wires in 2 frboxes.
[INFO DRT-0182] Complete track assignment.
[INFO DRT-0267] cpu time = 00:00:05, elapsed time = 00:00:05, memory = 1494.56 (MB), peak = 1591.89 (MB)
[INFO DRT-0187] Start routing data preparation.
[INFO DRT-0267] cpu time = 00:00:00, elapsed time = 00:00:00, memory = 1494.56 (MB), peak = 1591.89 (MB)
[INFO DRT-0194] Start detail routing.
[INFO DRT-0195] Start 0th optimization iteration.
    Completing 10% with 0 violations.
    elapsed time = 00:00:18, memory = 1511.75 (MB).
    Completing 20% with 0 violations.
    elapsed time = 00:00:34, memory = 1511.78 (MB).
    Completing 30% with 1620 violations.
    elapsed time = 00:00:46, memory = 1511.85 (MB).
    Completing 40% with 1620 violations.
    elapsed time = 00:01:09, memory = 1511.85 (MB).
    Completing 50% with 1620 violations.
    elapsed time = 00:01:18, memory = 1512.44 (MB).
    Completing 60% with 3319 violations.
    elapsed time = 00:01:38, memory = 1512.44 (MB).
    Completing 70% with 3319 violations.
    elapsed time = 00:01:51, memory = 1512.61 (MB).
    Completing 80% with 4699 violations.
    elapsed time = 00:02:02, memory = 1512.61 (MB).
    Completing 90% with 4699 violations.
    elapsed time = 00:02:19, memory = 1512.61 (MB).
    Completing 100% with 6014 violations.
    elapsed time = 00:02:24, memory = 1512.61 (MB).
[INFO DRT-0199]   Number of violations = 6510.
Viol/Layer        mcon   met1    via   met2   met3   met4
Cut Spacing          1      0      3      0      0      0
Metal Spacing        0    463      0    311      6      0
Min Hole             0      6      0      0      0      0
Recheck              0    285      0    180     21     10
Short                0   3659      2   1502     47     14
[INFO DRT-0267] cpu time = 00:02:25, elapsed time = 00:02:25, memory = 1512.61 (MB), peak = 1591.89 (MB)
Total wire length = 786960 um.
Total wire length on LAYER li1 = 0 um.
Total wire length on LAYER met1 = 271658 um.
Total wire length on LAYER met2 = 319106 um.
Total wire length on LAYER met3 = 116610 um.
Total wire length on LAYER met4 = 78765 um.
Total wire length on LAYER met5 = 819 um.
Total number of vias = 149265.
Up-via summary (total 149265):

-------------------------
 FR_MASTERSLICE         0
            li1     58999
           met1     75330
           met2     11749
           met3      3093
           met4        94
-------------------------
               149265


[INFO DRT-0195] Start 1st optimization iteration.
    Completing 10% with 6510 violations.
    elapsed time = 00:00:12, memory = 1512.61 (MB).
    Completing 20% with 6510 violations.
    elapsed time = 00:00:27, memory = 1512.61 (MB).
    Completing 30% with 5944 violations.
    elapsed time = 00:00:36, memory = 1512.61 (MB).
    Completing 40% with 5944 violations.
    elapsed time = 00:00:49, memory = 1512.61 (MB).
    Completing 50% with 5944 violations.
    elapsed time = 00:00:59, memory = 1512.61 (MB).
    Completing 60% with 5452 violations.
    elapsed time = 00:01:15, memory = 1512.61 (MB).
    Completing 70% with 5452 violations.
    elapsed time = 00:01:27, memory = 1512.61 (MB).
    Completing 80% with 4720 violations.
    elapsed time = 00:01:38, memory = 1512.61 (MB).
    Completing 90% with 4720 violations.
    elapsed time = 00:01:53, memory = 1512.61 (MB).
    Completing 100% with 4074 violations.
    elapsed time = 00:01:59, memory = 1512.61 (MB).
[INFO DRT-0199]   Number of violations = 4074.
Viol/Layer        mcon   met1    via   met2   met3
Cut Spacing          1      0      0      0      0
Metal Spacing        0    395      0    214      0
Short                0   2823      1    639      1
[INFO DRT-0267] cpu time = 00:01:59, elapsed time = 00:01:59, memory = 1512.61 (MB), peak = 1591.89 (MB)
Total wire length = 785992 um.
Total wire length on LAYER li1 = 0 um.
Total wire length on LAYER met1 = 270515 um.
Total wire length on LAYER met2 = 318677 um.
Total wire length on LAYER met3 = 117118 um.
Total wire length on LAYER met4 = 78860 um.
Total wire length on LAYER met5 = 819 um.
Total number of vias = 149105.
Up-via summary (total 149105):

-------------------------
 FR_MASTERSLICE         0
            li1     58997
           met1     75112
           met2     11791
           met3      3111
           met4        94
-------------------------
               149105


[INFO DRT-0195] Start 2nd optimization iteration.
    Completing 10% with 4074 violations.
    elapsed time = 00:00:07, memory = 1512.66 (MB).
    Completing 20% with 4074 violations.
    elapsed time = 00:00:22, memory = 1512.66 (MB).
    Completing 30% with 3990 violations.
    elapsed time = 00:00:27, memory = 1512.75 (MB).
    Completing 40% with 3990 violations.
    elapsed time = 00:00:39, memory = 1512.66 (MB).
    Completing 50% with 3990 violations.
    elapsed time = 00:00:47, memory = 1512.66 (MB).
    Completing 60% with 3807 violations.
    elapsed time = 00:01:02, memory = 1512.68 (MB).
    Completing 70% with 3807 violations.
    elapsed time = 00:01:14, memory = 1512.66 (MB).
    Completing 80% with 3665 violations.
    elapsed time = 00:01:22, memory = 1512.66 (MB).
    Completing 90% with 3665 violations.
    elapsed time = 00:01:37, memory = 1512.66 (MB).
    Completing 100% with 3504 violations.
    elapsed time = 00:01:43, memory = 1512.66 (MB).
[INFO DRT-0199]   Number of violations = 3504.
Viol/Layer        met1   met2   met3
Metal Spacing      326    162      2
Short             2439    575      0
[INFO DRT-0267] cpu time = 00:01:43, elapsed time = 00:01:43, memory = 1512.66 (MB), peak = 1591.89 (MB)
Total wire length = 785697 um.
Total wire length on LAYER li1 = 0 um.
Total wire length on LAYER met1 = 270098 um.
Total wire length on LAYER met2 = 318514 um.
Total wire length on LAYER met3 = 117383 um.
Total wire length on LAYER met4 = 78881 um.
Total wire length on LAYER met5 = 819 um.
Total number of vias = 149023.
Up-via summary (total 149023):

-------------------------
 FR_MASTERSLICE         0
            li1     59000
           met1     75023
           met2     11798
           met3      3108
           met4        94
-------------------------
               149023


[INFO DRT-0195] Start 3rd optimization iteration.
    Completing 10% with 3504 violations.
    elapsed time = 00:00:20, memory = 1512.66 (MB).
    Completing 20% with 3504 violations.
    elapsed time = 00:00:36, memory = 1512.66 (MB).
    Completing 30% with 2824 violations.
    elapsed time = 00:00:52, memory = 1512.66 (MB).
    Completing 40% with 2824 violations.
    elapsed time = 00:01:18, memory = 1512.66 (MB).
    Completing 50% with 2824 violations.
    elapsed time = 00:01:26, memory = 1512.68 (MB).
    Completing 60% with 2022 violations.
    elapsed time = 00:01:44, memory = 1512.68 (MB).
    Completing 70% with 2022 violations.
    elapsed time = 00:02:04, memory = 1512.68 (MB).
    Completing 80% with 1559 violations.
    elapsed time = 00:02:20, memory = 1512.68 (MB).
    Completing 90% with 1559 violations.
    elapsed time = 00:02:43, memory = 1512.68 (MB).
    Completing 100% with 812 violations.
    elapsed time = 00:02:47, memory = 1512.68 (MB).
[INFO DRT-0199]   Number of violations = 812.
Viol/Layer        mcon   met1   met2
Cut Spacing          1      0      0
Metal Spacing        0    246     40
Min Hole             0      1      0
NS Metal             0      1      0
Short                0    433     90
[INFO DRT-0267] cpu time = 00:02:47, elapsed time = 00:02:47, memory = 1512.68 (MB), peak = 1591.89 (MB)
Total wire length = 785438 um.
Total wire length on LAYER li1 = 0 um.
Total wire length on LAYER met1 = 261942 um.
Total wire length on LAYER met2 = 315391 um.
Total wire length on LAYER met3 = 125345 um.
Total wire length on LAYER met4 = 81970 um.
Total wire length on LAYER met5 = 788 um.
Total number of vias = 150129.
Up-via summary (total 150129):

-------------------------
 FR_MASTERSLICE         0
            li1     58993
           met1     74915
           met2     12754
           met3      3377
           met4        90
-------------------------
               150129


[INFO DRT-0195] Start 4th optimization iteration.
    Completing 10% with 812 violations.
    elapsed time = 00:00:04, memory = 1512.68 (MB).
    Completing 20% with 812 violations.
    elapsed time = 00:00:09, memory = 1512.73 (MB).
    Completing 30% with 420 violations.
    elapsed time = 00:00:10, memory = 1512.68 (MB).
    Completing 40% with 420 violations.
    elapsed time = 00:00:17, memory = 1512.77 (MB).
    Completing 50% with 420 violations.
    elapsed time = 00:00:18, memory = 1512.68 (MB).
    Completing 60% with 353 violations.
    elapsed time = 00:00:27, memory = 1512.68 (MB).
    Completing 70% with 353 violations.
    elapsed time = 00:00:29, memory = 1512.68 (MB).
    Completing 80% with 264 violations.
    elapsed time = 00:00:31, memory = 1512.68 (MB).
    Completing 90% with 264 violations.
    elapsed time = 00:00:39, memory = 1512.68 (MB).
    Completing 100% with 81 violations.
    elapsed time = 00:00:40, memory = 1512.76 (MB).
[INFO DRT-0199]   Number of violations = 81.
Viol/Layer        met1   met2
Metal Spacing       36      0
Short               34     11
[INFO DRT-0267] cpu time = 00:00:40, elapsed time = 00:00:40, memory = 1512.76 (MB), peak = 1591.89 (MB)
Total wire length = 785343 um.
Total wire length on LAYER li1 = 0 um.
Total wire length on LAYER met1 = 261320 um.
Total wire length on LAYER met2 = 315047 um.
Total wire length on LAYER met3 = 125985 um.
Total wire length on LAYER met4 = 82214 um.
Total wire length on LAYER met5 = 774 um.
Total number of vias = 150085.
Up-via summary (total 150085):

-------------------------
 FR_MASTERSLICE         0
            li1     58993
           met1     74859
           met2     12760
           met3      3385
           met4        88
-------------------------
               150085


[INFO DRT-0195] Start 5th guides tiles iteration.
    Completing 10% with 81 violations.
    elapsed time = 00:00:00, memory = 1512.76 (MB).
    Completing 20% with 81 violations.
    elapsed time = 00:00:00, memory = 1512.76 (MB).
    Completing 30% with 81 violations.
    elapsed time = 00:00:02, memory = 1512.68 (MB).
    Completing 40% with 42 violations.
    elapsed time = 00:00:02, memory = 1512.68 (MB).
    Completing 50% with 42 violations.
    elapsed time = 00:00:02, memory = 1512.68 (MB).
    Completing 60% with 42 violations.
    elapsed time = 00:00:03, memory = 1512.68 (MB).
    Completing 70% with 30 violations.
    elapsed time = 00:00:03, memory = 1512.68 (MB).
    Completing 80% with 30 violations.
    elapsed time = 00:00:03, memory = 1512.68 (MB).
    Completing 90% with 30 violations.
    elapsed time = 00:00:03, memory = 1512.68 (MB).
    Completing 100% with 26 violations.
    elapsed time = 00:00:11, memory = 1512.68 (MB).
[INFO DRT-0199]   Number of violations = 26.
Viol/Layer        met1
Metal Spacing       11
Short               15
[INFO DRT-0267] cpu time = 00:00:12, elapsed time = 00:00:12, memory = 1512.68 (MB), peak = 1598.18 (MB)
Total wire length = 785280 um.
Total wire length on LAYER li1 = 0 um.
Total wire length on LAYER met1 = 261090 um.
Total wire length on LAYER met2 = 315044 um.
Total wire length on LAYER met3 = 126161 um.
Total wire length on LAYER met4 = 82209 um.
Total wire length on LAYER met5 = 774 um.
Total number of vias = 150081.
Up-via summary (total 150081):

-------------------------
 FR_MASTERSLICE         0
            li1     58995
           met1     74852
           met2     12758
           met3      3388
           met4        88
-------------------------
               150081


[INFO DRT-0195] Start 6th guides tiles iteration.
    Completing 20% with 26 violations.
    elapsed time = 00:00:00, memory = 1512.68 (MB).
    Completing 40% with 26 violations.
    elapsed time = 00:00:00, memory = 1512.68 (MB).
    Completing 60% with 16 violations.
    elapsed time = 00:00:00, memory = 1512.68 (MB).
    Completing 80% with 16 violations.
    elapsed time = 00:00:00, memory = 1512.68 (MB).
    Completing 100% with 12 violations.
    elapsed time = 00:00:00, memory = 1512.68 (MB).
[INFO DRT-0199]   Number of violations = 12.
Viol/Layer        met1
Metal Spacing        7
Short                5
[INFO DRT-0267] cpu time = 00:00:01, elapsed time = 00:00:01, memory = 1512.68 (MB), peak = 1598.18 (MB)
Total wire length = 785281 um.
Total wire length on LAYER li1 = 0 um.
Total wire length on LAYER met1 = 261098 um.
Total wire length on LAYER met2 = 315038 um.
Total wire length on LAYER met3 = 126160 um.
Total wire length on LAYER met4 = 82209 um.
Total wire length on LAYER met5 = 774 um.
Total number of vias = 150080.
Up-via summary (total 150080):

-------------------------
 FR_MASTERSLICE         0
            li1     58995
           met1     74851
           met2     12758
           met3      3388
           met4        88
-------------------------
               150080


[INFO DRT-0195] Start 7th guides tiles iteration.
    Completing 50% with 12 violations.
    elapsed time = 00:00:00, memory = 1512.68 (MB).
    Completing 100% with 0 violations.
    elapsed time = 00:00:00, memory = 1512.68 (MB).
[INFO DRT-0199]   Number of violations = 0.
[INFO DRT-0267] cpu time = 00:00:00, elapsed time = 00:00:00, memory = 1512.68 (MB), peak = 1598.18 (MB)
Total wire length = 785291 um.
Total wire length on LAYER li1 = 0 um.
Total wire length on LAYER met1 = 261110 um.
Total wire length on LAYER met2 = 315044 um.
Total wire length on LAYER met3 = 126153 um.
Total wire length on LAYER met4 = 82209 um.
Total wire length on LAYER met5 = 774 um.
Total number of vias = 150083.
Up-via summary (total 150083):

-------------------------
 FR_MASTERSLICE         0
            li1     58995
           met1     74851
           met2     12761
           met3      3388
           met4        88
-------------------------
               150083


[INFO DRT-0198] Complete detail routing.
Total wire length = 785291 um.
Total wire length on LAYER li1 = 0 um.
Total wire length on LAYER met1 = 261110 um.
Total wire length on LAYER met2 = 315044 um.
Total wire length on LAYER met3 = 126153 um.
Total wire length on LAYER met4 = 82209 um.
Total wire length on LAYER met5 = 774 um.
Total number of vias = 150083.
Up-via summary (total 150083):

-------------------------
 FR_MASTERSLICE         0
            li1     58995
           met1     74851
           met2     12761
           met3      3388
           met4        88
-------------------------
               150083


[INFO DRT-0267] cpu time = 00:09:50, elapsed time = 00:09:50, memory = 1512.68 (MB), peak = 1598.18 (MB)

[INFO DRT-0180] Post processing.
[INFO DRT-0501] Runtime: 803.49s
[INFO ANT-0002] Found 5 net violations.
[INFO ANT-0001] Found 8 pin violations.
[INFO GRT-0012] Found 5 antenna violations.
[INFO DPL-0006] Core area: 300029.00 um^2
[INFO DPL-0007] Movable instances area: 0.00 um^2
[INFO DPL-0008] Fixed instances area within core: 201613.36 um^2
[INFO DPL-0009] Utilization: 67.2%
[INFO DPL-0005] Diamond search max displacement: +/- 500 sites horizontally, +/- 100 rows vertically.
[INFO DPL-1102] Legalizing using negotiation legalizer.
[INFO DPL-1103] Negotiation base search window: +/-20 sites horizontally, +/-5 rows vertically 
	Automatic search window extension enabled.
	Search window extendable up to the max displacement cap of +/-500 sites, +/-100 rows near walls.
[INFO DPL-1104] NegotiationLegalizer DRC penalty: 5.
[INFO DPL-0392] Negotiation cell height distribution (1 unique row-count(s)):
[INFO DPL-0393]   height 1 row(s): 20569 cells
[INFO DPL-0500] Runtime: 0.07s
[INFO GRT-0015] Inserted 8 diodes.
[WARNING DRT-0120] Large net net3618 has 197 pins which may impact routing performance. Consider optimization.
[WARNING DRT-0120] Large net net513 has 111 pins which may impact routing performance. Consider optimization.
[WARNING DRT-0120] Large net net3250 has 120 pins which may impact routing performance. Consider optimization.
[WARNING DRT-0120] Large net net3248 has 113 pins which may impact routing performance. Consider optimization.
[WARNING DRT-0120] Large net net3247 has 134 pins which may impact routing performance. Consider optimization.
[WARNING DRT-0120] Large net net3621 has 144 pins which may impact routing performance. Consider optimization.
[WARNING DRT-0120] Large net net3665 has 147 pins which may impact routing performance. Consider optimization.
[WARNING DRT-0120] Large net net3681 has 117 pins which may impact routing performance. Consider optimization.
[WARNING DRT-0120] Large net net3693 has 122 pins which may impact routing performance. Consider optimization.
[WARNING DRT-0120] Large net net3857 has 112 pins which may impact routing performance. Consider optimization.
[WARNING DRT-0120] Large net net3855 has 243 pins which may impact routing performance. Consider optimization.
[WARNING DRT-0120] Large net net3925 has 156 pins which may impact routing performance. Consider optimization.
[WARNING DRT-0120] Large net net3921 has 145 pins which may impact routing performance. Consider optimization.
[WARNING DRT-0120] Large net net3914 has 179 pins which may impact routing performance. Consider optimization.
[WARNING DRT-0120] Large net net3908 has 126 pins which may impact routing performance. Consider optimization.
[WARNING DRT-0120] Large net net3905 has 151 pins which may impact routing performance. Consider optimization.
[WARNING DRT-0120] Large net net3900 has 137 pins which may impact routing performance. Consider optimization.
[WARNING DRT-0120] Large net net3899 has 166 pins which may impact routing performance. Consider optimization.
[WARNING DRT-0120] Large net net3892 has 103 pins which may impact routing performance. Consider optimization.
[INFO DRT-0024]   Complete FR_MASTERSLICE.
[INFO DRT-0024]   Complete Fr_VIA.
[INFO DRT-0024]   Complete li1.
[INFO DRT-0024]   Complete mcon.
[INFO DRT-0024]   Complete met1.
[INFO DRT-0024]   Complete via.
[INFO DRT-0024]   Complete met2.
[INFO DRT-0024]   Complete via2.
[INFO DRT-0024]   Complete met3.
[INFO DRT-0024]   Complete via3.
[INFO DRT-0024]   Complete met4.
[INFO DRT-0024]   Complete via4.
[INFO DRT-0024]   Complete met5.
[INFO DRT-0165] Start pin access.
[INFO DRT-0076]   Complete 1000 pins.
[INFO DRT-0076]   Complete 2000 pins.
[INFO DRT-0078]   Complete 2069 pins.
[INFO DRT-0079]   Complete 100 unique inst patterns.
[INFO DRT-0079]   Complete 200 unique inst patterns.
[INFO DRT-0081]   Complete 260 unique inst patterns.
[INFO DRT-0082]   Complete 10000 groups.
[INFO DRT-0084]   Complete 10720 groups.
#scanned instances     = 20569
#unique  instances     = 260
#stdCellGenAp          = 9713
#stdCellValidPlanarAp  = 170
#stdCellValidViaAp     = 6168
#stdCellPinNoAp        = 10
#stdCellPinCnt         = 62948
#instTermValidViaApCnt = 0
#macroGenAp            = 0
#macroValidPlanarAp    = 0
#macroValidViaAp       = 0
#macroNoAp             = 0
[INFO DRT-0166] Complete pin access.
[INFO DRT-0267] cpu time = 00:03:21, elapsed time = 00:03:21, memory = 1512.68 (MB), peak = 1598.18 (MB)
[INFO DRT-0156] guideIn read 100000 guides.

[INFO DRT-0157] Number of guides:     158115

[INFO DRT-0169] Post process guides.
[INFO DRT-0176] GCELLGRID X 0 DO 79 STEP 6900 ;
[INFO DRT-0177] GCELLGRID Y 0 DO 79 STEP 6900 ;
[INFO DRT-0026]   Complete 100000 origin guides.
[INFO DRT-0028]   Complete FR_MASTERSLICE.
[INFO DRT-0028]   Complete Fr_VIA.
[INFO DRT-0028]   Complete li1.
[INFO DRT-0028]   Complete mcon.
[INFO DRT-0028]   Complete met1.
[INFO DRT-0028]   Complete via.
[INFO DRT-0028]   Complete met2.
[INFO DRT-0028]   Complete via2.
[INFO DRT-0028]   Complete met3.
[INFO DRT-0028]   Complete via3.
[INFO DRT-0028]   Complete met4.
[INFO DRT-0028]   Complete via4.
[INFO DRT-0028]   Complete met5.
[INFO DRT-0178] Init guide query.
[INFO DRT-0035]   Complete FR_MASTERSLICE (guide).
[INFO DRT-0035]   Complete Fr_VIA (guide).
[INFO DRT-0035]   Complete li1 (guide).
[INFO DRT-0035]   Complete mcon (guide).
[INFO DRT-0035]   Complete met1 (guide).
[INFO DRT-0035]   Complete via (guide).
[INFO DRT-0035]   Complete met2 (guide).
[INFO DRT-0035]   Complete via2 (guide).
[INFO DRT-0035]   Complete met3 (guide).
[INFO DRT-0035]   Complete via3 (guide).
[INFO DRT-0035]   Complete met4 (guide).
[INFO DRT-0035]   Complete via4 (guide).
[INFO DRT-0035]   Complete met5 (guide).
[INFO DRT-0036] FR_MASTERSLICE guide region query size = 0.
[INFO DRT-0036] FR_VIA guide region query size = 0.
[INFO DRT-0036] li1 guide region query size = 48401.
[INFO DRT-0036] mcon guide region query size = 0.
[INFO DRT-0036] met1 guide region query size = 46828.
[INFO DRT-0036] via guide region query size = 0.
[INFO DRT-0036] met2 guide region query size = 25453.
[INFO DRT-0036] via2 guide region query size = 0.
[INFO DRT-0036] met3 guide region query size = 3420.
[INFO DRT-0036] via3 guide region query size = 0.
[INFO DRT-0036] met4 guide region query size = 1474.
[INFO DRT-0036] via4 guide region query size = 0.
[INFO DRT-0036] met5 guide region query size = 49.
[INFO DRT-0179] Init gr pin query.
[INFO DRT-0267] cpu time = 00:00:00, elapsed time = 00:00:00, memory = 1512.68 (MB), peak = 1598.18 (MB)
[INFO DRT-0245] skipped writing guide updates to database.
[INFO DRT-0181] Start track assignment.
[INFO DRT-0184] Done with 75328 vertical wires in 2 frboxes and 50297 horizontal wires in 2 frboxes.
[INFO DRT-0186] Done with 12089 vertical wires in 2 frboxes and 19806 horizontal wires in 2 frboxes.
[INFO DRT-0182] Complete track assignment.
[INFO DRT-0267] cpu time = 00:00:05, elapsed time = 00:00:05, memory = 1512.68 (MB), peak = 1598.18 (MB)
[INFO DRT-0187] Start routing data preparation.
[INFO DRT-0267] cpu time = 00:00:00, elapsed time = 00:00:00, memory = 1512.68 (MB), peak = 1598.18 (MB)
[INFO DRT-0194] Start detail routing.
[INFO DRT-0195] Start 0th optimization iteration.
    Completing 10% with 0 violations.
    elapsed time = 00:00:10, memory = 1512.68 (MB).
    Completing 20% with 0 violations.
    elapsed time = 00:00:21, memory = 1512.68 (MB).
    Completing 30% with 573 violations.
    elapsed time = 00:00:29, memory = 1515.98 (MB).
    Completing 40% with 573 violations.
    elapsed time = 00:00:44, memory = 1522.66 (MB).
    Completing 50% with 573 violations.
    elapsed time = 00:00:50, memory = 1522.66 (MB).
    Completing 60% with 1162 violations.
    elapsed time = 00:01:04, memory = 1522.73 (MB).
    Completing 70% with 1162 violations.
    elapsed time = 00:01:12, memory = 1522.66 (MB).
    Completing 80% with 1534 violations.
    elapsed time = 00:01:21, memory = 1522.66 (MB).
    Completing 90% with 1534 violations.
    elapsed time = 00:01:31, memory = 1537.28 (MB).
    Completing 100% with 1966 violations.
    elapsed time = 00:01:36, memory = 1537.46 (MB).
[INFO DRT-0199]   Number of violations = 2267.
Viol/Layer        met1    via   met2   met3   met4
Metal Spacing      276      0    121      0      0
Min Hole             2      0      0      0      0
Recheck            182      0    113      4      2
Short             1163      4    397      1      2
[INFO DRT-0267] cpu time = 00:01:36, elapsed time = 00:01:36, memory = 1537.46 (MB), peak = 1598.18 (MB)
Total wire length = 786004 um.
Total wire length on LAYER li1 = 0 um.
Total wire length on LAYER met1 = 264206 um.
Total wire length on LAYER met2 = 316074 um.
Total wire length on LAYER met3 = 123608 um.
Total wire length on LAYER met4 = 81359 um.
Total wire length on LAYER met5 = 755 um.
Total number of vias = 150073.
Up-via summary (total 150073):

-------------------------
 FR_MASTERSLICE         0
            li1     59008
           met1     75120
           met2     12543
           met3      3316
           met4        86
-------------------------
               150073


[INFO DRT-0195] Start 1st optimization iteration.
    Completing 10% with 2267 violations.
    elapsed time = 00:00:08, memory = 1537.47 (MB).
    Completing 20% with 2267 violations.
    elapsed time = 00:00:18, memory = 1537.47 (MB).
    Completing 30% with 1852 violations.
    elapsed time = 00:00:25, memory = 1537.47 (MB).
    Completing 40% with 1852 violations.
    elapsed time = 00:00:36, memory = 1537.47 (MB).
    Completing 50% with 1852 violations.
    elapsed time = 00:00:42, memory = 1537.47 (MB).
    Completing 60% with 1481 violations.
    elapsed time = 00:00:53, memory = 1537.47 (MB).
    Completing 70% with 1481 violations.
    elapsed time = 00:01:01, memory = 1537.62 (MB).
    Completing 80% with 1178 violations.
    elapsed time = 00:01:09, memory = 1537.62 (MB).
    Completing 90% with 1178 violations.
    elapsed time = 00:01:20, memory = 1537.62 (MB).
    Completing 100% with 844 violations.
    elapsed time = 00:01:25, memory = 1537.62 (MB).
[INFO DRT-0199]   Number of violations = 844.
Viol/Layer        met1   met2
Metal Spacing      120     66
Min Hole             1      0
NS Metal             1      0
Short              552    104
[INFO DRT-0267] cpu time = 00:01:25, elapsed time = 00:01:25, memory = 1537.62 (MB), peak = 1598.18 (MB)
Total wire length = 785546 um.
Total wire length on LAYER li1 = 0 um.
Total wire length on LAYER met1 = 263557 um.
Total wire length on LAYER met2 = 315907 um.
Total wire length on LAYER met3 = 123962 um.
Total wire length on LAYER met4 = 81362 um.
Total wire length on LAYER met5 = 755 um.
Total number of vias = 150001.
Up-via summary (total 150001):

-------------------------
 FR_MASTERSLICE         0
            li1     59007
           met1     75022
           met2     12569
           met3      3317
           met4        86
-------------------------
               150001


[INFO DRT-0195] Start 2nd optimization iteration.
    Completing 10% with 844 violations.
    elapsed time = 00:00:05, memory = 1537.62 (MB).
    Completing 20% with 844 violations.
    elapsed time = 00:00:11, memory = 1537.76 (MB).
    Completing 30% with 831 violations.
    elapsed time = 00:00:11, memory = 1537.76 (MB).
    Completing 40% with 831 violations.
    elapsed time = 00:00:18, memory = 1537.75 (MB).
    Completing 50% with 831 violations.
    elapsed time = 00:00:21, memory = 1537.62 (MB).
    Completing 60% with 825 violations.
    elapsed time = 00:00:28, memory = 1537.62 (MB).
    Completing 70% with 825 violations.
    elapsed time = 00:00:32, memory = 1537.80 (MB).
    Completing 80% with 768 violations.
    elapsed time = 00:00:36, memory = 1537.62 (MB).
    Completing 90% with 768 violations.
    elapsed time = 00:00:43, memory = 1537.64 (MB).
    Completing 100% with 714 violations.
    elapsed time = 00:00:46, memory = 1537.62 (MB).
[INFO DRT-0199]   Number of violations = 714.
Viol/Layer        met1   met2
Metal Spacing      105     48
Short              471     90
[INFO DRT-0267] cpu time = 00:00:46, elapsed time = 00:00:46, memory = 1537.62 (MB), peak = 1598.18 (MB)
Total wire length = 785462 um.
Total wire length on LAYER li1 = 0 um.
Total wire length on LAYER met1 = 263446 um.
Total wire length on LAYER met2 = 315894 um.
Total wire length on LAYER met3 = 123984 um.
Total wire length on LAYER met4 = 81381 um.
Total wire length on LAYER met5 = 755 um.
Total number of vias = 149998.
Up-via summary (total 149998):

-------------------------
 FR_MASTERSLICE         0
            li1     59005
           met1     75029
           met2     12561
           met3      3317
           met4        86
-------------------------
               149998


[INFO DRT-0195] Start 3rd optimization iteration.
    Completing 10% with 714 violations.
    elapsed time = 00:00:09, memory = 1537.63 (MB).
    Completing 20% with 714 violations.
    elapsed time = 00:00:15, memory = 1537.63 (MB).
    Completing 30% with 604 violations.
    elapsed time = 00:00:19, memory = 1537.63 (MB).
    Completing 40% with 604 violations.
    elapsed time = 00:00:50, memory = 1539.71 (MB).
    Completing 50% with 604 violations.
    elapsed time = 00:00:51, memory = 1539.71 (MB).
    Completing 60% with 432 violations.
    elapsed time = 00:01:03, memory = 1539.71 (MB).
    Completing 70% with 432 violations.
    elapsed time = 00:01:06, memory = 1539.71 (MB).
    Completing 80% with 313 violations.
    elapsed time = 00:01:16, memory = 1539.71 (MB).
    Completing 90% with 313 violations.
    elapsed time = 00:01:22, memory = 1539.71 (MB).
    Completing 100% with 152 violations.
    elapsed time = 00:01:23, memory = 1539.71 (MB).
[INFO DRT-0199]   Number of violations = 152.
Viol/Layer        met1   met2   met3
Metal Spacing       35     19      4
Short               55     35      4
[INFO DRT-0267] cpu time = 00:01:23, elapsed time = 00:01:23, memory = 1539.71 (MB), peak = 1599.69 (MB)
Total wire length = 785476 um.
Total wire length on LAYER li1 = 0 um.
Total wire length on LAYER met1 = 262088 um.
Total wire length on LAYER met2 = 315580 um.
Total wire length on LAYER met3 = 125312 um.
Total wire length on LAYER met4 = 81738 um.
Total wire length on LAYER met5 = 755 um.
Total number of vias = 150227.
Up-via summary (total 150227):

-------------------------
 FR_MASTERSLICE         0
            li1     59004
           met1     75046
           met2     12755
           met3      3336
           met4        86
-------------------------
               150227


[INFO DRT-0195] Start 4th optimization iteration.
    Completing 10% with 152 violations.
    elapsed time = 00:00:01, memory = 1539.71 (MB).
    Completing 20% with 152 violations.
    elapsed time = 00:00:02, memory = 1539.71 (MB).
    Completing 30% with 144 violations.
    elapsed time = 00:00:02, memory = 1539.71 (MB).
    Completing 40% with 144 violations.
    elapsed time = 00:00:07, memory = 1539.71 (MB).
    Completing 50% with 144 violations.
    elapsed time = 00:00:07, memory = 1539.71 (MB).
    Completing 60% with 88 violations.
    elapsed time = 00:00:10, memory = 1539.71 (MB).
    Completing 70% with 88 violations.
    elapsed time = 00:00:10, memory = 1539.71 (MB).
    Completing 80% with 40 violations.
    elapsed time = 00:00:22, memory = 1539.71 (MB).
    Completing 90% with 40 violations.
    elapsed time = 00:00:25, memory = 1539.71 (MB).
    Completing 100% with 6 violations.
    elapsed time = 00:00:25, memory = 1539.71 (MB).
[INFO DRT-0199]   Number of violations = 6.
Viol/Layer        met1
Metal Spacing        6
[INFO DRT-0267] cpu time = 00:00:25, elapsed time = 00:00:25, memory = 1539.71 (MB), peak = 1599.69 (MB)
Total wire length = 785386 um.
Total wire length on LAYER li1 = 0 um.
Total wire length on LAYER met1 = 261710 um.
Total wire length on LAYER met2 = 315384 um.
Total wire length on LAYER met3 = 125648 um.
Total wire length on LAYER met4 = 81887 um.
Total wire length on LAYER met5 = 755 um.
Total number of vias = 150296.
Up-via summary (total 150296):

-------------------------
 FR_MASTERSLICE         0
            li1     59005
           met1     75056
           met2     12799
           met3      3350
           met4        86
-------------------------
               150296


[INFO DRT-0195] Start 5th guides tiles iteration.
    Completing 20% with 6 violations.
    elapsed time = 00:00:00, memory = 1539.71 (MB).
    Completing 40% with 6 violations.
    elapsed time = 00:00:00, memory = 1539.71 (MB).
    Completing 60% with 6 violations.
    elapsed time = 00:00:00, memory = 1539.71 (MB).
    Completing 80% with 0 violations.
    elapsed time = 00:00:00, memory = 1539.71 (MB).
    Completing 100% with 0 violations.
    elapsed time = 00:00:00, memory = 1539.71 (MB).
[INFO DRT-0199]   Number of violations = 0.
[INFO DRT-0267] cpu time = 00:00:00, elapsed time = 00:00:00, memory = 1539.71 (MB), peak = 1599.69 (MB)
Total wire length = 785388 um.
Total wire length on LAYER li1 = 0 um.
Total wire length on LAYER met1 = 261711 um.
Total wire length on LAYER met2 = 315385 um.
Total wire length on LAYER met3 = 125648 um.
Total wire length on LAYER met4 = 81887 um.
Total wire length on LAYER met5 = 755 um.
Total number of vias = 150296.
Up-via summary (total 150296):

-------------------------
 FR_MASTERSLICE         0
            li1     59005
           met1     75056
           met2     12799
           met3      3350
           met4        86
-------------------------
               150296


[INFO DRT-0198] Complete detail routing.
Total wire length = 785388 um.
Total wire length on LAYER li1 = 0 um.
Total wire length on LAYER met1 = 261711 um.
Total wire length on LAYER met2 = 315385 um.
Total wire length on LAYER met3 = 125648 um.
Total wire length on LAYER met4 = 81887 um.
Total wire length on LAYER met5 = 755 um.
Total number of vias = 150296.
Up-via summary (total 150296):

-------------------------
 FR_MASTERSLICE         0
            li1     59005
           met1     75056
           met2     12799
           met3      3350
           met4        86
-------------------------
               150296


[INFO DRT-0267] cpu time = 00:05:38, elapsed time = 00:05:38, memory = 1539.71 (MB), peak = 1599.69 (MB)

[INFO DRT-0180] Post processing.
[INFO DRT-0501] Runtime: 546.41s
[INFO ANT-0002] Found 0 net violations.
[INFO ANT-0001] Found 0 pin violations.
[INFO ANT-0002] Found 0 net violations.
[INFO ANT-0001] Found 0 pin violations.
Design area 201613 um^2 67% utilization.
write_db ./results/sky130hd/chia_sha256_benchmark_corrupted/slot2/5_2_route.odb
Log                       Ext     Elapsed/s Peak Memory/MB sha1sum result [0:20)
5_2_route                 .odb         3869           1599 14dc89f278786061f850
/root/OpenROAD-flow-scripts/flow/scripts/flow.sh 5_3_fillcell fillcell
Running fillcell.tcl, stage 5_3_fillcell
read_liberty /root/OpenROAD-flow-scripts/flow/platforms/sky130hd/lib/sky130_fd_sc_hd__tt_025C_1v80.lib
read_db ./results/sky130hd/chia_sha256_benchmark_corrupted/slot2/5_2_route.odb
read_sdc ./results/sky130hd/chia_sha256_benchmark_corrupted/slot2/5_1_grt.sdc
source /root/OpenROAD-flow-scripts/flow/platforms/sky130hd/setRC.tcl
[WARNING STA-0450] virtual clock vclk can not be propagated.
filler_placement "sky130_fd_sc_hd__fill_1 sky130_fd_sc_hd__fill_2 sky130_fd_sc_hd__fill_4 sky130_fd_sc_hd__fill_8"
[INFO DPL-0001] Placed 22309 filler instances.
Design area 201613 um^2 67% utilization.
write_db ./results/sky130hd/chia_sha256_benchmark_corrupted/slot2/5_3_fillcell.odb
Log                       Ext     Elapsed/s Peak Memory/MB sha1sum result [0:20)
5_3_fillcell              .odb            0            212 c1efd6ddb0dff6e6595e
cp ./results/sky130hd/chia_sha256_benchmark_corrupted/slot2/5_3_fillcell.odb ./results/sky130hd/chia_sha256_benchmark_corrupted/slot2/5_route.odb
cp ./results/sky130hd/chia_sha256_benchmark_corrupted/slot2/5_1_grt.sdc ./results/sky130hd/chia_sha256_benchmark_corrupted/slot2/5_route.sdc
make: Leaving directory '/root/OpenROAD-flow-scripts/flow'

STDERR:
bash: /opt/miniconda/lib/libtinfo.so.6: no version information available (required by bash)
bash: /opt/miniconda/lib/libtinfo.so.6: no version information available (required by bash)
bash: /opt/miniconda/lib/libtinfo.so.6: no version information available (required by bash)
bash: /opt/miniconda/lib/libtinfo.so.6: no version information available (required by bash)
bash: /opt/miniconda/lib/libtinfo.so.6: no version information available (required by bash)
bash: /opt/miniconda/lib/libtinfo.so.6: no version information available (required by bash)
bash: /opt/miniconda/lib/libtinfo.so.6: no version information available (required by bash)
bash: /opt/miniconda/lib/libtinfo.so.6: no version information available (required by bash)
bash: /opt/miniconda/lib/libtinfo.so.6: no version information available (required by bash)
bash: /opt/miniconda/lib/libtinfo.so.6: no version information available (required by bash)
bash: /opt/miniconda/lib/libtinfo.so.6: no version information available (required by bash)
bash: /opt/miniconda/lib/libtinfo.so.6: no version information available (required by bash)
bash: /opt/miniconda/lib/libtinfo.so.6: no version information available (required by bash)
bash: /opt/miniconda/lib/libtinfo.so.6: no version information available (required by bash)
bash: /opt/miniconda/lib/libtinfo.so.6: no version information available (required by bash)
bash: /opt/miniconda/lib/libtinfo.so.6: no version information available (required by bash)
bash: /opt/miniconda/lib/libtinfo.so.6: no version information available (required by bash)
bash: /opt/miniconda/lib/libtinfo.so.6: no version information available (required by bash)
bash: /opt/miniconda/lib/libtinfo.so.6: no version information available (required by bash)
bash: /opt/miniconda/lib/libtinfo.so.6: no version information available (required by bash)
bash: /opt/miniconda/lib/libtinfo.so.6: no version information available (required by bash)
bash: /opt/miniconda/lib/libtinfo.so.6: no version information available (required by bash)
bash: /opt/miniconda/lib/libtinfo.so.6: no version information available (required by bash)
bash: /opt/miniconda/lib/libtinfo.so.6: no version information available (required by bash)
Elapsed time: 5:22.47[h:]min:sec. CPU time: user 322.20 sys 0.22 (99%). Peak memory: 604852KB.
bash: /opt/miniconda/lib/libtinfo.so.6: no version information available (required by bash)
bash: /opt/miniconda/lib/libtinfo.so.6: no version information available (required by bash)
bash: /opt/miniconda/lib/libtinfo.so.6: no version information available (required by bash)
bash: /opt/miniconda/lib/libtinfo.so.6: no version information available (required by bash)
bash: /opt/miniconda/lib/libtinfo.so.6: no version information available (required by bash)
bash: /opt/miniconda/lib/libtinfo.so.6: no version information available (required by bash)
bash: /opt/miniconda/lib/libtinfo.so.6: no version information available (required by bash)
bash: /opt/miniconda/lib/libtinfo.so.6: no version information available (required by bash)
bash: /opt/miniconda/lib/libtinfo.so.6: no version information available (required by bash)
bash: /opt/miniconda/lib/libtinfo.so.6: no version information available (required by bash)
bash: /opt/miniconda/lib/libtinfo.so.6: no version information available (required by bash)
bash: /opt/miniconda/lib/libtinfo.so.6: no version information available (required by bash)
bash: /opt/miniconda/lib/libtinfo.so.6: no version information available (required by bash)
bash: /opt/miniconda/lib/libtinfo.so.6: no version information available (required by bash)
Elapsed time: 1:04:29.42[h:]min:sec. CPU time: user 3855.57 sys 12.94 (99%). Peak memory: 1638084KB.
bash: /opt/miniconda/lib/libtinfo.so.6: no version information available (required by bash)
bash: /opt/miniconda/lib/libtinfo.so.6: no version information available (required by bash)
bash: /opt/miniconda/lib/libtinfo.so.6: no version information available (required by bash)
bash: /opt/miniconda/lib/libtinfo.so.6: no version information available (required by bash)
bash: /opt/miniconda/lib/libtinfo.so.6: no version information available (required by bash)
bash: /opt/miniconda/lib/libtinfo.so.6: no version information available (required by bash)
bash: /opt/miniconda/lib/libtinfo.so.6: no version information available (required by bash)
bash: /opt/miniconda/lib/libtinfo.so.6: no version information available (required by bash)
bash: /opt/miniconda/lib/libtinfo.so.6: no version information available (required by bash)
bash: /opt/miniconda/lib/libtinfo.so.6: no version information available (required by bash)
bash: /opt/miniconda/lib/libtinfo.so.6: no version information available (required by bash)
bash: /opt/miniconda/lib/libtinfo.so.6: no version information available (required by bash)
bash: /opt/miniconda/lib/libtinfo.so.6: no version information available (required by bash)
bash: /opt/miniconda/lib/libtinfo.so.6: no version information available (required by bash)
Elapsed time: 0:00.56[h:]min:sec. CPU time: user 0.47 sys 0.08 (97%). Peak memory: 217188KB.
bash: /opt/miniconda/lib/libtinfo.so.6: no version information available (required by bash)
bash: /opt/miniconda/lib/libtinfo.so.6: no version information available (required by bash)
bash: /opt/miniconda/lib/libtinfo.so.6: no version information available (required by bash)
bash: /opt/miniconda/lib/libtinfo.so.6: no version information available (required by bash)
bash: /opt/miniconda/lib/libtinfo.so.6: no version information available (required by bash)
bash: /opt/miniconda/lib/libtinfo.so.6: no version information available (required by bash)
bash: /opt/miniconda/lib/libtinfo.so.6: no version information available (required by bash)
bash: /opt/miniconda/lib/libtinfo.so.6: no version information available (required by bash)
bash: /opt/miniconda/lib/libtinfo.so.6: no version information available (required by bash)
bash: /opt/miniconda/lib/libtinfo.so.6: no version information available (required by bash)
bash: /opt/miniconda/lib/libtinfo.so.6: no version information available (required by bash)
bash: /opt/miniconda/lib/libtinfo.so.6: no version information available (required by bash)
bash: /opt/miniconda/lib/libtinfo.so.6: no version information available (required by bash)
bash: /opt/miniconda/lib/libtinfo.so.6: no version information available (required by bash)
bash: /opt/miniconda/lib/libtinfo.so.6: no version information available (required by bash)
bash: /opt/miniconda/lib/libtinfo.so.6: no version information available (required by bash)
bash: /opt/miniconda/lib/libtinfo.so.6: no version information available (required by bash)
bash: /opt/miniconda/lib/libtinfo.so.6: no version information available (required by bash)
bash: /opt/miniconda/lib/libtinfo.so.6: no version information available (required by bash)
bash: /opt/miniconda/lib/libtinfo.so.6: no version information available (required by bash)
bash: /opt/miniconda/lib/libtinfo.so.6: no version information available (required by bash)
bash: /opt/miniconda/lib/libtinfo.so.6: no version information available (required by bash)
bash: /opt/miniconda/lib/libtinfo.so.6: no version information available (required by bash)
bash: /opt/miniconda/lib/libtinfo.so.6: no version information available (required by bash)
bash: /opt/miniconda/lib/libtinfo.so.6: no version information available (required by bash)
bash: /opt/miniconda/lib/libtinfo.so.6: no version information available (required by bash)
