make: Entering directory '/root/OpenROAD-flow-scripts/flow'
/root/OpenROAD-flow-scripts/flow/scripts/flow.sh 5_1_grt global_route
Running global_route.tcl, stage 5_1_grt
read_liberty /root/OpenROAD-flow-scripts/flow/platforms/sky130hd/lib/sky130_fd_sc_hd__tt_025C_1v80.lib
read_db ./results/sky130hd/chia_sha256_benchmark_corrupted/slot1/4_cts.odb
read_sdc ./results/sky130hd/chia_sha256_benchmark_corrupted/slot1/4_cts.sdc
source /root/OpenROAD-flow-scripts/flow/platforms/sky130hd/setRC.tcl
pin_access
[INFO DRT-0149] Reading tech and libs.
[WARNING DRT-0349] LEF58_ENCLOSURE with no CUTCLASS is not supported. Skipping for layer mcon
[WARNING DRT-0349] LEF58_ENCLOSURE with no CUTCLASS is not supported. Skipping for layer mcon
[WARNING DRT-0349] LEF58_ENCLOSURE with no CUTCLASS is not supported. Skipping for layer via
[WARNING DRT-0349] LEF58_ENCLOSURE with no CUTCLASS is not supported. Skipping for layer via
[WARNING DRT-0349] LEF58_ENCLOSURE with no CUTCLASS is not supported. Skipping for layer via2
[WARNING DRT-0349] LEF58_ENCLOSURE with no CUTCLASS is not supported. Skipping for layer via2
[WARNING DRT-0349] LEF58_ENCLOSURE with no CUTCLASS is not supported. Skipping for layer via3
[WARNING DRT-0349] LEF58_ENCLOSURE with no CUTCLASS is not supported. Skipping for layer via3
[WARNING DRT-0349] LEF58_ENCLOSURE with no CUTCLASS is not supported. Skipping for layer via4
[WARNING DRT-0349] LEF58_ENCLOSURE with no CUTCLASS is not supported. Skipping for layer via4

Units:                1000
Number of layers:     13
Number of macros:     441
Number of vias:       29
Number of viarulegen: 25

[INFO DRT-0150] Reading design.
[WARNING DRT-0120] Large net net2974 has 107 pins which may impact routing performance. Consider optimization.
[WARNING DRT-0120] Large net net513 has 133 pins which may impact routing performance. Consider optimization.
[WARNING DRT-0120] Large net net2740 has 267 pins which may impact routing performance. Consider optimization.
[WARNING DRT-0120] Large net net2927 has 153 pins which may impact routing performance. Consider optimization.
[WARNING DRT-0120] Large net net2969 has 110 pins which may impact routing performance. Consider optimization.
[WARNING DRT-0120] Large net net2984 has 120 pins which may impact routing performance. Consider optimization.
[WARNING DRT-0120] Large net net3070 has 258 pins which may impact routing performance. Consider optimization.
[WARNING DRT-0120] Large net net3071 has 120 pins which may impact routing performance. Consider optimization.
[WARNING DRT-0120] Large net net3100 has 138 pins which may impact routing performance. Consider optimization.
[WARNING DRT-0120] Large net net3099 has 155 pins which may impact routing performance. Consider optimization.
[WARNING DRT-0120] Large net net3093 has 140 pins which may impact routing performance. Consider optimization.
[WARNING DRT-0120] Large net net3092 has 160 pins which may impact routing performance. Consider optimization.
[WARNING DRT-0120] Large net net3115 has 121 pins which may impact routing performance. Consider optimization.
[WARNING DRT-0120] Large net net3113 has 152 pins which may impact routing performance. Consider optimization.
[WARNING DRT-0120] Large net net3111 has 143 pins which may impact routing performance. Consider optimization.
[WARNING DRT-0120] Large net net3108 has 112 pins which may impact routing performance. Consider optimization.
[WARNING DRT-0120] Large net net3107 has 143 pins which may impact routing performance. Consider optimization.
[WARNING DRT-0120] Large net net3101 has 145 pins which may impact routing performance. Consider optimization.

Design:                   sha256
Die area:                 ( 0 0 ) ( 609240 609240 )
Number of track patterns: 12
Number of DEF vias:       0
Number of components:     20574
Number of terminals:      774
Number of snets:          2
Number of nets:           16383

[INFO DRT-0167] List of default vias:
  Layer via
    default via: M1M2_PR
  Layer via2
    default via: M2M3_PR
  Layer via3
    default via: M3M4_PR
  Layer via4
    default via: M4M5_PR
[INFO DRT-0162] Library cell analysis.
[INFO DRT-0163] Instance analysis.
[INFO DRT-0164] Number of unique instances = 202.
[INFO DRT-0168] Init region query.
[INFO DRT-0024]   Complete FR_MASTERSLICE.
[INFO DRT-0024]   Complete Fr_VIA.
[INFO DRT-0024]   Complete li1.
[INFO DRT-0024]   Complete mcon.
[INFO DRT-0024]   Complete met1.
[INFO DRT-0024]   Complete via.
[INFO DRT-0024]   Complete met2.
[INFO DRT-0024]   Complete via2.
[INFO DRT-0024]   Complete met3.
[INFO DRT-0024]   Complete via3.
[INFO DRT-0024]   Complete met4.
[INFO DRT-0024]   Complete via4.
[INFO DRT-0024]   Complete met5.
[INFO DRT-0033] FR_MASTERSLICE shape region query size = 0.
[INFO DRT-0033] FR_VIA shape region query size = 0.
[INFO DRT-0033] li1 shape region query size = 586836.
[INFO DRT-0033] mcon shape region query size = 347358.
[INFO DRT-0033] met1 shape region query size = 112973.
[INFO DRT-0033] via shape region query size = 24530.
[INFO DRT-0033] met2 shape region query size = 15213.
[INFO DRT-0033] via2 shape region query size = 19624.
[INFO DRT-0033] met3 shape region query size = 14995.
[INFO DRT-0033] via3 shape region query size = 19624.
[INFO DRT-0033] met4 shape region query size = 5918.
[INFO DRT-0033] via4 shape region query size = 968.
[INFO DRT-0033] met5 shape region query size = 1056.
[INFO DRT-0165] Start pin access.
[INFO DRT-0076]   Complete 1000 pins.
[INFO DRT-0078]   Complete 1606 pins.
[INFO DRT-0079]   Complete 100 unique inst patterns.
[INFO DRT-0079]   Complete 200 unique inst patterns.
[INFO DRT-0081]   Complete 202 unique inst patterns.
[INFO DRT-0082]   Complete 10000 groups.
[INFO DRT-0084]   Complete 10723 groups.
#scanned instances     = 20574
#unique  instances     = 202
#stdCellGenAp          = 7224
#stdCellValidPlanarAp  = 97
#stdCellValidViaAp     = 4859
#stdCellPinNoAp        = 6
#stdCellPinCnt         = 61407
#instTermValidViaApCnt = 0
#macroGenAp            = 0
#macroValidPlanarAp    = 0
#macroValidViaAp       = 0
#macroNoAp             = 0
[INFO DRT-0166] Complete pin access.
[INFO DRT-0267] cpu time = 00:02:23, elapsed time = 00:02:23, memory = 246.89 (MB), peak = 260.09 (MB)
Took 145 seconds: pin_access
global_route -congestion_report_file ./reports/sky130hd/chia_sha256_benchmark_corrupted/slot1/congestion.rpt -congestion_iterations 30 -congestion_report_iter_step 5 -verbose
[INFO GRT-0020] Min routing layer: met1
[INFO GRT-0021] Max routing layer: met5
[INFO GRT-0022] Global adjustment: 0%
[INFO GRT-0023] Grid origin: (0, 0)
[INFO GRT-0088] Layer li1     Track-Pitch = 0.4600  line-2-Via Pitch: 0.3400
[INFO GRT-0088] Layer met1    Track-Pitch = 0.3400  line-2-Via Pitch: 0.3400
[INFO GRT-0088] Layer met2    Track-Pitch = 0.4600  line-2-Via Pitch: 0.3500
[INFO GRT-0088] Layer met3    Track-Pitch = 0.6800  line-2-Via Pitch: 0.6150
[INFO GRT-0088] Layer met4    Track-Pitch = 0.9200  line-2-Via Pitch: 1.0400
[INFO GRT-0088] Layer met5    Track-Pitch = 3.4000  line-2-Via Pitch: 3.1100
[INFO GRT-0003] Macros: 0
[INFO GRT-0004] Blockages: 62467
[INFO GRT-0019] Found 296 clock nets.
[INFO GRT-0001] Minimum degree: 2
[INFO GRT-0002] Maximum degree: 267

[INFO GRT-0053] Routing resources analysis:
          Routing      Original      Derated      Resource
Layer     Direction    Resources     Resources    Reduction (%)
---------------------------------------------------------------
li1        Vertical            0             0          0.00%
met1       Horizontal     111654         86239          22.76%
met2       Vertical        99180         76125          23.25%
met3       Horizontal      74080         58122          21.54%
met4       Vertical        48894         34713          29.00%
met5       Horizontal      11049          7743          29.92%
---------------------------------------------------------------

[INFO GRT-0101] Running extra iterations to remove congestion.
[INFO GRT-0102] Start extra iteration 1/30
[INFO GRT-0102] Start extra iteration 2/30
[INFO GRT-0102] Start extra iteration 3/30
[INFO GRT-0197] Via related to pin nodes: 105614
[INFO GRT-0198] Via related Steiner nodes: 3190
[INFO GRT-0199] Via filling finished.
[INFO GRT-0111] Final number of vias: 136441
[INFO GRT-0112] Final usage 3D: 515446

[INFO GRT-0096] Final congestion report:
Layer         Resource        Demand        Usage (%)    Max H / Max V / Total Congestion
---------------------------------------------------------------------------------------
li1                  0             0            0.00%             0 /  0 /  0
met1             86239         43100           49.98%             0 /  0 /  0
met2             76125         42967           56.44%             0 /  0 /  0
met3             58122          8185           14.08%             0 /  0 /  0
met4             34713         11869           34.19%             0 /  0 /  0
met5              7743             2            0.03%             0 /  0 /  0
---------------------------------------------------------------------------------------
Total           262942        106123           40.36%             0 /  0 /  0

[INFO GRT-0018] Total wirelength: 1065711 um
[INFO GRT-0014] Routed nets: 16373
[INFO GRT-0303] Global routing runtime = 00:00:02
[WARNING STA-0450] virtual clock vclk can not be propagated.
estimate_parasitics -global_routing
Perform buffer insertion and gate resizing...
repair_design -verbose
Iteration |   Area    | Resized | Buffers | Nets repaired | Remaining
---------------------------------------------------------------------
        0 |     +0.0% |       0 |       0 |             0 |     16606
     1000 |     +0.0% |       0 |       0 |             0 |     15606
     2000 |     +0.0% |       0 |       0 |             0 |     14606
     3000 |     +0.0% |       0 |       0 |             0 |     13606
     4000 |     +0.0% |       0 |       0 |             0 |     12606
     5000 |     +0.0% |       0 |       0 |             0 |     11606
     6000 |     +0.0% |       0 |       0 |             0 |     10606
     7000 |     +0.0% |       0 |       0 |             0 |      9606
     8000 |     +0.0% |       0 |       0 |             0 |      8606
     9000 |     +0.0% |       0 |       0 |             0 |      7606
[WARNING RSZ-0104] Net _12926_ only has one pin. Check if it is intended to be dangling.
[WARNING RSZ-0104] Net _12925_ only has one pin. Check if it is intended to be dangling.
[WARNING RSZ-0104] Net _12924_ only has one pin. Check if it is intended to be dangling.
[WARNING RSZ-0104] Net _12922_ only has one pin. Check if it is intended to be dangling.
[WARNING RSZ-0104] Net _12921_ only has one pin. Check if it is intended to be dangling.
[WARNING RSZ-0104] Net _12920_ only has one pin. Check if it is intended to be dangling.
    10000 |     +0.0% |       0 |       0 |             0 |      6606
    11000 |     +0.0% |       0 |       0 |             0 |      5606
[WARNING RSZ-0104] Net _12928_ only has one pin. Check if it is intended to be dangling.
[WARNING RSZ-0104] Net _12927_ only has one pin. Check if it is intended to be dangling.
[WARNING RSZ-0104] Net _12923_ only has one pin. Check if it is intended to be dangling.
    12000 |     +0.0% |       0 |       0 |             0 |      4606
[WARNING RSZ-0104] Net _12930_ only has one pin. Check if it is intended to be dangling.
    13000 |     +0.0% |       0 |       0 |             0 |      3606
    14000 |     +0.0% |       0 |       0 |             0 |      2606
    15000 |     +0.0% |       0 |       0 |             0 |      1606
    16000 |     +0.0% |       0 |       0 |             0 |       606
    final |     +0.0% |       0 |       0 |             0 |         0
---------------------------------------------------------------------
[INFO RSZ-0504] Runtime: 0.81s
global_route -start_incremental
detailed_placement
[INFO DPL-0006] Core area: 366373.88 um^2
[INFO DPL-0007] Movable instances area: 186192.32 um^2
[INFO DPL-0008] Fixed instances area within core: 6025.78 um^2
[INFO DPL-0009] Utilization: 52.5%
[INFO DPL-0005] Diamond search max displacement: +/- 500 sites horizontally, +/- 100 rows vertically.
[INFO DPL-1102] Legalizing using negotiation legalizer.
[INFO DPL-1103] Negotiation base search window: +/-20 sites horizontally, +/-5 rows vertically 
	Automatic search window extension enabled.
	Search window extendable up to the max displacement cap of +/-500 sites, +/-100 rows near walls.
[INFO DPL-1104] NegotiationLegalizer DRC penalty: 5.
[INFO DPL-0392] Negotiation cell height distribution (1 unique row-count(s)):
[INFO DPL-0393]   height 1 row(s): 20574 cells
[INFO DPL-0500] Runtime: 0.07s
Placement Analysis
---------------------------------
total displacement          0.0 u
average displacement        0.0 u
max displacement            0.0 u
original HPWL          563620.6 u
legalized HPWL         563620.6 u
delta HPWL                    0 %

global_route -end_incremental -congestion_report_file ./reports/sky130hd/chia_sha256_benchmark_corrupted/slot1/congestion_post_repair_design.rpt
Repair setup and hold violations...
estimate_parasitics -global_routing
repair_timing -setup_margin 0.25 -hold_margin 0 -repair_tns 100 -verbose
[INFO RSZ-0100] Repair move sequence: UnbufferMove SizeUpMove SwapPinsMove BufferMove CloneMove SplitLoadMove 
[INFO RSZ-0094] Found 35 endpoints with setup violations.
[INFO RSZ-0099] Repairing 35 out of 35 (100.00%) violating endpoints...
   Iter   | Removed | Resized | Inserted | Cloned |  Pin  |   Area   |    WNS   |   StTNS    |   EnTNS    |  Viol  |  Worst  
          | Buffers |  Gates  | Buffers  |  Gates | Swaps |          |          |            |            | Endpts | St/EnPt 
------------------------------------------------------------------------------------------------------------------------------
       0* |       0 |       0 |        0 |      0 |     0 |    +0.0% |   -0.635 |       -1.8 |       -7.9 |     35 | digest\[255\]$_DFFE_PN0P_/D
      10* |       0 |       8 |        0 |      1 |     0 |    +0.0% |   -0.539 |       -1.7 |       -5.9 |     35 | digest\[254\]$_DFFE_PN0P_/D
      20* |       0 |      17 |        0 |      2 |     0 |    +0.1% |   -0.507 |       -1.6 |       -4.9 |     35 | digest\[254\]$_DFFE_PN0P_/D
      30* |       0 |      25 |        0 |      4 |     0 |    +0.1% |   -0.479 |       -1.5 |       -4.5 |     35 | digest\[254\]$_DFFE_PN0P_/D
      40* |       0 |      31 |        1 |      6 |     1 |    +0.2% |   -0.455 |       -1.5 |       -4.0 |     35 | digest\[254\]$_DFFE_PN0P_/D
      50* |       0 |      39 |        2 |      7 |     1 |    +0.2% |   -0.422 |       -1.3 |       -3.6 |     35 | digest\[255\]$_DFFE_PN0P_/D
      60* |       0 |      46 |        2 |      9 |     2 |    +0.2% |   -0.619 |       -1.7 |       -7.3 |     35 | digest\[254\]$_DFFE_PN0P_/D
      70* |       0 |      49 |       22 |     10 |     4 |    +0.3% |   -0.377 |       -1.1 |       -2.7 |     35 | digest\[254\]$_DFFE_PN0P_/D
      80* |       0 |      58 |       23 |     10 |     4 |    +0.4% |   -0.368 |       -1.1 |       -2.7 |     35 | digest\[254\]$_DFFE_PN0P_/D
      90* |       0 |      66 |       23 |     12 |     4 |    +0.4% |   -0.360 |       -1.1 |       -2.4 |     35 | digest\[254\]$_DFFE_PN0P_/D
     100* |       0 |      74 |       26 |     12 |     5 |    +0.4% |   -0.301 |       -0.8 |       -1.7 |     35 | digest\[254\]$_DFFE_PN0P_/D
     110* |       0 |      81 |       26 |     15 |     5 |    +0.5% |   -0.308 |       -0.8 |       -1.7 |     35 | digest\[254\]$_DFFE_PN0P_/D
     120* |       0 |      88 |       27 |     17 |     5 |    +0.5% |   -0.270 |       -0.8 |       -1.4 |     35 | digest\[255\]$_DFFE_PN0P_/D
     130* |       0 |      95 |       29 |     19 |     5 |    +0.6% |   -0.223 |       -0.6 |       -1.0 |     35 | digest\[255\]$_DFFE_PN0P_/D
     140* |       0 |     104 |       29 |     20 |     5 |    +0.6% |   -0.188 |       -0.5 |       -0.7 |     35 | digest\[254\]$_DFFE_PN0P_/D
     150* |       0 |     111 |       37 |     20 |     5 |    +0.7% |   -0.030 |       -0.1 |       -0.1 |     35 | digest\[253\]$_DFFE_PN0P_/D
     160* |       0 |     118 |       46 |     21 |     5 |    +0.7% |   -0.001 |       -0.0 |       -0.0 |     35 | digest\[255\]$_DFFE_PN0P_/D
     170* |       0 |     125 |       48 |     22 |     5 |    +0.8% |   -0.025 |       -0.0 |       -0.1 |     35 | digest\[255\]$_DFFE_PN0P_/D
     180* |       0 |     132 |       48 |     25 |     5 |    +0.9% |   -0.003 |       -0.0 |       -0.0 |     35 | digest\[253\]$_DFFE_PN0P_/D
     190* |       0 |     142 |       48 |     25 |     5 |    +0.9% |    0.049 |        0.0 |        0.0 |     35 | digest\[255\]$_DFFE_PN0P_/D
     200* |       0 |     150 |       48 |     26 |     6 |    +0.9% |    0.042 |        0.0 |        0.0 |     35 | digest\[255\]$_DFFE_PN0P_/D
     210* |       0 |     157 |       49 |     26 |     8 |    +0.9% |    0.097 |        0.0 |        0.0 |     35 | digest\[254\]$_DFFE_PN0P_/D
     220* |       0 |     162 |       50 |     27 |    11 |    +1.0% |    0.103 |        0.0 |        0.0 |     35 | digest\[254\]$_DFFE_PN0P_/D
     230* |       0 |     168 |       58 |     27 |    13 |    +1.0% |    0.119 |        0.0 |        0.0 |     35 | digest\[254\]$_DFFE_PN0P_/D
     240* |       0 |     176 |       58 |     28 |    14 |    +1.1% |    0.122 |        0.0 |        0.0 |     35 | digest\[254\]$_DFFE_PN0P_/D
     250* |       0 |     183 |       60 |     28 |    16 |    +1.1% |    0.141 |        0.0 |        0.0 |     35 | digest\[254\]$_DFFE_PN0P_/D
     260* |       0 |     192 |       61 |     28 |    16 |    +1.1% |    0.183 |        0.0 |        0.0 |     35 | digest\[254\]$_DFFE_PN0P_/D
     270* |       0 |     201 |       61 |     28 |    17 |    +1.1% |    0.223 |        0.0 |        0.0 |     35 | digest\[254\]$_DFFE_PN0P_/D
     274* |       0 |     205 |       61 |     28 |    17 |    +1.1% |    0.255 |        0.0 |        0.0 |     35 | digest\[255\]$_DFFE_PN0P_/D
     275* |       0 |     205 |       61 |     28 |    17 |    +1.1% |    0.255 |        0.0 |        0.0 |     35 | digest\[255\]$_DFFE_PN0P_/D
     276* |       0 |     205 |       61 |     28 |    17 |    +1.1% |    0.255 |        0.0 |        0.0 |     35 | digest\[255\]$_DFFE_PN0P_/D
     277* |       0 |     205 |       61 |     28 |    17 |    +1.1% |    0.255 |        0.0 |        0.0 |     35 | digest\[255\]$_DFFE_PN0P_/D
     278* |       0 |     205 |       61 |     28 |    17 |    +1.1% |    0.255 |        0.0 |        0.0 |     35 | digest\[255\]$_DFFE_PN0P_/D
     279* |       0 |     205 |       61 |     28 |    17 |    +1.1% |    0.255 |        0.0 |        0.0 |     35 | digest\[255\]$_DFFE_PN0P_/D
     280* |       0 |     205 |       61 |     28 |    17 |    +1.1% |    0.255 |        0.0 |        0.0 |     35 | digest\[255\]$_DFFE_PN0P_/D
     280* |       0 |     205 |       61 |     28 |    17 |    +1.1% |    0.255 |        0.0 |        0.0 |     35 | digest\[255\]$_DFFE_PN0P_/D
     281* |       0 |     205 |       61 |     28 |    17 |    +1.1% |    0.255 |        0.0 |        0.0 |     35 | digest\[255\]$_DFFE_PN0P_/D
     282* |       0 |     205 |       61 |     28 |    17 |    +1.1% |    0.255 |        0.0 |        0.0 |     35 | digest\[255\]$_DFFE_PN0P_/D
     283* |       0 |     205 |       61 |     28 |    17 |    +1.1% |    0.255 |        0.0 |        0.0 |     35 | digest\[255\]$_DFFE_PN0P_/D
     284* |       0 |     205 |       61 |     28 |    17 |    +1.1% |    0.255 |        0.0 |        0.0 |     35 | digest\[255\]$_DFFE_PN0P_/D
     285* |       0 |     205 |       61 |     28 |    17 |    +1.1% |    0.255 |        0.0 |        0.0 |     35 | digest\[255\]$_DFFE_PN0P_/D
     286* |       0 |     205 |       61 |     28 |    17 |    +1.1% |    0.255 |        0.0 |        0.0 |     35 | digest\[255\]$_DFFE_PN0P_/D
     287* |       0 |     205 |       61 |     28 |    17 |    +1.1% |    0.255 |        0.0 |        0.0 |     35 | digest\[255\]$_DFFE_PN0P_/D
     288* |       0 |     205 |       61 |     28 |    17 |    +1.1% |    0.255 |        0.0 |        0.0 |     35 | digest\[255\]$_DFFE_PN0P_/D
     289* |       0 |     205 |       61 |     28 |    17 |    +1.1% |    0.255 |        0.0 |        0.0 |     35 | digest\[255\]$_DFFE_PN0P_/D
     290* |       0 |     205 |       61 |     28 |    17 |    +1.1% |    0.255 |        0.0 |        0.0 |     35 | digest\[255\]$_DFFE_PN0P_/D
     290* |       0 |     205 |       61 |     28 |    17 |    +1.1% |    0.255 |        0.0 |        0.0 |     35 | digest\[255\]$_DFFE_PN0P_/D
     291* |       0 |     205 |       61 |     28 |    17 |    +1.1% |    0.255 |        0.0 |        0.0 |     35 | digest\[255\]$_DFFE_PN0P_/D
     292* |       0 |     205 |       61 |     28 |    17 |    +1.1% |    0.255 |        0.0 |        0.0 |     35 | digest\[255\]$_DFFE_PN0P_/D
     293* |       0 |     205 |       61 |     28 |    17 |    +1.1% |    0.255 |        0.0 |        0.0 |     35 | digest\[255\]$_DFFE_PN0P_/D
     294* |       0 |     205 |       61 |     28 |    17 |    +1.1% |    0.255 |        0.0 |        0.0 |     35 | digest\[255\]$_DFFE_PN0P_/D
     295* |       0 |     205 |       61 |     28 |    17 |    +1.1% |    0.255 |        0.0 |        0.0 |     35 | digest\[255\]$_DFFE_PN0P_/D
     296* |       0 |     205 |       61 |     28 |    17 |    +1.1% |    0.255 |        0.0 |        0.0 |     35 | digest\[255\]$_DFFE_PN0P_/D
     297* |       0 |     205 |       61 |     28 |    17 |    +1.1% |    0.255 |        0.0 |        0.0 |     35 | digest\[255\]$_DFFE_PN0P_/D
     298* |       0 |     205 |       61 |     28 |    17 |    +1.1% |    0.255 |        0.0 |        0.0 |     35 | digest\[255\]$_DFFE_PN0P_/D
     299* |       0 |     205 |       61 |     28 |    17 |    +1.1% |    0.255 |        0.0 |        0.0 |     35 | digest\[255\]$_DFFE_PN0P_/D
     300* |       0 |     205 |       61 |     28 |    17 |    +1.1% |    0.255 |        0.0 |        0.0 |     35 | digest\[255\]$_DFFE_PN0P_/D
     300* |       0 |     205 |       61 |     28 |    17 |    +1.1% |    0.255 |        0.0 |        0.0 |     35 | digest\[255\]$_DFFE_PN0P_/D
     301* |       0 |     205 |       61 |     28 |    17 |    +1.1% |    0.255 |        0.0 |        0.0 |     35 | digest\[255\]$_DFFE_PN0P_/D
     302* |       0 |     205 |       61 |     28 |    17 |    +1.1% |    0.255 |        0.0 |        0.0 |     35 | digest\[255\]$_DFFE_PN0P_/D
     303* |       0 |     205 |       61 |     28 |    17 |    +1.1% |    0.255 |        0.0 |        0.0 |     35 | digest\[255\]$_DFFE_PN0P_/D
     304* |       0 |     205 |       61 |     28 |    17 |    +1.1% |    0.255 |        0.0 |        0.0 |     35 | digest\[255\]$_DFFE_PN0P_/D
     305* |       0 |     205 |       61 |     28 |    17 |    +1.1% |    0.255 |        0.0 |        0.0 |     35 | digest\[255\]$_DFFE_PN0P_/D
     306* |       0 |     205 |       61 |     28 |    17 |    +1.1% |    0.255 |        0.0 |        0.0 |     35 | digest\[255\]$_DFFE_PN0P_/D
     307* |       0 |     205 |       61 |     28 |    17 |    +1.1% |    0.255 |        0.0 |        0.0 |     35 | digest\[255\]$_DFFE_PN0P_/D
     308* |       0 |     205 |       61 |     28 |    17 |    +1.1% |    0.255 |        0.0 |        0.0 |     35 | digest\[255\]$_DFFE_PN0P_/D
     308* |       0 |     205 |       61 |     28 |    17 |    +1.1% |    0.255 |        0.0 |        0.0 |     35 | digest\[255\]$_DFFE_PN0P_/D
    final |       0 |     205 |       61 |     28 |    17 |    +1.1% |    0.255 |        0.0 |        0.0 |      0 | digest\[255\]$_DFFE_PN0P_/D
------------------------------------------------------------------------------------------------------------------------------
[INFO RSZ-0040] Inserted 61 buffers.
[INFO RSZ-0051] Resized 205 instances: 205 up, 0 up match, 0 down, 0 VT
[INFO RSZ-0043] Swapped pins on 17 instances.
[INFO RSZ-0049] Cloned 28 instances.
[INFO RSZ-0505] Runtime: 19.05s
[INFO RSZ-0033] No hold violations found.
[INFO RSZ-0506] Runtime: 0.06s
Took 19 seconds: repair_timing -setup_margin 0.25 -hold_margin 0 -repair_tns 100 -verbose
global_route -start_incremental
detailed_placement
[INFO DPL-0006] Core area: 366373.88 um^2
[INFO DPL-0007] Movable instances area: 188376.92 um^2
[INFO DPL-0008] Fixed instances area within core: 6025.78 um^2
[INFO DPL-0009] Utilization: 53.1%
[INFO DPL-0005] Diamond search max displacement: +/- 500 sites horizontally, +/- 100 rows vertically.
[INFO DPL-1102] Legalizing using negotiation legalizer.
[INFO DPL-1103] Negotiation base search window: +/-20 sites horizontally, +/-5 rows vertically 
	Automatic search window extension enabled.
	Search window extendable up to the max displacement cap of +/-500 sites, +/-100 rows near walls.
[INFO DPL-1104] NegotiationLegalizer DRC penalty: 5.
[INFO DPL-0392] Negotiation cell height distribution (1 unique row-count(s)):
[INFO DPL-0393]   height 1 row(s): 20663 cells
          |      Total |  Illegal |  Illegal
Iteration | Violations |    Cells |    Sites
---------------------------------------------
        0 |        209 |        33 |       176
        1 |         24 |         6 |        18
        2 |          0 |         0 |         0
Negotiation phase 1 converged at iteration 2.
[INFO DPL-0500] Runtime: 0.11s
Placement Analysis
---------------------------------
total displacement       1335.4 u
average displacement        0.1 u
max displacement           21.9 u
original HPWL          572364.9 u
legalized HPWL         573588.3 u
delta HPWL                    0 %

check_placement -verbose
global_route -end_incremental -congestion_report_file ./reports/sky130hd/chia_sha256_benchmark_corrupted/slot1/congestion_post_repair_timing.rpt
Took 6 seconds: global_route -end_incremental -congestion_report_file ./reports/sky130hd/chia_sha256_benchmark_corrupted/slot1/congestion_post_repair_timing.rpt
estimate_parasitics -global_routing
repair_timing -setup -sequence "vt_swap reroute" -skip_last_gasp -repair_tns 0 -verbose -setup_margin 0.25
[INFO RSZ-0100] Repair move sequence: RerouteMove 
[INFO RSZ-0094] Found 2 endpoints with setup violations.
[INFO RSZ-0099] Repairing 1 out of 2 (0.00%) violating endpoints...
   Iter   | Removed | Resized | Inserted | Cloned |  Pin  |   Area   |    WNS   |   StTNS    |   EnTNS    |  Viol  |  Worst  
          | Buffers |  Gates  | Buffers  |  Gates | Swaps |          |          |            |            | Endpts | St/EnPt 
------------------------------------------------------------------------------------------------------------------------------
       0* |       0 |       0 |        0 |      0 |     0 |    +0.0% |    0.229 |        0.0 |        0.0 |      2 | digest\[255\]$_DFFE_PN0P_/D
       7* |       0 |       0 |        0 |      0 |     0 |    +0.0% |    0.210 |        0.0 |        0.0 |      2 | digest\[255\]$_DFFE_PN0P_/D
       7* |       0 |       0 |        0 |      0 |     0 |    +0.0% |    0.210 |        0.0 |        0.0 |      2 | digest\[255\]$_DFFE_PN0P_/D
    final |       0 |       0 |        0 |      0 |     0 |    +0.0% |    0.210 |        0.0 |        0.0 |      3 | digest\[255\]$_DFFE_PN0P_/D
------------------------------------------------------------------------------------------------------------------------------
[WARNING RSZ-0062] Unable to repair all setup violations.
[INFO RSZ-0505] Runtime: 0.64s
Repair antennas...
[INFO GRT-0012] Found 79 antenna violations.
[INFO GRT-0302] Inserted 75 jumpers for 63 nets.
[INFO GRT-0012] Found 16 antenna violations.
[INFO DPL-0006] Core area: 366373.88 um^2
[INFO DPL-0007] Movable instances area: 188151.70 um^2
[INFO DPL-0008] Fixed instances area within core: 6291.03 um^2
[INFO DPL-0009] Utilization: 53.1%
[INFO DPL-0005] Diamond search max displacement: +/- 500 sites horizontally, +/- 100 rows vertically.
[INFO DPL-1102] Legalizing using negotiation legalizer.
[INFO DPL-1103] Negotiation base search window: +/-20 sites horizontally, +/-5 rows vertically 
	Automatic search window extension enabled.
	Search window extendable up to the max displacement cap of +/-500 sites, +/-100 rows near walls.
[INFO DPL-1104] NegotiationLegalizer DRC penalty: 5.
[INFO DPL-0392] Negotiation cell height distribution (1 unique row-count(s)):
[INFO DPL-0393]   height 1 row(s): 20679 cells
          |      Total |  Illegal |  Illegal
Iteration | Violations |    Cells |    Sites
---------------------------------------------
        0 |          4 |         2 |         2
        1 |          4 |         2 |         2
        2 |          0 |         0 |         0
Negotiation phase 1 converged at iteration 2.
[INFO DPL-0500] Runtime: 0.09s
[INFO GRT-0015] Inserted 16 diodes.
[INFO GRT-0012] Found 0 antenna violations.
[INFO ANT-0002] Found 0 net violations.
[INFO ANT-0001] Found 0 pin violations.
Estimate parasitics...
estimate_parasitics -global_routing
Report metrics stage 5, global route...

==========================================================================
global route report_design_area
--------------------------------------------------------------------------
Design area 194443 um^2 53% utilization.
[INFO FLW-0007] clock core_clock period 13.750000
[WARNING FLW-0010] more than one clock found. Skipping sdc update.
[INFO FLW-0011] Path endpoint path count 5640
write_db ./results/sky130hd/chia_sha256_benchmark_corrupted/slot1/5_1_grt.odb
write_sdc -no_timestamp ./results/sky130hd/chia_sha256_benchmark_corrupted/slot1/5_1_grt.sdc
Log                       Ext     Elapsed/s Peak Memory/MB sha1sum result [0:20)
5_1_grt                   .odb          255            672 5fe5be1706c864650230
5_1_grt                   .sdc                             850c0c89442ca1395309
/root/OpenROAD-flow-scripts/flow/scripts/flow.sh 5_2_route detail_route
Running detail_route.tcl, stage 5_2_route
read_liberty /root/OpenROAD-flow-scripts/flow/platforms/sky130hd/lib/sky130_fd_sc_hd__tt_025C_1v80.lib
read_db ./results/sky130hd/chia_sha256_benchmark_corrupted/slot1/5_1_grt.odb
read_sdc ./results/sky130hd/chia_sha256_benchmark_corrupted/slot1/5_1_grt.sdc
source /root/OpenROAD-flow-scripts/flow/platforms/sky130hd/setRC.tcl
[WARNING STA-0450] virtual clock vclk can not be propagated.
detailed_route -output_drc ./reports/sky130hd/chia_sha256_benchmark_corrupted/slot1/5_route_drc.rpt -output_maze ./results/sky130hd/chia_sha256_benchmark_corrupted/slot1/maze.log -droute_end_iter 64 -verbose 1 -drc_report_iter_step 5
[INFO DRT-0149] Reading tech and libs.
[WARNING DRT-0349] LEF58_ENCLOSURE with no CUTCLASS is not supported. Skipping for layer mcon
[WARNING DRT-0349] LEF58_ENCLOSURE with no CUTCLASS is not supported. Skipping for layer mcon
[WARNING DRT-0349] LEF58_ENCLOSURE with no CUTCLASS is not supported. Skipping for layer via
[WARNING DRT-0349] LEF58_ENCLOSURE with no CUTCLASS is not supported. Skipping for layer via
[WARNING DRT-0349] LEF58_ENCLOSURE with no CUTCLASS is not supported. Skipping for layer via2
[WARNING DRT-0349] LEF58_ENCLOSURE with no CUTCLASS is not supported. Skipping for layer via2
[WARNING DRT-0349] LEF58_ENCLOSURE with no CUTCLASS is not supported. Skipping for layer via3
[WARNING DRT-0349] LEF58_ENCLOSURE with no CUTCLASS is not supported. Skipping for layer via3
[WARNING DRT-0349] LEF58_ENCLOSURE with no CUTCLASS is not supported. Skipping for layer via4
[WARNING DRT-0349] LEF58_ENCLOSURE with no CUTCLASS is not supported. Skipping for layer via4

Units:                1000
Number of layers:     13
Number of macros:     441
Number of vias:       29
Number of viarulegen: 25

[INFO DRT-0150] Reading design.
[WARNING DRT-0120] Large net net2974 has 107 pins which may impact routing performance. Consider optimization.
[WARNING DRT-0120] Large net net513 has 133 pins which may impact routing performance. Consider optimization.
[WARNING DRT-0120] Large net net2740 has 267 pins which may impact routing performance. Consider optimization.
[WARNING DRT-0120] Large net net2927 has 153 pins which may impact routing performance. Consider optimization.
[WARNING DRT-0120] Large net net2969 has 110 pins which may impact routing performance. Consider optimization.
[WARNING DRT-0120] Large net net3070 has 258 pins which may impact routing performance. Consider optimization.
[WARNING DRT-0120] Large net net3071 has 120 pins which may impact routing performance. Consider optimization.
[WARNING DRT-0120] Large net net3100 has 138 pins which may impact routing performance. Consider optimization.
[WARNING DRT-0120] Large net net3099 has 155 pins which may impact routing performance. Consider optimization.
[WARNING DRT-0120] Large net net3093 has 140 pins which may impact routing performance. Consider optimization.
[WARNING DRT-0120] Large net net3092 has 160 pins which may impact routing performance. Consider optimization.
[WARNING DRT-0120] Large net net3115 has 121 pins which may impact routing performance. Consider optimization.
[WARNING DRT-0120] Large net net3113 has 152 pins which may impact routing performance. Consider optimization.
[WARNING DRT-0120] Large net net3111 has 143 pins which may impact routing performance. Consider optimization.
[WARNING DRT-0120] Large net net3108 has 112 pins which may impact routing performance. Consider optimization.
[WARNING DRT-0120] Large net net3107 has 143 pins which may impact routing performance. Consider optimization.
[WARNING DRT-0120] Large net net3101 has 145 pins which may impact routing performance. Consider optimization.

Design:                   sha256
Die area:                 ( 0 0 ) ( 609240 609240 )
Number of track patterns: 12
Number of DEF vias:       0
Number of components:     20679
Number of terminals:      774
Number of snets:          2
Number of nets:           16472

[INFO DRT-0167] List of default vias:
  Layer via
    default via: M1M2_PR
  Layer via2
    default via: M2M3_PR
  Layer via3
    default via: M3M4_PR
  Layer via4
    default via: M4M5_PR
[INFO DRT-0162] Library cell analysis.
[INFO DRT-0163] Instance analysis.
[INFO DRT-0164] Number of unique instances = 224.
[INFO DRT-0168] Init region query.
[INFO DRT-0024]   Complete FR_MASTERSLICE.
[INFO DRT-0024]   Complete Fr_VIA.
[INFO DRT-0024]   Complete li1.
[INFO DRT-0024]   Complete mcon.
[INFO DRT-0024]   Complete met1.
[INFO DRT-0024]   Complete via.
[INFO DRT-0024]   Complete met2.
[INFO DRT-0024]   Complete via2.
[INFO DRT-0024]   Complete met3.
[INFO DRT-0024]   Complete via3.
[INFO DRT-0024]   Complete met4.
[INFO DRT-0024]   Complete via4.
[INFO DRT-0024]   Complete met5.
[INFO DRT-0033] FR_MASTERSLICE shape region query size = 0.
[INFO DRT-0033] FR_VIA shape region query size = 0.
[INFO DRT-0033] li1 shape region query size = 591452.
[INFO DRT-0033] mcon shape region query size = 351026.
[INFO DRT-0033] met1 shape region query size = 113356.
[INFO DRT-0033] via shape region query size = 24530.
[INFO DRT-0033] met2 shape region query size = 15213.
[INFO DRT-0033] via2 shape region query size = 19624.
[INFO DRT-0033] met3 shape region query size = 14995.
[INFO DRT-0033] via3 shape region query size = 19624.
[INFO DRT-0033] met4 shape region query size = 5918.
[INFO DRT-0033] via4 shape region query size = 968.
[INFO DRT-0033] met5 shape region query size = 1056.
[INFO DRT-0165] Start pin access.
[INFO DRT-0076]   Complete 1000 pins.
[INFO DRT-0078]   Complete 1775 pins.
[INFO DRT-0079]   Complete 100 unique inst patterns.
[INFO DRT-0079]   Complete 200 unique inst patterns.
[INFO DRT-0081]   Complete 224 unique inst patterns.
[INFO DRT-0082]   Complete 10000 groups.
[INFO DRT-0084]   Complete 10743 groups.
#scanned instances     = 20679
#unique  instances     = 224
#stdCellGenAp          = 7814
#stdCellValidPlanarAp  = 104
#stdCellValidViaAp     = 5294
#stdCellPinNoAp        = 6
#stdCellPinCnt         = 61585
#instTermValidViaApCnt = 0
#macroGenAp            = 0
#macroValidPlanarAp    = 0
#macroValidViaAp       = 0
#macroNoAp             = 0
[INFO DRT-0166] Complete pin access.
[INFO DRT-0267] cpu time = 00:02:46, elapsed time = 00:02:46, memory = 406.10 (MB), peak = 420.66 (MB)
[INFO DRT-0156] guideIn read 100000 guides.

[INFO DRT-0157] Number of guides:     151517

[INFO DRT-0169] Post process guides.
[INFO DRT-0176] GCELLGRID X 0 DO 88 STEP 6900 ;
[INFO DRT-0177] GCELLGRID Y 0 DO 88 STEP 6900 ;
[INFO DRT-0026]   Complete 100000 origin guides.
[INFO DRT-0028]   Complete FR_MASTERSLICE.
[INFO DRT-0028]   Complete Fr_VIA.
[INFO DRT-0028]   Complete li1.
[INFO DRT-0028]   Complete mcon.
[INFO DRT-0028]   Complete met1.
[INFO DRT-0028]   Complete via.
[INFO DRT-0028]   Complete met2.
[INFO DRT-0028]   Complete via2.
[INFO DRT-0028]   Complete met3.
[INFO DRT-0028]   Complete via3.
[INFO DRT-0028]   Complete met4.
[INFO DRT-0028]   Complete via4.
[INFO DRT-0028]   Complete met5.
[INFO DRT-0178] Init guide query.
[INFO DRT-0035]   Complete FR_MASTERSLICE (guide).
[INFO DRT-0035]   Complete Fr_VIA (guide).
[INFO DRT-0035]   Complete li1 (guide).
[INFO DRT-0035]   Complete mcon (guide).
[INFO DRT-0035]   Complete met1 (guide).
[INFO DRT-0035]   Complete via (guide).
[INFO DRT-0035]   Complete met2 (guide).
[INFO DRT-0035]   Complete via2 (guide).
[INFO DRT-0035]   Complete met3 (guide).
[INFO DRT-0035]   Complete via3 (guide).
[INFO DRT-0035]   Complete met4 (guide).
[INFO DRT-0035]   Complete via4 (guide).
[INFO DRT-0035]   Complete met5 (guide).
[INFO DRT-0036] FR_MASTERSLICE guide region query size = 0.
[INFO DRT-0036] FR_VIA guide region query size = 0.
[INFO DRT-0036] li1 guide region query size = 46768.
[INFO DRT-0036] mcon guide region query size = 0.
[INFO DRT-0036] met1 guide region query size = 44745.
[INFO DRT-0036] via guide region query size = 0.
[INFO DRT-0036] met2 guide region query size = 23791.
[INFO DRT-0036] via2 guide region query size = 0.
[INFO DRT-0036] met3 guide region query size = 3333.
[INFO DRT-0036] via3 guide region query size = 0.
[INFO DRT-0036] met4 guide region query size = 1458.
[INFO DRT-0036] via4 guide region query size = 0.
[INFO DRT-0036] met5 guide region query size = 47.
[INFO DRT-0179] Init gr pin query.
[INFO DRT-0267] cpu time = 00:00:00, elapsed time = 00:00:00, memory = 459.54 (MB), peak = 459.54 (MB)
[INFO DRT-0245] skipped writing guide updates to database.
[INFO DRT-0181] Start track assignment.
[INFO DRT-0184] Done with 72017 vertical wires in 2 frboxes and 48125 horizontal wires in 2 frboxes.
[INFO DRT-0186] Done with 11074 vertical wires in 2 frboxes and 18512 horizontal wires in 2 frboxes.
[INFO DRT-0182] Complete track assignment.
[INFO DRT-0267] cpu time = 00:00:04, elapsed time = 00:00:04, memory = 628.85 (MB), peak = 628.85 (MB)
[INFO DRT-0187] Start routing data preparation.
[INFO DRT-0267] cpu time = 00:00:00, elapsed time = 00:00:00, memory = 629.04 (MB), peak = 629.04 (MB)
[INFO DRT-0194] Start detail routing.
[INFO DRT-0195] Start 0th optimization iteration.
    Completing 10% with 0 violations.
    elapsed time = 00:00:24, memory = 687.05 (MB).
    Completing 20% with 0 violations.
    elapsed time = 00:01:14, memory = 991.46 (MB).
    Completing 30% with 4402 violations.
    elapsed time = 00:01:40, memory = 1163.36 (MB).
    Completing 40% with 4402 violations.
    elapsed time = 00:02:29, memory = 1163.36 (MB).
    Completing 50% with 4402 violations.
    elapsed time = 00:03:44, memory = 1174.99 (MB).
    Completing 60% with 9029 violations.
    elapsed time = 00:04:09, memory = 1265.02 (MB).
    Completing 70% with 9029 violations.
    elapsed time = 00:05:05, memory = 1277.77 (MB).
    Completing 80% with 13961 violations.
    elapsed time = 00:06:00, memory = 1277.77 (MB).
    Completing 90% with 13961 violations.
    elapsed time = 00:07:15, memory = 1280.58 (MB).
    Completing 100% with 19080 violations.
    elapsed time = 00:08:37, memory = 1316.02 (MB).
[INFO DRT-0199]   Number of violations = 22081.
Viol/Layer         li1   mcon   met1    via   met2   met3   via3   met4   via4   met5
Cut Spacing          0     41      0      1      0      0      0      0      3      0
Metal Spacing        0      0   2678      0   1119     39      0      9      0      0
Min Hole             0      0     35      0      0      0      0      0      0      0
Recheck             14      0   1970      0    909     59      0     45      0      4
Short                0      1  12811     61   2220     17      1     38      2      4
[INFO DRT-0267] cpu time = 00:08:37, elapsed time = 00:08:37, memory = 1316.21 (MB), peak = 1316.21 (MB)
Total wire length = 782173 um.
Total wire length on LAYER li1 = 0 um.
Total wire length on LAYER met1 = 305313 um.
Total wire length on LAYER met2 = 326056 um.
Total wire length on LAYER met3 = 72275 um.
Total wire length on LAYER met4 = 78162 um.
Total wire length on LAYER met5 = 364 um.
Total number of vias = 142070.
Up-via summary (total 142070):

-------------------------
 FR_MASTERSLICE         0
            li1     57544
           met1     74871
           met2      6985
           met3      2610
           met4        60
-------------------------
               142070


[INFO DRT-0195] Start 1st optimization iteration.
    Completing 10% with 22081 violations.
    elapsed time = 00:00:18, memory = 1316.34 (MB).
    Completing 20% with 22081 violations.
    elapsed time = 00:01:10, memory = 1326.06 (MB).
    Completing 30% with 19721 violations.
    elapsed time = 00:01:48, memory = 1326.18 (MB).
    Completing 40% with 19721 violations.
    elapsed time = 00:02:24, memory = 1326.06 (MB).
    Completing 50% with 19721 violations.
    elapsed time = 00:03:30, memory = 1326.06 (MB).
    Completing 60% with 17746 violations.
    elapsed time = 00:03:59, memory = 1326.06 (MB).
    Completing 70% with 17746 violations.
    elapsed time = 00:04:45, memory = 1326.06 (MB).
    Completing 80% with 15275 violations.
    elapsed time = 00:05:36, memory = 1326.06 (MB).
    Completing 90% with 15275 violations.
    elapsed time = 00:06:43, memory = 1326.39 (MB).
    Completing 100% with 12603 violations.
    elapsed time = 00:07:43, memory = 1326.39 (MB).
[INFO DRT-0199]   Number of violations = 12606.
Viol/Layer        mcon   met1    via   met2   met3   met4
Cut Spacing         33      0      1      0      0      0
Metal Spacing        0   1608      0    494     19      2
Recheck              0      2      0      1      0      0
Short                0   9377      2   1051     14      2
[INFO DRT-0267] cpu time = 00:07:44, elapsed time = 00:07:44, memory = 1326.39 (MB), peak = 1387.00 (MB)
Total wire length = 774012 um.
Total wire length on LAYER li1 = 0 um.
Total wire length on LAYER met1 = 299647 um.
Total wire length on LAYER met2 = 322653 um.
Total wire length on LAYER met3 = 73574 um.
Total wire length on LAYER met4 = 77804 um.
Total wire length on LAYER met5 = 332 um.
Total number of vias = 140132.
Up-via summary (total 140132):

-------------------------
 FR_MASTERSLICE         0
            li1     57481
           met1     73144
           met2      6885
           met3      2572
           met4        50
-------------------------
               140132


[INFO DRT-0195] Start 2nd optimization iteration.
    Completing 10% with 12606 violations.
    elapsed time = 00:00:22, memory = 1326.39 (MB).
    Completing 20% with 12606 violations.
    elapsed time = 00:01:29, memory = 1326.57 (MB).
    Completing 30% with 12375 violations.
    elapsed time = 00:02:02, memory = 1326.39 (MB).
    Completing 40% with 12375 violations.
    elapsed time = 00:02:55, memory = 1326.39 (MB).
    Completing 50% with 12375 violations.
    elapsed time = 00:03:52, memory = 1326.39 (MB).
    Completing 60% with 12365 violations.
    elapsed time = 00:04:40, memory = 1326.39 (MB).
    Completing 70% with 12365 violations.
    elapsed time = 00:05:43, memory = 1326.39 (MB).
    Completing 80% with 12133 violations.
    elapsed time = 00:06:03, memory = 1326.39 (MB).
    Completing 90% with 12133 violations.
    elapsed time = 00:06:58, memory = 1326.39 (MB).
    Completing 100% with 11500 violations.
    elapsed time = 00:07:34, memory = 1326.39 (MB).
[INFO DRT-0199]   Number of violations = 11500.
Viol/Layer        mcon   met1    via   met2   met3   met4
Cut Spacing         27      0      0      0      0      0
Metal Spacing        0   1487      0    444     21      3
Short                0   8577      1    924      8      8
[INFO DRT-0267] cpu time = 00:07:35, elapsed time = 00:07:35, memory = 1326.39 (MB), peak = 1387.00 (MB)
Total wire length = 772188 um.
Total wire length on LAYER li1 = 0 um.
Total wire length on LAYER met1 = 298140 um.
Total wire length on LAYER met2 = 322353 um.
Total wire length on LAYER met3 = 73799 um.
Total wire length on LAYER met4 = 77563 um.
Total wire length on LAYER met5 = 332 um.
Total number of vias = 139218.
Up-via summary (total 139218):

-------------------------
 FR_MASTERSLICE         0
            li1     57479
           met1     72413
           met2      6764
           met3      2516
           met4        46
-------------------------
               139218


[INFO DRT-0195] Start 3rd optimization iteration.
    Completing 10% with 11500 violations.
    elapsed time = 00:00:18, memory = 1326.39 (MB).
    Completing 20% with 11500 violations.
    elapsed time = 00:00:57, memory = 1350.96 (MB).
    Completing 30% with 9444 violations.
    elapsed time = 00:01:16, memory = 1357.14 (MB).
    Completing 40% with 9444 violations.
    elapsed time = 00:02:05, memory = 1357.69 (MB).
    Completing 50% with 9444 violations.
    elapsed time = 00:03:09, memory = 1357.69 (MB).
    Completing 60% with 7144 violations.
    elapsed time = 00:03:29, memory = 1357.69 (MB).
    Completing 70% with 7144 violations.
    elapsed time = 00:04:12, memory = 1357.69 (MB).
    Completing 80% with 4436 violations.
    elapsed time = 00:04:39, memory = 1357.69 (MB).
    Completing 90% with 4436 violations.
    elapsed time = 00:05:29, memory = 1357.69 (MB).
    Completing 100% with 1788 violations.
    elapsed time = 00:06:20, memory = 1357.81 (MB).
[INFO DRT-0199]   Number of violations = 1788.
Viol/Layer        mcon   met1   met2   met3
Cut Spacing          6      0      0      0
Metal Spacing        0    541    111      4
Min Hole             0      1      0      0
Short                0    978    143      4
[INFO DRT-0267] cpu time = 00:06:20, elapsed time = 00:06:20, memory = 1357.81 (MB), peak = 1387.00 (MB)
Total wire length = 769521 um.
Total wire length on LAYER li1 = 0 um.
Total wire length on LAYER met1 = 264303 um.
Total wire length on LAYER met2 = 318297 um.
Total wire length on LAYER met3 = 104921 um.
Total wire length on LAYER met4 = 81688 um.
Total wire length on LAYER met5 = 310 um.
Total number of vias = 143561.
Up-via summary (total 143561):

-------------------------
 FR_MASTERSLICE         0
            li1     57485
           met1     72093
           met2     11013
           met3      2928
           met4        42
-------------------------
               143561


[INFO DRT-0195] Start 4th optimization iteration.
    Completing 10% with 1788 violations.
    elapsed time = 00:00:06, memory = 1357.81 (MB).
    Completing 20% with 1788 violations.
    elapsed time = 00:00:13, memory = 1357.81 (MB).
    Completing 30% with 1495 violations.
    elapsed time = 00:00:19, memory = 1357.69 (MB).
    Completing 40% with 1495 violations.
    elapsed time = 00:00:29, memory = 1357.69 (MB).
    Completing 50% with 1495 violations.
    elapsed time = 00:00:41, memory = 1357.69 (MB).
    Completing 60% with 903 violations.
    elapsed time = 00:00:47, memory = 1357.69 (MB).
    Completing 70% with 903 violations.
    elapsed time = 00:01:00, memory = 1357.69 (MB).
    Completing 80% with 584 violations.
    elapsed time = 00:01:07, memory = 1357.69 (MB).
    Completing 90% with 584 violations.
    elapsed time = 00:01:26, memory = 1357.69 (MB).
    Completing 100% with 205 violations.
    elapsed time = 00:01:38, memory = 1357.69 (MB).
[INFO DRT-0199]   Number of violations = 205.
Viol/Layer        met1   met2
Metal Spacing       79     11
Short              100     15
[INFO DRT-0267] cpu time = 00:01:39, elapsed time = 00:01:39, memory = 1357.69 (MB), peak = 1387.00 (MB)
Total wire length = 769381 um.
Total wire length on LAYER li1 = 0 um.
Total wire length on LAYER met1 = 263089 um.
Total wire length on LAYER met2 = 317912 um.
Total wire length on LAYER met3 = 106025 um.
Total wire length on LAYER met4 = 82043 um.
Total wire length on LAYER met5 = 310 um.
Total number of vias = 143772.
Up-via summary (total 143772):

-------------------------
 FR_MASTERSLICE         0
            li1     57484
           met1     72090
           met2     11187
           met3      2969
           met4        42
-------------------------
               143772


[INFO DRT-0195] Start 5th optimization iteration.
    Completing 10% with 205 violations.
    elapsed time = 00:00:01, memory = 1357.69 (MB).
    Completing 20% with 205 violations.
    elapsed time = 00:00:05, memory = 1357.69 (MB).
    Completing 30% with 177 violations.
    elapsed time = 00:00:09, memory = 1357.69 (MB).
    Completing 40% with 177 violations.
    elapsed time = 00:00:11, memory = 1357.69 (MB).
    Completing 50% with 177 violations.
    elapsed time = 00:00:12, memory = 1357.69 (MB).
    Completing 60% with 138 violations.
    elapsed time = 00:00:17, memory = 1357.69 (MB).
    Completing 70% with 138 violations.
    elapsed time = 00:00:20, memory = 1357.69 (MB).
    Completing 80% with 103 violations.
    elapsed time = 00:00:22, memory = 1357.69 (MB).
    Completing 90% with 103 violations.
    elapsed time = 00:00:29, memory = 1357.69 (MB).
    Completing 100% with 61 violations.
    elapsed time = 00:00:30, memory = 1357.69 (MB).
[INFO DRT-0199]   Number of violations = 61.
Viol/Layer        mcon   met1   met2
Cut Spacing          1      0      0
Metal Spacing        0     25      1
Short                0     34      0
[INFO DRT-0267] cpu time = 00:00:31, elapsed time = 00:00:31, memory = 1358.06 (MB), peak = 1387.00 (MB)
Total wire length = 769383 um.
Total wire length on LAYER li1 = 0 um.
Total wire length on LAYER met1 = 262960 um.
Total wire length on LAYER met2 = 317787 um.
Total wire length on LAYER met3 = 106151 um.
Total wire length on LAYER met4 = 82172 um.
Total wire length on LAYER met5 = 310 um.
Total number of vias = 143787.
Up-via summary (total 143787):

-------------------------
 FR_MASTERSLICE         0
            li1     57486
           met1     72082
           met2     11193
           met3      2984
           met4        42
-------------------------
               143787


[INFO DRT-0195] Start 6th guides tiles iteration.
    Completing 10% with 61 violations.
    elapsed time = 00:00:01, memory = 1358.06 (MB).
    Completing 20% with 61 violations.
    elapsed time = 00:00:01, memory = 1358.06 (MB).
    Completing 30% with 61 violations.
    elapsed time = 00:00:01, memory = 1358.06 (MB).
    Completing 40% with 61 violations.
    elapsed time = 00:00:01, memory = 1358.06 (MB).
    Completing 50% with 61 violations.
    elapsed time = 00:00:02, memory = 1358.06 (MB).
    Completing 60% with 61 violations.
    elapsed time = 00:00:02, memory = 1358.06 (MB).
    Completing 70% with 27 violations.
    elapsed time = 00:00:03, memory = 1358.06 (MB).
    Completing 80% with 27 violations.
    elapsed time = 00:00:03, memory = 1358.06 (MB).
    Completing 100% with 21 violations.
    elapsed time = 00:00:03, memory = 1358.06 (MB).
[INFO DRT-0199]   Number of violations = 21.
Viol/Layer        mcon   met1   met2
Cut Spacing          1      0      0
Metal Spacing        0      8      1
Short                0     11      0
[INFO DRT-0267] cpu time = 00:00:03, elapsed time = 00:00:03, memory = 1358.06 (MB), peak = 1387.00 (MB)
Total wire length = 769361 um.
Total wire length on LAYER li1 = 0 um.
Total wire length on LAYER met1 = 262928 um.
Total wire length on LAYER met2 = 317783 um.
Total wire length on LAYER met3 = 106155 um.
Total wire length on LAYER met4 = 82183 um.
Total wire length on LAYER met5 = 310 um.
Total number of vias = 143798.
Up-via summary (total 143798):

-------------------------
 FR_MASTERSLICE         0
            li1     57486
           met1     72087
           met2     11197
           met3      2986
           met4        42
-------------------------
               143798


[INFO DRT-0195] Start 7th guides tiles iteration.
    Completing 20% with 21 violations.
    elapsed time = 00:00:00, memory = 1358.06 (MB).
    Completing 50% with 21 violations.
    elapsed time = 00:00:00, memory = 1358.06 (MB).
    Completing 70% with 21 violations.
    elapsed time = 00:00:00, memory = 1358.06 (MB).
    Completing 100% with 21 violations.
    elapsed time = 00:00:01, memory = 1358.06 (MB).
[INFO DRT-0199]   Number of violations = 21.
Viol/Layer        mcon   met1   met2
Cut Spacing          1      0      0
Metal Spacing        0      8      1
Short                0     11      0
[INFO DRT-0267] cpu time = 00:00:01, elapsed time = 00:00:01, memory = 1358.06 (MB), peak = 1387.00 (MB)
Total wire length = 769361 um.
Total wire length on LAYER li1 = 0 um.
Total wire length on LAYER met1 = 262928 um.
Total wire length on LAYER met2 = 317783 um.
Total wire length on LAYER met3 = 106155 um.
Total wire length on LAYER met4 = 82183 um.
Total wire length on LAYER met5 = 310 um.
Total number of vias = 143798.
Up-via summary (total 143798):

-------------------------
 FR_MASTERSLICE         0
            li1     57486
           met1     72087
           met2     11197
           met3      2986
           met4        42
-------------------------
               143798


[INFO DRT-0195] Start 8th stubborn tiles iteration.
    Completing 10% with 21 violations.
    elapsed time = 00:00:12, memory = 1358.06 (MB).
    Completing 20% with 21 violations.
    elapsed time = 00:00:26, memory = 1358.06 (MB).
    Completing 30% with 21 violations.
    elapsed time = 00:00:34, memory = 1567.69 (MB).
    Completing 40% with 21 violations.
    elapsed time = 00:00:43, memory = 1837.86 (MB).
    Completing 50% with 21 violations.
    elapsed time = 00:00:50, memory = 2124.88 (MB).
    Completing 60% with 21 violations.
    elapsed time = 00:01:05, memory = 2437.69 (MB).
    Completing 70% with 21 violations.
    elapsed time = 00:01:29, memory = 2756.33 (MB).
    Completing 80% with 21 violations.
    elapsed time = 00:02:11, memory = 3041.76 (MB).
    Completing 90% with 21 violations.
    elapsed time = 00:03:06, memory = 3297.86 (MB).
    Completing 100% with 1 violations.
    elapsed time = 00:03:42, memory = 3548.21 (MB).
[INFO DRT-0199]   Number of violations = 1.
Viol/Layer        met1
Short                1
[INFO DRT-0267] cpu time = 00:03:42, elapsed time = 00:03:42, memory = 3548.21 (MB), peak = 3593.00 (MB)
Total wire length = 769368 um.
Total wire length on LAYER li1 = 0 um.
Total wire length on LAYER met1 = 262930 um.
Total wire length on LAYER met2 = 317795 um.
Total wire length on LAYER met3 = 106154 um.
Total wire length on LAYER met4 = 82177 um.
Total wire length on LAYER met5 = 310 um.
Total number of vias = 143801.
Up-via summary (total 143801):

-------------------------
 FR_MASTERSLICE         0
            li1     57486
           met1     72089
           met2     11199
           met3      2985
           met4        42
-------------------------
               143801


[INFO DRT-0195] Start 9th guides tiles iteration.
    Completing 50% with 1 violations.
    elapsed time = 00:00:00, memory = 3548.21 (MB).
    Completing 100% with 1 violations.
    elapsed time = 00:00:00, memory = 3548.21 (MB).
[INFO DRT-0199]   Number of violations = 1.
Viol/Layer        met1
Short                1
[INFO DRT-0267] cpu time = 00:00:00, elapsed time = 00:00:00, memory = 3548.21 (MB), peak = 3593.00 (MB)
Total wire length = 769368 um.
Total wire length on LAYER li1 = 0 um.
Total wire length on LAYER met1 = 262930 um.
Total wire length on LAYER met2 = 317795 um.
Total wire length on LAYER met3 = 106154 um.
Total wire length on LAYER met4 = 82177 um.
Total wire length on LAYER met5 = 310 um.
Total number of vias = 143801.
Up-via summary (total 143801):

-------------------------
 FR_MASTERSLICE         0
            li1     57486
           met1     72089
           met2     11199
           met3      2985
           met4        42
-------------------------
               143801


[INFO DRT-0195] Start 10th guides tiles iteration.
    Completing 50% with 1 violations.
    elapsed time = 00:00:00, memory = 3548.21 (MB).
    Completing 100% with 1 violations.
    elapsed time = 00:00:00, memory = 3548.21 (MB).
[INFO DRT-0199]   Number of violations = 1.
Viol/Layer        met1
Short                1
[INFO DRT-0267] cpu time = 00:00:00, elapsed time = 00:00:00, memory = 3548.21 (MB), peak = 3593.00 (MB)
Total wire length = 769368 um.
Total wire length on LAYER li1 = 0 um.
Total wire length on LAYER met1 = 262930 um.
Total wire length on LAYER met2 = 317795 um.
Total wire length on LAYER met3 = 106154 um.
Total wire length on LAYER met4 = 82177 um.
Total wire length on LAYER met5 = 310 um.
Total number of vias = 143801.
Up-via summary (total 143801):

-------------------------
 FR_MASTERSLICE         0
            li1     57486
           met1     72089
           met2     11199
           met3      2985
           met4        42
-------------------------
               143801


[INFO DRT-0195] Start 11th stubborn tiles iteration.
    Completing 10% with 1 violations.
    elapsed time = 00:00:03, memory = 3548.21 (MB).
    Completing 20% with 1 violations.
    elapsed time = 00:00:05, memory = 3548.21 (MB).
    Completing 30% with 1 violations.
    elapsed time = 00:00:09, memory = 3548.21 (MB).
    Completing 40% with 1 violations.
    elapsed time = 00:00:12, memory = 3548.21 (MB).
    Completing 50% with 1 violations.
    elapsed time = 00:00:15, memory = 3548.21 (MB).
    Completing 60% with 1 violations.
    elapsed time = 00:00:18, memory = 3548.21 (MB).
    Completing 70% with 1 violations.
    elapsed time = 00:00:20, memory = 3548.21 (MB).
    Completing 80% with 1 violations.
    elapsed time = 00:00:22, memory = 3548.21 (MB).
    Completing 90% with 1 violations.
    elapsed time = 00:00:25, memory = 3548.21 (MB).
    Completing 100% with 0 violations.
    elapsed time = 00:00:28, memory = 3548.21 (MB).
[INFO DRT-0199]   Number of violations = 0.
[INFO DRT-0267] cpu time = 00:00:28, elapsed time = 00:00:28, memory = 3548.21 (MB), peak = 3593.00 (MB)
Total wire length = 769381 um.
Total wire length on LAYER li1 = 0 um.
Total wire length on LAYER met1 = 262930 um.
Total wire length on LAYER met2 = 317806 um.
Total wire length on LAYER met3 = 106163 um.
Total wire length on LAYER met4 = 82168 um.
Total wire length on LAYER met5 = 310 um.
Total number of vias = 143804.
Up-via summary (total 143804):

-------------------------
 FR_MASTERSLICE         0
            li1     57486
           met1     72090
           met2     11201
           met3      2985
           met4        42
-------------------------
               143804


[INFO DRT-0198] Complete detail routing.
Total wire length = 769381 um.
Total wire length on LAYER li1 = 0 um.
Total wire length on LAYER met1 = 262930 um.
Total wire length on LAYER met2 = 317806 um.
Total wire length on LAYER met3 = 106163 um.
Total wire length on LAYER met4 = 82168 um.
Total wire length on LAYER met5 = 310 um.
Total number of vias = 143804.
Up-via summary (total 143804):

-------------------------
 FR_MASTERSLICE         0
            li1     57486
           met1     72090
           met2     11201
           met3      2985
           met4        42
-------------------------
               143804


[INFO DRT-0267] cpu time = 00:36:45, elapsed time = 00:36:45, memory = 3548.21 (MB), peak = 3593.00 (MB)

[INFO DRT-0180] Post processing.
[INFO DRT-0501] Runtime: 2378.72s
Took 2378 seconds: detailed_route -output_drc ./reports/sky130hd/chia_sha256_benchmark_corrupted/slot1/5_route_drc.rpt -output_maze ./results/sky130hd/chia_sha256_benchmark_corrupted/slot1/maze.log -droute_end_iter 64 -verbose 1 -drc_report_iter_step 5
[INFO GRT-0012] Found 27 antenna violations.
[INFO DPL-0006] Core area: 366373.88 um^2
[INFO DPL-0007] Movable instances area: 0.00 um^2
[INFO DPL-0008] Fixed instances area within core: 194525.32 um^2
[INFO DPL-0009] Utilization: 53.1%
[INFO DPL-0005] Diamond search max displacement: +/- 500 sites horizontally, +/- 100 rows vertically.
[INFO DPL-1102] Legalizing using negotiation legalizer.
[INFO DPL-1103] Negotiation base search window: +/-20 sites horizontally, +/-5 rows vertically 
	Automatic search window extension enabled.
	Search window extendable up to the max displacement cap of +/-500 sites, +/-100 rows near walls.
[INFO DPL-1104] NegotiationLegalizer DRC penalty: 5.
[INFO DPL-0392] Negotiation cell height distribution (1 unique row-count(s)):
[INFO DPL-0393]   height 1 row(s): 20712 cells
[INFO DPL-0500] Runtime: 0.05s
[INFO GRT-0015] Inserted 33 diodes.
[WARNING DRT-0120] Large net net2974 has 107 pins which may impact routing performance. Consider optimization.
[WARNING DRT-0120] Large net net513 has 133 pins which may impact routing performance. Consider optimization.
[WARNING DRT-0120] Large net net2740 has 267 pins which may impact routing performance. Consider optimization.
[WARNING DRT-0120] Large net net2927 has 153 pins which may impact routing performance. Consider optimization.
[WARNING DRT-0120] Large net net2969 has 110 pins which may impact routing performance. Consider optimization.
[WARNING DRT-0120] Large net net3070 has 258 pins which may impact routing performance. Consider optimization.
[WARNING DRT-0120] Large net net3071 has 120 pins which may impact routing performance. Consider optimization.
[WARNING DRT-0120] Large net net3100 has 138 pins which may impact routing performance. Consider optimization.
[WARNING DRT-0120] Large net net3099 has 155 pins which may impact routing performance. Consider optimization.
[WARNING DRT-0120] Large net net3093 has 140 pins which may impact routing performance. Consider optimization.
[WARNING DRT-0120] Large net net3092 has 160 pins which may impact routing performance. Consider optimization.
[WARNING DRT-0120] Large net net3115 has 121 pins which may impact routing performance. Consider optimization.
[WARNING DRT-0120] Large net net3113 has 152 pins which may impact routing performance. Consider optimization.
[WARNING DRT-0120] Large net net3111 has 143 pins which may impact routing performance. Consider optimization.
[WARNING DRT-0120] Large net net3108 has 112 pins which may impact routing performance. Consider optimization.
[WARNING DRT-0120] Large net net3107 has 143 pins which may impact routing performance. Consider optimization.
[WARNING DRT-0120] Large net net3101 has 145 pins which may impact routing performance. Consider optimization.
[INFO DRT-0024]   Complete FR_MASTERSLICE.
[INFO DRT-0024]   Complete Fr_VIA.
[INFO DRT-0024]   Complete li1.
[INFO DRT-0024]   Complete mcon.
[INFO DRT-0024]   Complete met1.
[INFO DRT-0024]   Complete via.
[INFO DRT-0024]   Complete met2.
[INFO DRT-0024]   Complete via2.
[INFO DRT-0024]   Complete met3.
[INFO DRT-0024]   Complete via3.
[INFO DRT-0024]   Complete met4.
[INFO DRT-0024]   Complete via4.
[INFO DRT-0024]   Complete met5.
[INFO DRT-0165] Start pin access.
[INFO DRT-0076]   Complete 1000 pins.
[INFO DRT-0078]   Complete 1775 pins.
[INFO DRT-0079]   Complete 100 unique inst patterns.
[INFO DRT-0079]   Complete 200 unique inst patterns.
[INFO DRT-0081]   Complete 224 unique inst patterns.
[INFO DRT-0082]   Complete 10000 groups.
[INFO DRT-0084]   Complete 10742 groups.
#scanned instances     = 20712
#unique  instances     = 224
#stdCellGenAp          = 7814
#stdCellValidPlanarAp  = 104
#stdCellValidViaAp     = 5294
#stdCellPinNoAp        = 6
#stdCellPinCnt         = 61585
#instTermValidViaApCnt = 0
#macroGenAp            = 0
#macroValidPlanarAp    = 0
#macroValidViaAp       = 0
#macroNoAp             = 0
[INFO DRT-0166] Complete pin access.
[INFO DRT-0267] cpu time = 00:02:53, elapsed time = 00:02:53, memory = 3458.20 (MB), peak = 3593.00 (MB)
[INFO DRT-0156] guideIn read 100000 guides.

[INFO DRT-0157] Number of guides:     150881

[INFO DRT-0169] Post process guides.
[INFO DRT-0176] GCELLGRID X 0 DO 88 STEP 6900 ;
[INFO DRT-0177] GCELLGRID Y 0 DO 88 STEP 6900 ;
[INFO DRT-0026]   Complete 100000 origin guides.
[INFO DRT-0028]   Complete FR_MASTERSLICE.
[INFO DRT-0028]   Complete Fr_VIA.
[INFO DRT-0028]   Complete li1.
[INFO DRT-0028]   Complete mcon.
[INFO DRT-0028]   Complete met1.
[INFO DRT-0028]   Complete via.
[INFO DRT-0028]   Complete met2.
[INFO DRT-0028]   Complete via2.
[INFO DRT-0028]   Complete met3.
[INFO DRT-0028]   Complete via3.
[INFO DRT-0028]   Complete met4.
[INFO DRT-0028]   Complete via4.
[INFO DRT-0028]   Complete met5.
[INFO DRT-0178] Init guide query.
[INFO DRT-0035]   Complete FR_MASTERSLICE (guide).
[INFO DRT-0035]   Complete Fr_VIA (guide).
[INFO DRT-0035]   Complete li1 (guide).
[INFO DRT-0035]   Complete mcon (guide).
[INFO DRT-0035]   Complete met1 (guide).
[INFO DRT-0035]   Complete via (guide).
[INFO DRT-0035]   Complete met2 (guide).
[INFO DRT-0035]   Complete via2 (guide).
[INFO DRT-0035]   Complete met3 (guide).
[INFO DRT-0035]   Complete via3 (guide).
[INFO DRT-0035]   Complete met4 (guide).
[INFO DRT-0035]   Complete via4 (guide).
[INFO DRT-0035]   Complete met5 (guide).
[INFO DRT-0036] FR_MASTERSLICE guide region query size = 0.
[INFO DRT-0036] FR_VIA guide region query size = 0.
[INFO DRT-0036] li1 guide region query size = 46781.
[INFO DRT-0036] mcon guide region query size = 0.
[INFO DRT-0036] met1 guide region query size = 44740.
[INFO DRT-0036] via guide region query size = 0.
[INFO DRT-0036] met2 guide region query size = 23699.
[INFO DRT-0036] via2 guide region query size = 0.
[INFO DRT-0036] met3 guide region query size = 3108.
[INFO DRT-0036] via3 guide region query size = 0.
[INFO DRT-0036] met4 guide region query size = 1331.
[INFO DRT-0036] via4 guide region query size = 0.
[INFO DRT-0036] met5 guide region query size = 28.
[INFO DRT-0179] Init gr pin query.
[INFO DRT-0267] cpu time = 00:00:00, elapsed time = 00:00:00, memory = 3458.20 (MB), peak = 3593.00 (MB)
[INFO DRT-0245] skipped writing guide updates to database.
[INFO DRT-0181] Start track assignment.
[INFO DRT-0184] Done with 71811 vertical wires in 2 frboxes and 47876 horizontal wires in 2 frboxes.
[INFO DRT-0186] Done with 11095 vertical wires in 2 frboxes and 18602 horizontal wires in 2 frboxes.
[INFO DRT-0182] Complete track assignment.
[INFO DRT-0267] cpu time = 00:00:05, elapsed time = 00:00:05, memory = 3458.20 (MB), peak = 3593.00 (MB)
[INFO DRT-0187] Start routing data preparation.
[INFO DRT-0267] cpu time = 00:00:00, elapsed time = 00:00:00, memory = 3458.20 (MB), peak = 3593.00 (MB)
[INFO DRT-0194] Start detail routing.
[INFO DRT-0195] Start 0th optimization iteration.
    Completing 10% with 0 violations.
    elapsed time = 00:00:08, memory = 3458.20 (MB).
    Completing 20% with 0 violations.
    elapsed time = 00:00:24, memory = 3458.20 (MB).
    Completing 30% with 1423 violations.
    elapsed time = 00:00:32, memory = 3458.20 (MB).
    Completing 40% with 1423 violations.
    elapsed time = 00:00:48, memory = 3458.20 (MB).
    Completing 50% with 1423 violations.
    elapsed time = 00:01:10, memory = 3458.20 (MB).
    Completing 60% with 2862 violations.
    elapsed time = 00:01:15, memory = 3458.20 (MB).
    Completing 70% with 2862 violations.
    elapsed time = 00:01:29, memory = 3458.20 (MB).
    Completing 80% with 4179 violations.
    elapsed time = 00:01:44, memory = 3458.20 (MB).
    Completing 90% with 4179 violations.
    elapsed time = 00:01:58, memory = 3458.20 (MB).
    Completing 100% with 5377 violations.
    elapsed time = 00:02:16, memory = 3458.20 (MB).
[INFO DRT-0199]   Number of violations = 5837.
Viol/Layer         li1   mcon   met1    via   met2   met3   met4
Cut Spacing          0      1      0      0      0      0      0
Metal Spacing        0      0    413      0    297      7      2
Min Hole             0      0      3      0      0      0      0
Recheck              2      0    263      0    183     10      2
Short                0      0   3141      4   1475     24     10
[INFO DRT-0267] cpu time = 00:02:16, elapsed time = 00:02:16, memory = 3458.20 (MB), peak = 3593.00 (MB)
Total wire length = 770947 um.
Total wire length on LAYER li1 = 0 um.
Total wire length on LAYER met1 = 271270 um.
Total wire length on LAYER met2 = 322406 um.
Total wire length on LAYER met3 = 98666 um.
Total wire length on LAYER met4 = 78310 um.
Total wire length on LAYER met5 = 294 um.
Total number of vias = 143780.
Up-via summary (total 143780):

-------------------------
 FR_MASTERSLICE         0
            li1     57527
           met1     72666
           met2     10731
           met3      2816
           met4        40
-------------------------
               143780


[INFO DRT-0195] Start 1st optimization iteration.
    Completing 10% with 5837 violations.
    elapsed time = 00:00:05, memory = 3458.20 (MB).
    Completing 20% with 5837 violations.
    elapsed time = 00:00:15, memory = 3458.20 (MB).
    Completing 30% with 5242 violations.
    elapsed time = 00:00:25, memory = 3458.20 (MB).
    Completing 40% with 5242 violations.
    elapsed time = 00:00:34, memory = 3458.20 (MB).
    Completing 50% with 5242 violations.
    elapsed time = 00:00:51, memory = 3458.20 (MB).
    Completing 60% with 4567 violations.
    elapsed time = 00:00:57, memory = 3458.20 (MB).
    Completing 70% with 4567 violations.
    elapsed time = 00:01:08, memory = 3458.20 (MB).
    Completing 80% with 3786 violations.
    elapsed time = 00:01:21, memory = 3458.20 (MB).
    Completing 90% with 3786 violations.
    elapsed time = 00:01:32, memory = 3458.20 (MB).
    Completing 100% with 3245 violations.
    elapsed time = 00:01:48, memory = 3458.20 (MB).
[INFO DRT-0199]   Number of violations = 3245.
Viol/Layer        mcon   met1    via   met2
Cut Spacing          1      0      0      0
Metal Spacing        0    243      0    240
Short                0   2077      1    683
[INFO DRT-0267] cpu time = 00:01:48, elapsed time = 00:01:48, memory = 3458.20 (MB), peak = 3593.00 (MB)
Total wire length = 770217 um.
Total wire length on LAYER li1 = 0 um.
Total wire length on LAYER met1 = 270383 um.
Total wire length on LAYER met2 = 321829 um.
Total wire length on LAYER met3 = 99222 um.
Total wire length on LAYER met4 = 78487 um.
Total wire length on LAYER met5 = 294 um.
Total number of vias = 143674.
Up-via summary (total 143674):

-------------------------
 FR_MASTERSLICE         0
            li1     57526
           met1     72480
           met2     10797
           met3      2831
           met4        40
-------------------------
               143674


[INFO DRT-0195] Start 2nd optimization iteration.
    Completing 10% with 3245 violations.
    elapsed time = 00:00:05, memory = 3458.20 (MB).
    Completing 20% with 3245 violations.
    elapsed time = 00:00:19, memory = 3458.20 (MB).
    Completing 30% with 3225 violations.
    elapsed time = 00:00:25, memory = 3458.20 (MB).
    Completing 40% with 3225 violations.
    elapsed time = 00:00:32, memory = 3458.20 (MB).
    Completing 50% with 3225 violations.
    elapsed time = 00:00:45, memory = 3458.20 (MB).
    Completing 60% with 3198 violations.
    elapsed time = 00:00:51, memory = 3458.20 (MB).
    Completing 70% with 3198 violations.
    elapsed time = 00:01:04, memory = 3458.20 (MB).
    Completing 80% with 3233 violations.
    elapsed time = 00:01:08, memory = 3458.20 (MB).
    Completing 90% with 3233 violations.
    elapsed time = 00:01:17, memory = 3458.20 (MB).
    Completing 100% with 3174 violations.
    elapsed time = 00:01:25, memory = 3458.20 (MB).
[INFO DRT-0199]   Number of violations = 3174.
Viol/Layer        mcon   met1    via   met2   met3
Cut Spacing          1      0      0      0      0
Metal Spacing        0    229      0    232      1
Short                0   2053      1    657      0
[INFO DRT-0267] cpu time = 00:01:25, elapsed time = 00:01:25, memory = 3458.20 (MB), peak = 3593.00 (MB)
Total wire length = 770067 um.
Total wire length on LAYER li1 = 0 um.
Total wire length on LAYER met1 = 270156 um.
Total wire length on LAYER met2 = 321818 um.
Total wire length on LAYER met3 = 99339 um.
Total wire length on LAYER met4 = 78458 um.
Total wire length on LAYER met5 = 294 um.
Total number of vias = 143567.
Up-via summary (total 143567):

-------------------------
 FR_MASTERSLICE         0
            li1     57530
           met1     72388
           met2     10780
           met3      2829
           met4        40
-------------------------
               143567


[INFO DRT-0195] Start 3rd optimization iteration.
    Completing 10% with 3174 violations.
    elapsed time = 00:00:03, memory = 3458.20 (MB).
    Completing 20% with 3174 violations.
    elapsed time = 00:00:17, memory = 3458.20 (MB).
    Completing 30% with 2566 violations.
    elapsed time = 00:00:24, memory = 3458.20 (MB).
    Completing 40% with 2566 violations.
    elapsed time = 00:00:43, memory = 3458.20 (MB).
    Completing 50% with 2566 violations.
    elapsed time = 00:01:07, memory = 3458.20 (MB).
    Completing 60% with 1855 violations.
    elapsed time = 00:01:10, memory = 3458.20 (MB).
    Completing 70% with 1855 violations.
    elapsed time = 00:01:21, memory = 3458.20 (MB).
    Completing 80% with 1194 violations.
    elapsed time = 00:01:34, memory = 3458.20 (MB).
    Completing 90% with 1194 violations.
    elapsed time = 00:01:51, memory = 3458.20 (MB).
    Completing 100% with 499 violations.
    elapsed time = 00:02:10, memory = 3458.20 (MB).
[INFO DRT-0199]   Number of violations = 499.
Viol/Layer        met1    via   met2   met3
Cut Spacing          0      1      0      0
Metal Spacing      112      0     64      6
Short              198      1    115      2
[INFO DRT-0267] cpu time = 00:02:11, elapsed time = 00:02:11, memory = 3458.20 (MB), peak = 3593.00 (MB)
Total wire length = 769712 um.
Total wire length on LAYER li1 = 0 um.
Total wire length on LAYER met1 = 263912 um.
Total wire length on LAYER met2 = 319195 um.
Total wire length on LAYER met3 = 105213 um.
Total wire length on LAYER met4 = 81096 um.
Total wire length on LAYER met5 = 294 um.
Total number of vias = 144639.
Up-via summary (total 144639):

-------------------------
 FR_MASTERSLICE         0
            li1     57526
           met1     72391
           met2     11635
           met3      3047
           met4        40
-------------------------
               144639


[INFO DRT-0195] Start 4th optimization iteration.
    Completing 10% with 499 violations.
    elapsed time = 00:00:00, memory = 3458.20 (MB).
    Completing 20% with 499 violations.
    elapsed time = 00:00:01, memory = 3458.20 (MB).
    Completing 30% with 439 violations.
    elapsed time = 00:00:04, memory = 3458.20 (MB).
    Completing 40% with 439 violations.
    elapsed time = 00:00:09, memory = 3458.20 (MB).
    Completing 50% with 439 violations.
    elapsed time = 00:00:12, memory = 3458.20 (MB).
    Completing 60% with 328 violations.
    elapsed time = 00:00:12, memory = 3458.20 (MB).
    Completing 70% with 328 violations.
    elapsed time = 00:00:15, memory = 3458.20 (MB).
    Completing 80% with 167 violations.
    elapsed time = 00:00:16, memory = 3458.20 (MB).
    Completing 90% with 167 violations.
    elapsed time = 00:00:21, memory = 3458.20 (MB).
    Completing 100% with 15 violations.
    elapsed time = 00:00:24, memory = 3458.20 (MB).
[INFO DRT-0199]   Number of violations = 15.
Viol/Layer        met1    via
Cut Spacing          0      1
Metal Spacing       10      0
Short                4      0
[INFO DRT-0267] cpu time = 00:00:24, elapsed time = 00:00:24, memory = 3458.20 (MB), peak = 3593.00 (MB)
Total wire length = 769640 um.
Total wire length on LAYER li1 = 0 um.
Total wire length on LAYER met1 = 263522 um.
Total wire length on LAYER met2 = 318903 um.
Total wire length on LAYER met3 = 105605 um.
Total wire length on LAYER met4 = 81315 um.
Total wire length on LAYER met5 = 294 um.
Total number of vias = 144632.
Up-via summary (total 144632):

-------------------------
 FR_MASTERSLICE         0
            li1     57528
           met1     72350
           met2     11647
           met3      3067
           met4        40
-------------------------
               144632


[INFO DRT-0195] Start 5th guides tiles iteration.
    Completing 10% with 15 violations.
    elapsed time = 00:00:00, memory = 3458.20 (MB).
    Completing 20% with 15 violations.
    elapsed time = 00:00:00, memory = 3458.20 (MB).
    Completing 40% with 15 violations.
    elapsed time = 00:00:00, memory = 3458.20 (MB).
    Completing 50% with 2 violations.
    elapsed time = 00:00:00, memory = 3458.20 (MB).
    Completing 70% with 2 violations.
    elapsed time = 00:00:00, memory = 3458.20 (MB).
    Completing 80% with 2 violations.
    elapsed time = 00:00:00, memory = 3458.20 (MB).
    Completing 100% with 0 violations.
    elapsed time = 00:00:00, memory = 3458.20 (MB).
[INFO DRT-0199]   Number of violations = 0.
[INFO DRT-0267] cpu time = 00:00:00, elapsed time = 00:00:00, memory = 3458.20 (MB), peak = 3593.00 (MB)
Total wire length = 769642 um.
Total wire length on LAYER li1 = 0 um.
Total wire length on LAYER met1 = 263523 um.
Total wire length on LAYER met2 = 318902 um.
Total wire length on LAYER met3 = 105609 um.
Total wire length on LAYER met4 = 81311 um.
Total wire length on LAYER met5 = 294 um.
Total number of vias = 144637.
Up-via summary (total 144637):

-------------------------
 FR_MASTERSLICE         0
            li1     57529
           met1     72352
           met2     11649
           met3      3067
           met4        40
-------------------------
               144637


[INFO DRT-0198] Complete detail routing.
Total wire length = 769642 um.
Total wire length on LAYER li1 = 0 um.
Total wire length on LAYER met1 = 263523 um.
Total wire length on LAYER met2 = 318902 um.
Total wire length on LAYER met3 = 105609 um.
Total wire length on LAYER met4 = 81311 um.
Total wire length on LAYER met5 = 294 um.
Total number of vias = 144637.
Up-via summary (total 144637):

-------------------------
 FR_MASTERSLICE         0
            li1     57529
           met1     72352
           met2     11649
           met3      3067
           met4        40
-------------------------
               144637


[INFO DRT-0267] cpu time = 00:08:07, elapsed time = 00:08:07, memory = 3458.20 (MB), peak = 3593.00 (MB)

[INFO DRT-0180] Post processing.
[INFO DRT-0501] Runtime: 667.66s
[INFO ANT-0002] Found 5 net violations.
[INFO ANT-0001] Found 10 pin violations.
[INFO GRT-0012] Found 5 antenna violations.
[INFO DPL-0006] Core area: 366373.88 um^2
[INFO DPL-0007] Movable instances area: 0.00 um^2
[INFO DPL-0008] Fixed instances area within core: 194550.34 um^2
[INFO DPL-0009] Utilization: 53.1%
[INFO DPL-0005] Diamond search max displacement: +/- 500 sites horizontally, +/- 100 rows vertically.
[INFO DPL-1102] Legalizing using negotiation legalizer.
[INFO DPL-1103] Negotiation base search window: +/-20 sites horizontally, +/-5 rows vertically 
	Automatic search window extension enabled.
	Search window extendable up to the max displacement cap of +/-500 sites, +/-100 rows near walls.
[INFO DPL-1104] NegotiationLegalizer DRC penalty: 5.
[INFO DPL-0392] Negotiation cell height distribution (1 unique row-count(s)):
[INFO DPL-0393]   height 1 row(s): 20722 cells
[INFO DPL-0500] Runtime: 0.07s
[INFO GRT-0015] Inserted 10 diodes.
[WARNING DRT-0120] Large net net2974 has 107 pins which may impact routing performance. Consider optimization.
[WARNING DRT-0120] Large net net513 has 133 pins which may impact routing performance. Consider optimization.
[WARNING DRT-0120] Large net net2740 has 267 pins which may impact routing performance. Consider optimization.
[WARNING DRT-0120] Large net net2927 has 153 pins which may impact routing performance. Consider optimization.
[WARNING DRT-0120] Large net net2969 has 110 pins which may impact routing performance. Consider optimization.
[WARNING DRT-0120] Large net net3070 has 258 pins which may impact routing performance. Consider optimization.
[WARNING DRT-0120] Large net net3071 has 120 pins which may impact routing performance. Consider optimization.
[WARNING DRT-0120] Large net net3100 has 138 pins which may impact routing performance. Consider optimization.
[WARNING DRT-0120] Large net net3099 has 155 pins which may impact routing performance. Consider optimization.
[WARNING DRT-0120] Large net net3093 has 140 pins which may impact routing performance. Consider optimization.
[WARNING DRT-0120] Large net net3092 has 160 pins which may impact routing performance. Consider optimization.
[WARNING DRT-0120] Large net net3115 has 121 pins which may impact routing performance. Consider optimization.
[WARNING DRT-0120] Large net net3113 has 152 pins which may impact routing performance. Consider optimization.
[WARNING DRT-0120] Large net net3111 has 143 pins which may impact routing performance. Consider optimization.
[WARNING DRT-0120] Large net net3108 has 112 pins which may impact routing performance. Consider optimization.
[WARNING DRT-0120] Large net net3107 has 143 pins which may impact routing performance. Consider optimization.
[WARNING DRT-0120] Large net net3101 has 145 pins which may impact routing performance. Consider optimization.
[INFO DRT-0024]   Complete FR_MASTERSLICE.
[INFO DRT-0024]   Complete Fr_VIA.
[INFO DRT-0024]   Complete li1.
[INFO DRT-0024]   Complete mcon.
[INFO DRT-0024]   Complete met1.
[INFO DRT-0024]   Complete via.
[INFO DRT-0024]   Complete met2.
[INFO DRT-0024]   Complete via2.
[INFO DRT-0024]   Complete met3.
[INFO DRT-0024]   Complete via3.
[INFO DRT-0024]   Complete met4.
[INFO DRT-0024]   Complete via4.
[INFO DRT-0024]   Complete met5.
[INFO DRT-0165] Start pin access.
[INFO DRT-0076]   Complete 1000 pins.
[INFO DRT-0078]   Complete 1775 pins.
[INFO DRT-0079]   Complete 100 unique inst patterns.
[INFO DRT-0079]   Complete 200 unique inst patterns.
[INFO DRT-0081]   Complete 224 unique inst patterns.
[INFO DRT-0082]   Complete 10000 groups.
[INFO DRT-0084]   Complete 10741 groups.
#scanned instances     = 20722
#unique  instances     = 224
#stdCellGenAp          = 7814
#stdCellValidPlanarAp  = 104
#stdCellValidViaAp     = 5294
#stdCellPinNoAp        = 6
#stdCellPinCnt         = 61585
#instTermValidViaApCnt = 0
#macroGenAp            = 0
#macroValidPlanarAp    = 0
#macroValidViaAp       = 0
#macroNoAp             = 0
[INFO DRT-0166] Complete pin access.
[INFO DRT-0267] cpu time = 00:02:54, elapsed time = 00:02:54, memory = 3458.20 (MB), peak = 3593.00 (MB)
[INFO DRT-0156] guideIn read 100000 guides.

[INFO DRT-0157] Number of guides:     150794

[INFO DRT-0169] Post process guides.
[INFO DRT-0176] GCELLGRID X 0 DO 88 STEP 6900 ;
[INFO DRT-0177] GCELLGRID Y 0 DO 88 STEP 6900 ;
[INFO DRT-0026]   Complete 100000 origin guides.
[INFO DRT-0028]   Complete FR_MASTERSLICE.
[INFO DRT-0028]   Complete Fr_VIA.
[INFO DRT-0028]   Complete li1.
[INFO DRT-0028]   Complete mcon.
[INFO DRT-0028]   Complete met1.
[INFO DRT-0028]   Complete via.
[INFO DRT-0028]   Complete met2.
[INFO DRT-0028]   Complete via2.
[INFO DRT-0028]   Complete met3.
[INFO DRT-0028]   Complete via3.
[INFO DRT-0028]   Complete met4.
[INFO DRT-0028]   Complete via4.
[INFO DRT-0028]   Complete met5.
[INFO DRT-0178] Init guide query.
[INFO DRT-0035]   Complete FR_MASTERSLICE (guide).
[INFO DRT-0035]   Complete Fr_VIA (guide).
[INFO DRT-0035]   Complete li1 (guide).
[INFO DRT-0035]   Complete mcon (guide).
[INFO DRT-0035]   Complete met1 (guide).
[INFO DRT-0035]   Complete via (guide).
[INFO DRT-0035]   Complete met2 (guide).
[INFO DRT-0035]   Complete via2 (guide).
[INFO DRT-0035]   Complete met3 (guide).
[INFO DRT-0035]   Complete via3 (guide).
[INFO DRT-0035]   Complete met4 (guide).
[INFO DRT-0035]   Complete via4 (guide).
[INFO DRT-0035]   Complete met5 (guide).
[INFO DRT-0036] FR_MASTERSLICE guide region query size = 0.
[INFO DRT-0036] FR_VIA guide region query size = 0.
[INFO DRT-0036] li1 guide region query size = 46787.
[INFO DRT-0036] mcon guide region query size = 0.
[INFO DRT-0036] met1 guide region query size = 44739.
[INFO DRT-0036] via guide region query size = 0.
[INFO DRT-0036] met2 guide region query size = 23678.
[INFO DRT-0036] via2 guide region query size = 0.
[INFO DRT-0036] met3 guide region query size = 3080.
[INFO DRT-0036] via3 guide region query size = 0.
[INFO DRT-0036] met4 guide region query size = 1319.
[INFO DRT-0036] via4 guide region query size = 0.
[INFO DRT-0036] met5 guide region query size = 28.
[INFO DRT-0179] Init gr pin query.
[INFO DRT-0267] cpu time = 00:00:00, elapsed time = 00:00:00, memory = 3458.20 (MB), peak = 3593.00 (MB)
[INFO DRT-0245] skipped writing guide updates to database.
[INFO DRT-0181] Start track assignment.
[INFO DRT-0184] Done with 71784 vertical wires in 2 frboxes and 47847 horizontal wires in 2 frboxes.
[INFO DRT-0186] Done with 11064 vertical wires in 2 frboxes and 18643 horizontal wires in 2 frboxes.
[INFO DRT-0182] Complete track assignment.
[INFO DRT-0267] cpu time = 00:00:05, elapsed time = 00:00:05, memory = 3458.20 (MB), peak = 3593.00 (MB)
[INFO DRT-0187] Start routing data preparation.
[INFO DRT-0267] cpu time = 00:00:00, elapsed time = 00:00:00, memory = 3458.20 (MB), peak = 3593.00 (MB)
[INFO DRT-0194] Start detail routing.
[INFO DRT-0195] Start 0th optimization iteration.
    Completing 10% with 0 violations.
    elapsed time = 00:00:05, memory = 3458.20 (MB).
    Completing 20% with 0 violations.
    elapsed time = 00:00:16, memory = 3458.20 (MB).
    Completing 30% with 474 violations.
    elapsed time = 00:00:22, memory = 3458.20 (MB).
    Completing 40% with 474 violations.
    elapsed time = 00:00:31, memory = 3458.20 (MB).
    Completing 50% with 474 violations.
    elapsed time = 00:00:44, memory = 3458.20 (MB).
    Completing 60% with 852 violations.
    elapsed time = 00:00:48, memory = 3458.20 (MB).
    Completing 70% with 852 violations.
    elapsed time = 00:00:57, memory = 3458.20 (MB).
    Completing 80% with 1319 violations.
    elapsed time = 00:01:09, memory = 3458.20 (MB).
    Completing 90% with 1319 violations.
    elapsed time = 00:01:20, memory = 3458.20 (MB).
    Completing 100% with 1679 violations.
    elapsed time = 00:01:34, memory = 3458.20 (MB).
[INFO DRT-0199]   Number of violations = 1915.
Viol/Layer        mcon   met1    via   met2   met3
Cut Spacing          1      0      0      0      0
Metal Spacing        0    162      0     87      1
Min Hole             0      2      0      0      0
Recheck              0    124      0    107      5
Short                0    963      1    461      1
[INFO DRT-0267] cpu time = 00:01:34, elapsed time = 00:01:34, memory = 3458.20 (MB), peak = 3593.00 (MB)
Total wire length = 770138 um.
Total wire length on LAYER li1 = 0 um.
Total wire length on LAYER met1 = 266258 um.
Total wire length on LAYER met2 = 319770 um.
Total wire length on LAYER met3 = 103220 um.
Total wire length on LAYER met4 = 80594 um.
Total wire length on LAYER met5 = 294 um.
Total number of vias = 144725.
Up-via summary (total 144725):

-------------------------
 FR_MASTERSLICE         0
            li1     57546
           met1     72676
           met2     11460
           met3      3003
           met4        40
-------------------------
               144725


[INFO DRT-0195] Start 1st optimization iteration.
    Completing 10% with 1915 violations.
    elapsed time = 00:00:03, memory = 3458.20 (MB).
    Completing 20% with 1915 violations.
    elapsed time = 00:00:11, memory = 3458.20 (MB).
    Completing 30% with 1577 violations.
    elapsed time = 00:00:18, memory = 3458.20 (MB).
    Completing 40% with 1577 violations.
    elapsed time = 00:00:23, memory = 3458.20 (MB).
    Completing 50% with 1577 violations.
    elapsed time = 00:00:34, memory = 3458.20 (MB).
    Completing 60% with 1218 violations.
    elapsed time = 00:00:39, memory = 3458.20 (MB).
    Completing 70% with 1218 violations.
    elapsed time = 00:00:47, memory = 3458.20 (MB).
    Completing 80% with 898 violations.
    elapsed time = 00:00:56, memory = 3458.20 (MB).
    Completing 90% with 898 violations.
    elapsed time = 00:01:05, memory = 3458.20 (MB).
    Completing 100% with 525 violations.
    elapsed time = 00:01:16, memory = 3458.20 (MB).
[INFO DRT-0199]   Number of violations = 525.
Viol/Layer        mcon   met1    via   met2   met3
Cut Spacing          1      0      2      0      0
Metal Spacing        0     37      0     26      2
Short                0    340      0    113      4
[INFO DRT-0267] cpu time = 00:01:17, elapsed time = 00:01:17, memory = 3458.20 (MB), peak = 3593.00 (MB)
Total wire length = 769765 um.
Total wire length on LAYER li1 = 0 um.
Total wire length on LAYER met1 = 265671 um.
Total wire length on LAYER met2 = 319546 um.
Total wire length on LAYER met3 = 103565 um.
Total wire length on LAYER met4 = 80686 um.
Total wire length on LAYER met5 = 294 um.
Total number of vias = 144611.
Up-via summary (total 144611):

-------------------------
 FR_MASTERSLICE         0
            li1     57542
           met1     72536
           met2     11484
           met3      3009
           met4        40
-------------------------
               144611


[INFO DRT-0195] Start 2nd optimization iteration.
    Completing 10% with 525 violations.
    elapsed time = 00:00:01, memory = 3458.20 (MB).
    Completing 20% with 525 violations.
    elapsed time = 00:00:07, memory = 3458.20 (MB).
    Completing 30% with 505 violations.
    elapsed time = 00:00:12, memory = 3458.20 (MB).
    Completing 40% with 505 violations.
    elapsed time = 00:00:15, memory = 3458.20 (MB).
    Completing 50% with 505 violations.
    elapsed time = 00:00:25, memory = 3458.20 (MB).
    Completing 60% with 515 violations.
    elapsed time = 00:00:26, memory = 3458.20 (MB).
    Completing 70% with 515 violations.
    elapsed time = 00:00:33, memory = 3458.20 (MB).
    Completing 80% with 508 violations.
    elapsed time = 00:00:35, memory = 3458.20 (MB).
    Completing 90% with 508 violations.
    elapsed time = 00:00:40, memory = 3458.20 (MB).
    Completing 100% with 438 violations.
    elapsed time = 00:00:46, memory = 3458.20 (MB).
[INFO DRT-0199]   Number of violations = 438.
Viol/Layer        met1   met2   met3
Metal Spacing       37     28      0
Short              264    107      2
[INFO DRT-0267] cpu time = 00:00:46, elapsed time = 00:00:46, memory = 3458.20 (MB), peak = 3593.00 (MB)
Total wire length = 769687 um.
Total wire length on LAYER li1 = 0 um.
Total wire length on LAYER met1 = 265524 um.
Total wire length on LAYER met2 = 319551 um.
Total wire length on LAYER met3 = 103639 um.
Total wire length on LAYER met4 = 80677 um.
Total wire length on LAYER met5 = 294 um.
Total number of vias = 144542.
Up-via summary (total 144542):

-------------------------
 FR_MASTERSLICE         0
            li1     57542
           met1     72493
           met2     11459
           met3      3008
           met4        40
-------------------------
               144542


[INFO DRT-0195] Start 3rd optimization iteration.
    Completing 10% with 438 violations.
    elapsed time = 00:00:00, memory = 3458.20 (MB).
    Completing 20% with 438 violations.
    elapsed time = 00:00:05, memory = 3458.20 (MB).
    Completing 30% with 351 violations.
    elapsed time = 00:00:08, memory = 3458.20 (MB).
    Completing 40% with 351 violations.
    elapsed time = 00:00:13, memory = 3458.20 (MB).
    Completing 50% with 351 violations.
    elapsed time = 00:00:20, memory = 3458.20 (MB).
    Completing 60% with 268 violations.
    elapsed time = 00:00:21, memory = 3458.20 (MB).
    Completing 70% with 268 violations.
    elapsed time = 00:00:24, memory = 3458.20 (MB).
    Completing 80% with 140 violations.
    elapsed time = 00:00:31, memory = 3458.20 (MB).
    Completing 90% with 140 violations.
    elapsed time = 00:00:35, memory = 3458.20 (MB).
    Completing 100% with 19 violations.
    elapsed time = 00:00:42, memory = 3458.20 (MB).
[INFO DRT-0199]   Number of violations = 19.
Viol/Layer        met1   met2
Metal Spacing        5      2
Short                2     10
[INFO DRT-0267] cpu time = 00:00:42, elapsed time = 00:00:42, memory = 3458.20 (MB), peak = 3593.00 (MB)
Total wire length = 769679 um.
Total wire length on LAYER li1 = 0 um.
Total wire length on LAYER met1 = 263983 um.
Total wire length on LAYER met2 = 319040 um.
Total wire length on LAYER met3 = 105183 um.
Total wire length on LAYER met4 = 81177 um.
Total wire length on LAYER met5 = 294 um.
Total number of vias = 144731.
Up-via summary (total 144731):

-------------------------
 FR_MASTERSLICE         0
            li1     57538
           met1     72448
           met2     11652
           met3      3053
           met4        40
-------------------------
               144731


[INFO DRT-0195] Start 4th guides tiles iteration.
    Completing 10% with 19 violations.
    elapsed time = 00:00:00, memory = 3458.20 (MB).
    Completing 20% with 19 violations.
    elapsed time = 00:00:00, memory = 3458.20 (MB).
    Completing 30% with 19 violations.
    elapsed time = 00:00:00, memory = 3458.20 (MB).
    Completing 40% with 19 violations.
    elapsed time = 00:00:00, memory = 3458.20 (MB).
    Completing 50% with 0 violations.
    elapsed time = 00:00:00, memory = 3458.20 (MB).
    Completing 60% with 0 violations.
    elapsed time = 00:00:00, memory = 3458.20 (MB).
    Completing 70% with 0 violations.
    elapsed time = 00:00:00, memory = 3458.20 (MB).
    Completing 80% with 0 violations.
    elapsed time = 00:00:00, memory = 3458.20 (MB).
    Completing 90% with 0 violations.
    elapsed time = 00:00:00, memory = 3458.20 (MB).
    Completing 100% with 0 violations.
    elapsed time = 00:00:00, memory = 3458.20 (MB).
[INFO DRT-0199]   Number of violations = 0.
[INFO DRT-0267] cpu time = 00:00:00, elapsed time = 00:00:00, memory = 3458.20 (MB), peak = 3593.00 (MB)
Total wire length = 769679 um.
Total wire length on LAYER li1 = 0 um.
Total wire length on LAYER met1 = 263957 um.
Total wire length on LAYER met2 = 319015 um.
Total wire length on LAYER met3 = 105206 um.
Total wire length on LAYER met4 = 81205 um.
Total wire length on LAYER met5 = 294 um.
Total number of vias = 144744.
Up-via summary (total 144744):

-------------------------
 FR_MASTERSLICE         0
            li1     57538
           met1     72449
           met2     11658
           met3      3059
           met4        40
-------------------------
               144744


[INFO DRT-0198] Complete detail routing.
Total wire length = 769679 um.
Total wire length on LAYER li1 = 0 um.
Total wire length on LAYER met1 = 263957 um.
Total wire length on LAYER met2 = 319015 um.
Total wire length on LAYER met3 = 105206 um.
Total wire length on LAYER met4 = 81205 um.
Total wire length on LAYER met5 = 294 um.
Total number of vias = 144744.
Up-via summary (total 144744):

-------------------------
 FR_MASTERSLICE         0
            li1     57538
           met1     72449
           met2     11658
           met3      3059
           met4        40
-------------------------
               144744


[INFO DRT-0267] cpu time = 00:04:21, elapsed time = 00:04:21, memory = 3458.20 (MB), peak = 3593.00 (MB)

[INFO DRT-0180] Post processing.
[INFO DRT-0501] Runtime: 442.66s
[INFO ANT-0002] Found 1 net violations.
[INFO ANT-0001] Found 1 pin violations.
[INFO GRT-0012] Found 1 antenna violations.
[INFO DPL-0006] Core area: 366373.88 um^2
[INFO DPL-0007] Movable instances area: 0.00 um^2
[INFO DPL-0008] Fixed instances area within core: 194552.84 um^2
[INFO DPL-0009] Utilization: 53.1%
[INFO DPL-0005] Diamond search max displacement: +/- 500 sites horizontally, +/- 100 rows vertically.
[INFO DPL-1102] Legalizing using negotiation legalizer.
[INFO DPL-1103] Negotiation base search window: +/-20 sites horizontally, +/-5 rows vertically 
	Automatic search window extension enabled.
	Search window extendable up to the max displacement cap of +/-500 sites, +/-100 rows near walls.
[INFO DPL-1104] NegotiationLegalizer DRC penalty: 5.
[INFO DPL-0392] Negotiation cell height distribution (1 unique row-count(s)):
[INFO DPL-0393]   height 1 row(s): 20723 cells
[INFO DPL-0500] Runtime: 0.08s
[INFO GRT-0015] Inserted 1 diodes.
[WARNING DRT-0120] Large net net2974 has 107 pins which may impact routing performance. Consider optimization.
[WARNING DRT-0120] Large net net513 has 133 pins which may impact routing performance. Consider optimization.
[WARNING DRT-0120] Large net net2740 has 267 pins which may impact routing performance. Consider optimization.
[WARNING DRT-0120] Large net net2927 has 153 pins which may impact routing performance. Consider optimization.
[WARNING DRT-0120] Large net net2969 has 110 pins which may impact routing performance. Consider optimization.
[WARNING DRT-0120] Large net net3070 has 258 pins which may impact routing performance. Consider optimization.
[WARNING DRT-0120] Large net net3071 has 120 pins which may impact routing performance. Consider optimization.
[WARNING DRT-0120] Large net net3100 has 138 pins which may impact routing performance. Consider optimization.
[WARNING DRT-0120] Large net net3099 has 155 pins which may impact routing performance. Consider optimization.
[WARNING DRT-0120] Large net net3093 has 140 pins which may impact routing performance. Consider optimization.
[WARNING DRT-0120] Large net net3092 has 160 pins which may impact routing performance. Consider optimization.
[WARNING DRT-0120] Large net net3115 has 121 pins which may impact routing performance. Consider optimization.
[WARNING DRT-0120] Large net net3113 has 152 pins which may impact routing performance. Consider optimization.
[WARNING DRT-0120] Large net net3111 has 143 pins which may impact routing performance. Consider optimization.
[WARNING DRT-0120] Large net net3108 has 112 pins which may impact routing performance. Consider optimization.
[WARNING DRT-0120] Large net net3107 has 143 pins which may impact routing performance. Consider optimization.
[WARNING DRT-0120] Large net net3101 has 145 pins which may impact routing performance. Consider optimization.
[INFO DRT-0024]   Complete FR_MASTERSLICE.
[INFO DRT-0024]   Complete Fr_VIA.
[INFO DRT-0024]   Complete li1.
[INFO DRT-0024]   Complete mcon.
[INFO DRT-0024]   Complete met1.
[INFO DRT-0024]   Complete via.
[INFO DRT-0024]   Complete met2.
[INFO DRT-0024]   Complete via2.
[INFO DRT-0024]   Complete met3.
[INFO DRT-0024]   Complete via3.
[INFO DRT-0024]   Complete met4.
[INFO DRT-0024]   Complete via4.
[INFO DRT-0024]   Complete met5.
[INFO DRT-0165] Start pin access.
[INFO DRT-0076]   Complete 1000 pins.
[INFO DRT-0078]   Complete 1775 pins.
[INFO DRT-0079]   Complete 100 unique inst patterns.
[INFO DRT-0079]   Complete 200 unique inst patterns.
[INFO DRT-0081]   Complete 224 unique inst patterns.
[INFO DRT-0082]   Complete 10000 groups.
[INFO DRT-0084]   Complete 10740 groups.
#scanned instances     = 20723
#unique  instances     = 224
#stdCellGenAp          = 7814
#stdCellValidPlanarAp  = 104
#stdCellValidViaAp     = 5294
#stdCellPinNoAp        = 6
#stdCellPinCnt         = 61585
#instTermValidViaApCnt = 0
#macroGenAp            = 0
#macroValidPlanarAp    = 0
#macroValidViaAp       = 0
#macroNoAp             = 0
[INFO DRT-0166] Complete pin access.
[INFO DRT-0267] cpu time = 00:02:48, elapsed time = 00:02:48, memory = 3458.38 (MB), peak = 3593.00 (MB)
[INFO DRT-0156] guideIn read 100000 guides.

[INFO DRT-0157] Number of guides:     150798

[INFO DRT-0169] Post process guides.
[INFO DRT-0176] GCELLGRID X 0 DO 88 STEP 6900 ;
[INFO DRT-0177] GCELLGRID Y 0 DO 88 STEP 6900 ;
[INFO DRT-0026]   Complete 100000 origin guides.
[INFO DRT-0028]   Complete FR_MASTERSLICE.
[INFO DRT-0028]   Complete Fr_VIA.
[INFO DRT-0028]   Complete li1.
[INFO DRT-0028]   Complete mcon.
[INFO DRT-0028]   Complete met1.
[INFO DRT-0028]   Complete via.
[INFO DRT-0028]   Complete met2.
[INFO DRT-0028]   Complete via2.
[INFO DRT-0028]   Complete met3.
[INFO DRT-0028]   Complete via3.
[INFO DRT-0028]   Complete met4.
[INFO DRT-0028]   Complete via4.
[INFO DRT-0028]   Complete met5.
[INFO DRT-0178] Init guide query.
[INFO DRT-0035]   Complete FR_MASTERSLICE (guide).
[INFO DRT-0035]   Complete Fr_VIA (guide).
[INFO DRT-0035]   Complete li1 (guide).
[INFO DRT-0035]   Complete mcon (guide).
[INFO DRT-0035]   Complete met1 (guide).
[INFO DRT-0035]   Complete via (guide).
[INFO DRT-0035]   Complete met2 (guide).
[INFO DRT-0035]   Complete via2 (guide).
[INFO DRT-0035]   Complete met3 (guide).
[INFO DRT-0035]   Complete via3 (guide).
[INFO DRT-0035]   Complete met4 (guide).
[INFO DRT-0035]   Complete via4 (guide).
[INFO DRT-0035]   Complete met5 (guide).
[INFO DRT-0036] FR_MASTERSLICE guide region query size = 0.
[INFO DRT-0036] FR_VIA guide region query size = 0.
[INFO DRT-0036] li1 guide region query size = 46787.
[INFO DRT-0036] mcon guide region query size = 0.
[INFO DRT-0036] met1 guide region query size = 44740.
[INFO DRT-0036] via guide region query size = 0.
[INFO DRT-0036] met2 guide region query size = 23678.
[INFO DRT-0036] via2 guide region query size = 0.
[INFO DRT-0036] met3 guide region query size = 3080.
[INFO DRT-0036] via3 guide region query size = 0.
[INFO DRT-0036] met4 guide region query size = 1319.
[INFO DRT-0036] via4 guide region query size = 0.
[INFO DRT-0036] met5 guide region query size = 28.
[INFO DRT-0179] Init gr pin query.
[INFO DRT-0267] cpu time = 00:00:00, elapsed time = 00:00:00, memory = 3458.38 (MB), peak = 3593.00 (MB)
[INFO DRT-0245] skipped writing guide updates to database.
[INFO DRT-0181] Start track assignment.
[INFO DRT-0184] Done with 71784 vertical wires in 2 frboxes and 47848 horizontal wires in 2 frboxes.
[INFO DRT-0186] Done with 11003 vertical wires in 2 frboxes and 18726 horizontal wires in 2 frboxes.
[INFO DRT-0182] Complete track assignment.
[INFO DRT-0267] cpu time = 00:00:05, elapsed time = 00:00:05, memory = 3458.38 (MB), peak = 3593.00 (MB)
[INFO DRT-0187] Start routing data preparation.
[INFO DRT-0267] cpu time = 00:00:00, elapsed time = 00:00:00, memory = 3458.38 (MB), peak = 3593.00 (MB)
[INFO DRT-0194] Start detail routing.
[INFO DRT-0195] Start 0th optimization iteration.
    Completing 10% with 0 violations.
    elapsed time = 00:00:04, memory = 3458.38 (MB).
    Completing 20% with 0 violations.
    elapsed time = 00:00:10, memory = 3458.38 (MB).
    Completing 30% with 124 violations.
    elapsed time = 00:00:14, memory = 3458.38 (MB).
    Completing 40% with 124 violations.
    elapsed time = 00:00:21, memory = 3458.38 (MB).
    Completing 50% with 124 violations.
    elapsed time = 00:00:29, memory = 3458.38 (MB).
    Completing 60% with 249 violations.
    elapsed time = 00:00:33, memory = 3458.38 (MB).
    Completing 70% with 249 violations.
    elapsed time = 00:00:39, memory = 3458.38 (MB).
    Completing 80% with 354 violations.
    elapsed time = 00:00:45, memory = 3458.38 (MB).
    Completing 90% with 354 violations.
    elapsed time = 00:00:53, memory = 3458.38 (MB).
    Completing 100% with 486 violations.
    elapsed time = 00:01:02, memory = 3458.38 (MB).
[INFO DRT-0199]   Number of violations = 540.
Viol/Layer        met1    via   met2   met3
Cut Spacing          0      1      0      0
Metal Spacing       54      0     36      1
Min Hole             3      0      0      0
Recheck             29      0     24      1
Short              240      0    151      0
[INFO DRT-0267] cpu time = 00:01:03, elapsed time = 00:01:03, memory = 3458.38 (MB), peak = 3593.00 (MB)
Total wire length = 769779 um.
Total wire length on LAYER li1 = 0 um.
Total wire length on LAYER met1 = 264381 um.
Total wire length on LAYER met2 = 319314 um.
Total wire length on LAYER met3 = 104830 um.
Total wire length on LAYER met4 = 80958 um.
Total wire length on LAYER met5 = 294 um.
Total number of vias = 144659.
Up-via summary (total 144659):

-------------------------
 FR_MASTERSLICE         0
            li1     57538
           met1     72448
           met2     11596
           met3      3037
           met4        40
-------------------------
               144659


[INFO DRT-0195] Start 1st optimization iteration.
    Completing 10% with 540 violations.
    elapsed time = 00:00:03, memory = 3458.38 (MB).
    Completing 20% with 540 violations.
    elapsed time = 00:00:09, memory = 3458.38 (MB).
    Completing 30% with 508 violations.
    elapsed time = 00:00:14, memory = 3458.38 (MB).
    Completing 40% with 508 violations.
    elapsed time = 00:00:19, memory = 3458.38 (MB).
    Completing 50% with 508 violations.
    elapsed time = 00:00:27, memory = 3458.38 (MB).
    Completing 60% with 431 violations.
    elapsed time = 00:00:31, memory = 3458.38 (MB).
    Completing 70% with 431 violations.
    elapsed time = 00:00:37, memory = 3458.38 (MB).
    Completing 80% with 402 violations.
    elapsed time = 00:00:45, memory = 3458.38 (MB).
    Completing 90% with 402 violations.
    elapsed time = 00:00:52, memory = 3458.38 (MB).
    Completing 100% with 351 violations.
    elapsed time = 00:01:00, memory = 3458.38 (MB).
[INFO DRT-0199]   Number of violations = 351.
Viol/Layer        met1   met2
Metal Spacing       35     22
Short              234     60
[INFO DRT-0267] cpu time = 00:01:00, elapsed time = 00:01:00, memory = 3458.38 (MB), peak = 3593.00 (MB)
Total wire length = 769776 um.
Total wire length on LAYER li1 = 0 um.
Total wire length on LAYER met1 = 264421 um.
Total wire length on LAYER met2 = 319276 um.
Total wire length on LAYER met3 = 104809 um.
Total wire length on LAYER met4 = 80974 um.
Total wire length on LAYER met5 = 294 um.
Total number of vias = 144661.
Up-via summary (total 144661):

-------------------------
 FR_MASTERSLICE         0
            li1     57538
           met1     72448
           met2     11595
           met3      3040
           met4        40
-------------------------
               144661


[INFO DRT-0195] Start 2nd optimization iteration.
    Completing 10% with 351 violations.
    elapsed time = 00:00:00, memory = 3458.38 (MB).
    Completing 20% with 351 violations.
    elapsed time = 00:00:01, memory = 3458.38 (MB).
    Completing 30% with 290 violations.
    elapsed time = 00:00:04, memory = 3458.38 (MB).
    Completing 40% with 290 violations.
    elapsed time = 00:00:04, memory = 3458.38 (MB).
    Completing 50% with 290 violations.
    elapsed time = 00:00:08, memory = 3458.38 (MB).
    Completing 60% with 288 violations.
    elapsed time = 00:00:08, memory = 3458.38 (MB).
    Completing 70% with 288 violations.
    elapsed time = 00:00:10, memory = 3458.38 (MB).
    Completing 80% with 289 violations.
    elapsed time = 00:00:11, memory = 3458.38 (MB).
    Completing 90% with 289 violations.
    elapsed time = 00:00:13, memory = 3458.38 (MB).
    Completing 100% with 215 violations.
    elapsed time = 00:00:16, memory = 3458.38 (MB).
[INFO DRT-0199]   Number of violations = 215.
Viol/Layer        met1   met2
Metal Spacing       26     15
Short              141     33
[INFO DRT-0267] cpu time = 00:00:16, elapsed time = 00:00:16, memory = 3458.38 (MB), peak = 3593.00 (MB)
Total wire length = 769722 um.
Total wire length on LAYER li1 = 0 um.
Total wire length on LAYER met1 = 264374 um.
Total wire length on LAYER met2 = 319262 um.
Total wire length on LAYER met3 = 104818 um.
Total wire length on LAYER met4 = 80972 um.
Total wire length on LAYER met5 = 294 um.
Total number of vias = 144642.
Up-via summary (total 144642):

-------------------------
 FR_MASTERSLICE         0
            li1     57538
           met1     72429
           met2     11595
           met3      3040
           met4        40
-------------------------
               144642


[INFO DRT-0195] Start 3rd optimization iteration.
    Completing 10% with 215 violations.
    elapsed time = 00:00:00, memory = 3458.38 (MB).
    Completing 20% with 215 violations.
    elapsed time = 00:00:01, memory = 3458.38 (MB).
    Completing 30% with 176 violations.
    elapsed time = 00:00:03, memory = 3458.38 (MB).
    Completing 40% with 176 violations.
    elapsed time = 00:00:06, memory = 3458.38 (MB).
    Completing 50% with 176 violations.
    elapsed time = 00:00:09, memory = 3458.38 (MB).
    Completing 60% with 100 violations.
    elapsed time = 00:00:09, memory = 3458.38 (MB).
    Completing 70% with 100 violations.
    elapsed time = 00:00:09, memory = 3458.38 (MB).
    Completing 80% with 71 violations.
    elapsed time = 00:00:12, memory = 3458.38 (MB).
    Completing 90% with 71 violations.
    elapsed time = 00:00:14, memory = 3458.38 (MB).
    Completing 100% with 4 violations.
    elapsed time = 00:00:16, memory = 3458.38 (MB).
[INFO DRT-0199]   Number of violations = 4.
Viol/Layer        met1
Metal Spacing        1
Short                3
[INFO DRT-0267] cpu time = 00:00:16, elapsed time = 00:00:16, memory = 3458.38 (MB), peak = 3593.00 (MB)
Total wire length = 769655 um.
Total wire length on LAYER li1 = 0 um.
Total wire length on LAYER met1 = 263978 um.
Total wire length on LAYER met2 = 319110 um.
Total wire length on LAYER met3 = 105178 um.
Total wire length on LAYER met4 = 81094 um.
Total wire length on LAYER met5 = 294 um.
Total number of vias = 144720.
Up-via summary (total 144720):

-------------------------
 FR_MASTERSLICE         0
            li1     57538
           met1     72444
           met2     11653
           met3      3045
           met4        40
-------------------------
               144720


[INFO DRT-0195] Start 4th guides tiles iteration.
    Completing 20% with 4 violations.
    elapsed time = 00:00:00, memory = 3458.38 (MB).
    Completing 50% with 4 violations.
    elapsed time = 00:00:00, memory = 3458.38 (MB).
    Completing 70% with 0 violations.
    elapsed time = 00:00:00, memory = 3458.38 (MB).
    Completing 100% with 0 violations.
    elapsed time = 00:00:00, memory = 3458.38 (MB).
[INFO DRT-0199]   Number of violations = 0.
[INFO DRT-0267] cpu time = 00:00:00, elapsed time = 00:00:00, memory = 3458.38 (MB), peak = 3593.00 (MB)
Total wire length = 769644 um.
Total wire length on LAYER li1 = 0 um.
Total wire length on LAYER met1 = 263948 um.
Total wire length on LAYER met2 = 319108 um.
Total wire length on LAYER met3 = 105198 um.
Total wire length on LAYER met4 = 81094 um.
Total wire length on LAYER met5 = 294 um.
Total number of vias = 144722.
Up-via summary (total 144722):

-------------------------
 FR_MASTERSLICE         0
            li1     57538
           met1     72444
           met2     11655
           met3      3045
           met4        40
-------------------------
               144722


[INFO DRT-0198] Complete detail routing.
Total wire length = 769644 um.
Total wire length on LAYER li1 = 0 um.
Total wire length on LAYER met1 = 263948 um.
Total wire length on LAYER met2 = 319108 um.
Total wire length on LAYER met3 = 105198 um.
Total wire length on LAYER met4 = 81094 um.
Total wire length on LAYER met5 = 294 um.
Total number of vias = 144722.
Up-via summary (total 144722):

-------------------------
 FR_MASTERSLICE         0
            li1     57538
           met1     72444
           met2     11655
           met3      3045
           met4        40
-------------------------
               144722


[INFO DRT-0267] cpu time = 00:02:37, elapsed time = 00:02:37, memory = 3458.38 (MB), peak = 3593.00 (MB)

[INFO DRT-0180] Post processing.
[INFO DRT-0501] Runtime: 332.08s
[INFO ANT-0002] Found 0 net violations.
[INFO ANT-0001] Found 0 pin violations.
[INFO ANT-0002] Found 0 net violations.
[INFO ANT-0001] Found 0 pin violations.
Design area 194553 um^2 53% utilization.
write_db ./results/sky130hd/chia_sha256_benchmark_corrupted/slot1/5_2_route.odb
Log                       Ext     Elapsed/s Peak Memory/MB sha1sum result [0:20)
5_2_route                 .odb         3978           3593 6a9e3d25dafc15e3ecb7
/root/OpenROAD-flow-scripts/flow/scripts/flow.sh 5_3_fillcell fillcell
Running fillcell.tcl, stage 5_3_fillcell
read_liberty /root/OpenROAD-flow-scripts/flow/platforms/sky130hd/lib/sky130_fd_sc_hd__tt_025C_1v80.lib
read_db ./results/sky130hd/chia_sha256_benchmark_corrupted/slot1/5_2_route.odb
read_sdc ./results/sky130hd/chia_sha256_benchmark_corrupted/slot1/5_1_grt.sdc
source /root/OpenROAD-flow-scripts/flow/platforms/sky130hd/setRC.tcl
[WARNING STA-0450] virtual clock vclk can not be propagated.
filler_placement "sky130_fd_sc_hd__fill_1 sky130_fd_sc_hd__fill_2 sky130_fd_sc_hd__fill_4 sky130_fd_sc_hd__fill_8"
[INFO DPL-0001] Placed 31437 filler instances.
Design area 194553 um^2 53% utilization.
write_db ./results/sky130hd/chia_sha256_benchmark_corrupted/slot1/5_3_fillcell.odb
Log                       Ext     Elapsed/s Peak Memory/MB sha1sum result [0:20)
5_3_fillcell              .odb            0            221 193ec1c545fab60e61e6
cp ./results/sky130hd/chia_sha256_benchmark_corrupted/slot1/5_3_fillcell.odb ./results/sky130hd/chia_sha256_benchmark_corrupted/slot1/5_route.odb
cp ./results/sky130hd/chia_sha256_benchmark_corrupted/slot1/5_1_grt.sdc ./results/sky130hd/chia_sha256_benchmark_corrupted/slot1/5_route.sdc
make: Leaving directory '/root/OpenROAD-flow-scripts/flow'

STDERR:
bash: /opt/miniconda/lib/libtinfo.so.6: no version information available (required by bash)
bash: /opt/miniconda/lib/libtinfo.so.6: no version information available (required by bash)
bash: /opt/miniconda/lib/libtinfo.so.6: no version information available (required by bash)
bash: /opt/miniconda/lib/libtinfo.so.6: no version information available (required by bash)
bash: /opt/miniconda/lib/libtinfo.so.6: no version information available (required by bash)
bash: /opt/miniconda/lib/libtinfo.so.6: no version information available (required by bash)
bash: /opt/miniconda/lib/libtinfo.so.6: no version information available (required by bash)
bash: /opt/miniconda/lib/libtinfo.so.6: no version information available (required by bash)
bash: /opt/miniconda/lib/libtinfo.so.6: no version information available (required by bash)
bash: /opt/miniconda/lib/libtinfo.so.6: no version information available (required by bash)
bash: /opt/miniconda/lib/libtinfo.so.6: no version information available (required by bash)
bash: /opt/miniconda/lib/libtinfo.so.6: no version information available (required by bash)
bash: /opt/miniconda/lib/libtinfo.so.6: no version information available (required by bash)
bash: /opt/miniconda/lib/libtinfo.so.6: no version information available (required by bash)
bash: /opt/miniconda/lib/libtinfo.so.6: no version information available (required by bash)
bash: /opt/miniconda/lib/libtinfo.so.6: no version information available (required by bash)
bash: /opt/miniconda/lib/libtinfo.so.6: no version information available (required by bash)
bash: /opt/miniconda/lib/libtinfo.so.6: no version information available (required by bash)
bash: /opt/miniconda/lib/libtinfo.so.6: no version information available (required by bash)
bash: /opt/miniconda/lib/libtinfo.so.6: no version information available (required by bash)
bash: /opt/miniconda/lib/libtinfo.so.6: no version information available (required by bash)
bash: /opt/miniconda/lib/libtinfo.so.6: no version information available (required by bash)
bash: /opt/miniconda/lib/libtinfo.so.6: no version information available (required by bash)
bash: /opt/miniconda/lib/libtinfo.so.6: no version information available (required by bash)
Elapsed time: 4:15.69[h:]min:sec. CPU time: user 255.29 sys 0.25 (99%). Peak memory: 688660KB.
bash: /opt/miniconda/lib/libtinfo.so.6: no version information available (required by bash)
bash: /opt/miniconda/lib/libtinfo.so.6: no version information available (required by bash)
bash: /opt/miniconda/lib/libtinfo.so.6: no version information available (required by bash)
bash: /opt/miniconda/lib/libtinfo.so.6: no version information available (required by bash)
bash: /opt/miniconda/lib/libtinfo.so.6: no version information available (required by bash)
bash: /opt/miniconda/lib/libtinfo.so.6: no version information available (required by bash)
bash: /opt/miniconda/lib/libtinfo.so.6: no version information available (required by bash)
bash: /opt/miniconda/lib/libtinfo.so.6: no version information available (required by bash)
bash: /opt/miniconda/lib/libtinfo.so.6: no version information available (required by bash)
bash: /opt/miniconda/lib/libtinfo.so.6: no version information available (required by bash)
bash: /opt/miniconda/lib/libtinfo.so.6: no version information available (required by bash)
bash: /opt/miniconda/lib/libtinfo.so.6: no version information available (required by bash)
bash: /opt/miniconda/lib/libtinfo.so.6: no version information available (required by bash)
bash: /opt/miniconda/lib/libtinfo.so.6: no version information available (required by bash)
Elapsed time: 1:06:18.77[h:]min:sec. CPU time: user 3972.19 sys 5.85 (99%). Peak memory: 3679236KB.
bash: /opt/miniconda/lib/libtinfo.so.6: no version information available (required by bash)
bash: /opt/miniconda/lib/libtinfo.so.6: no version information available (required by bash)
bash: /opt/miniconda/lib/libtinfo.so.6: no version information available (required by bash)
bash: /opt/miniconda/lib/libtinfo.so.6: no version information available (required by bash)
bash: /opt/miniconda/lib/libtinfo.so.6: no version information available (required by bash)
bash: /opt/miniconda/lib/libtinfo.so.6: no version information available (required by bash)
bash: /opt/miniconda/lib/libtinfo.so.6: no version information available (required by bash)
bash: /opt/miniconda/lib/libtinfo.so.6: no version information available (required by bash)
bash: /opt/miniconda/lib/libtinfo.so.6: no version information available (required by bash)
bash: /opt/miniconda/lib/libtinfo.so.6: no version information available (required by bash)
bash: /opt/miniconda/lib/libtinfo.so.6: no version information available (required by bash)
bash: /opt/miniconda/lib/libtinfo.so.6: no version information available (required by bash)
bash: /opt/miniconda/lib/libtinfo.so.6: no version information available (required by bash)
bash: /opt/miniconda/lib/libtinfo.so.6: no version information available (required by bash)
Elapsed time: 0:00.54[h:]min:sec. CPU time: user 0.46 sys 0.08 (99%). Peak memory: 226468KB.
bash: /opt/miniconda/lib/libtinfo.so.6: no version information available (required by bash)
bash: /opt/miniconda/lib/libtinfo.so.6: no version information available (required by bash)
bash: /opt/miniconda/lib/libtinfo.so.6: no version information available (required by bash)
bash: /opt/miniconda/lib/libtinfo.so.6: no version information available (required by bash)
bash: /opt/miniconda/lib/libtinfo.so.6: no version information available (required by bash)
bash: /opt/miniconda/lib/libtinfo.so.6: no version information available (required by bash)
bash: /opt/miniconda/lib/libtinfo.so.6: no version information available (required by bash)
bash: /opt/miniconda/lib/libtinfo.so.6: no version information available (required by bash)
bash: /opt/miniconda/lib/libtinfo.so.6: no version information available (required by bash)
bash: /opt/miniconda/lib/libtinfo.so.6: no version information available (required by bash)
bash: /opt/miniconda/lib/libtinfo.so.6: no version information available (required by bash)
bash: /opt/miniconda/lib/libtinfo.so.6: no version information available (required by bash)
bash: /opt/miniconda/lib/libtinfo.so.6: no version information available (required by bash)
bash: /opt/miniconda/lib/libtinfo.so.6: no version information available (required by bash)
bash: /opt/miniconda/lib/libtinfo.so.6: no version information available (required by bash)
bash: /opt/miniconda/lib/libtinfo.so.6: no version information available (required by bash)
bash: /opt/miniconda/lib/libtinfo.so.6: no version information available (required by bash)
bash: /opt/miniconda/lib/libtinfo.so.6: no version information available (required by bash)
bash: /opt/miniconda/lib/libtinfo.so.6: no version information available (required by bash)
bash: /opt/miniconda/lib/libtinfo.so.6: no version information available (required by bash)
bash: /opt/miniconda/lib/libtinfo.so.6: no version information available (required by bash)
bash: /opt/miniconda/lib/libtinfo.so.6: no version information available (required by bash)
bash: /opt/miniconda/lib/libtinfo.so.6: no version information available (required by bash)
bash: /opt/miniconda/lib/libtinfo.so.6: no version information available (required by bash)
bash: /opt/miniconda/lib/libtinfo.so.6: no version information available (required by bash)
bash: /opt/miniconda/lib/libtinfo.so.6: no version information available (required by bash)
