==============================================================================
Starting run14
Time          : 2026-09-10T15:18:25+05:30
Project       : /home/auralab/nwark/chia_sept7_for_multi_rtl_with_multi_llm/for_multiple_rtl_updation_generalized
Design config : pipeline/designs/fifo.yaml
Design        : fifo
Max iterations: 32
Run log       : /home/auralab/nwark/chia_sept7_for_multi_rtl_with_multi_llm/for_multiple_rtl_updation_generalized/generated/designs/fifo/results/verification_improvement/logs/run_20260910_151825.log
==============================================================================

=========================================================
 CHIA verification run: fifo
=========================================================
  RTL:          benchmarks/fifo/fifo.sv
  Specification:benchmarks/fifo/spec.md
  Reference:    benchmarks/fifo/ref_model.py
  Generated TB: generated/designs/fifo/tb
  Plan:         generated/designs/fifo/plans/verification_plan.yaml
2026-09-10 15:18:25,347	INFO worker.py:1810 -- Connecting to existing Ray cluster at address: 172.16.36.107:6379...
2026-09-10 15:18:25,372	INFO worker.py:2004 -- Connected to Ray cluster. View the dashboard at [1m[32m127.0.0.1:8265 [39m[22m
/home/auralab/miniconda3/envs/chia_env/lib/python3.10/site-packages/ray/_private/worker.py:2052: FutureWarning: Tip: In future versions of Ray, Ray will no longer override accelerator visible devices env var if num_gpus=0 or num_gpus=None (default). To enable this behavior and turn off this error message, set RAY_ACCEL_ENV_VAR_OVERRIDE_ON_ZERO=0
  warnings.warn(

✓ Found existing verification plan and rtl_info.json — skipping extraction, generation, and review.
  Plan:     /home/auralab/nwark/chia_sept7_for_multi_rtl_with_multi_llm/for_multiple_rtl_updation_generalized/generated/designs/fifo/plans/verification_plan.yaml
  RTL info: /home/auralab/nwark/chia_sept7_for_multi_rtl_with_multi_llm/for_multiple_rtl_updation_generalized/generated/designs/fifo/rtl/rtl_info.json
/home/auralab/miniconda3/envs/chia_env/lib/python3.10/site-packages/pydantic_settings/sources/utils.py:47: IncompleteFieldDefinitionWarning: Field 'lifespan' has an incomplete definition: its annotation contains an unresolved forward reference, so settings sources may fail to correctly resolve its value. Call `model_rebuild()` on the model where the field is defined, once all the referenced types are defined.
  warnings.warn(
[36m(_ToolServerActor pid=18163)[0m INFO:     Started server process [18163]
[36m(_ToolServerActor pid=18163)[0m INFO:     Waiting for application startup.
[36m(_ToolServerActor pid=18163)[0m INFO:     Application startup complete.
[36m(_ToolServerActor pid=18163)[0m INFO:     Uvicorn running on http://172.16.36.107:8000 (Press CTRL+C to quit)
verification_workspace started at 172.16.36.107:8000 on node 4620ac88df003eb1995c4300a564485a171d4aadcd54becd8ed0d27f
OpenCodeLLM is experimental: only exercised by unit tests so far, not validated in production.

[4/4] Generating cocotb+pyuvm environment (staged)...

✓ Skipping UVM sub-stage 'contract': checkpoint found (/home/auralab/nwark/chia_sept7_for_multi_rtl_with_multi_llm/for_multiple_rtl_updation_generalized/generated/designs/fifo/checkpoints/uvm_contract.done), already completed in a previous run.

✓ Skipping UVM sub-stage 'stimulus': checkpoint found (/home/auralab/nwark/chia_sept7_for_multi_rtl_with_multi_llm/for_multiple_rtl_updation_generalized/generated/designs/fifo/checkpoints/uvm_stimulus.done), already completed in a previous run.

✓ Skipping UVM sub-stage 'observation': checkpoint found (/home/auralab/nwark/chia_sept7_for_multi_rtl_with_multi_llm/for_multiple_rtl_updation_generalized/generated/designs/fifo/checkpoints/uvm_observation.done), already completed in a previous run.

✓ Skipping UVM sub-stage 'scoreboard': checkpoint found (/home/auralab/nwark/chia_sept7_for_multi_rtl_with_multi_llm/for_multiple_rtl_updation_generalized/generated/designs/fifo/checkpoints/uvm_scoreboard.done), already completed in a previous run.

✓ Skipping UVM sub-stage 'coverage_assertions': checkpoint found (/home/auralab/nwark/chia_sept7_for_multi_rtl_with_multi_llm/for_multiple_rtl_updation_generalized/generated/designs/fifo/checkpoints/uvm_coverage_assertions.done), already completed in a previous run.

✓ Skipping UVM sub-stage 'integration': checkpoint found (/home/auralab/nwark/chia_sept7_for_multi_rtl_with_multi_llm/for_multiple_rtl_updation_generalized/generated/designs/fifo/checkpoints/uvm_integration.done), already completed in a previous run.

✓ cocotb+pyuvm environment generated directly under /workspace/generated/designs/fifo/tb.
✓ Directed scenario IDs validated against the accepted plan.
[36m(_ToolServerActor pid=18163)[0m INFO:     Shutting down

✓ Skipping TB validation: checkpoint found (/home/auralab/nwark/chia_sept7_for_multi_rtl_with_multi_llm/for_multiple_rtl_updation_generalized/generated/designs/fifo/checkpoints/tb_validated.done) — the generated cocotb+pyuvm environment already passed simulation in a previous run.

✓ Verification-improvement loop already completed.

===== RTL VERIFICATION (iteration 1) =====
  Accepted RTL snapshot: /home/auralab/nwark/chia_sept7_for_multi_rtl_with_multi_llm/for_multiple_rtl_updation_generalized/generated/designs/fifo/rtl_verification/accepted/fifo.sv
  Benchmark RTL (read-only): /home/auralab/nwark/chia_sept7_for_multi_rtl_with_multi_llm/for_multiple_rtl_updation_generalized/benchmarks/fifo/fifo.sv
[36m(_ToolServerActor pid=18163)[0m INFO:     Waiting for application shutdown.
[36m(_ToolServerActor pid=18163)[0m INFO:     Application shutdown complete.
[36m(_ToolServerActor pid=18163)[0m INFO:     Finished server process [18163]
[36m(simulate pid=16878)[0m Wrote /workspace/generated/designs/fifo/rtl_verification/results/iteration_01.json
{
  "verdict": "generation_bug",
  "detail": {
    "status": "functional_failure",
    "tests": {
      "FifoTC001Test": {
        "status": "runtime_error",
        "category": "runtime_error",
        "timed_out": false,
        "watchdog_expired": false,
        "returncode": 2,
        "counts": {
          "uvm_errors": 0,
          "uvm_fatals": 0,
          "uvm_warnings": 0,
          "scoreboard_mismatches": 0,
          "assertion_failures": 0
        },
        "clean_exit": false,
        "log": "e/ray/anaconda3/lib/python3.10/site-packages/cocotb/share/lib/verilator/verilator.cpp\n- V e r i l a t i o n   R e p o r t: Verilator 5.042 2025-11-02 rev v5.042\n- Verilator: Built from 0.027 MB sources in 2 modules, into 0.037 MB in 6 C++ files needing 0.000 MB\n- Verilator: Walltime 0.004 s (elab=0.000, cvt=0.002, bld=0.000); cpu 0.004 s on 1 threads; alloced 20.543 MB\nmake -C /workspace/generated/designs/fifo/tb/.chia_sim/build -j 4 -f Vtop.mk\nmake[1]: Entering directory '/workspace/generated/designs/fifo/tb/.chia_sim/build'\ng++  -I.  -MMD -I/usr/local/share/verilator/include -I/usr/local/share/verilator/include/vltstd -DVERILATOR=1 -DVM_COVERAGE=0 -DVM_SC=0 -DVM_TIMING=0 -DVM_TRACE=0 -DVM_TRACE_FST=0 -DVM_TRACE_VCD=0 -DVM_TRACE_SAIF=0 -faligned-new -fcf-protection=none -Wno-bool-operation -Wno-int-in-bool-context -Wno-shadow -Wno-sign-compare -Wno-subobject-linkage -Wno-tautological-compare -Wno-uninitialized -Wno-unused-but-set-parameter -Wno-unused-but-set-variable -Wno-unused-parameter -Wno-unused-variable      -Os  -c -o verilator.o /home/ray/anaconda3/lib/python3.10/site-packages/cocotb/share/lib/verilator/verilator.cpp\ng++ -Os  -I.  -MMD -I/usr/local/share/verilator/include -I/usr/local/share/verilator/include/vltstd -DVERILATOR=1 -DVM_COVERAGE=0 -DVM_SC=0 -DVM_TIMING=0 -DVM_TRACE=0 -DVM_TRACE_FST=0 -DVM_TRACE_VCD=0 -DVM_TRACE_SAIF=0 -faligned-new -fcf-protection=none -Wno-bool-operation -Wno-int-in-bool-context -Wno-shadow -Wno-sign-compare -Wno-subobject-linkage -Wno-tautological-compare -Wno-uninitialized -Wno-unused-but-set-parameter -Wno-unused-but-set-variable -Wno-unused-parameter -Wno-unused-variable      -c -o verilated.o /usr/local/share/verilator/include/verilated.cpp\ng++ -Os  -I.  -MMD -I/usr/local/share/verilator/include -I/usr/local/share/verilator/include/vltstd -DVERILATOR=1 -DVM_COVERAGE=0 -DVM_SC=0 -DVM_TIMING=0 -DVM_TRACE=0 -DVM_TRACE_FST=0 -DVM_TRACE_VCD=0 -DVM_TRACE_SAIF=0 -faligned-new -fcf-protection=none -Wno-bool-operation -Wno-int-in-bool-context -Wno-shadow -Wno-sign-compare -Wno-subobject-linkage -Wno-tautological-compare -Wno-uninitialized -Wno-unused-but-set-parameter -Wno-unused-but-set-variable -Wno-unused-parameter -Wno-unused-variable      -c -o verilated_dpi.o /usr/local/share/verilator/include/verilated_dpi.cpp\ng++ -Os  -I.  -MMD -I/usr/local/share/verilator/include -I/usr/local/share/verilator/include/vltstd -DVERILATOR=1 -DVM_COVERAGE=0 -DVM_SC=0 -DVM_TIMING=0 -DVM_TRACE=0 -DVM_TRACE_FST=0 -DVM_TRACE_VCD=0 -DVM_TRACE_SAIF=0 -faligned-new -fcf-protection=none -Wno-bool-operation -Wno-int-in-bool-context -Wno-shadow -Wno-sign-compare -Wno-subobject-linkage -Wno-tautological-compare -Wno-uninitialized -Wno-unused-but-set-parameter -Wno-unused-but-set-variable -Wno-unused-parameter -Wno-unused-variable      -c -o verilated_vpi.o /usr/local/share/verilator/include/verilated_vpi.cpp\ng++ -Os  -I.  -MMD -I/usr/local/share/verilator/include -I/usr/local/share/verilator/include/vltstd -DVERILATOR=1 -DVM_COVERAGE=0 -DVM_SC=0 -DVM_TIMING=0 -DVM_TRACE=0 -DVM_TRACE_FST=0 -DVM_TRACE_VCD=0 -DVM_TRACE_SAIF=0 -faligned-new -fcf-protection=none -Wno-bool-operation -Wno-int-in-bool-context -Wno-shadow -Wno-sign-compare -Wno-subobject-linkage -Wno-tautological-compare -Wno-uninitialized -Wno-unused-but-set-parameter -Wno-unused-but-set-variable -Wno-unused-parameter -Wno-unused-variable      -c -o verilated_threads.o /usr/local/share/verilator/include/verilated_threads.cpp\npython3 /usr/local/share/verilator/bin/verilator_includer -DVL_INCLUDE_OPT=include Vtop.cpp Vtop___024root__0.cpp Vtop__Dpi.cpp Vtop___024root__Slow.cpp Vtop___024root__0__Slow.cpp Vtop__Syms.cpp > Vtop__ALL.cpp\ng++ -Os  -I.  -MMD -I/usr/local/share/verilator/include -I/usr/local/share/verilator/include/vltstd -DVERILATOR=1 -DVM_COVERAGE=0 -DVM_SC=0 -DVM_TIMING=0 -DVM_TRACE=0 -DVM_TRACE_FST=0 -DVM_TRACE_VCD=0 -DVM_TRACE_SAIF=0 -faligned-new -fcf-protection=none -Wno-bool-operation -Wno-int-in-bool-context -Wno-shadow -Wno-sign-compare -Wno-subobject-linkage -Wno-tautological-compare -Wno-uninitialized -Wno-unused-but-set-parameter -Wno-unused-but-set-variable -Wno-unused-parameter -Wno-unused-variable      -c -o Vtop__ALL.o Vtop__ALL.cpp\necho \"\" > Vtop__ALL.verilator_deplist.tmp\ng++    verilator.o verilated.o verilated_dpi.o verilated_vpi.o verilated_threads.o Vtop__ALL.a   -Wl,-rpath,/home/ray/anaconda3/lib/python3.10/site-packages/cocotb/libs -L/home/ray/anaconda3/lib/python3.10/site-packages/cocotb/libs -lcocotbvpi_verilator  -pthread -lpthread -latomic   -o Vtop\nrm Vtop__ALL.verilator_deplist.tmp\nmake[1]: Leaving directory '/workspace/generated/designs/fifo/tb/.chia_sim/build'\nrm -f /workspace/generated/designs/fifo/tb/.chia_sim/FifoTC001Test.xml\nCOCOTB_TEST_MODULES=test_top COCOTB_TESTCASE=  COCOTB_TOPLEVEL=fifo TOPLEVEL_LANG=verilog       \\\n         /workspace/generated/designs/fifo/tb/.chia_sim/build/Vtop     \n     -.--ns INFO     gpi                                ../gpi/GpiCommon.cpp:242  in gpi_load_users                  Loaded entry library: '/home/ray/anaconda3/lib/libpython3.10.so.1.0'\n     -.--ns INFO     gpi                                ../gpi/GpiCommon.cpp:233  in gpi_load_users                  Running entry func 'initialize' from loaded library '/home/ray/anaconda3/lib/python3.10/site-packages/cocotb/simulator.cpython-310-x86_64-linux-gnu.so'\n     -.--ns INFO     pygpi                              ..ib/pygpi/embed.cpp:114  in initialize                      Using Python 3.10.19 interpreter at /home/ray/anaconda3/bin/python3\n     -.--ns INFO     gpi                                ../gpi/GpiCommon.cpp:74   in gpi_print_registered_impl       GPI: VPI support registered\n     0.00ns INFO     cocotb.initialize                  Seeding Python random module with 1789033708\n     0.00ns INFO     cocotb.initialize                  Initialized cocotb v2.1.0 from /home/ray/anaconda3/lib/python3.10/site-packages/cocotb\n     0.00ns INFO     cocotb.initialize                  Running on Verilator version 5.042 2025-11-02\n     0.00ns INFO     cocotb.regression                  Running tests\n     0.00ns INFO     cocotb.regression                  running test_top.fifo_tb_top (1/1)\n                                                            Single cocotb entry point \u2014 mirrors SV UVM's ``+UVM_TESTNAME`` flow.\n     0.00ns INFO     cocotb.fifo                        fifo_tb_top: UVM_TESTNAME=FifoTC001Test  DATA_WIDTH=8  DEPTH=4  CLK_HALF_PERIOD_NS=5  WATCHDOG_MAX_CYCLES=2000\n     0.00ns WARNING  py.warnings                        /workspace/generated/designs/fifo/tb/test_top.py:132: DeprecationWarning: Use `handle.set(Immediate(...))` or `handle.value = Immediate(...)` instead.\n                                                          dut.rst_n.setimmediatevalue(0)\n     0.00ns WARNING  py.warnings                        /workspace/generated/designs/fifo/tb/test_top.py:133: DeprecationWarning: Use `handle.set(Immediate(...))` or `handle.value = Immediate(...)` instead.\n                                                          dut.wr_en.setimmediatevalue(0)\n     0.00ns WARNING  py.warnings                        /workspace/generated/designs/fifo/tb/test_top.py:134: DeprecationWarning: Use `handle.set(Immediate(...))` or `handle.value = Immediate(...)` instead.\n                                                          dut.rd_en.setimmediatevalue(0)\n     0.00ns WARNING  py.warnings                        /workspace/generated/designs/fifo/tb/test_top.py:135: DeprecationWarning: Use `handle.set(Immediate(...))` or `handle.value = Immediate(...)` instead.\n                                                          dut.din.setimmediatevalue(0)\n    20.00ns WARNING  py.warnings                        /workspace/generated/designs/fifo/tb/test_top.py:137: DeprecationWarning: Use `handle.set(Immediate(...))` or `handle.value = Immediate(...)` instead.\n                                                          dut.rst_n.setimmediatevalue(1)\n    40.00ns INFO     ..ated/designs/fifo/tb/test.py(72) [uvm_test_top]: uvm_test_top: FifoEnv created\n    40.00ns INFO     ..rated/designs/fifo/tb/env.py(52) [uvm_test_top.fifo_env]: FifoEnv build_phase complete\n    40.00ns INFO     ..signs/fifo/tb/scoreboard.py(111) [uvm_test_top.fifo_env.fifo_scoreboard]: FifoScoreboard built (DATA_WIDTH=8, DEPTH=4)\n    40.00ns INFO     ..designs/fifo/tb/coverage.py(321) [uvm_test_top.fifo_env.fifo_coverage]: FifoCoverage built (DATA_WIDTH=8, DEPTH=4, count reachable=True)\n    40.00ns INFO     ..rated/designs/fifo/tb/env.py(67) [uvm_test_top.fifo_env]: FifoEnv connect_phase: agent.ap -> scoreboard + coverage\n    40.00ns INFO     ../designs/fifo/tb/monitor.py(115) [uvm_test_top.fifo_env.fifo_agent.fifo_monitor]: FifoMonitor started (DATA_WIDTH=8, DEPTH=4)\n    40.00ns WARNING  py.warnings                        /workspace/generated/designs/fifo/tb/dut_helper.py:115: DeprecationWarning: Use `handle.set(Immediate(...))` or `handle.value = Immediate(...)` instead.\n                                                          self.dut.wr_en.setimmediatevalue(int(wr_en) & 0x1)\n    40.00ns WARNING  py.warnings                        /workspace/generated/designs/fifo/tb/dut_helper.py:116: DeprecationWarning: Use `handle.set(Immediate(...))` or `handle.value = Immediate(...)` instead.\n                                                          self.dut.rd_en.setimmediatevalue(int(rd_en) & 0x1)\n    40.00ns WARNING  py.warnings                        /workspace/generated/designs/fifo/tb/dut_helper.py:118: DeprecationWarning: Use `handle.set(Immediate(...))` or `handle.value = Immediate(...)` instead.\n                                                          self.dut.din.setimmediatevalue(int(din) & mask)\n    40.00ns INFO     ..signs/fifo/tb/scoreboard.py(120) [uvm_test_top.fifo_env.fifo_scoreboard]: FifoScoreboard run_phase started\n    40.00ns WARNING  py.warnings                        /workspace/generated/designs/fifo/tb/sequences.py:112: DeprecationWarning: Use `handle.set(Immediate(...))` or `handle.value = Immediate(...)` instead.\n                                                          self.dut.rst_n.setimmediatevalue(0)\n    50.00ns WARNING  cocotb.regression                  test_top.fifo_tb_top failed\n                                                        Traceback (most recent call last):\n                                                          File \"/workspace/generated/designs/fifo/tb/assertions.py\", line 188, in check_reset_clean_state\n                                                            assert dout == 0, (\n                                                        AssertionError: reset_clean_state violated at cycle 0: rst_n asserted but dout=0xff (expected 0)\n                                                        assert 255 == 0\n    50.00ns INFO     cocotb.regression                  **************************************************************************************\n                                                        ** TEST                          STATUS  SIM TIME (ns)  REAL TIME (s)  RATIO (ns/s) **\n                                                        **************************************************************************************\n                                                        ** test_top.fifo_tb_top           FAIL          50.00           0.01       4379.23  **\n                                                        **************************************************************************************\n                                                        ** TESTS=1 PASS=0 FAIL=1 SKIP=0                 50.00           0.01       4259.53  **\n                                                        **************************************************************************************\n- :0: Verilog $finish\nmake: *** [/home/ray/anaconda3/lib/python3.10/site-packages/cocotb_tools/makefiles/simulators/Makefile.verilator:74: /workspace/generated/designs/fifo/tb/.chia_sim/FifoTC001Test.xml] Error 1\n",
        "command": [
          "timeout",
          "--signal=TERM",
          "--kill-after=5",
          "60",
          "make",
          "-f",
          "/workspace/generated/designs/fifo/tb/.chia_sim/Makefile",
          "SIM=verilator",
          "TOPLEVEL_LANG=verilog",
          "TOPLEVEL=fifo",
          "COCOTB_TOPLEVEL=fifo",
          "MODULE=test_top",
          "COCOTB_TEST_MODULES=test_top",
          "VERILOG_SOURCES=/workspace/benchmarks/fifo/fifo.sv",
          "SIM_BUILD=/workspace/generated/designs/fifo/tb/.chia_sim/build",
          "COCOTB_RESULTS_FILE=/workspace/generated/designs/fifo/tb/.chia_sim/FifoTC001Test.xml",
          "COCOTB_HDL_TIMEUNIT=1ns",
          "COCOTB_HDL_TIMEPRECISION=1ps",
          "BUILD_ARGS=-j 4"
        ],
        "test_name": "FifoTC001Test",
        "test_module": "test_top",
        "results_file": "/workspace/generated/designs/fifo/tb/.chia_sim/FifoTC001Test.xml",
        "results_file_exists": true
      },
      "FifoTC002Test": {
        "status": "runtime_error",
        "category": "runtime_error",
        "timed_out": false,
        "watchdog_expired": false,
        "returncode": 2,
        "counts": {
          "uvm_errors": 0,
          "uvm_fatals": 0,
          "uvm_warnings": 0,
          "scoreboard_mismatches": 0,
          "assertion_failures": 0
        },
        "clean_exit": false,
        "log": "rm -f /workspace/generated/designs/fifo/tb/.chia_sim/FifoTC002Test.xml\nrm -f /workspace/generated/designs/fifo/tb/.chia_sim/FifoTC002Test.xml\nCOCOTB_TEST_MODULES=test_top COCOTB_TESTCASE=  COCOTB_TOPLEVEL=fifo TOPLEVEL_LANG=verilog       \\\n         /workspace/generated/designs/fifo/tb/.chia_sim/build/Vtop     \n     -.--ns INFO     gpi                                ../gpi/GpiCommon.cpp:242  in gpi_load_users                  Loaded entry library: '/home/ray/anaconda3/lib/libpython3.10.so.1.0'\n     -.--ns INFO     gpi                                ../gpi/GpiCommon.cpp:233  in gpi_load_users                  Running entry func 'initialize' from loaded library '/home/ray/anaconda3/lib/python3.10/site-packages/cocotb/simulator.cpython-310-x86_64-linux-gnu.so'\n     -.--ns INFO     pygpi                              ..ib/pygpi/embed.cpp:114  in initialize                      Using Python 3.10.19 interpreter at /home/ray/anaconda3/bin/python3\n     -.--ns INFO     gpi                                ../gpi/GpiCommon.cpp:74   in gpi_print_registered_impl       GPI: VPI support registered\n     0.00ns INFO     cocotb.initialize                  Seeding Python random module with 1789033709\n     0.00ns INFO     cocotb.initialize                  Initialized cocotb v2.1.0 from /home/ray/anaconda3/lib/python3.10/site-packages/cocotb\n     0.00ns INFO     cocotb.initialize                  Running on Verilator version 5.042 2025-11-02\n     0.00ns INFO     cocotb.regression                  Running tests\n     0.00ns INFO     cocotb.regression                  running test_top.fifo_tb_top (1/1)\n                                                            Single cocotb entry point \u2014 mirrors SV UVM's ``+UVM_TESTNAME`` flow.\n     0.00ns INFO     cocotb.fifo                        fifo_tb_top: UVM_TESTNAME=FifoTC002Test  DATA_WIDTH=8  DEPTH=4  CLK_HALF_PERIOD_NS=5  WATCHDOG_MAX_CYCLES=2000\n     0.00ns WARNING  py.warnings                        /workspace/generated/designs/fifo/tb/test_top.py:132: DeprecationWarning: Use `handle.set(Immediate(...))` or `handle.value = Immediate(...)` instead.\n                                                          dut.rst_n.setimmediatevalue(0)\n     0.00ns WARNING  py.warnings                        /workspace/generated/designs/fifo/tb/test_top.py:133: DeprecationWarning: Use `handle.set(Immediate(...))` or `handle.value = Immediate(...)` instead.\n                                                          dut.wr_en.setimmediatevalue(0)\n     0.00ns WARNING  py.warnings                        /workspace/generated/designs/fifo/tb/test_top.py:134: DeprecationWarning: Use `handle.set(Immediate(...))` or `handle.value = Immediate(...)` instead.\n                                                          dut.rd_en.setimmediatevalue(0)\n     0.00ns WARNING  py.warnings                        /workspace/generated/designs/fifo/tb/test_top.py:135: DeprecationWarning: Use `handle.set(Immediate(...))` or `handle.value = Immediate(...)` instead.\n                                                          dut.din.setimmediatevalue(0)\n    20.00ns WARNING  py.warnings                        /workspace/generated/designs/fifo/tb/test_top.py:137: DeprecationWarning: Use `handle.set(Immediate(...))` or `handle.value = Immediate(...)` instead.\n                                                          dut.rst_n.setimmediatevalue(1)\n    40.00ns INFO     ..ated/designs/fifo/tb/test.py(72) [uvm_test_top]: uvm_test_top: FifoEnv created\n    40.00ns INFO     ..rated/designs/fifo/tb/env.py(52) [uvm_test_top.fifo_env]: FifoEnv build_phase complete\n    40.00ns INFO     ..signs/fifo/tb/scoreboard.py(111) [uvm_test_top.fifo_env.fifo_scoreboard]: FifoScoreboard built (DATA_WIDTH=8, DEPTH=4)\n    40.00ns INFO     ..designs/fifo/tb/coverage.py(321) [uvm_test_top.fifo_env.fifo_coverage]: FifoCoverage built (DATA_WIDTH=8, DEPTH=4, count reachable=True)\n    40.00ns INFO     ..rated/designs/fifo/tb/env.py(67) [uvm_test_top.fifo_env]: FifoEnv connect_phase: agent.ap -> scoreboard + coverage\n    40.00ns INFO     ../designs/fifo/tb/monitor.py(115) [uvm_test_top.fifo_env.fifo_agent.fifo_monitor]: FifoMonitor started (DATA_WIDTH=8, DEPTH=4)\n    40.00ns WARNING  py.warnings                        /workspace/generated/designs/fifo/tb/dut_helper.py:115: DeprecationWarning: Use `handle.set(Immediate(...))` or `handle.value = Immediate(...)` instead.\n                                                          self.dut.wr_en.setimmediatevalue(int(wr_en) & 0x1)\n    40.00ns WARNING  py.warnings                        /workspace/generated/designs/fifo/tb/dut_helper.py:116: DeprecationWarning: Use `handle.set(Immediate(...))` or `handle.value = Immediate(...)` instead.\n                                                          self.dut.rd_en.setimmediatevalue(int(rd_en) & 0x1)\n    40.00ns WARNING  py.warnings                        /workspace/generated/designs/fifo/tb/dut_helper.py:118: DeprecationWarning: Use `handle.set(Immediate(...))` or `handle.value = Immediate(...)` instead.\n                                                          self.dut.din.setimmediatevalue(int(din) & mask)\n    40.00ns INFO     ..signs/fifo/tb/scoreboard.py(120) [uvm_test_top.fifo_env.fifo_scoreboard]: FifoScoreboard run_phase started\n    40.00ns WARNING  py.warnings                        /workspace/generated/designs/fifo/tb/sequences.py:112: DeprecationWarning: Use `handle.set(Immediate(...))` or `handle.value = Immediate(...)` instead.\n                                                          self.dut.rst_n.setimmediatevalue(0)\n    50.00ns WARNING  cocotb.regression                  test_top.fifo_tb_top failed\n                                                        Traceback (most recent call last):\n                                                          File \"/workspace/generated/designs/fifo/tb/assertions.py\", line 188, in check_reset_clean_state\n                                                            assert dout == 0, (\n                                                        AssertionError: reset_clean_state violated at cycle 0: rst_n asserted but dout=0xff (expected 0)\n                                                        assert 255 == 0\n    50.00ns INFO     cocotb.regression                  **************************************************************************************\n                                                        ** TEST                          STATUS  SIM TIME (ns)  REAL TIME (s)  RATIO (ns/s) **\n                                                        **************************************************************************************\n                                                        ** test_top.fifo_tb_top           FAIL          50.00           0.01       4518.21  **\n                                                        **************************************************************************************\n                                                        ** TESTS=1 PASS=0 FAIL=1 SKIP=0                 50.00           0.01       4391.36  **\n                                                        **************************************************************************************\n- :0: Verilog $finish\nmake: *** [/home/ray/anaconda3/lib/python3.10/site-packages/cocotb_tools/makefiles/simulators/Makefile.verilator:74: /workspace/generated/designs/fifo/tb/.chia_sim/FifoTC002Test.xml] Error 1\n",
        "command": [
          "timeout",
          "--signal=TERM",
          "--kill-after=5",
          "60",
          "make",
          "-f",
          "/workspace/generated/designs/fifo/tb/.chia_sim/Makefile",
          "SIM=verilator",
          "TOPLEVEL_LANG=verilog",
          "TOPLEVEL=fifo",
          "COCOTB_TOPLEVEL=fifo",
          "MODULE=test_top",
          "COCOTB_TEST_MODULES=test_top",
          "VERILOG_SOURCES=/workspace/benchmarks/fifo/fifo.sv",
          "SIM_BUILD=/workspace/generated/designs/fifo/tb/.chia_sim/build",
          "COCOTB_RESULTS_FILE=/workspace/generated/designs/fifo/tb/.chia_sim/FifoTC002Test.xml",
          "COCOTB_HDL_TIMEUNIT=1ns",
          "COCOTB_HDL_TIMEPRECISION=1ps",
          "BUILD_ARGS=-j 4"
        ],
        "test_name": "FifoTC002Test",
        "test_module": "test_top",
        "results_file": "/workspace/generated/designs/fifo/tb/.chia_sim/FifoTC002Test.xml",
        "results_file_exists": true
      },
      "FifoTC003Test": {
        "status": "runtime_error",
        "category": "runtime_error",
        "timed_out": false,
        "watchdog_expired": false,
        "returncode": 2,
        "counts": {
          "uvm_errors": 0,
          "uvm_fatals": 0,
          "uvm_warnings": 0,
          "scoreboard_mismatches": 0,
          "assertion_failures": 0
        },
        "clean_exit": false,
        "log": "rm -f /workspace/generated/designs/fifo/tb/.chia_sim/FifoTC003Test.xml\nrm -f /workspace/generated/designs/fifo/tb/.chia_sim/FifoTC003Test.xml\nCOCOTB_TEST_MODULES=test_top COCOTB_TESTCASE=  COCOTB_TOPLEVEL=fifo TOPLEVEL_LANG=verilog       \\\n         /workspace/generated/designs/fifo/tb/.chia_sim/build/Vtop     \n     -.--ns INFO     gpi                                ../gpi/GpiCommon.cpp:242  in gpi_load_users                  Loaded entry library: '/home/ray/anaconda3/lib/libpython3.10.so.1.0'\n     -.--ns INFO     gpi                                ../gpi/GpiCommon.cpp:233  in gpi_load_users                  Running entry func 'initialize' from loaded library '/home/ray/anaconda3/lib/python3.10/site-packages/cocotb/simulator.cpython-310-x86_64-linux-gnu.so'\n     -.--ns INFO     pygpi                              ..ib/pygpi/embed.cpp:114  in initialize                      Using Python 3.10.19 interpreter at /home/ray/anaconda3/bin/python3\n     -.--ns INFO     gpi                                ../gpi/GpiCommon.cpp:74   in gpi_print_registered_impl       GPI: VPI support registered\n     0.00ns INFO     cocotb.initialize                  Seeding Python random module with 1789033710\n     0.00ns INFO     cocotb.initialize                  Initialized cocotb v2.1.0 from /home/ray/anaconda3/lib/python3.10/site-packages/cocotb\n     0.00ns INFO     cocotb.initialize                  Running on Verilator version 5.042 2025-11-02\n     0.00ns INFO     cocotb.regression                  Running tests\n     0.00ns INFO     cocotb.regression                  running test_top.fifo_tb_top (1/1)\n                                                            Single cocotb entry point \u2014 mirrors SV UVM's ``+UVM_TESTNAME`` flow.\n     0.00ns INFO     cocotb.fifo                        fifo_tb_top: UVM_TESTNAME=FifoTC003Test  DATA_WIDTH=8  DEPTH=4  CLK_HALF_PERIOD_NS=5  WATCHDOG_MAX_CYCLES=2000\n     0.00ns WARNING  py.warnings                        /workspace/generated/designs/fifo/tb/test_top.py:132: DeprecationWarning: Use `handle.set(Immediate(...))` or `handle.value = Immediate(...)` instead.\n                                                          dut.rst_n.setimmediatevalue(0)\n     0.00ns WARNING  py.warnings                        /workspace/generated/designs/fifo/tb/test_top.py:133: DeprecationWarning: Use `handle.set(Immediate(...))` or `handle.value = Immediate(...)` instead.\n                                                          dut.wr_en.setimmediatevalue(0)\n     0.00ns WARNING  py.warnings                        /workspace/generated/designs/fifo/tb/test_top.py:134: DeprecationWarning: Use `handle.set(Immediate(...))` or `handle.value = Immediate(...)` instead.\n                                                          dut.rd_en.setimmediatevalue(0)\n     0.00ns WARNING  py.warnings                        /workspace/generated/designs/fifo/tb/test_top.py:135: DeprecationWarning: Use `handle.set(Immediate(...))` or `handle.value = Immediate(...)` instead.\n                                                          dut.din.setimmediatevalue(0)\n    20.00ns WARNING  py.warnings                        /workspace/generated/designs/fifo/tb/test_top.py:137: DeprecationWarning: Use `handle.set(Immediate(...))` or `handle.value = Immediate(...)` instead.\n                                                          dut.rst_n.setimmediatevalue(1)\n    40.00ns INFO     ..ated/designs/fifo/tb/test.py(72) [uvm_test_top]: uvm_test_top: FifoEnv created\n    40.00ns INFO     ..rated/designs/fifo/tb/env.py(52) [uvm_test_top.fifo_env]: FifoEnv build_phase complete\n    40.00ns INFO     ..signs/fifo/tb/scoreboard.py(111) [uvm_test_top.fifo_env.fifo_scoreboard]: FifoScoreboard built (DATA_WIDTH=8, DEPTH=4)\n    40.00ns INFO     ..designs/fifo/tb/coverage.py(321) [uvm_test_top.fifo_env.fifo_coverage]: FifoCoverage built (DATA_WIDTH=8, DEPTH=4, count reachable=True)\n    40.00ns INFO     ..rated/designs/fifo/tb/env.py(67) [uvm_test_top.fifo_env]: FifoEnv connect_phase: agent.ap -> scoreboard + coverage\n    40.00ns INFO     ../designs/fifo/tb/monitor.py(115) [uvm_test_top.fifo_env.fifo_agent.fifo_monitor]: FifoMonitor started (DATA_WIDTH=8, DEPTH=4)\n    40.00ns WARNING  py.warnings                        /workspace/generated/designs/fifo/tb/dut_helper.py:115: DeprecationWarning: Use `handle.set(Immediate(...))` or `handle.value = Immediate(...)` instead.\n                                                          self.dut.wr_en.setimmediatevalue(int(wr_en) & 0x1)\n    40.00ns WARNING  py.warnings                        /workspace/generated/designs/fifo/tb/dut_helper.py:116: DeprecationWarning: Use `handle.set(Immediate(...))` or `handle.value = Immediate(...)` instead.\n                                                          self.dut.rd_en.setimmediatevalue(int(rd_en) & 0x1)\n    40.00ns WARNING  py.warnings                        /workspace/generated/designs/fifo/tb/dut_helper.py:118: DeprecationWarning: Use `handle.set(Immediate(...))` or `handle.value = Immediate(...)` instead.\n                                                          self.dut.din.setimmediatevalue(int(din) & mask)\n    40.00ns INFO     ..signs/fifo/tb/scoreboard.py(120) [uvm_test_top.fifo_env.fifo_scoreboard]: FifoScoreboard run_phase started\n    40.00ns WARNING  py.warnings                        /workspace/generated/designs/fifo/tb/sequences.py:112: DeprecationWarning: Use `handle.set(Immediate(...))` or `handle.value = Immediate(...)` instead.\n                                                          self.dut.rst_n.setimmediatevalue(0)\n    50.00ns WARNING  cocotb.regression                  test_top.fifo_tb_top failed\n                                                        Traceback (most recent call last):\n                                                          File \"/workspace/generated/designs/fifo/tb/assertions.py\", line 188, in check_reset_clean_state\n                                                            assert dout == 0, (\n                                                        AssertionError: reset_clean_state violated at cycle 0: rst_n asserted but dout=0xff (expected 0)\n                                                        assert 255 == 0\n    50.00ns INFO     cocotb.regression                  **************************************************************************************\n                                                        ** TEST                          STATUS  SIM TIME (ns)  REAL TIME (s)  RATIO (ns/s) **\n                                                        **************************************************************************************\n                                                        ** test_top.fifo_tb_top           FAIL          50.00           0.01       4459.39  **\n                                                        **************************************************************************************\n                                                        ** TESTS=1 PASS=0 FAIL=1 SKIP=0                 50.00           0.01       4330.01  **\n                                                        **************************************************************************************\n- :0: Verilog $finish\nmake: *** [/home/ray/anaconda3/lib/python3.10/site-packages/cocotb_tools/makefiles/simulators/Makefile.verilator:74: /workspace/generated/designs/fifo/tb/.chia_sim/FifoTC003Test.xml] Error 1\n",
        "command": [
          "timeout",
          "--signal=TERM",
          "--kill-after=5",
          "60",
          "make",
          "-f",
          "/workspace/generated/designs/fifo/tb/.chia_sim/Makefile",
          "SIM=verilator",
          "TOPLEVEL_LANG=verilog",
          "TOPLEVEL=fifo",
          "COCOTB_TOPLEVEL=fifo",
          "MODULE=test_top",
          "COCOTB_TEST_MODULES=test_top",
          "VERILOG_SOURCES=/workspace/benchmarks/fifo/fifo.sv",
          "SIM_BUILD=/workspace/generated/designs/fifo/tb/.chia_sim/build",
          "COCOTB_RESULTS_FILE=/workspace/generated/designs/fifo/tb/.chia_sim/FifoTC003Test.xml",
          "COCOTB_HDL_TIMEUNIT=1ns",
          "COCOTB_HDL_TIMEPRECISION=1ps",
          "BUILD_ARGS=-j 4"
        ],
        "test_name": "FifoTC003Test",
        "test_module": "test_top",
        "results_file": "/workspace/generated/designs/fifo/tb/.chia_sim/FifoTC003Test.xml",
        "results_file_exists": true
      },
      "FifoTC004Test": {
        "status": "runtime_error",
        "category": "runtime_error",
        "timed_out": false,
        "watchdog_expired": false,
        "returncode": 2,
        "counts": {
          "uvm_errors": 0,
          "uvm_fatals": 0,
          "uvm_warnings": 0,
          "scoreboard_mismatches": 0,
          "assertion_failures": 0
        },
        "clean_exit": false,
        "log": "rm -f /workspace/generated/designs/fifo/tb/.chia_sim/FifoTC004Test.xml\nrm -f /workspace/generated/designs/fifo/tb/.chia_sim/FifoTC004Test.xml\nCOCOTB_TEST_MODULES=test_top COCOTB_TESTCASE=  COCOTB_TOPLEVEL=fifo TOPLEVEL_LANG=verilog       \\\n         /workspace/generated/designs/fifo/tb/.chia_sim/build/Vtop     \n     -.--ns INFO     gpi                                ../gpi/GpiCommon.cpp:242  in gpi_load_users                  Loaded entry library: '/home/ray/anaconda3/lib/libpython3.10.so.1.0'\n     -.--ns INFO     gpi                                ../gpi/GpiCommon.cpp:233  in gpi_load_users                  Running entry func 'initialize' from loaded library '/home/ray/anaconda3/lib/python3.10/site-packages/cocotb/simulator.cpython-310-x86_64-linux-gnu.so'\n     -.--ns INFO     pygpi                              ..ib/pygpi/embed.cpp:114  in initialize                      Using Python 3.10.19 interpreter at /home/ray/anaconda3/bin/python3\n     -.--ns INFO     gpi                                ../gpi/GpiCommon.cpp:74   in gpi_print_registered_impl       GPI: VPI support registered\n     0.00ns INFO     cocotb.initialize                  Seeding Python random module with 1789033710\n     0.00ns INFO     cocotb.initialize                  Initialized cocotb v2.1.0 from /home/ray/anaconda3/lib/python3.10/site-packages/cocotb\n     0.00ns INFO     cocotb.initialize                  Running on Verilator version 5.042 2025-11-02\n     0.00ns INFO     cocotb.regression                  Running tests\n     0.00ns INFO     cocotb.regression                  running test_top.fifo_tb_top (1/1)\n                                                            Single cocotb entry point \u2014 mirrors SV UVM's ``+UVM_TESTNAME`` flow.\n     0.00ns INFO     cocotb.fifo                        fifo_tb_top: UVM_TESTNAME=FifoTC004Test  DATA_WIDTH=8  DEPTH=4  CLK_HALF_PERIOD_NS=5  WATCHDOG_MAX_CYCLES=2000\n     0.00ns WARNING  py.warnings                        /workspace/generated/designs/fifo/tb/test_top.py:132: DeprecationWarning: Use `handle.set(Immediate(...))` or `handle.value = Immediate(...)` instead.\n                                                          dut.rst_n.setimmediatevalue(0)\n     0.00ns WARNING  py.warnings                        /workspace/generated/designs/fifo/tb/test_top.py:133: DeprecationWarning: Use `handle.set(Immediate(...))` or `handle.value = Immediate(...)` instead.\n                                                          dut.wr_en.setimmediatevalue(0)\n     0.00ns WARNING  py.warnings                        /workspace/generated/designs/fifo/tb/test_top.py:134: DeprecationWarning: Use `handle.set(Immediate(...))` or `handle.value = Immediate(...)` instead.\n                                                          dut.rd_en.setimmediatevalue(0)\n     0.00ns WARNING  py.warnings                        /workspace/generated/designs/fifo/tb/test_top.py:135: DeprecationWarning: Use `handle.set(Immediate(...))` or `handle.value = Immediate(...)` instead.\n                                                          dut.din.setimmediatevalue(0)\n    20.00ns WARNING  py.warnings                        /workspace/generated/designs/fifo/tb/test_top.py:137: DeprecationWarning: Use `handle.set(Immediate(...))` or `handle.value = Immediate(...)` instead.\n                                                          dut.rst_n.setimmediatevalue(1)\n    40.00ns INFO     ..ated/designs/fifo/tb/test.py(72) [uvm_test_top]: uvm_test_top: FifoEnv created\n    40.00ns INFO     ..rated/designs/fifo/tb/env.py(52) [uvm_test_top.fifo_env]: FifoEnv build_phase complete\n    40.00ns INFO     ..signs/fifo/tb/scoreboard.py(111) [uvm_test_top.fifo_env.fifo_scoreboard]: FifoScoreboard built (DATA_WIDTH=8, DEPTH=4)\n    40.00ns INFO     ..designs/fifo/tb/coverage.py(321) [uvm_test_top.fifo_env.fifo_coverage]: FifoCoverage built (DATA_WIDTH=8, DEPTH=4, count reachable=True)\n    40.00ns INFO     ..rated/designs/fifo/tb/env.py(67) [uvm_test_top.fifo_env]: FifoEnv connect_phase: agent.ap -> scoreboard + coverage\n    40.00ns INFO     ../designs/fifo/tb/monitor.py(115) [uvm_test_top.fifo_env.fifo_agent.fifo_monitor]: FifoMonitor started (DATA_WIDTH=8, DEPTH=4)\n    40.00ns WARNING  py.warnings                        /workspace/generated/designs/fifo/tb/dut_helper.py:115: DeprecationWarning: Use `handle.set(Immediate(...))` or `handle.value = Immediate(...)` instead.\n                                                          self.dut.wr_en.setimmediatevalue(int(wr_en) & 0x1)\n    40.00ns WARNING  py.warnings                        /workspace/generated/designs/fifo/tb/dut_helper.py:116: DeprecationWarning: Use `handle.set(Immediate(...))` or `handle.value = Immediate(...)` instead.\n                                                          self.dut.rd_en.setimmediatevalue(int(rd_en) & 0x1)\n    40.00ns WARNING  py.warnings                        /workspace/generated/designs/fifo/tb/dut_helper.py:118: DeprecationWarning: Use `handle.set(Immediate(...))` or `handle.value = Immediate(...)` instead.\n                                                          self.dut.din.setimmediatevalue(int(din) & mask)\n    40.00ns INFO     ..signs/fifo/tb/scoreboard.py(120) [uvm_test_top.fifo_env.fifo_scoreboard]: FifoScoreboard run_phase started\n    40.00ns WARNING  py.warnings                        /workspace/generated/designs/fifo/tb/sequences.py:112: DeprecationWarning: Use `handle.set(Immediate(...))` or `handle.value = Immediate(...)` instead.\n                                                          self.dut.rst_n.setimmediatevalue(0)\n    50.00ns WARNING  cocotb.regression                  test_top.fifo_tb_top failed\n                                                        Traceback (most recent call last):\n                                                          File \"/workspace/generated/designs/fifo/tb/assertions.py\", line 188, in check_reset_clean_state\n                                                            assert dout == 0, (\n                                                        AssertionError: reset_clean_state violated at cycle 0: rst_n asserted but dout=0xff (expected 0)\n                                                        assert 255 == 0\n    50.00ns INFO     cocotb.regression                  **************************************************************************************\n                                                        ** TEST                          STATUS  SIM TIME (ns)  REAL TIME (s)  RATIO (ns/s) **\n                                                        **************************************************************************************\n                                                        ** test_top.fifo_tb_top           FAIL          50.00           0.01       4552.29  **\n                                                        **************************************************************************************\n                                                        ** TESTS=1 PASS=0 FAIL=1 SKIP=0                 50.00           0.01       4428.43  **\n                                                        **************************************************************************************\n- :0: Verilog $finish\nmake: *** [/home/ray/anaconda3/lib/python3.10/site-packages/cocotb_tools/makefiles/simulators/Makefile.verilator:74: /workspace/generated/designs/fifo/tb/.chia_sim/FifoTC004Test.xml] Error 1\n",
        "command": [
          "timeout",
          "--signal=TERM",
          "--kill-after=5",
          "60",
          "make",
          "-f",
          "/workspace/generated/designs/fifo/tb/.chia_sim/Makefile",
          "SIM=verilator",
          "TOPLEVEL_LANG=verilog",
          "TOPLEVEL=fifo",
          "COCOTB_TOPLEVEL=fifo",
          "MODULE=test_top",
          "COCOTB_TEST_MODULES=test_top",
          "VERILOG_SOURCES=/workspace/benchmarks/fifo/fifo.sv",
          "SIM_BUILD=/workspace/generated/designs/fifo/tb/.chia_sim/build",
          "COCOTB_RESULTS_FILE=/workspace/generated/designs/fifo/tb/.chia_sim/FifoTC004Test.xml",
          "COCOTB_HDL_TIMEUNIT=1ns",
          "COCOTB_HDL_TIMEPRECISION=1ps",
          "BUILD_ARGS=-j 4"
        ],
        "test_name": "FifoTC004Test",
        "test_module": "test_top",
        "results_file": "/workspace/generated/designs/fifo/tb/.chia_sim/FifoTC004Test.xml",
        "results_file_exists": true
      },
      "FifoTC005Test": {
        "status": "runtime_error",
        "category": "runtime_error",
        "timed_out": false,
        "watchdog_expired": false,
        "returncode": 2,
        "counts": {
          "uvm_errors": 0,
          "uvm_fatals": 0,
          "uvm_warnings": 0,
          "scoreboard_mismatches": 0,
          "assertion_failures": 0
        },
        "clean_exit": false,
        "log": "rm -f /workspace/generated/designs/fifo/tb/.chia_sim/FifoTC005Test.xml\nrm -f /workspace/generated/designs/fifo/tb/.chia_sim/FifoTC005Test.xml\nCOCOTB_TEST_MODULES=test_top COCOTB_TESTCASE=  COCOTB_TOPLEVEL=fifo TOPLEVEL_LANG=verilog       \\\n         /workspace/generated/designs/fifo/tb/.chia_sim/build/Vtop     \n     -.--ns INFO     gpi                                ../gpi/GpiCommon.cpp:242  in gpi_load_users                  Loaded entry library: '/home/ray/anaconda3/lib/libpython3.10.so.1.0'\n     -.--ns INFO     gpi                                ../gpi/GpiCommon.cpp:233  in gpi_load_users                  Running entry func 'initialize' from loaded library '/home/ray/anaconda3/lib/python3.10/site-packages/cocotb/simulator.cpython-310-x86_64-linux-gnu.so'\n     -.--ns INFO     pygpi                              ..ib/pygpi/embed.cpp:114  in initialize                      Using Python 3.10.19 interpreter at /home/ray/anaconda3/bin/python3\n     -.--ns INFO     gpi                                ../gpi/GpiCommon.cpp:74   in gpi_print_registered_impl       GPI: VPI support registered\n     0.00ns INFO     cocotb.initialize                  Seeding Python random module with 1789033711\n     0.00ns INFO     cocotb.initialize                  Initialized cocotb v2.1.0 from /home/ray/anaconda3/lib/python3.10/site-packages/cocotb\n     0.00ns INFO     cocotb.initialize                  Running on Verilator version 5.042 2025-11-02\n     0.00ns INFO     cocotb.regression                  Running tests\n     0.00ns INFO     cocotb.regression                  running test_top.fifo_tb_top (1/1)\n                                                            Single cocotb entry point \u2014 mirrors SV UVM's ``+UVM_TESTNAME`` flow.\n     0.00ns INFO     cocotb.fifo                        fifo_tb_top: UVM_TESTNAME=FifoTC005Test  DATA_WIDTH=8  DEPTH=4  CLK_HALF_PERIOD_NS=5  WATCHDOG_MAX_CYCLES=2000\n     0.00ns WARNING  py.warnings                        /workspace/generated/designs/fifo/tb/test_top.py:132: DeprecationWarning: Use `handle.set(Immediate(...))` or `handle.value = Immediate(...)` instead.\n                                                          dut.rst_n.setimmediatevalue(0)\n     0.00ns WARNING  py.warnings                        /workspace/generated/designs/fifo/tb/test_top.py:133: DeprecationWarning: Use `handle.set(Immediate(...))` or `handle.value = Immediate(...)` instead.\n                                                          dut.wr_en.setimmediatevalue(0)\n     0.00ns WARNING  py.warnings                        /workspace/generated/designs/fifo/tb/test_top.py:134: DeprecationWarning: Use `handle.set(Immediate(...))` or `handle.value = Immediate(...)` instead.\n                                                          dut.rd_en.setimmediatevalue(0)\n     0.00ns WARNING  py.warnings                        /workspace/generated/designs/fifo/tb/test_top.py:135: DeprecationWarning: Use `handle.set(Immediate(...))` or `handle.value = Immediate(...)` instead.\n                                                          dut.din.setimmediatevalue(0)\n    20.00ns WARNING  py.warnings                        /workspace/generated/designs/fifo/tb/test_top.py:137: DeprecationWarning: Use `handle.set(Immediate(...))` or `handle.value = Immediate(...)` instead.\n                                                          dut.rst_n.setimmediatevalue(1)\n    40.00ns INFO     ..ated/designs/fifo/tb/test.py(72) [uvm_test_top]: uvm_test_top: FifoEnv created\n    40.00ns INFO     ..rated/designs/fifo/tb/env.py(52) [uvm_test_top.fifo_env]: FifoEnv build_phase complete\n    40.00ns INFO     ..signs/fifo/tb/scoreboard.py(111) [uvm_test_top.fifo_env.fifo_scoreboard]: FifoScoreboard built (DATA_WIDTH=8, DEPTH=4)\n    40.00ns INFO     ..designs/fifo/tb/coverage.py(321) [uvm_test_top.fifo_env.fifo_coverage]: FifoCoverage built (DATA_WIDTH=8, DEPTH=4, count reachable=True)\n    40.00ns INFO     ..rated/designs/fifo/tb/env.py(67) [uvm_test_top.fifo_env]: FifoEnv connect_phase: agent.ap -> scoreboard + coverage\n    40.00ns INFO     ../designs/fifo/tb/monitor.py(115) [uvm_test_top.fifo_env.fifo_agent.fifo_monitor]: FifoMonitor started (DATA_WIDTH=8, DEPTH=4)\n    40.00ns WARNING  py.warnings                        /workspace/generated/designs/fifo/tb/dut_helper.py:115: DeprecationWarning: Use `handle.set(Immediate(...))` or `handle.value = Immediate(...)` instead.\n                                                          self.dut.wr_en.setimmediatevalue(int(wr_en) & 0x1)\n    40.00ns WARNING  py.warnings                        /workspace/generated/designs/fifo/tb/dut_helper.py:116: DeprecationWarning: Use `handle.set(Immediate(...))` or `handle.value = Immediate(...)` instead.\n                                                          self.dut.rd_en.setimmediatevalue(int(rd_en) & 0x1)\n    40.00ns WARNING  py.warnings                        /workspace/generated/designs/fifo/tb/dut_helper.py:118: DeprecationWarning: Use `handle.set(Immediate(...))` or `handle.value = Immediate(...)` instead.\n                                                          self.dut.din.setimmediatevalue(int(din) & mask)\n    40.00ns INFO     ..signs/fifo/tb/scoreboard.py(120) [uvm_test_top.fifo_env.fifo_scoreboard]: FifoScoreboard run_phase started\n    40.00ns WARNING  py.warnings                        /workspace/generated/designs/fifo/tb/sequences.py:112: DeprecationWarning: Use `handle.set(Immediate(...))` or `handle.value = Immediate(...)` instead.\n                                                          self.dut.rst_n.setimmediatevalue(0)\n    50.00ns WARNING  cocotb.regression                  test_top.fifo_tb_top failed\n                                                        Traceback (most recent call last):\n                                                          File \"/workspace/generated/designs/fifo/tb/assertions.py\", line 188, in check_reset_clean_state\n                                                            assert dout == 0, (\n                                                        AssertionError: reset_clean_state violated at cycle 0: rst_n asserted but dout=0xff (expected 0)\n                                                        assert 255 == 0\n    50.00ns INFO     cocotb.regression                  **************************************************************************************\n                                                        ** TEST                          STATUS  SIM TIME (ns)  REAL TIME (s)  RATIO (ns/s) **\n                                                        **************************************************************************************\n                                                        ** test_top.fifo_tb_top           FAIL          50.00           0.01       4486.91  **\n                                                        **************************************************************************************\n                                                        ** TESTS=1 PASS=0 FAIL=1 SKIP=0                 50.00           0.01       4363.34  **\n                                                        **************************************************************************************\n- :0: Verilog $finish\nmake: *** [/home/ray/anaconda3/lib/python3.10/site-packages/cocotb_tools/makefiles/simulators/Makefile.verilator:74: /workspace/generated/designs/fifo/tb/.chia_sim/FifoTC005Test.xml] Error 1\n",
        "command": [
          "timeout",
          "--signal=TERM",
          "--kill-after=5",
          "60",
          "make",
          "-f",
          "/workspace/generated/designs/fifo/tb/.chia_sim/Makefile",
          "SIM=verilator",
          "TOPLEVEL_LANG=verilog",
          "TOPLEVEL=fifo",
          "COCOTB_TOPLEVEL=fifo",
          "MODULE=test_top",
          "COCOTB_TEST_MODULES=test_top",
          "VERILOG_SOURCES=/workspace/benchmarks/fifo/fifo.sv",
          "SIM_BUILD=/workspace/generated/designs/fifo/tb/.chia_sim/build",
          "COCOTB_RESULTS_FILE=/workspace/generated/designs/fifo/tb/.chia_sim/FifoTC005Test.xml",
          "COCOTB_HDL_TIMEUNIT=1ns",
          "COCOTB_HDL_TIMEPRECISION=1ps",
          "BUILD_ARGS=-j 4"
        ],
        "test_name": "FifoTC005Test",
        "test_module": "test_top",
        "results_file": "/workspace/generated/designs/fifo/tb/.chia_sim/FifoTC005Test.xml",
        "results_file_exists": true
      },
      "FifoTC006Test": {
        "status": "runtime_error",
        "category": "runtime_error",
        "timed_out": false,
        "watchdog_expired": false,
        "returncode": 2,
        "counts": {
          "uvm_errors": 0,
          "uvm_fatals": 0,
          "uvm_warnings": 0,
          "scoreboard_mismatches": 0,
          "assertion_failures": 0
        },
        "clean_exit": false,
        "log": "rm -f /workspace/generated/designs/fifo/tb/.chia_sim/FifoTC006Test.xml\nrm -f /workspace/generated/designs/fifo/tb/.chia_sim/FifoTC006Test.xml\nCOCOTB_TEST_MODULES=test_top COCOTB_TESTCASE=  COCOTB_TOPLEVEL=fifo TOPLEVEL_LANG=verilog       \\\n         /workspace/generated/designs/fifo/tb/.chia_sim/build/Vtop     \n     -.--ns INFO     gpi                                ../gpi/GpiCommon.cpp:242  in gpi_load_users                  Loaded entry library: '/home/ray/anaconda3/lib/libpython3.10.so.1.0'\n     -.--ns INFO     gpi                                ../gpi/GpiCommon.cpp:233  in gpi_load_users                  Running entry func 'initialize' from loaded library '/home/ray/anaconda3/lib/python3.10/site-packages/cocotb/simulator.cpython-310-x86_64-linux-gnu.so'\n     -.--ns INFO     pygpi                              ..ib/pygpi/embed.cpp:114  in initialize                      Using Python 3.10.19 interpreter at /home/ray/anaconda3/bin/python3\n     -.--ns INFO     gpi                                ../gpi/GpiCommon.cpp:74   in gpi_print_registered_impl       GPI: VPI support registered\n     0.00ns INFO     cocotb.initialize                  Seeding Python random module with 1789033711\n     0.00ns INFO     cocotb.initialize                  Initialized cocotb v2.1.0 from /home/ray/anaconda3/lib/python3.10/site-packages/cocotb\n     0.00ns INFO     cocotb.initialize                  Running on Verilator version 5.042 2025-11-02\n     0.00ns INFO     cocotb.regression                  Running tests\n     0.00ns INFO     cocotb.regression                  running test_top.fifo_tb_top (1/1)\n                                                            Single cocotb entry point \u2014 mirrors SV UVM's ``+UVM_TESTNAME`` flow.\n     0.00ns INFO     cocotb.fifo                        fifo_tb_top: UVM_TESTNAME=FifoTC006Test  DATA_WIDTH=8  DEPTH=4  CLK_HALF_PERIOD_NS=5  WATCHDOG_MAX_CYCLES=2000\n     0.00ns WARNING  py.warnings                        /workspace/generated/designs/fifo/tb/test_top.py:132: DeprecationWarning: Use `handle.set(Immediate(...))` or `handle.value = Immediate(...)` instead.\n                                                          dut.rst_n.setimmediatevalue(0)\n     0.00ns WARNING  py.warnings                        /workspace/generated/designs/fifo/tb/test_top.py:133: DeprecationWarning: Use `handle.set(Immediate(...))` or `handle.value = Immediate(...)` instead.\n                                                          dut.wr_en.setimmediatevalue(0)\n     0.00ns WARNING  py.warnings                        /workspace/generated/designs/fifo/tb/test_top.py:134: DeprecationWarning: Use `handle.set(Immediate(...))` or `handle.value = Immediate(...)` instead.\n                                                          dut.rd_en.setimmediatevalue(0)\n     0.00ns WARNING  py.warnings                        /workspace/generated/designs/fifo/tb/test_top.py:135: DeprecationWarning: Use `handle.set(Immediate(...))` or `handle.value = Immediate(...)` instead.\n                                                          dut.din.setimmediatevalue(0)\n    20.00ns WARNING  py.warnings                        /workspace/generated/designs/fifo/tb/test_top.py:137: DeprecationWarning: Use `handle.set(Immediate(...))` or `handle.value = Immediate(...)` instead.\n                                                          dut.rst_n.setimmediatevalue(1)\n    40.00ns INFO     ..ated/designs/fifo/tb/test.py(72) [uvm_test_top]: uvm_test_top: FifoEnv created\n    40.00ns INFO     ..rated/designs/fifo/tb/env.py(52) [uvm_test_top.fifo_env]: FifoEnv build_phase complete\n    40.00ns INFO     ..signs/fifo/tb/scoreboard.py(111) [uvm_test_top.fifo_env.fifo_scoreboard]: FifoScoreboard built (DATA_WIDTH=8, DEPTH=4)\n    40.00ns INFO     ..designs/fifo/tb/coverage.py(321) [uvm_test_top.fifo_env.fifo_coverage]: FifoCoverage built (DATA_WIDTH=8, DEPTH=4, count reachable=True)\n    40.00ns INFO     ..rated/designs/fifo/tb/env.py(67) [uvm_test_top.fifo_env]: FifoEnv connect_phase: agent.ap -> scoreboard + coverage\n    40.00ns INFO     ../designs/fifo/tb/monitor.py(115) [uvm_test_top.fifo_env.fifo_agent.fifo_monitor]: FifoMonitor started (DATA_WIDTH=8, DEPTH=4)\n    40.00ns WARNING  py.warnings                        /workspace/generated/designs/fifo/tb/dut_helper.py:115: DeprecationWarning: Use `handle.set(Immediate(...))` or `handle.value = Immediate(...)` instead.\n                                                          self.dut.wr_en.setimmediatevalue(int(wr_en) & 0x1)\n    40.00ns WARNING  py.warnings                        /workspace/generated/designs/fifo/tb/dut_helper.py:116: DeprecationWarning: Use `handle.set(Immediate(...))` or `handle.value = Immediate(...)` instead.\n                                                          self.dut.rd_en.setimmediatevalue(int(rd_en) & 0x1)\n    40.00ns WARNING  py.warnings                        /workspace/generated/designs/fifo/tb/dut_helper.py:118: DeprecationWarning: Use `handle.set(Immediate(...))` or `handle.value = Immediate(...)` instead.\n                                                          self.dut.din.setimmediatevalue(int(din) & mask)\n    40.00ns INFO     ..signs/fifo/tb/scoreboard.py(120) [uvm_test_top.fifo_env.fifo_scoreboard]: FifoScoreboard run_phase started\n    40.00ns WARNING  py.warnings                        /workspace/generated/designs/fifo/tb/sequences.py:112: DeprecationWarning: Use `handle.set(Immediate(...))` or `handle.value = Immediate(...)` instead.\n                                                          self.dut.rst_n.setimmediatevalue(0)\n    50.00ns WARNING  cocotb.regression                  test_top.fifo_tb_top failed\n                                                        Traceback (most recent call last):\n                                                          File \"/workspace/generated/designs/fifo/tb/assertions.py\", line 188, in check_reset_clean_state\n                                                            assert dout == 0, (\n                                                        AssertionError: reset_clean_state violated at cycle 0: rst_n asserted but dout=0xff (expected 0)\n                                                        assert 255 == 0\n    50.00ns INFO     cocotb.regression                  **************************************************************************************\n                                                        ** TEST                          STATUS  SIM TIME (ns)  REAL TIME (s)  RATIO (ns/s) **\n                                                        **************************************************************************************\n                                                        ** test_top.fifo_tb_top           FAIL          50.00           0.01       4577.86  **\n                                                        **************************************************************************************\n                                                        ** TESTS=1 PASS=0 FAIL=1 SKIP=0                 50.00           0.01       4451.59  **\n                                                        **************************************************************************************\n- :0: Verilog $finish\nmake: *** [/home/ray/anaconda3/lib/python3.10/site-packages/cocotb_tools/makefiles/simulators/Makefile.verilator:74: /workspace/generated/designs/fifo/tb/.chia_sim/FifoTC006Test.xml] Error 1\n",
        "command": [
          "timeout",
          "--signal=TERM",
          "--kill-after=5",
          "60",
          "make",
          "-f",
          "/workspace/generated/designs/fifo/tb/.chia_sim/Makefile",
          "SIM=verilator",
          "TOPLEVEL_LANG=verilog",
          "TOPLEVEL=fifo",
          "COCOTB_TOPLEVEL=fifo",
          "MODULE=test_top",
          "COCOTB_TEST_MODULES=test_top",
          "VERILOG_SOURCES=/workspace/benchmarks/fifo/fifo.sv",
          "SIM_BUILD=/workspace/generated/designs/fifo/tb/.chia_sim/build",
          "COCOTB_RESULTS_FILE=/workspace/generated/designs/fifo/tb/.chia_sim/FifoTC006Test.xml",
          "COCOTB_HDL_TIMEUNIT=1ns",
          "COCOTB_HDL_TIMEPRECISION=1ps",
          "BUILD_ARGS=-j 4"
        ],
        "test_name": "FifoTC006Test",
        "test_module": "test_top",
        "results_file": "/workspace/generated/designs/fifo/tb/.chia_sim/FifoTC006Test.xml",
        "results_file_exists": true
      },
      "FifoTC007Test": {
        "status": "runtime_error",
        "category": "runtime_error",
        "timed_out": false,
        "watchdog_expired": false,
        "returncode": 2,
        "counts": {
          "uvm_errors": 0,
          "uvm_fatals": 0,
          "uvm_warnings": 0,
          "scoreboard_mismatches": 0,
          "assertion_failures": 0
        },
        "clean_exit": false,
        "log": "rm -f /workspace/generated/designs/fifo/tb/.chia_sim/FifoTC007Test.xml\nrm -f /workspace/generated/designs/fifo/tb/.chia_sim/FifoTC007Test.xml\nCOCOTB_TEST_MODULES=test_top COCOTB_TESTCASE=  COCOTB_TOPLEVEL=fifo TOPLEVEL_LANG=verilog       \\\n         /workspace/generated/designs/fifo/tb/.chia_sim/build/Vtop     \n     -.--ns INFO     gpi                                ../gpi/GpiCommon.cpp:242  in gpi_load_users                  Loaded entry library: '/home/ray/anaconda3/lib/libpython3.10.so.1.0'\n     -.--ns INFO     gpi                                ../gpi/GpiCommon.cpp:233  in gpi_load_users                  Running entry func 'initialize' from loaded library '/home/ray/anaconda3/lib/python3.10/site-packages/cocotb/simulator.cpython-310-x86_64-linux-gnu.so'\n     -.--ns INFO     pygpi                              ..ib/pygpi/embed.cpp:114  in initialize                      Using Python 3.10.19 interpreter at /home/ray/anaconda3/bin/python3\n     -.--ns INFO     gpi                                ../gpi/GpiCommon.cpp:74   in gpi_print_registered_impl       GPI: VPI support registered\n     0.00ns INFO     cocotb.initialize                  Seeding Python random module with 1789033712\n     0.00ns INFO     cocotb.initialize                  Initialized cocotb v2.1.0 from /home/ray/anaconda3/lib/python3.10/site-packages/cocotb\n     0.00ns INFO     cocotb.initialize                  Running on Verilator version 5.042 2025-11-02\n     0.00ns INFO     cocotb.regression                  Running tests\n     0.00ns INFO     cocotb.regression                  running test_top.fifo_tb_top (1/1)\n                                                            Single cocotb entry point \u2014 mirrors SV UVM's ``+UVM_TESTNAME`` flow.\n     0.00ns INFO     cocotb.fifo                        fifo_tb_top: UVM_TESTNAME=FifoTC007Test  DATA_WIDTH=8  DEPTH=4  CLK_HALF_PERIOD_NS=5  WATCHDOG_MAX_CYCLES=2000\n     0.00ns WARNING  py.warnings                        /workspace/generated/designs/fifo/tb/test_top.py:132: DeprecationWarning: Use `handle.set(Immediate(...))` or `handle.value = Immediate(...)` instead.\n                                                          dut.rst_n.setimmediatevalue(0)\n     0.00ns WARNING  py.warnings                        /workspace/generated/designs/fifo/tb/test_top.py:133: DeprecationWarning: Use `handle.set(Immediate(...))` or `handle.value = Immediate(...)` instead.\n                                                          dut.wr_en.setimmediatevalue(0)\n     0.00ns WARNING  py.warnings                        /workspace/generated/designs/fifo/tb/test_top.py:134: DeprecationWarning: Use `handle.set(Immediate(...))` or `handle.value = Immediate(...)` instead.\n                                                          dut.rd_en.setimmediatevalue(0)\n     0.00ns WARNING  py.warnings                        /workspace/generated/designs/fifo/tb/test_top.py:135: DeprecationWarning: Use `handle.set(Immediate(...))` or `handle.value = Immediate(...)` instead.\n                                                          dut.din.setimmediatevalue(0)\n    20.00ns WARNING  py.warnings                        /workspace/generated/designs/fifo/tb/test_top.py:137: DeprecationWarning: Use `handle.set(Immediate(...))` or `handle.value = Immediate(...)` instead.\n                                                          dut.rst_n.setimmediatevalue(1)\n    40.00ns INFO     ..ated/designs/fifo/tb/test.py(72) [uvm_test_top]: uvm_test_top: FifoEnv created\n    40.00ns INFO     ..rated/designs/fifo/tb/env.py(52) [uvm_test_top.fifo_env]: FifoEnv build_phase complete\n    40.00ns INFO     ..signs/fifo/tb/scoreboard.py(111) [uvm_test_top.fifo_env.fifo_scoreboard]: FifoScoreboard built (DATA_WIDTH=8, DEPTH=4)\n    40.00ns INFO     ..designs/fifo/tb/coverage.py(321) [uvm_test_top.fifo_env.fifo_coverage]: FifoCoverage built (DATA_WIDTH=8, DEPTH=4, count reachable=True)\n    40.00ns INFO     ..rated/designs/fifo/tb/env.py(67) [uvm_test_top.fifo_env]: FifoEnv connect_phase: agent.ap -> scoreboard + coverage\n    40.00ns INFO     ../designs/fifo/tb/monitor.py(115) [uvm_test_top.fifo_env.fifo_agent.fifo_monitor]: FifoMonitor started (DATA_WIDTH=8, DEPTH=4)\n    40.00ns WARNING  py.warnings                        /workspace/generated/designs/fifo/tb/dut_helper.py:115: DeprecationWarning: Use `handle.set(Immediate(...))` or `handle.value = Immediate(...)` instead.\n                                                          self.dut.wr_en.setimmediatevalue(int(wr_en) & 0x1)\n    40.00ns WARNING  py.warnings                        /workspace/generated/designs/fifo/tb/dut_helper.py:116: DeprecationWarning: Use `handle.set(Immediate(...))` or `handle.value = Immediate(...)` instead.\n                                                          self.dut.rd_en.setimmediatevalue(int(rd_en) & 0x1)\n    40.00ns WARNING  py.warnings                        /workspace/generated/designs/fifo/tb/dut_helper.py:118: DeprecationWarning: Use `handle.set(Immediate(...))` or `handle.value = Immediate(...)` instead.\n                                                          self.dut.din.setimmediatevalue(int(din) & mask)\n    40.00ns INFO     ..signs/fifo/tb/scoreboard.py(120) [uvm_test_top.fifo_env.fifo_scoreboard]: FifoScoreboard run_phase started\n    40.00ns WARNING  py.warnings                        /workspace/generated/designs/fifo/tb/sequences.py:112: DeprecationWarning: Use `handle.set(Immediate(...))` or `handle.value = Immediate(...)` instead.\n                                                          self.dut.rst_n.setimmediatevalue(0)\n    50.00ns WARNING  cocotb.regression                  test_top.fifo_tb_top failed\n                                                        Traceback (most recent call last):\n                                                          File \"/workspace/generated/designs/fifo/tb/assertions.py\", line 188, in check_reset_clean_state\n                                                            assert dout == 0, (\n                                                        AssertionError: reset_clean_state violated at cycle 0: rst_n asserted but dout=0xff (expected 0)\n                                                        assert 255 == 0\n    50.00ns INFO     cocotb.regression                  **************************************************************************************\n                                                        ** TEST                          STATUS  SIM TIME (ns)  REAL TIME (s)  RATIO (ns/s) **\n                                                        **************************************************************************************\n                                                        ** test_top.fifo_tb_top           FAIL          50.00           0.01       4588.11  **\n                                                        **************************************************************************************\n                                                        ** TESTS=1 PASS=0 FAIL=1 SKIP=0                 50.00           0.01       4467.57  **\n                                                        **************************************************************************************\n- :0: Verilog $finish\nmake: *** [/home/ray/anaconda3/lib/python3.10/site-packages/cocotb_tools/makefiles/simulators/Makefile.verilator:74: /workspace/generated/designs/fifo/tb/.chia_sim/FifoTC007Test.xml] Error 1\n",
        "command": [
          "timeout",
          "--signal=TERM",
          "--kill-after=5",
          "60",
          "make",
          "-f",
          "/workspace/generated/designs/fifo/tb/.chia_sim/Makefile",
          "SIM=verilator",
          "TOPLEVEL_LANG=verilog",
          "TOPLEVEL=fifo",
          "COCOTB_TOPLEVEL=fifo",
          "MODULE=test_top",
          "COCOTB_TEST_MODULES=test_top",
          "VERILOG_SOURCES=/workspace/benchmarks/fifo/fifo.sv",
          "SIM_BUILD=/workspace/generated/designs/fifo/tb/.chia_sim/build",
          "COCOTB_RESULTS_FILE=/workspace/generated/designs/fifo/tb/.chia_sim/FifoTC007Test.xml",
          "COCOTB_HDL_TIMEUNIT=1ns",
          "COCOTB_HDL_TIMEPRECISION=1ps",
          "BUILD_ARGS=-j 4"
        ],
        "test_name": "FifoTC007Test",
        "test_module": "test_top",
        "results_file": "/workspace/generated/designs/fifo/tb/.chia_sim/FifoTC007Test.xml",
        "results_file_exists": true
      },
      "FifoTC008Test": {
        "status": "runtime_error",
        "category": "runtime_error",
        "timed_out": false,
        "watchdog_expired": false,
        "returncode": 2,
        "counts": {
          "uvm_errors": 0,
          "uvm_fatals": 0,
          "uvm_warnings": 0,
          "scoreboard_mismatches": 0,
          "assertion_failures": 0
        },
        "clean_exit": false,
        "log": "rm -f /workspace/generated/designs/fifo/tb/.chia_sim/FifoTC008Test.xml\nrm -f /workspace/generated/designs/fifo/tb/.chia_sim/FifoTC008Test.xml\nCOCOTB_TEST_MODULES=test_top COCOTB_TESTCASE=  COCOTB_TOPLEVEL=fifo TOPLEVEL_LANG=verilog       \\\n         /workspace/generated/designs/fifo/tb/.chia_sim/build/Vtop     \n     -.--ns INFO     gpi                                ../gpi/GpiCommon.cpp:242  in gpi_load_users                  Loaded entry library: '/home/ray/anaconda3/lib/libpython3.10.so.1.0'\n     -.--ns INFO     gpi                                ../gpi/GpiCommon.cpp:233  in gpi_load_users                  Running entry func 'initialize' from loaded library '/home/ray/anaconda3/lib/python3.10/site-packages/cocotb/simulator.cpython-310-x86_64-linux-gnu.so'\n     -.--ns INFO     pygpi                              ..ib/pygpi/embed.cpp:114  in initialize                      Using Python 3.10.19 interpreter at /home/ray/anaconda3/bin/python3\n     -.--ns INFO     gpi                                ../gpi/GpiCommon.cpp:74   in gpi_print_registered_impl       GPI: VPI support registered\n     0.00ns INFO     cocotb.initialize                  Seeding Python random module with 1789033712\n     0.00ns INFO     cocotb.initialize                  Initialized cocotb v2.1.0 from /home/ray/anaconda3/lib/python3.10/site-packages/cocotb\n     0.00ns INFO     cocotb.initialize                  Running on Verilator version 5.042 2025-11-02\n     0.00ns INFO     cocotb.regression                  Running tests\n     0.00ns INFO     cocotb.regression                  running test_top.fifo_tb_top (1/1)\n                                                            Single cocotb entry point \u2014 mirrors SV UVM's ``+UVM_TESTNAME`` flow.\n     0.00ns INFO     cocotb.fifo                        fifo_tb_top: UVM_TESTNAME=FifoTC008Test  DATA_WIDTH=8  DEPTH=4  CLK_HALF_PERIOD_NS=5  WATCHDOG_MAX_CYCLES=2000\n     0.00ns WARNING  py.warnings                        /workspace/generated/designs/fifo/tb/test_top.py:132: DeprecationWarning: Use `handle.set(Immediate(...))` or `handle.value = Immediate(...)` instead.\n                                                          dut.rst_n.setimmediatevalue(0)\n     0.00ns WARNING  py.warnings                        /workspace/generated/designs/fifo/tb/test_top.py:133: DeprecationWarning: Use `handle.set(Immediate(...))` or `handle.value = Immediate(...)` instead.\n                                                          dut.wr_en.setimmediatevalue(0)\n     0.00ns WARNING  py.warnings                        /workspace/generated/designs/fifo/tb/test_top.py:134: DeprecationWarning: Use `handle.set(Immediate(...))` or `handle.value = Immediate(...)` instead.\n                                                          dut.rd_en.setimmediatevalue(0)\n     0.00ns WARNING  py.warnings                        /workspace/generated/designs/fifo/tb/test_top.py:135: DeprecationWarning: Use `handle.set(Immediate(...))` or `handle.value = Immediate(...)` instead.\n                                                          dut.din.setimmediatevalue(0)\n    20.00ns WARNING  py.warnings                        /workspace/generated/designs/fifo/tb/test_top.py:137: DeprecationWarning: Use `handle.set(Immediate(...))` or `handle.value = Immediate(...)` instead.\n                                                          dut.rst_n.setimmediatevalue(1)\n    40.00ns INFO     ..ated/designs/fifo/tb/test.py(72) [uvm_test_top]: uvm_test_top: FifoEnv created\n    40.00ns INFO     ..rated/designs/fifo/tb/env.py(52) [uvm_test_top.fifo_env]: FifoEnv build_phase complete\n    40.00ns INFO     ..signs/fifo/tb/scoreboard.py(111) [uvm_test_top.fifo_env.fifo_scoreboard]: FifoScoreboard built (DATA_WIDTH=8, DEPTH=4)\n    40.00ns INFO     ..designs/fifo/tb/coverage.py(321) [uvm_test_top.fifo_env.fifo_coverage]: FifoCoverage built (DATA_WIDTH=8, DEPTH=4, count reachable=True)\n    40.00ns INFO     ..rated/designs/fifo/tb/env.py(67) [uvm_test_top.fifo_env]: FifoEnv connect_phase: agent.ap -> scoreboard + coverage\n    40.00ns INFO     ../designs/fifo/tb/monitor.py(115) [uvm_test_top.fifo_env.fifo_agent.fifo_monitor]: FifoMonitor started (DATA_WIDTH=8, DEPTH=4)\n    40.00ns WARNING  py.warnings                        /workspace/generated/designs/fifo/tb/dut_helper.py:115: DeprecationWarning: Use `handle.set(Immediate(...))` or `handle.value = Immediate(...)` instead.\n                                                          self.dut.wr_en.setimmediatevalue(int(wr_en) & 0x1)\n    40.00ns WARNING  py.warnings                        /workspace/generated/designs/fifo/tb/dut_helper.py:116: DeprecationWarning: Use `handle.set(Immediate(...))` or `handle.value = Immediate(...)` instead.\n                                                          self.dut.rd_en.setimmediatevalue(int(rd_en) & 0x1)\n    40.00ns WARNING  py.warnings                        /workspace/generated/designs/fifo/tb/dut_helper.py:118: DeprecationWarning: Use `handle.set(Immediate(...))` or `handle.value = Immediate(...)` instead.\n                                                          self.dut.din.setimmediatevalue(int(din) & mask)\n    40.00ns INFO     ..signs/fifo/tb/scoreboard.py(120) [uvm_test_top.fifo_env.fifo_scoreboard]: FifoScoreboard run_phase started\n    40.00ns WARNING  py.warnings                        /workspace/generated/designs/fifo/tb/sequences.py:112: DeprecationWarning: Use `handle.set(Immediate(...))` or `handle.value = Immediate(...)` instead.\n                                                          self.dut.rst_n.setimmediatevalue(0)\n    50.00ns WARNING  cocotb.regression                  test_top.fifo_tb_top failed\n                                                        Traceback (most recent call last):\n                                                          File \"/workspace/generated/designs/fifo/tb/assertions.py\", line 188, in check_reset_clean_state\n                                                            assert dout == 0, (\n                                                        AssertionError: reset_clean_state violated at cycle 0: rst_n asserted but dout=0xff (expected 0)\n                                                        assert 255 == 0\n    50.00ns INFO     cocotb.regression                  **************************************************************************************\n                                                        ** TEST                          STATUS  SIM TIME (ns)  REAL TIME (s)  RATIO (ns/s) **\n                                                        **************************************************************************************\n                                                        ** test_top.fifo_tb_top           FAIL          50.00           0.01       4364.82  **\n                                                        **************************************************************************************\n                                                        ** TESTS=1 PASS=0 FAIL=1 SKIP=0                 50.00           0.01       4234.83  **\n                                                        **************************************************************************************\n- :0: Verilog $finish\nmake: *** [/home/ray/anaconda3/lib/python3.10/site-packages/cocotb_tools/makefiles/simulators/Makefile.verilator:74: /workspace/generated/designs/fifo/tb/.chia_sim/FifoTC008Test.xml] Error 1\n",
        "command": [
          "timeout",
          "--signal=TERM",
          "--kill-after=5",
          "60",
          "make",
          "-f",
          "/workspace/generated/designs/fifo/tb/.chia_sim/Makefile",
          "SIM=verilator",
          "TOPLEVEL_LANG=verilog",
          "TOPLEVEL=fifo",
          "COCOTB_TOPLEVEL=fifo",
          "MODULE=test_top",
          "COCOTB_TEST_MODULES=test_top",
          "VERILOG_SOURCES=/workspace/benchmarks/fifo/fifo.sv",
          "SIM_BUILD=/workspace/generated/designs/fifo/tb/.chia_sim/build",
          "COCOTB_RESULTS_FILE=/workspace/generated/designs/fifo/tb/.chia_sim/FifoTC008Test.xml",
          "COCOTB_HDL_TIMEUNIT=1ns",
          "COCOTB_HDL_TIMEPRECISION=1ps",
          "BUILD_ARGS=-j 4"
        ],
        "test_name": "FifoTC008Test",
        "test_module": "test_top",
        "results_file": "/workspace/generated/designs/fifo/tb/.chia_sim/FifoTC008Test.xml",
        "results_file_exists": true
      },
      "FifoTC009Test": {
        "status": "runtime_error",
        "category": "runtime_error",
        "timed_out": false,
        "watchdog_expired": false,
        "returncode": 2,
        "counts": {
          "uvm_errors": 0,
          "uvm_fatals": 0,
          "uvm_warnings": 0,
          "scoreboard_mismatches": 0,
          "assertion_failures": 0
        },
        "clean_exit": false,
        "log": "rm -f /workspace/generated/designs/fifo/tb/.chia_sim/FifoTC009Test.xml\nrm -f /workspace/generated/designs/fifo/tb/.chia_sim/FifoTC009Test.xml\nCOCOTB_TEST_MODULES=test_top COCOTB_TESTCASE=  COCOTB_TOPLEVEL=fifo TOPLEVEL_LANG=verilog       \\\n         /workspace/generated/designs/fifo/tb/.chia_sim/build/Vtop     \n     -.--ns INFO     gpi                                ../gpi/GpiCommon.cpp:242  in gpi_load_users                  Loaded entry library: '/home/ray/anaconda3/lib/libpython3.10.so.1.0'\n     -.--ns INFO     gpi                                ../gpi/GpiCommon.cpp:233  in gpi_load_users                  Running entry func 'initialize' from loaded library '/home/ray/anaconda3/lib/python3.10/site-packages/cocotb/simulator.cpython-310-x86_64-linux-gnu.so'\n     -.--ns INFO     pygpi                              ..ib/pygpi/embed.cpp:114  in initialize                      Using Python 3.10.19 interpreter at /home/ray/anaconda3/bin/python3\n     -.--ns INFO     gpi                                ../gpi/GpiCommon.cpp:74   in gpi_print_registered_impl       GPI: VPI support registered\n     0.00ns INFO     cocotb.initialize                  Seeding Python random module with 1789033713\n     0.00ns INFO     cocotb.initialize                  Initialized cocotb v2.1.0 from /home/ray/anaconda3/lib/python3.10/site-packages/cocotb\n     0.00ns INFO     cocotb.initialize                  Running on Verilator version 5.042 2025-11-02\n     0.00ns INFO     cocotb.regression                  Running tests\n     0.00ns INFO     cocotb.regression                  running test_top.fifo_tb_top (1/1)\n                                                            Single cocotb entry point \u2014 mirrors SV UVM's ``+UVM_TESTNAME`` flow.\n     0.00ns INFO     cocotb.fifo                        fifo_tb_top: UVM_TESTNAME=FifoTC009Test  DATA_WIDTH=8  DEPTH=4  CLK_HALF_PERIOD_NS=5  WATCHDOG_MAX_CYCLES=2000\n     0.00ns WARNING  py.warnings                        /workspace/generated/designs/fifo/tb/test_top.py:132: DeprecationWarning: Use `handle.set(Immediate(...))` or `handle.value = Immediate(...)` instead.\n                                                          dut.rst_n.setimmediatevalue(0)\n     0.00ns WARNING  py.warnings                        /workspace/generated/designs/fifo/tb/test_top.py:133: DeprecationWarning: Use `handle.set(Immediate(...))` or `handle.value = Immediate(...)` instead.\n                                                          dut.wr_en.setimmediatevalue(0)\n     0.00ns WARNING  py.warnings                        /workspace/generated/designs/fifo/tb/test_top.py:134: DeprecationWarning: Use `handle.set(Immediate(...))` or `handle.value = Immediate(...)` instead.\n                                                          dut.rd_en.setimmediatevalue(0)\n     0.00ns WARNING  py.warnings                        /workspace/generated/designs/fifo/tb/test_top.py:135: DeprecationWarning: Use `handle.set(Immediate(...))` or `handle.value = Immediate(...)` instead.\n                                                          dut.din.setimmediatevalue(0)\n    20.00ns WARNING  py.warnings                        /workspace/generated/designs/fifo/tb/test_top.py:137: DeprecationWarning: Use `handle.set(Immediate(...))` or `handle.value = Immediate(...)` instead.\n                                                          dut.rst_n.setimmediatevalue(1)\n    40.00ns INFO     ..ated/designs/fifo/tb/test.py(72) [uvm_test_top]: uvm_test_top: FifoEnv created\n    40.00ns INFO     ..rated/designs/fifo/tb/env.py(52) [uvm_test_top.fifo_env]: FifoEnv build_phase complete\n    40.00ns INFO     ..signs/fifo/tb/scoreboard.py(111) [uvm_test_top.fifo_env.fifo_scoreboard]: FifoScoreboard built (DATA_WIDTH=8, DEPTH=4)\n    40.00ns INFO     ..designs/fifo/tb/coverage.py(321) [uvm_test_top.fifo_env.fifo_coverage]: FifoCoverage built (DATA_WIDTH=8, DEPTH=4, count reachable=True)\n    40.00ns INFO     ..rated/designs/fifo/tb/env.py(67) [uvm_test_top.fifo_env]: FifoEnv connect_phase: agent.ap -> scoreboard + coverage\n    40.00ns INFO     ../designs/fifo/tb/monitor.py(115) [uvm_test_top.fifo_env.fifo_agent.fifo_monitor]: FifoMonitor started (DATA_WIDTH=8, DEPTH=4)\n    40.00ns WARNING  py.warnings                        /workspace/generated/designs/fifo/tb/dut_helper.py:115: DeprecationWarning: Use `handle.set(Immediate(...))` or `handle.value = Immediate(...)` instead.\n                                                          self.dut.wr_en.setimmediatevalue(int(wr_en) & 0x1)\n    40.00ns WARNING  py.warnings                        /workspace/generated/designs/fifo/tb/dut_helper.py:116: DeprecationWarning: Use `handle.set(Immediate(...))` or `handle.value = Immediate(...)` instead.\n                                                          self.dut.rd_en.setimmediatevalue(int(rd_en) & 0x1)\n    40.00ns WARNING  py.warnings                        /workspace/generated/designs/fifo/tb/dut_helper.py:118: DeprecationWarning: Use `handle.set(Immediate(...))` or `handle.value = Immediate(...)` instead.\n                                                          self.dut.din.setimmediatevalue(int(din) & mask)\n    40.00ns INFO     ..signs/fifo/tb/scoreboard.py(120) [uvm_test_top.fifo_env.fifo_scoreboard]: FifoScoreboard run_phase started\n    40.00ns WARNING  py.warnings                        /workspace/generated/designs/fifo/tb/sequences.py:112: DeprecationWarning: Use `handle.set(Immediate(...))` or `handle.value = Immediate(...)` instead.\n                                                          self.dut.rst_n.setimmediatevalue(0)\n    50.00ns WARNING  cocotb.regression                  test_top.fifo_tb_top failed\n                                                        Traceback (most recent call last):\n                                                          File \"/workspace/generated/designs/fifo/tb/assertions.py\", line 188, in check_reset_clean_state\n                                                            assert dout == 0, (\n                                                        AssertionError: reset_clean_state violated at cycle 0: rst_n asserted but dout=0xff (expected 0)\n                                                        assert 255 == 0\n    50.00ns INFO     cocotb.regression                  **************************************************************************************\n                                                        ** TEST                          STATUS  SIM TIME (ns)  REAL TIME (s)  RATIO (ns/s) **\n                                                        **************************************************************************************\n                                                        ** test_top.fifo_tb_top           FAIL          50.00           0.01       4598.77  **\n                                                        **************************************************************************************\n                                                        ** TESTS=1 PASS=0 FAIL=1 SKIP=0                 50.00           0.01       4472.42  **\n                                                        **************************************************************************************\n- :0: Verilog $finish\nmake: *** [/home/ray/anaconda3/lib/python3.10/site-packages/cocotb_tools/makefiles/simulators/Makefile.verilator:74: /workspace/generated/designs/fifo/tb/.chia_sim/FifoTC009Test.xml] Error 1\n",
        "command": [
          "timeout",
          "--signal=TERM",
          "--kill-after=5",
          "60",
          "make",
          "-f",
          "/workspace/generated/designs/fifo/tb/.chia_sim/Makefile",
          "SIM=verilator",
          "TOPLEVEL_LANG=verilog",
          "TOPLEVEL=fifo",
          "COCOTB_TOPLEVEL=fifo",
          "MODULE=test_top",
          "COCOTB_TEST_MODULES=test_top",
          "VERILOG_SOURCES=/workspace/benchmarks/fifo/fifo.sv",
          "SIM_BUILD=/workspace/generated/designs/fifo/tb/.chia_sim/build",
          "COCOTB_RESULTS_FILE=/workspace/generated/designs/fifo/tb/.chia_sim/FifoTC009Test.xml",
          "COCOTB_HDL_TIMEUNIT=1ns",
          "COCOTB_HDL_TIMEPRECISION=1ps",
          "BUILD_ARGS=-j 4"
        ],
        "test_name": "FifoTC009Test",
        "test_module": "test_top",
        "results_file": "/workspace/generated/designs/fifo/tb/.chia_sim/FifoTC009Test.xml",
        "results_file_exists": true
      },
      "FifoTC010Test": {
        "status": "runtime_error",
        "category": "runtime_error",
        "timed_out": false,
        "watchdog_expired": false,
        "returncode": 2,
        "counts": {
          "uvm_errors": 0,
          "uvm_fatals": 0,
          "uvm_warnings": 0,
          "scoreboard_mismatches": 0,
          "assertion_failures": 0
        },
        "clean_exit": false,
        "log": "rm -f /workspace/generated/designs/fifo/tb/.chia_sim/FifoTC010Test.xml\nrm -f /workspace/generated/designs/fifo/tb/.chia_sim/FifoTC010Test.xml\nCOCOTB_TEST_MODULES=test_top COCOTB_TESTCASE=  COCOTB_TOPLEVEL=fifo TOPLEVEL_LANG=verilog       \\\n         /workspace/generated/designs/fifo/tb/.chia_sim/build/Vtop     \n     -.--ns INFO     gpi                                ../gpi/GpiCommon.cpp:242  in gpi_load_users                  Loaded entry library: '/home/ray/anaconda3/lib/libpython3.10.so.1.0'\n     -.--ns INFO     gpi                                ../gpi/GpiCommon.cpp:233  in gpi_load_users                  Running entry func 'initialize' from loaded library '/home/ray/anaconda3/lib/python3.10/site-packages/cocotb/simulator.cpython-310-x86_64-linux-gnu.so'\n     -.--ns INFO     pygpi                              ..ib/pygpi/embed.cpp:114  in initialize                      Using Python 3.10.19 interpreter at /home/ray/anaconda3/bin/python3\n     -.--ns INFO     gpi                                ../gpi/GpiCommon.cpp:74   in gpi_print_registered_impl       GPI: VPI support registered\n     0.00ns INFO     cocotb.initialize                  Seeding Python random module with 1789033713\n     0.00ns INFO     cocotb.initialize                  Initialized cocotb v2.1.0 from /home/ray/anaconda3/lib/python3.10/site-packages/cocotb\n     0.00ns INFO     cocotb.initialize                  Running on Verilator version 5.042 2025-11-02\n     0.00ns INFO     cocotb.regression                  Running tests\n     0.00ns INFO     cocotb.regression                  running test_top.fifo_tb_top (1/1)\n                                                            Single cocotb entry point \u2014 mirrors SV UVM's ``+UVM_TESTNAME`` flow.\n     0.00ns INFO     cocotb.fifo                        fifo_tb_top: UVM_TESTNAME=FifoTC010Test  DATA_WIDTH=8  DEPTH=4  CLK_HALF_PERIOD_NS=5  WATCHDOG_MAX_CYCLES=2000\n     0.00ns WARNING  py.warnings                        /workspace/generated/designs/fifo/tb/test_top.py:132: DeprecationWarning: Use `handle.set(Immediate(...))` or `handle.value = Immediate(...)` instead.\n                                                          dut.rst_n.setimmediatevalue(0)\n     0.00ns WARNING  py.warnings                        /workspace/generated/designs/fifo/tb/test_top.py:133: DeprecationWarning: Use `handle.set(Immediate(...))` or `handle.value = Immediate(...)` instead.\n                                                          dut.wr_en.setimmediatevalue(0)\n     0.00ns WARNING  py.warnings                        /workspace/generated/designs/fifo/tb/test_top.py:134: DeprecationWarning: Use `handle.set(Immediate(...))` or `handle.value = Immediate(...)` instead.\n                                                          dut.rd_en.setimmediatevalue(0)\n     0.00ns WARNING  py.warnings                        /workspace/generated/designs/fifo/tb/test_top.py:135: DeprecationWarning: Use `handle.set(Immediate(...))` or `handle.value = Immediate(...)` instead.\n                                                          dut.din.setimmediatevalue(0)\n    20.00ns WARNING  py.warnings                        /workspace/generated/designs/fifo/tb/test_top.py:137: DeprecationWarning: Use `handle.set(Immediate(...))` or `handle.value = Immediate(...)` instead.\n                                                          dut.rst_n.setimmediatevalue(1)\n    40.00ns INFO     ..ated/designs/fifo/tb/test.py(72) [uvm_test_top]: uvm_test_top: FifoEnv created\n    40.00ns INFO     ..rated/designs/fifo/tb/env.py(52) [uvm_test_top.fifo_env]: FifoEnv build_phase complete\n    40.00ns INFO     ..signs/fifo/tb/scoreboard.py(111) [uvm_test_top.fifo_env.fifo_scoreboard]: FifoScoreboard built (DATA_WIDTH=8, DEPTH=4)\n    40.00ns INFO     ..designs/fifo/tb/coverage.py(321) [uvm_test_top.fifo_env.fifo_coverage]: FifoCoverage built (DATA_WIDTH=8, DEPTH=4, count reachable=True)\n    40.00ns INFO     ..rated/designs/fifo/tb/env.py(67) [uvm_test_top.fifo_env]: FifoEnv connect_phase: agent.ap -> scoreboard + coverage\n    40.00ns INFO     ../designs/fifo/tb/monitor.py(115) [uvm_test_top.fifo_env.fifo_agent.fifo_monitor]: FifoMonitor started (DATA_WIDTH=8, DEPTH=4)\n    40.00ns WARNING  py.warnings                        /workspace/generated/designs/fifo/tb/dut_helper.py:115: DeprecationWarning: Use `handle.set(Immediate(...))` or `handle.value = Immediate(...)` instead.\n                                                          self.dut.wr_en.setimmediatevalue(int(wr_en) & 0x1)\n    40.00ns WARNING  py.warnings                        /workspace/generated/designs/fifo/tb/dut_helper.py:116: DeprecationWarning: Use `handle.set(Immediate(...))` or `handle.value = Immediate(...)` instead.\n                                                          self.dut.rd_en.setimmediatevalue(int(rd_en) & 0x1)\n    40.00ns WARNING  py.warnings                        /workspace/generated/designs/fifo/tb/dut_helper.py:118: DeprecationWarning: Use `handle.set(Immediate(...))` or `handle.value = Immediate(...)` instead.\n                                                          self.dut.din.setimmediatevalue(int(din) & mask)\n    40.00ns INFO     ..signs/fifo/tb/scoreboard.py(120) [uvm_test_top.fifo_env.fifo_scoreboard]: FifoScoreboard run_phase started\n    40.00ns WARNING  py.warnings                        /workspace/generated/designs/fifo/tb/sequences.py:112: DeprecationWarning: Use `handle.set(Immediate(...))` or `handle.value = Immediate(...)` instead.\n                                                          self.dut.rst_n.setimmediatevalue(0)\n    50.00ns WARNING  cocotb.regression                  test_top.fifo_tb_top failed\n                                                        Traceback (most recent call last):\n                                                          File \"/workspace/generated/designs/fifo/tb/assertions.py\", line 188, in check_reset_clean_state\n                                                            assert dout == 0, (\n                                                        AssertionError: reset_clean_state violated at cycle 0: rst_n asserted but dout=0xff (expected 0)\n                                                        assert 255 == 0\n    50.00ns INFO     cocotb.regression                  **************************************************************************************\n                                                        ** TEST                          STATUS  SIM TIME (ns)  REAL TIME (s)  RATIO (ns/s) **\n                                                        **************************************************************************************\n                                                        ** test_top.fifo_tb_top           FAIL          50.00           0.01       4624.96  **\n                                                        **************************************************************************************\n                                                        ** TESTS=1 PASS=0 FAIL=1 SKIP=0                 50.00           0.01       4501.10  **\n                                                        **************************************************************************************\n- :0: Verilog $finish\nmake: *** [/home/ray/anaconda3/lib/python3.10/site-packages/cocotb_tools/makefiles/simulators/Makefile.verilator:74: /workspace/generated/designs/fifo/tb/.chia_sim/FifoTC010Test.xml] Error 1\n",
        "command": [
          "timeout",
          "--signal=TERM",
          "--kill-after=5",
          "60",
          "make",
          "-f",
          "/workspace/generated/designs/fifo/tb/.chia_sim/Makefile",
          "SIM=verilator",
          "TOPLEVEL_LANG=verilog",
          "TOPLEVEL=fifo",
          "COCOTB_TOPLEVEL=fifo",
          "MODULE=test_top",
          "COCOTB_TEST_MODULES=test_top",
          "VERILOG_SOURCES=/workspace/benchmarks/fifo/fifo.sv",
          "SIM_BUILD=/workspace/generated/designs/fifo/tb/.chia_sim/build",
          "COCOTB_RESULTS_FILE=/workspace/generated/designs/fifo/tb/.chia_sim/FifoTC010Test.xml",
          "COCOTB_HDL_TIMEUNIT=1ns",
          "COCOTB_HDL_TIMEPRECISION=1ps",
          "BUILD_ARGS=-j 4"
        ],
        "test_name": "FifoTC010Test",
        "test_module": "test_top",
        "results_file": "/workspace/generated/designs/fifo/tb/.chia_sim/FifoTC010Test.xml",
        "results_file_exists": true
      },
      "FifoCornerTest": {
        "status": "runtime_error",
        "category": "runtime_error",
        "timed_out": false,
        "watchdog_expired": false,
        "returncode": 2,
        "counts": {
          "uvm_errors": 0,
          "uvm_fatals": 0,
          "uvm_warnings": 0,
          "scoreboard_mismatches": 0,
          "assertion_failures": 0
        },
        "clean_exit": false,
        "log": "rm -f /workspace/generated/designs/fifo/tb/.chia_sim/FifoCornerTest.xml\nrm -f /workspace/generated/designs/fifo/tb/.chia_sim/FifoCornerTest.xml\nCOCOTB_TEST_MODULES=test_top COCOTB_TESTCASE=  COCOTB_TOPLEVEL=fifo TOPLEVEL_LANG=verilog       \\\n         /workspace/generated/designs/fifo/tb/.chia_sim/build/Vtop     \n     -.--ns INFO     gpi                                ../gpi/GpiCommon.cpp:242  in gpi_load_users                  Loaded entry library: '/home/ray/anaconda3/lib/libpython3.10.so.1.0'\n     -.--ns INFO     gpi                                ../gpi/GpiCommon.cpp:233  in gpi_load_users                  Running entry func 'initialize' from loaded library '/home/ray/anaconda3/lib/python3.10/site-packages/cocotb/simulator.cpython-310-x86_64-linux-gnu.so'\n     -.--ns INFO     pygpi                              ..ib/pygpi/embed.cpp:114  in initialize                      Using Python 3.10.19 interpreter at /home/ray/anaconda3/bin/python3\n     -.--ns INFO     gpi                                ../gpi/GpiCommon.cpp:74   in gpi_print_registered_impl       GPI: VPI support registered\n     0.00ns INFO     cocotb.initialize                  Seeding Python random module with 1789033714\n     0.00ns INFO     cocotb.initialize                  Initialized cocotb v2.1.0 from /home/ray/anaconda3/lib/python3.10/site-packages/cocotb\n     0.00ns INFO     cocotb.initialize                  Running on Verilator version 5.042 2025-11-02\n     0.00ns INFO     cocotb.regression                  Running tests\n     0.00ns INFO     cocotb.regression                  running test_top.fifo_tb_top (1/1)\n                                                            Single cocotb entry point \u2014 mirrors SV UVM's ``+UVM_TESTNAME`` flow.\n     0.00ns INFO     cocotb.fifo                        fifo_tb_top: UVM_TESTNAME=FifoCornerTest  DATA_WIDTH=8  DEPTH=4  CLK_HALF_PERIOD_NS=5  WATCHDOG_MAX_CYCLES=2000\n     0.00ns WARNING  py.warnings                        /workspace/generated/designs/fifo/tb/test_top.py:132: DeprecationWarning: Use `handle.set(Immediate(...))` or `handle.value = Immediate(...)` instead.\n                                                          dut.rst_n.setimmediatevalue(0)\n     0.00ns WARNING  py.warnings                        /workspace/generated/designs/fifo/tb/test_top.py:133: DeprecationWarning: Use `handle.set(Immediate(...))` or `handle.value = Immediate(...)` instead.\n                                                          dut.wr_en.setimmediatevalue(0)\n     0.00ns WARNING  py.warnings                        /workspace/generated/designs/fifo/tb/test_top.py:134: DeprecationWarning: Use `handle.set(Immediate(...))` or `handle.value = Immediate(...)` instead.\n                                                          dut.rd_en.setimmediatevalue(0)\n     0.00ns WARNING  py.warnings                        /workspace/generated/designs/fifo/tb/test_top.py:135: DeprecationWarning: Use `handle.set(Immediate(...))` or `handle.value = Immediate(...)` instead.\n                                                          dut.din.setimmediatevalue(0)\n    20.00ns WARNING  py.warnings                        /workspace/generated/designs/fifo/tb/test_top.py:137: DeprecationWarning: Use `handle.set(Immediate(...))` or `handle.value = Immediate(...)` instead.\n                                                          dut.rst_n.setimmediatevalue(1)\n    40.00ns INFO     ..ated/designs/fifo/tb/test.py(72) [uvm_test_top]: uvm_test_top: FifoEnv created\n    40.00ns INFO     ..rated/designs/fifo/tb/env.py(52) [uvm_test_top.fifo_env]: FifoEnv build_phase complete\n    40.00ns INFO     ..signs/fifo/tb/scoreboard.py(111) [uvm_test_top.fifo_env.fifo_scoreboard]: FifoScoreboard built (DATA_WIDTH=8, DEPTH=4)\n    40.00ns INFO     ..designs/fifo/tb/coverage.py(321) [uvm_test_top.fifo_env.fifo_coverage]: FifoCoverage built (DATA_WIDTH=8, DEPTH=4, count reachable=True)\n    40.00ns INFO     ..rated/designs/fifo/tb/env.py(67) [uvm_test_top.fifo_env]: FifoEnv connect_phase: agent.ap -> scoreboard + coverage\n    40.00ns INFO     ../designs/fifo/tb/monitor.py(115) [uvm_test_top.fifo_env.fifo_agent.fifo_monitor]: FifoMonitor started (DATA_WIDTH=8, DEPTH=4)\n    40.00ns WARNING  py.warnings                        /workspace/generated/designs/fifo/tb/dut_helper.py:115: DeprecationWarning: Use `handle.set(Immediate(...))` or `handle.value = Immediate(...)` instead.\n                                                          self.dut.wr_en.setimmediatevalue(int(wr_en) & 0x1)\n    40.00ns WARNING  py.warnings                        /workspace/generated/designs/fifo/tb/dut_helper.py:116: DeprecationWarning: Use `handle.set(Immediate(...))` or `handle.value = Immediate(...)` instead.\n                                                          self.dut.rd_en.setimmediatevalue(int(rd_en) & 0x1)\n    40.00ns WARNING  py.warnings                        /workspace/generated/designs/fifo/tb/dut_helper.py:118: DeprecationWarning: Use `handle.set(Immediate(...))` or `handle.value = Immediate(...)` instead.\n                                                          self.dut.din.setimmediatevalue(int(din) & mask)\n    40.00ns INFO     ..signs/fifo/tb/scoreboard.py(120) [uvm_test_top.fifo_env.fifo_scoreboard]: FifoScoreboard run_phase started\n    40.00ns WARNING  py.warnings                        /workspace/generated/designs/fifo/tb/sequences.py:112: DeprecationWarning: Use `handle.set(Immediate(...))` or `handle.value = Immediate(...)` instead.\n                                                          self.dut.rst_n.setimmediatevalue(0)\n    50.00ns WARNING  cocotb.regression                  test_top.fifo_tb_top failed\n                                                        Traceback (most recent call last):\n                                                          File \"/workspace/generated/designs/fifo/tb/assertions.py\", line 188, in check_reset_clean_state\n                                                            assert dout == 0, (\n                                                        AssertionError: reset_clean_state violated at cycle 0: rst_n asserted but dout=0xff (expected 0)\n                                                        assert 255 == 0\n    50.00ns INFO     cocotb.regression                  **************************************************************************************\n                                                        ** TEST                          STATUS  SIM TIME (ns)  REAL TIME (s)  RATIO (ns/s) **\n                                                        **************************************************************************************\n                                                        ** test_top.fifo_tb_top           FAIL          50.00           0.01       4457.06  **\n                                                        **************************************************************************************\n                                                        ** TESTS=1 PASS=0 FAIL=1 SKIP=0                 50.00           0.01       4302.97  **\n                                                        **************************************************************************************\n- :0: Verilog $finish\nmake: *** [/home/ray/anaconda3/lib/python3.10/site-packages/cocotb_tools/makefiles/simulators/Makefile.verilator:74: /workspace/generated/designs/fifo/tb/.chia_sim/FifoCornerTest.xml] Error 1\n",
        "command": [
          "timeout",
          "--signal=TERM",
          "--kill-after=5",
          "60",
          "make",
          "-f",
          "/workspace/generated/designs/fifo/tb/.chia_sim/Makefile",
          "SIM=verilator",
          "TOPLEVEL_LANG=verilog",
          "TOPLEVEL=fifo",
          "COCOTB_TOPLEVEL=fifo",
          "MODULE=test_top",
          "COCOTB_TEST_MODULES=test_top",
          "VERILOG_SOURCES=/workspace/benchmarks/fifo/fifo.sv",
          "SIM_BUILD=/workspace/generated/designs/fifo/tb/.chia_sim/build",
          "COCOTB_RESULTS_FILE=/workspace/generated/designs/fifo/tb/.chia_sim/FifoCornerTest.xml",
          "COCOTB_HDL_TIMEUNIT=1ns",
          "COCOTB_HDL_TIMEPRECISION=1ps",
          "BUILD_ARGS=-j 4"
        ],
        "test_name": "FifoCornerTest",
        "test_module": "test_top",
        "results_file": "/workspace/generated/designs/fifo/tb/.chia_sim/FifoCornerTest.xml",
        "results_file_exists": true
      },
      "FifoBackToBackTest": {
        "status": "runtime_error",
        "category": "runtime_error",
        "timed_out": false,
        "watchdog_expired": false,
        "returncode": 2,
        "counts": {
          "uvm_errors": 0,
          "uvm_fatals": 0,
          "uvm_warnings": 0,
          "scoreboard_mismatches": 0,
          "assertion_failures": 0
        },
        "clean_exit": false,
        "log": "rm -f /workspace/generated/designs/fifo/tb/.chia_sim/FifoBackToBackTest.xml\nrm -f /workspace/generated/designs/fifo/tb/.chia_sim/FifoBackToBackTest.xml\nCOCOTB_TEST_MODULES=test_top COCOTB_TESTCASE=  COCOTB_TOPLEVEL=fifo TOPLEVEL_LANG=verilog       \\\n         /workspace/generated/designs/fifo/tb/.chia_sim/build/Vtop     \n     -.--ns INFO     gpi                                ../gpi/GpiCommon.cpp:242  in gpi_load_users                  Loaded entry library: '/home/ray/anaconda3/lib/libpython3.10.so.1.0'\n     -.--ns INFO     gpi                                ../gpi/GpiCommon.cpp:233  in gpi_load_users                  Running entry func 'initialize' from loaded library '/home/ray/anaconda3/lib/python3.10/site-packages/cocotb/simulator.cpython-310-x86_64-linux-gnu.so'\n     -.--ns INFO     pygpi                              ..ib/pygpi/embed.cpp:114  in initialize                      Using Python 3.10.19 interpreter at /home/ray/anaconda3/bin/python3\n     -.--ns INFO     gpi                                ../gpi/GpiCommon.cpp:74   in gpi_print_registered_impl       GPI: VPI support registered\n     0.00ns INFO     cocotb.initialize                  Seeding Python random module with 1789033714\n     0.00ns INFO     cocotb.initialize                  Initialized cocotb v2.1.0 from /home/ray/anaconda3/lib/python3.10/site-packages/cocotb\n     0.00ns INFO     cocotb.initialize                  Running on Verilator version 5.042 2025-11-02\n     0.00ns INFO     cocotb.regression                  Running tests\n     0.00ns INFO     cocotb.regression                  running test_top.fifo_tb_top (1/1)\n                                                            Single cocotb entry point \u2014 mirrors SV UVM's ``+UVM_TESTNAME`` flow.\n     0.00ns INFO     cocotb.fifo                        fifo_tb_top: UVM_TESTNAME=FifoBackToBackTest  DATA_WIDTH=8  DEPTH=4  CLK_HALF_PERIOD_NS=5  WATCHDOG_MAX_CYCLES=2000\n     0.00ns WARNING  py.warnings                        /workspace/generated/designs/fifo/tb/test_top.py:132: DeprecationWarning: Use `handle.set(Immediate(...))` or `handle.value = Immediate(...)` instead.\n                                                          dut.rst_n.setimmediatevalue(0)\n     0.00ns WARNING  py.warnings                        /workspace/generated/designs/fifo/tb/test_top.py:133: DeprecationWarning: Use `handle.set(Immediate(...))` or `handle.value = Immediate(...)` instead.\n                                                          dut.wr_en.setimmediatevalue(0)\n     0.00ns WARNING  py.warnings                        /workspace/generated/designs/fifo/tb/test_top.py:134: DeprecationWarning: Use `handle.set(Immediate(...))` or `handle.value = Immediate(...)` instead.\n                                                          dut.rd_en.setimmediatevalue(0)\n     0.00ns WARNING  py.warnings                        /workspace/generated/designs/fifo/tb/test_top.py:135: DeprecationWarning: Use `handle.set(Immediate(...))` or `handle.value = Immediate(...)` instead.\n                                                          dut.din.setimmediatevalue(0)\n    20.00ns WARNING  py.warnings                        /workspace/generated/designs/fifo/tb/test_top.py:137: DeprecationWarning: Use `handle.set(Immediate(...))` or `handle.value = Immediate(...)` instead.\n                                                          dut.rst_n.setimmediatevalue(1)\n    40.00ns INFO     ..ated/designs/fifo/tb/test.py(72) [uvm_test_top]: uvm_test_top: FifoEnv created\n    40.00ns INFO     ..rated/designs/fifo/tb/env.py(52) [uvm_test_top.fifo_env]: FifoEnv build_phase complete\n    40.00ns INFO     ..signs/fifo/tb/scoreboard.py(111) [uvm_test_top.fifo_env.fifo_scoreboard]: FifoScoreboard built (DATA_WIDTH=8, DEPTH=4)\n    40.00ns INFO     ..designs/fifo/tb/coverage.py(321) [uvm_test_top.fifo_env.fifo_coverage]: FifoCoverage built (DATA_WIDTH=8, DEPTH=4, count reachable=True)\n    40.00ns INFO     ..rated/designs/fifo/tb/env.py(67) [uvm_test_top.fifo_env]: FifoEnv connect_phase: agent.ap -> scoreboard + coverage\n    40.00ns INFO     ../designs/fifo/tb/monitor.py(115) [uvm_test_top.fifo_env.fifo_agent.fifo_monitor]: FifoMonitor started (DATA_WIDTH=8, DEPTH=4)\n    40.00ns WARNING  py.warnings                        /workspace/generated/designs/fifo/tb/dut_helper.py:115: DeprecationWarning: Use `handle.set(Immediate(...))` or `handle.value = Immediate(...)` instead.\n                                                          self.dut.wr_en.setimmediatevalue(int(wr_en) & 0x1)\n    40.00ns WARNING  py.warnings                        /workspace/generated/designs/fifo/tb/dut_helper.py:116: DeprecationWarning: Use `handle.set(Immediate(...))` or `handle.value = Immediate(...)` instead.\n                                                          self.dut.rd_en.setimmediatevalue(int(rd_en) & 0x1)\n    40.00ns WARNING  py.warnings                        /workspace/generated/designs/fifo/tb/dut_helper.py:118: DeprecationWarning: Use `handle.set(Immediate(...))` or `handle.value = Immediate(...)` instead.\n                                                          self.dut.din.setimmediatevalue(int(din) & mask)\n    40.00ns INFO     ..signs/fifo/tb/scoreboard.py(120) [uvm_test_top.fifo_env.fifo_scoreboard]: FifoScoreboard run_phase started\n    40.00ns WARNING  py.warnings                        /workspace/generated/designs/fifo/tb/sequences.py:112: DeprecationWarning: Use `handle.set(Immediate(...))` or `handle.value = Immediate(...)` instead.\n                                                          self.dut.rst_n.setimmediatevalue(0)\n    50.00ns WARNING  cocotb.regression                  test_top.fifo_tb_top failed\n                                                        Traceback (most recent call last):\n                                                          File \"/workspace/generated/designs/fifo/tb/assertions.py\", line 188, in check_reset_clean_state\n                                                            assert dout == 0, (\n                                                        AssertionError: reset_clean_state violated at cycle 0: rst_n asserted but dout=0xff (expected 0)\n                                                        assert 255 == 0\n    50.00ns INFO     cocotb.regression                  **************************************************************************************\n                                                        ** TEST                          STATUS  SIM TIME (ns)  REAL TIME (s)  RATIO (ns/s) **\n                                                        **************************************************************************************\n                                                        ** test_top.fifo_tb_top           FAIL          50.00           0.01       4516.99  **\n                                                        **************************************************************************************\n                                                        ** TESTS=1 PASS=0 FAIL=1 SKIP=0                 50.00           0.01       4390.46  **\n                                                        **************************************************************************************\n- :0: Verilog $finish\nmake: *** [/home/ray/anaconda3/lib/python3.10/site-packages/cocotb_tools/makefiles/simulators/Makefile.verilator:74: /workspace/generated/designs/fifo/tb/.chia_sim/FifoBackToBackTest.xml] Error 1\n",
        "command": [
          "timeout",
          "--signal=TERM",
          "--kill-after=5",
          "60",
          "make",
          "-f",
          "/workspace/generated/designs/fifo/tb/.chia_sim/Makefile",
          "SIM=verilator",
          "TOPLEVEL_LANG=verilog",
          "TOPLEVEL=fifo",
          "COCOTB_TOPLEVEL=fifo",
          "MODULE=test_top",
          "COCOTB_TEST_MODULES=test_top",
          "VERILOG_SOURCES=/workspace/benchmarks/fifo/fifo.sv",
          "SIM_BUILD=/workspace/generated/designs/fifo/tb/.chia_sim/build",
          "COCOTB_RESULTS_FILE=/workspace/generated/designs/fifo/tb/.chia_sim/FifoBackToBackTest.xml",
          "COCOTB_HDL_TIMEUNIT=1ns",
          "COCOTB_HDL_TIMEPRECISION=1ps",
          "BUILD_ARGS=-j 4"
        ],
        "test_name": "FifoBackToBackTest",
        "test_module": "test_top",
        "results_file": "/workspace/generated/designs/fifo/tb/.chia_sim/FifoBackToBackTest.xml",
        "results_file_exists": true
      },
      "FifoRandomizedTest": {
        "status": "runtime_error",
        "category": "runtime_error",
        "timed_out": false,
        "watchdog_expired": false,
        "returncode": 2,
        "counts": {
          "uvm_errors": 0,
          "uvm_fatals": 0,
          "uvm_warnings": 0,
          "scoreboard_mismatches": 0,
          "assertion_failures": 0
        },
        "clean_exit": false,
        "log": "rm -f /workspace/generated/designs/fifo/tb/.chia_sim/FifoRandomizedTest.xml\nrm -f /workspace/generated/designs/fifo/tb/.chia_sim/FifoRandomizedTest.xml\nCOCOTB_TEST_MODULES=test_top COCOTB_TESTCASE=  COCOTB_TOPLEVEL=fifo TOPLEVEL_LANG=verilog       \\\n         /workspace/generated/designs/fifo/tb/.chia_sim/build/Vtop     \n     -.--ns INFO     gpi                                ../gpi/GpiCommon.cpp:242  in gpi_load_users                  Loaded entry library: '/home/ray/anaconda3/lib/libpython3.10.so.1.0'\n     -.--ns INFO     gpi                                ../gpi/GpiCommon.cpp:233  in gpi_load_users                  Running entry func 'initialize' from loaded library '/home/ray/anaconda3/lib/python3.10/site-packages/cocotb/simulator.cpython-310-x86_64-linux-gnu.so'\n     -.--ns INFO     pygpi                              ..ib/pygpi/embed.cpp:114  in initialize                      Using Python 3.10.19 interpreter at /home/ray/anaconda3/bin/python3\n     -.--ns INFO     gpi                                ../gpi/GpiCommon.cpp:74   in gpi_print_registered_impl       GPI: VPI support registered\n     0.00ns INFO     cocotb.initialize                  Seeding Python random module with 1789033715\n     0.00ns INFO     cocotb.initialize                  Initialized cocotb v2.1.0 from /home/ray/anaconda3/lib/python3.10/site-packages/cocotb\n     0.00ns INFO     cocotb.initialize                  Running on Verilator version 5.042 2025-11-02\n     0.00ns INFO     cocotb.regression                  Running tests\n     0.00ns INFO     cocotb.regression                  running test_top.fifo_tb_top (1/1)\n                                                            Single cocotb entry point \u2014 mirrors SV UVM's ``+UVM_TESTNAME`` flow.\n     0.00ns INFO     cocotb.fifo                        fifo_tb_top: UVM_TESTNAME=FifoRandomizedTest  DATA_WIDTH=8  DEPTH=4  CLK_HALF_PERIOD_NS=5  WATCHDOG_MAX_CYCLES=2000\n     0.00ns WARNING  py.warnings                        /workspace/generated/designs/fifo/tb/test_top.py:132: DeprecationWarning: Use `handle.set(Immediate(...))` or `handle.value = Immediate(...)` instead.\n                                                          dut.rst_n.setimmediatevalue(0)\n     0.00ns WARNING  py.warnings                        /workspace/generated/designs/fifo/tb/test_top.py:133: DeprecationWarning: Use `handle.set(Immediate(...))` or `handle.value = Immediate(...)` instead.\n                                                          dut.wr_en.setimmediatevalue(0)\n     0.00ns WARNING  py.warnings                        /workspace/generated/designs/fifo/tb/test_top.py:134: DeprecationWarning: Use `handle.set(Immediate(...))` or `handle.value = Immediate(...)` instead.\n                                                          dut.rd_en.setimmediatevalue(0)\n     0.00ns WARNING  py.warnings                        /workspace/generated/designs/fifo/tb/test_top.py:135: DeprecationWarning: Use `handle.set(Immediate(...))` or `handle.value = Immediate(...)` instead.\n                                                          dut.din.setimmediatevalue(0)\n    20.00ns WARNING  py.warnings                        /workspace/generated/designs/fifo/tb/test_top.py:137: DeprecationWarning: Use `handle.set(Immediate(...))` or `handle.value = Immediate(...)` instead.\n                                                          dut.rst_n.setimmediatevalue(1)\n    40.00ns INFO     ..ated/designs/fifo/tb/test.py(72) [uvm_test_top]: uvm_test_top: FifoEnv created\n    40.00ns INFO     ..rated/designs/fifo/tb/env.py(52) [uvm_test_top.fifo_env]: FifoEnv build_phase complete\n    40.00ns INFO     ..signs/fifo/tb/scoreboard.py(111) [uvm_test_top.fifo_env.fifo_scoreboard]: FifoScoreboard built (DATA_WIDTH=8, DEPTH=4)\n    40.00ns INFO     ..designs/fifo/tb/coverage.py(321) [uvm_test_top.fifo_env.fifo_coverage]: FifoCoverage built (DATA_WIDTH=8, DEPTH=4, count reachable=True)\n    40.00ns INFO     ..rated/designs/fifo/tb/env.py(67) [uvm_test_top.fifo_env]: FifoEnv connect_phase: agent.ap -> scoreboard + coverage\n    40.00ns INFO     ../designs/fifo/tb/monitor.py(115) [uvm_test_top.fifo_env.fifo_agent.fifo_monitor]: FifoMonitor started (DATA_WIDTH=8, DEPTH=4)\n    40.00ns WARNING  py.warnings                        /workspace/generated/designs/fifo/tb/dut_helper.py:115: DeprecationWarning: Use `handle.set(Immediate(...))` or `handle.value = Immediate(...)` instead.\n                                                          self.dut.wr_en.setimmediatevalue(int(wr_en) & 0x1)\n    40.00ns WARNING  py.warnings                        /workspace/generated/designs/fifo/tb/dut_helper.py:116: DeprecationWarning: Use `handle.set(Immediate(...))` or `handle.value = Immediate(...)` instead.\n                                                          self.dut.rd_en.setimmediatevalue(int(rd_en) & 0x1)\n    40.00ns WARNING  py.warnings                        /workspace/generated/designs/fifo/tb/dut_helper.py:118: DeprecationWarning: Use `handle.set(Immediate(...))` or `handle.value = Immediate(...)` instead.\n                                                          self.dut.din.setimmediatevalue(int(din) & mask)\n    40.00ns INFO     ..signs/fifo/tb/scoreboard.py(120) [uvm_test_top.fifo_env.fifo_scoreboard]: FifoScoreboard run_phase started\n    40.00ns WARNING  py.warnings                        /workspace/generated/designs/fifo/tb/sequences.py:112: DeprecationWarning: Use `handle.set(Immediate(...))` or `handle.value = Immediate(...)` instead.\n                                                          self.dut.rst_n.setimmediatevalue(0)\n    50.00ns WARNING  cocotb.regression                  test_top.fifo_tb_top failed\n                                                        Traceback (most recent call last):\n                                                          File \"/workspace/generated/designs/fifo/tb/assertions.py\", line 188, in check_reset_clean_state\n                                                            assert dout == 0, (\n                                                        AssertionError: reset_clean_state violated at cycle 0: rst_n asserted but dout=0xff (expected 0)\n                                                        assert 255 == 0\n    50.00ns INFO     cocotb.regression                  **************************************************************************************\n                                                        ** TEST                          STATUS  SIM TIME (ns)  REAL TIME (s)  RATIO (ns/s) **\n                                                        **************************************************************************************\n                                                        ** test_top.fifo_tb_top           FAIL          50.00           0.01       4343.48  **\n                                                        **************************************************************************************\n                                                        ** TESTS=1 PASS=0 FAIL=1 SKIP=0                 50.00           0.01       4226.12  **\n                                                        **************************************************************************************\n- :0: Verilog $finish\nmake: *** [/home/ray/anaconda3/lib/python3.10/site-packages/cocotb_tools/makefiles/simulators/Makefile.verilator:74: /workspace/generated/designs/fifo/tb/.chia_sim/FifoRandomizedTest.xml] Error 1\n",
        "command": [
          "timeout",
          "--signal=TERM",
          "--kill-after=5",
          "60",
          "make",
          "-f",
          "/workspace/generated/designs/fifo/tb/.chia_sim/Makefile",
          "SIM=verilator",
          "TOPLEVEL_LANG=verilog",
          "TOPLEVEL=fifo",
          "COCOTB_TOPLEVEL=fifo",
          "MODULE=test_top",
          "COCOTB_TEST_MODULES=test_top",
          "VERILOG_SOURCES=/workspace/benchmarks/fifo/fifo.sv",
          "SIM_BUILD=/workspace/generated/designs/fifo/tb/.chia_sim/build",
          "COCOTB_RESULTS_FILE=/workspace/generated/designs/fifo/tb/.chia_sim/FifoRandomizedTest.xml",
          "COCOTB_HDL_TIMEUNIT=1ns",
          "COCOTB_HDL_TIMEPRECISION=1ps",
          "BUILD_ARGS=-j 4"
        ],
        "test_name": "FifoRandomizedTest",
        "test_module": "test_top",
        "results_file": "/workspace/generated/designs/fifo/tb/.chia_sim/FifoRandomizedTest.xml",
        "results_file_exists": true
      }
    }
  }
}
[36m(_ToolServerActor pid=18225)[0m INFO:     Started server process [18225]
[36m(_ToolServerActor pid=18225)[0m INFO:     Waiting for application startup.
[36m(_ToolServerActor pid=18225)[0m INFO:     Application startup complete.
[36m(_ToolServerActor pid=18225)[0m INFO:     Uvicorn running on http://172.16.36.107:8000 (Press CTRL+C to quit)
verification_improvement_workspace started at 172.16.36.107:8000 on node 4620ac88df003eb1995c4300a564485a171d4aadcd54becd8ed0d27f
OpenCodeLLM is experimental: only exercised by unit tests so far, not validated in production.
[36m(_ToolServerActor pid=18225)[0m INFO:     172.16.36.107:35848 - "POST /verification_improvement_workspace/mcp HTTP/1.1" 200 OK
[36m(_ToolServerActor pid=18225)[0m INFO:     172.16.36.107:35848 - "POST /verification_improvement_workspace/mcp HTTP/1.1" 202 Accepted
[36m(_ToolServerActor pid=18225)[0m INFO:     172.16.36.107:35848 - "GET /verification_improvement_workspace/mcp HTTP/1.1" 200 OK
[36m(_ToolServerActor pid=18225)[0m INFO:     172.16.36.107:35858 - "POST /verification_improvement_workspace/mcp HTTP/1.1" 200 OK
[36m(_ToolServerActor pid=18225)[0m INFO:     Shutting down
[36m(_ToolServerActor pid=18225)[0m INFO:     Waiting for application shutdown.
[36m(_ToolServerActor pid=18225)[0m INFO:     Application shutdown complete.
[36m(_ToolServerActor pid=18225)[0m INFO:     Finished server process [18225]

===== RTL REPAIR DECISION =====
schema_version: '1.0'
action: repair
root_cause: Asynchronous reset incorrectly sets dout to all ones instead of all zeros,
  violating the specification.
evidence:
- Line 25 of rtl.sv uses 'dout <= '1;' during asynchronous reset, which should instead
  clear dout to zero per specification, reference model, and verification plan.
confidence: high
changes:
- file: rtl.sv
  action: modify
  instructions:
  - Change line 25 from "dout   <= '1;" to "dout   <= '0;" to correctly clear dout
    to zero during asynchronous reset, matching the specification, reference model,
    and verification plan.

[36m(_ToolServerActor pid=18285)[0m INFO:     Started server process [18285]
[36m(_ToolServerActor pid=18285)[0m INFO:     Waiting for application startup.
[36m(_ToolServerActor pid=18285)[0m INFO:     Application startup complete.
[36m(_ToolServerActor pid=18285)[0m INFO:     Uvicorn running on http://172.16.36.107:8000 (Press CTRL+C to quit)
verification_improvement_workspace started at 172.16.36.107:8000 on node 4620ac88df003eb1995c4300a564485a171d4aadcd54becd8ed0d27f
OpenCodeLLM is experimental: only exercised by unit tests so far, not validated in production.
[36m(_ToolServerActor pid=18285)[0m INFO:     172.16.36.107:41660 - "POST /verification_improvement_workspace/mcp HTTP/1.1" 200 OK
[36m(_ToolServerActor pid=18285)[0m INFO:     172.16.36.107:41660 - "POST /verification_improvement_workspace/mcp HTTP/1.1" 202 Accepted
[36m(_ToolServerActor pid=18285)[0m INFO:     172.16.36.107:41660 - "GET /verification_improvement_workspace/mcp HTTP/1.1" 200 OK
[36m(_ToolServerActor pid=18285)[0m INFO:     172.16.36.107:41670 - "POST /verification_improvement_workspace/mcp HTTP/1.1" 200 OK
[36m(_ToolServerActor pid=18285)[0m INFO:     Shutting down

===== RTL CANDIDATE VERIFICATION =====
  Candidate RTL: /home/auralab/nwark/chia_sept7_for_multi_rtl_with_multi_llm/for_multiple_rtl_updation_generalized/generated/designs/fifo/rtl_verification/candidates/iteration_01/fifo.sv
  Benchmark RTL remains untouched: /home/auralab/nwark/chia_sept7_for_multi_rtl_with_multi_llm/for_multiple_rtl_updation_generalized/benchmarks/fifo/fifo.sv
[36m(_ToolServerActor pid=18285)[0m INFO:     Waiting for application shutdown.
[36m(_ToolServerActor pid=18285)[0m INFO:     Application shutdown complete.
[36m(_ToolServerActor pid=18285)[0m INFO:     Finished server process [18285]

✗ RTL repair rejected at iteration 1; accepted RTL snapshot remains unchanged.
✓ Original benchmark RTL was not modified.

===== RTL VERIFICATION (iteration 2) =====
  Accepted RTL snapshot: /home/auralab/nwark/chia_sept7_for_multi_rtl_with_multi_llm/for_multiple_rtl_updation_generalized/generated/designs/fifo/rtl_verification/accepted/fifo.sv
  Benchmark RTL (read-only): /home/auralab/nwark/chia_sept7_for_multi_rtl_with_multi_llm/for_multiple_rtl_updation_generalized/benchmarks/fifo/fifo.sv
[36m(simulate pid=16878)[0m Wrote /workspace/generated/designs/fifo/rtl_verification/results/candidate_01.json
[36m(simulate pid=16878)[0m Wrote /workspace/generated/designs/fifo/rtl_verification/results/iteration_02.json
{
  "verdict": "generation_bug",
  "detail": {
    "status": "functional_failure",
    "tests": {
      "FifoTC001Test": {
        "status": "runtime_error",
        "category": "runtime_error",
        "timed_out": false,
        "watchdog_expired": false,
        "returncode": 2,
        "counts": {
          "uvm_errors": 0,
          "uvm_fatals": 0,
          "uvm_warnings": 0,
          "scoreboard_mismatches": 0,
          "assertion_failures": 0
        },
        "clean_exit": false,
        "log": "rm -f /workspace/generated/designs/fifo/tb/.chia_sim/FifoTC001Test.xml\nrm -f /workspace/generated/designs/fifo/tb/.chia_sim/FifoTC001Test.xml\nCOCOTB_TEST_MODULES=test_top COCOTB_TESTCASE=  COCOTB_TOPLEVEL=fifo TOPLEVEL_LANG=verilog       \\\n         /workspace/generated/designs/fifo/tb/.chia_sim/build/Vtop     \n     -.--ns INFO     gpi                                ../gpi/GpiCommon.cpp:242  in gpi_load_users                  Loaded entry library: '/home/ray/anaconda3/lib/libpython3.10.so.1.0'\n     -.--ns INFO     gpi                                ../gpi/GpiCommon.cpp:233  in gpi_load_users                  Running entry func 'initialize' from loaded library '/home/ray/anaconda3/lib/python3.10/site-packages/cocotb/simulator.cpython-310-x86_64-linux-gnu.so'\n     -.--ns INFO     pygpi                              ..ib/pygpi/embed.cpp:114  in initialize                      Using Python 3.10.19 interpreter at /home/ray/anaconda3/bin/python3\n     -.--ns INFO     gpi                                ../gpi/GpiCommon.cpp:74   in gpi_print_registered_impl       GPI: VPI support registered\n     0.00ns INFO     cocotb.initialize                  Seeding Python random module with 1789033914\n     0.00ns INFO     cocotb.initialize                  Initialized cocotb v2.1.0 from /home/ray/anaconda3/lib/python3.10/site-packages/cocotb\n     0.00ns INFO     cocotb.initialize                  Running on Verilator version 5.042 2025-11-02\n     0.00ns INFO     cocotb.regression                  Running tests\n     0.00ns INFO     cocotb.regression                  running test_top.fifo_tb_top (1/1)\n                                                            Single cocotb entry point \u2014 mirrors SV UVM's ``+UVM_TESTNAME`` flow.\n     0.00ns INFO     cocotb.fifo                        fifo_tb_top: UVM_TESTNAME=FifoTC001Test  DATA_WIDTH=8  DEPTH=4  CLK_HALF_PERIOD_NS=5  WATCHDOG_MAX_CYCLES=2000\n     0.00ns WARNING  py.warnings                        /workspace/generated/designs/fifo/tb/test_top.py:132: DeprecationWarning: Use `handle.set(Immediate(...))` or `handle.value = Immediate(...)` instead.\n                                                          dut.rst_n.setimmediatevalue(0)\n     0.00ns WARNING  py.warnings                        /workspace/generated/designs/fifo/tb/test_top.py:133: DeprecationWarning: Use `handle.set(Immediate(...))` or `handle.value = Immediate(...)` instead.\n                                                          dut.wr_en.setimmediatevalue(0)\n     0.00ns WARNING  py.warnings                        /workspace/generated/designs/fifo/tb/test_top.py:134: DeprecationWarning: Use `handle.set(Immediate(...))` or `handle.value = Immediate(...)` instead.\n                                                          dut.rd_en.setimmediatevalue(0)\n     0.00ns WARNING  py.warnings                        /workspace/generated/designs/fifo/tb/test_top.py:135: DeprecationWarning: Use `handle.set(Immediate(...))` or `handle.value = Immediate(...)` instead.\n                                                          dut.din.setimmediatevalue(0)\n    20.00ns WARNING  py.warnings                        /workspace/generated/designs/fifo/tb/test_top.py:137: DeprecationWarning: Use `handle.set(Immediate(...))` or `handle.value = Immediate(...)` instead.\n                                                          dut.rst_n.setimmediatevalue(1)\n    40.00ns INFO     ..ated/designs/fifo/tb/test.py(72) [uvm_test_top]: uvm_test_top: FifoEnv created\n    40.00ns INFO     ..rated/designs/fifo/tb/env.py(52) [uvm_test_top.fifo_env]: FifoEnv build_phase complete\n    40.00ns INFO     ..signs/fifo/tb/scoreboard.py(111) [uvm_test_top.fifo_env.fifo_scoreboard]: FifoScoreboard built (DATA_WIDTH=8, DEPTH=4)\n    40.00ns INFO     ..designs/fifo/tb/coverage.py(321) [uvm_test_top.fifo_env.fifo_coverage]: FifoCoverage built (DATA_WIDTH=8, DEPTH=4, count reachable=True)\n    40.00ns INFO     ..rated/designs/fifo/tb/env.py(67) [uvm_test_top.fifo_env]: FifoEnv connect_phase: agent.ap -> scoreboard + coverage\n    40.00ns INFO     ../designs/fifo/tb/monitor.py(115) [uvm_test_top.fifo_env.fifo_agent.fifo_monitor]: FifoMonitor started (DATA_WIDTH=8, DEPTH=4)\n    40.00ns WARNING  py.warnings                        /workspace/generated/designs/fifo/tb/dut_helper.py:115: DeprecationWarning: Use `handle.set(Immediate(...))` or `handle.value = Immediate(...)` instead.\n                                                          self.dut.wr_en.setimmediatevalue(int(wr_en) & 0x1)\n    40.00ns WARNING  py.warnings                        /workspace/generated/designs/fifo/tb/dut_helper.py:116: DeprecationWarning: Use `handle.set(Immediate(...))` or `handle.value = Immediate(...)` instead.\n                                                          self.dut.rd_en.setimmediatevalue(int(rd_en) & 0x1)\n    40.00ns WARNING  py.warnings                        /workspace/generated/designs/fifo/tb/dut_helper.py:118: DeprecationWarning: Use `handle.set(Immediate(...))` or `handle.value = Immediate(...)` instead.\n                                                          self.dut.din.setimmediatevalue(int(din) & mask)\n    40.00ns INFO     ..signs/fifo/tb/scoreboard.py(120) [uvm_test_top.fifo_env.fifo_scoreboard]: FifoScoreboard run_phase started\n    40.00ns WARNING  py.warnings                        /workspace/generated/designs/fifo/tb/sequences.py:112: DeprecationWarning: Use `handle.set(Immediate(...))` or `handle.value = Immediate(...)` instead.\n                                                          self.dut.rst_n.setimmediatevalue(0)\n    50.00ns WARNING  cocotb.regression                  test_top.fifo_tb_top failed\n                                                        Traceback (most recent call last):\n                                                          File \"/workspace/generated/designs/fifo/tb/assertions.py\", line 188, in check_reset_clean_state\n                                                            assert dout == 0, (\n                                                        AssertionError: reset_clean_state violated at cycle 0: rst_n asserted but dout=0xff (expected 0)\n                                                        assert 255 == 0\n    50.00ns INFO     cocotb.regression                  **************************************************************************************\n                                                        ** TEST                          STATUS  SIM TIME (ns)  REAL TIME (s)  RATIO (ns/s) **\n                                                        **************************************************************************************\n                                                        ** test_top.fifo_tb_top           FAIL          50.00           0.01       4633.70  **\n                                                        **************************************************************************************\n                                                        ** TESTS=1 PASS=0 FAIL=1 SKIP=0                 50.00           0.01       4508.41  **\n                                                        **************************************************************************************\n- :0: Verilog $finish\nmake: *** [/home/ray/anaconda3/lib/python3.10/site-packages/cocotb_tools/makefiles/simulators/Makefile.verilator:74: /workspace/generated/designs/fifo/tb/.chia_sim/FifoTC001Test.xml] Error 1\n",
        "command": [
          "timeout",
          "--signal=TERM",
          "--kill-after=5",
          "60",
          "make",
          "-f",
          "/workspace/generated/designs/fifo/tb/.chia_sim/Makefile",
          "SIM=verilator",
          "TOPLEVEL_LANG=verilog",
          "TOPLEVEL=fifo",
          "COCOTB_TOPLEVEL=fifo",
          "MODULE=test_top",
          "COCOTB_TEST_MODULES=test_top",
          "VERILOG_SOURCES=/workspace/benchmarks/fifo/fifo.sv",
          "SIM_BUILD=/workspace/generated/designs/fifo/tb/.chia_sim/build",
          "COCOTB_RESULTS_FILE=/workspace/generated/designs/fifo/tb/.chia_sim/FifoTC001Test.xml",
          "COCOTB_HDL_TIMEUNIT=1ns",
          "COCOTB_HDL_TIMEPRECISION=1ps",
          "BUILD_ARGS=-j 4"
        ],
        "test_name": "FifoTC001Test",
        "test_module": "test_top",
        "results_file": "/workspace/generated/designs/fifo/tb/.chia_sim/FifoTC001Test.xml",
        "results_file_exists": true
      },
      "FifoTC002Test": {
        "status": "runtime_error",
        "category": "runtime_error",
        "timed_out": false,
        "watchdog_expired": false,
        "returncode": 2,
        "counts": {
          "uvm_errors": 0,
          "uvm_fatals": 0,
          "uvm_warnings": 0,
          "scoreboard_mismatches": 0,
          "assertion_failures": 0
        },
        "clean_exit": false,
        "log": "rm -f /workspace/generated/designs/fifo/tb/.chia_sim/FifoTC002Test.xml\nrm -f /workspace/generated/designs/fifo/tb/.chia_sim/FifoTC002Test.xml\nCOCOTB_TEST_MODULES=test_top COCOTB_TESTCASE=  COCOTB_TOPLEVEL=fifo TOPLEVEL_LANG=verilog       \\\n         /workspace/generated/designs/fifo/tb/.chia_sim/build/Vtop     \n     -.--ns INFO     gpi                                ../gpi/GpiCommon.cpp:242  in gpi_load_users                  Loaded entry library: '/home/ray/anaconda3/lib/libpython3.10.so.1.0'\n     -.--ns INFO     gpi                                ../gpi/GpiCommon.cpp:233  in gpi_load_users                  Running entry func 'initialize' from loaded library '/home/ray/anaconda3/lib/python3.10/site-packages/cocotb/simulator.cpython-310-x86_64-linux-gnu.so'\n     -.--ns INFO     pygpi                              ..ib/pygpi/embed.cpp:114  in initialize                      Using Python 3.10.19 interpreter at /home/ray/anaconda3/bin/python3\n     -.--ns INFO     gpi                                ../gpi/GpiCommon.cpp:74   in gpi_print_registered_impl       GPI: VPI support registered\n     0.00ns INFO     cocotb.initialize                  Seeding Python random module with 1789033914\n     0.00ns INFO     cocotb.initialize                  Initialized cocotb v2.1.0 from /home/ray/anaconda3/lib/python3.10/site-packages/cocotb\n     0.00ns INFO     cocotb.initialize                  Running on Verilator version 5.042 2025-11-02\n     0.00ns INFO     cocotb.regression                  Running tests\n     0.00ns INFO     cocotb.regression                  running test_top.fifo_tb_top (1/1)\n                                                            Single cocotb entry point \u2014 mirrors SV UVM's ``+UVM_TESTNAME`` flow.\n     0.00ns INFO     cocotb.fifo                        fifo_tb_top: UVM_TESTNAME=FifoTC002Test  DATA_WIDTH=8  DEPTH=4  CLK_HALF_PERIOD_NS=5  WATCHDOG_MAX_CYCLES=2000\n     0.00ns WARNING  py.warnings                        /workspace/generated/designs/fifo/tb/test_top.py:132: DeprecationWarning: Use `handle.set(Immediate(...))` or `handle.value = Immediate(...)` instead.\n                                                          dut.rst_n.setimmediatevalue(0)\n     0.00ns WARNING  py.warnings                        /workspace/generated/designs/fifo/tb/test_top.py:133: DeprecationWarning: Use `handle.set(Immediate(...))` or `handle.value = Immediate(...)` instead.\n                                                          dut.wr_en.setimmediatevalue(0)\n     0.00ns WARNING  py.warnings                        /workspace/generated/designs/fifo/tb/test_top.py:134: DeprecationWarning: Use `handle.set(Immediate(...))` or `handle.value = Immediate(...)` instead.\n                                                          dut.rd_en.setimmediatevalue(0)\n     0.00ns WARNING  py.warnings                        /workspace/generated/designs/fifo/tb/test_top.py:135: DeprecationWarning: Use `handle.set(Immediate(...))` or `handle.value = Immediate(...)` instead.\n                                                          dut.din.setimmediatevalue(0)\n    20.00ns WARNING  py.warnings                        /workspace/generated/designs/fifo/tb/test_top.py:137: DeprecationWarning: Use `handle.set(Immediate(...))` or `handle.value = Immediate(...)` instead.\n                                                          dut.rst_n.setimmediatevalue(1)\n    40.00ns INFO     ..ated/designs/fifo/tb/test.py(72) [uvm_test_top]: uvm_test_top: FifoEnv created\n    40.00ns INFO     ..rated/designs/fifo/tb/env.py(52) [uvm_test_top.fifo_env]: FifoEnv build_phase complete\n    40.00ns INFO     ..signs/fifo/tb/scoreboard.py(111) [uvm_test_top.fifo_env.fifo_scoreboard]: FifoScoreboard built (DATA_WIDTH=8, DEPTH=4)\n    40.00ns INFO     ..designs/fifo/tb/coverage.py(321) [uvm_test_top.fifo_env.fifo_coverage]: FifoCoverage built (DATA_WIDTH=8, DEPTH=4, count reachable=True)\n    40.00ns INFO     ..rated/designs/fifo/tb/env.py(67) [uvm_test_top.fifo_env]: FifoEnv connect_phase: agent.ap -> scoreboard + coverage\n    40.00ns INFO     ../designs/fifo/tb/monitor.py(115) [uvm_test_top.fifo_env.fifo_agent.fifo_monitor]: FifoMonitor started (DATA_WIDTH=8, DEPTH=4)\n    40.00ns WARNING  py.warnings                        /workspace/generated/designs/fifo/tb/dut_helper.py:115: DeprecationWarning: Use `handle.set(Immediate(...))` or `handle.value = Immediate(...)` instead.\n                                                          self.dut.wr_en.setimmediatevalue(int(wr_en) & 0x1)\n    40.00ns WARNING  py.warnings                        /workspace/generated/designs/fifo/tb/dut_helper.py:116: DeprecationWarning: Use `handle.set(Immediate(...))` or `handle.value = Immediate(...)` instead.\n                                                          self.dut.rd_en.setimmediatevalue(int(rd_en) & 0x1)\n    40.00ns WARNING  py.warnings                        /workspace/generated/designs/fifo/tb/dut_helper.py:118: DeprecationWarning: Use `handle.set(Immediate(...))` or `handle.value = Immediate(...)` instead.\n                                                          self.dut.din.setimmediatevalue(int(din) & mask)\n    40.00ns INFO     ..signs/fifo/tb/scoreboard.py(120) [uvm_test_top.fifo_env.fifo_scoreboard]: FifoScoreboard run_phase started\n    40.00ns WARNING  py.warnings                        /workspace/generated/designs/fifo/tb/sequences.py:112: DeprecationWarning: Use `handle.set(Immediate(...))` or `handle.value = Immediate(...)` instead.\n                                                          self.dut.rst_n.setimmediatevalue(0)\n    50.00ns WARNING  cocotb.regression                  test_top.fifo_tb_top failed\n                                                        Traceback (most recent call last):\n                                                          File \"/workspace/generated/designs/fifo/tb/assertions.py\", line 188, in check_reset_clean_state\n                                                            assert dout == 0, (\n                                                        AssertionError: reset_clean_state violated at cycle 0: rst_n asserted but dout=0xff (expected 0)\n                                                        assert 255 == 0\n    50.00ns INFO     cocotb.regression                  **************************************************************************************\n                                                        ** TEST                          STATUS  SIM TIME (ns)  REAL TIME (s)  RATIO (ns/s) **\n                                                        **************************************************************************************\n                                                        ** test_top.fifo_tb_top           FAIL          50.00           0.01       4537.53  **\n                                                        **************************************************************************************\n                                                        ** TESTS=1 PASS=0 FAIL=1 SKIP=0                 50.00           0.01       4415.08  **\n                                                        **************************************************************************************\n- :0: Verilog $finish\nmake: *** [/home/ray/anaconda3/lib/python3.10/site-packages/cocotb_tools/makefiles/simulators/Makefile.verilator:74: /workspace/generated/designs/fifo/tb/.chia_sim/FifoTC002Test.xml] Error 1\n",
        "command": [
          "timeout",
          "--signal=TERM",
          "--kill-after=5",
          "60",
          "make",
          "-f",
          "/workspace/generated/designs/fifo/tb/.chia_sim/Makefile",
          "SIM=verilator",
          "TOPLEVEL_LANG=verilog",
          "TOPLEVEL=fifo",
          "COCOTB_TOPLEVEL=fifo",
          "MODULE=test_top",
          "COCOTB_TEST_MODULES=test_top",
          "VERILOG_SOURCES=/workspace/benchmarks/fifo/fifo.sv",
          "SIM_BUILD=/workspace/generated/designs/fifo/tb/.chia_sim/build",
          "COCOTB_RESULTS_FILE=/workspace/generated/designs/fifo/tb/.chia_sim/FifoTC002Test.xml",
          "COCOTB_HDL_TIMEUNIT=1ns",
          "COCOTB_HDL_TIMEPRECISION=1ps",
          "BUILD_ARGS=-j 4"
        ],
        "test_name": "FifoTC002Test",
        "test_module": "test_top",
        "results_file": "/workspace/generated/designs/fifo/tb/.chia_sim/FifoTC002Test.xml",
        "results_file_exists": true
      },
      "FifoTC003Test": {
        "status": "runtime_error",
        "category": "runtime_error",
        "timed_out": false,
        "watchdog_expired": false,
        "returncode": 2,
        "counts": {
          "uvm_errors": 0,
          "uvm_fatals": 0,
          "uvm_warnings": 0,
          "scoreboard_mismatches": 0,
          "assertion_failures": 0
        },
        "clean_exit": false,
        "log": "rm -f /workspace/generated/designs/fifo/tb/.chia_sim/FifoTC003Test.xml\nrm -f /workspace/generated/designs/fifo/tb/.chia_sim/FifoTC003Test.xml\nCOCOTB_TEST_MODULES=test_top COCOTB_TESTCASE=  COCOTB_TOPLEVEL=fifo TOPLEVEL_LANG=verilog       \\\n         /workspace/generated/designs/fifo/tb/.chia_sim/build/Vtop     \n     -.--ns INFO     gpi                                ../gpi/GpiCommon.cpp:242  in gpi_load_users                  Loaded entry library: '/home/ray/anaconda3/lib/libpython3.10.so.1.0'\n     -.--ns INFO     gpi                                ../gpi/GpiCommon.cpp:233  in gpi_load_users                  Running entry func 'initialize' from loaded library '/home/ray/anaconda3/lib/python3.10/site-packages/cocotb/simulator.cpython-310-x86_64-linux-gnu.so'\n     -.--ns INFO     pygpi                              ..ib/pygpi/embed.cpp:114  in initialize                      Using Python 3.10.19 interpreter at /home/ray/anaconda3/bin/python3\n     -.--ns INFO     gpi                                ../gpi/GpiCommon.cpp:74   in gpi_print_registered_impl       GPI: VPI support registered\n     0.00ns INFO     cocotb.initialize                  Seeding Python random module with 1789033915\n     0.00ns INFO     cocotb.initialize                  Initialized cocotb v2.1.0 from /home/ray/anaconda3/lib/python3.10/site-packages/cocotb\n     0.00ns INFO     cocotb.initialize                  Running on Verilator version 5.042 2025-11-02\n     0.00ns INFO     cocotb.regression                  Running tests\n     0.00ns INFO     cocotb.regression                  running test_top.fifo_tb_top (1/1)\n                                                            Single cocotb entry point \u2014 mirrors SV UVM's ``+UVM_TESTNAME`` flow.\n     0.00ns INFO     cocotb.fifo                        fifo_tb_top: UVM_TESTNAME=FifoTC003Test  DATA_WIDTH=8  DEPTH=4  CLK_HALF_PERIOD_NS=5  WATCHDOG_MAX_CYCLES=2000\n     0.00ns WARNING  py.warnings                        /workspace/generated/designs/fifo/tb/test_top.py:132: DeprecationWarning: Use `handle.set(Immediate(...))` or `handle.value = Immediate(...)` instead.\n                                                          dut.rst_n.setimmediatevalue(0)\n     0.00ns WARNING  py.warnings                        /workspace/generated/designs/fifo/tb/test_top.py:133: DeprecationWarning: Use `handle.set(Immediate(...))` or `handle.value = Immediate(...)` instead.\n                                                          dut.wr_en.setimmediatevalue(0)\n     0.00ns WARNING  py.warnings                        /workspace/generated/designs/fifo/tb/test_top.py:134: DeprecationWarning: Use `handle.set(Immediate(...))` or `handle.value = Immediate(...)` instead.\n                                                          dut.rd_en.setimmediatevalue(0)\n     0.00ns WARNING  py.warnings                        /workspace/generated/designs/fifo/tb/test_top.py:135: DeprecationWarning: Use `handle.set(Immediate(...))` or `handle.value = Immediate(...)` instead.\n                                                          dut.din.setimmediatevalue(0)\n    20.00ns WARNING  py.warnings                        /workspace/generated/designs/fifo/tb/test_top.py:137: DeprecationWarning: Use `handle.set(Immediate(...))` or `handle.value = Immediate(...)` instead.\n                                                          dut.rst_n.setimmediatevalue(1)\n    40.00ns INFO     ..ated/designs/fifo/tb/test.py(72) [uvm_test_top]: uvm_test_top: FifoEnv created\n    40.00ns INFO     ..rated/designs/fifo/tb/env.py(52) [uvm_test_top.fifo_env]: FifoEnv build_phase complete\n    40.00ns INFO     ..signs/fifo/tb/scoreboard.py(111) [uvm_test_top.fifo_env.fifo_scoreboard]: FifoScoreboard built (DATA_WIDTH=8, DEPTH=4)\n    40.00ns INFO     ..designs/fifo/tb/coverage.py(321) [uvm_test_top.fifo_env.fifo_coverage]: FifoCoverage built (DATA_WIDTH=8, DEPTH=4, count reachable=True)\n    40.00ns INFO     ..rated/designs/fifo/tb/env.py(67) [uvm_test_top.fifo_env]: FifoEnv connect_phase: agent.ap -> scoreboard + coverage\n    40.00ns INFO     ../designs/fifo/tb/monitor.py(115) [uvm_test_top.fifo_env.fifo_agent.fifo_monitor]: FifoMonitor started (DATA_WIDTH=8, DEPTH=4)\n    40.00ns WARNING  py.warnings                        /workspace/generated/designs/fifo/tb/dut_helper.py:115: DeprecationWarning: Use `handle.set(Immediate(...))` or `handle.value = Immediate(...)` instead.\n                                                          self.dut.wr_en.setimmediatevalue(int(wr_en) & 0x1)\n    40.00ns WARNING  py.warnings                        /workspace/generated/designs/fifo/tb/dut_helper.py:116: DeprecationWarning: Use `handle.set(Immediate(...))` or `handle.value = Immediate(...)` instead.\n                                                          self.dut.rd_en.setimmediatevalue(int(rd_en) & 0x1)\n    40.00ns WARNING  py.warnings                        /workspace/generated/designs/fifo/tb/dut_helper.py:118: DeprecationWarning: Use `handle.set(Immediate(...))` or `handle.value = Immediate(...)` instead.\n                                                          self.dut.din.setimmediatevalue(int(din) & mask)\n    40.00ns INFO     ..signs/fifo/tb/scoreboard.py(120) [uvm_test_top.fifo_env.fifo_scoreboard]: FifoScoreboard run_phase started\n    40.00ns WARNING  py.warnings                        /workspace/generated/designs/fifo/tb/sequences.py:112: DeprecationWarning: Use `handle.set(Immediate(...))` or `handle.value = Immediate(...)` instead.\n                                                          self.dut.rst_n.setimmediatevalue(0)\n    50.00ns WARNING  cocotb.regression                  test_top.fifo_tb_top failed\n                                                        Traceback (most recent call last):\n                                                          File \"/workspace/generated/designs/fifo/tb/assertions.py\", line 188, in check_reset_clean_state\n                                                            assert dout == 0, (\n                                                        AssertionError: reset_clean_state violated at cycle 0: rst_n asserted but dout=0xff (expected 0)\n                                                        assert 255 == 0\n    50.00ns INFO     cocotb.regression                  **************************************************************************************\n                                                        ** TEST                          STATUS  SIM TIME (ns)  REAL TIME (s)  RATIO (ns/s) **\n                                                        **************************************************************************************\n                                                        ** test_top.fifo_tb_top           FAIL          50.00           0.01       4648.55  **\n                                                        **************************************************************************************\n                                                        ** TESTS=1 PASS=0 FAIL=1 SKIP=0                 50.00           0.01       4520.71  **\n                                                        **************************************************************************************\n- :0: Verilog $finish\nmake: *** [/home/ray/anaconda3/lib/python3.10/site-packages/cocotb_tools/makefiles/simulators/Makefile.verilator:74: /workspace/generated/designs/fifo/tb/.chia_sim/FifoTC003Test.xml] Error 1\n",
        "command": [
          "timeout",
          "--signal=TERM",
          "--kill-after=5",
          "60",
          "make",
          "-f",
          "/workspace/generated/designs/fifo/tb/.chia_sim/Makefile",
          "SIM=verilator",
          "TOPLEVEL_LANG=verilog",
          "TOPLEVEL=fifo",
          "COCOTB_TOPLEVEL=fifo",
          "MODULE=test_top",
          "COCOTB_TEST_MODULES=test_top",
          "VERILOG_SOURCES=/workspace/benchmarks/fifo/fifo.sv",
          "SIM_BUILD=/workspace/generated/designs/fifo/tb/.chia_sim/build",
          "COCOTB_RESULTS_FILE=/workspace/generated/designs/fifo/tb/.chia_sim/FifoTC003Test.xml",
          "COCOTB_HDL_TIMEUNIT=1ns",
          "COCOTB_HDL_TIMEPRECISION=1ps",
          "BUILD_ARGS=-j 4"
        ],
        "test_name": "FifoTC003Test",
        "test_module": "test_top",
        "results_file": "/workspace/generated/designs/fifo/tb/.chia_sim/FifoTC003Test.xml",
        "results_file_exists": true
      },
      "FifoTC004Test": {
        "status": "runtime_error",
        "category": "runtime_error",
        "timed_out": false,
        "watchdog_expired": false,
        "returncode": 2,
        "counts": {
          "uvm_errors": 0,
          "uvm_fatals": 0,
          "uvm_warnings": 0,
          "scoreboard_mismatches": 0,
          "assertion_failures": 0
        },
        "clean_exit": false,
        "log": "rm -f /workspace/generated/designs/fifo/tb/.chia_sim/FifoTC004Test.xml\nrm -f /workspace/generated/designs/fifo/tb/.chia_sim/FifoTC004Test.xml\nCOCOTB_TEST_MODULES=test_top COCOTB_TESTCASE=  COCOTB_TOPLEVEL=fifo TOPLEVEL_LANG=verilog       \\\n         /workspace/generated/designs/fifo/tb/.chia_sim/build/Vtop     \n     -.--ns INFO     gpi                                ../gpi/GpiCommon.cpp:242  in gpi_load_users                  Loaded entry library: '/home/ray/anaconda3/lib/libpython3.10.so.1.0'\n     -.--ns INFO     gpi                                ../gpi/GpiCommon.cpp:233  in gpi_load_users                  Running entry func 'initialize' from loaded library '/home/ray/anaconda3/lib/python3.10/site-packages/cocotb/simulator.cpython-310-x86_64-linux-gnu.so'\n     -.--ns INFO     pygpi                              ..ib/pygpi/embed.cpp:114  in initialize                      Using Python 3.10.19 interpreter at /home/ray/anaconda3/bin/python3\n     -.--ns INFO     gpi                                ../gpi/GpiCommon.cpp:74   in gpi_print_registered_impl       GPI: VPI support registered\n     0.00ns INFO     cocotb.initialize                  Seeding Python random module with 1789033915\n     0.00ns INFO     cocotb.initialize                  Initialized cocotb v2.1.0 from /home/ray/anaconda3/lib/python3.10/site-packages/cocotb\n     0.00ns INFO     cocotb.initialize                  Running on Verilator version 5.042 2025-11-02\n     0.00ns INFO     cocotb.regression                  Running tests\n     0.00ns INFO     cocotb.regression                  running test_top.fifo_tb_top (1/1)\n                                                            Single cocotb entry point \u2014 mirrors SV UVM's ``+UVM_TESTNAME`` flow.\n     0.00ns INFO     cocotb.fifo                        fifo_tb_top: UVM_TESTNAME=FifoTC004Test  DATA_WIDTH=8  DEPTH=4  CLK_HALF_PERIOD_NS=5  WATCHDOG_MAX_CYCLES=2000\n     0.00ns WARNING  py.warnings                        /workspace/generated/designs/fifo/tb/test_top.py:132: DeprecationWarning: Use `handle.set(Immediate(...))` or `handle.value = Immediate(...)` instead.\n                                                          dut.rst_n.setimmediatevalue(0)\n     0.00ns WARNING  py.warnings                        /workspace/generated/designs/fifo/tb/test_top.py:133: DeprecationWarning: Use `handle.set(Immediate(...))` or `handle.value = Immediate(...)` instead.\n                                                          dut.wr_en.setimmediatevalue(0)\n     0.00ns WARNING  py.warnings                        /workspace/generated/designs/fifo/tb/test_top.py:134: DeprecationWarning: Use `handle.set(Immediate(...))` or `handle.value = Immediate(...)` instead.\n                                                          dut.rd_en.setimmediatevalue(0)\n     0.00ns WARNING  py.warnings                        /workspace/generated/designs/fifo/tb/test_top.py:135: DeprecationWarning: Use `handle.set(Immediate(...))` or `handle.value = Immediate(...)` instead.\n                                                          dut.din.setimmediatevalue(0)\n    20.00ns WARNING  py.warnings                        /workspace/generated/designs/fifo/tb/test_top.py:137: DeprecationWarning: Use `handle.set(Immediate(...))` or `handle.value = Immediate(...)` instead.\n                                                          dut.rst_n.setimmediatevalue(1)\n    40.00ns INFO     ..ated/designs/fifo/tb/test.py(72) [uvm_test_top]: uvm_test_top: FifoEnv created\n    40.00ns INFO     ..rated/designs/fifo/tb/env.py(52) [uvm_test_top.fifo_env]: FifoEnv build_phase complete\n    40.00ns INFO     ..signs/fifo/tb/scoreboard.py(111) [uvm_test_top.fifo_env.fifo_scoreboard]: FifoScoreboard built (DATA_WIDTH=8, DEPTH=4)\n    40.00ns INFO     ..designs/fifo/tb/coverage.py(321) [uvm_test_top.fifo_env.fifo_coverage]: FifoCoverage built (DATA_WIDTH=8, DEPTH=4, count reachable=True)\n    40.00ns INFO     ..rated/designs/fifo/tb/env.py(67) [uvm_test_top.fifo_env]: FifoEnv connect_phase: agent.ap -> scoreboard + coverage\n    40.00ns INFO     ../designs/fifo/tb/monitor.py(115) [uvm_test_top.fifo_env.fifo_agent.fifo_monitor]: FifoMonitor started (DATA_WIDTH=8, DEPTH=4)\n    40.00ns WARNING  py.warnings                        /workspace/generated/designs/fifo/tb/dut_helper.py:115: DeprecationWarning: Use `handle.set(Immediate(...))` or `handle.value = Immediate(...)` instead.\n                                                          self.dut.wr_en.setimmediatevalue(int(wr_en) & 0x1)\n    40.00ns WARNING  py.warnings                        /workspace/generated/designs/fifo/tb/dut_helper.py:116: DeprecationWarning: Use `handle.set(Immediate(...))` or `handle.value = Immediate(...)` instead.\n                                                          self.dut.rd_en.setimmediatevalue(int(rd_en) & 0x1)\n    40.00ns WARNING  py.warnings                        /workspace/generated/designs/fifo/tb/dut_helper.py:118: DeprecationWarning: Use `handle.set(Immediate(...))` or `handle.value = Immediate(...)` instead.\n                                                          self.dut.din.setimmediatevalue(int(din) & mask)\n    40.00ns INFO     ..signs/fifo/tb/scoreboard.py(120) [uvm_test_top.fifo_env.fifo_scoreboard]: FifoScoreboard run_phase started\n    40.00ns WARNING  py.warnings                        /workspace/generated/designs/fifo/tb/sequences.py:112: DeprecationWarning: Use `handle.set(Immediate(...))` or `handle.value = Immediate(...)` instead.\n                                                          self.dut.rst_n.setimmediatevalue(0)\n    50.00ns WARNING  cocotb.regression                  test_top.fifo_tb_top failed\n                                                        Traceback (most recent call last):\n                                                          File \"/workspace/generated/designs/fifo/tb/assertions.py\", line 188, in check_reset_clean_state\n                                                            assert dout == 0, (\n                                                        AssertionError: reset_clean_state violated at cycle 0: rst_n asserted but dout=0xff (expected 0)\n                                                        assert 255 == 0\n    50.00ns INFO     cocotb.regression                  **************************************************************************************\n                                                        ** TEST                          STATUS  SIM TIME (ns)  REAL TIME (s)  RATIO (ns/s) **\n                                                        **************************************************************************************\n                                                        ** test_top.fifo_tb_top           FAIL          50.00           0.01       4501.01  **\n                                                        **************************************************************************************\n                                                        ** TESTS=1 PASS=0 FAIL=1 SKIP=0                 50.00           0.01       4385.94  **\n                                                        **************************************************************************************\n- :0: Verilog $finish\nmake: *** [/home/ray/anaconda3/lib/python3.10/site-packages/cocotb_tools/makefiles/simulators/Makefile.verilator:74: /workspace/generated/designs/fifo/tb/.chia_sim/FifoTC004Test.xml] Error 1\n",
        "command": [
          "timeout",
          "--signal=TERM",
          "--kill-after=5",
          "60",
          "make",
          "-f",
          "/workspace/generated/designs/fifo/tb/.chia_sim/Makefile",
          "SIM=verilator",
          "TOPLEVEL_LANG=verilog",
          "TOPLEVEL=fifo",
          "COCOTB_TOPLEVEL=fifo",
          "MODULE=test_top",
          "COCOTB_TEST_MODULES=test_top",
          "VERILOG_SOURCES=/workspace/benchmarks/fifo/fifo.sv",
          "SIM_BUILD=/workspace/generated/designs/fifo/tb/.chia_sim/build",
          "COCOTB_RESULTS_FILE=/workspace/generated/designs/fifo/tb/.chia_sim/FifoTC004Test.xml",
          "COCOTB_HDL_TIMEUNIT=1ns",
          "COCOTB_HDL_TIMEPRECISION=1ps",
          "BUILD_ARGS=-j 4"
        ],
        "test_name": "FifoTC004Test",
        "test_module": "test_top",
        "results_file": "/workspace/generated/designs/fifo/tb/.chia_sim/FifoTC004Test.xml",
        "results_file_exists": true
      },
      "FifoTC005Test": {
        "status": "runtime_error",
        "category": "runtime_error",
        "timed_out": false,
        "watchdog_expired": false,
        "returncode": 2,
        "counts": {
          "uvm_errors": 0,
          "uvm_fatals": 0,
          "uvm_warnings": 0,
          "scoreboard_mismatches": 0,
          "assertion_failures": 0
        },
        "clean_exit": false,
        "log": "rm -f /workspace/generated/designs/fifo/tb/.chia_sim/FifoTC005Test.xml\nrm -f /workspace/generated/designs/fifo/tb/.chia_sim/FifoTC005Test.xml\nCOCOTB_TEST_MODULES=test_top COCOTB_TESTCASE=  COCOTB_TOPLEVEL=fifo TOPLEVEL_LANG=verilog       \\\n         /workspace/generated/designs/fifo/tb/.chia_sim/build/Vtop     \n     -.--ns INFO     gpi                                ../gpi/GpiCommon.cpp:242  in gpi_load_users                  Loaded entry library: '/home/ray/anaconda3/lib/libpython3.10.so.1.0'\n     -.--ns INFO     gpi                                ../gpi/GpiCommon.cpp:233  in gpi_load_users                  Running entry func 'initialize' from loaded library '/home/ray/anaconda3/lib/python3.10/site-packages/cocotb/simulator.cpython-310-x86_64-linux-gnu.so'\n     -.--ns INFO     pygpi                              ..ib/pygpi/embed.cpp:114  in initialize                      Using Python 3.10.19 interpreter at /home/ray/anaconda3/bin/python3\n     -.--ns INFO     gpi                                ../gpi/GpiCommon.cpp:74   in gpi_print_registered_impl       GPI: VPI support registered\n     0.00ns INFO     cocotb.initialize                  Seeding Python random module with 1789033916\n     0.00ns INFO     cocotb.initialize                  Initialized cocotb v2.1.0 from /home/ray/anaconda3/lib/python3.10/site-packages/cocotb\n     0.00ns INFO     cocotb.initialize                  Running on Verilator version 5.042 2025-11-02\n     0.00ns INFO     cocotb.regression                  Running tests\n     0.00ns INFO     cocotb.regression                  running test_top.fifo_tb_top (1/1)\n                                                            Single cocotb entry point \u2014 mirrors SV UVM's ``+UVM_TESTNAME`` flow.\n     0.00ns INFO     cocotb.fifo                        fifo_tb_top: UVM_TESTNAME=FifoTC005Test  DATA_WIDTH=8  DEPTH=4  CLK_HALF_PERIOD_NS=5  WATCHDOG_MAX_CYCLES=2000\n     0.00ns WARNING  py.warnings                        /workspace/generated/designs/fifo/tb/test_top.py:132: DeprecationWarning: Use `handle.set(Immediate(...))` or `handle.value = Immediate(...)` instead.\n                                                          dut.rst_n.setimmediatevalue(0)\n     0.00ns WARNING  py.warnings                        /workspace/generated/designs/fifo/tb/test_top.py:133: DeprecationWarning: Use `handle.set(Immediate(...))` or `handle.value = Immediate(...)` instead.\n                                                          dut.wr_en.setimmediatevalue(0)\n     0.00ns WARNING  py.warnings                        /workspace/generated/designs/fifo/tb/test_top.py:134: DeprecationWarning: Use `handle.set(Immediate(...))` or `handle.value = Immediate(...)` instead.\n                                                          dut.rd_en.setimmediatevalue(0)\n     0.00ns WARNING  py.warnings                        /workspace/generated/designs/fifo/tb/test_top.py:135: DeprecationWarning: Use `handle.set(Immediate(...))` or `handle.value = Immediate(...)` instead.\n                                                          dut.din.setimmediatevalue(0)\n    20.00ns WARNING  py.warnings                        /workspace/generated/designs/fifo/tb/test_top.py:137: DeprecationWarning: Use `handle.set(Immediate(...))` or `handle.value = Immediate(...)` instead.\n                                                          dut.rst_n.setimmediatevalue(1)\n    40.00ns INFO     ..ated/designs/fifo/tb/test.py(72) [uvm_test_top]: uvm_test_top: FifoEnv created\n    40.00ns INFO     ..rated/designs/fifo/tb/env.py(52) [uvm_test_top.fifo_env]: FifoEnv build_phase complete\n    40.00ns INFO     ..signs/fifo/tb/scoreboard.py(111) [uvm_test_top.fifo_env.fifo_scoreboard]: FifoScoreboard built (DATA_WIDTH=8, DEPTH=4)\n    40.00ns INFO     ..designs/fifo/tb/coverage.py(321) [uvm_test_top.fifo_env.fifo_coverage]: FifoCoverage built (DATA_WIDTH=8, DEPTH=4, count reachable=True)\n    40.00ns INFO     ..rated/designs/fifo/tb/env.py(67) [uvm_test_top.fifo_env]: FifoEnv connect_phase: agent.ap -> scoreboard + coverage\n    40.00ns INFO     ../designs/fifo/tb/monitor.py(115) [uvm_test_top.fifo_env.fifo_agent.fifo_monitor]: FifoMonitor started (DATA_WIDTH=8, DEPTH=4)\n    40.00ns WARNING  py.warnings                        /workspace/generated/designs/fifo/tb/dut_helper.py:115: DeprecationWarning: Use `handle.set(Immediate(...))` or `handle.value = Immediate(...)` instead.\n                                                          self.dut.wr_en.setimmediatevalue(int(wr_en) & 0x1)\n    40.00ns WARNING  py.warnings                        /workspace/generated/designs/fifo/tb/dut_helper.py:116: DeprecationWarning: Use `handle.set(Immediate(...))` or `handle.value = Immediate(...)` instead.\n                                                          self.dut.rd_en.setimmediatevalue(int(rd_en) & 0x1)\n    40.00ns WARNING  py.warnings                        /workspace/generated/designs/fifo/tb/dut_helper.py:118: DeprecationWarning: Use `handle.set(Immediate(...))` or `handle.value = Immediate(...)` instead.\n                                                          self.dut.din.setimmediatevalue(int(din) & mask)\n    40.00ns INFO     ..signs/fifo/tb/scoreboard.py(120) [uvm_test_top.fifo_env.fifo_scoreboard]: FifoScoreboard run_phase started\n    40.00ns WARNING  py.warnings                        /workspace/generated/designs/fifo/tb/sequences.py:112: DeprecationWarning: Use `handle.set(Immediate(...))` or `handle.value = Immediate(...)` instead.\n                                                          self.dut.rst_n.setimmediatevalue(0)\n    50.00ns WARNING  cocotb.regression                  test_top.fifo_tb_top failed\n                                                        Traceback (most recent call last):\n                                                          File \"/workspace/generated/designs/fifo/tb/assertions.py\", line 188, in check_reset_clean_state\n                                                            assert dout == 0, (\n                                                        AssertionError: reset_clean_state violated at cycle 0: rst_n asserted but dout=0xff (expected 0)\n                                                        assert 255 == 0\n    50.00ns INFO     cocotb.regression                  **************************************************************************************\n                                                        ** TEST                          STATUS  SIM TIME (ns)  REAL TIME (s)  RATIO (ns/s) **\n                                                        **************************************************************************************\n                                                        ** test_top.fifo_tb_top           FAIL          50.00           0.01       4396.57  **\n                                                        **************************************************************************************\n                                                        ** TESTS=1 PASS=0 FAIL=1 SKIP=0                 50.00           0.01       4288.89  **\n                                                        **************************************************************************************\n- :0: Verilog $finish\nmake: *** [/home/ray/anaconda3/lib/python3.10/site-packages/cocotb_tools/makefiles/simulators/Makefile.verilator:74: /workspace/generated/designs/fifo/tb/.chia_sim/FifoTC005Test.xml] Error 1\n",
        "command": [
          "timeout",
          "--signal=TERM",
          "--kill-after=5",
          "60",
          "make",
          "-f",
          "/workspace/generated/designs/fifo/tb/.chia_sim/Makefile",
          "SIM=verilator",
          "TOPLEVEL_LANG=verilog",
          "TOPLEVEL=fifo",
          "COCOTB_TOPLEVEL=fifo",
          "MODULE=test_top",
          "COCOTB_TEST_MODULES=test_top",
          "VERILOG_SOURCES=/workspace/benchmarks/fifo/fifo.sv",
          "SIM_BUILD=/workspace/generated/designs/fifo/tb/.chia_sim/build",
          "COCOTB_RESULTS_FILE=/workspace/generated/designs/fifo/tb/.chia_sim/FifoTC005Test.xml",
          "COCOTB_HDL_TIMEUNIT=1ns",
          "COCOTB_HDL_TIMEPRECISION=1ps",
          "BUILD_ARGS=-j 4"
        ],
        "test_name": "FifoTC005Test",
        "test_module": "test_top",
        "results_file": "/workspace/generated/designs/fifo/tb/.chia_sim/FifoTC005Test.xml",
        "results_file_exists": true
      },
      "FifoTC006Test": {
        "status": "runtime_error",
        "category": "runtime_error",
        "timed_out": false,
        "watchdog_expired": false,
        "returncode": 2,
        "counts": {
          "uvm_errors": 0,
          "uvm_fatals": 0,
          "uvm_warnings": 0,
          "scoreboard_mismatches": 0,
          "assertion_failures": 0
        },
        "clean_exit": false,
        "log": "rm -f /workspace/generated/designs/fifo/tb/.chia_sim/FifoTC006Test.xml\nrm -f /workspace/generated/designs/fifo/tb/.chia_sim/FifoTC006Test.xml\nCOCOTB_TEST_MODULES=test_top COCOTB_TESTCASE=  COCOTB_TOPLEVEL=fifo TOPLEVEL_LANG=verilog       \\\n         /workspace/generated/designs/fifo/tb/.chia_sim/build/Vtop     \n     -.--ns INFO     gpi                                ../gpi/GpiCommon.cpp:242  in gpi_load_users                  Loaded entry library: '/home/ray/anaconda3/lib/libpython3.10.so.1.0'\n     -.--ns INFO     gpi                                ../gpi/GpiCommon.cpp:233  in gpi_load_users                  Running entry func 'initialize' from loaded library '/home/ray/anaconda3/lib/python3.10/site-packages/cocotb/simulator.cpython-310-x86_64-linux-gnu.so'\n     -.--ns INFO     pygpi                              ..ib/pygpi/embed.cpp:114  in initialize                      Using Python 3.10.19 interpreter at /home/ray/anaconda3/bin/python3\n     -.--ns INFO     gpi                                ../gpi/GpiCommon.cpp:74   in gpi_print_registered_impl       GPI: VPI support registered\n     0.00ns INFO     cocotb.initialize                  Seeding Python random module with 1789033916\n     0.00ns INFO     cocotb.initialize                  Initialized cocotb v2.1.0 from /home/ray/anaconda3/lib/python3.10/site-packages/cocotb\n     0.00ns INFO     cocotb.initialize                  Running on Verilator version 5.042 2025-11-02\n     0.00ns INFO     cocotb.regression                  Running tests\n     0.00ns INFO     cocotb.regression                  running test_top.fifo_tb_top (1/1)\n                                                            Single cocotb entry point \u2014 mirrors SV UVM's ``+UVM_TESTNAME`` flow.\n     0.00ns INFO     cocotb.fifo                        fifo_tb_top: UVM_TESTNAME=FifoTC006Test  DATA_WIDTH=8  DEPTH=4  CLK_HALF_PERIOD_NS=5  WATCHDOG_MAX_CYCLES=2000\n     0.00ns WARNING  py.warnings                        /workspace/generated/designs/fifo/tb/test_top.py:132: DeprecationWarning: Use `handle.set(Immediate(...))` or `handle.value = Immediate(...)` instead.\n                                                          dut.rst_n.setimmediatevalue(0)\n     0.00ns WARNING  py.warnings                        /workspace/generated/designs/fifo/tb/test_top.py:133: DeprecationWarning: Use `handle.set(Immediate(...))` or `handle.value = Immediate(...)` instead.\n                                                          dut.wr_en.setimmediatevalue(0)\n     0.00ns WARNING  py.warnings                        /workspace/generated/designs/fifo/tb/test_top.py:134: DeprecationWarning: Use `handle.set(Immediate(...))` or `handle.value = Immediate(...)` instead.\n                                                          dut.rd_en.setimmediatevalue(0)\n     0.00ns WARNING  py.warnings                        /workspace/generated/designs/fifo/tb/test_top.py:135: DeprecationWarning: Use `handle.set(Immediate(...))` or `handle.value = Immediate(...)` instead.\n                                                          dut.din.setimmediatevalue(0)\n    20.00ns WARNING  py.warnings                        /workspace/generated/designs/fifo/tb/test_top.py:137: DeprecationWarning: Use `handle.set(Immediate(...))` or `handle.value = Immediate(...)` instead.\n                                                          dut.rst_n.setimmediatevalue(1)\n    40.00ns INFO     ..ated/designs/fifo/tb/test.py(72) [uvm_test_top]: uvm_test_top: FifoEnv created\n    40.00ns INFO     ..rated/designs/fifo/tb/env.py(52) [uvm_test_top.fifo_env]: FifoEnv build_phase complete\n    40.00ns INFO     ..signs/fifo/tb/scoreboard.py(111) [uvm_test_top.fifo_env.fifo_scoreboard]: FifoScoreboard built (DATA_WIDTH=8, DEPTH=4)\n    40.00ns INFO     ..designs/fifo/tb/coverage.py(321) [uvm_test_top.fifo_env.fifo_coverage]: FifoCoverage built (DATA_WIDTH=8, DEPTH=4, count reachable=True)\n    40.00ns INFO     ..rated/designs/fifo/tb/env.py(67) [uvm_test_top.fifo_env]: FifoEnv connect_phase: agent.ap -> scoreboard + coverage\n    40.00ns INFO     ../designs/fifo/tb/monitor.py(115) [uvm_test_top.fifo_env.fifo_agent.fifo_monitor]: FifoMonitor started (DATA_WIDTH=8, DEPTH=4)\n    40.00ns WARNING  py.warnings                        /workspace/generated/designs/fifo/tb/dut_helper.py:115: DeprecationWarning: Use `handle.set(Immediate(...))` or `handle.value = Immediate(...)` instead.\n                                                          self.dut.wr_en.setimmediatevalue(int(wr_en) & 0x1)\n    40.00ns WARNING  py.warnings                        /workspace/generated/designs/fifo/tb/dut_helper.py:116: DeprecationWarning: Use `handle.set(Immediate(...))` or `handle.value = Immediate(...)` instead.\n                                                          self.dut.rd_en.setimmediatevalue(int(rd_en) & 0x1)\n    40.00ns WARNING  py.warnings                        /workspace/generated/designs/fifo/tb/dut_helper.py:118: DeprecationWarning: Use `handle.set(Immediate(...))` or `handle.value = Immediate(...)` instead.\n                                                          self.dut.din.setimmediatevalue(int(din) & mask)\n    40.00ns INFO     ..signs/fifo/tb/scoreboard.py(120) [uvm_test_top.fifo_env.fifo_scoreboard]: FifoScoreboard run_phase started\n    40.00ns WARNING  py.warnings                        /workspace/generated/designs/fifo/tb/sequences.py:112: DeprecationWarning: Use `handle.set(Immediate(...))` or `handle.value = Immediate(...)` instead.\n                                                          self.dut.rst_n.setimmediatevalue(0)\n    50.00ns WARNING  cocotb.regression                  test_top.fifo_tb_top failed\n                                                        Traceback (most recent call last):\n                                                          File \"/workspace/generated/designs/fifo/tb/assertions.py\", line 188, in check_reset_clean_state\n                                                            assert dout == 0, (\n                                                        AssertionError: reset_clean_state violated at cycle 0: rst_n asserted but dout=0xff (expected 0)\n                                                        assert 255 == 0\n    50.00ns INFO     cocotb.regression                  **************************************************************************************\n                                                        ** TEST                          STATUS  SIM TIME (ns)  REAL TIME (s)  RATIO (ns/s) **\n                                                        **************************************************************************************\n                                                        ** test_top.fifo_tb_top           FAIL          50.00           0.01       4603.33  **\n                                                        **************************************************************************************\n                                                        ** TESTS=1 PASS=0 FAIL=1 SKIP=0                 50.00           0.01       4475.54  **\n                                                        **************************************************************************************\n- :0: Verilog $finish\nmake: *** [/home/ray/anaconda3/lib/python3.10/site-packages/cocotb_tools/makefiles/simulators/Makefile.verilator:74: /workspace/generated/designs/fifo/tb/.chia_sim/FifoTC006Test.xml] Error 1\n",
        "command": [
          "timeout",
          "--signal=TERM",
          "--kill-after=5",
          "60",
          "make",
          "-f",
          "/workspace/generated/designs/fifo/tb/.chia_sim/Makefile",
          "SIM=verilator",
          "TOPLEVEL_LANG=verilog",
          "TOPLEVEL=fifo",
          "COCOTB_TOPLEVEL=fifo",
          "MODULE=test_top",
          "COCOTB_TEST_MODULES=test_top",
          "VERILOG_SOURCES=/workspace/benchmarks/fifo/fifo.sv",
          "SIM_BUILD=/workspace/generated/designs/fifo/tb/.chia_sim/build",
          "COCOTB_RESULTS_FILE=/workspace/generated/designs/fifo/tb/.chia_sim/FifoTC006Test.xml",
          "COCOTB_HDL_TIMEUNIT=1ns",
          "COCOTB_HDL_TIMEPRECISION=1ps",
          "BUILD_ARGS=-j 4"
        ],
        "test_name": "FifoTC006Test",
        "test_module": "test_top",
        "results_file": "/workspace/generated/designs/fifo/tb/.chia_sim/FifoTC006Test.xml",
        "results_file_exists": true
      },
      "FifoTC007Test": {
        "status": "runtime_error",
        "category": "runtime_error",
        "timed_out": false,
        "watchdog_expired": false,
        "returncode": 2,
        "counts": {
          "uvm_errors": 0,
          "uvm_fatals": 0,
          "uvm_warnings": 0,
          "scoreboard_mismatches": 0,
          "assertion_failures": 0
        },
        "clean_exit": false,
        "log": "rm -f /workspace/generated/designs/fifo/tb/.chia_sim/FifoTC007Test.xml\nrm -f /workspace/generated/designs/fifo/tb/.chia_sim/FifoTC007Test.xml\nCOCOTB_TEST_MODULES=test_top COCOTB_TESTCASE=  COCOTB_TOPLEVEL=fifo TOPLEVEL_LANG=verilog       \\\n         /workspace/generated/designs/fifo/tb/.chia_sim/build/Vtop     \n     -.--ns INFO     gpi                                ../gpi/GpiCommon.cpp:242  in gpi_load_users                  Loaded entry library: '/home/ray/anaconda3/lib/libpython3.10.so.1.0'\n     -.--ns INFO     gpi                                ../gpi/GpiCommon.cpp:233  in gpi_load_users                  Running entry func 'initialize' from loaded library '/home/ray/anaconda3/lib/python3.10/site-packages/cocotb/simulator.cpython-310-x86_64-linux-gnu.so'\n     -.--ns INFO     pygpi                              ..ib/pygpi/embed.cpp:114  in initialize                      Using Python 3.10.19 interpreter at /home/ray/anaconda3/bin/python3\n     -.--ns INFO     gpi                                ../gpi/GpiCommon.cpp:74   in gpi_print_registered_impl       GPI: VPI support registered\n     0.00ns INFO     cocotb.initialize                  Seeding Python random module with 1789033917\n     0.00ns INFO     cocotb.initialize                  Initialized cocotb v2.1.0 from /home/ray/anaconda3/lib/python3.10/site-packages/cocotb\n     0.00ns INFO     cocotb.initialize                  Running on Verilator version 5.042 2025-11-02\n     0.00ns INFO     cocotb.regression                  Running tests\n     0.00ns INFO     cocotb.regression                  running test_top.fifo_tb_top (1/1)\n                                                            Single cocotb entry point \u2014 mirrors SV UVM's ``+UVM_TESTNAME`` flow.\n     0.00ns INFO     cocotb.fifo                        fifo_tb_top: UVM_TESTNAME=FifoTC007Test  DATA_WIDTH=8  DEPTH=4  CLK_HALF_PERIOD_NS=5  WATCHDOG_MAX_CYCLES=2000\n     0.00ns WARNING  py.warnings                        /workspace/generated/designs/fifo/tb/test_top.py:132: DeprecationWarning: Use `handle.set(Immediate(...))` or `handle.value = Immediate(...)` instead.\n                                                          dut.rst_n.setimmediatevalue(0)\n     0.00ns WARNING  py.warnings                        /workspace/generated/designs/fifo/tb/test_top.py:133: DeprecationWarning: Use `handle.set(Immediate(...))` or `handle.value = Immediate(...)` instead.\n                                                          dut.wr_en.setimmediatevalue(0)\n     0.00ns WARNING  py.warnings                        /workspace/generated/designs/fifo/tb/test_top.py:134: DeprecationWarning: Use `handle.set(Immediate(...))` or `handle.value = Immediate(...)` instead.\n                                                          dut.rd_en.setimmediatevalue(0)\n     0.00ns WARNING  py.warnings                        /workspace/generated/designs/fifo/tb/test_top.py:135: DeprecationWarning: Use `handle.set(Immediate(...))` or `handle.value = Immediate(...)` instead.\n                                                          dut.din.setimmediatevalue(0)\n    20.00ns WARNING  py.warnings                        /workspace/generated/designs/fifo/tb/test_top.py:137: DeprecationWarning: Use `handle.set(Immediate(...))` or `handle.value = Immediate(...)` instead.\n                                                          dut.rst_n.setimmediatevalue(1)\n    40.00ns INFO     ..ated/designs/fifo/tb/test.py(72) [uvm_test_top]: uvm_test_top: FifoEnv created\n    40.00ns INFO     ..rated/designs/fifo/tb/env.py(52) [uvm_test_top.fifo_env]: FifoEnv build_phase complete\n    40.00ns INFO     ..signs/fifo/tb/scoreboard.py(111) [uvm_test_top.fifo_env.fifo_scoreboard]: FifoScoreboard built (DATA_WIDTH=8, DEPTH=4)\n    40.00ns INFO     ..designs/fifo/tb/coverage.py(321) [uvm_test_top.fifo_env.fifo_coverage]: FifoCoverage built (DATA_WIDTH=8, DEPTH=4, count reachable=True)\n    40.00ns INFO     ..rated/designs/fifo/tb/env.py(67) [uvm_test_top.fifo_env]: FifoEnv connect_phase: agent.ap -> scoreboard + coverage\n    40.00ns INFO     ../designs/fifo/tb/monitor.py(115) [uvm_test_top.fifo_env.fifo_agent.fifo_monitor]: FifoMonitor started (DATA_WIDTH=8, DEPTH=4)\n    40.00ns WARNING  py.warnings                        /workspace/generated/designs/fifo/tb/dut_helper.py:115: DeprecationWarning: Use `handle.set(Immediate(...))` or `handle.value = Immediate(...)` instead.\n                                                          self.dut.wr_en.setimmediatevalue(int(wr_en) & 0x1)\n    40.00ns WARNING  py.warnings                        /workspace/generated/designs/fifo/tb/dut_helper.py:116: DeprecationWarning: Use `handle.set(Immediate(...))` or `handle.value = Immediate(...)` instead.\n                                                          self.dut.rd_en.setimmediatevalue(int(rd_en) & 0x1)\n    40.00ns WARNING  py.warnings                        /workspace/generated/designs/fifo/tb/dut_helper.py:118: DeprecationWarning: Use `handle.set(Immediate(...))` or `handle.value = Immediate(...)` instead.\n                                                          self.dut.din.setimmediatevalue(int(din) & mask)\n    40.00ns INFO     ..signs/fifo/tb/scoreboard.py(120) [uvm_test_top.fifo_env.fifo_scoreboard]: FifoScoreboard run_phase started\n    40.00ns WARNING  py.warnings                        /workspace/generated/designs/fifo/tb/sequences.py:112: DeprecationWarning: Use `handle.set(Immediate(...))` or `handle.value = Immediate(...)` instead.\n                                                          self.dut.rst_n.setimmediatevalue(0)\n    50.00ns WARNING  cocotb.regression                  test_top.fifo_tb_top failed\n                                                        Traceback (most recent call last):\n                                                          File \"/workspace/generated/designs/fifo/tb/assertions.py\", line 188, in check_reset_clean_state\n                                                            assert dout == 0, (\n                                                        AssertionError: reset_clean_state violated at cycle 0: rst_n asserted but dout=0xff (expected 0)\n                                                        assert 255 == 0\n    50.00ns INFO     cocotb.regression                  **************************************************************************************\n                                                        ** TEST                          STATUS  SIM TIME (ns)  REAL TIME (s)  RATIO (ns/s) **\n                                                        **************************************************************************************\n                                                        ** test_top.fifo_tb_top           FAIL          50.00           0.01       4528.93  **\n                                                        **************************************************************************************\n                                                        ** TESTS=1 PASS=0 FAIL=1 SKIP=0                 50.00           0.01       4404.75  **\n                                                        **************************************************************************************\n- :0: Verilog $finish\nmake: *** [/home/ray/anaconda3/lib/python3.10/site-packages/cocotb_tools/makefiles/simulators/Makefile.verilator:74: /workspace/generated/designs/fifo/tb/.chia_sim/FifoTC007Test.xml] Error 1\n",
        "command": [
          "timeout",
          "--signal=TERM",
          "--kill-after=5",
          "60",
          "make",
          "-f",
          "/workspace/generated/designs/fifo/tb/.chia_sim/Makefile",
          "SIM=verilator",
          "TOPLEVEL_LANG=verilog",
          "TOPLEVEL=fifo",
          "COCOTB_TOPLEVEL=fifo",
          "MODULE=test_top",
          "COCOTB_TEST_MODULES=test_top",
          "VERILOG_SOURCES=/workspace/benchmarks/fifo/fifo.sv",
          "SIM_BUILD=/workspace/generated/designs/fifo/tb/.chia_sim/build",
          "COCOTB_RESULTS_FILE=/workspace/generated/designs/fifo/tb/.chia_sim/FifoTC007Test.xml",
          "COCOTB_HDL_TIMEUNIT=1ns",
          "COCOTB_HDL_TIMEPRECISION=1ps",
          "BUILD_ARGS=-j 4"
        ],
        "test_name": "FifoTC007Test",
        "test_module": "test_top",
        "results_file": "/workspace/generated/designs/fifo/tb/.chia_sim/FifoTC007Test.xml",
        "results_file_exists": true
      },
      "FifoTC008Test": {
        "status": "runtime_error",
        "category": "runtime_error",
        "timed_out": false,
        "watchdog_expired": false,
        "returncode": 2,
        "counts": {
          "uvm_errors": 0,
          "uvm_fatals": 0,
          "uvm_warnings": 0,
          "scoreboard_mismatches": 0,
          "assertion_failures": 0
        },
        "clean_exit": false,
        "log": "rm -f /workspace/generated/designs/fifo/tb/.chia_sim/FifoTC008Test.xml\nrm -f /workspace/generated/designs/fifo/tb/.chia_sim/FifoTC008Test.xml\nCOCOTB_TEST_MODULES=test_top COCOTB_TESTCASE=  COCOTB_TOPLEVEL=fifo TOPLEVEL_LANG=verilog       \\\n         /workspace/generated/designs/fifo/tb/.chia_sim/build/Vtop     \n     -.--ns INFO     gpi                                ../gpi/GpiCommon.cpp:242  in gpi_load_users                  Loaded entry library: '/home/ray/anaconda3/lib/libpython3.10.so.1.0'\n     -.--ns INFO     gpi                                ../gpi/GpiCommon.cpp:233  in gpi_load_users                  Running entry func 'initialize' from loaded library '/home/ray/anaconda3/lib/python3.10/site-packages/cocotb/simulator.cpython-310-x86_64-linux-gnu.so'\n     -.--ns INFO     pygpi                              ..ib/pygpi/embed.cpp:114  in initialize                      Using Python 3.10.19 interpreter at /home/ray/anaconda3/bin/python3\n     -.--ns INFO     gpi                                ../gpi/GpiCommon.cpp:74   in gpi_print_registered_impl       GPI: VPI support registered\n     0.00ns INFO     cocotb.initialize                  Seeding Python random module with 1789033917\n     0.00ns INFO     cocotb.initialize                  Initialized cocotb v2.1.0 from /home/ray/anaconda3/lib/python3.10/site-packages/cocotb\n     0.00ns INFO     cocotb.initialize                  Running on Verilator version 5.042 2025-11-02\n     0.00ns INFO     cocotb.regression                  Running tests\n     0.00ns INFO     cocotb.regression                  running test_top.fifo_tb_top (1/1)\n                                                            Single cocotb entry point \u2014 mirrors SV UVM's ``+UVM_TESTNAME`` flow.\n     0.00ns INFO     cocotb.fifo                        fifo_tb_top: UVM_TESTNAME=FifoTC008Test  DATA_WIDTH=8  DEPTH=4  CLK_HALF_PERIOD_NS=5  WATCHDOG_MAX_CYCLES=2000\n     0.00ns WARNING  py.warnings                        /workspace/generated/designs/fifo/tb/test_top.py:132: DeprecationWarning: Use `handle.set(Immediate(...))` or `handle.value = Immediate(...)` instead.\n                                                          dut.rst_n.setimmediatevalue(0)\n     0.00ns WARNING  py.warnings                        /workspace/generated/designs/fifo/tb/test_top.py:133: DeprecationWarning: Use `handle.set(Immediate(...))` or `handle.value = Immediate(...)` instead.\n                                                          dut.wr_en.setimmediatevalue(0)\n     0.00ns WARNING  py.warnings                        /workspace/generated/designs/fifo/tb/test_top.py:134: DeprecationWarning: Use `handle.set(Immediate(...))` or `handle.value = Immediate(...)` instead.\n                                                          dut.rd_en.setimmediatevalue(0)\n     0.00ns WARNING  py.warnings                        /workspace/generated/designs/fifo/tb/test_top.py:135: DeprecationWarning: Use `handle.set(Immediate(...))` or `handle.value = Immediate(...)` instead.\n                                                          dut.din.setimmediatevalue(0)\n    20.00ns WARNING  py.warnings                        /workspace/generated/designs/fifo/tb/test_top.py:137: DeprecationWarning: Use `handle.set(Immediate(...))` or `handle.value = Immediate(...)` instead.\n                                                          dut.rst_n.setimmediatevalue(1)\n    40.00ns INFO     ..ated/designs/fifo/tb/test.py(72) [uvm_test_top]: uvm_test_top: FifoEnv created\n    40.00ns INFO     ..rated/designs/fifo/tb/env.py(52) [uvm_test_top.fifo_env]: FifoEnv build_phase complete\n    40.00ns INFO     ..signs/fifo/tb/scoreboard.py(111) [uvm_test_top.fifo_env.fifo_scoreboard]: FifoScoreboard built (DATA_WIDTH=8, DEPTH=4)\n    40.00ns INFO     ..designs/fifo/tb/coverage.py(321) [uvm_test_top.fifo_env.fifo_coverage]: FifoCoverage built (DATA_WIDTH=8, DEPTH=4, count reachable=True)\n    40.00ns INFO     ..rated/designs/fifo/tb/env.py(67) [uvm_test_top.fifo_env]: FifoEnv connect_phase: agent.ap -> scoreboard + coverage\n    40.00ns INFO     ../designs/fifo/tb/monitor.py(115) [uvm_test_top.fifo_env.fifo_agent.fifo_monitor]: FifoMonitor started (DATA_WIDTH=8, DEPTH=4)\n    40.00ns WARNING  py.warnings                        /workspace/generated/designs/fifo/tb/dut_helper.py:115: DeprecationWarning: Use `handle.set(Immediate(...))` or `handle.value = Immediate(...)` instead.\n                                                          self.dut.wr_en.setimmediatevalue(int(wr_en) & 0x1)\n    40.00ns WARNING  py.warnings                        /workspace/generated/designs/fifo/tb/dut_helper.py:116: DeprecationWarning: Use `handle.set(Immediate(...))` or `handle.value = Immediate(...)` instead.\n                                                          self.dut.rd_en.setimmediatevalue(int(rd_en) & 0x1)\n    40.00ns WARNING  py.warnings                        /workspace/generated/designs/fifo/tb/dut_helper.py:118: DeprecationWarning: Use `handle.set(Immediate(...))` or `handle.value = Immediate(...)` instead.\n                                                          self.dut.din.setimmediatevalue(int(din) & mask)\n    40.00ns INFO     ..signs/fifo/tb/scoreboard.py(120) [uvm_test_top.fifo_env.fifo_scoreboard]: FifoScoreboard run_phase started\n    40.00ns WARNING  py.warnings                        /workspace/generated/designs/fifo/tb/sequences.py:112: DeprecationWarning: Use `handle.set(Immediate(...))` or `handle.value = Immediate(...)` instead.\n                                                          self.dut.rst_n.setimmediatevalue(0)\n    50.00ns WARNING  cocotb.regression                  test_top.fifo_tb_top failed\n                                                        Traceback (most recent call last):\n                                                          File \"/workspace/generated/designs/fifo/tb/assertions.py\", line 188, in check_reset_clean_state\n                                                            assert dout == 0, (\n                                                        AssertionError: reset_clean_state violated at cycle 0: rst_n asserted but dout=0xff (expected 0)\n                                                        assert 255 == 0\n    50.00ns INFO     cocotb.regression                  **************************************************************************************\n                                                        ** TEST                          STATUS  SIM TIME (ns)  REAL TIME (s)  RATIO (ns/s) **\n                                                        **************************************************************************************\n                                                        ** test_top.fifo_tb_top           FAIL          50.00           0.01       4522.13  **\n                                                        **************************************************************************************\n                                                        ** TESTS=1 PASS=0 FAIL=1 SKIP=0                 50.00           0.01       4404.87  **\n                                                        **************************************************************************************\n- :0: Verilog $finish\nmake: *** [/home/ray/anaconda3/lib/python3.10/site-packages/cocotb_tools/makefiles/simulators/Makefile.verilator:74: /workspace/generated/designs/fifo/tb/.chia_sim/FifoTC008Test.xml] Error 1\n",
        "command": [
          "timeout",
          "--signal=TERM",
          "--kill-after=5",
          "60",
          "make",
          "-f",
          "/workspace/generated/designs/fifo/tb/.chia_sim/Makefile",
          "SIM=verilator",
          "TOPLEVEL_LANG=verilog",
          "TOPLEVEL=fifo",
          "COCOTB_TOPLEVEL=fifo",
          "MODULE=test_top",
          "COCOTB_TEST_MODULES=test_top",
          "VERILOG_SOURCES=/workspace/benchmarks/fifo/fifo.sv",
          "SIM_BUILD=/workspace/generated/designs/fifo/tb/.chia_sim/build",
          "COCOTB_RESULTS_FILE=/workspace/generated/designs/fifo/tb/.chia_sim/FifoTC008Test.xml",
          "COCOTB_HDL_TIMEUNIT=1ns",
          "COCOTB_HDL_TIMEPRECISION=1ps",
          "BUILD_ARGS=-j 4"
        ],
        "test_name": "FifoTC008Test",
        "test_module": "test_top",
        "results_file": "/workspace/generated/designs/fifo/tb/.chia_sim/FifoTC008Test.xml",
        "results_file_exists": true
      },
      "FifoTC009Test": {
        "status": "runtime_error",
        "category": "runtime_error",
        "timed_out": false,
        "watchdog_expired": false,
        "returncode": 2,
        "counts": {
          "uvm_errors": 0,
          "uvm_fatals": 0,
          "uvm_warnings": 0,
          "scoreboard_mismatches": 0,
          "assertion_failures": 0
        },
        "clean_exit": false,
        "log": "rm -f /workspace/generated/designs/fifo/tb/.chia_sim/FifoTC009Test.xml\nrm -f /workspace/generated/designs/fifo/tb/.chia_sim/FifoTC009Test.xml\nCOCOTB_TEST_MODULES=test_top COCOTB_TESTCASE=  COCOTB_TOPLEVEL=fifo TOPLEVEL_LANG=verilog       \\\n         /workspace/generated/designs/fifo/tb/.chia_sim/build/Vtop     \n     -.--ns INFO     gpi                                ../gpi/GpiCommon.cpp:242  in gpi_load_users                  Loaded entry library: '/home/ray/anaconda3/lib/libpython3.10.so.1.0'\n     -.--ns INFO     gpi                                ../gpi/GpiCommon.cpp:233  in gpi_load_users                  Running entry func 'initialize' from loaded library '/home/ray/anaconda3/lib/python3.10/site-packages/cocotb/simulator.cpython-310-x86_64-linux-gnu.so'\n     -.--ns INFO     pygpi                              ..ib/pygpi/embed.cpp:114  in initialize                      Using Python 3.10.19 interpreter at /home/ray/anaconda3/bin/python3\n     -.--ns INFO     gpi                                ../gpi/GpiCommon.cpp:74   in gpi_print_registered_impl       GPI: VPI support registered\n     0.00ns INFO     cocotb.initialize                  Seeding Python random module with 1789033918\n     0.00ns INFO     cocotb.initialize                  Initialized cocotb v2.1.0 from /home/ray/anaconda3/lib/python3.10/site-packages/cocotb\n     0.00ns INFO     cocotb.initialize                  Running on Verilator version 5.042 2025-11-02\n     0.00ns INFO     cocotb.regression                  Running tests\n     0.00ns INFO     cocotb.regression                  running test_top.fifo_tb_top (1/1)\n                                                            Single cocotb entry point \u2014 mirrors SV UVM's ``+UVM_TESTNAME`` flow.\n     0.00ns INFO     cocotb.fifo                        fifo_tb_top: UVM_TESTNAME=FifoTC009Test  DATA_WIDTH=8  DEPTH=4  CLK_HALF_PERIOD_NS=5  WATCHDOG_MAX_CYCLES=2000\n     0.00ns WARNING  py.warnings                        /workspace/generated/designs/fifo/tb/test_top.py:132: DeprecationWarning: Use `handle.set(Immediate(...))` or `handle.value = Immediate(...)` instead.\n                                                          dut.rst_n.setimmediatevalue(0)\n     0.00ns WARNING  py.warnings                        /workspace/generated/designs/fifo/tb/test_top.py:133: DeprecationWarning: Use `handle.set(Immediate(...))` or `handle.value = Immediate(...)` instead.\n                                                          dut.wr_en.setimmediatevalue(0)\n     0.00ns WARNING  py.warnings                        /workspace/generated/designs/fifo/tb/test_top.py:134: DeprecationWarning: Use `handle.set(Immediate(...))` or `handle.value = Immediate(...)` instead.\n                                                          dut.rd_en.setimmediatevalue(0)\n     0.00ns WARNING  py.warnings                        /workspace/generated/designs/fifo/tb/test_top.py:135: DeprecationWarning: Use `handle.set(Immediate(...))` or `handle.value = Immediate(...)` instead.\n                                                          dut.din.setimmediatevalue(0)\n    20.00ns WARNING  py.warnings                        /workspace/generated/designs/fifo/tb/test_top.py:137: DeprecationWarning: Use `handle.set(Immediate(...))` or `handle.value = Immediate(...)` instead.\n                                                          dut.rst_n.setimmediatevalue(1)\n    40.00ns INFO     ..ated/designs/fifo/tb/test.py(72) [uvm_test_top]: uvm_test_top: FifoEnv created\n    40.00ns INFO     ..rated/designs/fifo/tb/env.py(52) [uvm_test_top.fifo_env]: FifoEnv build_phase complete\n    40.00ns INFO     ..signs/fifo/tb/scoreboard.py(111) [uvm_test_top.fifo_env.fifo_scoreboard]: FifoScoreboard built (DATA_WIDTH=8, DEPTH=4)\n    40.00ns INFO     ..designs/fifo/tb/coverage.py(321) [uvm_test_top.fifo_env.fifo_coverage]: FifoCoverage built (DATA_WIDTH=8, DEPTH=4, count reachable=True)\n    40.00ns INFO     ..rated/designs/fifo/tb/env.py(67) [uvm_test_top.fifo_env]: FifoEnv connect_phase: agent.ap -> scoreboard + coverage\n    40.00ns INFO     ../designs/fifo/tb/monitor.py(115) [uvm_test_top.fifo_env.fifo_agent.fifo_monitor]: FifoMonitor started (DATA_WIDTH=8, DEPTH=4)\n    40.00ns WARNING  py.warnings                        /workspace/generated/designs/fifo/tb/dut_helper.py:115: DeprecationWarning: Use `handle.set(Immediate(...))` or `handle.value = Immediate(...)` instead.\n                                                          self.dut.wr_en.setimmediatevalue(int(wr_en) & 0x1)\n    40.00ns WARNING  py.warnings                        /workspace/generated/designs/fifo/tb/dut_helper.py:116: DeprecationWarning: Use `handle.set(Immediate(...))` or `handle.value = Immediate(...)` instead.\n                                                          self.dut.rd_en.setimmediatevalue(int(rd_en) & 0x1)\n    40.00ns WARNING  py.warnings                        /workspace/generated/designs/fifo/tb/dut_helper.py:118: DeprecationWarning: Use `handle.set(Immediate(...))` or `handle.value = Immediate(...)` instead.\n                                                          self.dut.din.setimmediatevalue(int(din) & mask)\n    40.00ns INFO     ..signs/fifo/tb/scoreboard.py(120) [uvm_test_top.fifo_env.fifo_scoreboard]: FifoScoreboard run_phase started\n    40.00ns WARNING  py.warnings                        /workspace/generated/designs/fifo/tb/sequences.py:112: DeprecationWarning: Use `handle.set(Immediate(...))` or `handle.value = Immediate(...)` instead.\n                                                          self.dut.rst_n.setimmediatevalue(0)\n    50.00ns WARNING  cocotb.regression                  test_top.fifo_tb_top failed\n                                                        Traceback (most recent call last):\n                                                          File \"/workspace/generated/designs/fifo/tb/assertions.py\", line 188, in check_reset_clean_state\n                                                            assert dout == 0, (\n                                                        AssertionError: reset_clean_state violated at cycle 0: rst_n asserted but dout=0xff (expected 0)\n                                                        assert 255 == 0\n    50.00ns INFO     cocotb.regression                  **************************************************************************************\n                                                        ** TEST                          STATUS  SIM TIME (ns)  REAL TIME (s)  RATIO (ns/s) **\n                                                        **************************************************************************************\n                                                        ** test_top.fifo_tb_top           FAIL          50.00           0.01       4321.16  **\n                                                        **************************************************************************************\n                                                        ** TESTS=1 PASS=0 FAIL=1 SKIP=0                 50.00           0.01       4193.10  **\n                                                        **************************************************************************************\n- :0: Verilog $finish\nmake: *** [/home/ray/anaconda3/lib/python3.10/site-packages/cocotb_tools/makefiles/simulators/Makefile.verilator:74: /workspace/generated/designs/fifo/tb/.chia_sim/FifoTC009Test.xml] Error 1\n",
        "command": [
          "timeout",
          "--signal=TERM",
          "--kill-after=5",
          "60",
          "make",
          "-f",
          "/workspace/generated/designs/fifo/tb/.chia_sim/Makefile",
          "SIM=verilator",
          "TOPLEVEL_LANG=verilog",
          "TOPLEVEL=fifo",
          "COCOTB_TOPLEVEL=fifo",
          "MODULE=test_top",
          "COCOTB_TEST_MODULES=test_top",
          "VERILOG_SOURCES=/workspace/benchmarks/fifo/fifo.sv",
          "SIM_BUILD=/workspace/generated/designs/fifo/tb/.chia_sim/build",
          "COCOTB_RESULTS_FILE=/workspace/generated/designs/fifo/tb/.chia_sim/FifoTC009Test.xml",
          "COCOTB_HDL_TIMEUNIT=1ns",
          "COCOTB_HDL_TIMEPRECISION=1ps",
          "BUILD_ARGS=-j 4"
        ],
        "test_name": "FifoTC009Test",
        "test_module": "test_top",
        "results_file": "/workspace/generated/designs/fifo/tb/.chia_sim/FifoTC009Test.xml",
        "results_file_exists": true
      },
      "FifoTC010Test": {
        "status": "runtime_error",
        "category": "runtime_error",
        "timed_out": false,
        "watchdog_expired": false,
        "returncode": 2,
        "counts": {
          "uvm_errors": 0,
          "uvm_fatals": 0,
          "uvm_warnings": 0,
          "scoreboard_mismatches": 0,
          "assertion_failures": 0
        },
        "clean_exit": false,
        "log": "rm -f /workspace/generated/designs/fifo/tb/.chia_sim/FifoTC010Test.xml\nrm -f /workspace/generated/designs/fifo/tb/.chia_sim/FifoTC010Test.xml\nCOCOTB_TEST_MODULES=test_top COCOTB_TESTCASE=  COCOTB_TOPLEVEL=fifo TOPLEVEL_LANG=verilog       \\\n         /workspace/generated/designs/fifo/tb/.chia_sim/build/Vtop     \n     -.--ns INFO     gpi                                ../gpi/GpiCommon.cpp:242  in gpi_load_users                  Loaded entry library: '/home/ray/anaconda3/lib/libpython3.10.so.1.0'\n     -.--ns INFO     gpi                                ../gpi/GpiCommon.cpp:233  in gpi_load_users                  Running entry func 'initialize' from loaded library '/home/ray/anaconda3/lib/python3.10/site-packages/cocotb/simulator.cpython-310-x86_64-linux-gnu.so'\n     -.--ns INFO     pygpi                              ..ib/pygpi/embed.cpp:114  in initialize                      Using Python 3.10.19 interpreter at /home/ray/anaconda3/bin/python3\n     -.--ns INFO     gpi                                ../gpi/GpiCommon.cpp:74   in gpi_print_registered_impl       GPI: VPI support registered\n     0.00ns INFO     cocotb.initialize                  Seeding Python random module with 1789033918\n     0.00ns INFO     cocotb.initialize                  Initialized cocotb v2.1.0 from /home/ray/anaconda3/lib/python3.10/site-packages/cocotb\n     0.00ns INFO     cocotb.initialize                  Running on Verilator version 5.042 2025-11-02\n     0.00ns INFO     cocotb.regression                  Running tests\n     0.00ns INFO     cocotb.regression                  running test_top.fifo_tb_top (1/1)\n                                                            Single cocotb entry point \u2014 mirrors SV UVM's ``+UVM_TESTNAME`` flow.\n     0.00ns INFO     cocotb.fifo                        fifo_tb_top: UVM_TESTNAME=FifoTC010Test  DATA_WIDTH=8  DEPTH=4  CLK_HALF_PERIOD_NS=5  WATCHDOG_MAX_CYCLES=2000\n     0.00ns WARNING  py.warnings                        /workspace/generated/designs/fifo/tb/test_top.py:132: DeprecationWarning: Use `handle.set(Immediate(...))` or `handle.value = Immediate(...)` instead.\n                                                          dut.rst_n.setimmediatevalue(0)\n     0.00ns WARNING  py.warnings                        /workspace/generated/designs/fifo/tb/test_top.py:133: DeprecationWarning: Use `handle.set(Immediate(...))` or `handle.value = Immediate(...)` instead.\n                                                          dut.wr_en.setimmediatevalue(0)\n     0.00ns WARNING  py.warnings                        /workspace/generated/designs/fifo/tb/test_top.py:134: DeprecationWarning: Use `handle.set(Immediate(...))` or `handle.value = Immediate(...)` instead.\n                                                          dut.rd_en.setimmediatevalue(0)\n     0.00ns WARNING  py.warnings                        /workspace/generated/designs/fifo/tb/test_top.py:135: DeprecationWarning: Use `handle.set(Immediate(...))` or `handle.value = Immediate(...)` instead.\n                                                          dut.din.setimmediatevalue(0)\n    20.00ns WARNING  py.warnings                        /workspace/generated/designs/fifo/tb/test_top.py:137: DeprecationWarning: Use `handle.set(Immediate(...))` or `handle.value = Immediate(...)` instead.\n                                                          dut.rst_n.setimmediatevalue(1)\n    40.00ns INFO     ..ated/designs/fifo/tb/test.py(72) [uvm_test_top]: uvm_test_top: FifoEnv created\n    40.00ns INFO     ..rated/designs/fifo/tb/env.py(52) [uvm_test_top.fifo_env]: FifoEnv build_phase complete\n    40.00ns INFO     ..signs/fifo/tb/scoreboard.py(111) [uvm_test_top.fifo_env.fifo_scoreboard]: FifoScoreboard built (DATA_WIDTH=8, DEPTH=4)\n    40.00ns INFO     ..designs/fifo/tb/coverage.py(321) [uvm_test_top.fifo_env.fifo_coverage]: FifoCoverage built (DATA_WIDTH=8, DEPTH=4, count reachable=True)\n    40.00ns INFO     ..rated/designs/fifo/tb/env.py(67) [uvm_test_top.fifo_env]: FifoEnv connect_phase: agent.ap -> scoreboard + coverage\n    40.00ns INFO     ../designs/fifo/tb/monitor.py(115) [uvm_test_top.fifo_env.fifo_agent.fifo_monitor]: FifoMonitor started (DATA_WIDTH=8, DEPTH=4)\n    40.00ns WARNING  py.warnings                        /workspace/generated/designs/fifo/tb/dut_helper.py:115: DeprecationWarning: Use `handle.set(Immediate(...))` or `handle.value = Immediate(...)` instead.\n                                                          self.dut.wr_en.setimmediatevalue(int(wr_en) & 0x1)\n    40.00ns WARNING  py.warnings                        /workspace/generated/designs/fifo/tb/dut_helper.py:116: DeprecationWarning: Use `handle.set(Immediate(...))` or `handle.value = Immediate(...)` instead.\n                                                          self.dut.rd_en.setimmediatevalue(int(rd_en) & 0x1)\n    40.00ns WARNING  py.warnings                        /workspace/generated/designs/fifo/tb/dut_helper.py:118: DeprecationWarning: Use `handle.set(Immediate(...))` or `handle.value = Immediate(...)` instead.\n                                                          self.dut.din.setimmediatevalue(int(din) & mask)\n    40.00ns INFO     ..signs/fifo/tb/scoreboard.py(120) [uvm_test_top.fifo_env.fifo_scoreboard]: FifoScoreboard run_phase started\n    40.00ns WARNING  py.warnings                        /workspace/generated/designs/fifo/tb/sequences.py:112: DeprecationWarning: Use `handle.set(Immediate(...))` or `handle.value = Immediate(...)` instead.\n                                                          self.dut.rst_n.setimmediatevalue(0)\n    50.00ns WARNING  cocotb.regression                  test_top.fifo_tb_top failed\n                                                        Traceback (most recent call last):\n                                                          File \"/workspace/generated/designs/fifo/tb/assertions.py\", line 188, in check_reset_clean_state\n                                                            assert dout == 0, (\n                                                        AssertionError: reset_clean_state violated at cycle 0: rst_n asserted but dout=0xff (expected 0)\n                                                        assert 255 == 0\n    50.00ns INFO     cocotb.regression                  **************************************************************************************\n                                                        ** TEST                          STATUS  SIM TIME (ns)  REAL TIME (s)  RATIO (ns/s) **\n                                                        **************************************************************************************\n                                                        ** test_top.fifo_tb_top           FAIL          50.00           0.01       4412.05  **\n                                                        **************************************************************************************\n                                                        ** TESTS=1 PASS=0 FAIL=1 SKIP=0                 50.00           0.01       4288.64  **\n                                                        **************************************************************************************\n- :0: Verilog $finish\nmake: *** [/home/ray/anaconda3/lib/python3.10/site-packages/cocotb_tools/makefiles/simulators/Makefile.verilator:74: /workspace/generated/designs/fifo/tb/.chia_sim/FifoTC010Test.xml] Error 1\n",
        "command": [
          "timeout",
          "--signal=TERM",
          "--kill-after=5",
          "60",
          "make",
          "-f",
          "/workspace/generated/designs/fifo/tb/.chia_sim/Makefile",
          "SIM=verilator",
          "TOPLEVEL_LANG=verilog",
          "TOPLEVEL=fifo",
          "COCOTB_TOPLEVEL=fifo",
          "MODULE=test_top",
          "COCOTB_TEST_MODULES=test_top",
          "VERILOG_SOURCES=/workspace/benchmarks/fifo/fifo.sv",
          "SIM_BUILD=/workspace/generated/designs/fifo/tb/.chia_sim/build",
          "COCOTB_RESULTS_FILE=/workspace/generated/designs/fifo/tb/.chia_sim/FifoTC010Test.xml",
          "COCOTB_HDL_TIMEUNIT=1ns",
          "COCOTB_HDL_TIMEPRECISION=1ps",
          "BUILD_ARGS=-j 4"
        ],
        "test_name": "FifoTC010Test",
        "test_module": "test_top",
        "results_file": "/workspace/generated/designs/fifo/tb/.chia_sim/FifoTC010Test.xml",
        "results_file_exists": true
      },
      "FifoCornerTest": {
        "status": "runtime_error",
        "category": "runtime_error",
        "timed_out": false,
        "watchdog_expired": false,
        "returncode": 2,
        "counts": {
          "uvm_errors": 0,
          "uvm_fatals": 0,
          "uvm_warnings": 0,
          "scoreboard_mismatches": 0,
          "assertion_failures": 0
        },
        "clean_exit": false,
        "log": "rm -f /workspace/generated/designs/fifo/tb/.chia_sim/FifoCornerTest.xml\nrm -f /workspace/generated/designs/fifo/tb/.chia_sim/FifoCornerTest.xml\nCOCOTB_TEST_MODULES=test_top COCOTB_TESTCASE=  COCOTB_TOPLEVEL=fifo TOPLEVEL_LANG=verilog       \\\n         /workspace/generated/designs/fifo/tb/.chia_sim/build/Vtop     \n     -.--ns INFO     gpi                                ../gpi/GpiCommon.cpp:242  in gpi_load_users                  Loaded entry library: '/home/ray/anaconda3/lib/libpython3.10.so.1.0'\n     -.--ns INFO     gpi                                ../gpi/GpiCommon.cpp:233  in gpi_load_users                  Running entry func 'initialize' from loaded library '/home/ray/anaconda3/lib/python3.10/site-packages/cocotb/simulator.cpython-310-x86_64-linux-gnu.so'\n     -.--ns INFO     pygpi                              ..ib/pygpi/embed.cpp:114  in initialize                      Using Python 3.10.19 interpreter at /home/ray/anaconda3/bin/python3\n     -.--ns INFO     gpi                                ../gpi/GpiCommon.cpp:74   in gpi_print_registered_impl       GPI: VPI support registered\n     0.00ns INFO     cocotb.initialize                  Seeding Python random module with 1789033919\n     0.00ns INFO     cocotb.initialize                  Initialized cocotb v2.1.0 from /home/ray/anaconda3/lib/python3.10/site-packages/cocotb\n     0.00ns INFO     cocotb.initialize                  Running on Verilator version 5.042 2025-11-02\n     0.00ns INFO     cocotb.regression                  Running tests\n     0.00ns INFO     cocotb.regression                  running test_top.fifo_tb_top (1/1)\n                                                            Single cocotb entry point \u2014 mirrors SV UVM's ``+UVM_TESTNAME`` flow.\n     0.00ns INFO     cocotb.fifo                        fifo_tb_top: UVM_TESTNAME=FifoCornerTest  DATA_WIDTH=8  DEPTH=4  CLK_HALF_PERIOD_NS=5  WATCHDOG_MAX_CYCLES=2000\n     0.00ns WARNING  py.warnings                        /workspace/generated/designs/fifo/tb/test_top.py:132: DeprecationWarning: Use `handle.set(Immediate(...))` or `handle.value = Immediate(...)` instead.\n                                                          dut.rst_n.setimmediatevalue(0)\n     0.00ns WARNING  py.warnings                        /workspace/generated/designs/fifo/tb/test_top.py:133: DeprecationWarning: Use `handle.set(Immediate(...))` or `handle.value = Immediate(...)` instead.\n                                                          dut.wr_en.setimmediatevalue(0)\n     0.00ns WARNING  py.warnings                        /workspace/generated/designs/fifo/tb/test_top.py:134: DeprecationWarning: Use `handle.set(Immediate(...))` or `handle.value = Immediate(...)` instead.\n                                                          dut.rd_en.setimmediatevalue(0)\n     0.00ns WARNING  py.warnings                        /workspace/generated/designs/fifo/tb/test_top.py:135: DeprecationWarning: Use `handle.set(Immediate(...))` or `handle.value = Immediate(...)` instead.\n                                                          dut.din.setimmediatevalue(0)\n    20.00ns WARNING  py.warnings                        /workspace/generated/designs/fifo/tb/test_top.py:137: DeprecationWarning: Use `handle.set(Immediate(...))` or `handle.value = Immediate(...)` instead.\n                                                          dut.rst_n.setimmediatevalue(1)\n    40.00ns INFO     ..ated/designs/fifo/tb/test.py(72) [uvm_test_top]: uvm_test_top: FifoEnv created\n    40.00ns INFO     ..rated/designs/fifo/tb/env.py(52) [uvm_test_top.fifo_env]: FifoEnv build_phase complete\n    40.00ns INFO     ..signs/fifo/tb/scoreboard.py(111) [uvm_test_top.fifo_env.fifo_scoreboard]: FifoScoreboard built (DATA_WIDTH=8, DEPTH=4)\n    40.00ns INFO     ..designs/fifo/tb/coverage.py(321) [uvm_test_top.fifo_env.fifo_coverage]: FifoCoverage built (DATA_WIDTH=8, DEPTH=4, count reachable=True)\n    40.00ns INFO     ..rated/designs/fifo/tb/env.py(67) [uvm_test_top.fifo_env]: FifoEnv connect_phase: agent.ap -> scoreboard + coverage\n    40.00ns INFO     ../designs/fifo/tb/monitor.py(115) [uvm_test_top.fifo_env.fifo_agent.fifo_monitor]: FifoMonitor started (DATA_WIDTH=8, DEPTH=4)\n    40.00ns WARNING  py.warnings                        /workspace/generated/designs/fifo/tb/dut_helper.py:115: DeprecationWarning: Use `handle.set(Immediate(...))` or `handle.value = Immediate(...)` instead.\n                                                          self.dut.wr_en.setimmediatevalue(int(wr_en) & 0x1)\n    40.00ns WARNING  py.warnings                        /workspace/generated/designs/fifo/tb/dut_helper.py:116: DeprecationWarning: Use `handle.set(Immediate(...))` or `handle.value = Immediate(...)` instead.\n                                                          self.dut.rd_en.setimmediatevalue(int(rd_en) & 0x1)\n    40.00ns WARNING  py.warnings                        /workspace/generated/designs/fifo/tb/dut_helper.py:118: DeprecationWarning: Use `handle.set(Immediate(...))` or `handle.value = Immediate(...)` instead.\n                                                          self.dut.din.setimmediatevalue(int(din) & mask)\n    40.00ns INFO     ..signs/fifo/tb/scoreboard.py(120) [uvm_test_top.fifo_env.fifo_scoreboard]: FifoScoreboard run_phase started\n    40.00ns WARNING  py.warnings                        /workspace/generated/designs/fifo/tb/sequences.py:112: DeprecationWarning: Use `handle.set(Immediate(...))` or `handle.value = Immediate(...)` instead.\n                                                          self.dut.rst_n.setimmediatevalue(0)\n    50.00ns WARNING  cocotb.regression                  test_top.fifo_tb_top failed\n                                                        Traceback (most recent call last):\n                                                          File \"/workspace/generated/designs/fifo/tb/assertions.py\", line 188, in check_reset_clean_state\n                                                            assert dout == 0, (\n                                                        AssertionError: reset_clean_state violated at cycle 0: rst_n asserted but dout=0xff (expected 0)\n                                                        assert 255 == 0\n    50.00ns INFO     cocotb.regression                  **************************************************************************************\n                                                        ** TEST                          STATUS  SIM TIME (ns)  REAL TIME (s)  RATIO (ns/s) **\n                                                        **************************************************************************************\n                                                        ** test_top.fifo_tb_top           FAIL          50.00           0.01       4462.76  **\n                                                        **************************************************************************************\n                                                        ** TESTS=1 PASS=0 FAIL=1 SKIP=0                 50.00           0.01       4338.15  **\n                                                        **************************************************************************************\n- :0: Verilog $finish\nmake: *** [/home/ray/anaconda3/lib/python3.10/site-packages/cocotb_tools/makefiles/simulators/Makefile.verilator:74: /workspace/generated/designs/fifo/tb/.chia_sim/FifoCornerTest.xml] Error 1\n",
        "command": [
          "timeout",
          "--signal=TERM",
          "--kill-after=5",
          "60",
          "make",
          "-f",
          "/workspace/generated/designs/fifo/tb/.chia_sim/Makefile",
          "SIM=verilator",
          "TOPLEVEL_LANG=verilog",
          "TOPLEVEL=fifo",
          "COCOTB_TOPLEVEL=fifo",
          "MODULE=test_top",
          "COCOTB_TEST_MODULES=test_top",
          "VERILOG_SOURCES=/workspace/benchmarks/fifo/fifo.sv",
          "SIM_BUILD=/workspace/generated/designs/fifo/tb/.chia_sim/build",
          "COCOTB_RESULTS_FILE=/workspace/generated/designs/fifo/tb/.chia_sim/FifoCornerTest.xml",
          "COCOTB_HDL_TIMEUNIT=1ns",
          "COCOTB_HDL_TIMEPRECISION=1ps",
          "BUILD_ARGS=-j 4"
        ],
        "test_name": "FifoCornerTest",
        "test_module": "test_top",
        "results_file": "/workspace/generated/designs/fifo/tb/.chia_sim/FifoCornerTest.xml",
        "results_file_exists": true
      },
      "FifoBackToBackTest": {
        "status": "runtime_error",
        "category": "runtime_error",
        "timed_out": false,
        "watchdog_expired": false,
        "returncode": 2,
        "counts": {
          "uvm_errors": 0,
          "uvm_fatals": 0,
          "uvm_warnings": 0,
          "scoreboard_mismatches": 0,
          "assertion_failures": 0
        },
        "clean_exit": false,
        "log": "rm -f /workspace/generated/designs/fifo/tb/.chia_sim/FifoBackToBackTest.xml\nrm -f /workspace/generated/designs/fifo/tb/.chia_sim/FifoBackToBackTest.xml\nCOCOTB_TEST_MODULES=test_top COCOTB_TESTCASE=  COCOTB_TOPLEVEL=fifo TOPLEVEL_LANG=verilog       \\\n         /workspace/generated/designs/fifo/tb/.chia_sim/build/Vtop     \n     -.--ns INFO     gpi                                ../gpi/GpiCommon.cpp:242  in gpi_load_users                  Loaded entry library: '/home/ray/anaconda3/lib/libpython3.10.so.1.0'\n     -.--ns INFO     gpi                                ../gpi/GpiCommon.cpp:233  in gpi_load_users                  Running entry func 'initialize' from loaded library '/home/ray/anaconda3/lib/python3.10/site-packages/cocotb/simulator.cpython-310-x86_64-linux-gnu.so'\n     -.--ns INFO     pygpi                              ..ib/pygpi/embed.cpp:114  in initialize                      Using Python 3.10.19 interpreter at /home/ray/anaconda3/bin/python3\n     -.--ns INFO     gpi                                ../gpi/GpiCommon.cpp:74   in gpi_print_registered_impl       GPI: VPI support registered\n     0.00ns INFO     cocotb.initialize                  Seeding Python random module with 1789033919\n     0.00ns INFO     cocotb.initialize                  Initialized cocotb v2.1.0 from /home/ray/anaconda3/lib/python3.10/site-packages/cocotb\n     0.00ns INFO     cocotb.initialize                  Running on Verilator version 5.042 2025-11-02\n     0.00ns INFO     cocotb.regression                  Running tests\n     0.00ns INFO     cocotb.regression                  running test_top.fifo_tb_top (1/1)\n                                                            Single cocotb entry point \u2014 mirrors SV UVM's ``+UVM_TESTNAME`` flow.\n     0.00ns INFO     cocotb.fifo                        fifo_tb_top: UVM_TESTNAME=FifoBackToBackTest  DATA_WIDTH=8  DEPTH=4  CLK_HALF_PERIOD_NS=5  WATCHDOG_MAX_CYCLES=2000\n     0.00ns WARNING  py.warnings                        /workspace/generated/designs/fifo/tb/test_top.py:132: DeprecationWarning: Use `handle.set(Immediate(...))` or `handle.value = Immediate(...)` instead.\n                                                          dut.rst_n.setimmediatevalue(0)\n     0.00ns WARNING  py.warnings                        /workspace/generated/designs/fifo/tb/test_top.py:133: DeprecationWarning: Use `handle.set(Immediate(...))` or `handle.value = Immediate(...)` instead.\n                                                          dut.wr_en.setimmediatevalue(0)\n     0.00ns WARNING  py.warnings                        /workspace/generated/designs/fifo/tb/test_top.py:134: DeprecationWarning: Use `handle.set(Immediate(...))` or `handle.value = Immediate(...)` instead.\n                                                          dut.rd_en.setimmediatevalue(0)\n     0.00ns WARNING  py.warnings                        /workspace/generated/designs/fifo/tb/test_top.py:135: DeprecationWarning: Use `handle.set(Immediate(...))` or `handle.value = Immediate(...)` instead.\n                                                          dut.din.setimmediatevalue(0)\n    20.00ns WARNING  py.warnings                        /workspace/generated/designs/fifo/tb/test_top.py:137: DeprecationWarning: Use `handle.set(Immediate(...))` or `handle.value = Immediate(...)` instead.\n                                                          dut.rst_n.setimmediatevalue(1)\n    40.00ns INFO     ..ated/designs/fifo/tb/test.py(72) [uvm_test_top]: uvm_test_top: FifoEnv created\n    40.00ns INFO     ..rated/designs/fifo/tb/env.py(52) [uvm_test_top.fifo_env]: FifoEnv build_phase complete\n    40.00ns INFO     ..signs/fifo/tb/scoreboard.py(111) [uvm_test_top.fifo_env.fifo_scoreboard]: FifoScoreboard built (DATA_WIDTH=8, DEPTH=4)\n    40.00ns INFO     ..designs/fifo/tb/coverage.py(321) [uvm_test_top.fifo_env.fifo_coverage]: FifoCoverage built (DATA_WIDTH=8, DEPTH=4, count reachable=True)\n    40.00ns INFO     ..rated/designs/fifo/tb/env.py(67) [uvm_test_top.fifo_env]: FifoEnv connect_phase: agent.ap -> scoreboard + coverage\n    40.00ns INFO     ../designs/fifo/tb/monitor.py(115) [uvm_test_top.fifo_env.fifo_agent.fifo_monitor]: FifoMonitor started (DATA_WIDTH=8, DEPTH=4)\n    40.00ns WARNING  py.warnings                        /workspace/generated/designs/fifo/tb/dut_helper.py:115: DeprecationWarning: Use `handle.set(Immediate(...))` or `handle.value = Immediate(...)` instead.\n                                                          self.dut.wr_en.setimmediatevalue(int(wr_en) & 0x1)\n    40.00ns WARNING  py.warnings                        /workspace/generated/designs/fifo/tb/dut_helper.py:116: DeprecationWarning: Use `handle.set(Immediate(...))` or `handle.value = Immediate(...)` instead.\n                                                          self.dut.rd_en.setimmediatevalue(int(rd_en) & 0x1)\n    40.00ns WARNING  py.warnings                        /workspace/generated/designs/fifo/tb/dut_helper.py:118: DeprecationWarning: Use `handle.set(Immediate(...))` or `handle.value = Immediate(...)` instead.\n                                                          self.dut.din.setimmediatevalue(int(din) & mask)\n    40.00ns INFO     ..signs/fifo/tb/scoreboard.py(120) [uvm_test_top.fifo_env.fifo_scoreboard]: FifoScoreboard run_phase started\n    40.00ns WARNING  py.warnings                        /workspace/generated/designs/fifo/tb/sequences.py:112: DeprecationWarning: Use `handle.set(Immediate(...))` or `handle.value = Immediate(...)` instead.\n                                                          self.dut.rst_n.setimmediatevalue(0)\n    50.00ns WARNING  cocotb.regression                  test_top.fifo_tb_top failed\n                                                        Traceback (most recent call last):\n                                                          File \"/workspace/generated/designs/fifo/tb/assertions.py\", line 188, in check_reset_clean_state\n                                                            assert dout == 0, (\n                                                        AssertionError: reset_clean_state violated at cycle 0: rst_n asserted but dout=0xff (expected 0)\n                                                        assert 255 == 0\n    50.00ns INFO     cocotb.regression                  **************************************************************************************\n                                                        ** TEST                          STATUS  SIM TIME (ns)  REAL TIME (s)  RATIO (ns/s) **\n                                                        **************************************************************************************\n                                                        ** test_top.fifo_tb_top           FAIL          50.00           0.01       4449.58  **\n                                                        **************************************************************************************\n                                                        ** TESTS=1 PASS=0 FAIL=1 SKIP=0                 50.00           0.01       4282.60  **\n                                                        **************************************************************************************\n- :0: Verilog $finish\nmake: *** [/home/ray/anaconda3/lib/python3.10/site-packages/cocotb_tools/makefiles/simulators/Makefile.verilator:74: /workspace/generated/designs/fifo/tb/.chia_sim/FifoBackToBackTest.xml] Error 1\n",
        "command": [
          "timeout",
          "--signal=TERM",
          "--kill-after=5",
          "60",
          "make",
          "-f",
          "/workspace/generated/designs/fifo/tb/.chia_sim/Makefile",
          "SIM=verilator",
          "TOPLEVEL_LANG=verilog",
          "TOPLEVEL=fifo",
          "COCOTB_TOPLEVEL=fifo",
          "MODULE=test_top",
          "COCOTB_TEST_MODULES=test_top",
          "VERILOG_SOURCES=/workspace/benchmarks/fifo/fifo.sv",
          "SIM_BUILD=/workspace/generated/designs/fifo/tb/.chia_sim/build",
          "COCOTB_RESULTS_FILE=/workspace/generated/designs/fifo/tb/.chia_sim/FifoBackToBackTest.xml",
          "COCOTB_HDL_TIMEUNIT=1ns",
          "COCOTB_HDL_TIMEPRECISION=1ps",
          "BUILD_ARGS=-j 4"
        ],
        "test_name": "FifoBackToBackTest",
        "test_module": "test_top",
        "results_file": "/workspace/generated/designs/fifo/tb/.chia_sim/FifoBackToBackTest.xml",
        "results_file_exists": true
      },
      "FifoRandomizedTest": {
        "status": "runtime_error",
        "category": "runtime_error",
        "timed_out": false,
        "watchdog_expired": false,
        "returncode": 2,
        "counts": {
          "uvm_errors": 0,
          "uvm_fatals": 0,
          "uvm_warnings": 0,
          "scoreboard_mismatches": 0,
          "assertion_failures": 0
        },
        "clean_exit": false,
        "log": "rm -f /workspace/generated/designs/fifo/tb/.chia_sim/FifoRandomizedTest.xml\nrm -f /workspace/generated/designs/fifo/tb/.chia_sim/FifoRandomizedTest.xml\nCOCOTB_TEST_MODULES=test_top COCOTB_TESTCASE=  COCOTB_TOPLEVEL=fifo TOPLEVEL_LANG=verilog       \\\n         /workspace/generated/designs/fifo/tb/.chia_sim/build/Vtop     \n     -.--ns INFO     gpi                                ../gpi/GpiCommon.cpp:242  in gpi_load_users                  Loaded entry library: '/home/ray/anaconda3/lib/libpython3.10.so.1.0'\n     -.--ns INFO     gpi                                ../gpi/GpiCommon.cpp:233  in gpi_load_users                  Running entry func 'initialize' from loaded library '/home/ray/anaconda3/lib/python3.10/site-packages/cocotb/simulator.cpython-310-x86_64-linux-gnu.so'\n     -.--ns INFO     pygpi                              ..ib/pygpi/embed.cpp:114  in initialize                      Using Python 3.10.19 interpreter at /home/ray/anaconda3/bin/python3\n     -.--ns INFO     gpi                                ../gpi/GpiCommon.cpp:74   in gpi_print_registered_impl       GPI: VPI support registered\n     0.00ns INFO     cocotb.initialize                  Seeding Python random module with 1789033920\n     0.00ns INFO     cocotb.initialize                  Initialized cocotb v2.1.0 from /home/ray/anaconda3/lib/python3.10/site-packages/cocotb\n     0.00ns INFO     cocotb.initialize                  Running on Verilator version 5.042 2025-11-02\n     0.00ns INFO     cocotb.regression                  Running tests\n     0.00ns INFO     cocotb.regression                  running test_top.fifo_tb_top (1/1)\n                                                            Single cocotb entry point \u2014 mirrors SV UVM's ``+UVM_TESTNAME`` flow.\n     0.00ns INFO     cocotb.fifo                        fifo_tb_top: UVM_TESTNAME=FifoRandomizedTest  DATA_WIDTH=8  DEPTH=4  CLK_HALF_PERIOD_NS=5  WATCHDOG_MAX_CYCLES=2000\n     0.00ns WARNING  py.warnings                        /workspace/generated/designs/fifo/tb/test_top.py:132: DeprecationWarning: Use `handle.set(Immediate(...))` or `handle.value = Immediate(...)` instead.\n                                                          dut.rst_n.setimmediatevalue(0)\n     0.00ns WARNING  py.warnings                        /workspace/generated/designs/fifo/tb/test_top.py:133: DeprecationWarning: Use `handle.set(Immediate(...))` or `handle.value = Immediate(...)` instead.\n                                                          dut.wr_en.setimmediatevalue(0)\n     0.00ns WARNING  py.warnings                        /workspace/generated/designs/fifo/tb/test_top.py:134: DeprecationWarning: Use `handle.set(Immediate(...))` or `handle.value = Immediate(...)` instead.\n                                                          dut.rd_en.setimmediatevalue(0)\n     0.00ns WARNING  py.warnings                        /workspace/generated/designs/fifo/tb/test_top.py:135: DeprecationWarning: Use `handle.set(Immediate(...))` or `handle.value = Immediate(...)` instead.\n                                                          dut.din.setimmediatevalue(0)\n    20.00ns WARNING  py.warnings                        /workspace/generated/designs/fifo/tb/test_top.py:137: DeprecationWarning: Use `handle.set(Immediate(...))` or `handle.value = Immediate(...)` instead.\n                                                          dut.rst_n.setimmediatevalue(1)\n    40.00ns INFO     ..ated/designs/fifo/tb/test.py(72) [uvm_test_top]: uvm_test_top: FifoEnv created\n    40.00ns INFO     ..rated/designs/fifo/tb/env.py(52) [uvm_test_top.fifo_env]: FifoEnv build_phase complete\n    40.00ns INFO     ..signs/fifo/tb/scoreboard.py(111) [uvm_test_top.fifo_env.fifo_scoreboard]: FifoScoreboard built (DATA_WIDTH=8, DEPTH=4)\n    40.00ns INFO     ..designs/fifo/tb/coverage.py(321) [uvm_test_top.fifo_env.fifo_coverage]: FifoCoverage built (DATA_WIDTH=8, DEPTH=4, count reachable=True)\n    40.00ns INFO     ..rated/designs/fifo/tb/env.py(67) [uvm_test_top.fifo_env]: FifoEnv connect_phase: agent.ap -> scoreboard + coverage\n    40.00ns INFO     ../designs/fifo/tb/monitor.py(115) [uvm_test_top.fifo_env.fifo_agent.fifo_monitor]: FifoMonitor started (DATA_WIDTH=8, DEPTH=4)\n    40.00ns WARNING  py.warnings                        /workspace/generated/designs/fifo/tb/dut_helper.py:115: DeprecationWarning: Use `handle.set(Immediate(...))` or `handle.value = Immediate(...)` instead.\n                                                          self.dut.wr_en.setimmediatevalue(int(wr_en) & 0x1)\n    40.00ns WARNING  py.warnings                        /workspace/generated/designs/fifo/tb/dut_helper.py:116: DeprecationWarning: Use `handle.set(Immediate(...))` or `handle.value = Immediate(...)` instead.\n                                                          self.dut.rd_en.setimmediatevalue(int(rd_en) & 0x1)\n    40.00ns WARNING  py.warnings                        /workspace/generated/designs/fifo/tb/dut_helper.py:118: DeprecationWarning: Use `handle.set(Immediate(...))` or `handle.value = Immediate(...)` instead.\n                                                          self.dut.din.setimmediatevalue(int(din) & mask)\n    40.00ns INFO     ..signs/fifo/tb/scoreboard.py(120) [uvm_test_top.fifo_env.fifo_scoreboard]: FifoScoreboard run_phase started\n    40.00ns WARNING  py.warnings                        /workspace/generated/designs/fifo/tb/sequences.py:112: DeprecationWarning: Use `handle.set(Immediate(...))` or `handle.value = Immediate(...)` instead.\n                                                          self.dut.rst_n.setimmediatevalue(0)\n    50.00ns WARNING  cocotb.regression                  test_top.fifo_tb_top failed\n                                                        Traceback (most recent call last):\n                                                          File \"/workspace/generated/designs/fifo/tb/assertions.py\", line 188, in check_reset_clean_state\n                                                            assert dout == 0, (\n                                                        AssertionError: reset_clean_state violated at cycle 0: rst_n asserted but dout=0xff (expected 0)\n                                                        assert 255 == 0\n    50.00ns INFO     cocotb.regression                  **************************************************************************************\n                                                        ** TEST                          STATUS  SIM TIME (ns)  REAL TIME (s)  RATIO (ns/s) **\n                                                        **************************************************************************************\n                                                        ** test_top.fifo_tb_top           FAIL          50.00           0.01       4553.39  **\n                                                        **************************************************************************************\n                                                        ** TESTS=1 PASS=0 FAIL=1 SKIP=0                 50.00           0.01       4418.42  **\n                                                        **************************************************************************************\n- :0: Verilog $finish\nmake: *** [/home/ray/anaconda3/lib/python3.10/site-packages/cocotb_tools/makefiles/simulators/Makefile.verilator:74: /workspace/generated/designs/fifo/tb/.chia_sim/FifoRandomizedTest.xml] Error 1\n",
        "command": [
          "timeout",
          "--signal=TERM",
          "--kill-after=5",
          "60",
          "make",
          "-f",
          "/workspace/generated/designs/fifo/tb/.chia_sim/Makefile",
          "SIM=verilator",
          "TOPLEVEL_LANG=verilog",
          "TOPLEVEL=fifo",
          "COCOTB_TOPLEVEL=fifo",
          "MODULE=test_top",
          "COCOTB_TEST_MODULES=test_top",
          "VERILOG_SOURCES=/workspace/benchmarks/fifo/fifo.sv",
          "SIM_BUILD=/workspace/generated/designs/fifo/tb/.chia_sim/build",
          "COCOTB_RESULTS_FILE=/workspace/generated/designs/fifo/tb/.chia_sim/FifoRandomizedTest.xml",
          "COCOTB_HDL_TIMEUNIT=1ns",
          "COCOTB_HDL_TIMEPRECISION=1ps",
          "BUILD_ARGS=-j 4"
        ],
        "test_name": "FifoRandomizedTest",
        "test_module": "test_top",
        "results_file": "/workspace/generated/designs/fifo/tb/.chia_sim/FifoRandomizedTest.xml",
        "results_file_exists": true
      }
    }
  }
}
[36m(_ToolServerActor pid=18679)[0m INFO:     Started server process [18679]
[36m(_ToolServerActor pid=18679)[0m INFO:     Waiting for application startup.
[36m(_ToolServerActor pid=18679)[0m INFO:     Application startup complete.
[36m(_ToolServerActor pid=18679)[0m INFO:     Uvicorn running on http://172.16.36.107:8000 (Press CTRL+C to quit)
verification_improvement_workspace started at 172.16.36.107:8000 on node 4620ac88df003eb1995c4300a564485a171d4aadcd54becd8ed0d27f
OpenCodeLLM is experimental: only exercised by unit tests so far, not validated in production.
[36m(_ToolServerActor pid=18679)[0m INFO:     172.16.36.107:57104 - "POST /verification_improvement_workspace/mcp HTTP/1.1" 200 OK
[36m(_ToolServerActor pid=18679)[0m INFO:     172.16.36.107:57104 - "POST /verification_improvement_workspace/mcp HTTP/1.1" 202 Accepted
[36m(_ToolServerActor pid=18679)[0m INFO:     172.16.36.107:57104 - "GET /verification_improvement_workspace/mcp HTTP/1.1" 200 OK
[36m(_ToolServerActor pid=18679)[0m INFO:     172.16.36.107:57110 - "POST /verification_improvement_workspace/mcp HTTP/1.1" 200 OK
[36m(_ToolServerActor pid=18679)[0m INFO:     Shutting down

===== RTL REPAIR DECISION =====
schema_version: '1.0'
action: repair
root_cause: RTL reset value of dout is '1 (all-ones, 0xFF) instead of '0 (zero). Line
  25 of rtl.sv uses `dout <= '1;` in the asynchronous reset branch, violating the
  specification which states reset clears dout to 0.
evidence:
- 'All 13 tests (FifoTC001Test through FifoTC010Test, FifoCornerTest, FifoBackToBackTest,
  FifoRandomizedTest) fail with the identical assertion: reset_clean_state violated
  at cycle 0: rst_n asserted but dout=0xff (expected 0), assert 255 == 0.'
- simulation_result.json reports status=functional_failure with runtime_error (returncode
  2) for every test, all triggered by the same early-cycle assertion failure.
- 'specification.md states: ''Reset asynchronously clears the FIFO state, makes empty=1,
  full=0, and clears dout.'' The verification_plan.yaml specifies reset_value dout:
  0. The reference model reset() returns dout: 0.'
- 'RTL line 25: `dout <= ''1;` sets dout to all-ones (8''hFF for DATA_WIDTH=8), which
  is the opposite of the intended reset value of 0.'
confidence: high
changes:
- file: rtl.sv
  action: modify
  instructions:
  - Change line 25 from `dout   <= '1;` to `dout   <= '0;` so that async reset clears
    dout to zero, matching the specification, verification plan, and reference model.

[36m(_ToolServerActor pid=18679)[0m INFO:     Waiting for application shutdown.
[36m(_ToolServerActor pid=18679)[0m INFO:     Application shutdown complete.
[36m(_ToolServerActor pid=18679)[0m INFO:     Finished server process [18679]
[36m(_ToolServerActor pid=18878)[0m INFO:     Started server process [18878]
[36m(_ToolServerActor pid=18878)[0m INFO:     Waiting for application startup.
[36m(_ToolServerActor pid=18878)[0m INFO:     Application startup complete.
[36m(_ToolServerActor pid=18878)[0m INFO:     Uvicorn running on http://172.16.36.107:8000 (Press CTRL+C to quit)
verification_improvement_workspace started at 172.16.36.107:8000 on node 4620ac88df003eb1995c4300a564485a171d4aadcd54becd8ed0d27f
OpenCodeLLM is experimental: only exercised by unit tests so far, not validated in production.
[36m(_ToolServerActor pid=18878)[0m INFO:     172.16.36.107:55070 - "POST /verification_improvement_workspace/mcp HTTP/1.1" 200 OK
[36m(_ToolServerActor pid=18878)[0m INFO:     172.16.36.107:55070 - "POST /verification_improvement_workspace/mcp HTTP/1.1" 202 Accepted
[36m(_ToolServerActor pid=18878)[0m INFO:     172.16.36.107:55070 - "GET /verification_improvement_workspace/mcp HTTP/1.1" 200 OK
[36m(_ToolServerActor pid=18878)[0m INFO:     172.16.36.107:55078 - "POST /verification_improvement_workspace/mcp HTTP/1.1" 200 OK
[36m(_ToolServerActor pid=18878)[0m INFO:     Shutting down

===== RTL CANDIDATE VERIFICATION =====
  Candidate RTL: /home/auralab/nwark/chia_sept7_for_multi_rtl_with_multi_llm/for_multiple_rtl_updation_generalized/generated/designs/fifo/rtl_verification/candidates/iteration_02/fifo.sv
  Benchmark RTL remains untouched: /home/auralab/nwark/chia_sept7_for_multi_rtl_with_multi_llm/for_multiple_rtl_updation_generalized/benchmarks/fifo/fifo.sv
[36m(_ToolServerActor pid=18878)[0m INFO:     Waiting for application shutdown.
[36m(_ToolServerActor pid=18878)[0m INFO:     Application shutdown complete.
[36m(_ToolServerActor pid=18878)[0m INFO:     Finished server process [18878]

✗ RTL repair rejected at iteration 2; accepted RTL snapshot remains unchanged.
✓ Original benchmark RTL was not modified.

===== RTL VERIFICATION (iteration 3) =====
  Accepted RTL snapshot: /home/auralab/nwark/chia_sept7_for_multi_rtl_with_multi_llm/for_multiple_rtl_updation_generalized/generated/designs/fifo/rtl_verification/accepted/fifo.sv
  Benchmark RTL (read-only): /home/auralab/nwark/chia_sept7_for_multi_rtl_with_multi_llm/for_multiple_rtl_updation_generalized/benchmarks/fifo/fifo.sv
[36m(simulate pid=16878)[0m Wrote /workspace/generated/designs/fifo/rtl_verification/results/candidate_02.json
{
  "verdict": "generation_bug",
  "detail": {
    "status": "functional_failure",
    "tests": {
      "FifoTC001Test": {
        "status": "runtime_error",
        "category": "runtime_error",
        "timed_out": false,
        "watchdog_expired": false,
        "returncode": 2,
        "counts": {
          "uvm_errors": 0,
          "uvm_fatals": 0,
          "uvm_warnings": 0,
          "scoreboard_mismatches": 0,
          "assertion_failures": 0
        },
        "clean_exit": false,
        "log": "rm -f /workspace/generated/designs/fifo/tb/.chia_sim/FifoTC001Test.xml\nrm -f /workspace/generated/designs/fifo/tb/.chia_sim/FifoTC001Test.xml\nCOCOTB_TEST_MODULES=test_top COCOTB_TESTCASE=  COCOTB_TOPLEVEL=fifo TOPLEVEL_LANG=verilog       \\\n         /workspace/generated/designs/fifo/tb/.chia_sim/build/Vtop     \n     -.--ns INFO     gpi                                ../gpi/GpiCommon.cpp:242  in gpi_load_users                  Loaded entry library: '/home/ray/anaconda3/lib/libpython3.10.so.1.0'\n     -.--ns INFO     gpi                                ../gpi/GpiCommon.cpp:233  in gpi_load_users                  Running entry func 'initialize' from loaded library '/home/ray/anaconda3/lib/python3.10/site-packages/cocotb/simulator.cpython-310-x86_64-linux-gnu.so'\n     -.--ns INFO     pygpi                              ..ib/pygpi/embed.cpp:114  in initialize                      Using Python 3.10.19 interpreter at /home/ray/anaconda3/bin/python3\n     -.--ns INFO     gpi                                ../gpi/GpiCommon.cpp:74   in gpi_print_registered_impl       GPI: VPI support registered\n     0.00ns INFO     cocotb.initialize                  Seeding Python random module with 1789034094\n     0.00ns INFO     cocotb.initialize                  Initialized cocotb v2.1.0 from /home/ray/anaconda3/lib/python3.10/site-packages/cocotb\n     0.00ns INFO     cocotb.initialize                  Running on Verilator version 5.042 2025-11-02\n     0.00ns INFO     cocotb.regression                  Running tests\n     0.00ns INFO     cocotb.regression                  running test_top.fifo_tb_top (1/1)\n                                                            Single cocotb entry point \u2014 mirrors SV UVM's ``+UVM_TESTNAME`` flow.\n     0.00ns INFO     cocotb.fifo                        fifo_tb_top: UVM_TESTNAME=FifoTC001Test  DATA_WIDTH=8  DEPTH=4  CLK_HALF_PERIOD_NS=5  WATCHDOG_MAX_CYCLES=2000\n     0.00ns WARNING  py.warnings                        /workspace/generated/designs/fifo/tb/test_top.py:132: DeprecationWarning: Use `handle.set(Immediate(...))` or `handle.value = Immediate(...)` instead.\n                                                          dut.rst_n.setimmediatevalue(0)\n     0.00ns WARNING  py.warnings                        /workspace/generated/designs/fifo/tb/test_top.py:133: DeprecationWarning: Use `handle.set(Immediate(...))` or `handle.value = Immediate(...)` instead.\n                                                          dut.wr_en.setimmediatevalue(0)\n     0.00ns WARNING  py.warnings                        /workspace/generated/designs/fifo/tb/test_top.py:134: DeprecationWarning: Use `handle.set(Immediate(...))` or `handle.value = Immediate(...)` instead.\n                                                          dut.rd_en.setimmediatevalue(0)\n     0.00ns WARNING  py.warnings                        /workspace/generated/designs/fifo/tb/test_top.py:135: DeprecationWarning: Use `handle.set(Immediate(...))` or `handle.value = Immediate(...)` instead.\n                                                          dut.din.setimmediatevalue(0)\n    20.00ns WARNING  py.warnings                        /workspace/generated/designs/fifo/tb/test_top.py:137: DeprecationWarning: Use `handle.set(Immediate(...))` or `handle.value = Immediate(...)` instead.\n                                                          dut.rst_n.setimmediatevalue(1)\n    40.00ns INFO     ..ated/designs/fifo/tb/test.py(72) [uvm_test_top]: uvm_test_top: FifoEnv created\n    40.00ns INFO     ..rated/designs/fifo/tb/env.py(52) [uvm_test_top.fifo_env]: FifoEnv build_phase complete\n    40.00ns INFO     ..signs/fifo/tb/scoreboard.py(111) [uvm_test_top.fifo_env.fifo_scoreboard]: FifoScoreboard built (DATA_WIDTH=8, DEPTH=4)\n    40.00ns INFO     ..designs/fifo/tb/coverage.py(321) [uvm_test_top.fifo_env.fifo_coverage]: FifoCoverage built (DATA_WIDTH=8, DEPTH=4, count reachable=True)\n    40.00ns INFO     ..rated/designs/fifo/tb/env.py(67) [uvm_test_top.fifo_env]: FifoEnv connect_phase: agent.ap -> scoreboard + coverage\n    40.00ns INFO     ../designs/fifo/tb/monitor.py(115) [uvm_test_top.fifo_env.fifo_agent.fifo_monitor]: FifoMonitor started (DATA_WIDTH=8, DEPTH=4)\n    40.00ns WARNING  py.warnings                        /workspace/generated/designs/fifo/tb/dut_helper.py:115: DeprecationWarning: Use `handle.set(Immediate(...))` or `handle.value = Immediate(...)` instead.\n                                                          self.dut.wr_en.setimmediatevalue(int(wr_en) & 0x1)\n    40.00ns WARNING  py.warnings                        /workspace/generated/designs/fifo/tb/dut_helper.py:116: DeprecationWarning: Use `handle.set(Immediate(...))` or `handle.value = Immediate(...)` instead.\n                                                          self.dut.rd_en.setimmediatevalue(int(rd_en) & 0x1)\n    40.00ns WARNING  py.warnings                        /workspace/generated/designs/fifo/tb/dut_helper.py:118: DeprecationWarning: Use `handle.set(Immediate(...))` or `handle.value = Immediate(...)` instead.\n                                                          self.dut.din.setimmediatevalue(int(din) & mask)\n    40.00ns INFO     ..signs/fifo/tb/scoreboard.py(120) [uvm_test_top.fifo_env.fifo_scoreboard]: FifoScoreboard run_phase started\n    40.00ns WARNING  py.warnings                        /workspace/generated/designs/fifo/tb/sequences.py:112: DeprecationWarning: Use `handle.set(Immediate(...))` or `handle.value = Immediate(...)` instead.\n                                                          self.dut.rst_n.setimmediatevalue(0)\n    50.00ns WARNING  cocotb.regression                  test_top.fifo_tb_top failed\n                                                        Traceback (most recent call last):\n                                                          File \"/workspace/generated/designs/fifo/tb/assertions.py\", line 188, in check_reset_clean_state\n                                                            assert dout == 0, (\n                                                        AssertionError: reset_clean_state violated at cycle 0: rst_n asserted but dout=0xff (expected 0)\n                                                        assert 255 == 0\n    50.00ns INFO     cocotb.regression                  **************************************************************************************\n                                                        ** TEST                          STATUS  SIM TIME (ns)  REAL TIME (s)  RATIO (ns/s) **\n                                                        **************************************************************************************\n                                                        ** test_top.fifo_tb_top           FAIL          50.00           0.01       4334.87  **\n                                                        **************************************************************************************\n                                                        ** TESTS=1 PASS=0 FAIL=1 SKIP=0                 50.00           0.01       4216.32  **\n                                                        **************************************************************************************\n- :0: Verilog $finish\nmake: *** [/home/ray/anaconda3/lib/python3.10/site-packages/cocotb_tools/makefiles/simulators/Makefile.verilator:74: /workspace/generated/designs/fifo/tb/.chia_sim/FifoTC001Test.xml] Error 1\n",
        "command": [
          "timeout",
          "--signal=TERM",
          "--kill-after=5",
          "60",
          "make",
          "-f",
          "/workspace/generated/designs/fifo/tb/.chia_sim/Makefile",
          "SIM=verilator",
          "TOPLEVEL_LANG=verilog",
          "TOPLEVEL=fifo",
          "COCOTB_TOPLEVEL=fifo",
          "MODULE=test_top",
          "COCOTB_TEST_MODULES=test_top",
          "VERILOG_SOURCES=/workspace/benchmarks/fifo/fifo.sv",
          "SIM_BUILD=/workspace/generated/designs/fifo/tb/.chia_sim/build",
          "COCOTB_RESULTS_FILE=/workspace/generated/designs/fifo/tb/.chia_sim/FifoTC001Test.xml",
          "COCOTB_HDL_TIMEUNIT=1ns",
          "COCOTB_HDL_TIMEPRECISION=1ps",
          "BUILD_ARGS=-j 4"
        ],
        "test_name": "FifoTC001Test",
        "test_module": "test_top",
        "results_file": "/workspace/generated/designs/fifo/tb/.chia_sim/FifoTC001Test.xml",
        "results_file_exists": true
      },
      "FifoTC002Test": {
        "status": "runtime_error",
        "category": "runtime_error",
        "timed_out": false,
        "watchdog_expired": false,
        "returncode": 2,
        "counts": {
          "uvm_errors": 0,
          "uvm_fatals": 0,
          "uvm_warnings": 0,
          "scoreboard_mismatches": 0,
          "assertion_failures": 0
        },
        "clean_exit": false,
        "log": "rm -f /workspace/generated/designs/fifo/tb/.chia_sim/FifoTC002Test.xml\nrm -f /workspace/generated/designs/fifo/tb/.chia_sim/FifoTC002Test.xml\nCOCOTB_TEST_MODULES=test_top COCOTB_TESTCASE=  COCOTB_TOPLEVEL=fifo TOPLEVEL_LANG=verilog       \\\n         /workspace/generated/designs/fifo/tb/.chia_sim/build/Vtop     \n     -.--ns INFO     gpi                                ../gpi/GpiCommon.cpp:242  in gpi_load_users                  Loaded entry library: '/home/ray/anaconda3/lib/libpython3.10.so.1.0'\n     -.--ns INFO     gpi                                ../gpi/GpiCommon.cpp:233  in gpi_load_users                  Running entry func 'initialize' from loaded library '/home/ray/anaconda3/lib/python3.10/site-packages/cocotb/simulator.cpython-310-x86_64-linux-gnu.so'\n     -.--ns INFO     pygpi                              ..ib/pygpi/embed.cpp:114  in initialize                      Using Python 3.10.19 interpreter at /home/ray/anaconda3/bin/python3\n     -.--ns INFO     gpi                                ../gpi/GpiCommon.cpp:74   in gpi_print_registered_impl       GPI: VPI support registered\n     0.00ns INFO     cocotb.initialize                  Seeding Python random module with 1789034094\n     0.00ns INFO     cocotb.initialize                  Initialized cocotb v2.1.0 from /home/ray/anaconda3/lib/python3.10/site-packages/cocotb\n     0.00ns INFO     cocotb.initialize                  Running on Verilator version 5.042 2025-11-02\n     0.00ns INFO     cocotb.regression                  Running tests\n     0.00ns INFO     cocotb.regression                  running test_top.fifo_tb_top (1/1)\n                                                            Single cocotb entry point \u2014 mirrors SV UVM's ``+UVM_TESTNAME`` flow.\n     0.00ns INFO     cocotb.fifo                        fifo_tb_top: UVM_TESTNAME=FifoTC002Test  DATA_WIDTH=8  DEPTH=4  CLK_HALF_PERIOD_NS=5  WATCHDOG_MAX_CYCLES=2000\n     0.00ns WARNING  py.warnings                        /workspace/generated/designs/fifo/tb/test_top.py:132: DeprecationWarning: Use `handle.set(Immediate(...))` or `handle.value = Immediate(...)` instead.\n                                                          dut.rst_n.setimmediatevalue(0)\n     0.00ns WARNING  py.warnings                        /workspace/generated/designs/fifo/tb/test_top.py:133: DeprecationWarning: Use `handle.set(Immediate(...))` or `handle.value = Immediate(...)` instead.\n                                                          dut.wr_en.setimmediatevalue(0)\n     0.00ns WARNING  py.warnings                        /workspace/generated/designs/fifo/tb/test_top.py:134: DeprecationWarning: Use `handle.set(Immediate(...))` or `handle.value = Immediate(...)` instead.\n                                                          dut.rd_en.setimmediatevalue(0)\n     0.00ns WARNING  py.warnings                        /workspace/generated/designs/fifo/tb/test_top.py:135: DeprecationWarning: Use `handle.set(Immediate(...))` or `handle.value = Immediate(...)` instead.\n                                                          dut.din.setimmediatevalue(0)\n    20.00ns WARNING  py.warnings                        /workspace/generated/designs/fifo/tb/test_top.py:137: DeprecationWarning: Use `handle.set(Immediate(...))` or `handle.value = Immediate(...)` instead.\n                                                          dut.rst_n.setimmediatevalue(1)\n    40.00ns INFO     ..ated/designs/fifo/tb/test.py(72) [uvm_test_top]: uvm_test_top: FifoEnv created\n    40.00ns INFO     ..rated/designs/fifo/tb/env.py(52) [uvm_test_top.fifo_env]: FifoEnv build_phase complete\n    40.00ns INFO     ..signs/fifo/tb/scoreboard.py(111) [uvm_test_top.fifo_env.fifo_scoreboard]: FifoScoreboard built (DATA_WIDTH=8, DEPTH=4)\n    40.00ns INFO     ..designs/fifo/tb/coverage.py(321) [uvm_test_top.fifo_env.fifo_coverage]: FifoCoverage built (DATA_WIDTH=8, DEPTH=4, count reachable=True)\n    40.00ns INFO     ..rated/designs/fifo/tb/env.py(67) [uvm_test_top.fifo_env]: FifoEnv connect_phase: agent.ap -> scoreboard + coverage\n    40.00ns INFO     ../designs/fifo/tb/monitor.py(115) [uvm_test_top.fifo_env.fifo_agent.fifo_monitor]: FifoMonitor started (DATA_WIDTH=8, DEPTH=4)\n    40.00ns WARNING  py.warnings                        /workspace/generated/designs/fifo/tb/dut_helper.py:115: DeprecationWarning: Use `handle.set(Immediate(...))` or `handle.value = Immediate(...)` instead.\n                                                          self.dut.wr_en.setimmediatevalue(int(wr_en) & 0x1)\n    40.00ns WARNING  py.warnings                        /workspace/generated/designs/fifo/tb/dut_helper.py:116: DeprecationWarning: Use `handle.set(Immediate(...))` or `handle.value = Immediate(...)` instead.\n                                                          self.dut.rd_en.setimmediatevalue(int(rd_en) & 0x1)\n    40.00ns WARNING  py.warnings                        /workspace/generated/designs/fifo/tb/dut_helper.py:118: DeprecationWarning: Use `handle.set(Immediate(...))` or `handle.value = Immediate(...)` instead.\n                                                          self.dut.din.setimmediatevalue(int(din) & mask)\n    40.00ns INFO     ..signs/fifo/tb/scoreboard.py(120) [uvm_test_top.fifo_env.fifo_scoreboard]: FifoScoreboard run_phase started\n    40.00ns WARNING  py.warnings                        /workspace/generated/designs/fifo/tb/sequences.py:112: DeprecationWarning: Use `handle.set(Immediate(...))` or `handle.value = Immediate(...)` instead.\n                                                          self.dut.rst_n.setimmediatevalue(0)\n    50.00ns WARNING  cocotb.regression                  test_top.fifo_tb_top failed\n                                                        Traceback (most recent call last):\n                                                          File \"/workspace/generated/designs/fifo/tb/assertions.py\", line 188, in check_reset_clean_state\n                                                            assert dout == 0, (\n                                                        AssertionError: reset_clean_state violated at cycle 0: rst_n asserted but dout=0xff (expected 0)\n                                                        assert 255 == 0\n    50.00ns INFO     cocotb.regression                  **************************************************************************************\n                                                        ** TEST                          STATUS  SIM TIME (ns)  REAL TIME (s)  RATIO (ns/s) **\n                                                        **************************************************************************************\n                                                        ** test_top.fifo_tb_top           FAIL          50.00           0.01       4435.21  **\n                                                        **************************************************************************************\n                                                        ** TESTS=1 PASS=0 FAIL=1 SKIP=0                 50.00           0.01       4314.63  **\n                                                        **************************************************************************************\n- :0: Verilog $finish\nmake: *** [/home/ray/anaconda3/lib/python3.10/site-packages/cocotb_tools/makefiles/simulators/Makefile.verilator:74: /workspace/generated/designs/fifo/tb/.chia_sim/FifoTC002Test.xml] Error 1\n",
        "command": [
          "timeout",
          "--signal=TERM",
          "--kill-after=5",
          "60",
          "make",
          "-f",
          "/workspace/generated/designs/fifo/tb/.chia_sim/Makefile",
          "SIM=verilator",
          "TOPLEVEL_LANG=verilog",
          "TOPLEVEL=fifo",
          "COCOTB_TOPLEVEL=fifo",
          "MODULE=test_top",
          "COCOTB_TEST_MODULES=test_top",
          "VERILOG_SOURCES=/workspace/benchmarks/fifo/fifo.sv",
          "SIM_BUILD=/workspace/generated/designs/fifo/tb/.chia_sim/build",
          "COCOTB_RESULTS_FILE=/workspace/generated/designs/fifo/tb/.chia_sim/FifoTC002Test.xml",
          "COCOTB_HDL_TIMEUNIT=1ns",
          "COCOTB_HDL_TIMEPRECISION=1ps",
          "BUILD_ARGS=-j 4"
        ],
        "test_name": "FifoTC002Test",
        "test_module": "test_top",
        "results_file": "/workspace/generated/designs/fifo/tb/.chia_sim/FifoTC002Test.xml",
        "results_file_exists": true
      },
      "FifoTC003Test": {
        "status": "runtime_error",
        "category": "runtime_error",
        "timed_out": false,
        "watchdog_expired": false,
        "returncode": 2,
        "counts": {
          "uvm_errors": 0,
          "uvm_fatals": 0,
          "uvm_warnings": 0,
          "scoreboard_mismatches": 0,
          "assertion_failures": 0
        },
        "clean_exit": false,
        "log": "rm -f /workspace/generated/designs/fifo/tb/.chia_sim/FifoTC003Test.xml\nrm -f /workspace/generated/designs/fifo/tb/.chia_sim/FifoTC003Test.xml\nCOCOTB_TEST_MODULES=test_top COCOTB_TESTCASE=  COCOTB_TOPLEVEL=fifo TOPLEVEL_LANG=verilog       \\\n         /workspace/generated/designs/fifo/tb/.chia_sim/build/Vtop     \n     -.--ns INFO     gpi                                ../gpi/GpiCommon.cpp:242  in gpi_load_users                  Loaded entry library: '/home/ray/anaconda3/lib/libpython3.10.so.1.0'\n     -.--ns INFO     gpi                                ../gpi/GpiCommon.cpp:233  in gpi_load_users                  Running entry func 'initialize' from loaded library '/home/ray/anaconda3/lib/python3.10/site-packages/cocotb/simulator.cpython-310-x86_64-linux-gnu.so'\n     -.--ns INFO     pygpi                              ..ib/pygpi/embed.cpp:114  in initialize                      Using Python 3.10.19 interpreter at /home/ray/anaconda3/bin/python3\n     -.--ns INFO     gpi                                ../gpi/GpiCommon.cpp:74   in gpi_print_registered_impl       GPI: VPI support registered\n     0.00ns INFO     cocotb.initialize                  Seeding Python random module with 1789034095\n     0.00ns INFO     cocotb.initialize                  Initialized cocotb v2.1.0 from /home/ray/anaconda3/lib/python3.10/site-packages/cocotb\n     0.00ns INFO     cocotb.initialize                  Running on Verilator version 5.042 2025-11-02\n     0.00ns INFO     cocotb.regression                  Running tests\n     0.00ns INFO     cocotb.regression                  running test_top.fifo_tb_top (1/1)\n                                                            Single cocotb entry point \u2014 mirrors SV UVM's ``+UVM_TESTNAME`` flow.\n     0.00ns INFO     cocotb.fifo                        fifo_tb_top: UVM_TESTNAME=FifoTC003Test  DATA_WIDTH=8  DEPTH=4  CLK_HALF_PERIOD_NS=5  WATCHDOG_MAX_CYCLES=2000\n     0.00ns WARNING  py.warnings                        /workspace/generated/designs/fifo/tb/test_top.py:132: DeprecationWarning: Use `handle.set(Immediate(...))` or `handle.value = Immediate(...)` instead.\n                                                          dut.rst_n.setimmediatevalue(0)\n     0.00ns WARNING  py.warnings                        /workspace/generated/designs/fifo/tb/test_top.py:133: DeprecationWarning: Use `handle.set(Immediate(...))` or `handle.value = Immediate(...)` instead.\n                                                          dut.wr_en.setimmediatevalue(0)\n     0.00ns WARNING  py.warnings                        /workspace/generated/designs/fifo/tb/test_top.py:134: DeprecationWarning: Use `handle.set(Immediate(...))` or `handle.value = Immediate(...)` instead.\n                                                          dut.rd_en.setimmediatevalue(0)\n     0.00ns WARNING  py.warnings                        /workspace/generated/designs/fifo/tb/test_top.py:135: DeprecationWarning: Use `handle.set(Immediate(...))` or `handle.value = Immediate(...)` instead.\n                                                          dut.din.setimmediatevalue(0)\n    20.00ns WARNING  py.warnings                        /workspace/generated/designs/fifo/tb/test_top.py:137: DeprecationWarning: Use `handle.set(Immediate(...))` or `handle.value = Immediate(...)` instead.\n                                                          dut.rst_n.setimmediatevalue(1)\n    40.00ns INFO     ..ated/designs/fifo/tb/test.py(72) [uvm_test_top]: uvm_test_top: FifoEnv created\n    40.00ns INFO     ..rated/designs/fifo/tb/env.py(52) [uvm_test_top.fifo_env]: FifoEnv build_phase complete\n    40.00ns INFO     ..signs/fifo/tb/scoreboard.py(111) [uvm_test_top.fifo_env.fifo_scoreboard]: FifoScoreboard built (DATA_WIDTH=8, DEPTH=4)\n    40.00ns INFO     ..designs/fifo/tb/coverage.py(321) [uvm_test_top.fifo_env.fifo_coverage]: FifoCoverage built (DATA_WIDTH=8, DEPTH=4, count reachable=True)\n    40.00ns INFO     ..rated/designs/fifo/tb/env.py(67) [uvm_test_top.fifo_env]: FifoEnv connect_phase: agent.ap -> scoreboard + coverage\n    40.00ns INFO     ../designs/fifo/tb/monitor.py(115) [uvm_test_top.fifo_env.fifo_agent.fifo_monitor]: FifoMonitor started (DATA_WIDTH=8, DEPTH=4)\n    40.00ns WARNING  py.warnings                        /workspace/generated/designs/fifo/tb/dut_helper.py:115: DeprecationWarning: Use `handle.set(Immediate(...))` or `handle.value = Immediate(...)` instead.\n                                                          self.dut.wr_en.setimmediatevalue(int(wr_en) & 0x1)\n    40.00ns WARNING  py.warnings                        /workspace/generated/designs/fifo/tb/dut_helper.py:116: DeprecationWarning: Use `handle.set(Immediate(...))` or `handle.value = Immediate(...)` instead.\n                                                          self.dut.rd_en.setimmediatevalue(int(rd_en) & 0x1)\n    40.00ns WARNING  py.warnings                        /workspace/generated/designs/fifo/tb/dut_helper.py:118: DeprecationWarning: Use `handle.set(Immediate(...))` or `handle.value = Immediate(...)` instead.\n                                                          self.dut.din.setimmediatevalue(int(din) & mask)\n    40.00ns INFO     ..signs/fifo/tb/scoreboard.py(120) [uvm_test_top.fifo_env.fifo_scoreboard]: FifoScoreboard run_phase started\n    40.00ns WARNING  py.warnings                        /workspace/generated/designs/fifo/tb/sequences.py:112: DeprecationWarning: Use `handle.set(Immediate(...))` or `handle.value = Immediate(...)` instead.\n                                                          self.dut.rst_n.setimmediatevalue(0)\n    50.00ns WARNING  cocotb.regression                  test_top.fifo_tb_top failed\n                                                        Traceback (most recent call last):\n                                                          File \"/workspace/generated/designs/fifo/tb/assertions.py\", line 188, in check_reset_clean_state\n                                                            assert dout == 0, (\n                                                        AssertionError: reset_clean_state violated at cycle 0: rst_n asserted but dout=0xff (expected 0)\n                                                        assert 255 == 0\n    50.00ns INFO     cocotb.regression                  **************************************************************************************\n                                                        ** TEST                          STATUS  SIM TIME (ns)  REAL TIME (s)  RATIO (ns/s) **\n                                                        **************************************************************************************\n                                                        ** test_top.fifo_tb_top           FAIL          50.00           0.01       4604.79  **\n                                                        **************************************************************************************\n                                                        ** TESTS=1 PASS=0 FAIL=1 SKIP=0                 50.00           0.01       4483.11  **\n                                                        **************************************************************************************\n- :0: Verilog $finish\nmake: *** [/home/ray/anaconda3/lib/python3.10/site-packages/cocotb_tools/makefiles/simulators/Makefile.verilator:74: /workspace/generated/designs/fifo/tb/.chia_sim/FifoTC003Test.xml] Error 1\n",
        "command": [
          "timeout",
          "--signal=TERM",
          "--kill-after=5",
          "60",
          "make",
          "-f",
          "/workspace/generated/designs/fifo/tb/.chia_sim/Makefile",
          "SIM=verilator",
          "TOPLEVEL_LANG=verilog",
          "TOPLEVEL=fifo",
          "COCOTB_TOPLEVEL=fifo",
          "MODULE=test_top",
          "COCOTB_TEST_MODULES=test_top",
          "VERILOG_SOURCES=/workspace/benchmarks/fifo/fifo.sv",
          "SIM_BUILD=/workspace/generated/designs/fifo/tb/.chia_sim/build",
          "COCOTB_RESULTS_FILE=/workspace/generated/designs/fifo/tb/.chia_sim/FifoTC003Test.xml",
          "COCOTB_HDL_TIMEUNIT=1ns",
          "COCOTB_HDL_TIMEPRECISION=1ps",
          "BUILD_ARGS=-j 4"
        ],
        "test_name": "FifoTC003Test",
        "test_module": "test_top",
        "results_file": "/workspace/generated/designs/fifo/tb/.chia_sim/FifoTC003Test.xml",
        "results_file_exists": true
      },
      "FifoTC004Test": {
        "status": "runtime_error",
        "category": "runtime_error",
        "timed_out": false,
        "watchdog_expired": false,
        "returncode": 2,
        "counts": {
          "uvm_errors": 0,
          "uvm_fatals": 0,
          "uvm_warnings": 0,
          "scoreboard_mismatches": 0,
          "assertion_failures": 0
        },
        "clean_exit": false,
        "log": "rm -f /workspace/generated/designs/fifo/tb/.chia_sim/FifoTC004Test.xml\nrm -f /workspace/generated/designs/fifo/tb/.chia_sim/FifoTC004Test.xml\nCOCOTB_TEST_MODULES=test_top COCOTB_TESTCASE=  COCOTB_TOPLEVEL=fifo TOPLEVEL_LANG=verilog       \\\n         /workspace/generated/designs/fifo/tb/.chia_sim/build/Vtop     \n     -.--ns INFO     gpi                                ../gpi/GpiCommon.cpp:242  in gpi_load_users                  Loaded entry library: '/home/ray/anaconda3/lib/libpython3.10.so.1.0'\n     -.--ns INFO     gpi                                ../gpi/GpiCommon.cpp:233  in gpi_load_users                  Running entry func 'initialize' from loaded library '/home/ray/anaconda3/lib/python3.10/site-packages/cocotb/simulator.cpython-310-x86_64-linux-gnu.so'\n     -.--ns INFO     pygpi                              ..ib/pygpi/embed.cpp:114  in initialize                      Using Python 3.10.19 interpreter at /home/ray/anaconda3/bin/python3\n     -.--ns INFO     gpi                                ../gpi/GpiCommon.cpp:74   in gpi_print_registered_impl       GPI: VPI support registered\n     0.00ns INFO     cocotb.initialize                  Seeding Python random module with 1789034095\n     0.00ns INFO     cocotb.initialize                  Initialized cocotb v2.1.0 from /home/ray/anaconda3/lib/python3.10/site-packages/cocotb\n     0.00ns INFO     cocotb.initialize                  Running on Verilator version 5.042 2025-11-02\n     0.00ns INFO     cocotb.regression                  Running tests\n     0.00ns INFO     cocotb.regression                  running test_top.fifo_tb_top (1/1)\n                                                            Single cocotb entry point \u2014 mirrors SV UVM's ``+UVM_TESTNAME`` flow.\n     0.00ns INFO     cocotb.fifo                        fifo_tb_top: UVM_TESTNAME=FifoTC004Test  DATA_WIDTH=8  DEPTH=4  CLK_HALF_PERIOD_NS=5  WATCHDOG_MAX_CYCLES=2000\n     0.00ns WARNING  py.warnings                        /workspace/generated/designs/fifo/tb/test_top.py:132: DeprecationWarning: Use `handle.set(Immediate(...))` or `handle.value = Immediate(...)` instead.\n                                                          dut.rst_n.setimmediatevalue(0)\n     0.00ns WARNING  py.warnings                        /workspace/generated/designs/fifo/tb/test_top.py:133: DeprecationWarning: Use `handle.set(Immediate(...))` or `handle.value = Immediate(...)` instead.\n                                                          dut.wr_en.setimmediatevalue(0)\n     0.00ns WARNING  py.warnings                        /workspace/generated/designs/fifo/tb/test_top.py:134: DeprecationWarning: Use `handle.set(Immediate(...))` or `handle.value = Immediate(...)` instead.\n                                                          dut.rd_en.setimmediatevalue(0)\n     0.00ns WARNING  py.warnings                        /workspace/generated/designs/fifo/tb/test_top.py:135: DeprecationWarning: Use `handle.set(Immediate(...))` or `handle.value = Immediate(...)` instead.\n                                                          dut.din.setimmediatevalue(0)\n    20.00ns WARNING  py.warnings                        /workspace/generated/designs/fifo/tb/test_top.py:137: DeprecationWarning: Use `handle.set(Immediate(...))` or `handle.value = Immediate(...)` instead.\n                                                          dut.rst_n.setimmediatevalue(1)\n    40.00ns INFO     ..ated/designs/fifo/tb/test.py(72) [uvm_test_top]: uvm_test_top: FifoEnv created\n    40.00ns INFO     ..rated/designs/fifo/tb/env.py(52) [uvm_test_top.fifo_env]: FifoEnv build_phase complete\n    40.00ns INFO     ..signs/fifo/tb/scoreboard.py(111) [uvm_test_top.fifo_env.fifo_scoreboard]: FifoScoreboard built (DATA_WIDTH=8, DEPTH=4)\n    40.00ns INFO     ..designs/fifo/tb/coverage.py(321) [uvm_test_top.fifo_env.fifo_coverage]: FifoCoverage built (DATA_WIDTH=8, DEPTH=4, count reachable=True)\n    40.00ns INFO     ..rated/designs/fifo/tb/env.py(67) [uvm_test_top.fifo_env]: FifoEnv connect_phase: agent.ap -> scoreboard + coverage\n    40.00ns INFO     ../designs/fifo/tb/monitor.py(115) [uvm_test_top.fifo_env.fifo_agent.fifo_monitor]: FifoMonitor started (DATA_WIDTH=8, DEPTH=4)\n    40.00ns WARNING  py.warnings                        /workspace/generated/designs/fifo/tb/dut_helper.py:115: DeprecationWarning: Use `handle.set(Immediate(...))` or `handle.value = Immediate(...)` instead.\n                                                          self.dut.wr_en.setimmediatevalue(int(wr_en) & 0x1)\n    40.00ns WARNING  py.warnings                        /workspace/generated/designs/fifo/tb/dut_helper.py:116: DeprecationWarning: Use `handle.set(Immediate(...))` or `handle.value = Immediate(...)` instead.\n                                                          self.dut.rd_en.setimmediatevalue(int(rd_en) & 0x1)\n    40.00ns WARNING  py.warnings                        /workspace/generated/designs/fifo/tb/dut_helper.py:118: DeprecationWarning: Use `handle.set(Immediate(...))` or `handle.value = Immediate(...)` instead.\n                                                          self.dut.din.setimmediatevalue(int(din) & mask)\n    40.00ns INFO     ..signs/fifo/tb/scoreboard.py(120) [uvm_test_top.fifo_env.fifo_scoreboard]: FifoScoreboard run_phase started\n    40.00ns WARNING  py.warnings                        /workspace/generated/designs/fifo/tb/sequences.py:112: DeprecationWarning: Use `handle.set(Immediate(...))` or `handle.value = Immediate(...)` instead.\n                                                          self.dut.rst_n.setimmediatevalue(0)\n    50.00ns WARNING  cocotb.regression                  test_top.fifo_tb_top failed\n                                                        Traceback (most recent call last):\n                                                          File \"/workspace/generated/designs/fifo/tb/assertions.py\", line 188, in check_reset_clean_state\n                                                            assert dout == 0, (\n                                                        AssertionError: reset_clean_state violated at cycle 0: rst_n asserted but dout=0xff (expected 0)\n                                                        assert 255 == 0\n    50.00ns INFO     cocotb.regression                  **************************************************************************************\n                                                        ** TEST                          STATUS  SIM TIME (ns)  REAL TIME (s)  RATIO (ns/s) **\n                                                        **************************************************************************************\n                                                        ** test_top.fifo_tb_top           FAIL          50.00           0.01       4494.43  **\n                                                        **************************************************************************************\n                                                        ** TESTS=1 PASS=0 FAIL=1 SKIP=0                 50.00           0.01       4374.85  **\n                                                        **************************************************************************************\n- :0: Verilog $finish\nmake: *** [/home/ray/anaconda3/lib/python3.10/site-packages/cocotb_tools/makefiles/simulators/Makefile.verilator:74: /workspace/generated/designs/fifo/tb/.chia_sim/FifoTC004Test.xml] Error 1\n",
        "command": [
          "timeout",
          "--signal=TERM",
          "--kill-after=5",
          "60",
          "make",
          "-f",
          "/workspace/generated/designs/fifo/tb/.chia_sim/Makefile",
          "SIM=verilator",
          "TOPLEVEL_LANG=verilog",
          "TOPLEVEL=fifo",
          "COCOTB_TOPLEVEL=fifo",
          "MODULE=test_top",
          "COCOTB_TEST_MODULES=test_top",
          "VERILOG_SOURCES=/workspace/benchmarks/fifo/fifo.sv",
          "SIM_BUILD=/workspace/generated/designs/fifo/tb/.chia_sim/build",
          "COCOTB_RESULTS_FILE=/workspace/generated/designs/fifo/tb/.chia_sim/FifoTC004Test.xml",
          "COCOTB_HDL_TIMEUNIT=1ns",
          "COCOTB_HDL_TIMEPRECISION=1ps",
          "BUILD_ARGS=-j 4"
        ],
        "test_name": "FifoTC004Test",
        "test_module": "test_top",
        "results_file": "/workspace/generated/designs/fifo/tb/.chia_sim/FifoTC004Test.xml",
        "results_file_exists": true
      },
      "FifoTC005Test": {
        "status": "runtime_error",
        "category": "runtime_error",
        "timed_out": false,
        "watchdog_expired": false,
        "returncode": 2,
        "counts": {
          "uvm_errors": 0,
          "uvm_fatals": 0,
          "uvm_warnings": 0,
          "scoreboard_mismatches": 0,
          "assertion_failures": 0
        },
        "clean_exit": false,
        "log": "rm -f /workspace/generated/designs/fifo/tb/.chia_sim/FifoTC005Test.xml\nrm -f /workspace/generated/designs/fifo/tb/.chia_sim/FifoTC005Test.xml\nCOCOTB_TEST_MODULES=test_top COCOTB_TESTCASE=  COCOTB_TOPLEVEL=fifo TOPLEVEL_LANG=verilog       \\\n         /workspace/generated/designs/fifo/tb/.chia_sim/build/Vtop     \n     -.--ns INFO     gpi                                ../gpi/GpiCommon.cpp:242  in gpi_load_users                  Loaded entry library: '/home/ray/anaconda3/lib/libpython3.10.so.1.0'\n     -.--ns INFO     gpi                                ../gpi/GpiCommon.cpp:233  in gpi_load_users                  Running entry func 'initialize' from loaded library '/home/ray/anaconda3/lib/python3.10/site-packages/cocotb/simulator.cpython-310-x86_64-linux-gnu.so'\n     -.--ns INFO     pygpi                              ..ib/pygpi/embed.cpp:114  in initialize                      Using Python 3.10.19 interpreter at /home/ray/anaconda3/bin/python3\n     -.--ns INFO     gpi                                ../gpi/GpiCommon.cpp:74   in gpi_print_registered_impl       GPI: VPI support registered\n     0.00ns INFO     cocotb.initialize                  Seeding Python random module with 1789034096\n     0.00ns INFO     cocotb.initialize                  Initialized cocotb v2.1.0 from /home/ray/anaconda3/lib/python3.10/site-packages/cocotb\n     0.00ns INFO     cocotb.initialize                  Running on Verilator version 5.042 2025-11-02\n     0.00ns INFO     cocotb.regression                  Running tests\n     0.00ns INFO     cocotb.regression                  running test_top.fifo_tb_top (1/1)\n                                                            Single cocotb entry point \u2014 mirrors SV UVM's ``+UVM_TESTNAME`` flow.\n     0.00ns INFO     cocotb.fifo                        fifo_tb_top: UVM_TESTNAME=FifoTC005Test  DATA_WIDTH=8  DEPTH=4  CLK_HALF_PERIOD_NS=5  WATCHDOG_MAX_CYCLES=2000\n     0.00ns WARNING  py.warnings                        /workspace/generated/designs/fifo/tb/test_top.py:132: DeprecationWarning: Use `handle.set(Immediate(...))` or `handle.value = Immediate(...)` instead.\n                                                          dut.rst_n.setimmediatevalue(0)\n     0.00ns WARNING  py.warnings                        /workspace/generated/designs/fifo/tb/test_top.py:133: DeprecationWarning: Use `handle.set(Immediate(...))` or `handle.value = Immediate(...)` instead.\n                                                          dut.wr_en.setimmediatevalue(0)\n     0.00ns WARNING  py.warnings                        /workspace/generated/designs/fifo/tb/test_top.py:134: DeprecationWarning: Use `handle.set(Immediate(...))` or `handle.value = Immediate(...)` instead.\n                                                          dut.rd_en.setimmediatevalue(0)\n     0.00ns WARNING  py.warnings                        /workspace/generated/designs/fifo/tb/test_top.py:135: DeprecationWarning: Use `handle.set(Immediate(...))` or `handle.value = Immediate(...)` instead.\n                                                          dut.din.setimmediatevalue(0)\n    20.00ns WARNING  py.warnings                        /workspace/generated/designs/fifo/tb/test_top.py:137: DeprecationWarning: Use `handle.set(Immediate(...))` or `handle.value = Immediate(...)` instead.\n                                                          dut.rst_n.setimmediatevalue(1)\n    40.00ns INFO     ..ated/designs/fifo/tb/test.py(72) [uvm_test_top]: uvm_test_top: FifoEnv created\n    40.00ns INFO     ..rated/designs/fifo/tb/env.py(52) [uvm_test_top.fifo_env]: FifoEnv build_phase complete\n    40.00ns INFO     ..signs/fifo/tb/scoreboard.py(111) [uvm_test_top.fifo_env.fifo_scoreboard]: FifoScoreboard built (DATA_WIDTH=8, DEPTH=4)\n    40.00ns INFO     ..designs/fifo/tb/coverage.py(321) [uvm_test_top.fifo_env.fifo_coverage]: FifoCoverage built (DATA_WIDTH=8, DEPTH=4, count reachable=True)\n    40.00ns INFO     ..rated/designs/fifo/tb/env.py(67) [uvm_test_top.fifo_env]: FifoEnv connect_phase: agent.ap -> scoreboard + coverage\n    40.00ns INFO     ../designs/fifo/tb/monitor.py(115) [uvm_test_top.fifo_env.fifo_agent.fifo_monitor]: FifoMonitor started (DATA_WIDTH=8, DEPTH=4)\n    40.00ns WARNING  py.warnings                        /workspace/generated/designs/fifo/tb/dut_helper.py:115: DeprecationWarning: Use `handle.set(Immediate(...))` or `handle.value = Immediate(...)` instead.\n                                                          self.dut.wr_en.setimmediatevalue(int(wr_en) & 0x1)\n    40.00ns WARNING  py.warnings                        /workspace/generated/designs/fifo/tb/dut_helper.py:116: DeprecationWarning: Use `handle.set(Immediate(...))` or `handle.value = Immediate(...)` instead.\n                                                          self.dut.rd_en.setimmediatevalue(int(rd_en) & 0x1)\n    40.00ns WARNING  py.warnings                        /workspace/generated/designs/fifo/tb/dut_helper.py:118: DeprecationWarning: Use `handle.set(Immediate(...))` or `handle.value = Immediate(...)` instead.\n                                                          self.dut.din.setimmediatevalue(int(din) & mask)\n    40.00ns INFO     ..signs/fifo/tb/scoreboard.py(120) [uvm_test_top.fifo_env.fifo_scoreboard]: FifoScoreboard run_phase started\n    40.00ns WARNING  py.warnings                        /workspace/generated/designs/fifo/tb/sequences.py:112: DeprecationWarning: Use `handle.set(Immediate(...))` or `handle.value = Immediate(...)` instead.\n                                                          self.dut.rst_n.setimmediatevalue(0)\n    50.00ns WARNING  cocotb.regression                  test_top.fifo_tb_top failed\n                                                        Traceback (most recent call last):\n                                                          File \"/workspace/generated/designs/fifo/tb/assertions.py\", line 188, in check_reset_clean_state\n                                                            assert dout == 0, (\n                                                        AssertionError: reset_clean_state violated at cycle 0: rst_n asserted but dout=0xff (expected 0)\n                                                        assert 255 == 0\n    50.00ns INFO     cocotb.regression                  **************************************************************************************\n                                                        ** TEST                          STATUS  SIM TIME (ns)  REAL TIME (s)  RATIO (ns/s) **\n                                                        **************************************************************************************\n                                                        ** test_top.fifo_tb_top           FAIL          50.00           0.01       4495.13  **\n                                                        **************************************************************************************\n                                                        ** TESTS=1 PASS=0 FAIL=1 SKIP=0                 50.00           0.01       4373.70  **\n                                                        **************************************************************************************\n- :0: Verilog $finish\nmake: *** [/home/ray/anaconda3/lib/python3.10/site-packages/cocotb_tools/makefiles/simulators/Makefile.verilator:74: /workspace/generated/designs/fifo/tb/.chia_sim/FifoTC005Test.xml] Error 1\n",
        "command": [
          "timeout",
          "--signal=TERM",
          "--kill-after=5",
          "60",
          "make",
          "-f",
          "/workspace/generated/designs/fifo/tb/.chia_sim/Makefile",
          "SIM=verilator",
          "TOPLEVEL_LANG=verilog",
          "TOPLEVEL=fifo",
          "COCOTB_TOPLEVEL=fifo",
          "MODULE=test_top",
          "COCOTB_TEST_MODULES=test_top",
          "VERILOG_SOURCES=/workspace/benchmarks/fifo/fifo.sv",
          "SIM_BUILD=/workspace/generated/designs/fifo/tb/.chia_sim/build",
          "COCOTB_RESULTS_FILE=/workspace/generated/designs/fifo/tb/.chia_sim/FifoTC005Test.xml",
          "COCOTB_HDL_TIMEUNIT=1ns",
          "COCOTB_HDL_TIMEPRECISION=1ps",
          "BUILD_ARGS=-j 4"
        ],
        "test_name": "FifoTC005Test",
        "test_module": "test_top",
        "results_file": "/workspace/generated/designs/fifo/tb/.chia_sim/FifoTC005Test.xml",
        "results_file_exists": true
      },
      "FifoTC006Test": {
        "status": "runtime_error",
        "category": "runtime_error",
        "timed_out": false,
        "watchdog_expired": false,
        "returncode": 2,
        "counts": {
          "uvm_errors": 0,
          "uvm_fatals": 0,
          "uvm_warnings": 0,
          "scoreboard_mismatches": 0,
          "assertion_failures": 0
        },
        "clean_exit": false,
        "log": "rm -f /workspace/generated/designs/fifo/tb/.chia_sim/FifoTC006Test.xml\nrm -f /workspace/generated/designs/fifo/tb/.chia_sim/FifoTC006Test.xml\nCOCOTB_TEST_MODULES=test_top COCOTB_TESTCASE=  COCOTB_TOPLEVEL=fifo TOPLEVEL_LANG=verilog       \\\n         /workspace/generated/designs/fifo/tb/.chia_sim/build/Vtop     \n     -.--ns INFO     gpi                                ../gpi/GpiCommon.cpp:242  in gpi_load_users                  Loaded entry library: '/home/ray/anaconda3/lib/libpython3.10.so.1.0'\n     -.--ns INFO     gpi                                ../gpi/GpiCommon.cpp:233  in gpi_load_users                  Running entry func 'initialize' from loaded library '/home/ray/anaconda3/lib/python3.10/site-packages/cocotb/simulator.cpython-310-x86_64-linux-gnu.so'\n     -.--ns INFO     pygpi                              ..ib/pygpi/embed.cpp:114  in initialize                      Using Python 3.10.19 interpreter at /home/ray/anaconda3/bin/python3\n     -.--ns INFO     gpi                                ../gpi/GpiCommon.cpp:74   in gpi_print_registered_impl       GPI: VPI support registered\n     0.00ns INFO     cocotb.initialize                  Seeding Python random module with 1789034096\n     0.00ns INFO     cocotb.initialize                  Initialized cocotb v2.1.0 from /home/ray/anaconda3/lib/python3.10/site-packages/cocotb\n     0.00ns INFO     cocotb.initialize                  Running on Verilator version 5.042 2025-11-02\n     0.00ns INFO     cocotb.regression                  Running tests\n     0.00ns INFO     cocotb.regression                  running test_top.fifo_tb_top (1/1)\n                                                            Single cocotb entry point \u2014 mirrors SV UVM's ``+UVM_TESTNAME`` flow.\n     0.00ns INFO     cocotb.fifo                        fifo_tb_top: UVM_TESTNAME=FifoTC006Test  DATA_WIDTH=8  DEPTH=4  CLK_HALF_PERIOD_NS=5  WATCHDOG_MAX_CYCLES=2000\n     0.00ns WARNING  py.warnings                        /workspace/generated/designs/fifo/tb/test_top.py:132: DeprecationWarning: Use `handle.set(Immediate(...))` or `handle.value = Immediate(...)` instead.\n                                                          dut.rst_n.setimmediatevalue(0)\n     0.00ns WARNING  py.warnings                        /workspace/generated/designs/fifo/tb/test_top.py:133: DeprecationWarning: Use `handle.set(Immediate(...))` or `handle.value = Immediate(...)` instead.\n                                                          dut.wr_en.setimmediatevalue(0)\n     0.00ns WARNING  py.warnings                        /workspace/generated/designs/fifo/tb/test_top.py:134: DeprecationWarning: Use `handle.set(Immediate(...))` or `handle.value = Immediate(...)` instead.\n                                                          dut.rd_en.setimmediatevalue(0)\n     0.00ns WARNING  py.warnings                        /workspace/generated/designs/fifo/tb/test_top.py:135: DeprecationWarning: Use `handle.set(Immediate(...))` or `handle.value = Immediate(...)` instead.\n                                                          dut.din.setimmediatevalue(0)\n    20.00ns WARNING  py.warnings                        /workspace/generated/designs/fifo/tb/test_top.py:137: DeprecationWarning: Use `handle.set(Immediate(...))` or `handle.value = Immediate(...)` instead.\n                                                          dut.rst_n.setimmediatevalue(1)\n    40.00ns INFO     ..ated/designs/fifo/tb/test.py(72) [uvm_test_top]: uvm_test_top: FifoEnv created\n    40.00ns INFO     ..rated/designs/fifo/tb/env.py(52) [uvm_test_top.fifo_env]: FifoEnv build_phase complete\n    40.00ns INFO     ..signs/fifo/tb/scoreboard.py(111) [uvm_test_top.fifo_env.fifo_scoreboard]: FifoScoreboard built (DATA_WIDTH=8, DEPTH=4)\n    40.00ns INFO     ..designs/fifo/tb/coverage.py(321) [uvm_test_top.fifo_env.fifo_coverage]: FifoCoverage built (DATA_WIDTH=8, DEPTH=4, count reachable=True)\n    40.00ns INFO     ..rated/designs/fifo/tb/env.py(67) [uvm_test_top.fifo_env]: FifoEnv connect_phase: agent.ap -> scoreboard + coverage\n    40.00ns INFO     ../designs/fifo/tb/monitor.py(115) [uvm_test_top.fifo_env.fifo_agent.fifo_monitor]: FifoMonitor started (DATA_WIDTH=8, DEPTH=4)\n    40.00ns WARNING  py.warnings                        /workspace/generated/designs/fifo/tb/dut_helper.py:115: DeprecationWarning: Use `handle.set(Immediate(...))` or `handle.value = Immediate(...)` instead.\n                                                          self.dut.wr_en.setimmediatevalue(int(wr_en) & 0x1)\n    40.00ns WARNING  py.warnings                        /workspace/generated/designs/fifo/tb/dut_helper.py:116: DeprecationWarning: Use `handle.set(Immediate(...))` or `handle.value = Immediate(...)` instead.\n                                                          self.dut.rd_en.setimmediatevalue(int(rd_en) & 0x1)\n    40.00ns WARNING  py.warnings                        /workspace/generated/designs/fifo/tb/dut_helper.py:118: DeprecationWarning: Use `handle.set(Immediate(...))` or `handle.value = Immediate(...)` instead.\n                                                          self.dut.din.setimmediatevalue(int(din) & mask)\n    40.00ns INFO     ..signs/fifo/tb/scoreboard.py(120) [uvm_test_top.fifo_env.fifo_scoreboard]: FifoScoreboard run_phase started\n    40.00ns WARNING  py.warnings                        /workspace/generated/designs/fifo/tb/sequences.py:112: DeprecationWarning: Use `handle.set(Immediate(...))` or `handle.value = Immediate(...)` instead.\n                                                          self.dut.rst_n.setimmediatevalue(0)\n    50.00ns WARNING  cocotb.regression                  test_top.fifo_tb_top failed\n                                                        Traceback (most recent call last):\n                                                          File \"/workspace/generated/designs/fifo/tb/assertions.py\", line 188, in check_reset_clean_state\n                                                            assert dout == 0, (\n                                                        AssertionError: reset_clean_state violated at cycle 0: rst_n asserted but dout=0xff (expected 0)\n                                                        assert 255 == 0\n    50.00ns INFO     cocotb.regression                  **************************************************************************************\n                                                        ** TEST                          STATUS  SIM TIME (ns)  REAL TIME (s)  RATIO (ns/s) **\n                                                        **************************************************************************************\n                                                        ** test_top.fifo_tb_top           FAIL          50.00           0.01       4540.72  **\n                                                        **************************************************************************************\n                                                        ** TESTS=1 PASS=0 FAIL=1 SKIP=0                 50.00           0.01       4416.97  **\n                                                        **************************************************************************************\n- :0: Verilog $finish\nmake: *** [/home/ray/anaconda3/lib/python3.10/site-packages/cocotb_tools/makefiles/simulators/Makefile.verilator:74: /workspace/generated/designs/fifo/tb/.chia_sim/FifoTC006Test.xml] Error 1\n",
        "command": [
          "timeout",
          "--signal=TERM",
          "--kill-after=5",
          "60",
          "make",
          "-f",
          "/workspace/generated/designs/fifo/tb/.chia_sim/Makefile",
          "SIM=verilator",
          "TOPLEVEL_LANG=verilog",
          "TOPLEVEL=fifo",
          "COCOTB_TOPLEVEL=fifo",
          "MODULE=test_top",
          "COCOTB_TEST_MODULES=test_top",
          "VERILOG_SOURCES=/workspace/benchmarks/fifo/fifo.sv",
          "SIM_BUILD=/workspace/generated/designs/fifo/tb/.chia_sim/build",
          "COCOTB_RESULTS_FILE=/workspace/generated/designs/fifo/tb/.chia_sim/FifoTC006Test.xml",
          "COCOTB_HDL_TIMEUNIT=1ns",
          "COCOTB_HDL_TIMEPRECISION=1ps",
          "BUILD_ARGS=-j 4"
        ],
        "test_name": "FifoTC006Test",
        "test_module": "test_top",
        "results_file": "/workspace/generated/designs/fifo/tb/.chia_sim/FifoTC006Test.xml",
        "results_file_exists": true
      },
      "FifoTC007Test": {
        "status": "runtime_error",
        "category": "runtime_error",
        "timed_out": false,
        "watchdog_expired": false,
        "returncode": 2,
        "counts": {
          "uvm_errors": 0,
          "uvm_fatals": 0,
          "uvm_warnings": 0,
          "scoreboard_mismatches": 0,
          "assertion_failures": 0
        },
        "clean_exit": false,
        "log": "rm -f /workspace/generated/designs/fifo/tb/.chia_sim/FifoTC007Test.xml\nrm -f /workspace/generated/designs/fifo/tb/.chia_sim/FifoTC007Test.xml\nCOCOTB_TEST_MODULES=test_top COCOTB_TESTCASE=  COCOTB_TOPLEVEL=fifo TOPLEVEL_LANG=verilog       \\\n         /workspace/generated/designs/fifo/tb/.chia_sim/build/Vtop     \n     -.--ns INFO     gpi                                ../gpi/GpiCommon.cpp:242  in gpi_load_users                  Loaded entry library: '/home/ray/anaconda3/lib/libpython3.10.so.1.0'\n     -.--ns INFO     gpi                                ../gpi/GpiCommon.cpp:233  in gpi_load_users                  Running entry func 'initialize' from loaded library '/home/ray/anaconda3/lib/python3.10/site-packages/cocotb/simulator.cpython-310-x86_64-linux-gnu.so'\n     -.--ns INFO     pygpi                              ..ib/pygpi/embed.cpp:114  in initialize                      Using Python 3.10.19 interpreter at /home/ray/anaconda3/bin/python3\n     -.--ns INFO     gpi                                ../gpi/GpiCommon.cpp:74   in gpi_print_registered_impl       GPI: VPI support registered\n     0.00ns INFO     cocotb.initialize                  Seeding Python random module with 1789034097\n     0.00ns INFO     cocotb.initialize                  Initialized cocotb v2.1.0 from /home/ray/anaconda3/lib/python3.10/site-packages/cocotb\n     0.00ns INFO     cocotb.initialize                  Running on Verilator version 5.042 2025-11-02\n     0.00ns INFO     cocotb.regression                  Running tests\n     0.00ns INFO     cocotb.regression                  running test_top.fifo_tb_top (1/1)\n                                                            Single cocotb entry point \u2014 mirrors SV UVM's ``+UVM_TESTNAME`` flow.\n     0.00ns INFO     cocotb.fifo                        fifo_tb_top: UVM_TESTNAME=FifoTC007Test  DATA_WIDTH=8  DEPTH=4  CLK_HALF_PERIOD_NS=5  WATCHDOG_MAX_CYCLES=2000\n     0.00ns WARNING  py.warnings                        /workspace/generated/designs/fifo/tb/test_top.py:132: DeprecationWarning: Use `handle.set(Immediate(...))` or `handle.value = Immediate(...)` instead.\n                                                          dut.rst_n.setimmediatevalue(0)\n     0.00ns WARNING  py.warnings                        /workspace/generated/designs/fifo/tb/test_top.py:133: DeprecationWarning: Use `handle.set(Immediate(...))` or `handle.value = Immediate(...)` instead.\n                                                          dut.wr_en.setimmediatevalue(0)\n     0.00ns WARNING  py.warnings                        /workspace/generated/designs/fifo/tb/test_top.py:134: DeprecationWarning: Use `handle.set(Immediate(...))` or `handle.value = Immediate(...)` instead.\n                                                          dut.rd_en.setimmediatevalue(0)\n     0.00ns WARNING  py.warnings                        /workspace/generated/designs/fifo/tb/test_top.py:135: DeprecationWarning: Use `handle.set(Immediate(...))` or `handle.value = Immediate(...)` instead.\n                                                          dut.din.setimmediatevalue(0)\n    20.00ns WARNING  py.warnings                        /workspace/generated/designs/fifo/tb/test_top.py:137: DeprecationWarning: Use `handle.set(Immediate(...))` or `handle.value = Immediate(...)` instead.\n                                                          dut.rst_n.setimmediatevalue(1)\n    40.00ns INFO     ..ated/designs/fifo/tb/test.py(72) [uvm_test_top]: uvm_test_top: FifoEnv created\n    40.00ns INFO     ..rated/designs/fifo/tb/env.py(52) [uvm_test_top.fifo_env]: FifoEnv build_phase complete\n    40.00ns INFO     ..signs/fifo/tb/scoreboard.py(111) [uvm_test_top.fifo_env.fifo_scoreboard]: FifoScoreboard built (DATA_WIDTH=8, DEPTH=4)\n    40.00ns INFO     ..designs/fifo/tb/coverage.py(321) [uvm_test_top.fifo_env.fifo_coverage]: FifoCoverage built (DATA_WIDTH=8, DEPTH=4, count reachable=True)\n    40.00ns INFO     ..rated/designs/fifo/tb/env.py(67) [uvm_test_top.fifo_env]: FifoEnv connect_phase: agent.ap -> scoreboard + coverage\n    40.00ns INFO     ../designs/fifo/tb/monitor.py(115) [uvm_test_top.fifo_env.fifo_agent.fifo_monitor]: FifoMonitor started (DATA_WIDTH=8, DEPTH=4)\n    40.00ns WARNING  py.warnings                        /workspace/generated/designs/fifo/tb/dut_helper.py:115: DeprecationWarning: Use `handle.set(Immediate(...))` or `handle.value = Immediate(...)` instead.\n                                                          self.dut.wr_en.setimmediatevalue(int(wr_en) & 0x1)\n    40.00ns WARNING  py.warnings                        /workspace/generated/designs/fifo/tb/dut_helper.py:116: DeprecationWarning: Use `handle.set(Immediate(...))` or `handle.value = Immediate(...)` instead.\n                                                          self.dut.rd_en.setimmediatevalue(int(rd_en) & 0x1)\n    40.00ns WARNING  py.warnings                        /workspace/generated/designs/fifo/tb/dut_helper.py:118: DeprecationWarning: Use `handle.set(Immediate(...))` or `handle.value = Immediate(...)` instead.\n                                                          self.dut.din.setimmediatevalue(int(din) & mask)\n    40.00ns INFO     ..signs/fifo/tb/scoreboard.py(120) [uvm_test_top.fifo_env.fifo_scoreboard]: FifoScoreboard run_phase started\n    40.00ns WARNING  py.warnings                        /workspace/generated/designs/fifo/tb/sequences.py:112: DeprecationWarning: Use `handle.set(Immediate(...))` or `handle.value = Immediate(...)` instead.\n                                                          self.dut.rst_n.setimmediatevalue(0)\n    50.00ns WARNING  cocotb.regression                  test_top.fifo_tb_top failed\n                                                        Traceback (most recent call last):\n                                                          File \"/workspace/generated/designs/fifo/tb/assertions.py\", line 188, in check_reset_clean_state\n                                                            assert dout == 0, (\n                                                        AssertionError: reset_clean_state violated at cycle 0: rst_n asserted but dout=0xff (expected 0)\n                                                        assert 255 == 0\n    50.00ns INFO     cocotb.regression                  **************************************************************************************\n                                                        ** TEST                          STATUS  SIM TIME (ns)  REAL TIME (s)  RATIO (ns/s) **\n                                                        **************************************************************************************\n                                                        ** test_top.fifo_tb_top           FAIL          50.00           0.01       4638.74  **\n                                                        **************************************************************************************\n                                                        ** TESTS=1 PASS=0 FAIL=1 SKIP=0                 50.00           0.01       4518.28  **\n                                                        **************************************************************************************\n- :0: Verilog $finish\nmake: *** [/home/ray/anaconda3/lib/python3.10/site-packages/cocotb_tools/makefiles/simulators/Makefile.verilator:74: /workspace/generated/designs/fifo/tb/.chia_sim/FifoTC007Test.xml] Error 1\n",
        "command": [
          "timeout",
          "--signal=TERM",
          "--kill-after=5",
          "60",
          "make",
          "-f",
          "/workspace/generated/designs/fifo/tb/.chia_sim/Makefile",
          "SIM=verilator",
          "TOPLEVEL_LANG=verilog",
          "TOPLEVEL=fifo",
          "COCOTB_TOPLEVEL=fifo",
          "MODULE=test_top",
          "COCOTB_TEST_MODULES=test_top",
          "VERILOG_SOURCES=/workspace/benchmarks/fifo/fifo.sv",
          "SIM_BUILD=/workspace/generated/designs/fifo/tb/.chia_sim/build",
          "COCOTB_RESULTS_FILE=/workspace/generated/designs/fifo/tb/.chia_sim/FifoTC007Test.xml",
          "COCOTB_HDL_TIMEUNIT=1ns",
          "COCOTB_HDL_TIMEPRECISION=1ps",
          "BUILD_ARGS=-j 4"
        ],
        "test_name": "FifoTC007Test",
        "test_module": "test_top",
        "results_file": "/workspace/generated/designs/fifo/tb/.chia_sim/FifoTC007Test.xml",
        "results_file_exists": true
      },
      "FifoTC008Test": {
        "status": "runtime_error",
        "category": "runtime_error",
        "timed_out": false,
        "watchdog_expired": false,
        "returncode": 2,
        "counts": {
          "uvm_errors": 0,
          "uvm_fatals": 0,
          "uvm_warnings": 0,
          "scoreboard_mismatches": 0,
          "assertion_failures": 0
        },
        "clean_exit": false,
        "log": "rm -f /workspace/generated/designs/fifo/tb/.chia_sim/FifoTC008Test.xml\nrm -f /workspace/generated/designs/fifo/tb/.chia_sim/FifoTC008Test.xml\nCOCOTB_TEST_MODULES=test_top COCOTB_TESTCASE=  COCOTB_TOPLEVEL=fifo TOPLEVEL_LANG=verilog       \\\n         /workspace/generated/designs/fifo/tb/.chia_sim/build/Vtop     \n     -.--ns INFO     gpi                                ../gpi/GpiCommon.cpp:242  in gpi_load_users                  Loaded entry library: '/home/ray/anaconda3/lib/libpython3.10.so.1.0'\n     -.--ns INFO     gpi                                ../gpi/GpiCommon.cpp:233  in gpi_load_users                  Running entry func 'initialize' from loaded library '/home/ray/anaconda3/lib/python3.10/site-packages/cocotb/simulator.cpython-310-x86_64-linux-gnu.so'\n     -.--ns INFO     pygpi                              ..ib/pygpi/embed.cpp:114  in initialize                      Using Python 3.10.19 interpreter at /home/ray/anaconda3/bin/python3\n     -.--ns INFO     gpi                                ../gpi/GpiCommon.cpp:74   in gpi_print_registered_impl       GPI: VPI support registered\n     0.00ns INFO     cocotb.initialize                  Seeding Python random module with 1789034098\n     0.00ns INFO     cocotb.initialize                  Initialized cocotb v2.1.0 from /home/ray/anaconda3/lib/python3.10/site-packages/cocotb\n     0.00ns INFO     cocotb.initialize                  Running on Verilator version 5.042 2025-11-02\n     0.00ns INFO     cocotb.regression                  Running tests\n     0.00ns INFO     cocotb.regression                  running test_top.fifo_tb_top (1/1)\n                                                            Single cocotb entry point \u2014 mirrors SV UVM's ``+UVM_TESTNAME`` flow.\n     0.00ns INFO     cocotb.fifo                        fifo_tb_top: UVM_TESTNAME=FifoTC008Test  DATA_WIDTH=8  DEPTH=4  CLK_HALF_PERIOD_NS=5  WATCHDOG_MAX_CYCLES=2000\n     0.00ns WARNING  py.warnings                        /workspace/generated/designs/fifo/tb/test_top.py:132: DeprecationWarning: Use `handle.set(Immediate(...))` or `handle.value = Immediate(...)` instead.\n                                                          dut.rst_n.setimmediatevalue(0)\n     0.00ns WARNING  py.warnings                        /workspace/generated/designs/fifo/tb/test_top.py:133: DeprecationWarning: Use `handle.set(Immediate(...))` or `handle.value = Immediate(...)` instead.\n                                                          dut.wr_en.setimmediatevalue(0)\n     0.00ns WARNING  py.warnings                        /workspace/generated/designs/fifo/tb/test_top.py:134: DeprecationWarning: Use `handle.set(Immediate(...))` or `handle.value = Immediate(...)` instead.\n                                                          dut.rd_en.setimmediatevalue(0)\n     0.00ns WARNING  py.warnings                        /workspace/generated/designs/fifo/tb/test_top.py:135: DeprecationWarning: Use `handle.set(Immediate(...))` or `handle.value = Immediate(...)` instead.\n                                                          dut.din.setimmediatevalue(0)\n    20.00ns WARNING  py.warnings                        /workspace/generated/designs/fifo/tb/test_top.py:137: DeprecationWarning: Use `handle.set(Immediate(...))` or `handle.value = Immediate(...)` instead.\n                                                          dut.rst_n.setimmediatevalue(1)\n    40.00ns INFO     ..ated/designs/fifo/tb/test.py(72) [uvm_test_top]: uvm_test_top: FifoEnv created\n    40.00ns INFO     ..rated/designs/fifo/tb/env.py(52) [uvm_test_top.fifo_env]: FifoEnv build_phase complete\n    40.00ns INFO     ..signs/fifo/tb/scoreboard.py(111) [uvm_test_top.fifo_env.fifo_scoreboard]: FifoScoreboard built (DATA_WIDTH=8, DEPTH=4)\n    40.00ns INFO     ..designs/fifo/tb/coverage.py(321) [uvm_test_top.fifo_env.fifo_coverage]: FifoCoverage built (DATA_WIDTH=8, DEPTH=4, count reachable=True)\n    40.00ns INFO     ..rated/designs/fifo/tb/env.py(67) [uvm_test_top.fifo_env]: FifoEnv connect_phase: agent.ap -> scoreboard + coverage\n    40.00ns INFO     ../designs/fifo/tb/monitor.py(115) [uvm_test_top.fifo_env.fifo_agent.fifo_monitor]: FifoMonitor started (DATA_WIDTH=8, DEPTH=4)\n    40.00ns WARNING  py.warnings                        /workspace/generated/designs/fifo/tb/dut_helper.py:115: DeprecationWarning: Use `handle.set(Immediate(...))` or `handle.value = Immediate(...)` instead.\n                                                          self.dut.wr_en.setimmediatevalue(int(wr_en) & 0x1)\n    40.00ns WARNING  py.warnings                        /workspace/generated/designs/fifo/tb/dut_helper.py:116: DeprecationWarning: Use `handle.set(Immediate(...))` or `handle.value = Immediate(...)` instead.\n                                                          self.dut.rd_en.setimmediatevalue(int(rd_en) & 0x1)\n    40.00ns WARNING  py.warnings                        /workspace/generated/designs/fifo/tb/dut_helper.py:118: DeprecationWarning: Use `handle.set(Immediate(...))` or `handle.value = Immediate(...)` instead.\n                                                          self.dut.din.setimmediatevalue(int(din) & mask)\n    40.00ns INFO     ..signs/fifo/tb/scoreboard.py(120) [uvm_test_top.fifo_env.fifo_scoreboard]: FifoScoreboard run_phase started\n    40.00ns WARNING  py.warnings                        /workspace/generated/designs/fifo/tb/sequences.py:112: DeprecationWarning: Use `handle.set(Immediate(...))` or `handle.value = Immediate(...)` instead.\n                                                          self.dut.rst_n.setimmediatevalue(0)\n    50.00ns WARNING  cocotb.regression                  test_top.fifo_tb_top failed\n                                                        Traceback (most recent call last):\n                                                          File \"/workspace/generated/designs/fifo/tb/assertions.py\", line 188, in check_reset_clean_state\n                                                            assert dout == 0, (\n                                                        AssertionError: reset_clean_state violated at cycle 0: rst_n asserted but dout=0xff (expected 0)\n                                                        assert 255 == 0\n    50.00ns INFO     cocotb.regression                  **************************************************************************************\n                                                        ** TEST                          STATUS  SIM TIME (ns)  REAL TIME (s)  RATIO (ns/s) **\n                                                        **************************************************************************************\n                                                        ** test_top.fifo_tb_top           FAIL          50.00           0.01       4537.84  **\n                                                        **************************************************************************************\n                                                        ** TESTS=1 PASS=0 FAIL=1 SKIP=0                 50.00           0.01       4413.96  **\n                                                        **************************************************************************************\n- :0: Verilog $finish\nmake: *** [/home/ray/anaconda3/lib/python3.10/site-packages/cocotb_tools/makefiles/simulators/Makefile.verilator:74: /workspace/generated/designs/fifo/tb/.chia_sim/FifoTC008Test.xml] Error 1\n",
        "command": [
          "timeout",
          "--signal=TERM",
          "--kill-after=5",
          "60",
          "make",
          "-f",
          "/workspace/generated/designs/fifo/tb/.chia_sim/Makefile",
          "SIM=verilator",
          "TOPLEVEL_LANG=verilog",
          "TOPLEVEL=fifo",
          "COCOTB_TOPLEVEL=fifo",
          "MODULE=test_top",
          "COCOTB_TEST_MODULES=test_top",
          "VERILOG_SOURCES=/workspace/benchmarks/fifo/fifo.sv",
          "SIM_BUILD=/workspace/generated/designs/fifo/tb/.chia_sim/build",
          "COCOTB_RESULTS_FILE=/workspace/generated/designs/fifo/tb/.chia_sim/FifoTC008Test.xml",
          "COCOTB_HDL_TIMEUNIT=1ns",
          "COCOTB_HDL_TIMEPRECISION=1ps",
          "BUILD_ARGS=-j 4"
        ],
        "test_name": "FifoTC008Test",
        "test_module": "test_top",
        "results_file": "/workspace/generated/designs/fifo/tb/.chia_sim/FifoTC008Test.xml",
        "results_file_exists": true
      },
      "FifoTC009Test": {
        "status": "runtime_error",
        "category": "runtime_error",
        "timed_out": false,
        "watchdog_expired": false,
        "returncode": 2,
        "counts": {
          "uvm_errors": 0,
          "uvm_fatals": 0,
          "uvm_warnings": 0,
          "scoreboard_mismatches": 0,
          "assertion_failures": 0
        },
        "clean_exit": false,
        "log": "rm -f /workspace/generated/designs/fifo/tb/.chia_sim/FifoTC009Test.xml\nrm -f /workspace/generated/designs/fifo/tb/.chia_sim/FifoTC009Test.xml\nCOCOTB_TEST_MODULES=test_top COCOTB_TESTCASE=  COCOTB_TOPLEVEL=fifo TOPLEVEL_LANG=verilog       \\\n         /workspace/generated/designs/fifo/tb/.chia_sim/build/Vtop     \n     -.--ns INFO     gpi                                ../gpi/GpiCommon.cpp:242  in gpi_load_users                  Loaded entry library: '/home/ray/anaconda3/lib/libpython3.10.so.1.0'\n     -.--ns INFO     gpi                                ../gpi/GpiCommon.cpp:233  in gpi_load_users                  Running entry func 'initialize' from loaded library '/home/ray/anaconda3/lib/python3.10/site-packages/cocotb/simulator.cpython-310-x86_64-linux-gnu.so'\n     -.--ns INFO     pygpi                              ..ib/pygpi/embed.cpp:114  in initialize                      Using Python 3.10.19 interpreter at /home/ray/anaconda3/bin/python3\n     -.--ns INFO     gpi                                ../gpi/GpiCommon.cpp:74   in gpi_print_registered_impl       GPI: VPI support registered\n     0.00ns INFO     cocotb.initialize                  Seeding Python random module with 1789034098\n     0.00ns INFO     cocotb.initialize                  Initialized cocotb v2.1.0 from /home/ray/anaconda3/lib/python3.10/site-packages/cocotb\n     0.00ns INFO     cocotb.initialize                  Running on Verilator version 5.042 2025-11-02\n     0.00ns INFO     cocotb.regression                  Running tests\n     0.00ns INFO     cocotb.regression                  running test_top.fifo_tb_top (1/1)\n                                                            Single cocotb entry point \u2014 mirrors SV UVM's ``+UVM_TESTNAME`` flow.\n     0.00ns INFO     cocotb.fifo                        fifo_tb_top: UVM_TESTNAME=FifoTC009Test  DATA_WIDTH=8  DEPTH=4  CLK_HALF_PERIOD_NS=5  WATCHDOG_MAX_CYCLES=2000\n     0.00ns WARNING  py.warnings                        /workspace/generated/designs/fifo/tb/test_top.py:132: DeprecationWarning: Use `handle.set(Immediate(...))` or `handle.value = Immediate(...)` instead.\n                                                          dut.rst_n.setimmediatevalue(0)\n     0.00ns WARNING  py.warnings                        /workspace/generated/designs/fifo/tb/test_top.py:133: DeprecationWarning: Use `handle.set(Immediate(...))` or `handle.value = Immediate(...)` instead.\n                                                          dut.wr_en.setimmediatevalue(0)\n     0.00ns WARNING  py.warnings                        /workspace/generated/designs/fifo/tb/test_top.py:134: DeprecationWarning: Use `handle.set(Immediate(...))` or `handle.value = Immediate(...)` instead.\n                                                          dut.rd_en.setimmediatevalue(0)\n     0.00ns WARNING  py.warnings                        /workspace/generated/designs/fifo/tb/test_top.py:135: DeprecationWarning: Use `handle.set(Immediate(...))` or `handle.value = Immediate(...)` instead.\n                                                          dut.din.setimmediatevalue(0)\n    20.00ns WARNING  py.warnings                        /workspace/generated/designs/fifo/tb/test_top.py:137: DeprecationWarning: Use `handle.set(Immediate(...))` or `handle.value = Immediate(...)` instead.\n                                                          dut.rst_n.setimmediatevalue(1)\n    40.00ns INFO     ..ated/designs/fifo/tb/test.py(72) [uvm_test_top]: uvm_test_top: FifoEnv created\n    40.00ns INFO     ..rated/designs/fifo/tb/env.py(52) [uvm_test_top.fifo_env]: FifoEnv build_phase complete\n    40.00ns INFO     ..signs/fifo/tb/scoreboard.py(111) [uvm_test_top.fifo_env.fifo_scoreboard]: FifoScoreboard built (DATA_WIDTH=8, DEPTH=4)\n    40.00ns INFO     ..designs/fifo/tb/coverage.py(321) [uvm_test_top.fifo_env.fifo_coverage]: FifoCoverage built (DATA_WIDTH=8, DEPTH=4, count reachable=True)\n    40.00ns INFO     ..rated/designs/fifo/tb/env.py(67) [uvm_test_top.fifo_env]: FifoEnv connect_phase: agent.ap -> scoreboard + coverage\n    40.00ns INFO     ../designs/fifo/tb/monitor.py(115) [uvm_test_top.fifo_env.fifo_agent.fifo_monitor]: FifoMonitor started (DATA_WIDTH=8, DEPTH=4)\n    40.00ns WARNING  py.warnings                        /workspace/generated/designs/fifo/tb/dut_helper.py:115: DeprecationWarning: Use `handle.set(Immediate(...))` or `handle.value = Immediate(...)` instead.\n                                                          self.dut.wr_en.setimmediatevalue(int(wr_en) & 0x1)\n    40.00ns WARNING  py.warnings                        /workspace/generated/designs/fifo/tb/dut_helper.py:116: DeprecationWarning: Use `handle.set(Immediate(...))` or `handle.value = Immediate(...)` instead.\n                                                          self.dut.rd_en.setimmediatevalue(int(rd_en) & 0x1)\n    40.00ns WARNING  py.warnings                        /workspace/generated/designs/fifo/tb/dut_helper.py:118: DeprecationWarning: Use `handle.set(Immediate(...))` or `handle.value = Immediate(...)` instead.\n                                                          self.dut.din.setimmediatevalue(int(din) & mask)\n    40.00ns INFO     ..signs/fifo/tb/scoreboard.py(120) [uvm_test_top.fifo_env.fifo_scoreboard]: FifoScoreboard run_phase started\n    40.00ns WARNING  py.warnings                        /workspace/generated/designs/fifo/tb/sequences.py:112: DeprecationWarning: Use `handle.set(Immediate(...))` or `handle.value = Immediate(...)` instead.\n                                                          self.dut.rst_n.setimmediatevalue(0)\n    50.00ns WARNING  cocotb.regression                  test_top.fifo_tb_top failed\n                                                        Traceback (most recent call last):\n                                                          File \"/workspace/generated/designs/fifo/tb/assertions.py\", line 188, in check_reset_clean_state\n                                                            assert dout == 0, (\n                                                        AssertionError: reset_clean_state violated at cycle 0: rst_n asserted but dout=0xff (expected 0)\n                                                        assert 255 == 0\n    50.00ns INFO     cocotb.regression                  **************************************************************************************\n                                                        ** TEST                          STATUS  SIM TIME (ns)  REAL TIME (s)  RATIO (ns/s) **\n                                                        **************************************************************************************\n                                                        ** test_top.fifo_tb_top           FAIL          50.00           0.01       4490.35  **\n                                                        **************************************************************************************\n                                                        ** TESTS=1 PASS=0 FAIL=1 SKIP=0                 50.00           0.01       4362.08  **\n                                                        **************************************************************************************\n- :0: Verilog $finish\nmake: *** [/home/ray/anaconda3/lib/python3.10/site-packages/cocotb_tools/makefiles/simulators/Makefile.verilator:74: /workspace/generated/designs/fifo/tb/.chia_sim/FifoTC009Test.xml] Error 1\n",
        "command": [
          "timeout",
          "--signal=TERM",
          "--kill-after=5",
          "60",
          "make",
          "-f",
          "/workspace/generated/designs/fifo/tb/.chia_sim/Makefile",
          "SIM=verilator",
          "TOPLEVEL_LANG=verilog",
          "TOPLEVEL=fifo",
          "COCOTB_TOPLEVEL=fifo",
          "MODULE=test_top",
          "COCOTB_TEST_MODULES=test_top",
          "VERILOG_SOURCES=/workspace/benchmarks/fifo/fifo.sv",
          "SIM_BUILD=/workspace/generated/designs/fifo/tb/.chia_sim/build",
          "COCOTB_RESULTS_FILE=/workspace/generated/designs/fifo/tb/.chia_sim/FifoTC009Test.xml",
          "COCOTB_HDL_TIMEUNIT=1ns",
          "COCOTB_HDL_TIMEPRECISION=1ps",
          "BUILD_ARGS=-j 4"
        ],
        "test_name": "FifoTC009Test",
        "test_module": "test_top",
        "results_file": "/workspace/generated/designs/fifo/tb/.chia_sim/FifoTC009Test.xml",
        "results_file_exists": true
      },
      "FifoTC010Test": {
        "status": "runtime_error",
        "category": "runtime_error",
        "timed_out": false,
        "watchdog_expired": false,
        "returncode": 2,
        "counts": {
          "uvm_errors": 0,
          "uvm_fatals": 0,
          "uvm_warnings": 0,
          "scoreboard_mismatches": 0,
          "assertion_failures": 0
        },
        "clean_exit": false,
        "log": "rm -f /workspace/generated/designs/fifo/tb/.chia_sim/FifoTC010Test.xml\nrm -f /workspace/generated/designs/fifo/tb/.chia_sim/FifoTC010Test.xml\nCOCOTB_TEST_MODULES=test_top COCOTB_TESTCASE=  COCOTB_TOPLEVEL=fifo TOPLEVEL_LANG=verilog       \\\n         /workspace/generated/designs/fifo/tb/.chia_sim/build/Vtop     \n     -.--ns INFO     gpi                                ../gpi/GpiCommon.cpp:242  in gpi_load_users                  Loaded entry library: '/home/ray/anaconda3/lib/libpython3.10.so.1.0'\n     -.--ns INFO     gpi                                ../gpi/GpiCommon.cpp:233  in gpi_load_users                  Running entry func 'initialize' from loaded library '/home/ray/anaconda3/lib/python3.10/site-packages/cocotb/simulator.cpython-310-x86_64-linux-gnu.so'\n     -.--ns INFO     pygpi                              ..ib/pygpi/embed.cpp:114  in initialize                      Using Python 3.10.19 interpreter at /home/ray/anaconda3/bin/python3\n     -.--ns INFO     gpi                                ../gpi/GpiCommon.cpp:74   in gpi_print_registered_impl       GPI: VPI support registered\n     0.00ns INFO     cocotb.initialize                  Seeding Python random module with 1789034099\n     0.00ns INFO     cocotb.initialize                  Initialized cocotb v2.1.0 from /home/ray/anaconda3/lib/python3.10/site-packages/cocotb\n     0.00ns INFO     cocotb.initialize                  Running on Verilator version 5.042 2025-11-02\n     0.00ns INFO     cocotb.regression                  Running tests\n     0.00ns INFO     cocotb.regression                  running test_top.fifo_tb_top (1/1)\n                                                            Single cocotb entry point \u2014 mirrors SV UVM's ``+UVM_TESTNAME`` flow.\n     0.00ns INFO     cocotb.fifo                        fifo_tb_top: UVM_TESTNAME=FifoTC010Test  DATA_WIDTH=8  DEPTH=4  CLK_HALF_PERIOD_NS=5  WATCHDOG_MAX_CYCLES=2000\n     0.00ns WARNING  py.warnings                        /workspace/generated/designs/fifo/tb/test_top.py:132: DeprecationWarning: Use `handle.set(Immediate(...))` or `handle.value = Immediate(...)` instead.\n                                                          dut.rst_n.setimmediatevalue(0)\n     0.00ns WARNING  py.warnings                        /workspace/generated/designs/fifo/tb/test_top.py:133: DeprecationWarning: Use `handle.set(Immediate(...))` or `handle.value = Immediate(...)` instead.\n                                                          dut.wr_en.setimmediatevalue(0)\n     0.00ns WARNING  py.warnings                        /workspace/generated/designs/fifo/tb/test_top.py:134: DeprecationWarning: Use `handle.set(Immediate(...))` or `handle.value = Immediate(...)` instead.\n                                                          dut.rd_en.setimmediatevalue(0)\n     0.00ns WARNING  py.warnings                        /workspace/generated/designs/fifo/tb/test_top.py:135: DeprecationWarning: Use `handle.set(Immediate(...))` or `handle.value = Immediate(...)` instead.\n                                                          dut.din.setimmediatevalue(0)\n    20.00ns WARNING  py.warnings                        /workspace/generated/designs/fifo/tb/test_top.py:137: DeprecationWarning: Use `handle.set(Immediate(...))` or `handle.value = Immediate(...)` instead.\n                                                          dut.rst_n.setimmediatevalue(1)\n    40.00ns INFO     ..ated/designs/fifo/tb/test.py(72) [uvm_test_top]: uvm_test_top: FifoEnv created\n    40.00ns INFO     ..rated/designs/fifo/tb/env.py(52) [uvm_test_top.fifo_env]: FifoEnv build_phase complete\n    40.00ns INFO     ..signs/fifo/tb/scoreboard.py(111) [uvm_test_top.fifo_env.fifo_scoreboard]: FifoScoreboard built (DATA_WIDTH=8, DEPTH=4)\n    40.00ns INFO     ..designs/fifo/tb/coverage.py(321) [uvm_test_top.fifo_env.fifo_coverage]: FifoCoverage built (DATA_WIDTH=8, DEPTH=4, count reachable=True)\n    40.00ns INFO     ..rated/designs/fifo/tb/env.py(67) [uvm_test_top.fifo_env]: FifoEnv connect_phase: agent.ap -> scoreboard + coverage\n    40.00ns INFO     ../designs/fifo/tb/monitor.py(115) [uvm_test_top.fifo_env.fifo_agent.fifo_monitor]: FifoMonitor started (DATA_WIDTH=8, DEPTH=4)\n    40.00ns WARNING  py.warnings                        /workspace/generated/designs/fifo/tb/dut_helper.py:115: DeprecationWarning: Use `handle.set(Immediate(...))` or `handle.value = Immediate(...)` instead.\n                                                          self.dut.wr_en.setimmediatevalue(int(wr_en) & 0x1)\n    40.00ns WARNING  py.warnings                        /workspace/generated/designs/fifo/tb/dut_helper.py:116: DeprecationWarning: Use `handle.set(Immediate(...))` or `handle.value = Immediate(...)` instead.\n                                                          self.dut.rd_en.setimmediatevalue(int(rd_en) & 0x1)\n    40.00ns WARNING  py.warnings                        /workspace/generated/designs/fifo/tb/dut_helper.py:118: DeprecationWarning: Use `handle.set(Immediate(...))` or `handle.value = Immediate(...)` instead.\n                                                          self.dut.din.setimmediatevalue(int(din) & mask)\n    40.00ns INFO     ..signs/fifo/tb/scoreboard.py(120) [uvm_test_top.fifo_env.fifo_scoreboard]: FifoScoreboard run_phase started\n    40.00ns WARNING  py.warnings                        /workspace/generated/designs/fifo/tb/sequences.py:112: DeprecationWarning: Use `handle.set(Immediate(...))` or `handle.value = Immediate(...)` instead.\n                                                          self.dut.rst_n.setimmediatevalue(0)\n    50.00ns WARNING  cocotb.regression                  test_top.fifo_tb_top failed\n                                                        Traceback (most recent call last):\n                                                          File \"/workspace/generated/designs/fifo/tb/assertions.py\", line 188, in check_reset_clean_state\n                                                            assert dout == 0, (\n                                                        AssertionError: reset_clean_state violated at cycle 0: rst_n asserted but dout=0xff (expected 0)\n                                                        assert 255 == 0\n    50.00ns INFO     cocotb.regression                  **************************************************************************************\n                                                        ** TEST                          STATUS  SIM TIME (ns)  REAL TIME (s)  RATIO (ns/s) **\n                                                        **************************************************************************************\n                                                        ** test_top.fifo_tb_top           FAIL          50.00           0.01       4576.58  **\n                                                        **************************************************************************************\n                                                        ** TESTS=1 PASS=0 FAIL=1 SKIP=0                 50.00           0.01       4452.36  **\n                                                        **************************************************************************************\n- :0: Verilog $finish\nmake: *** [/home/ray/anaconda3/lib/python3.10/site-packages/cocotb_tools/makefiles/simulators/Makefile.verilator:74: /workspace/generated/designs/fifo/tb/.chia_sim/FifoTC010Test.xml] Error 1\n",
        "command": [
          "timeout",
          "--signal=TERM",
          "--kill-after=5",
          "60",
          "make",
          "-f",
          "/workspace/generated/designs/fifo/tb/.chia_sim/Makefile",
          "SIM=verilator",
          "TOPLEVEL_LANG=verilog",
          "TOPLEVEL=fifo",
          "COCOTB_TOPLEVEL=fifo",
          "MODULE=test_top",
          "COCOTB_TEST_MODULES=test_top",
          "VERILOG_SOURCES=/workspace/benchmarks/fifo/fifo.sv",
          "SIM_BUILD=/workspace/generated/designs/fifo/tb/.chia_sim/build",
          "COCOTB_RESULTS_FILE=/workspace/generated/designs/fifo/tb/.chia_sim/FifoTC010Test.xml",
          "COCOTB_HDL_TIMEUNIT=1ns",
          "COCOTB_HDL_TIMEPRECISION=1ps",
          "BUILD_ARGS=-j 4"
        ],
        "test_name": "FifoTC010Test",
        "test_module": "test_top",
        "results_file": "/workspace/generated/designs/fifo/tb/.chia_sim/FifoTC010Test.xml",
        "results_file_exists": true
      },
      "FifoCornerTest": {
        "status": "runtime_error",
        "category": "runtime_error",
        "timed_out": false,
        "watchdog_expired": false,
        "returncode": 2,
        "counts": {
          "uvm_errors": 0,
          "uvm_fatals": 0,
          "uvm_warnings": 0,
          "scoreboard_mismatches": 0,
          "assertion_failures": 0
        },
        "clean_exit": false,
        "log": "rm -f /workspace/generated/designs/fifo/tb/.chia_sim/FifoCornerTest.xml\nrm -f /workspace/generated/designs/fifo/tb/.chia_sim/FifoCornerTest.xml\nCOCOTB_TEST_MODULES=test_top COCOTB_TESTCASE=  COCOTB_TOPLEVEL=fifo TOPLEVEL_LANG=verilog       \\\n         /workspace/generated/designs/fifo/tb/.chia_sim/build/Vtop     \n     -.--ns INFO     gpi                                ../gpi/GpiCommon.cpp:242  in gpi_load_users                  Loaded entry library: '/home/ray/anaconda3/lib/libpython3.10.so.1.0'\n     -.--ns INFO     gpi                                ../gpi/GpiCommon.cpp:233  in gpi_load_users                  Running entry func 'initialize' from loaded library '/home/ray/anaconda3/lib/python3.10/site-packages/cocotb/simulator.cpython-310-x86_64-linux-gnu.so'\n     -.--ns INFO     pygpi                              ..ib/pygpi/embed.cpp:114  in initialize                      Using Python 3.10.19 interpreter at /home/ray/anaconda3/bin/python3\n     -.--ns INFO     gpi                                ../gpi/GpiCommon.cpp:74   in gpi_print_registered_impl       GPI: VPI support registered\n     0.00ns INFO     cocotb.initialize                  Seeding Python random module with 1789034099\n     0.00ns INFO     cocotb.initialize                  Initialized cocotb v2.1.0 from /home/ray/anaconda3/lib/python3.10/site-packages/cocotb\n     0.00ns INFO     cocotb.initialize                  Running on Verilator version 5.042 2025-11-02\n     0.00ns INFO     cocotb.regression                  Running tests\n     0.00ns INFO     cocotb.regression                  running test_top.fifo_tb_top (1/1)\n                                                            Single cocotb entry point \u2014 mirrors SV UVM's ``+UVM_TESTNAME`` flow.\n     0.00ns INFO     cocotb.fifo                        fifo_tb_top: UVM_TESTNAME=FifoCornerTest  DATA_WIDTH=8  DEPTH=4  CLK_HALF_PERIOD_NS=5  WATCHDOG_MAX_CYCLES=2000\n     0.00ns WARNING  py.warnings                        /workspace/generated/designs/fifo/tb/test_top.py:132: DeprecationWarning: Use `handle.set(Immediate(...))` or `handle.value = Immediate(...)` instead.\n                                                          dut.rst_n.setimmediatevalue(0)\n     0.00ns WARNING  py.warnings                        /workspace/generated/designs/fifo/tb/test_top.py:133: DeprecationWarning: Use `handle.set(Immediate(...))` or `handle.value = Immediate(...)` instead.\n                                                          dut.wr_en.setimmediatevalue(0)\n     0.00ns WARNING  py.warnings                        /workspace/generated/designs/fifo/tb/test_top.py:134: DeprecationWarning: Use `handle.set(Immediate(...))` or `handle.value = Immediate(...)` instead.\n                                                          dut.rd_en.setimmediatevalue(0)\n     0.00ns WARNING  py.warnings                        /workspace/generated/designs/fifo/tb/test_top.py:135: DeprecationWarning: Use `handle.set(Immediate(...))` or `handle.value = Immediate(...)` instead.\n                                                          dut.din.setimmediatevalue(0)\n    20.00ns WARNING  py.warnings                        /workspace/generated/designs/fifo/tb/test_top.py:137: DeprecationWarning: Use `handle.set(Immediate(...))` or `handle.value = Immediate(...)` instead.\n                                                          dut.rst_n.setimmediatevalue(1)\n    40.00ns INFO     ..ated/designs/fifo/tb/test.py(72) [uvm_test_top]: uvm_test_top: FifoEnv created\n    40.00ns INFO     ..rated/designs/fifo/tb/env.py(52) [uvm_test_top.fifo_env]: FifoEnv build_phase complete\n    40.00ns INFO     ..signs/fifo/tb/scoreboard.py(111) [uvm_test_top.fifo_env.fifo_scoreboard]: FifoScoreboard built (DATA_WIDTH=8, DEPTH=4)\n    40.00ns INFO     ..designs/fifo/tb/coverage.py(321) [uvm_test_top.fifo_env.fifo_coverage]: FifoCoverage built (DATA_WIDTH=8, DEPTH=4, count reachable=True)\n    40.00ns INFO     ..rated/designs/fifo/tb/env.py(67) [uvm_test_top.fifo_env]: FifoEnv connect_phase: agent.ap -> scoreboard + coverage\n    40.00ns INFO     ../designs/fifo/tb/monitor.py(115) [uvm_test_top.fifo_env.fifo_agent.fifo_monitor]: FifoMonitor started (DATA_WIDTH=8, DEPTH=4)\n    40.00ns WARNING  py.warnings                        /workspace/generated/designs/fifo/tb/dut_helper.py:115: DeprecationWarning: Use `handle.set(Immediate(...))` or `handle.value = Immediate(...)` instead.\n                                                          self.dut.wr_en.setimmediatevalue(int(wr_en) & 0x1)\n    40.00ns WARNING  py.warnings                        /workspace/generated/designs/fifo/tb/dut_helper.py:116: DeprecationWarning: Use `handle.set(Immediate(...))` or `handle.value = Immediate(...)` instead.\n                                                          self.dut.rd_en.setimmediatevalue(int(rd_en) & 0x1)\n    40.00ns WARNING  py.warnings                        /workspace/generated/designs/fifo/tb/dut_helper.py:118: DeprecationWarning: Use `handle.set(Immediate(...))` or `handle.value = Immediate(...)` instead.\n                                                          self.dut.din.setimmediatevalue(int(din) & mask)\n    40.00ns INFO     ..signs/fifo/tb/scoreboard.py(120) [uvm_test_top.fifo_env.fifo_scoreboard]: FifoScoreboard run_phase started\n    40.00ns WARNING  py.warnings                        /workspace/generated/designs/fifo/tb/sequences.py:112: DeprecationWarning: Use `handle.set(Immediate(...))` or `handle.value = Immediate(...)` instead.\n                                                          self.dut.rst_n.setimmediatevalue(0)\n    50.00ns WARNING  cocotb.regression                  test_top.fifo_tb_top failed\n                                                        Traceback (most recent call last):\n                                                          File \"/workspace/generated/designs/fifo/tb/assertions.py\", line 188, in check_reset_clean_state\n                                                            assert dout == 0, (\n                                                        AssertionError: reset_clean_state violated at cycle 0: rst_n asserted but dout=0xff (expected 0)\n                                                        assert 255 == 0\n    50.00ns INFO     cocotb.regression                  **************************************************************************************\n                                                        ** TEST                          STATUS  SIM TIME (ns)  REAL TIME (s)  RATIO (ns/s) **\n                                                        **************************************************************************************\n                                                        ** test_top.fifo_tb_top           FAIL          50.00           0.01       4424.79  **\n                                                        **************************************************************************************\n                                                        ** TESTS=1 PASS=0 FAIL=1 SKIP=0                 50.00           0.01       4312.83  **\n                                                        **************************************************************************************\n- :0: Verilog $finish\nmake: *** [/home/ray/anaconda3/lib/python3.10/site-packages/cocotb_tools/makefiles/simulators/Makefile.verilator:74: /workspace/generated/designs/fifo/tb/.chia_sim/FifoCornerTest.xml] Error 1\n",
        "command": [
          "timeout",
          "--signal=TERM",
          "--kill-after=5",
          "60",
          "make",
          "-f",
          "/workspace/generated/designs/fifo/tb/.chia_sim/Makefile",
          "SIM=verilator",
          "TOPLEVEL_LANG=verilog",
          "TOPLEVEL=fifo",
          "COCOTB_TOPLEVEL=fifo",
          "MODULE=test_top",
          "COCOTB_TEST_MODULES=test_top",
          "VERILOG_SOURCES=/workspace/benchmarks/fifo/fifo.sv",
          "SIM_BUILD=/workspace/generated/designs/fifo/tb/.chia_sim/build",
          "COCOTB_RESULTS_FILE=/workspace/generated/designs/fifo/tb/.chia_sim/FifoCornerTest.xml",
          "COCOTB_HDL_TIMEUNIT=1ns",
          "COCOTB_HDL_TIMEPRECISION=1ps",
          "BUILD_ARGS=-j 4"
        ],
        "test_name": "FifoCornerTest",
        "test_module": "test_top",
        "results_file": "/workspace/generated/designs/fifo/tb/.chia_sim/FifoCornerTest.xml",
        "results_file_exists": true
      },
      "FifoBackToBackTest": {
        "status": "runtime_error",
        "category": "runtime_error",
        "timed_out": false,
        "watchdog_expired": false,
        "returncode": 2,
        "counts": {
          "uvm_errors": 0,
          "uvm_fatals": 0,
          "uvm_warnings": 0,
          "scoreboard_mismatches": 0,
          "assertion_failures": 0
        },
        "clean_exit": false,
        "log": "rm -f /workspace/generated/designs/fifo/tb/.chia_sim/FifoBackToBackTest.xml\nrm -f /workspace/generated/designs/fifo/tb/.chia_sim/FifoBackToBackTest.xml\nCOCOTB_TEST_MODULES=test_top COCOTB_TESTCASE=  COCOTB_TOPLEVEL=fifo TOPLEVEL_LANG=verilog       \\\n         /workspace/generated/designs/fifo/tb/.chia_sim/build/Vtop     \n     -.--ns INFO     gpi                                ../gpi/GpiCommon.cpp:242  in gpi_load_users                  Loaded entry library: '/home/ray/anaconda3/lib/libpython3.10.so.1.0'\n     -.--ns INFO     gpi                                ../gpi/GpiCommon.cpp:233  in gpi_load_users                  Running entry func 'initialize' from loaded library '/home/ray/anaconda3/lib/python3.10/site-packages/cocotb/simulator.cpython-310-x86_64-linux-gnu.so'\n     -.--ns INFO     pygpi                              ..ib/pygpi/embed.cpp:114  in initialize                      Using Python 3.10.19 interpreter at /home/ray/anaconda3/bin/python3\n     -.--ns INFO     gpi                                ../gpi/GpiCommon.cpp:74   in gpi_print_registered_impl       GPI: VPI support registered\n     0.00ns INFO     cocotb.initialize                  Seeding Python random module with 1789034100\n     0.00ns INFO     cocotb.initialize                  Initialized cocotb v2.1.0 from /home/ray/anaconda3/lib/python3.10/site-packages/cocotb\n     0.00ns INFO     cocotb.initialize                  Running on Verilator version 5.042 2025-11-02\n     0.00ns INFO     cocotb.regression                  Running tests\n     0.00ns INFO     cocotb.regression                  running test_top.fifo_tb_top (1/1)\n                                                            Single cocotb entry point \u2014 mirrors SV UVM's ``+UVM_TESTNAME`` flow.\n     0.00ns INFO     cocotb.fifo                        fifo_tb_top: UVM_TESTNAME=FifoBackToBackTest  DATA_WIDTH=8  DEPTH=4  CLK_HALF_PERIOD_NS=5  WATCHDOG_MAX_CYCLES=2000\n     0.00ns WARNING  py.warnings                        /workspace/generated/designs/fifo/tb/test_top.py:132: DeprecationWarning: Use `handle.set(Immediate(...))` or `handle.value = Immediate(...)` instead.\n                                                          dut.rst_n.setimmediatevalue(0)\n     0.00ns WARNING  py.warnings                        /workspace/generated/designs/fifo/tb/test_top.py:133: DeprecationWarning: Use `handle.set(Immediate(...))` or `handle.value = Immediate(...)` instead.\n                                                          dut.wr_en.setimmediatevalue(0)\n     0.00ns WARNING  py.warnings                        /workspace/generated/designs/fifo/tb/test_top.py:134: DeprecationWarning: Use `handle.set(Immediate(...))` or `handle.value = Immediate(...)` instead.\n                                                          dut.rd_en.setimmediatevalue(0)\n     0.00ns WARNING  py.warnings                        /workspace/generated/designs/fifo/tb/test_top.py:135: DeprecationWarning: Use `handle.set(Immediate(...))` or `handle.value = Immediate(...)` instead.\n                                                          dut.din.setimmediatevalue(0)\n    20.00ns WARNING  py.warnings                        /workspace/generated/designs/fifo/tb/test_top.py:137: DeprecationWarning: Use `handle.set(Immediate(...))` or `handle.value = Immediate(...)` instead.\n                                                          dut.rst_n.setimmediatevalue(1)\n    40.00ns INFO     ..ated/designs/fifo/tb/test.py(72) [uvm_test_top]: uvm_test_top: FifoEnv created\n    40.00ns INFO     ..rated/designs/fifo/tb/env.py(52) [uvm_test_top.fifo_env]: FifoEnv build_phase complete\n    40.00ns INFO     ..signs/fifo/tb/scoreboard.py(111) [uvm_test_top.fifo_env.fifo_scoreboard]: FifoScoreboard built (DATA_WIDTH=8, DEPTH=4)\n    40.00ns INFO     ..designs/fifo/tb/coverage.py(321) [uvm_test_top.fifo_env.fifo_coverage]: FifoCoverage built (DATA_WIDTH=8, DEPTH=4, count reachable=True)\n    40.00ns INFO     ..rated/designs/fifo/tb/env.py(67) [uvm_test_top.fifo_env]: FifoEnv connect_phase: agent.ap -> scoreboard + coverage\n    40.00ns INFO     ../designs/fifo/tb/monitor.py(115) [uvm_test_top.fifo_env.fifo_agent.fifo_monitor]: FifoMonitor started (DATA_WIDTH=8, DEPTH=4)\n    40.00ns WARNING  py.warnings                        /workspace/generated/designs/fifo/tb/dut_helper.py:115: DeprecationWarning: Use `handle.set(Immediate(...))` or `handle.value = Immediate(...)` instead.\n                                                          self.dut.wr_en.setimmediatevalue(int(wr_en) & 0x1)\n    40.00ns WARNING  py.warnings                        /workspace/generated/designs/fifo/tb/dut_helper.py:116: DeprecationWarning: Use `handle.set(Immediate(...))` or `handle.value = Immediate(...)` instead.\n                                                          self.dut.rd_en.setimmediatevalue(int(rd_en) & 0x1)\n    40.00ns WARNING  py.warnings                        /workspace/generated/designs/fifo/tb/dut_helper.py:118: DeprecationWarning: Use `handle.set(Immediate(...))` or `handle.value = Immediate(...)` instead.\n                                                          self.dut.din.setimmediatevalue(int(din) & mask)\n    40.00ns INFO     ..signs/fifo/tb/scoreboard.py(120) [uvm_test_top.fifo_env.fifo_scoreboard]: FifoScoreboard run_phase started\n    40.00ns WARNING  py.warnings                        /workspace/generated/designs/fifo/tb/sequences.py:112: DeprecationWarning: Use `handle.set(Immediate(...))` or `handle.value = Immediate(...)` instead.\n                                                          self.dut.rst_n.setimmediatevalue(0)\n    50.00ns WARNING  cocotb.regression                  test_top.fifo_tb_top failed\n                                                        Traceback (most recent call last):\n                                                          File \"/workspace/generated/designs/fifo/tb/assertions.py\", line 188, in check_reset_clean_state\n                                                            assert dout == 0, (\n                                                        AssertionError: reset_clean_state violated at cycle 0: rst_n asserted but dout=0xff (expected 0)\n                                                        assert 255 == 0\n    50.00ns INFO     cocotb.regression                  **************************************************************************************\n                                                        ** TEST                          STATUS  SIM TIME (ns)  REAL TIME (s)  RATIO (ns/s) **\n                                                        **************************************************************************************\n                                                        ** test_top.fifo_tb_top           FAIL          50.00           0.01       4665.89  **\n                                                        **************************************************************************************\n                                                        ** TESTS=1 PASS=0 FAIL=1 SKIP=0                 50.00           0.01       4546.18  **\n                                                        **************************************************************************************\n- :0: Verilog $finish\nmake: *** [/home/ray/anaconda3/lib/python3.10/site-packages/cocotb_tools/makefiles/simulators/Makefile.verilator:74: /workspace/generated/designs/fifo/tb/.chia_sim/FifoBackToBackTest.xml] Error 1\n",
        "command": [
          "timeout",
          "--signal=TERM",
          "--kill-after=5",
          "60",
          "make",
          "-f",
          "/workspace/generated/designs/fifo/tb/.chia_sim/Makefile",
          "SIM=verilator",
          "TOPLEVEL_LANG=verilog",
          "TOPLEVEL=fifo",
          "COCOTB_TOPLEVEL=fifo",
          "MODULE=test_top",
          "COCOTB_TEST_MODULES=test_top",
          "VERILOG_SOURCES=/workspace/benchmarks/fifo/fifo.sv",
          "SIM_BUILD=/workspace/generated/designs/fifo/tb/.chia_sim/build",
          "COCOTB_RESULTS_FILE=/workspace/generated/designs/fifo/tb/.chia_sim/FifoBackToBackTest.xml",
          "COCOTB_HDL_TIMEUNIT=1ns",
          "COCOTB_HDL_TIMEPRECISION=1ps",
          "BUILD_ARGS=-j 4"
        ],
        "test_name": "FifoBackToBackTest",
        "test_module": "test_top",
        "results_file": "/workspace/generated/designs/fifo/tb/.chia_sim/FifoBackToBackTest.xml",
        "results_file_exists": true
      },
      "FifoRandomizedTest": {
        "status": "runtime_error",
        "category": "runtime_error",
        "timed_out": false,
        "watchdog_expired": false,
        "returncode": 2,
        "counts": {
          "uvm_errors": 0,
          "uvm_fatals": 0,
          "uvm_warnings": 0,
          "scoreboard_mismatches": 0,
          "assertion_failures": 0
        },
        "clean_exit": false,
        "log": "rm -f /workspace/generated/designs/fifo/tb/.chia_sim/FifoRandomizedTest.xml\nrm -f /workspace/generated/designs/fifo/tb/.chia_sim/FifoRandomizedTest.xml\nCOCOTB_TEST_MODULES=test_top COCOTB_TESTCASE=  COCOTB_TOPLEVEL=fifo TOPLEVEL_LANG=verilog       \\\n         /workspace/generated/designs/fifo/tb/.chia_sim/build/Vtop     \n     -.--ns INFO     gpi                                ../gpi/GpiCommon.cpp:242  in gpi_load_users                  Loaded entry library: '/home/ray/anaconda3/lib/libpython3.10.so.1.0'\n     -.--ns INFO     gpi                                ../gpi/GpiCommon.cpp:233  in gpi_load_users                  Running entry func 'initialize' from loaded library '/home/ray/anaconda3/lib/python3.10/site-packages/cocotb/simulator.cpython-310-x86_64-linux-gnu.so'\n     -.--ns INFO     pygpi                              ..ib/pygpi/embed.cpp:114  in initialize                      Using Python 3.10.19 interpreter at /home/ray/anaconda3/bin/python3\n     -.--ns INFO     gpi                                ../gpi/GpiCommon.cpp:74   in gpi_print_registered_impl       GPI: VPI support registered\n     0.00ns INFO     cocotb.initialize                  Seeding Python random module with 1789034100\n     0.00ns INFO     cocotb.initialize                  Initialized cocotb v2.1.0 from /home/ray/anaconda3/lib/python3.10/site-packages/cocotb\n     0.00ns INFO     cocotb.initialize                  Running on Verilator version 5.042 2025-11-02\n     0.00ns INFO     cocotb.regression                  Running tests\n     0.00ns INFO     cocotb.regression                  running test_top.fifo_tb_top (1/1)\n                                                            Single cocotb entry point \u2014 mirrors SV UVM's ``+UVM_TESTNAME`` flow.\n     0.00ns INFO     cocotb.fifo                        fifo_tb_top: UVM_TESTNAME=FifoRandomizedTest  DATA_WIDTH=8  DEPTH=4  CLK_HALF_PERIOD_NS=5  WATCHDOG_MAX_CYCLES=2000\n     0.00ns WARNING  py.warnings                        /workspace/generated/designs/fifo/tb/test_top.py:132: DeprecationWarning: Use `handle.set(Immediate(...))` or `handle.value = Immediate(...)` instead.\n                                                          dut.rst_n.setimmediatevalue(0)\n     0.00ns WARNING  py.warnings                        /workspace/generated/designs/fifo/tb/test_top.py:133: DeprecationWarning: Use `handle.set(Immediate(...))` or `handle.value = Immediate(...)` instead.\n                                                          dut.wr_en.setimmediatevalue(0)\n     0.00ns WARNING  py.warnings                        /workspace/generated/designs/fifo/tb/test_top.py:134: DeprecationWarning: Use `handle.set(Immediate(...))` or `handle.value = Immediate(...)` instead.\n                                                          dut.rd_en.setimmediatevalue(0)\n     0.00ns WARNING  py.warnings                        /workspace/generated/designs/fifo/tb/test_top.py:135: DeprecationWarning: Use `handle.set(Immediate(...))` or `handle.value = Immediate(...)` instead.\n                                                          dut.din.setimmediatevalue(0)\n    20.00ns WARNING  py.warnings                        /workspace/generated/designs/fifo/tb/test_top.py:137: DeprecationWarning: Use `handle.set(Immediate(...))` or `handle.value = Immediate(...)` instead.\n                                                          dut.rst_n.setimmediatevalue(1)\n    40.00ns INFO     ..ated/designs/fifo/tb/test.py(72) [uvm_test_top]: uvm_test_top: FifoEnv created\n    40.00ns INFO     ..rated/designs/fifo/tb/env.py(52) [uvm_test_top.fifo_env]: FifoEnv build_phase complete\n    40.00ns INFO     ..signs/fifo/tb/scoreboard.py(111) [uvm_test_top.fifo_env.fifo_scoreboard]: FifoScoreboard built (DATA_WIDTH=8, DEPTH=4)\n    40.00ns INFO     ..designs/fifo/tb/coverage.py(321) [uvm_test_top.fifo_env.fifo_coverage]: FifoCoverage built (DATA_WIDTH=8, DEPTH=4, count reachable=True)\n    40.00ns INFO     ..rated/designs/fifo/tb/env.py(67) [uvm_test_top.fifo_env]: FifoEnv connect_phase: agent.ap -> scoreboard + coverage\n    40.00ns INFO     ../designs/fifo/tb/monitor.py(115) [uvm_test_top.fifo_env.fifo_agent.fifo_monitor]: FifoMonitor started (DATA_WIDTH=8, DEPTH=4)\n    40.00ns WARNING  py.warnings                        /workspace/generated/designs/fifo/tb/dut_helper.py:115: DeprecationWarning: Use `handle.set(Immediate(...))` or `handle.value = Immediate(...)` instead.\n                                                          self.dut.wr_en.setimmediatevalue(int(wr_en) & 0x1)\n    40.00ns WARNING  py.warnings                        /workspace/generated/designs/fifo/tb/dut_helper.py:116: DeprecationWarning: Use `handle.set(Immediate(...))` or `handle.value = Immediate(...)` instead.\n                                                          self.dut.rd_en.setimmediatevalue(int(rd_en) & 0x1)\n    40.00ns WARNING  py.warnings                        /workspace/generated/designs/fifo/tb/dut_helper.py:118: DeprecationWarning: Use `handle.set(Immediate(...))` or `handle.value = Immediate(...)` instead.\n                                                          self.dut.din.setimmediatevalue(int(din) & mask)\n    40.00ns INFO     ..signs/fifo/tb/scoreboard.py(120) [uvm_test_top.fifo_env.fifo_scoreboard]: FifoScoreboard run_phase started\n    40.00ns WARNING  py.warnings                        /workspace/generated/designs/fifo/tb/sequences.py:112: DeprecationWarning: Use `handle.set(Immediate(...))` or `handle.value = Immediate(...)` instead.\n                                                          self.dut.rst_n.setimmediatevalue(0)\n    50.00ns WARNING  cocotb.regression                  test_top.fifo_tb_top failed\n                                                        Traceback (most recent call last):\n                                                          File \"/workspace/generated/designs/fifo/tb/assertions.py\", line 188, in check_reset_clean_state\n                                                            assert dout == 0, (\n                                                        AssertionError: reset_clean_state violated at cycle 0: rst_n asserted but dout=0xff (expected 0)\n                                                        assert 255 == 0\n    50.00ns INFO     cocotb.regression                  **************************************************************************************\n                                                        ** TEST                          STATUS  SIM TIME (ns)  REAL TIME (s)  RATIO (ns/s) **\n                                                        **************************************************************************************\n                                                        ** test_top.fifo_tb_top           FAIL          50.00           0.01       4601.18  **\n                                                        **************************************************************************************\n                                                        ** TESTS=1 PASS=0 FAIL=1 SKIP=0                 50.00           0.01       4474.81  **\n                                                        **************************************************************************************\n- :0: Verilog $finish\nmake: *** [/home/ray/anaconda3/lib/python3.10/site-packages/cocotb_tools/makefiles/simulators/Makefile.verilator:74: /workspace/generated/designs/fifo/tb/.chia_sim/FifoRandomizedTest.xml] Error 1\n",
        "command": [
          "timeout",
          "--signal=TERM",
          "--kill-after=5",
          "60",
          "make",
          "-f",
          "/workspace/generated/designs/fifo/tb/.chia_sim/Makefile",
          "SIM=verilator",
          "TOPLEVEL_LANG=verilog",
          "TOPLEVEL=fifo",
          "COCOTB_TOPLEVEL=fifo",
          "MODULE=test_top",
          "COCOTB_TEST_MODULES=test_top",
          "VERILOG_SOURCES=/workspace/benchmarks/fifo/fifo.sv",
          "SIM_BUILD=/workspace/generated/designs/fifo/tb/.chia_sim/build",
          "COCOTB_RESULTS_FILE=/workspace/generated/designs/fifo/tb/.chia_sim/FifoRandomizedTest.xml",
          "COCOTB_HDL_TIMEUNIT=1ns",
          "COCOTB_HDL_TIMEPRECISION=1ps",
          "BUILD_ARGS=-j 4"
        ],
        "test_name": "FifoRandomizedTest",
        "test_module": "test_top",
        "results_file": "/workspace/generated/designs/fifo/tb/.chia_sim/FifoRandomizedTest.xml",
        "results_file_exists": true
      }
    }
  }
}
[36m(simulate pid=16878)[0m Wrote /workspace/generated/designs/fifo/rtl_verification/results/iteration_03.json
[36m(_ToolServerActor pid=19043)[0m INFO:     Started server process [19043]
[36m(_ToolServerActor pid=19043)[0m INFO:     Waiting for application startup.
[36m(_ToolServerActor pid=19043)[0m INFO:     Application startup complete.
[36m(_ToolServerActor pid=19043)[0m INFO:     Uvicorn running on http://172.16.36.107:8000 (Press CTRL+C to quit)
verification_improvement_workspace started at 172.16.36.107:8000 on node 4620ac88df003eb1995c4300a564485a171d4aadcd54becd8ed0d27f
OpenCodeLLM is experimental: only exercised by unit tests so far, not validated in production.
[36m(_ToolServerActor pid=19043)[0m INFO:     172.16.36.107:50386 - "POST /verification_improvement_workspace/mcp HTTP/1.1" 200 OK
[36m(_ToolServerActor pid=19043)[0m INFO:     172.16.36.107:50386 - "POST /verification_improvement_workspace/mcp HTTP/1.1" 202 Accepted
[36m(_ToolServerActor pid=19043)[0m INFO:     172.16.36.107:50386 - "GET /verification_improvement_workspace/mcp HTTP/1.1" 200 OK
[36m(_ToolServerActor pid=19043)[0m INFO:     172.16.36.107:50388 - "POST /verification_improvement_workspace/mcp HTTP/1.1" 200 OK
[36m(_ToolServerActor pid=19043)[0m INFO:     Shutting down
[36m(_ToolServerActor pid=19043)[0m INFO:     Waiting for application shutdown.
[36m(_ToolServerActor pid=19043)[0m INFO:     Application shutdown complete.
[36m(_ToolServerActor pid=19043)[0m INFO:     Finished server process [19043]

===== RTL REPAIR DECISION =====
schema_version: '1.0'
action: non_actionable
root_cause: LLM output natural language instead of a structured YAML repair decision;
  no analysis was produced.
evidence:
- 'Malformed output: ''Now let me look at the test.py and env.py to understand the
  full test flow:'''
- All 13 tests report runtime_error with returncode 2 but no diagnostic was produced
  in the YAML.
confidence: high
changes: []


✗ RTL verification cannot proceed: non_actionable.
✓ Original benchmark RTL was not modified.
------------------------------------------------------------------------------
run14 exit status: 0
Time: 2026-09-10T15:29:20+05:30
Status: CLEAN EXIT
Supervisor: stopping.
------------------------------------------------------------------------------

