make: Entering directory '/root/OpenROAD-flow-scripts/flow'
/root/OpenROAD-flow-scripts/flow/scripts/flow.sh 5_1_grt global_route
Running global_route.tcl, stage 5_1_grt
read_liberty /root/OpenROAD-flow-scripts/flow/platforms/sky130hd/lib/sky130_fd_sc_hd__tt_025C_1v80.lib
read_db ./results/sky130hd/chia_sha256_benchmark_corrupted/slot1/4_cts.odb
read_sdc ./results/sky130hd/chia_sha256_benchmark_corrupted/slot1/4_cts.sdc
source /root/OpenROAD-flow-scripts/flow/platforms/sky130hd/setRC.tcl
pin_access
[INFO DRT-0149] Reading tech and libs.
[WARNING DRT-0349] LEF58_ENCLOSURE with no CUTCLASS is not supported. Skipping for layer mcon
[WARNING DRT-0349] LEF58_ENCLOSURE with no CUTCLASS is not supported. Skipping for layer mcon
[WARNING DRT-0349] LEF58_ENCLOSURE with no CUTCLASS is not supported. Skipping for layer via
[WARNING DRT-0349] LEF58_ENCLOSURE with no CUTCLASS is not supported. Skipping for layer via
[WARNING DRT-0349] LEF58_ENCLOSURE with no CUTCLASS is not supported. Skipping for layer via2
[WARNING DRT-0349] LEF58_ENCLOSURE with no CUTCLASS is not supported. Skipping for layer via2
[WARNING DRT-0349] LEF58_ENCLOSURE with no CUTCLASS is not supported. Skipping for layer via3
[WARNING DRT-0349] LEF58_ENCLOSURE with no CUTCLASS is not supported. Skipping for layer via3
[WARNING DRT-0349] LEF58_ENCLOSURE with no CUTCLASS is not supported. Skipping for layer via4
[WARNING DRT-0349] LEF58_ENCLOSURE with no CUTCLASS is not supported. Skipping for layer via4

Units:                1000
Number of layers:     13
Number of macros:     441
Number of vias:       29
Number of viarulegen: 25

[INFO DRT-0150] Reading design.
[WARNING DRT-0120] Large net net513 has 116 pins which may impact routing performance. Consider optimization.
[WARNING DRT-0120] Large net net3221 has 220 pins which may impact routing performance. Consider optimization.
[WARNING DRT-0120] Large net net3220 has 114 pins which may impact routing performance. Consider optimization.
[WARNING DRT-0120] Large net net3219 has 106 pins which may impact routing performance. Consider optimization.
[WARNING DRT-0120] Large net net3599 has 145 pins which may impact routing performance. Consider optimization.
[WARNING DRT-0120] Large net net3868 has 132 pins which may impact routing performance. Consider optimization.
[WARNING DRT-0120] Large net net3866 has 272 pins which may impact routing performance. Consider optimization.
[WARNING DRT-0120] Large net net3914 has 136 pins which may impact routing performance. Consider optimization.
[WARNING DRT-0120] Large net net3913 has 143 pins which may impact routing performance. Consider optimization.
[WARNING DRT-0120] Large net net3909 has 163 pins which may impact routing performance. Consider optimization.
[WARNING DRT-0120] Large net net3907 has 114 pins which may impact routing performance. Consider optimization.
[WARNING DRT-0120] Large net net3906 has 136 pins which may impact routing performance. Consider optimization.
[WARNING DRT-0120] Large net net3902 has 116 pins which may impact routing performance. Consider optimization.
[WARNING DRT-0120] Large net net3901 has 145 pins which may impact routing performance. Consider optimization.
[WARNING DRT-0120] Large net net3900 has 174 pins which may impact routing performance. Consider optimization.
[WARNING DRT-0120] Large net net3899 has 157 pins which may impact routing performance. Consider optimization.
[WARNING DRT-0120] Large net net3898 has 166 pins which may impact routing performance. Consider optimization.
[WARNING DRT-0120] Large net net3896 has 111 pins which may impact routing performance. Consider optimization.
[WARNING DRT-0120] Large net net3892 has 153 pins which may impact routing performance. Consider optimization.

Design:                   sha256
Die area:                 ( 0 0 ) ( 578080 578080 )
Number of track patterns: 12
Number of DEF vias:       0
Number of components:     20919
Number of terminals:      774
Number of snets:          2
Number of nets:           17157

[INFO DRT-0167] List of default vias:
  Layer via
    default via: M1M2_PR
  Layer via2
    default via: M2M3_PR
  Layer via3
    default via: M3M4_PR
  Layer via4
    default via: M4M5_PR
[INFO DRT-0162] Library cell analysis.
[INFO DRT-0163] Instance analysis.
[INFO DRT-0164] Number of unique instances = 244.
[INFO DRT-0168] Init region query.
[INFO DRT-0024]   Complete FR_MASTERSLICE.
[INFO DRT-0024]   Complete Fr_VIA.
[INFO DRT-0024]   Complete li1.
[INFO DRT-0024]   Complete mcon.
[INFO DRT-0024]   Complete met1.
[INFO DRT-0024]   Complete via.
[INFO DRT-0024]   Complete met2.
[INFO DRT-0024]   Complete via2.
[INFO DRT-0024]   Complete met3.
[INFO DRT-0024]   Complete via3.
[INFO DRT-0024]   Complete met4.
[INFO DRT-0024]   Complete via4.
[INFO DRT-0024]   Complete met5.
[INFO DRT-0033] FR_MASTERSLICE shape region query size = 0.
[INFO DRT-0033] FR_VIA shape region query size = 0.
[INFO DRT-0033] li1 shape region query size = 610048.
[INFO DRT-0033] mcon shape region query size = 362176.
[INFO DRT-0033] met1 shape region query size = 113481.
[INFO DRT-0033] via shape region query size = 22260.
[INFO DRT-0033] met2 shape region query size = 13733.
[INFO DRT-0033] via2 shape region query size = 17808.
[INFO DRT-0033] met3 shape region query size = 13751.
[INFO DRT-0033] via3 shape region query size = 17808.
[INFO DRT-0033] met4 shape region query size = 5376.
[INFO DRT-0033] via4 shape region query size = 882.
[INFO DRT-0033] met5 shape region query size = 966.
[INFO DRT-0165] Start pin access.
[INFO DRT-0076]   Complete 1000 pins.
[INFO DRT-0078]   Complete 1951 pins.
[INFO DRT-0079]   Complete 100 unique inst patterns.
[INFO DRT-0079]   Complete 200 unique inst patterns.
[INFO DRT-0081]   Complete 244 unique inst patterns.
[INFO DRT-0082]   Complete 10000 groups.
[INFO DRT-0084]   Complete 11264 groups.
#scanned instances     = 20919
#unique  instances     = 244
#stdCellGenAp          = 9149
#stdCellValidPlanarAp  = 164
#stdCellValidViaAp     = 5833
#stdCellPinNoAp        = 10
#stdCellPinCnt         = 62976
#instTermValidViaApCnt = 0
#macroGenAp            = 0
#macroValidPlanarAp    = 0
#macroValidViaAp       = 0
#macroNoAp             = 0
[INFO DRT-0166] Complete pin access.
[INFO DRT-0267] cpu time = 00:02:39, elapsed time = 00:02:39, memory = 250.35 (MB), peak = 264.23 (MB)
Took 160 seconds: pin_access
global_route -congestion_report_file ./reports/sky130hd/chia_sha256_benchmark_corrupted/slot1/congestion.rpt -congestion_iterations 30 -congestion_report_iter_step 5 -verbose
[INFO GRT-0020] Min routing layer: met1
[INFO GRT-0021] Max routing layer: met5
[INFO GRT-0022] Global adjustment: 0%
[INFO GRT-0023] Grid origin: (0, 0)
[INFO GRT-0088] Layer li1     Track-Pitch = 0.4600  line-2-Via Pitch: 0.3400
[INFO GRT-0088] Layer met1    Track-Pitch = 0.3400  line-2-Via Pitch: 0.3400
[INFO GRT-0088] Layer met2    Track-Pitch = 0.4600  line-2-Via Pitch: 0.3500
[INFO GRT-0088] Layer met3    Track-Pitch = 0.6800  line-2-Via Pitch: 0.6150
[INFO GRT-0088] Layer met4    Track-Pitch = 0.9200  line-2-Via Pitch: 1.0400
[INFO GRT-0088] Layer met5    Track-Pitch = 3.4000  line-2-Via Pitch: 3.1100
[INFO GRT-0003] Macros: 0
[INFO GRT-0004] Blockages: 62847
[INFO GRT-0019] Found 300 clock nets.
[INFO GRT-0001] Minimum degree: 2
[INFO GRT-0002] Maximum degree: 272

[INFO GRT-0053] Routing resources analysis:
          Routing      Original      Derated      Resource
Layer     Direction    Resources     Resources    Reduction (%)
---------------------------------------------------------------
li1        Vertical            0             0          0.00%
met1       Horizontal      98604         76467          22.45%
met2       Vertical        88642         68060          23.22%
met3       Horizontal      66297         52029          21.52%
met4       Vertical        43624         30750          29.51%
met5       Horizontal       9922          7052          28.93%
---------------------------------------------------------------

[INFO GRT-0101] Running extra iterations to remove congestion.
[INFO GRT-0102] Start extra iteration 1/30
[INFO GRT-0102] Start extra iteration 2/30
[INFO GRT-0102] Start extra iteration 3/30
[INFO GRT-0197] Via related to pin nodes: 110101
[INFO GRT-0198] Via related Steiner nodes: 3495
[INFO GRT-0199] Via filling finished.
[INFO GRT-0111] Final number of vias: 142760
[INFO GRT-0112] Final usage 3D: 539567

[INFO GRT-0096] Final congestion report:
Layer         Resource        Demand        Usage (%)    Max H / Max V / Total Congestion
---------------------------------------------------------------------------------------
li1                  0             0            0.00%             0 /  0 /  0
met1             76467         46738           61.12%             0 /  0 /  0
met2             68060         45196           66.41%             0 /  0 /  0
met3             52029          7732           14.86%             0 /  0 /  0
met4             30750         11621           37.79%             0 /  0 /  0
met5              7052             0            0.00%             0 /  0 /  0
---------------------------------------------------------------------------------------
Total           234358        111287           47.49%             0 /  0 /  0

[INFO GRT-0018] Total wirelength: 1114943 um
[INFO GRT-0014] Routed nets: 17147
[INFO GRT-0303] Global routing runtime = 00:00:01
[WARNING STA-0450] virtual clock vclk can not be propagated.
estimate_parasitics -global_routing
Perform buffer insertion and gate resizing...
repair_design -verbose
Iteration |   Area    | Resized | Buffers | Nets repaired | Remaining
---------------------------------------------------------------------
        0 |     +0.0% |       0 |       0 |             0 |     17401
     1000 |     +0.0% |       0 |       0 |             0 |     16401
     2000 |     +0.0% |       0 |       0 |             0 |     15401
     3000 |     +0.0% |       0 |       0 |             0 |     14401
     4000 |     +0.0% |       0 |       0 |             0 |     13401
     5000 |     +0.0% |       0 |       0 |             0 |     12401
     6000 |     +0.0% |       0 |       0 |             0 |     11401
     7000 |     +0.0% |       0 |       0 |             0 |     10401
     8000 |     +0.0% |       0 |       0 |             0 |      9401
     9000 |     +0.0% |       0 |       0 |             0 |      8401
    10000 |     +0.0% |       0 |       0 |             0 |      7401
    11000 |     +0.0% |       0 |       0 |             0 |      6401
[WARNING RSZ-0104] Net _12926_ only has one pin. Check if it is intended to be dangling.
[WARNING RSZ-0104] Net _12925_ only has one pin. Check if it is intended to be dangling.
[WARNING RSZ-0104] Net _12924_ only has one pin. Check if it is intended to be dangling.
[WARNING RSZ-0104] Net _12923_ only has one pin. Check if it is intended to be dangling.
[WARNING RSZ-0104] Net _12922_ only has one pin. Check if it is intended to be dangling.
[WARNING RSZ-0104] Net _12921_ only has one pin. Check if it is intended to be dangling.
[WARNING RSZ-0104] Net _12920_ only has one pin. Check if it is intended to be dangling.
    12000 |     +0.0% |       0 |       0 |             0 |      5401
[WARNING RSZ-0104] Net _12930_ only has one pin. Check if it is intended to be dangling.
[WARNING RSZ-0104] Net _12928_ only has one pin. Check if it is intended to be dangling.
[WARNING RSZ-0104] Net _12927_ only has one pin. Check if it is intended to be dangling.
    13000 |     +0.0% |       0 |       0 |             0 |      4401
    14000 |     +0.0% |       0 |       0 |             0 |      3401
    15000 |     +0.0% |       0 |       0 |             0 |      2401
    16000 |     +0.0% |       0 |       0 |             0 |      1401
    17000 |     +0.0% |       0 |       0 |             0 |       401
    final |     +0.0% |       0 |       0 |             0 |         0
---------------------------------------------------------------------
[INFO RSZ-0504] Runtime: 0.81s
global_route -start_incremental
detailed_placement
[INFO DPL-0006] Core area: 330268.00 um^2
[INFO DPL-0007] Movable instances area: 195919.15 um^2
[INFO DPL-0008] Fixed instances area within core: 5462.74 um^2
[INFO DPL-0009] Utilization: 61.0%
[INFO DPL-0005] Diamond search max displacement: +/- 500 sites horizontally, +/- 100 rows vertically.
[INFO DPL-1102] Legalizing using negotiation legalizer.
[INFO DPL-1103] Negotiation base search window: +/-20 sites horizontally, +/-5 rows vertically 
	Automatic search window extension enabled.
	Search window extendable up to the max displacement cap of +/-500 sites, +/-100 rows near walls.
[INFO DPL-1104] NegotiationLegalizer DRC penalty: 5.
[INFO DPL-0392] Negotiation cell height distribution (1 unique row-count(s)):
[INFO DPL-0393]   height 1 row(s): 20919 cells
[INFO DPL-0500] Runtime: 0.07s
Placement Analysis
---------------------------------
total displacement          0.0 u
average displacement        0.0 u
max displacement            0.0 u
original HPWL          604940.9 u
legalized HPWL         604940.9 u
delta HPWL                    0 %

global_route -end_incremental -congestion_report_file ./reports/sky130hd/chia_sha256_benchmark_corrupted/slot1/congestion_post_repair_design.rpt
Repair setup and hold violations...
estimate_parasitics -global_routing
repair_timing -setup_margin 0.25 -hold_margin 0 -repair_tns 100 -verbose
[INFO RSZ-0100] Repair move sequence: UnbufferMove SizeUpMove SwapPinsMove BufferMove CloneMove SplitLoadMove 
[INFO RSZ-0094] Found 55 endpoints with setup violations.
[INFO RSZ-0099] Repairing 55 out of 55 (100.00%) violating endpoints...
   Iter   | Removed | Resized | Inserted | Cloned |  Pin  |   Area   |    WNS   |   StTNS    |   EnTNS    |  Viol  |  Worst  
          | Buffers |  Gates  | Buffers  |  Gates | Swaps |          |          |            |            | Endpts | St/EnPt 
------------------------------------------------------------------------------------------------------------------------------
       0* |       0 |       0 |        0 |      0 |     0 |    +0.0% |   -0.739 |       -2.5 |      -14.5 |     55 | digest\[254\]$_DFFE_PN0P_/D
      10* |       0 |       4 |        1 |      0 |     4 |    +0.0% |   -0.654 |       -2.1 |      -12.7 |     55 | digest\[254\]$_DFFE_PN0P_/D
      20* |       0 |      10 |        2 |      0 |     7 |    +0.0% |   -0.575 |       -1.9 |      -11.6 |     55 | digest\[254\]$_DFFE_PN0P_/D
      30* |       0 |      11 |        3 |      0 |    15 |    +0.0% |   -0.603 |       -2.0 |      -11.7 |     55 | digest\[255\]$_DFFE_PN0P_/D
      40* |       0 |      14 |        7 |      0 |    20 |    +0.1% |   -0.557 |       -1.8 |      -11.0 |     55 | digest\[254\]$_DFFE_PN0P_/D
      50* |       0 |      19 |        8 |      0 |    24 |    +0.1% |   -0.568 |       -1.8 |      -11.6 |     55 | digest\[255\]$_DFFE_PN0P_/D
      60* |       0 |      22 |       10 |      0 |    29 |    +0.1% |   -0.646 |       -2.1 |      -13.1 |     55 | digest\[255\]$_DFFE_PN0P_/D
      70* |       0 |      26 |       16 |      0 |    33 |    +0.1% |   -0.610 |       -2.0 |      -11.8 |     55 | digest\[255\]$_DFFE_PN0P_/D
      80* |       0 |      29 |       17 |      0 |    39 |    +0.2% |   -0.578 |       -1.9 |      -11.4 |     55 | digest\[255\]$_DFFE_PN0P_/D
      90* |       0 |      32 |       21 |      0 |    44 |    +0.2% |   -0.542 |       -1.7 |      -11.3 |     55 | digest\[255\]$_DFFE_PN0P_/D
     100* |       0 |      35 |       21 |      0 |    51 |    +0.2% |   -0.520 |       -1.7 |      -11.0 |     55 | digest\[255\]$_DFFE_PN0P_/D
     110* |       0 |      41 |       22 |      0 |    54 |    +0.2% |   -0.492 |       -1.6 |      -10.7 |     55 | digest\[255\]$_DFFE_PN0P_/D
     120* |       0 |      46 |       23 |      0 |    58 |    +0.2% |   -0.524 |       -1.7 |      -11.1 |     55 | digest\[255\]$_DFFE_PN0P_/D
     130* |       0 |      47 |       24 |      0 |    66 |    +0.2% |   -0.535 |       -1.7 |      -11.1 |     55 | digest\[254\]$_DFFE_PN0P_/D
     140* |       0 |      50 |       24 |      0 |    73 |    +0.2% |   -0.557 |       -1.8 |      -11.2 |     55 | digest\[254\]$_DFFE_PN0P_/D
     150* |       0 |      52 |       24 |      1 |    80 |    +0.3% |   -0.543 |       -1.7 |      -11.5 |     55 | digest\[254\]$_DFFE_PN0P_/D
     160* |       0 |      55 |       25 |      2 |    85 |    +0.3% |   -0.569 |       -1.9 |      -11.9 |     55 | digest\[254\]$_DFFE_PN0P_/D
     160* |       0 |      41 |       22 |      0 |    54 |    +0.2% |   -0.492 |       -1.6 |      -10.7 |     55 | digest\[255\]$_DFFE_PN0P_/D
     170* |       0 |      44 |       23 |      0 |    59 |    +0.2% |   -0.563 |       -1.9 |      -13.3 |     55 | digest\[255\]$_DFFE_PN0P_/D
     180* |       0 |      51 |       24 |      0 |    61 |    +0.2% |   -0.496 |       -1.6 |      -11.0 |     55 | digest\[255\]$_DFFE_PN0P_/D
     190* |       0 |      56 |       25 |      0 |    65 |    +0.2% |   -0.553 |       -1.8 |      -12.0 |     55 | digest\[255\]$_DFFE_PN0P_/D
     200* |       0 |      65 |       25 |      0 |    66 |    +0.3% |   -0.498 |       -1.7 |      -10.2 |     55 | digest\[255\]$_DFFE_PN0P_/D
     210* |       0 |      70 |       26 |      0 |    70 |    +0.3% |   -0.565 |       -1.9 |      -13.8 |     55 | digest\[254\]$_DFFE_PN0P_/D
     220* |       0 |      73 |       28 |      1 |    75 |    +0.3% |   -0.636 |       -2.4 |      -16.9 |     55 | digest\[255\]$_DFFE_PN0P_/D
     230* |       0 |      78 |       35 |      1 |    77 |    +0.4% |   -0.578 |       -2.2 |      -14.6 |     55 | digest\[255\]$_DFFE_PN0P_/D
     240* |       0 |      80 |       40 |      2 |    80 |    +0.4% |   -0.621 |       -2.2 |      -16.6 |     55 | digest\[255\]$_DFFE_PN0P_/D
     250* |       0 |      87 |       40 |      2 |    83 |    +0.4% |   -0.568 |       -2.2 |      -14.2 |     55 | digest\[255\]$_DFFE_PN0P_/D
     250* |       0 |      69 |       25 |      0 |    67 |    +0.3% |   -0.485 |       -1.6 |      -10.1 |     55 | digest\[255\]$_DFFE_PN0P_/D
     260* |       0 |      75 |       27 |      0 |    68 |    +0.3% |   -0.475 |       -1.5 |      -10.0 |     55 | digest\[255\]$_DFFE_PN0P_/D
     270* |       0 |      80 |       27 |      0 |    73 |    +0.3% |   -0.449 |       -1.5 |       -9.6 |     55 | digest\[254\]$_DFFE_PN0P_/D
     280* |       0 |      87 |       27 |      2 |    74 |    +0.4% |   -0.439 |       -1.5 |       -9.3 |     55 | digest\[254\]$_DFFE_PN0P_/D
     290* |       0 |      90 |       28 |      2 |    80 |    +0.4% |   -0.503 |       -1.6 |       -9.9 |     55 | digest\[255\]$_DFFE_PN0P_/D
     300* |       0 |      92 |       31 |      2 |    86 |    +0.4% |   -0.536 |       -1.8 |      -10.2 |     55 | digest\[255\]$_DFFE_PN0P_/D
     310* |       0 |      97 |       32 |      4 |    88 |    +0.4% |   -0.516 |       -1.7 |      -10.5 |     55 | digest\[255\]$_DFFE_PN0P_/D
     320* |       0 |     102 |       33 |      5 |    91 |    +0.5% |   -0.490 |       -1.6 |      -10.1 |     55 | digest\[254\]$_DFFE_PN0P_/D
     330* |       0 |     108 |       39 |      5 |    94 |    +0.5% |   -0.474 |       -1.5 |       -9.7 |     55 | digest\[254\]$_DFFE_PN0P_/D
     334* |       0 |      89 |       28 |      2 |    75 |    +0.4% |   -0.428 |       -1.4 |       -9.0 |     55 | digest\[254\]$_DFFE_PN0P_/D
     340* |       0 |      93 |       28 |      2 |    76 |    +0.4% |   -0.443 |       -1.5 |       -9.1 |     55 | digest\[254\]$_DFFE_PN0P_/D
     350* |       0 |     101 |       29 |      2 |    77 |    +0.4% |   -0.471 |       -1.6 |       -9.2 |     55 | digest\[254\]$_DFFE_PN0P_/D
     360* |       0 |     102 |       31 |      2 |    84 |    +0.4% |   -0.665 |       -2.3 |      -15.5 |     55 | digest\[254\]$_DFFE_PN0P_/D
     370* |       0 |     108 |       36 |      3 |    85 |    +0.5% |   -0.604 |       -2.1 |      -12.9 |     55 | digest\[254\]$_DFFE_PN0P_/D
     380* |       0 |     112 |       45 |      3 |    85 |    +0.5% |   -0.734 |       -2.2 |      -18.6 |     55 | digest\[254\]$_DFFE_PN0P_/D
     390* |       0 |     120 |       51 |      4 |    85 |    +0.6% |   -0.589 |       -2.1 |      -12.3 |     55 | digest\[254\]$_DFFE_PN0P_/D
     398* |       0 |     100 |       29 |      2 |    76 |    +0.4% |   -0.425 |       -1.5 |       -8.7 |     55 | digest\[254\]$_DFFE_PN0P_/D
     400* |       0 |     101 |       29 |      2 |    76 |    +0.4% |   -0.425 |       -1.5 |       -8.7 |     55 | digest\[254\]$_DFFE_PN0P_/D
     410* |       0 |     105 |       32 |      3 |    79 |    +0.4% |   -0.418 |       -1.4 |       -8.2 |     55 | digest\[254\]$_DFFE_PN0P_/D
     410* |       0 |     103 |       32 |      3 |    79 |    +0.4% |   -0.417 |       -1.4 |       -8.2 |     55 | digest\[254\]$_DFFE_PN0P_/D
     420* |       0 |     110 |       33 |      3 |    80 |    +0.5% |   -0.405 |       -1.4 |       -8.1 |     55 | digest\[254\]$_DFFE_PN0P_/D
     428* |       0 |     110 |       33 |      3 |    80 |    +0.5% |   -0.405 |       -1.4 |       -8.1 |     55 | digest\[254\]$_DFFE_PN0P_/D
     430* |       0 |     110 |       33 |      3 |    81 |    +0.5% |   -0.405 |       -1.4 |       -8.1 |     55 | digest\[254\]$_DFFE_PN0P_/D
     432* |       0 |     112 |       33 |      3 |    81 |    +0.5% |   -0.404 |       -1.4 |       -8.1 |     55 | digest\[254\]$_DFFE_PN0P_/D
     440* |       0 |     115 |       33 |      3 |    85 |    +0.5% |   -0.431 |       -1.4 |       -8.4 |     55 | digest\[255\]$_DFFE_PN0P_/D
     450* |       0 |     122 |       34 |      4 |    86 |    +0.5% |   -0.404 |       -1.3 |       -8.0 |     55 | digest\[254\]$_DFFE_PN0P_/D
     460* |       0 |     126 |       36 |      5 |    90 |    +0.6% |   -0.411 |       -1.3 |       -8.1 |     55 | digest\[254\]$_DFFE_PN0P_/D
     470* |       0 |     130 |       36 |      5 |    96 |    +0.6% |   -0.411 |       -1.3 |       -7.8 |     55 | digest\[254\]$_DFFE_PN0P_/D
     480* |       0 |     132 |       37 |      5 |   103 |    +0.6% |   -0.410 |       -1.3 |       -7.8 |     55 | digest\[254\]$_DFFE_PN0P_/D
     483* |       0 |     112 |       33 |      3 |    81 |    +0.5% |   -0.404 |       -1.4 |       -8.1 |     55 | digest\[254\]$_DFFE_PN0P_/D
     490* |       0 |     116 |       33 |      3 |    83 |    +0.5% |   -0.408 |       -1.4 |       -7.7 |     55 | digest\[254\]$_DFFE_PN0P_/D
     500* |       0 |     123 |       35 |      3 |    84 |    +0.5% |   -0.423 |       -1.4 |       -8.2 |     55 | digest\[254\]$_DFFE_PN0P_/D
     510* |       0 |     127 |       37 |      4 |    87 |    +0.5% |   -0.423 |       -1.4 |       -8.1 |     55 | digest\[254\]$_DFFE_PN0P_/D
     520* |       0 |     131 |       38 |      5 |    91 |    +0.6% |   -0.431 |       -1.4 |       -8.1 |     55 | digest\[254\]$_DFFE_PN0P_/D
     527* |       0 |     112 |       33 |      3 |    81 |    +0.5% |   -0.404 |       -1.4 |       -8.1 |     55 | digest\[254\]$_DFFE_PN0P_/D
     530* |       0 |     113 |       34 |      3 |    81 |    +0.5% |   -0.398 |       -1.3 |       -8.2 |     55 | digest\[254\]$_DFFE_PN0P_/D
     532* |       0 |     113 |       34 |      3 |    81 |    +0.5% |   -0.398 |       -1.3 |       -8.2 |     55 | digest\[254\]$_DFFE_PN0P_/D
     540* |       0 |     120 |       34 |      3 |    81 |    +0.5% |   -0.402 |       -1.3 |       -8.0 |     55 | digest\[255\]$_DFFE_PN0P_/D
     540* |       0 |     115 |       34 |      3 |    81 |    +0.5% |   -0.394 |       -1.3 |       -8.1 |     55 | digest\[254\]$_DFFE_PN0P_/D
     550* |       0 |     118 |       35 |      3 |    86 |    +0.5% |   -0.394 |       -1.3 |       -8.0 |     55 | digest\[254\]$_DFFE_PN0P_/D
     560* |       0 |     123 |       35 |      3 |    91 |    +0.5% |   -0.397 |       -1.3 |       -8.1 |     55 | digest\[254\]$_DFFE_PN0P_/D
     570* |       0 |     128 |       37 |      3 |    94 |    +0.5% |   -0.397 |       -1.3 |       -7.7 |     55 | digest\[254\]$_DFFE_PN0P_/D
     580* |       0 |     135 |       37 |      3 |    97 |    +0.6% |   -0.394 |       -1.3 |       -7.3 |     55 | digest\[254\]$_DFFE_PN0P_/D
     585* |       0 |     139 |       37 |      3 |    98 |    +0.6% |   -0.394 |       -1.3 |       -7.2 |     55 | digest\[254\]$_DFFE_PN0P_/D
     590* |       0 |     142 |       37 |      3 |    99 |    +0.6% |   -0.394 |       -1.3 |       -7.1 |     55 | digest\[254\]$_DFFE_PN0P_/D
     592* |       0 |     144 |       37 |      3 |    99 |    +0.6% |   -0.394 |       -1.3 |       -7.1 |     55 | digest\[254\]$_DFFE_PN0P_/D
     600* |       0 |     149 |       37 |      3 |   101 |    +0.6% |   -0.394 |       -1.3 |       -6.7 |     55 | digest\[254\]$_DFFE_PN0P_/D
     610* |       0 |     152 |       39 |      3 |   106 |    +0.6% |   -0.402 |       -1.3 |       -6.9 |     55 | digest\[255\]$_DFFE_PN0P_/D
     620* |       0 |     158 |       40 |      3 |   109 |    +0.6% |   -0.394 |       -1.3 |       -6.3 |     55 | digest\[254\]$_DFFE_PN0P_/D
     630* |       0 |     165 |       40 |      3 |   112 |    +0.6% |   -0.394 |       -1.3 |       -6.5 |     55 | digest\[254\]$_DFFE_PN0P_/D
     640* |       0 |     174 |       40 |      3 |   113 |    +0.7% |   -0.394 |       -1.3 |       -5.7 |     55 | digest\[254\]$_DFFE_PN0P_/D
     650* |       0 |     177 |       41 |      3 |   119 |    +0.7% |   -0.394 |       -1.3 |       -5.6 |     55 | digest\[254\]$_DFFE_PN0P_/D
     660* |       0 |     180 |       41 |      3 |   126 |    +0.7% |   -0.393 |       -1.3 |       -5.5 |     55 | digest\[254\]$_DFFE_PN0P_/D
     670* |       0 |     184 |       42 |      3 |   131 |    +0.7% |   -0.397 |       -1.3 |       -5.7 |     55 | digest\[254\]$_DFFE_PN0P_/D
     680* |       0 |     190 |       44 |      4 |   132 |    +0.7% |   -0.411 |       -1.3 |       -5.5 |     55 | digest\[254\]$_DFFE_PN0P_/D
     690* |       0 |     196 |       47 |      4 |   133 |    +0.8% |   -0.411 |       -1.3 |       -6.5 |     55 | digest\[254\]$_DFFE_PN0P_/D
     692* |       0 |     181 |       41 |      3 |   128 |    +0.7% |   -0.393 |       -1.3 |       -5.5 |     55 | digest\[254\]$_DFFE_PN0P_/D
     700* |       0 |     187 |       42 |      3 |   128 |    +0.7% |   -0.397 |       -1.3 |       -5.4 |     55 | digest\[254\]$_DFFE_PN0P_/D
     710* |       0 |     193 |       42 |      3 |   132 |    +0.7% |   -0.407 |       -1.3 |       -5.5 |     55 | digest\[254\]$_DFFE_PN0P_/D
     720* |       0 |     198 |       44 |      3 |   135 |    +0.7% |   -0.411 |       -1.3 |       -5.5 |     55 | digest\[254\]$_DFFE_PN0P_/D
     727* |       0 |     181 |       41 |      3 |   128 |    +0.7% |   -0.393 |       -1.3 |       -5.5 |     55 | digest\[254\]$_DFFE_PN0P_/D
     730* |       0 |     182 |       41 |      3 |   129 |    +0.7% |   -0.393 |       -1.3 |       -5.5 |     55 | digest\[254\]$_DFFE_PN0P_/D
     740* |       0 |     191 |       42 |      3 |   129 |    +0.7% |   -0.392 |       -1.3 |       -5.5 |     55 | digest\[254\]$_DFFE_PN0P_/D
     750* |       0 |     198 |       42 |      3 |   132 |    +0.7% |   -0.396 |       -1.3 |       -5.4 |     55 | digest\[254\]$_DFFE_PN0P_/D
     760* |       0 |     204 |       44 |      3 |   134 |    +0.7% |   -0.408 |       -1.3 |       -5.6 |     55 | digest\[254\]$_DFFE_PN0P_/D
     767* |       0 |     192 |       42 |      3 |   129 |    +0.7% |   -0.392 |       -1.3 |       -5.5 |     55 | digest\[254\]$_DFFE_PN0P_/D
     770* |       0 |     193 |       42 |      3 |   130 |    +0.7% |   -0.392 |       -1.3 |       -5.4 |     55 | digest\[254\]$_DFFE_PN0P_/D
     780* |       0 |     199 |       42 |      3 |   134 |    +0.7% |   -0.392 |       -1.3 |       -5.4 |     55 | digest\[254\]$_DFFE_PN0P_/D
     790* |       0 |     206 |       44 |      3 |   135 |    +0.7% |   -0.396 |       -1.3 |       -5.7 |     55 | digest\[254\]$_DFFE_PN0P_/D
     792* |       0 |     199 |       42 |      3 |   134 |    +0.7% |   -0.392 |       -1.3 |       -5.4 |     55 | digest\[254\]$_DFFE_PN0P_/D
     800* |       0 |     205 |       42 |      3 |   135 |    +0.7% |   -0.398 |       -1.3 |       -5.3 |     55 | digest\[254\]$_DFFE_PN0P_/D
     810* |       0 |     208 |       45 |      3 |   139 |    +0.8% |   -0.417 |       -1.4 |       -5.6 |     55 | digest\[254\]$_DFFE_PN0P_/D
     820* |       0 |     211 |       48 |      3 |   143 |    +0.8% |   -0.400 |       -1.3 |       -5.7 |     55 | digest\[255\]$_DFFE_PN0P_/D
     830* |       0 |     216 |       49 |      3 |   147 |    +0.8% |   -0.403 |       -1.3 |       -5.2 |     55 | digest\[254\]$_DFFE_PN0P_/D
     840* |       0 |     222 |       50 |      3 |   150 |    +0.8% |   -0.403 |       -1.3 |       -5.1 |     55 | digest\[254\]$_DFFE_PN0P_/D
     849* |       0 |     204 |       42 |      3 |   135 |    +0.7% |   -0.392 |       -1.3 |       -5.1 |     55 | digest\[254\]$_DFFE_PN0P_/D
     850* |       0 |     204 |       42 |      3 |   135 |    +0.7% |   -0.392 |       -1.3 |       -5.1 |     55 | digest\[254\]$_DFFE_PN0P_/D
     860* |       0 |     209 |       44 |      3 |   138 |    +0.8% |   -0.410 |       -1.3 |       -5.3 |     55 | digest\[254\]$_DFFE_PN0P_/D
     861* |       0 |     204 |       42 |      3 |   135 |    +0.7% |   -0.392 |       -1.3 |       -5.1 |     55 | digest\[254\]$_DFFE_PN0P_/D
     870* |       0 |     209 |       44 |      3 |   136 |    +0.8% |   -0.404 |       -1.3 |       -5.3 |     55 | digest\[254\]$_DFFE_PN0P_/D
     879* |       0 |     205 |       42 |      3 |   135 |    +0.7% |   -0.392 |       -1.3 |       -5.1 |     55 | digest\[254\]$_DFFE_PN0P_/D
     880* |       0 |     205 |       42 |      3 |   135 |    +0.7% |   -0.392 |       -1.3 |       -5.1 |     55 | digest\[254\]$_DFFE_PN0P_/D
     890* |       0 |     209 |       44 |      3 |   139 |    +0.8% |   -0.392 |       -1.3 |       -4.7 |     55 | digest\[254\]$_DFFE_PN0P_/D
     900* |       0 |     215 |       46 |      3 |   141 |    +0.8% |   -0.396 |       -1.3 |       -4.7 |     55 | digest\[254\]$_DFFE_PN0P_/D
     910* |       0 |     222 |       48 |      3 |   142 |    +0.8% |   -0.396 |       -1.3 |       -5.2 |     55 | digest\[254\]$_DFFE_PN0P_/D
     920* |       0 |     228 |       50 |      3 |   144 |    +0.8% |   -0.396 |       -1.3 |       -5.2 |     55 | digest\[254\]$_DFFE_PN0P_/D
     930* |       0 |     236 |       51 |      3 |   145 |    +0.8% |   -0.396 |       -1.3 |       -5.8 |     55 | digest\[254\]$_DFFE_PN0P_/D
     931* |       0 |     213 |       45 |      3 |   141 |    +0.8% |   -0.392 |       -1.3 |       -4.8 |     55 | digest\[254\]$_DFFE_PN0P_/D
     940* |       0 |     217 |       45 |      3 |   145 |    +0.8% |   -0.392 |       -1.3 |       -4.6 |     55 | digest\[254\]$_DFFE_PN0P_/D
     950* |       0 |     223 |       47 |      3 |   147 |    +0.8% |   -0.392 |       -1.3 |       -5.2 |     55 | digest\[254\]$_DFFE_PN0P_/D
     953* |       0 |     217 |       45 |      3 |   146 |    +0.8% |   -0.392 |       -1.3 |       -4.6 |     55 | digest\[254\]$_DFFE_PN0P_/D
     960* |       0 |     221 |       46 |      3 |   147 |    +0.8% |   -0.404 |       -1.3 |       -5.0 |     55 | digest\[254\]$_DFFE_PN0P_/D
     970* |       0 |     229 |       48 |      3 |   148 |    +0.8% |   -0.404 |       -1.3 |       -4.9 |     55 | digest\[254\]$_DFFE_PN0P_/D
     973* |       0 |     217 |       45 |      3 |   146 |    +0.8% |   -0.392 |       -1.3 |       -4.6 |     55 | digest\[254\]$_DFFE_PN0P_/D
     980* |       0 |     222 |       45 |      3 |   147 |    +0.8% |   -0.392 |       -1.3 |       -4.5 |     55 | digest\[254\]$_DFFE_PN0P_/D
     990* |       0 |     226 |       49 |      3 |   149 |    +0.8% |   -0.392 |       -1.3 |       -4.9 |     55 | digest\[254\]$_DFFE_PN0P_/D
    1000* |       0 |     235 |       49 |      3 |   150 |    +0.8% |   -0.411 |       -1.3 |       -4.7 |     55 | digest\[254\]$_DFFE_PN0P_/D
    1010* |       0 |     242 |       50 |      4 |   151 |    +0.9% |   -0.411 |       -1.3 |       -4.7 |     55 | digest\[254\]$_DFFE_PN0P_/D
    1020* |       0 |     248 |       51 |      5 |   153 |    +0.9% |   -0.411 |       -1.3 |       -4.8 |     55 | digest\[254\]$_DFFE_PN0P_/D
    1027* |       0 |     220 |       45 |      3 |   146 |    +0.8% |   -0.392 |       -1.3 |       -4.5 |     55 | digest\[254\]$_DFFE_PN0P_/D
    1030* |       0 |     221 |       46 |      3 |   146 |    +0.8% |   -0.392 |       -1.3 |       -4.9 |     55 | digest\[254\]$_DFFE_PN0P_/D
    1038* |       0 |     220 |       45 |      3 |   146 |    +0.8% |   -0.392 |       -1.3 |       -4.5 |     55 | digest\[254\]$_DFFE_PN0P_/D
    1040* |       0 |     220 |       45 |      3 |   147 |    +0.8% |   -0.392 |       -1.3 |       -4.6 |     55 | digest\[254\]$_DFFE_PN0P_/D
    1050* |       0 |     227 |       46 |      3 |   149 |    +0.8% |   -0.396 |       -1.3 |       -4.4 |     55 | digest\[254\]$_DFFE_PN0P_/D
    1060* |       0 |     236 |       46 |      3 |   150 |    +0.8% |   -0.396 |       -1.3 |       -4.4 |     55 | digest\[254\]$_DFFE_PN0P_/D
    1066* |       0 |     223 |       45 |      3 |   147 |    +0.8% |   -0.392 |       -1.3 |       -4.5 |     55 | digest\[254\]$_DFFE_PN0P_/D
    1070* |       0 |     225 |       46 |      3 |   147 |    +0.8% |   -0.396 |       -1.3 |       -4.4 |     55 | digest\[254\]$_DFFE_PN0P_/D
    1080* |       0 |     233 |       48 |      3 |   147 |    +0.8% |   -0.396 |       -1.3 |       -4.4 |     55 | digest\[254\]$_DFFE_PN0P_/D
    1090* |       0 |     237 |       52 |      3 |   149 |    +0.8% |   -0.396 |       -1.3 |       -4.4 |     55 | digest\[254\]$_DFFE_PN0P_/D
    1095* |       0 |     223 |       45 |      3 |   147 |    +0.8% |   -0.392 |       -1.3 |       -4.5 |     55 | digest\[254\]$_DFFE_PN0P_/D
    1100* |       0 |     226 |       46 |      3 |   147 |    +0.8% |   -0.392 |       -1.3 |       -4.5 |     55 | digest\[254\]$_DFFE_PN0P_/D
    1110* |       0 |     232 |       46 |      3 |   151 |    +0.8% |   -0.392 |       -1.3 |       -4.5 |     55 | digest\[254\]$_DFFE_PN0P_/D
    1116* |       0 |     236 |       46 |      3 |   152 |    +0.8% |   -0.392 |       -1.3 |       -4.5 |     55 | digest\[254\]$_DFFE_PN0P_/D
    1120* |       0 |     238 |       46 |      3 |   153 |    +0.8% |   -0.392 |       -1.3 |       -4.5 |     55 | digest\[254\]$_DFFE_PN0P_/D
    1130* |       0 |     244 |       48 |      3 |   155 |    +0.8% |   -0.396 |       -1.3 |       -4.7 |     55 | digest\[254\]$_DFFE_PN0P_/D
    1140* |       0 |     250 |       49 |      3 |   158 |    +0.9% |   -0.396 |       -1.3 |       -5.1 |     55 | digest\[254\]$_DFFE_PN0P_/D
    1150* |       0 |     256 |       53 |      3 |   158 |    +0.9% |   -0.396 |       -1.3 |       -5.0 |     55 | digest\[254\]$_DFFE_PN0P_/D
    1160* |       0 |     262 |       56 |      3 |   159 |    +0.9% |   -0.396 |       -1.3 |       -4.8 |     55 | digest\[254\]$_DFFE_PN0P_/D
    1165* |       0 |     238 |       46 |      3 |   153 |    +0.8% |   -0.392 |       -1.3 |       -4.5 |     55 | digest\[254\]$_DFFE_PN0P_/D
    1170* |       0 |     241 |       46 |      3 |   154 |    +0.8% |   -0.392 |       -1.3 |       -4.5 |     55 | digest\[254\]$_DFFE_PN0P_/D
    1180* |       0 |     247 |       49 |      3 |   155 |    +0.8% |   -0.396 |       -1.3 |       -4.7 |     55 | digest\[254\]$_DFFE_PN0P_/D
    1190* |       0 |     254 |       52 |      3 |   155 |    +0.9% |   -0.396 |       -1.3 |       -4.8 |     55 | digest\[254\]$_DFFE_PN0P_/D
    1191* |       0 |     241 |       46 |      3 |   154 |    +0.8% |   -0.392 |       -1.3 |       -4.5 |     55 | digest\[254\]$_DFFE_PN0P_/D
    1200* |       0 |     247 |       48 |      3 |   154 |    +0.8% |   -0.392 |       -1.3 |       -5.0 |     55 | digest\[254\]$_DFFE_PN0P_/D
    1200* |       0 |     241 |       46 |      3 |   154 |    +0.8% |   -0.392 |       -1.3 |       -4.5 |     55 | digest\[254\]$_DFFE_PN0P_/D
    1210* |       0 |     248 |       46 |      3 |   156 |    +0.8% |   -0.392 |       -1.3 |       -4.4 |     55 | digest\[254\]$_DFFE_PN0P_/D
    1220* |       0 |     256 |       48 |      3 |   156 |    +0.9% |   -0.396 |       -1.3 |       -4.4 |     55 | digest\[254\]$_DFFE_PN0P_/D
    1230* |       0 |     261 |       52 |      3 |   157 |    +0.9% |   -0.396 |       -1.3 |       -4.8 |     55 | digest\[254\]$_DFFE_PN0P_/D
    1233* |       0 |     251 |       46 |      3 |   156 |    +0.8% |   -0.392 |       -1.3 |       -4.4 |     55 | digest\[254\]$_DFFE_PN0P_/D
    1240* |       0 |     255 |       48 |      3 |   156 |    +0.9% |   -0.404 |       -1.3 |       -4.6 |     55 | digest\[254\]$_DFFE_PN0P_/D
    1250* |       0 |     262 |       49 |      3 |   158 |    +0.9% |   -0.404 |       -1.3 |       -4.5 |     55 | digest\[254\]$_DFFE_PN0P_/D
    1252* |       0 |     253 |       46 |      3 |   156 |    +0.9% |   -0.392 |       -1.3 |       -4.4 |     55 | digest\[254\]$_DFFE_PN0P_/D
    1260* |       0 |     255 |       49 |      3 |   159 |    +0.9% |   -0.392 |       -1.3 |       -4.7 |     55 | digest\[254\]$_DFFE_PN0P_/D
    1267* |       0 |     258 |       49 |      3 |   160 |    +0.9% |   -0.392 |       -1.3 |       -4.7 |     55 | digest\[254\]$_DFFE_PN0P_/D
    1270* |       0 |     258 |       50 |      3 |   161 |    +0.9% |   -0.392 |       -1.3 |       -4.7 |     55 | digest\[254\]$_DFFE_PN0P_/D
    1280* |       0 |     265 |       53 |      3 |   162 |    +0.9% |   -0.396 |       -1.3 |       -4.7 |     55 | digest\[254\]$_DFFE_PN0P_/D
    1280* |       0 |     261 |       50 |      3 |   161 |    +0.9% |   -0.392 |       -1.3 |       -4.7 |     55 | digest\[254\]$_DFFE_PN0P_/D
    1290* |       0 |     267 |       52 |      3 |   162 |    +0.9% |   -0.396 |       -1.3 |       -4.7 |     55 | digest\[254\]$_DFFE_PN0P_/D
    1300* |       0 |     272 |       57 |      3 |   162 |    +0.9% |   -0.396 |       -1.3 |       -4.8 |     55 | digest\[254\]$_DFFE_PN0P_/D
    1309* |       0 |     262 |       50 |      3 |   161 |    +0.9% |   -0.392 |       -1.3 |       -4.7 |     55 | digest\[254\]$_DFFE_PN0P_/D
    1310* |       0 |     262 |       50 |      3 |   161 |    +0.9% |   -0.392 |       -1.3 |       -4.7 |     55 | digest\[254\]$_DFFE_PN0P_/D
    1320* |       0 |     269 |       50 |      3 |   164 |    +0.9% |   -0.404 |       -1.3 |       -4.8 |     55 | digest\[254\]$_DFFE_PN0P_/D
    1330* |       0 |     274 |       53 |      3 |   166 |    +0.9% |   -0.404 |       -1.3 |       -4.9 |     55 | digest\[254\]$_DFFE_PN0P_/D
    1334* |       0 |     266 |       50 |      3 |   163 |    +0.9% |   -0.392 |       -1.3 |       -4.7 |     55 | digest\[254\]$_DFFE_PN0P_/D
    1335* |       0 |     266 |       50 |      3 |   163 |    +0.9% |   -0.392 |       -1.3 |       -4.7 |     55 | digest\[254\]$_DFFE_PN0P_/D
    1340* |       0 |     268 |       51 |      3 |   164 |    +0.9% |   -0.392 |       -1.3 |       -4.7 |     55 | digest\[254\]$_DFFE_PN0P_/D
    1342* |       0 |     266 |       50 |      3 |   163 |    +0.9% |   -0.392 |       -1.3 |       -4.7 |     55 | digest\[254\]$_DFFE_PN0P_/D
    1343* |       0 |     266 |       50 |      3 |   163 |    +0.9% |   -0.392 |       -1.3 |       -4.7 |     55 | digest\[254\]$_DFFE_PN0P_/D
    1344* |       0 |     266 |       50 |      3 |   163 |    +0.9% |   -0.392 |       -1.3 |       -4.7 |     55 | digest\[254\]$_DFFE_PN0P_/D
    1345* |       0 |     266 |       50 |      3 |   163 |    +0.9% |   -0.392 |       -1.3 |       -4.7 |     55 | digest\[254\]$_DFFE_PN0P_/D
    1350* |       0 |     269 |       51 |      3 |   163 |    +0.9% |   -0.392 |       -1.3 |       -4.7 |     55 | digest\[254\]$_DFFE_PN0P_/D
    1353* |       0 |     269 |       55 |      3 |   164 |    +0.9% |   -0.392 |       -1.3 |       -4.7 |     55 | digest\[254\]$_DFFE_PN0P_/D
    1354* |       0 |     269 |       55 |      3 |   164 |    +0.9% |   -0.392 |       -1.3 |       -4.7 |     55 | digest\[254\]$_DFFE_PN0P_/D
    1356* |       0 |     270 |       55 |      3 |   164 |    +0.9% |   -0.392 |       -1.3 |       -4.7 |     55 | digest\[254\]$_DFFE_PN0P_/D
    1357* |       0 |     270 |       55 |      3 |   164 |    +0.9% |   -0.392 |       -1.3 |       -4.7 |     55 | digest\[254\]$_DFFE_PN0P_/D
    1358* |       0 |     270 |       55 |      3 |   164 |    +0.9% |   -0.392 |       -1.3 |       -4.7 |     55 | digest\[254\]$_DFFE_PN0P_/D
    1360* |       0 |     271 |       55 |      3 |   164 |    +0.9% |   -0.392 |       -1.3 |       -4.7 |     55 | digest\[254\]$_DFFE_PN0P_/D
    1362* |       0 |     273 |       55 |      3 |   164 |    +0.9% |   -0.392 |       -1.3 |       -4.7 |     55 | digest\[254\]$_DFFE_PN0P_/D
    1363* |       0 |     273 |       55 |      3 |   164 |    +0.9% |   -0.392 |       -1.3 |       -4.7 |     55 | digest\[254\]$_DFFE_PN0P_/D
    1364* |       0 |     273 |       55 |      3 |   164 |    +0.9% |   -0.392 |       -1.3 |       -4.7 |     55 | digest\[254\]$_DFFE_PN0P_/D
    1365* |       0 |     273 |       55 |      3 |   164 |    +0.9% |   -0.392 |       -1.3 |       -4.7 |     55 | digest\[254\]$_DFFE_PN0P_/D
    1366* |       0 |     273 |       55 |      3 |   164 |    +0.9% |   -0.392 |       -1.3 |       -4.7 |     55 | digest\[254\]$_DFFE_PN0P_/D
    1367* |       0 |     273 |       55 |      3 |   164 |    +0.9% |   -0.392 |       -1.3 |       -4.7 |     55 | digest\[254\]$_DFFE_PN0P_/D
    1368* |       0 |     273 |       55 |      3 |   164 |    +0.9% |   -0.392 |       -1.3 |       -4.7 |     55 | digest\[254\]$_DFFE_PN0P_/D
    1369* |       0 |     273 |       55 |      3 |   164 |    +0.9% |   -0.392 |       -1.3 |       -4.7 |     55 | digest\[254\]$_DFFE_PN0P_/D
    1369* |       0 |     273 |       55 |      3 |   164 |    +0.9% |   -0.392 |       -1.3 |       -4.7 |     55 | digest\[254\]$_DFFE_PN0P_/D
    1370+ |       0 |     273 |       55 |      3 |   164 |    +0.9% |   -0.392 |       -1.3 |       -4.7 |     38 | digest\[254\]$_DFFE_PN0P_/D
    1375+ |       0 |     278 |       55 |      3 |   164 |    +1.0% |   -0.363 |       -1.1 |       -4.3 |     38 | digest\[254\]$_DFFE_PN0P_/D
    1376+ |       0 |     278 |       55 |      3 |   164 |    +1.0% |   -0.363 |       -1.1 |       -4.3 |     38 | digest\[254\]$_DFFE_PN0P_/D
    1378+ |       0 |     279 |       55 |      3 |   164 |    +1.0% |   -0.363 |       -1.1 |       -4.3 |     38 | digest\[254\]$_DFFE_PN0P_/D
    1380+ |       0 |     279 |       55 |      3 |   165 |    +1.0% |   -0.363 |       -1.1 |       -4.3 |     38 | digest\[254\]$_DFFE_PN0P_/D
    1380+ |       0 |     279 |       55 |      3 |   165 |    +1.0% |   -0.363 |       -1.1 |       -4.3 |     38 | digest\[254\]$_DFFE_PN0P_/D
    1381+ |       0 |     279 |       55 |      3 |   165 |    +1.0% |   -0.363 |       -1.1 |       -4.3 |     38 | digest\[254\]$_DFFE_PN0P_/D
    1385+ |       0 |     282 |       55 |      3 |   165 |    +1.0% |   -0.363 |       -1.1 |       -4.2 |     38 | digest\[254\]$_DFFE_PN0P_/D
    1386+ |       0 |     282 |       55 |      3 |   165 |    +1.0% |   -0.363 |       -1.1 |       -4.2 |     38 | digest\[254\]$_DFFE_PN0P_/D
    1388+ |       0 |     283 |       55 |      3 |   165 |    +1.0% |   -0.363 |       -1.1 |       -4.2 |     38 | digest\[254\]$_DFFE_PN0P_/D
    1390+ |       0 |     284 |       55 |      3 |   165 |    +1.0% |   -0.363 |       -1.1 |       -4.2 |     38 | digest\[254\]$_DFFE_PN0P_/D
    1392+ |       0 |     286 |       55 |      3 |   165 |    +1.0% |   -0.363 |       -1.1 |       -4.2 |     38 | digest\[254\]$_DFFE_PN0P_/D
    1393+ |       0 |     286 |       55 |      3 |   165 |    +1.0% |   -0.363 |       -1.1 |       -4.2 |     38 | digest\[254\]$_DFFE_PN0P_/D
    1394+ |       0 |     286 |       55 |      3 |   165 |    +1.0% |   -0.363 |       -1.1 |       -4.2 |     38 | digest\[254\]$_DFFE_PN0P_/D
    1395+ |       0 |     286 |       55 |      3 |   165 |    +1.0% |   -0.363 |       -1.1 |       -4.2 |     38 | digest\[254\]$_DFFE_PN0P_/D
    1396+ |       0 |     286 |       55 |      3 |   165 |    +1.0% |   -0.363 |       -1.1 |       -4.2 |     38 | digest\[254\]$_DFFE_PN0P_/D
    1397+ |       0 |     286 |       55 |      3 |   165 |    +1.0% |   -0.363 |       -1.1 |       -4.2 |     38 | digest\[254\]$_DFFE_PN0P_/D
    1398+ |       0 |     286 |       55 |      3 |   165 |    +1.0% |   -0.363 |       -1.1 |       -4.2 |     38 | digest\[254\]$_DFFE_PN0P_/D
    1399+ |       0 |     286 |       55 |      3 |   165 |    +1.0% |   -0.363 |       -1.1 |       -4.2 |     38 | digest\[254\]$_DFFE_PN0P_/D
    1400+ |       0 |     286 |       55 |      3 |   165 |    +1.0% |   -0.363 |       -1.1 |       -4.2 |     38 | digest\[254\]$_DFFE_PN0P_/D
    1401+ |       0 |     286 |       55 |      3 |   165 |    +1.0% |   -0.363 |       -1.1 |       -4.2 |     38 | digest\[254\]$_DFFE_PN0P_/D
    1402+ |       0 |     286 |       55 |      3 |   165 |    +1.0% |   -0.363 |       -1.1 |       -4.2 |     38 | digest\[254\]$_DFFE_PN0P_/D
    1404+ |       0 |     287 |       55 |      3 |   165 |    +1.0% |   -0.363 |       -1.1 |       -4.2 |     38 | digest\[254\]$_DFFE_PN0P_/D
    1406+ |       0 |     288 |       55 |      3 |   165 |    +1.0% |   -0.363 |       -1.1 |       -4.2 |     38 | digest\[254\]$_DFFE_PN0P_/D
    1410+ |       0 |     291 |       55 |      3 |   165 |    +1.0% |   -0.363 |       -1.1 |       -4.1 |     38 | digest\[254\]$_DFFE_PN0P_/D
    1411+ |       0 |     292 |       55 |      3 |   165 |    +1.0% |   -0.363 |       -1.1 |       -4.1 |     38 | digest\[254\]$_DFFE_PN0P_/D
    1412+ |       0 |     292 |       55 |      3 |   165 |    +1.0% |   -0.363 |       -1.1 |       -4.1 |     38 | digest\[254\]$_DFFE_PN0P_/D
    1419+ |       0 |     298 |       55 |      3 |   165 |    +1.0% |   -0.363 |       -1.1 |       -4.1 |     38 | digest\[254\]$_DFFE_PN0P_/D
    1420+ |       0 |     298 |       55 |      3 |   165 |    +1.0% |   -0.363 |       -1.1 |       -4.1 |     38 | digest\[254\]$_DFFE_PN0P_/D
    1423+ |       0 |     301 |       55 |      3 |   165 |    +1.0% |   -0.363 |       -1.1 |       -4.1 |     38 | digest\[254\]$_DFFE_PN0P_/D
    1424+ |       0 |     301 |       55 |      3 |   165 |    +1.0% |   -0.363 |       -1.1 |       -4.1 |     38 | digest\[254\]$_DFFE_PN0P_/D
    1425+ |       0 |     301 |       55 |      3 |   165 |    +1.0% |   -0.363 |       -1.1 |       -4.1 |     38 | digest\[254\]$_DFFE_PN0P_/D
    1426+ |       0 |     301 |       55 |      3 |   165 |    +1.0% |   -0.363 |       -1.1 |       -4.1 |     38 | digest\[254\]$_DFFE_PN0P_/D
    1427+ |       0 |     301 |       55 |      3 |   165 |    +1.0% |   -0.363 |       -1.1 |       -4.1 |     38 | digest\[254\]$_DFFE_PN0P_/D
    1428+ |       0 |     301 |       55 |      3 |   165 |    +1.0% |   -0.363 |       -1.1 |       -4.1 |     38 | digest\[254\]$_DFFE_PN0P_/D
    1429+ |       0 |     301 |       55 |      3 |   165 |    +1.0% |   -0.363 |       -1.1 |       -4.1 |     38 | digest\[254\]$_DFFE_PN0P_/D
    1430+ |       0 |     301 |       55 |      3 |   165 |    +1.0% |   -0.363 |       -1.1 |       -4.1 |     38 | digest\[254\]$_DFFE_PN0P_/D
    1430+ |       0 |     301 |       55 |      3 |   165 |    +1.0% |   -0.363 |       -1.1 |       -4.1 |     38 | digest\[254\]$_DFFE_PN0P_/D
    1431+ |       0 |     301 |       55 |      3 |   165 |    +1.0% |   -0.363 |       -1.1 |       -4.1 |     38 | digest\[254\]$_DFFE_PN0P_/D
    1433+ |       0 |     302 |       55 |      3 |   165 |    +1.0% |   -0.363 |       -1.1 |       -4.1 |     38 | digest\[254\]$_DFFE_PN0P_/D
    1439+ |       0 |     306 |       55 |      3 |   166 |    +1.0% |   -0.363 |       -1.1 |       -4.1 |     38 | digest\[254\]$_DFFE_PN0P_/D
    1440+ |       0 |     306 |       55 |      3 |   166 |    +1.0% |   -0.363 |       -1.1 |       -4.1 |     38 | digest\[254\]$_DFFE_PN0P_/D
    1440+ |       0 |     306 |       55 |      3 |   166 |    +1.0% |   -0.363 |       -1.1 |       -4.1 |     38 | digest\[254\]$_DFFE_PN0P_/D
    1441+ |       0 |     306 |       55 |      3 |   166 |    +1.0% |   -0.363 |       -1.1 |       -4.1 |     38 | digest\[254\]$_DFFE_PN0P_/D
    1442+ |       0 |     306 |       55 |      3 |   166 |    +1.0% |   -0.363 |       -1.1 |       -4.1 |     38 | digest\[254\]$_DFFE_PN0P_/D
    final |       0 |     306 |       55 |      3 |   166 |    +1.0% |   -0.363 |       -1.1 |       -4.1 |     36 | digest\[254\]$_DFFE_PN0P_/D
------------------------------------------------------------------------------------------------------------------------------
[INFO RSZ-0040] Inserted 55 buffers.
[INFO RSZ-0051] Resized 306 instances: 305 up, 1 up match, 0 down, 0 VT
[INFO RSZ-0043] Swapped pins on 166 instances.
[INFO RSZ-0049] Cloned 3 instances.
[WARNING RSZ-0062] Unable to repair all setup violations.
[INFO RSZ-0505] Runtime: 44.75s
[INFO RSZ-0033] No hold violations found.
[INFO RSZ-0506] Runtime: 0.07s
Took 45 seconds: repair_timing -setup_margin 0.25 -hold_margin 0 -repair_tns 100 -verbose
global_route -start_incremental
detailed_placement
[INFO DPL-0006] Core area: 330268.00 um^2
[INFO DPL-0007] Movable instances area: 197958.61 um^2
[INFO DPL-0008] Fixed instances area within core: 5462.74 um^2
[INFO DPL-0009] Utilization: 61.6%
[INFO DPL-0005] Diamond search max displacement: +/- 500 sites horizontally, +/- 100 rows vertically.
[INFO DPL-1102] Legalizing using negotiation legalizer.
[INFO DPL-1103] Negotiation base search window: +/-20 sites horizontally, +/-5 rows vertically 
	Automatic search window extension enabled.
	Search window extendable up to the max displacement cap of +/-500 sites, +/-100 rows near walls.
[INFO DPL-1104] NegotiationLegalizer DRC penalty: 5.
[INFO DPL-0392] Negotiation cell height distribution (1 unique row-count(s)):
[INFO DPL-0393]   height 1 row(s): 20977 cells
          |      Total |  Illegal |  Illegal
Iteration | Violations |    Cells |    Sites
---------------------------------------------
        0 |        147 |        33 |       114
        1 |         24 |         2 |        22
        2 |          0 |         0 |         0
Negotiation phase 1 converged at iteration 2.
[INFO DPL-0500] Runtime: 0.14s
Placement Analysis
---------------------------------
total displacement       1549.4 u
average displacement        0.1 u
max displacement           22.8 u
original HPWL          606024.8 u
legalized HPWL         608000.3 u
delta HPWL                    0 %

check_placement -verbose
global_route -end_incremental -congestion_report_file ./reports/sky130hd/chia_sha256_benchmark_corrupted/slot1/congestion_post_repair_timing.rpt
estimate_parasitics -global_routing
repair_timing -setup -sequence "vt_swap reroute" -skip_last_gasp -repair_tns 0 -verbose -setup_margin 0.25
[INFO RSZ-0100] Repair move sequence: RerouteMove 
[INFO RSZ-0094] Found 46 endpoints with setup violations.
[INFO RSZ-0099] Repairing 1 out of 46 (0.00%) violating endpoints...
   Iter   | Removed | Resized | Inserted | Cloned |  Pin  |   Area   |    WNS   |   StTNS    |   EnTNS    |  Viol  |  Worst  
          | Buffers |  Gates  | Buffers  |  Gates | Swaps |          |          |            |            | Endpts | St/EnPt 
------------------------------------------------------------------------------------------------------------------------------
       0* |       0 |       1 |        0 |      0 |     0 |    +0.0% |   -0.476 |       -1.6 |       -6.2 |     46 | digest\[255\]$_DFFE_PN0P_/D
      10* |       0 |       1 |        0 |      0 |     0 |    +0.0% |   -0.475 |       -1.6 |       -6.2 |     46 | digest\[255\]$_DFFE_PN0P_/D
      10* |       0 |       1 |        0 |      0 |     0 |    +0.0% |   -0.475 |       -1.6 |       -6.2 |     46 | digest\[255\]$_DFFE_PN0P_/D
      10* |       0 |       1 |        0 |      0 |     0 |    +0.0% |   -0.475 |       -1.6 |       -6.2 |     46 | digest\[255\]$_DFFE_PN0P_/D
    final |       0 |       1 |        0 |      0 |     0 |    +0.0% |   -0.475 |       -1.6 |       -6.2 |     45 | digest\[255\]$_DFFE_PN0P_/D
------------------------------------------------------------------------------------------------------------------------------
[INFO RSZ-0051] Resized 1 instances: 0 up, 1 up match, 0 down, 0 VT
[INFO RSZ-0053] Rerouted 1 nets resistance-aware.
[WARNING RSZ-0062] Unable to repair all setup violations.
[INFO RSZ-0505] Runtime: 0.79s
Repair antennas...
[INFO GRT-0012] Found 62 antenna violations.
[INFO GRT-0302] Inserted 50 jumpers for 46 nets.
[INFO GRT-0012] Found 16 antenna violations.
[INFO DPL-0006] Core area: 330268.00 um^2
[INFO DPL-0007] Movable instances area: 197783.44 um^2
[INFO DPL-0008] Fixed instances area within core: 5677.95 um^2
[INFO DPL-0009] Utilization: 61.6%
[INFO DPL-0005] Diamond search max displacement: +/- 500 sites horizontally, +/- 100 rows vertically.
[INFO DPL-1102] Legalizing using negotiation legalizer.
[INFO DPL-1103] Negotiation base search window: +/-20 sites horizontally, +/-5 rows vertically 
	Automatic search window extension enabled.
	Search window extendable up to the max displacement cap of +/-500 sites, +/-100 rows near walls.
[INFO DPL-1104] NegotiationLegalizer DRC penalty: 5.
[INFO DPL-0392] Negotiation cell height distribution (1 unique row-count(s)):
[INFO DPL-0393]   height 1 row(s): 20993 cells
          |      Total |  Illegal |  Illegal
Iteration | Violations |    Cells |    Sites
---------------------------------------------
        0 |          0 |         0 |         0
Negotiation phase 1 converged at iteration 0.
[INFO DPL-0500] Runtime: 0.08s
[INFO GRT-0015] Inserted 16 diodes.
[INFO GRT-0012] Found 1 antenna violations.
[INFO GRT-0302] Inserted 0 jumpers for 0 nets.
[INFO GRT-0012] Found 1 antenna violations.
[INFO DPL-0006] Core area: 330268.00 um^2
[INFO DPL-0007] Movable instances area: 197988.64 um^2
[INFO DPL-0008] Fixed instances area within core: 5475.25 um^2
[INFO DPL-0009] Utilization: 61.6%
[INFO DPL-0005] Diamond search max displacement: +/- 500 sites horizontally, +/- 100 rows vertically.
[INFO DPL-1102] Legalizing using negotiation legalizer.
[INFO DPL-1103] Negotiation base search window: +/-20 sites horizontally, +/-5 rows vertically 
	Automatic search window extension enabled.
	Search window extendable up to the max displacement cap of +/-500 sites, +/-100 rows near walls.
[INFO DPL-1104] NegotiationLegalizer DRC penalty: 5.
[INFO DPL-0392] Negotiation cell height distribution (1 unique row-count(s)):
[INFO DPL-0393]   height 1 row(s): 20994 cells
          |      Total |  Illegal |  Illegal
Iteration | Violations |    Cells |    Sites
---------------------------------------------
        0 |          0 |         0 |         0
Negotiation phase 1 converged at iteration 0.
[INFO DPL-0500] Runtime: 0.08s
[INFO GRT-0015] Inserted 1 diodes.
[INFO GRT-0012] Found 0 antenna violations.
[INFO ANT-0002] Found 0 net violations.
[INFO ANT-0001] Found 0 pin violations.
Estimate parasitics...
estimate_parasitics -global_routing
Report metrics stage 5, global route...

==========================================================================
global route report_design_area
--------------------------------------------------------------------------
Design area 203464 um^2 62% utilization.
[INFO FLW-0007] clock core_clock period 12.500000
[WARNING FLW-0010] more than one clock found. Skipping sdc update.
[INFO FLW-0011] Path endpoint path count 5662
write_db ./results/sky130hd/chia_sha256_benchmark_corrupted/slot1/5_1_grt.odb
write_sdc -no_timestamp ./results/sky130hd/chia_sha256_benchmark_corrupted/slot1/5_1_grt.sdc
Log                       Ext     Elapsed/s Peak Memory/MB sha1sum result [0:20)
5_1_grt                   .odb          294            595 e2cce48d8f3ad03a493e
5_1_grt                   .sdc                             fbd418ede1419026c9bf
/root/OpenROAD-flow-scripts/flow/scripts/flow.sh 5_2_route detail_route
Running detail_route.tcl, stage 5_2_route
read_liberty /root/OpenROAD-flow-scripts/flow/platforms/sky130hd/lib/sky130_fd_sc_hd__tt_025C_1v80.lib
read_db ./results/sky130hd/chia_sha256_benchmark_corrupted/slot1/5_1_grt.odb
read_sdc ./results/sky130hd/chia_sha256_benchmark_corrupted/slot1/5_1_grt.sdc
source /root/OpenROAD-flow-scripts/flow/platforms/sky130hd/setRC.tcl
[WARNING STA-0450] virtual clock vclk can not be propagated.
detailed_route -output_drc ./reports/sky130hd/chia_sha256_benchmark_corrupted/slot1/5_route_drc.rpt -output_maze ./results/sky130hd/chia_sha256_benchmark_corrupted/slot1/maze.log -droute_end_iter 64 -verbose 1 -drc_report_iter_step 5
[INFO DRT-0149] Reading tech and libs.
[WARNING DRT-0349] LEF58_ENCLOSURE with no CUTCLASS is not supported. Skipping for layer mcon
[WARNING DRT-0349] LEF58_ENCLOSURE with no CUTCLASS is not supported. Skipping for layer mcon
[WARNING DRT-0349] LEF58_ENCLOSURE with no CUTCLASS is not supported. Skipping for layer via
[WARNING DRT-0349] LEF58_ENCLOSURE with no CUTCLASS is not supported. Skipping for layer via
[WARNING DRT-0349] LEF58_ENCLOSURE with no CUTCLASS is not supported. Skipping for layer via2
[WARNING DRT-0349] LEF58_ENCLOSURE with no CUTCLASS is not supported. Skipping for layer via2
[WARNING DRT-0349] LEF58_ENCLOSURE with no CUTCLASS is not supported. Skipping for layer via3
[WARNING DRT-0349] LEF58_ENCLOSURE with no CUTCLASS is not supported. Skipping for layer via3
[WARNING DRT-0349] LEF58_ENCLOSURE with no CUTCLASS is not supported. Skipping for layer via4
[WARNING DRT-0349] LEF58_ENCLOSURE with no CUTCLASS is not supported. Skipping for layer via4

Units:                1000
Number of layers:     13
Number of macros:     441
Number of vias:       29
Number of viarulegen: 25

[INFO DRT-0150] Reading design.
[WARNING DRT-0120] Large net net513 has 116 pins which may impact routing performance. Consider optimization.
[WARNING DRT-0120] Large net net3221 has 220 pins which may impact routing performance. Consider optimization.
[WARNING DRT-0120] Large net net3220 has 114 pins which may impact routing performance. Consider optimization.
[WARNING DRT-0120] Large net net3219 has 106 pins which may impact routing performance. Consider optimization.
[WARNING DRT-0120] Large net net3599 has 145 pins which may impact routing performance. Consider optimization.
[WARNING DRT-0120] Large net net3868 has 132 pins which may impact routing performance. Consider optimization.
[WARNING DRT-0120] Large net net3866 has 272 pins which may impact routing performance. Consider optimization.
[WARNING DRT-0120] Large net net3914 has 136 pins which may impact routing performance. Consider optimization.
[WARNING DRT-0120] Large net net3913 has 143 pins which may impact routing performance. Consider optimization.
[WARNING DRT-0120] Large net net3909 has 163 pins which may impact routing performance. Consider optimization.
[WARNING DRT-0120] Large net net3907 has 114 pins which may impact routing performance. Consider optimization.
[WARNING DRT-0120] Large net net3906 has 136 pins which may impact routing performance. Consider optimization.
[WARNING DRT-0120] Large net net3902 has 116 pins which may impact routing performance. Consider optimization.
[WARNING DRT-0120] Large net net3901 has 145 pins which may impact routing performance. Consider optimization.
[WARNING DRT-0120] Large net net3900 has 174 pins which may impact routing performance. Consider optimization.
[WARNING DRT-0120] Large net net3899 has 157 pins which may impact routing performance. Consider optimization.
[WARNING DRT-0120] Large net net3898 has 166 pins which may impact routing performance. Consider optimization.
[WARNING DRT-0120] Large net net3896 has 111 pins which may impact routing performance. Consider optimization.
[WARNING DRT-0120] Large net net3892 has 153 pins which may impact routing performance. Consider optimization.

Design:                   sha256
Die area:                 ( 0 0 ) ( 578080 578080 )
Number of track patterns: 12
Number of DEF vias:       0
Number of components:     20994
Number of terminals:      774
Number of snets:          2
Number of nets:           17215

[INFO DRT-0167] List of default vias:
  Layer via
    default via: M1M2_PR
  Layer via2
    default via: M2M3_PR
  Layer via3
    default via: M3M4_PR
  Layer via4
    default via: M4M5_PR
[INFO DRT-0162] Library cell analysis.
[INFO DRT-0163] Instance analysis.
[INFO DRT-0164] Number of unique instances = 262.
[INFO DRT-0168] Init region query.
[INFO DRT-0024]   Complete FR_MASTERSLICE.
[INFO DRT-0024]   Complete Fr_VIA.
[INFO DRT-0024]   Complete li1.
[INFO DRT-0024]   Complete mcon.
[INFO DRT-0024]   Complete met1.
[INFO DRT-0024]   Complete via.
[INFO DRT-0024]   Complete met2.
[INFO DRT-0024]   Complete via2.
[INFO DRT-0024]   Complete met3.
[INFO DRT-0024]   Complete via3.
[INFO DRT-0024]   Complete met4.
[INFO DRT-0024]   Complete via4.
[INFO DRT-0024]   Complete met5.
[INFO DRT-0033] FR_MASTERSLICE shape region query size = 0.
[INFO DRT-0033] FR_VIA shape region query size = 0.
[INFO DRT-0033] li1 shape region query size = 614795.
[INFO DRT-0033] mcon shape region query size = 365616.
[INFO DRT-0033] met1 shape region query size = 113852.
[INFO DRT-0033] via shape region query size = 22260.
[INFO DRT-0033] met2 shape region query size = 13733.
[INFO DRT-0033] via2 shape region query size = 17808.
[INFO DRT-0033] met3 shape region query size = 13751.
[INFO DRT-0033] via3 shape region query size = 17808.
[INFO DRT-0033] met4 shape region query size = 5376.
[INFO DRT-0033] via4 shape region query size = 882.
[INFO DRT-0033] met5 shape region query size = 966.
[INFO DRT-0165] Start pin access.
[INFO DRT-0076]   Complete 1000 pins.
[INFO DRT-0076]   Complete 2000 pins.
[INFO DRT-0078]   Complete 2095 pins.
[INFO DRT-0079]   Complete 100 unique inst patterns.
[INFO DRT-0079]   Complete 200 unique inst patterns.
[INFO DRT-0081]   Complete 262 unique inst patterns.
[INFO DRT-0082]   Complete 10000 groups.
[INFO DRT-0084]   Complete 11308 groups.
#scanned instances     = 20994
#unique  instances     = 262
#stdCellGenAp          = 9741
#stdCellValidPlanarAp  = 164
#stdCellValidViaAp     = 6248
#stdCellPinNoAp        = 10
#stdCellPinCnt         = 63092
#instTermValidViaApCnt = 0
#macroGenAp            = 0
#macroValidPlanarAp    = 0
#macroValidViaAp       = 0
#macroNoAp             = 0
[INFO DRT-0166] Complete pin access.
[INFO DRT-0267] cpu time = 00:03:03, elapsed time = 00:03:03, memory = 411.30 (MB), peak = 426.21 (MB)
[INFO DRT-0156] guideIn read 100000 guides.

[INFO DRT-0157] Number of guides:     158951

[INFO DRT-0169] Post process guides.
[INFO DRT-0176] GCELLGRID X 0 DO 83 STEP 6900 ;
[INFO DRT-0177] GCELLGRID Y 0 DO 83 STEP 6900 ;
[INFO DRT-0026]   Complete 100000 origin guides.
[INFO DRT-0028]   Complete FR_MASTERSLICE.
[INFO DRT-0028]   Complete Fr_VIA.
[INFO DRT-0028]   Complete li1.
[INFO DRT-0028]   Complete mcon.
[INFO DRT-0028]   Complete met1.
[INFO DRT-0028]   Complete via.
[INFO DRT-0028]   Complete met2.
[INFO DRT-0028]   Complete via2.
[INFO DRT-0028]   Complete met3.
[INFO DRT-0028]   Complete via3.
[INFO DRT-0028]   Complete met4.
[INFO DRT-0028]   Complete via4.
[INFO DRT-0028]   Complete met5.
[INFO DRT-0178] Init guide query.
[INFO DRT-0035]   Complete FR_MASTERSLICE (guide).
[INFO DRT-0035]   Complete Fr_VIA (guide).
[INFO DRT-0035]   Complete li1 (guide).
[INFO DRT-0035]   Complete mcon (guide).
[INFO DRT-0035]   Complete met1 (guide).
[INFO DRT-0035]   Complete via (guide).
[INFO DRT-0035]   Complete met2 (guide).
[INFO DRT-0035]   Complete via2 (guide).
[INFO DRT-0035]   Complete met3 (guide).
[INFO DRT-0035]   Complete via3 (guide).
[INFO DRT-0035]   Complete met4 (guide).
[INFO DRT-0035]   Complete via4 (guide).
[INFO DRT-0035]   Complete met5 (guide).
[INFO DRT-0036] FR_MASTERSLICE guide region query size = 0.
[INFO DRT-0036] FR_VIA guide region query size = 0.
[INFO DRT-0036] li1 guide region query size = 48701.
[INFO DRT-0036] mcon guide region query size = 0.
[INFO DRT-0036] met1 guide region query size = 47326.
[INFO DRT-0036] via guide region query size = 0.
[INFO DRT-0036] met2 guide region query size = 25550.
[INFO DRT-0036] via2 guide region query size = 0.
[INFO DRT-0036] met3 guide region query size = 3230.
[INFO DRT-0036] via3 guide region query size = 0.
[INFO DRT-0036] met4 guide region query size = 1363.
[INFO DRT-0036] via4 guide region query size = 0.
[INFO DRT-0036] met5 guide region query size = 24.
[INFO DRT-0179] Init gr pin query.
[INFO DRT-0267] cpu time = 00:00:00, elapsed time = 00:00:00, memory = 466.62 (MB), peak = 466.62 (MB)
[INFO DRT-0245] skipped writing guide updates to database.
[INFO DRT-0181] Start track assignment.
[INFO DRT-0184] Done with 75614 vertical wires in 2 frboxes and 50580 horizontal wires in 2 frboxes.
[INFO DRT-0186] Done with 11361 vertical wires in 2 frboxes and 18702 horizontal wires in 2 frboxes.
[INFO DRT-0182] Complete track assignment.
[INFO DRT-0267] cpu time = 00:00:05, elapsed time = 00:00:05, memory = 641.37 (MB), peak = 641.37 (MB)
[INFO DRT-0187] Start routing data preparation.
[INFO DRT-0267] cpu time = 00:00:00, elapsed time = 00:00:00, memory = 641.55 (MB), peak = 641.55 (MB)
[INFO DRT-0194] Start detail routing.
[INFO DRT-0195] Start 0th optimization iteration.
    Completing 10% with 0 violations.
    elapsed time = 00:00:40, memory = 793.90 (MB).
    Completing 20% with 0 violations.
    elapsed time = 00:01:24, memory = 1065.21 (MB).
    Completing 30% with 4589 violations.
    elapsed time = 00:02:03, memory = 1208.47 (MB).
    Completing 40% with 4589 violations.
    elapsed time = 00:02:43, memory = 1216.13 (MB).
    Completing 50% with 4589 violations.
    elapsed time = 00:03:29, memory = 1246.70 (MB).
    Completing 60% with 8652 violations.
    elapsed time = 00:04:18, memory = 1277.19 (MB).
    Completing 70% with 8652 violations.
    elapsed time = 00:05:21, memory = 1280.57 (MB).
    Completing 80% with 13301 violations.
    elapsed time = 00:06:11, memory = 1287.76 (MB).
    Completing 90% with 13301 violations.
    elapsed time = 00:07:00, memory = 1290.75 (MB).
    Completing 100% with 17909 violations.
    elapsed time = 00:07:48, memory = 1294.36 (MB).
[INFO DRT-0199]   Number of violations = 20200.
Viol/Layer         li1   mcon   met1    via   met2   met3   via3   met4   via4   met5
Cut Spacing          0     31      0      2      0      0      0      0      1      0
Metal Spacing        0      0   2323      0    975     32      0      5      0      1
Min Hole             0      0     39      0      0      0      0      0      0      0
Recheck             11      0   1479      0    709     43      0     47      0      2
Short                0      3  12432     29   1985     24      1     22      1      3
[INFO DRT-0267] cpu time = 00:07:49, elapsed time = 00:07:49, memory = 1326.24 (MB), peak = 1326.24 (MB)
Total wire length = 812891 um.
Total wire length on LAYER li1 = 0 um.
Total wire length on LAYER met1 = 328532 um.
Total wire length on LAYER met2 = 338725 um.
Total wire length on LAYER met3 = 68590 um.
Total wire length on LAYER met4 = 76665 um.
Total wire length on LAYER met5 = 377 um.
Total number of vias = 145526.
Up-via summary (total 145526):

-------------------------
 FR_MASTERSLICE         0
            li1     59000
           met1     77469
           met2      6608
           met3      2419
           met4        30
-------------------------
               145526


[INFO DRT-0195] Start 1st optimization iteration.
    Completing 10% with 20200 violations.
    elapsed time = 00:00:29, memory = 1333.99 (MB).
    Completing 20% with 20200 violations.
    elapsed time = 00:01:04, memory = 1336.80 (MB).
    Completing 30% with 18451 violations.
    elapsed time = 00:01:23, memory = 1346.18 (MB).
    Completing 40% with 18451 violations.
    elapsed time = 00:02:07, memory = 1298.34 (MB).
    Completing 50% with 18451 violations.
    elapsed time = 00:03:07, memory = 1298.14 (MB).
    Completing 60% with 16908 violations.
    elapsed time = 00:03:40, memory = 1311.80 (MB).
    Completing 70% with 16908 violations.
    elapsed time = 00:04:19, memory = 1329.40 (MB).
    Completing 80% with 14398 violations.
    elapsed time = 00:05:11, memory = 1322.46 (MB).
    Completing 90% with 14398 violations.
    elapsed time = 00:06:04, memory = 1323.43 (MB).
    Completing 100% with 12306 violations.
    elapsed time = 00:06:59, memory = 1334.23 (MB).
[INFO DRT-0199]   Number of violations = 12306.
Viol/Layer        mcon   met1    via   met2   met3   met4
Cut Spacing         31      0      1      0      0      0
Metal Spacing        0   1562      0    519     14      3
Min Hole             0      1      0      0      0      0
Short                0   9101      3   1057     10      4
[INFO DRT-0267] cpu time = 00:06:59, elapsed time = 00:06:59, memory = 1334.23 (MB), peak = 1367.74 (MB)
Total wire length = 805766 um.
Total wire length on LAYER li1 = 0 um.
Total wire length on LAYER met1 = 322764 um.
Total wire length on LAYER met2 = 335812 um.
Total wire length on LAYER met3 = 70517 um.
Total wire length on LAYER met4 = 76330 um.
Total wire length on LAYER met5 = 340 um.
Total number of vias = 143917.
Up-via summary (total 143917):

-------------------------
 FR_MASTERSLICE         0
            li1     59015
           met1     75852
           met2      6676
           met3      2350
           met4        24
-------------------------
               143917


[INFO DRT-0195] Start 2nd optimization iteration.
    Completing 10% with 12306 violations.
    elapsed time = 00:00:24, memory = 1318.28 (MB).
    Completing 20% with 12306 violations.
    elapsed time = 00:01:03, memory = 1345.51 (MB).
    Completing 30% with 12192 violations.
    elapsed time = 00:01:31, memory = 1317.64 (MB).
    Completing 40% with 12192 violations.
    elapsed time = 00:02:09, memory = 1292.43 (MB).
    Completing 50% with 12192 violations.
    elapsed time = 00:03:11, memory = 1314.95 (MB).
    Completing 60% with 11867 violations.
    elapsed time = 00:03:47, memory = 1322.99 (MB).
    Completing 70% with 11867 violations.
    elapsed time = 00:04:26, memory = 1305.25 (MB).
    Completing 80% with 11603 violations.
    elapsed time = 00:05:11, memory = 1319.14 (MB).
    Completing 90% with 11603 violations.
    elapsed time = 00:06:05, memory = 1334.41 (MB).
    Completing 100% with 11446 violations.
    elapsed time = 00:06:56, memory = 1323.82 (MB).
[INFO DRT-0199]   Number of violations = 11450.
Viol/Layer        mcon   met1    via   met2   met3   met4
Cut Spacing         24      0      2      0      0      0
Metal Spacing        0   1523      0    438     16      0
Min Hole             0      1      0      0      0      0
Recheck              0      0      0      3      1      0
Short                0   8578      1    847     10      6
[INFO DRT-0267] cpu time = 00:06:57, elapsed time = 00:06:57, memory = 1332.07 (MB), peak = 1367.74 (MB)
Total wire length = 803874 um.
Total wire length on LAYER li1 = 0 um.
Total wire length on LAYER met1 = 321552 um.
Total wire length on LAYER met2 = 335136 um.
Total wire length on LAYER met3 = 70327 um.
Total wire length on LAYER met4 = 76505 um.
Total wire length on LAYER met5 = 353 um.
Total number of vias = 143265.
Up-via summary (total 143265):

-------------------------
 FR_MASTERSLICE         0
            li1     58975
           met1     75280
           met2      6628
           met3      2358
           met4        24
-------------------------
               143265


[INFO DRT-0195] Start 3rd optimization iteration.
    Completing 10% with 11450 violations.
    elapsed time = 00:00:35, memory = 1341.13 (MB).
    Completing 20% with 11450 violations.
    elapsed time = 00:01:09, memory = 1312.59 (MB).
    Completing 30% with 8983 violations.
    elapsed time = 00:01:39, memory = 1349.69 (MB).
    Completing 40% with 8983 violations.
    elapsed time = 00:02:09, memory = 1346.95 (MB).
    Completing 50% with 8983 violations.
    elapsed time = 00:02:42, memory = 1348.00 (MB).
    Completing 60% with 6756 violations.
    elapsed time = 00:03:26, memory = 1344.52 (MB).
    Completing 70% with 6756 violations.
    elapsed time = 00:04:11, memory = 1319.59 (MB).
    Completing 80% with 3916 violations.
    elapsed time = 00:04:56, memory = 1323.22 (MB).
    Completing 90% with 3916 violations.
    elapsed time = 00:05:23, memory = 1323.22 (MB).
    Completing 100% with 1520 violations.
    elapsed time = 00:05:51, memory = 1344.04 (MB).
[INFO DRT-0199]   Number of violations = 1520.
Viol/Layer        mcon   met1    via   met2   met3
Cut Spacing          1      0      5      0      0
Metal Spacing        0    463      0    125      3
Short                0    763      0    158      2
[INFO DRT-0267] cpu time = 00:05:52, elapsed time = 00:05:52, memory = 1344.04 (MB), peak = 1382.38 (MB)
Total wire length = 801670 um.
Total wire length on LAYER li1 = 0 um.
Total wire length on LAYER met1 = 285859 um.
Total wire length on LAYER met2 = 332800 um.
Total wire length on LAYER met3 = 103751 um.
Total wire length on LAYER met4 = 78905 um.
Total wire length on LAYER met5 = 354 um.
Total number of vias = 147534.
Up-via summary (total 147534):

-------------------------
 FR_MASTERSLICE         0
            li1     58991
           met1     74918
           met2     10979
           met3      2622
           met4        24
-------------------------
               147534


[INFO DRT-0195] Start 4th optimization iteration.
    Completing 10% with 1520 violations.
    elapsed time = 00:00:08, memory = 1322.35 (MB).
    Completing 20% with 1520 violations.
    elapsed time = 00:00:14, memory = 1326.89 (MB).
    Completing 30% with 1193 violations.
    elapsed time = 00:00:19, memory = 1340.72 (MB).
    Completing 40% with 1193 violations.
    elapsed time = 00:00:24, memory = 1340.72 (MB).
    Completing 50% with 1193 violations.
    elapsed time = 00:00:31, memory = 1292.25 (MB).
    Completing 60% with 863 violations.
    elapsed time = 00:00:46, memory = 1321.06 (MB).
    Completing 70% with 863 violations.
    elapsed time = 00:00:58, memory = 1338.90 (MB).
    Completing 80% with 396 violations.
    elapsed time = 00:01:05, memory = 1342.27 (MB).
    Completing 90% with 396 violations.
    elapsed time = 00:01:12, memory = 1322.85 (MB).
    Completing 100% with 120 violations.
    elapsed time = 00:01:21, memory = 1339.98 (MB).
[INFO DRT-0199]   Number of violations = 120.
Viol/Layer        met1   met2
Metal Spacing       63      2
Min Hole             1      0
NS Metal             1      0
Short               50      3
[INFO DRT-0267] cpu time = 00:01:22, elapsed time = 00:01:22, memory = 1339.98 (MB), peak = 1382.38 (MB)
Total wire length = 801498 um.
Total wire length on LAYER li1 = 0 um.
Total wire length on LAYER met1 = 284557 um.
Total wire length on LAYER met2 = 332514 um.
Total wire length on LAYER met3 = 104954 um.
Total wire length on LAYER met4 = 79117 um.
Total wire length on LAYER met5 = 354 um.
Total number of vias = 147568.
Up-via summary (total 147568):

-------------------------
 FR_MASTERSLICE         0
            li1     58985
           met1     74816
           met2     11101
           met3      2642
           met4        24
-------------------------
               147568


[INFO DRT-0195] Start 5th optimization iteration.
    Completing 10% with 120 violations.
    elapsed time = 00:00:01, memory = 1339.98 (MB).
    Completing 20% with 120 violations.
    elapsed time = 00:00:02, memory = 1345.80 (MB).
    Completing 30% with 105 violations.
    elapsed time = 00:00:04, memory = 1345.80 (MB).
    Completing 40% with 105 violations.
    elapsed time = 00:00:05, memory = 1345.80 (MB).
    Completing 50% with 105 violations.
    elapsed time = 00:00:06, memory = 1345.80 (MB).
    Completing 60% with 61 violations.
    elapsed time = 00:00:07, memory = 1345.80 (MB).
    Completing 70% with 61 violations.
    elapsed time = 00:00:08, memory = 1345.80 (MB).
    Completing 80% with 45 violations.
    elapsed time = 00:00:10, memory = 1345.80 (MB).
    Completing 90% with 45 violations.
    elapsed time = 00:00:12, memory = 1323.66 (MB).
    Completing 100% with 11 violations.
    elapsed time = 00:00:14, memory = 1323.77 (MB).
[INFO DRT-0199]   Number of violations = 11.
Viol/Layer        met1
Metal Spacing        8
Short                3
[INFO DRT-0267] cpu time = 00:00:15, elapsed time = 00:00:15, memory = 1331.27 (MB), peak = 1382.38 (MB)
Total wire length = 801411 um.
Total wire length on LAYER li1 = 0 um.
Total wire length on LAYER met1 = 284510 um.
Total wire length on LAYER met2 = 332465 um.
Total wire length on LAYER met3 = 104922 um.
Total wire length on LAYER met4 = 79158 um.
Total wire length on LAYER met5 = 354 um.
Total number of vias = 147531.
Up-via summary (total 147531):

-------------------------
 FR_MASTERSLICE         0
            li1     58984
           met1     74790
           met2     11088
           met3      2645
           met4        24
-------------------------
               147531


[INFO DRT-0195] Start 6th guides tiles iteration.
    Completing 30% with 11 violations.
    elapsed time = 00:00:00, memory = 1331.27 (MB).
    Completing 60% with 11 violations.
    elapsed time = 00:00:00, memory = 1331.27 (MB).
    Completing 100% with 1 violations.
    elapsed time = 00:00:00, memory = 1331.27 (MB).
[INFO DRT-0199]   Number of violations = 1.
Viol/Layer        met1
Short                1
[INFO DRT-0267] cpu time = 00:00:00, elapsed time = 00:00:00, memory = 1331.27 (MB), peak = 1382.38 (MB)
Total wire length = 801414 um.
Total wire length on LAYER li1 = 0 um.
Total wire length on LAYER met1 = 284485 um.
Total wire length on LAYER met2 = 332462 um.
Total wire length on LAYER met3 = 104950 um.
Total wire length on LAYER met4 = 79161 um.
Total wire length on LAYER met5 = 354 um.
Total number of vias = 147535.
Up-via summary (total 147535):

-------------------------
 FR_MASTERSLICE         0
            li1     58984
           met1     74790
           met2     11090
           met3      2647
           met4        24
-------------------------
               147535


[INFO DRT-0195] Start 7th guides tiles iteration.
    Completing 100% with 0 violations.
    elapsed time = 00:00:00, memory = 1331.27 (MB).
[INFO DRT-0199]   Number of violations = 0.
[INFO DRT-0267] cpu time = 00:00:00, elapsed time = 00:00:00, memory = 1331.27 (MB), peak = 1382.38 (MB)
Total wire length = 801408 um.
Total wire length on LAYER li1 = 0 um.
Total wire length on LAYER met1 = 284492 um.
Total wire length on LAYER met2 = 332461 um.
Total wire length on LAYER met3 = 104941 um.
Total wire length on LAYER met4 = 79158 um.
Total wire length on LAYER met5 = 354 um.
Total number of vias = 147531.
Up-via summary (total 147531):

-------------------------
 FR_MASTERSLICE         0
            li1     58984
           met1     74790
           met2     11088
           met3      2645
           met4        24
-------------------------
               147531


[INFO DRT-0198] Complete detail routing.
Total wire length = 801408 um.
Total wire length on LAYER li1 = 0 um.
Total wire length on LAYER met1 = 284492 um.
Total wire length on LAYER met2 = 332461 um.
Total wire length on LAYER met3 = 104941 um.
Total wire length on LAYER met4 = 79158 um.
Total wire length on LAYER met5 = 354 um.
Total number of vias = 147531.
Up-via summary (total 147531):

-------------------------
 FR_MASTERSLICE         0
            li1     58984
           met1     74790
           met2     11088
           met3      2645
           met4        24
-------------------------
               147531


[INFO DRT-0267] cpu time = 00:29:17, elapsed time = 00:29:17, memory = 1331.27 (MB), peak = 1382.38 (MB)

[INFO DRT-0180] Post processing.
[INFO DRT-0501] Runtime: 1948.06s
Took 1948 seconds: detailed_route -output_drc ./reports/sky130hd/chia_sha256_benchmark_corrupted/slot1/5_route_drc.rpt -output_maze ./results/sky130hd/chia_sha256_benchmark_corrupted/slot1/maze.log -droute_end_iter 64 -verbose 1 -drc_report_iter_step 5
[INFO GRT-0012] Found 17 antenna violations.
[INFO DPL-0006] Core area: 330268.00 um^2
[INFO DPL-0007] Movable instances area: 0.00 um^2
[INFO DPL-0008] Fixed instances area within core: 203506.43 um^2
[INFO DPL-0009] Utilization: 61.6%
[INFO DPL-0005] Diamond search max displacement: +/- 500 sites horizontally, +/- 100 rows vertically.
[INFO DPL-1102] Legalizing using negotiation legalizer.
[INFO DPL-1103] Negotiation base search window: +/-20 sites horizontally, +/-5 rows vertically 
	Automatic search window extension enabled.
	Search window extendable up to the max displacement cap of +/-500 sites, +/-100 rows near walls.
[INFO DPL-1104] NegotiationLegalizer DRC penalty: 5.
[INFO DPL-0392] Negotiation cell height distribution (1 unique row-count(s)):
[INFO DPL-0393]   height 1 row(s): 21011 cells
[INFO DPL-0500] Runtime: 0.05s
[INFO GRT-0015] Inserted 17 diodes.
[WARNING DRT-0120] Large net net513 has 116 pins which may impact routing performance. Consider optimization.
[WARNING DRT-0120] Large net net3221 has 220 pins which may impact routing performance. Consider optimization.
[WARNING DRT-0120] Large net net3220 has 114 pins which may impact routing performance. Consider optimization.
[WARNING DRT-0120] Large net net3219 has 106 pins which may impact routing performance. Consider optimization.
[WARNING DRT-0120] Large net net3599 has 145 pins which may impact routing performance. Consider optimization.
[WARNING DRT-0120] Large net net3868 has 132 pins which may impact routing performance. Consider optimization.
[WARNING DRT-0120] Large net net3866 has 272 pins which may impact routing performance. Consider optimization.
[WARNING DRT-0120] Large net net3914 has 136 pins which may impact routing performance. Consider optimization.
[WARNING DRT-0120] Large net net3913 has 143 pins which may impact routing performance. Consider optimization.
[WARNING DRT-0120] Large net net3909 has 163 pins which may impact routing performance. Consider optimization.
[WARNING DRT-0120] Large net net3907 has 114 pins which may impact routing performance. Consider optimization.
[WARNING DRT-0120] Large net net3906 has 136 pins which may impact routing performance. Consider optimization.
[WARNING DRT-0120] Large net net3902 has 116 pins which may impact routing performance. Consider optimization.
[WARNING DRT-0120] Large net net3901 has 145 pins which may impact routing performance. Consider optimization.
[WARNING DRT-0120] Large net net3900 has 174 pins which may impact routing performance. Consider optimization.
[WARNING DRT-0120] Large net net3899 has 157 pins which may impact routing performance. Consider optimization.
[WARNING DRT-0120] Large net net3898 has 166 pins which may impact routing performance. Consider optimization.
[WARNING DRT-0120] Large net net3896 has 111 pins which may impact routing performance. Consider optimization.
[WARNING DRT-0120] Large net net3892 has 153 pins which may impact routing performance. Consider optimization.
[INFO DRT-0024]   Complete FR_MASTERSLICE.
[INFO DRT-0024]   Complete Fr_VIA.
[INFO DRT-0024]   Complete li1.
[INFO DRT-0024]   Complete mcon.
[INFO DRT-0024]   Complete met1.
[INFO DRT-0024]   Complete via.
[INFO DRT-0024]   Complete met2.
[INFO DRT-0024]   Complete via2.
[INFO DRT-0024]   Complete met3.
[INFO DRT-0024]   Complete via3.
[INFO DRT-0024]   Complete met4.
[INFO DRT-0024]   Complete via4.
[INFO DRT-0024]   Complete met5.
[INFO DRT-0165] Start pin access.
[INFO DRT-0076]   Complete 1000 pins.
[INFO DRT-0076]   Complete 2000 pins.
[INFO DRT-0078]   Complete 2095 pins.
[INFO DRT-0079]   Complete 100 unique inst patterns.
[INFO DRT-0079]   Complete 200 unique inst patterns.
[INFO DRT-0081]   Complete 262 unique inst patterns.
[INFO DRT-0082]   Complete 10000 groups.
[INFO DRT-0084]   Complete 11310 groups.
#scanned instances     = 21011
#unique  instances     = 262
#stdCellGenAp          = 9741
#stdCellValidPlanarAp  = 164
#stdCellValidViaAp     = 6248
#stdCellPinNoAp        = 10
#stdCellPinCnt         = 63092
#instTermValidViaApCnt = 0
#macroGenAp            = 0
#macroValidPlanarAp    = 0
#macroValidViaAp       = 0
#macroNoAp             = 0
[INFO DRT-0166] Complete pin access.
[INFO DRT-0267] cpu time = 00:03:09, elapsed time = 00:03:09, memory = 1320.84 (MB), peak = 1382.38 (MB)
[INFO DRT-0156] guideIn read 100000 guides.

[INFO DRT-0157] Number of guides:     158650

[INFO DRT-0169] Post process guides.
[INFO DRT-0176] GCELLGRID X 0 DO 83 STEP 6900 ;
[INFO DRT-0177] GCELLGRID Y 0 DO 83 STEP 6900 ;
[INFO DRT-0026]   Complete 100000 origin guides.
[INFO DRT-0028]   Complete FR_MASTERSLICE.
[INFO DRT-0028]   Complete Fr_VIA.
[INFO DRT-0028]   Complete li1.
[INFO DRT-0028]   Complete mcon.
[INFO DRT-0028]   Complete met1.
[INFO DRT-0028]   Complete via.
[INFO DRT-0028]   Complete met2.
[INFO DRT-0028]   Complete via2.
[INFO DRT-0028]   Complete met3.
[INFO DRT-0028]   Complete via3.
[INFO DRT-0028]   Complete met4.
[INFO DRT-0028]   Complete via4.
[INFO DRT-0028]   Complete met5.
[INFO DRT-0178] Init guide query.
[INFO DRT-0035]   Complete FR_MASTERSLICE (guide).
[INFO DRT-0035]   Complete Fr_VIA (guide).
[INFO DRT-0035]   Complete li1 (guide).
[INFO DRT-0035]   Complete mcon (guide).
[INFO DRT-0035]   Complete met1 (guide).
[INFO DRT-0035]   Complete via (guide).
[INFO DRT-0035]   Complete met2 (guide).
[INFO DRT-0035]   Complete via2 (guide).
[INFO DRT-0035]   Complete met3 (guide).
[INFO DRT-0035]   Complete via3 (guide).
[INFO DRT-0035]   Complete met4 (guide).
[INFO DRT-0035]   Complete via4 (guide).
[INFO DRT-0035]   Complete met5 (guide).
[INFO DRT-0036] FR_MASTERSLICE guide region query size = 0.
[INFO DRT-0036] FR_VIA guide region query size = 0.
[INFO DRT-0036] li1 guide region query size = 48705.
[INFO DRT-0036] mcon guide region query size = 0.
[INFO DRT-0036] met1 guide region query size = 47317.
[INFO DRT-0036] via guide region query size = 0.
[INFO DRT-0036] met2 guide region query size = 25505.
[INFO DRT-0036] via2 guide region query size = 0.
[INFO DRT-0036] met3 guide region query size = 3138.
[INFO DRT-0036] via3 guide region query size = 0.
[INFO DRT-0036] met4 guide region query size = 1309.
[INFO DRT-0036] via4 guide region query size = 0.
[INFO DRT-0036] met5 guide region query size = 15.
[INFO DRT-0179] Init gr pin query.
[INFO DRT-0267] cpu time = 00:00:00, elapsed time = 00:00:00, memory = 1320.84 (MB), peak = 1382.38 (MB)
[INFO DRT-0245] skipped writing guide updates to database.
[INFO DRT-0181] Start track assignment.
[INFO DRT-0184] Done with 75519 vertical wires in 2 frboxes and 50470 horizontal wires in 2 frboxes.
[INFO DRT-0186] Done with 11453 vertical wires in 2 frboxes and 18796 horizontal wires in 2 frboxes.
[INFO DRT-0182] Complete track assignment.
[INFO DRT-0267] cpu time = 00:00:05, elapsed time = 00:00:05, memory = 1320.84 (MB), peak = 1382.38 (MB)
[INFO DRT-0187] Start routing data preparation.
[INFO DRT-0267] cpu time = 00:00:00, elapsed time = 00:00:00, memory = 1320.84 (MB), peak = 1382.38 (MB)
[INFO DRT-0194] Start detail routing.
[INFO DRT-0195] Start 0th optimization iteration.
    Completing 10% with 0 violations.
    elapsed time = 00:00:12, memory = 1328.15 (MB).
    Completing 20% with 0 violations.
    elapsed time = 00:00:20, memory = 1328.15 (MB).
    Completing 30% with 740 violations.
    elapsed time = 00:00:29, memory = 1378.76 (MB).
    Completing 40% with 740 violations.
    elapsed time = 00:00:39, memory = 1378.76 (MB).
    Completing 50% with 740 violations.
    elapsed time = 00:00:50, memory = 1378.76 (MB).
    Completing 60% with 1421 violations.
    elapsed time = 00:01:01, memory = 1378.76 (MB).
    Completing 70% with 1421 violations.
    elapsed time = 00:01:11, memory = 1389.54 (MB).
    Completing 80% with 2135 violations.
    elapsed time = 00:01:20, memory = 1393.48 (MB).
    Completing 90% with 2135 violations.
    elapsed time = 00:01:31, memory = 1402.10 (MB).
    Completing 100% with 2879 violations.
    elapsed time = 00:01:42, memory = 1402.10 (MB).
[INFO DRT-0199]   Number of violations = 3182.
Viol/Layer        mcon   met1    via   met2   met3   met4
Cut Spacing          1      0      0      0      0      0
Metal Spacing        0    319      0    152      7      0
Min Hole             0      5      0      0      0      0
Recheck              0    154      0    134     14      1
Short                0   1654      2    721     16      2
[INFO DRT-0267] cpu time = 00:01:42, elapsed time = 00:01:42, memory = 1402.10 (MB), peak = 1425.35 (MB)
Total wire length = 802449 um.
Total wire length on LAYER li1 = 0 um.
Total wire length on LAYER met1 = 289658 um.
Total wire length on LAYER met2 = 334616 um.
Total wire length on LAYER met3 = 100463 um.
Total wire length on LAYER met4 = 77356 um.
Total wire length on LAYER met5 = 354 um.
Total number of vias = 147569.
Up-via summary (total 147569):

-------------------------
 FR_MASTERSLICE         0
            li1     59011
           met1     75168
           met2     10783
           met3      2583
           met4        24
-------------------------
               147569


[INFO DRT-0195] Start 1st optimization iteration.
    Completing 10% with 3182 violations.
    elapsed time = 00:00:07, memory = 1402.10 (MB).
    Completing 20% with 3182 violations.
    elapsed time = 00:00:15, memory = 1402.10 (MB).
    Completing 30% with 2750 violations.
    elapsed time = 00:00:21, memory = 1402.10 (MB).
    Completing 40% with 2750 violations.
    elapsed time = 00:00:29, memory = 1402.10 (MB).
    Completing 50% with 2750 violations.
    elapsed time = 00:00:40, memory = 1405.10 (MB).
    Completing 60% with 2303 violations.
    elapsed time = 00:00:47, memory = 1405.10 (MB).
    Completing 70% with 2303 violations.
    elapsed time = 00:00:54, memory = 1405.10 (MB).
    Completing 80% with 1942 violations.
    elapsed time = 00:01:05, memory = 1405.10 (MB).
    Completing 90% with 1942 violations.
    elapsed time = 00:01:18, memory = 1405.10 (MB).
    Completing 100% with 1509 violations.
    elapsed time = 00:01:30, memory = 1405.10 (MB).
[INFO DRT-0199]   Number of violations = 1509.
Viol/Layer        met1   met2   met3
Metal Spacing      184    105      2
Short              961    252      5
[INFO DRT-0267] cpu time = 00:01:30, elapsed time = 00:01:30, memory = 1405.10 (MB), peak = 1425.35 (MB)
Total wire length = 801835 um.
Total wire length on LAYER li1 = 0 um.
Total wire length on LAYER met1 = 289108 um.
Total wire length on LAYER met2 = 334279 um.
Total wire length on LAYER met3 = 100698 um.
Total wire length on LAYER met4 = 77394 um.
Total wire length on LAYER met5 = 354 um.
Total number of vias = 147440.
Up-via summary (total 147440):

-------------------------
 FR_MASTERSLICE         0
            li1     59009
           met1     75012
           met2     10808
           met3      2587
           met4        24
-------------------------
               147440


[INFO DRT-0195] Start 2nd optimization iteration.
    Completing 10% with 1509 violations.
    elapsed time = 00:00:02, memory = 1405.10 (MB).
    Completing 20% with 1509 violations.
    elapsed time = 00:00:11, memory = 1405.10 (MB).
    Completing 30% with 1519 violations.
    elapsed time = 00:00:16, memory = 1363.41 (MB).
    Completing 40% with 1519 violations.
    elapsed time = 00:00:21, memory = 1380.01 (MB).
    Completing 50% with 1519 violations.
    elapsed time = 00:00:27, memory = 1380.01 (MB).
    Completing 60% with 1532 violations.
    elapsed time = 00:00:29, memory = 1380.01 (MB).
    Completing 70% with 1532 violations.
    elapsed time = 00:00:34, memory = 1382.27 (MB).
    Completing 80% with 1457 violations.
    elapsed time = 00:00:41, memory = 1396.15 (MB).
    Completing 90% with 1457 violations.
    elapsed time = 00:00:49, memory = 1403.65 (MB).
    Completing 100% with 1423 violations.
    elapsed time = 00:00:55, memory = 1403.65 (MB).
[INFO DRT-0199]   Number of violations = 1423.
Viol/Layer        met1   met2   met3
Metal Spacing      154     77      0
Short              926    264      2
[INFO DRT-0267] cpu time = 00:00:55, elapsed time = 00:00:55, memory = 1403.65 (MB), peak = 1425.35 (MB)
Total wire length = 801707 um.
Total wire length on LAYER li1 = 0 um.
Total wire length on LAYER met1 = 289017 um.
Total wire length on LAYER met2 = 334273 um.
Total wire length on LAYER met3 = 100664 um.
Total wire length on LAYER met4 = 77397 um.
Total wire length on LAYER met5 = 354 um.
Total number of vias = 147372.
Up-via summary (total 147372):

-------------------------
 FR_MASTERSLICE         0
            li1     59006
           met1     74976
           met2     10785
           met3      2581
           met4        24
-------------------------
               147372


[INFO DRT-0195] Start 3rd optimization iteration.
    Completing 10% with 1423 violations.
    elapsed time = 00:00:08, memory = 1403.65 (MB).
    Completing 20% with 1423 violations.
    elapsed time = 00:00:14, memory = 1403.65 (MB).
    Completing 30% with 1165 violations.
    elapsed time = 00:00:19, memory = 1403.65 (MB).
    Completing 40% with 1165 violations.
    elapsed time = 00:00:30, memory = 1403.65 (MB).
    Completing 50% with 1165 violations.
    elapsed time = 00:00:40, memory = 1405.52 (MB).
    Completing 60% with 966 violations.
    elapsed time = 00:00:52, memory = 1405.52 (MB).
    Completing 70% with 966 violations.
    elapsed time = 00:01:01, memory = 1405.52 (MB).
    Completing 80% with 664 violations.
    elapsed time = 00:01:08, memory = 1405.52 (MB).
    Completing 90% with 664 violations.
    elapsed time = 00:01:17, memory = 1405.52 (MB).
    Completing 100% with 266 violations.
    elapsed time = 00:01:29, memory = 1405.52 (MB).
[INFO DRT-0199]   Number of violations = 266.
Viol/Layer        met1   met2
Metal Spacing       62      5
Min Hole             1      0
NS Metal             1      0
Short              175     22
[INFO DRT-0267] cpu time = 00:01:29, elapsed time = 00:01:29, memory = 1405.52 (MB), peak = 1425.35 (MB)
Total wire length = 801601 um.
Total wire length on LAYER li1 = 0 um.
Total wire length on LAYER met1 = 285499 um.
Total wire length on LAYER met2 = 333261 um.
Total wire length on LAYER met3 = 104065 um.
Total wire length on LAYER met4 = 78420 um.
Total wire length on LAYER met5 = 354 um.
Total number of vias = 147959.
Up-via summary (total 147959):

-------------------------
 FR_MASTERSLICE         0
            li1     59007
           met1     75004
           met2     11251
           met3      2673
           met4        24
-------------------------
               147959


[INFO DRT-0195] Start 4th optimization iteration.
    Completing 10% with 266 violations.
    elapsed time = 00:00:01, memory = 1405.52 (MB).
    Completing 20% with 266 violations.
    elapsed time = 00:00:03, memory = 1405.52 (MB).
    Completing 30% with 206 violations.
    elapsed time = 00:00:03, memory = 1405.52 (MB).
    Completing 40% with 206 violations.
    elapsed time = 00:00:04, memory = 1405.52 (MB).
    Completing 50% with 206 violations.
    elapsed time = 00:00:07, memory = 1376.33 (MB).
    Completing 60% with 126 violations.
    elapsed time = 00:00:09, memory = 1376.40 (MB).
    Completing 70% with 126 violations.
    elapsed time = 00:00:09, memory = 1376.40 (MB).
    Completing 80% with 66 violations.
    elapsed time = 00:00:11, memory = 1377.78 (MB).
    Completing 90% with 66 violations.
    elapsed time = 00:00:13, memory = 1377.78 (MB).
    Completing 100% with 40 violations.
    elapsed time = 00:00:15, memory = 1381.58 (MB).
[INFO DRT-0199]   Number of violations = 40.
Viol/Layer        met1   met2
Metal Spacing        6      2
Short               16     16
[INFO DRT-0267] cpu time = 00:00:15, elapsed time = 00:00:15, memory = 1385.89 (MB), peak = 1425.35 (MB)
Total wire length = 801585 um.
Total wire length on LAYER li1 = 0 um.
Total wire length on LAYER met1 = 285150 um.
Total wire length on LAYER met2 = 333182 um.
Total wire length on LAYER met3 = 104380 um.
Total wire length on LAYER met4 = 78518 um.
Total wire length on LAYER met5 = 354 um.
Total number of vias = 147983.
Up-via summary (total 147983):

-------------------------
 FR_MASTERSLICE         0
            li1     59007
           met1     74993
           met2     11278
           met3      2681
           met4        24
-------------------------
               147983


[INFO DRT-0195] Start 5th guides tiles iteration.
    Completing 20% with 40 violations.
    elapsed time = 00:00:00, memory = 1385.89 (MB).
    Completing 50% with 40 violations.
    elapsed time = 00:00:00, memory = 1385.89 (MB).
    Completing 70% with 8 violations.
    elapsed time = 00:00:00, memory = 1385.89 (MB).
    Completing 100% with 6 violations.
    elapsed time = 00:00:00, memory = 1385.89 (MB).
[INFO DRT-0199]   Number of violations = 6.
Viol/Layer        met1
Metal Spacing        6
[INFO DRT-0267] cpu time = 00:00:00, elapsed time = 00:00:00, memory = 1385.89 (MB), peak = 1425.35 (MB)
Total wire length = 801611 um.
Total wire length on LAYER li1 = 0 um.
Total wire length on LAYER met1 = 285133 um.
Total wire length on LAYER met2 = 333190 um.
Total wire length on LAYER met3 = 104407 um.
Total wire length on LAYER met4 = 78525 um.
Total wire length on LAYER met5 = 354 um.
Total number of vias = 147993.
Up-via summary (total 147993):

-------------------------
 FR_MASTERSLICE         0
            li1     59007
           met1     74997
           met2     11282
           met3      2683
           met4        24
-------------------------
               147993


[INFO DRT-0195] Start 6th guides tiles iteration.
    Completing 50% with 6 violations.
    elapsed time = 00:00:00, memory = 1385.89 (MB).
    Completing 100% with 0 violations.
    elapsed time = 00:00:00, memory = 1385.89 (MB).
[INFO DRT-0199]   Number of violations = 0.
[INFO DRT-0267] cpu time = 00:00:00, elapsed time = 00:00:00, memory = 1385.89 (MB), peak = 1425.35 (MB)
Total wire length = 801610 um.
Total wire length on LAYER li1 = 0 um.
Total wire length on LAYER met1 = 285134 um.
Total wire length on LAYER met2 = 333188 um.
Total wire length on LAYER met3 = 104407 um.
Total wire length on LAYER met4 = 78525 um.
Total wire length on LAYER met5 = 354 um.
Total number of vias = 147993.
Up-via summary (total 147993):

-------------------------
 FR_MASTERSLICE         0
            li1     59007
           met1     74997
           met2     11282
           met3      2683
           met4        24
-------------------------
               147993


[INFO DRT-0198] Complete detail routing.
Total wire length = 801610 um.
Total wire length on LAYER li1 = 0 um.
Total wire length on LAYER met1 = 285134 um.
Total wire length on LAYER met2 = 333188 um.
Total wire length on LAYER met3 = 104407 um.
Total wire length on LAYER met4 = 78525 um.
Total wire length on LAYER met5 = 354 um.
Total number of vias = 147993.
Up-via summary (total 147993):

-------------------------
 FR_MASTERSLICE         0
            li1     59007
           met1     74997
           met2     11282
           met3      2683
           met4        24
-------------------------
               147993


[INFO DRT-0267] cpu time = 00:05:55, elapsed time = 00:05:55, memory = 1385.89 (MB), peak = 1425.35 (MB)

[INFO DRT-0180] Post processing.
[INFO DRT-0501] Runtime: 552.12s
[INFO ANT-0002] Found 2 net violations.
[INFO ANT-0001] Found 2 pin violations.
[INFO GRT-0012] Found 2 antenna violations.
[INFO DPL-0006] Core area: 330268.00 um^2
[INFO DPL-0007] Movable instances area: 0.00 um^2
[INFO DPL-0008] Fixed instances area within core: 203511.43 um^2
[INFO DPL-0009] Utilization: 61.6%
[INFO DPL-0005] Diamond search max displacement: +/- 500 sites horizontally, +/- 100 rows vertically.
[INFO DPL-1102] Legalizing using negotiation legalizer.
[INFO DPL-1103] Negotiation base search window: +/-20 sites horizontally, +/-5 rows vertically 
	Automatic search window extension enabled.
	Search window extendable up to the max displacement cap of +/-500 sites, +/-100 rows near walls.
[INFO DPL-1104] NegotiationLegalizer DRC penalty: 5.
[INFO DPL-0392] Negotiation cell height distribution (1 unique row-count(s)):
[INFO DPL-0393]   height 1 row(s): 21013 cells
[INFO DPL-0500] Runtime: 0.08s
[INFO GRT-0015] Inserted 2 diodes.
[WARNING DRT-0120] Large net net513 has 116 pins which may impact routing performance. Consider optimization.
[WARNING DRT-0120] Large net net3221 has 220 pins which may impact routing performance. Consider optimization.
[WARNING DRT-0120] Large net net3220 has 114 pins which may impact routing performance. Consider optimization.
[WARNING DRT-0120] Large net net3219 has 106 pins which may impact routing performance. Consider optimization.
[WARNING DRT-0120] Large net net3599 has 145 pins which may impact routing performance. Consider optimization.
[WARNING DRT-0120] Large net net3868 has 132 pins which may impact routing performance. Consider optimization.
[WARNING DRT-0120] Large net net3866 has 272 pins which may impact routing performance. Consider optimization.
[WARNING DRT-0120] Large net net3914 has 136 pins which may impact routing performance. Consider optimization.
[WARNING DRT-0120] Large net net3913 has 143 pins which may impact routing performance. Consider optimization.
[WARNING DRT-0120] Large net net3909 has 163 pins which may impact routing performance. Consider optimization.
[WARNING DRT-0120] Large net net3907 has 114 pins which may impact routing performance. Consider optimization.
[WARNING DRT-0120] Large net net3906 has 136 pins which may impact routing performance. Consider optimization.
[WARNING DRT-0120] Large net net3902 has 116 pins which may impact routing performance. Consider optimization.
[WARNING DRT-0120] Large net net3901 has 145 pins which may impact routing performance. Consider optimization.
[WARNING DRT-0120] Large net net3900 has 174 pins which may impact routing performance. Consider optimization.
[WARNING DRT-0120] Large net net3899 has 157 pins which may impact routing performance. Consider optimization.
[WARNING DRT-0120] Large net net3898 has 166 pins which may impact routing performance. Consider optimization.
[WARNING DRT-0120] Large net net3896 has 111 pins which may impact routing performance. Consider optimization.
[WARNING DRT-0120] Large net net3892 has 153 pins which may impact routing performance. Consider optimization.
[INFO DRT-0024]   Complete FR_MASTERSLICE.
[INFO DRT-0024]   Complete Fr_VIA.
[INFO DRT-0024]   Complete li1.
[INFO DRT-0024]   Complete mcon.
[INFO DRT-0024]   Complete met1.
[INFO DRT-0024]   Complete via.
[INFO DRT-0024]   Complete met2.
[INFO DRT-0024]   Complete via2.
[INFO DRT-0024]   Complete met3.
[INFO DRT-0024]   Complete via3.
[INFO DRT-0024]   Complete met4.
[INFO DRT-0024]   Complete via4.
[INFO DRT-0024]   Complete met5.
[INFO DRT-0165] Start pin access.
[INFO DRT-0076]   Complete 1000 pins.
[INFO DRT-0076]   Complete 2000 pins.
[INFO DRT-0078]   Complete 2095 pins.
[INFO DRT-0079]   Complete 100 unique inst patterns.
[INFO DRT-0079]   Complete 200 unique inst patterns.
[INFO DRT-0081]   Complete 262 unique inst patterns.
[INFO DRT-0082]   Complete 10000 groups.
[INFO DRT-0084]   Complete 11312 groups.
#scanned instances     = 21013
#unique  instances     = 262
#stdCellGenAp          = 9741
#stdCellValidPlanarAp  = 164
#stdCellValidViaAp     = 6248
#stdCellPinNoAp        = 10
#stdCellPinCnt         = 63092
#instTermValidViaApCnt = 0
#macroGenAp            = 0
#macroValidPlanarAp    = 0
#macroValidViaAp       = 0
#macroNoAp             = 0
[INFO DRT-0166] Complete pin access.
[INFO DRT-0267] cpu time = 00:03:11, elapsed time = 00:03:11, memory = 1407.46 (MB), peak = 1425.35 (MB)
[INFO DRT-0156] guideIn read 100000 guides.

[INFO DRT-0157] Number of guides:     158614

[INFO DRT-0169] Post process guides.
[INFO DRT-0176] GCELLGRID X 0 DO 83 STEP 6900 ;
[INFO DRT-0177] GCELLGRID Y 0 DO 83 STEP 6900 ;
[INFO DRT-0026]   Complete 100000 origin guides.
[INFO DRT-0028]   Complete FR_MASTERSLICE.
[INFO DRT-0028]   Complete Fr_VIA.
[INFO DRT-0028]   Complete li1.
[INFO DRT-0028]   Complete mcon.
[INFO DRT-0028]   Complete met1.
[INFO DRT-0028]   Complete via.
[INFO DRT-0028]   Complete met2.
[INFO DRT-0028]   Complete via2.
[INFO DRT-0028]   Complete met3.
[INFO DRT-0028]   Complete via3.
[INFO DRT-0028]   Complete met4.
[INFO DRT-0028]   Complete via4.
[INFO DRT-0028]   Complete met5.
[INFO DRT-0178] Init guide query.
[INFO DRT-0035]   Complete FR_MASTERSLICE (guide).
[INFO DRT-0035]   Complete Fr_VIA (guide).
[INFO DRT-0035]   Complete li1 (guide).
[INFO DRT-0035]   Complete mcon (guide).
[INFO DRT-0035]   Complete met1 (guide).
[INFO DRT-0035]   Complete via (guide).
[INFO DRT-0035]   Complete met2 (guide).
[INFO DRT-0035]   Complete via2 (guide).
[INFO DRT-0035]   Complete met3 (guide).
[INFO DRT-0035]   Complete via3 (guide).
[INFO DRT-0035]   Complete met4 (guide).
[INFO DRT-0035]   Complete via4 (guide).
[INFO DRT-0035]   Complete met5 (guide).
[INFO DRT-0036] FR_MASTERSLICE guide region query size = 0.
[INFO DRT-0036] FR_VIA guide region query size = 0.
[INFO DRT-0036] li1 guide region query size = 48706.
[INFO DRT-0036] mcon guide region query size = 0.
[INFO DRT-0036] met1 guide region query size = 47321.
[INFO DRT-0036] via guide region query size = 0.
[INFO DRT-0036] met2 guide region query size = 25499.
[INFO DRT-0036] via2 guide region query size = 0.
[INFO DRT-0036] met3 guide region query size = 3124.
[INFO DRT-0036] via3 guide region query size = 0.
[INFO DRT-0036] met4 guide region query size = 1301.
[INFO DRT-0036] via4 guide region query size = 0.
[INFO DRT-0036] met5 guide region query size = 13.
[INFO DRT-0179] Init gr pin query.
[INFO DRT-0267] cpu time = 00:00:00, elapsed time = 00:00:00, memory = 1407.46 (MB), peak = 1425.35 (MB)
[INFO DRT-0245] skipped writing guide updates to database.
[INFO DRT-0181] Start track assignment.
[INFO DRT-0184] Done with 75506 vertical wires in 2 frboxes and 50458 horizontal wires in 2 frboxes.
[INFO DRT-0186] Done with 11446 vertical wires in 2 frboxes and 18853 horizontal wires in 2 frboxes.
[INFO DRT-0182] Complete track assignment.
[INFO DRT-0267] cpu time = 00:00:05, elapsed time = 00:00:05, memory = 1407.46 (MB), peak = 1425.35 (MB)
[INFO DRT-0187] Start routing data preparation.
[INFO DRT-0267] cpu time = 00:00:00, elapsed time = 00:00:00, memory = 1407.46 (MB), peak = 1425.35 (MB)
[INFO DRT-0194] Start detail routing.
[INFO DRT-0195] Start 0th optimization iteration.
    Completing 10% with 0 violations.
    elapsed time = 00:00:06, memory = 1407.62 (MB).
    Completing 20% with 0 violations.
    elapsed time = 00:00:11, memory = 1407.62 (MB).
    Completing 30% with 76 violations.
    elapsed time = 00:00:18, memory = 1437.83 (MB).
    Completing 40% with 76 violations.
    elapsed time = 00:00:23, memory = 1437.83 (MB).
    Completing 50% with 76 violations.
    elapsed time = 00:00:30, memory = 1438.21 (MB).
    Completing 60% with 138 violations.
    elapsed time = 00:00:36, memory = 1469.88 (MB).
    Completing 70% with 138 violations.
    elapsed time = 00:00:42, memory = 1469.88 (MB).
    Completing 80% with 185 violations.
    elapsed time = 00:00:48, memory = 1469.88 (MB).
    Completing 90% with 185 violations.
    elapsed time = 00:00:54, memory = 1469.88 (MB).
    Completing 100% with 264 violations.
    elapsed time = 00:01:00, memory = 1469.88 (MB).
[INFO DRT-0199]   Number of violations = 278.
Viol/Layer        met1   met2
Metal Spacing        9     22
Recheck              2     12
Short              146     87
[INFO DRT-0267] cpu time = 00:01:00, elapsed time = 00:01:00, memory = 1469.88 (MB), peak = 1513.38 (MB)
Total wire length = 801688 um.
Total wire length on LAYER li1 = 0 um.
Total wire length on LAYER met1 = 285592 um.
Total wire length on LAYER met2 = 333536 um.
Total wire length on LAYER met3 = 103980 um.
Total wire length on LAYER met4 = 78248 um.
Total wire length on LAYER met5 = 330 um.
Total number of vias = 147963.
Up-via summary (total 147963):

-------------------------
 FR_MASTERSLICE         0
            li1     59010
           met1     75014
           met2     11253
           met3      2666
           met4        20
-------------------------
               147963


[INFO DRT-0195] Start 1st optimization iteration.
    Completing 10% with 278 violations.
    elapsed time = 00:00:04, memory = 1469.88 (MB).
    Completing 20% with 278 violations.
    elapsed time = 00:00:10, memory = 1469.88 (MB).
    Completing 30% with 277 violations.
    elapsed time = 00:00:13, memory = 1469.88 (MB).
    Completing 40% with 277 violations.
    elapsed time = 00:00:19, memory = 1469.88 (MB).
    Completing 50% with 277 violations.
    elapsed time = 00:00:27, memory = 1469.88 (MB).
    Completing 60% with 284 violations.
    elapsed time = 00:00:32, memory = 1469.88 (MB).
    Completing 70% with 284 violations.
    elapsed time = 00:00:37, memory = 1469.88 (MB).
    Completing 80% with 228 violations.
    elapsed time = 00:00:45, memory = 1469.88 (MB).
    Completing 90% with 228 violations.
    elapsed time = 00:00:52, memory = 1469.88 (MB).
    Completing 100% with 184 violations.
    elapsed time = 00:01:00, memory = 1469.88 (MB).
[INFO DRT-0199]   Number of violations = 184.
Viol/Layer        met1   met2
Metal Spacing       12      5
Short              142     25
[INFO DRT-0267] cpu time = 00:01:00, elapsed time = 00:01:00, memory = 1469.88 (MB), peak = 1513.75 (MB)
Total wire length = 801694 um.
Total wire length on LAYER li1 = 0 um.
Total wire length on LAYER met1 = 285588 um.
Total wire length on LAYER met2 = 333523 um.
Total wire length on LAYER met3 = 103991 um.
Total wire length on LAYER met4 = 78260 um.
Total wire length on LAYER met5 = 330 um.
Total number of vias = 147965.
Up-via summary (total 147965):

-------------------------
 FR_MASTERSLICE         0
            li1     59010
           met1     75010
           met2     11257
           met3      2668
           met4        20
-------------------------
               147965


[INFO DRT-0195] Start 2nd optimization iteration.
    Completing 10% with 184 violations.
    elapsed time = 00:00:00, memory = 1469.88 (MB).
    Completing 20% with 184 violations.
    elapsed time = 00:00:01, memory = 1469.88 (MB).
    Completing 30% with 186 violations.
    elapsed time = 00:00:02, memory = 1469.88 (MB).
    Completing 40% with 186 violations.
    elapsed time = 00:00:02, memory = 1469.88 (MB).
    Completing 50% with 186 violations.
    elapsed time = 00:00:03, memory = 1469.88 (MB).
    Completing 60% with 186 violations.
    elapsed time = 00:00:03, memory = 1469.88 (MB).
    Completing 70% with 186 violations.
    elapsed time = 00:00:04, memory = 1469.88 (MB).
    Completing 80% with 171 violations.
    elapsed time = 00:00:05, memory = 1469.88 (MB).
    Completing 90% with 171 violations.
    elapsed time = 00:00:05, memory = 1469.88 (MB).
    Completing 100% with 175 violations.
    elapsed time = 00:00:07, memory = 1469.88 (MB).
[INFO DRT-0199]   Number of violations = 175.
Viol/Layer        met1   met2
Metal Spacing        8      7
Short              132     28
[INFO DRT-0267] cpu time = 00:00:08, elapsed time = 00:00:08, memory = 1469.88 (MB), peak = 1517.31 (MB)
Total wire length = 801701 um.
Total wire length on LAYER li1 = 0 um.
Total wire length on LAYER met1 = 285603 um.
Total wire length on LAYER met2 = 333516 um.
Total wire length on LAYER met3 = 103991 um.
Total wire length on LAYER met4 = 78260 um.
Total wire length on LAYER met5 = 330 um.
Total number of vias = 147968.
Up-via summary (total 147968):

-------------------------
 FR_MASTERSLICE         0
            li1     59010
           met1     75013
           met2     11257
           met3      2668
           met4        20
-------------------------
               147968


[INFO DRT-0195] Start 3rd optimization iteration.
    Completing 10% with 175 violations.
    elapsed time = 00:00:00, memory = 1469.88 (MB).
    Completing 20% with 175 violations.
    elapsed time = 00:00:01, memory = 1469.88 (MB).
    Completing 30% with 136 violations.
    elapsed time = 00:00:02, memory = 1469.88 (MB).
    Completing 40% with 136 violations.
    elapsed time = 00:00:03, memory = 1469.88 (MB).
    Completing 50% with 136 violations.
    elapsed time = 00:00:05, memory = 1469.88 (MB).
    Completing 60% with 97 violations.
    elapsed time = 00:00:05, memory = 1469.88 (MB).
    Completing 70% with 97 violations.
    elapsed time = 00:00:06, memory = 1469.88 (MB).
    Completing 80% with 70 violations.
    elapsed time = 00:00:07, memory = 1469.88 (MB).
    Completing 90% with 70 violations.
    elapsed time = 00:00:10, memory = 1469.88 (MB).
    Completing 100% with 16 violations.
    elapsed time = 00:00:12, memory = 1469.88 (MB).
[INFO DRT-0199]   Number of violations = 16.
Viol/Layer        met1   met2
Metal Spacing        2      0
Short                6      8
[INFO DRT-0267] cpu time = 00:00:12, elapsed time = 00:00:12, memory = 1469.88 (MB), peak = 1517.31 (MB)
Total wire length = 801663 um.
Total wire length on LAYER li1 = 0 um.
Total wire length on LAYER met1 = 285085 um.
Total wire length on LAYER met2 = 333373 um.
Total wire length on LAYER met3 = 104448 um.
Total wire length on LAYER met4 = 78426 um.
Total wire length on LAYER met5 = 330 um.
Total number of vias = 148047.
Up-via summary (total 148047):

-------------------------
 FR_MASTERSLICE         0
            li1     59009
           met1     75019
           met2     11317
           met3      2682
           met4        20
-------------------------
               148047


[INFO DRT-0195] Start 4th guides tiles iteration.
    Completing 20% with 16 violations.
    elapsed time = 00:00:00, memory = 1469.88 (MB).
    Completing 50% with 16 violations.
    elapsed time = 00:00:00, memory = 1469.88 (MB).
    Completing 70% with 4 violations.
    elapsed time = 00:00:00, memory = 1469.88 (MB).
    Completing 100% with 0 violations.
    elapsed time = 00:00:00, memory = 1469.88 (MB).
[INFO DRT-0199]   Number of violations = 0.
[INFO DRT-0267] cpu time = 00:00:00, elapsed time = 00:00:00, memory = 1469.88 (MB), peak = 1517.31 (MB)
Total wire length = 801665 um.
Total wire length on LAYER li1 = 0 um.
Total wire length on LAYER met1 = 285064 um.
Total wire length on LAYER met2 = 333375 um.
Total wire length on LAYER met3 = 104468 um.
Total wire length on LAYER met4 = 78426 um.
Total wire length on LAYER met5 = 330 um.
Total number of vias = 148034.
Up-via summary (total 148034):

-------------------------
 FR_MASTERSLICE         0
            li1     59009
           met1     75013
           met2     11310
           met3      2682
           met4        20
-------------------------
               148034


[INFO DRT-0198] Complete detail routing.
Total wire length = 801665 um.
Total wire length on LAYER li1 = 0 um.
Total wire length on LAYER met1 = 285064 um.
Total wire length on LAYER met2 = 333375 um.
Total wire length on LAYER met3 = 104468 um.
Total wire length on LAYER met4 = 78426 um.
Total wire length on LAYER met5 = 330 um.
Total number of vias = 148034.
Up-via summary (total 148034):

-------------------------
 FR_MASTERSLICE         0
            li1     59009
           met1     75013
           met2     11310
           met3      2682
           met4        20
-------------------------
               148034


[INFO DRT-0267] cpu time = 00:02:22, elapsed time = 00:02:22, memory = 1469.88 (MB), peak = 1517.31 (MB)

[INFO DRT-0180] Post processing.
[INFO DRT-0501] Runtime: 341.24s
[INFO ANT-0002] Found 0 net violations.
[INFO ANT-0001] Found 0 pin violations.
[INFO ANT-0002] Found 0 net violations.
[INFO ANT-0001] Found 0 pin violations.
Design area 203511 um^2 62% utilization.
write_db ./results/sky130hd/chia_sha256_benchmark_corrupted/slot1/5_2_route.odb
Log                       Ext     Elapsed/s Peak Memory/MB sha1sum result [0:20)
5_2_route                 .odb         2956           1517 52ee3d39fd5577472150
/root/OpenROAD-flow-scripts/flow/scripts/flow.sh 5_3_fillcell fillcell
Running fillcell.tcl, stage 5_3_fillcell
read_liberty /root/OpenROAD-flow-scripts/flow/platforms/sky130hd/lib/sky130_fd_sc_hd__tt_025C_1v80.lib
read_db ./results/sky130hd/chia_sha256_benchmark_corrupted/slot1/5_2_route.odb
read_sdc ./results/sky130hd/chia_sha256_benchmark_corrupted/slot1/5_1_grt.sdc
source /root/OpenROAD-flow-scripts/flow/platforms/sky130hd/setRC.tcl
[WARNING STA-0450] virtual clock vclk can not be propagated.
filler_placement "sky130_fd_sc_hd__fill_1 sky130_fd_sc_hd__fill_2 sky130_fd_sc_hd__fill_4 sky130_fd_sc_hd__fill_8"
[INFO DPL-0001] Placed 26354 filler instances.
Design area 203511 um^2 62% utilization.
write_db ./results/sky130hd/chia_sha256_benchmark_corrupted/slot1/5_3_fillcell.odb
Log                       Ext     Elapsed/s Peak Memory/MB sha1sum result [0:20)
5_3_fillcell              .odb            0            217 2ce68186e8ae4b740495
cp ./results/sky130hd/chia_sha256_benchmark_corrupted/slot1/5_3_fillcell.odb ./results/sky130hd/chia_sha256_benchmark_corrupted/slot1/5_route.odb
cp ./results/sky130hd/chia_sha256_benchmark_corrupted/slot1/5_1_grt.sdc ./results/sky130hd/chia_sha256_benchmark_corrupted/slot1/5_route.sdc
make: Leaving directory '/root/OpenROAD-flow-scripts/flow'

STDERR:
bash: /opt/miniconda/lib/libtinfo.so.6: no version information available (required by bash)
bash: /opt/miniconda/lib/libtinfo.so.6: no version information available (required by bash)
bash: /opt/miniconda/lib/libtinfo.so.6: no version information available (required by bash)
bash: /opt/miniconda/lib/libtinfo.so.6: no version information available (required by bash)
bash: /opt/miniconda/lib/libtinfo.so.6: no version information available (required by bash)
bash: /opt/miniconda/lib/libtinfo.so.6: no version information available (required by bash)
bash: /opt/miniconda/lib/libtinfo.so.6: no version information available (required by bash)
bash: /opt/miniconda/lib/libtinfo.so.6: no version information available (required by bash)
bash: /opt/miniconda/lib/libtinfo.so.6: no version information available (required by bash)
bash: /opt/miniconda/lib/libtinfo.so.6: no version information available (required by bash)
bash: /opt/miniconda/lib/libtinfo.so.6: no version information available (required by bash)
bash: /opt/miniconda/lib/libtinfo.so.6: no version information available (required by bash)
bash: /opt/miniconda/lib/libtinfo.so.6: no version information available (required by bash)
bash: /opt/miniconda/lib/libtinfo.so.6: no version information available (required by bash)
bash: /opt/miniconda/lib/libtinfo.so.6: no version information available (required by bash)
bash: /opt/miniconda/lib/libtinfo.so.6: no version information available (required by bash)
bash: /opt/miniconda/lib/libtinfo.so.6: no version information available (required by bash)
bash: /opt/miniconda/lib/libtinfo.so.6: no version information available (required by bash)
bash: /opt/miniconda/lib/libtinfo.so.6: no version information available (required by bash)
bash: /opt/miniconda/lib/libtinfo.so.6: no version information available (required by bash)
bash: /opt/miniconda/lib/libtinfo.so.6: no version information available (required by bash)
bash: /opt/miniconda/lib/libtinfo.so.6: no version information available (required by bash)
bash: /opt/miniconda/lib/libtinfo.so.6: no version information available (required by bash)
bash: /opt/miniconda/lib/libtinfo.so.6: no version information available (required by bash)
Elapsed time: 4:54.64[h:]min:sec. CPU time: user 294.31 sys 0.23 (99%). Peak memory: 610216KB.
bash: /opt/miniconda/lib/libtinfo.so.6: no version information available (required by bash)
bash: /opt/miniconda/lib/libtinfo.so.6: no version information available (required by bash)
bash: /opt/miniconda/lib/libtinfo.so.6: no version information available (required by bash)
bash: /opt/miniconda/lib/libtinfo.so.6: no version information available (required by bash)
bash: /opt/miniconda/lib/libtinfo.so.6: no version information available (required by bash)
bash: /opt/miniconda/lib/libtinfo.so.6: no version information available (required by bash)
bash: /opt/miniconda/lib/libtinfo.so.6: no version information available (required by bash)
bash: /opt/miniconda/lib/libtinfo.so.6: no version information available (required by bash)
bash: /opt/miniconda/lib/libtinfo.so.6: no version information available (required by bash)
bash: /opt/miniconda/lib/libtinfo.so.6: no version information available (required by bash)
bash: /opt/miniconda/lib/libtinfo.so.6: no version information available (required by bash)
bash: /opt/miniconda/lib/libtinfo.so.6: no version information available (required by bash)
bash: /opt/miniconda/lib/libtinfo.so.6: no version information available (required by bash)
bash: /opt/miniconda/lib/libtinfo.so.6: no version information available (required by bash)
Elapsed time: 49:16.86[h:]min:sec. CPU time: user 2948.25 sys 7.97 (99%). Peak memory: 1553728KB.
bash: /opt/miniconda/lib/libtinfo.so.6: no version information available (required by bash)
bash: /opt/miniconda/lib/libtinfo.so.6: no version information available (required by bash)
bash: /opt/miniconda/lib/libtinfo.so.6: no version information available (required by bash)
bash: /opt/miniconda/lib/libtinfo.so.6: no version information available (required by bash)
bash: /opt/miniconda/lib/libtinfo.so.6: no version information available (required by bash)
bash: /opt/miniconda/lib/libtinfo.so.6: no version information available (required by bash)
bash: /opt/miniconda/lib/libtinfo.so.6: no version information available (required by bash)
bash: /opt/miniconda/lib/libtinfo.so.6: no version information available (required by bash)
bash: /opt/miniconda/lib/libtinfo.so.6: no version information available (required by bash)
bash: /opt/miniconda/lib/libtinfo.so.6: no version information available (required by bash)
bash: /opt/miniconda/lib/libtinfo.so.6: no version information available (required by bash)
bash: /opt/miniconda/lib/libtinfo.so.6: no version information available (required by bash)
bash: /opt/miniconda/lib/libtinfo.so.6: no version information available (required by bash)
bash: /opt/miniconda/lib/libtinfo.so.6: no version information available (required by bash)
Elapsed time: 0:00.56[h:]min:sec. CPU time: user 0.47 sys 0.08 (98%). Peak memory: 222460KB.
bash: /opt/miniconda/lib/libtinfo.so.6: no version information available (required by bash)
bash: /opt/miniconda/lib/libtinfo.so.6: no version information available (required by bash)
bash: /opt/miniconda/lib/libtinfo.so.6: no version information available (required by bash)
bash: /opt/miniconda/lib/libtinfo.so.6: no version information available (required by bash)
bash: /opt/miniconda/lib/libtinfo.so.6: no version information available (required by bash)
bash: /opt/miniconda/lib/libtinfo.so.6: no version information available (required by bash)
bash: /opt/miniconda/lib/libtinfo.so.6: no version information available (required by bash)
bash: /opt/miniconda/lib/libtinfo.so.6: no version information available (required by bash)
bash: /opt/miniconda/lib/libtinfo.so.6: no version information available (required by bash)
bash: /opt/miniconda/lib/libtinfo.so.6: no version information available (required by bash)
bash: /opt/miniconda/lib/libtinfo.so.6: no version information available (required by bash)
bash: /opt/miniconda/lib/libtinfo.so.6: no version information available (required by bash)
bash: /opt/miniconda/lib/libtinfo.so.6: no version information available (required by bash)
bash: /opt/miniconda/lib/libtinfo.so.6: no version information available (required by bash)
bash: /opt/miniconda/lib/libtinfo.so.6: no version information available (required by bash)
bash: /opt/miniconda/lib/libtinfo.so.6: no version information available (required by bash)
bash: /opt/miniconda/lib/libtinfo.so.6: no version information available (required by bash)
bash: /opt/miniconda/lib/libtinfo.so.6: no version information available (required by bash)
bash: /opt/miniconda/lib/libtinfo.so.6: no version information available (required by bash)
bash: /opt/miniconda/lib/libtinfo.so.6: no version information available (required by bash)
bash: /opt/miniconda/lib/libtinfo.so.6: no version information available (required by bash)
bash: /opt/miniconda/lib/libtinfo.so.6: no version information available (required by bash)
bash: /opt/miniconda/lib/libtinfo.so.6: no version information available (required by bash)
bash: /opt/miniconda/lib/libtinfo.so.6: no version information available (required by bash)
bash: /opt/miniconda/lib/libtinfo.so.6: no version information available (required by bash)
bash: /opt/miniconda/lib/libtinfo.so.6: no version information available (required by bash)
