make: Entering directory '/root/OpenROAD-flow-scripts/flow'
/root/OpenROAD-flow-scripts/flow/scripts/flow.sh 3_1_place_gp_skip_io global_place_skip_io
Running global_place_skip_io.tcl, stage 3_1_place_gp_skip_io
read_liberty /root/OpenROAD-flow-scripts/flow/platforms/sky130hd/lib/sky130_fd_sc_hd__tt_025C_1v80.lib
read_db ./results/sky130hd/chia_sha256_benchmark_corrupted/slot2/2_floorplan.odb
read_sdc ./results/sky130hd/chia_sha256_benchmark_corrupted/slot2/2_floorplan.sdc
source /root/OpenROAD-flow-scripts/flow/platforms/sky130hd/setRC.tcl
global_placement -skip_io -density 0.6 -pad_left 0 -pad_right 0
[INFO GPL-0001] ---- Initialize GPL Main Data Structures
[INFO GPL-0002] DBU: 1000
[INFO GPL-0003] SiteSize: (  0.460  2.720 ) um
[INFO GPL-0004] CoreBBox: (  1.380  2.720 ) ( 644.920 644.640 ) um
[INFO GPL-0016] Core area:                  413101.197 um^2
[INFO GPL-0036] Movable instances area:     167948.576 um^2
[INFO GPL-0037] Total instances area:       174797.645 um^2
[INFO GPL-0035] Pin density area adjust:      6297.795 um^2
[INFO GPL-0032] ---- Initialize Region: Top-level
[INFO GPL-0006] Number of instances:             20644
[INFO GPL-0007] Movable instances:               15170
[INFO GPL-0008] Fixed instances:                  5474
[INFO GPL-0009] Dummy instances:                     0
[INFO GPL-0010] Number of nets:                  16017
[INFO GPL-0011] Number of pins:                  60453
[INFO GPL-0012] Die BBox:       (  0.000  0.000 ) ( 646.075 646.075 ) um
[INFO GPL-0013] Placement BBox: (  1.380  2.720 ) ( 644.920 644.640 ) um
[INFO GPL-0014] Region name: top-level.
[INFO GPL-0015] Region area:                413101.197 um^2
[INFO GPL-0017] Fixed instances area:         6849.069 um^2
[INFO GPL-0018] Movable instances area:     174246.371 um^2
[INFO GPL-0019] Utilization:                    42.891 %
[INFO GPL-0020] Standard cells area:        174246.371 um^2
[INFO GPL-0021] Large instances area:            0.000 um^2
[INFO GPL-0005] ---- Execute Conjugate Gradient Initial Placement.
[INFO GPL-0051] Source of initial instance position counters:
	Odb location = 0	Core center = 15170	Region center = 0
[INFO GPL-0033] ---- Initialize Nesterov Region: Top-level
[INFO GPL-0023] Placement target density:       0.6000
[INFO GPL-0024] Movable insts average area:     11.486 um^2
[INFO GPL-0025] Ideal bin area:                 19.144 um^2
[INFO GPL-0026] Ideal bin count:                 21578
[INFO GPL-0027] Total bin area:             413101.197 um^2
[INFO GPL-0028] Bin count (X, Y):         128 ,    128
[INFO GPL-0029] Bin size (W * H):       5.028 *  5.015 um
[INFO GPL-0030] Number of bins:                  16384
[INFO GPL-0084] ---- Execute Nesterov Global Placement.
[INFO GPL-0031] HPWL: Half-Perimeter Wirelength
Iteration | Overflow |     HPWL (um) |  HPWL(%) |   Penalty | Group
---------------------------------------------------------------
        0 |   0.9996 |  4.110301e+04 |   +0.00% |  1.08e-15 |      
       10 |   0.9991 |  3.158159e+04 |  -23.16% |  1.75e-15 |      
       20 |   0.9991 |  3.140171e+04 |   -0.57% |  2.86e-15 |      
       30 |   0.9991 |  3.141038e+04 |   +0.03% |  4.65e-15 |      
       40 |   0.9991 |  3.139523e+04 |   -0.05% |  7.58e-15 |      
       50 |   0.9991 |  3.139324e+04 |   -0.01% |  1.23e-14 |      
       60 |   0.9991 |  3.142057e+04 |   +0.09% |  2.01e-14 |      
       70 |   0.9991 |  3.147164e+04 |   +0.16% |  3.28e-14 |      
       80 |   0.9991 |  3.156203e+04 |   +0.29% |  5.34e-14 |      
       90 |   0.9991 |  3.175776e+04 |   +0.62% |  8.69e-14 |      
      100 |   0.9989 |  3.224102e+04 |   +1.52% |  1.42e-13 |      
      110 |   0.9982 |  3.371177e+04 |   +4.56% |  2.31e-13 |      
      120 |   0.9971 |  3.769878e+04 |  +11.83% |  3.75e-13 |      
      130 |   0.9951 |  4.568599e+04 |  +21.19% |  6.11e-13 |      
      140 |   0.9929 |  6.226994e+04 |  +36.30% |  9.93e-13 |      
      150 |   0.9899 |  7.825276e+04 |  +25.67% |  1.62e-12 |      
      160 |   0.9869 |  9.111230e+04 |  +16.43% |  2.63e-12 |      
      170 |   0.9811 |  1.112934e+05 |  +22.15% |  4.27e-12 |      
      180 |   0.9733 |  1.380709e+05 |  +24.06% |  6.94e-12 |      
      190 |   0.9630 |  1.661418e+05 |  +20.33% |  1.13e-11 |      
      200 |   0.9496 |  1.989372e+05 |  +19.74% |  1.83e-11 |      
      210 |   0.9305 |  2.379199e+05 |  +19.60% |  2.97e-11 |      
      220 |   0.9065 |  2.803773e+05 |  +17.85% |  4.81e-11 |      
      230 |   0.8775 |  3.260587e+05 |  +16.29% |  7.79e-11 |      
      240 |   0.8442 |  3.721269e+05 |  +14.13% |  1.26e-10 |      
      250 |   0.8087 |  4.180473e+05 |  +12.34% |  2.05e-10 |      
      260 |   0.7673 |  4.632348e+05 |  +10.81% |  3.32e-10 |      
      270 |   0.7221 |  5.063229e+05 |   +9.30% |  5.38e-10 |      
      280 |   0.6682 |  5.472671e+05 |   +8.09% |  8.72e-10 |      
      290 |   0.6090 |  5.853592e+05 |   +6.96% |  1.42e-09 |      
      300 |   0.5529 |  6.267359e+05 |   +7.07% |  2.29e-09 |      
      310 |   0.5041 |  6.624470e+05 |   +5.70% |  3.72e-09 |      
      320 |   0.4568 |  6.766133e+05 |   +2.14% |  6.05e-09 |      
      330 |   0.4156 |  6.909312e+05 |   +2.12% |  9.85e-09 |      
      340 |   0.3760 |  6.992792e+05 |   +1.21% |  1.60e-08 |      
      350 |   0.3333 |  7.033646e+05 |   +0.58% |  2.53e-08 |      
      360 |   0.3001 |  7.046538e+05 |   +0.18% |  3.73e-08 |      
      370 |   0.2680 |  7.062540e+05 |   +0.23% |  5.49e-08 |      
      380 |   0.2348 |  7.073915e+05 |   +0.16% |  8.09e-08 |      
      390 |   0.2033 |  7.082151e+05 |   +0.12% |  1.19e-07 |      
      400 |   0.1764 |  7.089408e+05 |   +0.10% |  1.75e-07 |      
      410 |   0.1497 |  7.095476e+05 |   +0.09% |  2.58e-07 |      
      420 |   0.1271 |  7.102740e+05 |   +0.10% |  3.81e-07 |      
      430 |   0.1074 |  7.110375e+05 |   +0.11% |  5.61e-07 |      
      436 |   0.0985 |  7.115800e+05 |          |  7.35e-07 |      
---------------------------------------------------------------
[INFO GPL-1001] Global placement finished at iteration 436
[INFO GPL-1002] Placed Cell Area            174246.3715
[INFO GPL-1003] Available Free Area         406252.1280
[INFO GPL-1004] Minimum Feasible Density        0.4300 (cell_area / free_area)
[INFO GPL-1006]   Suggested Target Densities:
[INFO GPL-1007]     - For 90% usage of free space: 0.4766
[INFO GPL-1008]     - For 80% usage of free space: 0.5361
[INFO GPL-1009]     - For 50% usage of free space: 0.8578
[INFO GPL-1014] Final placement area: 174246.37 (+0.00%)
Design area 174798 um^2 42% utilization.
write_db ./results/sky130hd/chia_sha256_benchmark_corrupted/slot2/3_1_place_gp_skip_io.odb
Log                       Ext     Elapsed/s Peak Memory/MB sha1sum result [0:20)
3_1_place_gp_skip_io      .odb            2            176 3e8197a1ecae045c11c4
/root/OpenROAD-flow-scripts/flow/scripts/flow.sh 3_2_place_iop io_placement
Running io_placement.tcl, stage 3_2_place_iop
read_liberty /root/OpenROAD-flow-scripts/flow/platforms/sky130hd/lib/sky130_fd_sc_hd__tt_025C_1v80.lib
read_db ./results/sky130hd/chia_sha256_benchmark_corrupted/slot2/3_1_place_gp_skip_io.odb
read_sdc ./results/sky130hd/chia_sha256_benchmark_corrupted/slot2/2_floorplan.sdc
source /root/OpenROAD-flow-scripts/flow/platforms/sky130hd/setRC.tcl
place_pins -hor_layers met3 -ver_layers met2
Found 0 macro blocks.
Using 2 tracks default min distance between IO pins.
[INFO PPL-0001] Number of available slots 2342
[INFO PPL-0002] Number of I/O             772
[INFO PPL-0003] Number of I/O w/sink      772
[INFO PPL-0004] Number of I/O w/o sink    0
[INFO PPL-0005] Slots per section         200
[INFO PPL-0008] Successfully assigned pins to sections.
[INFO PPL-0012] I/O nets HPWL: 137054.75 um.
Design area 174798 um^2 42% utilization.
write_db ./results/sky130hd/chia_sha256_benchmark_corrupted/slot2/3_2_place_iop.odb
Log                       Ext     Elapsed/s Peak Memory/MB sha1sum result [0:20)
3_2_place_iop             .odb            0            155 1186dee59b6e49580d67
/root/OpenROAD-flow-scripts/flow/scripts/flow.sh 3_3_place_gp global_place
Running global_place.tcl, stage 3_3_place_gp
read_liberty /root/OpenROAD-flow-scripts/flow/platforms/sky130hd/lib/sky130_fd_sc_hd__tt_025C_1v80.lib
read_db ./results/sky130hd/chia_sha256_benchmark_corrupted/slot2/3_2_place_iop.odb
read_sdc ./results/sky130hd/chia_sha256_benchmark_corrupted/slot2/2_floorplan.sdc
source /root/OpenROAD-flow-scripts/flow/platforms/sky130hd/setRC.tcl
[INFO RSZ-0026] Removed 1552 buffers.
Perform port buffering...
[INFO RSZ-0027] Inserted 514 sky130_fd_sc_hd__clkdlybuf4s50_1 input buffers.
[INFO RSZ-0028] Inserted 256 sky130_fd_sc_hd__clkdlybuf4s50_1 output buffers.
global_placement -density 0.6 -pad_left 0 -pad_right 0 -routability_driven -timing_driven -force_center_initial_place -min_phi_coef 0.95 -max_phi_coef 1.05
[INFO GPL-0001] ---- Initialize GPL Main Data Structures
[INFO GPL-0002] DBU: 1000
[INFO GPL-0003] SiteSize: (  0.460  2.720 ) um
[INFO GPL-0004] CoreBBox: (  1.380  2.720 ) ( 644.920 644.640 ) um
[INFO GPL-0016] Core area:                  413101.197 um^2
[INFO GPL-0036] Movable instances area:     168287.651 um^2
[INFO GPL-0037] Total instances area:       175136.720 um^2
[INFO GPL-0035] Pin density area adjust:      6799.443 um^2
[INFO GPL-0032] ---- Initialize Region: Top-level
[INFO GPL-0006] Number of instances:             19862
[INFO GPL-0007] Movable instances:               14388
[INFO GPL-0008] Fixed instances:                  5474
[INFO GPL-0009] Dummy instances:                     0
[INFO GPL-0010] Number of nets:                  15235
[INFO GPL-0011] Number of pins:                  59661
[INFO GPL-0012] Die BBox:       (  0.000  0.000 ) ( 646.075 646.075 ) um
[INFO GPL-0013] Placement BBox: (  1.380  2.720 ) ( 644.920 644.640 ) um
[INFO GPL-0014] Region name: top-level.
[INFO GPL-0015] Region area:                413101.197 um^2
[INFO GPL-0017] Fixed instances area:         6849.069 um^2
[INFO GPL-0018] Movable instances area:     175087.094 um^2
[INFO GPL-0019] Utilization:                    43.098 %
[INFO GPL-0020] Standard cells area:        175087.094 um^2
[INFO GPL-0021] Large instances area:            0.000 um^2
[INFO GPL-0005] ---- Execute Conjugate Gradient Initial Placement.
[INFO GPL-0051] Source of initial instance position counters:
	Odb location = 0	Core center = 14388	Region center = 0
[InitialPlace]  Iter: 1 conjugate gradient residual: 0.00149274 HPWL: 611767048
[InitialPlace]  Iter: 2 conjugate gradient residual: 0.00023724 HPWL: 411372408
[InitialPlace]  Iter: 3 conjugate gradient residual: 0.00030685 HPWL: 379265032
[InitialPlace]  Iter: 4 conjugate gradient residual: 0.00038252 HPWL: 360036201
[InitialPlace]  Iter: 5 conjugate gradient residual: 0.00032022 HPWL: 342189868
[InitialPlace]  Iter: 6 conjugate gradient residual: 0.00021298 HPWL: 328917793
[InitialPlace]  Iter: 7 conjugate gradient residual: 0.00014426 HPWL: 317599753
[InitialPlace]  Iter: 8 conjugate gradient residual: 0.00003882 HPWL: 311229710
[InitialPlace]  Iter: 9 conjugate gradient residual: 0.00001597 HPWL: 307296927
[InitialPlace]  Iter: 10 conjugate gradient residual: 0.00001205 HPWL: 306146970
[InitialPlace]  Iter: 11 conjugate gradient residual: 0.00000506 HPWL: 304578355
[INFO GPL-0033] ---- Initialize Nesterov Region: Top-level
[INFO GPL-0023] Placement target density:       0.6000
[INFO GPL-0024] Movable insts average area:     12.169 um^2
[INFO GPL-0025] Ideal bin area:                 20.282 um^2
[INFO GPL-0026] Ideal bin count:                 20368
[INFO GPL-0027] Total bin area:             413101.197 um^2
[INFO GPL-0028] Bin count (X, Y):         128 ,    128
[INFO GPL-0029] Bin size (W * H):       5.028 *  5.015 um
[INFO GPL-0030] Number of bins:                  16384
[INFO GPL-0084] ---- Execute Nesterov Global Placement.
[INFO GPL-0031] HPWL: Half-Perimeter Wirelength
Iteration | Overflow |     HPWL (um) |  HPWL(%) |   Penalty | Group
---------------------------------------------------------------
        0 |   0.9500 |  2.108657e+05 |   +0.00% |  7.35e-16 |      
       10 |   0.9176 |  2.478373e+05 |  +17.53% |  1.19e-15 |      
       20 |   0.9094 |  2.518039e+05 |   +1.60% |  1.94e-15 |      
       30 |   0.9027 |  2.520602e+05 |   +0.10% |  3.15e-15 |      
       40 |   0.8953 |  2.516050e+05 |   -0.18% |  5.14e-15 |      
       50 |   0.8892 |  2.523832e+05 |   +0.31% |  8.36e-15 |      
       60 |   0.8838 |  2.536525e+05 |   +0.50% |  1.36e-14 |      
       70 |   0.8788 |  2.549521e+05 |   +0.51% |  2.22e-14 |      
       80 |   0.8754 |  2.563203e+05 |   +0.54% |  3.61e-14 |      
       90 |   0.8737 |  2.575724e+05 |   +0.49% |  5.88e-14 |      
      100 |   0.8723 |  2.585355e+05 |   +0.37% |  9.58e-14 |      
      110 |   0.8716 |  2.592036e+05 |   +0.26% |  1.56e-13 |      
      120 |   0.8713 |  2.596529e+05 |   +0.17% |  2.54e-13 |      
      130 |   0.8708 |  2.599191e+05 |   +0.10% |  4.14e-13 |      
      140 |   0.8702 |  2.600998e+05 |   +0.07% |  6.75e-13 |      
      150 |   0.8694 |  2.603786e+05 |   +0.11% |  1.10e-12 |      
      160 |   0.8680 |  2.610634e+05 |   +0.26% |  1.79e-12 |      
      170 |   0.8649 |  2.625807e+05 |   +0.58% |  2.91e-12 |      
      180 |   0.8600 |  2.657105e+05 |   +1.19% |  4.75e-12 |      
      190 |   0.8512 |  2.719613e+05 |   +2.35% |  7.73e-12 |      
      200 |   0.8380 |  2.813620e+05 |   +3.46% |  1.26e-11 |      
      210 |   0.8201 |  2.930435e+05 |   +4.15% |  2.05e-11 |      
      220 |   0.8001 |  3.057498e+05 |   +4.34% |  3.33e-11 |      
      230 |   0.7748 |  3.164852e+05 |   +3.51% |  5.41e-11 |      
      240 |   0.7448 |  3.353542e+05 |   +5.96% |  8.80e-11 |      
      250 |   0.7113 |  3.603277e+05 |   +7.45% |  1.43e-10 |      
      260 |   0.6787 |  3.677248e+05 |   +2.05% |  2.33e-10 |      
      270 |   0.6506 |  3.850664e+05 |   +4.72% |  3.78e-10 |      
[INFO GPL-0100] Timing-driven iteration 1/2, virtual: false.
[INFO GPL-0101]    Iter: 277, overflow: 0.632, keep resizer changes at: 1, HPWL: 383825446
Iteration |   Area    | Resized | Buffers | Nets repaired | Remaining
---------------------------------------------------------------------
        0 |     +0.0% |       0 |       0 |             0 |     15236
    final |     +4.5% |     148 |     285 |           147 |         0
---------------------------------------------------------------------
[INFO RSZ-0034] Found 149 slew violations.
[INFO RSZ-0036] Found 53 capacitance violations.
[INFO RSZ-0039] Resized 148 instances.
[INFO RSZ-0038] Inserted 285 buffers in 147 nets.
   Iter   |    Area   | Removed | Inserted |   Pins
          |           | Buffers | Buffers  | Remaining
-------------------------------------------------------
        0 |     +0.0% |       0 |        0 |     14719
     1400 |     +1.5% |       0 |      361 |     13319
     2800 |     +1.5% |      27 |      441 |     11919
     4200 |     +1.9% |      41 |      549 |     10519
     5600 |     +1.6% |      74 |      595 |      9119
     7000 |     +1.7% |     110 |      719 |      7719
     8400 |     +1.7% |     123 |      749 |      6319
     9800 |     +2.3% |     173 |      975 |      4919
    11200 |     +2.6% |     214 |     1117 |      3519
    12600 |     +4.2% |     270 |     1678 |      2119
    14000 |     +9.4% |     270 |     2952 |       719
    final |    +10.0% |     285 |     3136 |         0
-------------------------------------------------------
[INFO GPL-0106] Timing-driven: worst slack -1.8746458e-09
[INFO GPL-0107] Timing-driven: repair_design delta area: 26033.221 um^2 (+14.87%)
[INFO GPL-0108] Timing-driven: repair_design, gpl delta gcells: 3136 (+21.80%)
[INFO GPL-0109] Timing-driven: repair_design, gcells created: 3421, deleted: 285
[INFO GPL-0110] Timing-driven: new target density: 0.66408145
Iteration | Overflow |     HPWL (um) |  HPWL(%) |   Penalty | Group
---------------------------------------------------------------
      280 |   0.6099 |  4.763872e+05 |  +23.72% |  6.10e-10 |      
[INFO GPL-0038] Routability snapshot saved at iter = 283
      282 |   0.5983 |  4.869029e+05 |          |           |      
      290 |   0.5862 |  4.875870e+05 |   +2.35% |  9.92e-10 |      
      300 |   0.5614 |  4.968316e+05 |   +1.90% |  1.61e-09 |      
      310 |   0.5195 |  5.033374e+05 |   +1.31% |  2.63e-09 |      
      320 |   0.4828 |  5.086778e+05 |   +1.06% |  4.28e-09 |      
      330 |   0.4527 |  5.162778e+05 |   +1.49% |  6.96e-09 |      
      340 |   0.4146 |  5.189551e+05 |   +0.52% |  1.13e-08 |      
      350 |   0.3705 |  5.163164e+05 |   -0.51% |  1.85e-08 |      
      360 |   0.3287 |  5.172705e+05 |   +0.18% |  2.92e-08 |      
      370 |   0.2966 |  5.186231e+05 |   +0.26% |  4.30e-08 |      
[INFO GPL-0040] Routability iteration: 1
[WARNING GRT-0281] Net clk has a large fanout of 2569 terminals.
[INFO GPL-0041] Total routing overflow: 19.1317
[INFO GPL-0042] Number of overflowed tiles: 230 (2.66%)
[INFO GPL-0043] Average top 0.5% routing congestion: 1.2208
[INFO GPL-0044] Average top 1.0% routing congestion: 1.1646
[INFO GPL-0045] Average top 2.0% routing congestion: 1.1067
[INFO GPL-0046] Average top 5.0% routing congestion: 1.0297
[INFO GPL-0047] Routability iteration weighted routing congestion: 1.1927
[INFO GPL-0048] Routing congestion (1.1927) lower than previous minimum (1e+30). Updating minimum.
[INFO GPL-0086] Inflated area:                2858.819 um^2 (+1.42%)
[INFO GPL-0052] Placement target density:       0.6641
[INFO GPL-0076] Removing fillers, count: Before: 5410, After: 5185 (-4.16%)
[INFO GPL-0077] Filler area (um^2)     : Before: 68664.195, After: 65801.850 (-4.17%)
[INFO GPL-0078] Removed fillers count: 225, area removed: 2855.432 um^2. Remaining area to be compensated by modifying density: 3.387 um^2
[INFO GPL-0058] White space area:           406252.128 um^2 (+0.00%)
[INFO GPL-0059] Movable instances area:     269784.498 um^2 (+0.00%)
[INFO GPL-0060] Total filler area:           65801.850 um^2 (-4.17%)
[INFO GPL-0061] Total non-inflated area:    269780.983 um^2 (-0.00%)
[INFO GPL-0062] Total inflated area:        272639.802 um^2 (-0.00%)
[INFO GPL-0063] New Target Density:             0.6641
[INFO GPL-0087] Routability end iteration: increase inflation and revert back to snapshot.
Iteration | Overflow |     HPWL (um) |  HPWL(%) |   Penalty | Group
---------------------------------------------------------------
      380 |   0.5889 |  4.884632e+05 |   -5.82% |  9.99e-10 |      
      390 |   0.5613 |  4.988013e+05 |   +2.12% |  1.47e-09 |      
      400 |   0.5311 |  5.027099e+05 |   +0.78% |  2.17e-09 |      
      410 |   0.5033 |  5.061787e+05 |   +0.69% |  3.19e-09 |      
      420 |   0.4822 |  5.113852e+05 |   +1.03% |  4.70e-09 |      
      430 |   0.4534 |  5.141100e+05 |   +0.53% |  6.92e-09 |      
      440 |   0.4196 |  5.159090e+05 |   +0.35% |  1.02e-08 |      
      450 |   0.3879 |  5.163822e+05 |   +0.09% |  1.50e-08 |      
      460 |   0.3522 |  5.167970e+05 |   +0.08% |  2.21e-08 |      
      470 |   0.3196 |  5.182967e+05 |   +0.29% |  3.26e-08 |      
[INFO GPL-0040] Routability iteration: 2
[INFO GPL-0041] Total routing overflow: 10.8285
[INFO GPL-0042] Number of overflowed tiles: 173 (2.00%)
[INFO GPL-0043] Average top 0.5% routing congestion: 1.1470
[INFO GPL-0044] Average top 1.0% routing congestion: 1.1053
[INFO GPL-0045] Average top 2.0% routing congestion: 1.0626
[INFO GPL-0046] Average top 5.0% routing congestion: 0.9974
[INFO GPL-0047] Routability iteration weighted routing congestion: 1.1262
[INFO GPL-0048] Routing congestion (1.1262) lower than previous minimum (1.193). Updating minimum.
[INFO GPL-0086] Inflated area:                1308.811 um^2 (+0.64%)
[INFO GPL-0052] Placement target density:       0.6641
[INFO GPL-0076] Removing fillers, count: Before: 5185, After: 5082 (-1.99%)
[INFO GPL-0077] Filler area (um^2)     : Before: 65801.850, After: 64494.696 (-1.99%)
[INFO GPL-0078] Removed fillers count: 103, area removed: 1307.153 um^2. Remaining area to be compensated by modifying density: 1.658 um^2
[INFO GPL-0058] White space area:           406252.128 um^2 (+0.00%)
[INFO GPL-0059] Movable instances area:     269784.498 um^2 (+0.00%)
[INFO GPL-0060] Total filler area:           64494.696 um^2 (-1.99%)
[INFO GPL-0061] Total non-inflated area:    269782.641 um^2 (+0.00%)
[INFO GPL-0062] Total inflated area:        271091.452 um^2 (+0.00%)
[INFO GPL-0063] New Target Density:             0.6641
[INFO GPL-0087] Routability end iteration: increase inflation and revert back to snapshot.
Iteration | Overflow |     HPWL (um) |  HPWL(%) |   Penalty | Group
---------------------------------------------------------------
      480 |   0.5952 |  4.920279e+05 |   -5.07% |  7.62e-10 |      
      490 |   0.5856 |  4.917838e+05 |   -0.05% |  1.12e-09 |      
      500 |   0.5504 |  5.030043e+05 |   +2.28% |  1.65e-09 |      
      510 |   0.5228 |  5.061783e+05 |   +0.63% |  2.43e-09 |      
      520 |   0.4979 |  5.099342e+05 |   +0.74% |  3.58e-09 |      
      530 |   0.4727 |  5.151136e+05 |   +1.02% |  5.27e-09 |      
      540 |   0.4423 |  5.176331e+05 |   +0.49% |  7.77e-09 |      
      550 |   0.4098 |  5.178578e+05 |   +0.04% |  1.14e-08 |      
      560 |   0.3782 |  5.188012e+05 |   +0.18% |  1.69e-08 |      
      570 |   0.3443 |  5.199563e+05 |   +0.22% |  2.48e-08 |      
      580 |   0.3101 |  5.218683e+05 |   +0.37% |  3.66e-08 |      
[INFO GPL-0040] Routability iteration: 3
[INFO GPL-0041] Total routing overflow: 11.0396
[INFO GPL-0042] Number of overflowed tiles: 157 (1.82%)
[INFO GPL-0043] Average top 0.5% routing congestion: 1.1486
[INFO GPL-0044] Average top 1.0% routing congestion: 1.1088
[INFO GPL-0045] Average top 2.0% routing congestion: 1.0634
[INFO GPL-0046] Average top 5.0% routing congestion: 0.9969
[INFO GPL-0047] Routability iteration weighted routing congestion: 1.1287
[INFO GPL-0049] Routing congestion (1.1287) higher than minimum (1.1262). Consecutive non-improvement count: 1.
[INFO GPL-0086] Inflated area:                1444.309 um^2 (+0.70%)
[INFO GPL-0052] Placement target density:       0.6641
[INFO GPL-0076] Removing fillers, count: Before: 5082, After: 4969 (-2.22%)
[INFO GPL-0077] Filler area (um^2)     : Before: 64494.696, After: 63060.635 (-2.22%)
[INFO GPL-0078] Removed fillers count: 113, area removed: 1434.062 um^2. Remaining area to be compensated by modifying density: 10.247 um^2
[INFO GPL-0058] White space area:           406252.128 um^2 (+0.00%)
[INFO GPL-0059] Movable instances area:     269784.498 um^2 (+0.00%)
[INFO GPL-0060] Total filler area:           63060.635 um^2 (-2.22%)
[INFO GPL-0061] Total non-inflated area:    269792.888 um^2 (+0.00%)
[INFO GPL-0062] Total inflated area:        271237.197 um^2 (+0.00%)
[INFO GPL-0063] New Target Density:             0.6641
[INFO GPL-0087] Routability end iteration: increase inflation and revert back to snapshot.
Iteration | Overflow |     HPWL (um) |  HPWL(%) |   Penalty | Group
---------------------------------------------------------------
      590 |   0.5910 |  4.932147e+05 |   -5.49% |  8.55e-10 |      
      600 |   0.5757 |  4.971089e+05 |   +0.79% |  1.26e-09 |      
      610 |   0.5419 |  5.062778e+05 |   +1.84% |  1.85e-09 |      
      620 |   0.5136 |  5.101297e+05 |   +0.76% |  2.73e-09 |      
      630 |   0.4933 |  5.144016e+05 |   +0.84% |  4.02e-09 |      
      640 |   0.4638 |  5.180963e+05 |   +0.72% |  5.92e-09 |      
      650 |   0.4321 |  5.205698e+05 |   +0.48% |  8.72e-09 |      
      660 |   0.4007 |  5.208341e+05 |   +0.05% |  1.28e-08 |      
      670 |   0.3667 |  5.224183e+05 |   +0.30% |  1.89e-08 |      
      680 |   0.3334 |  5.235649e+05 |   +0.22% |  2.79e-08 |      
      690 |   0.2989 |  5.247299e+05 |   +0.22% |  4.11e-08 |      
[INFO GPL-0040] Routability iteration: 4
[INFO GPL-0041] Total routing overflow: 9.1483
[INFO GPL-0042] Number of overflowed tiles: 140 (1.62%)
[INFO GPL-0043] Average top 0.5% routing congestion: 1.1316
[INFO GPL-0044] Average top 1.0% routing congestion: 1.0953
[INFO GPL-0045] Average top 2.0% routing congestion: 1.0515
[INFO GPL-0046] Average top 5.0% routing congestion: 0.9884
[INFO GPL-0047] Routability iteration weighted routing congestion: 1.1135
[INFO GPL-0048] Routing congestion (1.1135) lower than previous minimum (1.126). Updating minimum.
[INFO GPL-0086] Inflated area:                1231.755 um^2 (+0.60%)
[INFO GPL-0052] Placement target density:       0.6641
[INFO GPL-0076] Removing fillers, count: Before: 4969, After: 4872 (-1.95%)
[INFO GPL-0077] Filler area (um^2)     : Before: 63060.635, After: 61829.626 (-1.95%)
[INFO GPL-0078] Removed fillers count: 97, area removed: 1231.009 um^2. Remaining area to be compensated by modifying density: 0.746 um^2
[INFO GPL-0058] White space area:           406252.128 um^2 (+0.00%)
[INFO GPL-0059] Movable instances area:     269784.498 um^2 (+0.00%)
[INFO GPL-0060] Total filler area:           61829.626 um^2 (-1.95%)
[INFO GPL-0061] Total non-inflated area:    269793.634 um^2 (+0.00%)
[INFO GPL-0062] Total inflated area:        271025.389 um^2 (+0.00%)
[INFO GPL-0063] New Target Density:             0.6641
[INFO GPL-0087] Routability end iteration: increase inflation and revert back to snapshot.
Iteration | Overflow |     HPWL (um) |  HPWL(%) |   Penalty | Group
---------------------------------------------------------------
      700 |   0.5903 |  4.926069e+05 |   -6.12% |  9.99e-10 |      
      710 |   0.5602 |  5.037469e+05 |   +2.26% |  1.47e-09 |      
      720 |   0.5305 |  5.092472e+05 |   +1.09% |  2.16e-09 |      
      730 |   0.5048 |  5.140228e+05 |   +0.94% |  3.19e-09 |      
      740 |   0.4804 |  5.191486e+05 |   +1.00% |  4.69e-09 |      
      750 |   0.4529 |  5.206781e+05 |   +0.29% |  6.91e-09 |      
      760 |   0.4197 |  5.223943e+05 |   +0.33% |  1.02e-08 |      
      770 |   0.3869 |  5.237829e+05 |   +0.27% |  1.50e-08 |      
      780 |   0.3539 |  5.249943e+05 |   +0.23% |  2.21e-08 |      
      790 |   0.3206 |  5.257543e+05 |   +0.14% |  3.25e-08 |      
[INFO GPL-0040] Routability iteration: 5
[INFO GPL-0041] Total routing overflow: 7.4503
[INFO GPL-0042] Number of overflowed tiles: 126 (1.46%)
[INFO GPL-0043] Average top 0.5% routing congestion: 1.1191
[INFO GPL-0044] Average top 1.0% routing congestion: 1.0800
[INFO GPL-0045] Average top 2.0% routing congestion: 1.0401
[INFO GPL-0046] Average top 5.0% routing congestion: 0.9827
[INFO GPL-0047] Routability iteration weighted routing congestion: 1.0996
[INFO GPL-0048] Routing congestion (1.0996) lower than previous minimum (1.113). Updating minimum.
[INFO GPL-0086] Inflated area:                1048.403 um^2 (+0.50%)
[INFO GPL-0052] Placement target density:       0.6641
[INFO GPL-0076] Removing fillers, count: Before: 4872, After: 4790 (-1.68%)
[INFO GPL-0077] Filler area (um^2)     : Before: 61829.626, After: 60788.980 (-1.68%)
[INFO GPL-0078] Removed fillers count: 82, area removed: 1040.646 um^2. Remaining area to be compensated by modifying density: 7.756 um^2
[INFO GPL-0058] White space area:           406252.128 um^2 (+0.00%)
[INFO GPL-0059] Movable instances area:     269784.498 um^2 (+0.00%)
[INFO GPL-0060] Total filler area:           60788.980 um^2 (-1.68%)
[INFO GPL-0061] Total non-inflated area:    269801.390 um^2 (+0.00%)
[INFO GPL-0062] Total inflated area:        270849.793 um^2 (+0.00%)
[INFO GPL-0063] New Target Density:             0.6641
[INFO GPL-0087] Routability end iteration: increase inflation and revert back to snapshot.
Iteration | Overflow |     HPWL (um) |  HPWL(%) |   Penalty | Group
---------------------------------------------------------------
      800 |   0.5974 |  4.940498e+05 |   -6.03% |  7.92e-10 |      
      810 |   0.5823 |  4.970698e+05 |   +0.61% |  1.17e-09 |      
      820 |   0.5473 |  5.088708e+05 |   +2.37% |  1.72e-09 |      
      830 |   0.5191 |  5.133706e+05 |   +0.88% |  2.53e-09 |      
      840 |   0.4968 |  5.181141e+05 |   +0.92% |  3.72e-09 |      
      850 |   0.4699 |  5.219099e+05 |   +0.73% |  5.48e-09 |      
      860 |   0.4384 |  5.234178e+05 |   +0.29% |  8.07e-09 |      
      870 |   0.4078 |  5.247106e+05 |   +0.25% |  1.19e-08 |      
      880 |   0.3727 |  5.260502e+05 |   +0.26% |  1.75e-08 |      
      890 |   0.3403 |  5.272123e+05 |   +0.22% |  2.58e-08 |      
      900 |   0.3055 |  5.286974e+05 |   +0.28% |  3.80e-08 |      
[INFO GPL-0040] Routability iteration: 6
[INFO GPL-0041] Total routing overflow: 5.7306
[INFO GPL-0042] Number of overflowed tiles: 109 (1.26%)
[INFO GPL-0043] Average top 0.5% routing congestion: 1.0970
[INFO GPL-0044] Average top 1.0% routing congestion: 1.0645
[INFO GPL-0045] Average top 2.0% routing congestion: 1.0277
[INFO GPL-0046] Average top 5.0% routing congestion: 0.9755
[INFO GPL-0047] Routability iteration weighted routing congestion: 1.0807
[INFO GPL-0048] Routing congestion (1.0807) lower than previous minimum (1.1). Updating minimum.
[INFO GPL-0086] Inflated area:                 703.983 um^2 (+0.34%)
[INFO GPL-0052] Placement target density:       0.6641
[INFO GPL-0076] Removing fillers, count: Before: 4790, After: 4735 (-1.15%)
[INFO GPL-0077] Filler area (um^2)     : Before: 60788.980, After: 60090.985 (-1.15%)
[INFO GPL-0078] Removed fillers count: 55, area removed: 697.995 um^2. Remaining area to be compensated by modifying density: 5.988 um^2
[INFO GPL-0058] White space area:           406252.128 um^2 (+0.00%)
[INFO GPL-0059] Movable instances area:     269784.498 um^2 (+0.00%)
[INFO GPL-0060] Total filler area:           60090.985 um^2 (-1.15%)
[INFO GPL-0061] Total non-inflated area:    269807.379 um^2 (+0.00%)
[INFO GPL-0062] Total inflated area:        270511.362 um^2 (+0.00%)
[INFO GPL-0063] New Target Density:             0.6641
[INFO GPL-0087] Routability end iteration: increase inflation and revert back to snapshot.
Iteration | Overflow |     HPWL (um) |  HPWL(%) |   Penalty | Group
---------------------------------------------------------------
      910 |   0.5920 |  4.946130e+05 |   -6.45% |  9.24e-10 |      
      920 |   0.5679 |  5.033704e+05 |   +1.77% |  1.36e-09 |      
      930 |   0.5359 |  5.114338e+05 |   +1.60% |  2.00e-09 |      
      940 |   0.5091 |  5.168025e+05 |   +1.05% |  2.95e-09 |      
      950 |   0.4855 |  5.215715e+05 |   +0.92% |  4.34e-09 |      
      960 |   0.4583 |  5.232966e+05 |   +0.33% |  6.40e-09 |      
      970 |   0.4266 |  5.249872e+05 |   +0.32% |  9.42e-09 |      
      980 |   0.3929 |  5.267810e+05 |   +0.34% |  1.39e-08 |      
      990 |   0.3606 |  5.282940e+05 |   +0.29% |  2.04e-08 |      
     1000 |   0.3260 |  5.288986e+05 |   +0.11% |  3.01e-08 |      
[INFO GPL-0040] Routability iteration: 7
[INFO GPL-0041] Total routing overflow: 5.5015
[INFO GPL-0042] Number of overflowed tiles: 102 (1.18%)
[INFO GPL-0043] Average top 0.5% routing congestion: 1.0919
[INFO GPL-0044] Average top 1.0% routing congestion: 1.0622
[INFO GPL-0045] Average top 2.0% routing congestion: 1.0258
[INFO GPL-0046] Average top 5.0% routing congestion: 0.9732
[INFO GPL-0047] Routability iteration weighted routing congestion: 1.0771
[INFO GPL-0048] Routing congestion (1.0771) lower than previous minimum (1.081). Updating minimum.
[INFO GPL-0086] Inflated area:                 730.586 um^2 (+0.35%)
[INFO GPL-0052] Placement target density:       0.6641
[INFO GPL-0076] Removing fillers, count: Before: 4735, After: 4678 (-1.20%)
[INFO GPL-0077] Filler area (um^2)     : Before: 60090.985, After: 59367.609 (-1.20%)
[INFO GPL-0078] Removed fillers count: 57, area removed: 723.376 um^2. Remaining area to be compensated by modifying density: 7.210 um^2
[INFO GPL-0058] White space area:           406252.128 um^2 (+0.00%)
[INFO GPL-0059] Movable instances area:     269784.498 um^2 (+0.00%)
[INFO GPL-0060] Total filler area:           59367.609 um^2 (-1.20%)
[INFO GPL-0061] Total non-inflated area:    269814.589 um^2 (+0.00%)
[INFO GPL-0062] Total inflated area:        270545.175 um^2 (+0.00%)
[INFO GPL-0063] New Target Density:             0.6641
[INFO GPL-0087] Routability end iteration: increase inflation and revert back to snapshot.
Iteration | Overflow |     HPWL (um) |  HPWL(%) |   Penalty | Group
---------------------------------------------------------------
     1010 |   0.6068 |  4.913256e+05 |   -7.10% |  7.33e-10 |      
     1020 |   0.5878 |  4.965988e+05 |   +1.07% |  1.08e-09 |      
     1030 |   0.5531 |  5.093680e+05 |   +2.57% |  1.59e-09 |      
     1040 |   0.5252 |  5.145562e+05 |   +1.02% |  2.34e-09 |      
     1050 |   0.5015 |  5.200654e+05 |   +1.07% |  3.44e-09 |      
     1060 |   0.4745 |  5.243344e+05 |   +0.82% |  5.07e-09 |      
     1070 |   0.4453 |  5.253396e+05 |   +0.19% |  7.47e-09 |      
     1080 |   0.4129 |  5.268177e+05 |   +0.28% |  1.10e-08 |      
     1090 |   0.3792 |  5.285455e+05 |   +0.33% |  1.62e-08 |      
     1100 |   0.3466 |  5.300408e+05 |   +0.28% |  2.39e-08 |      
     1110 |   0.3120 |  5.310833e+05 |   +0.20% |  3.52e-08 |      
[INFO GPL-0040] Routability iteration: 8
[INFO GPL-0041] Total routing overflow: 4.3021
[INFO GPL-0042] Number of overflowed tiles: 108 (1.25%)
[INFO GPL-0043] Average top 0.5% routing congestion: 1.0725
[INFO GPL-0044] Average top 1.0% routing congestion: 1.0481
[INFO GPL-0045] Average top 2.0% routing congestion: 1.0184
[INFO GPL-0046] Average top 5.0% routing congestion: 0.9686
[INFO GPL-0047] Routability iteration weighted routing congestion: 1.0603
[INFO GPL-0048] Routing congestion (1.0603) lower than previous minimum (1.077). Updating minimum.
[INFO GPL-0086] Inflated area:                 553.842 um^2 (+0.26%)
[INFO GPL-0052] Placement target density:       0.6641
[INFO GPL-0076] Removing fillers, count: Before: 4678, After: 4635 (-0.92%)
[INFO GPL-0077] Filler area (um^2)     : Before: 59367.609, After: 58821.904 (-0.92%)
[INFO GPL-0078] Removed fillers count: 43, area removed: 545.705 um^2. Remaining area to be compensated by modifying density: 8.138 um^2
[INFO GPL-0058] White space area:           406252.128 um^2 (+0.00%)
[INFO GPL-0059] Movable instances area:     269784.498 um^2 (+0.00%)
[INFO GPL-0060] Total filler area:           58821.904 um^2 (-0.92%)
[INFO GPL-0061] Total non-inflated area:    269822.727 um^2 (+0.00%)
[INFO GPL-0062] Total inflated area:        270376.569 um^2 (+0.00%)
[INFO GPL-0063] New Target Density:             0.6641
[INFO GPL-0087] Routability end iteration: increase inflation and revert back to snapshot.
Iteration | Overflow |     HPWL (um) |  HPWL(%) |   Penalty | Group
---------------------------------------------------------------
     1120 |   0.5948 |  4.963168e+05 |   -6.55% |  8.55e-10 |      
     1130 |   0.5757 |  5.020677e+05 |   +1.16% |  1.26e-09 |      
     1140 |   0.5405 |  5.128470e+05 |   +2.15% |  1.85e-09 |      
     1150 |   0.5143 |  5.183057e+05 |   +1.06% |  2.73e-09 |      
     1160 |   0.4926 |  5.232067e+05 |   +0.95% |  4.02e-09 |      
     1170 |   0.4633 |  5.255641e+05 |   +0.45% |  5.92e-09 |      
     1180 |   0.4326 |  5.268125e+05 |   +0.24% |  8.72e-09 |      
     1190 |   0.3991 |  5.287086e+05 |   +0.36% |  1.28e-08 |      
     1200 |   0.3670 |  5.303869e+05 |   +0.32% |  1.89e-08 |      
     1210 |   0.3325 |  5.311516e+05 |   +0.14% |  2.79e-08 |      
     1220 |   0.2977 |  5.327473e+05 |   +0.30% |  4.10e-08 |      
[INFO GPL-0040] Routability iteration: 9
[INFO GPL-0041] Total routing overflow: 3.9214
[INFO GPL-0042] Number of overflowed tiles: 99 (1.14%)
[INFO GPL-0043] Average top 0.5% routing congestion: 1.0681
[INFO GPL-0044] Average top 1.0% routing congestion: 1.0445
[INFO GPL-0045] Average top 2.0% routing congestion: 1.0141
[INFO GPL-0046] Average top 5.0% routing congestion: 0.9669
[INFO GPL-0047] Routability iteration weighted routing congestion: 1.0563
[INFO GPL-0048] Routing congestion (1.0563) lower than previous minimum (1.06). Updating minimum.
[INFO GPL-0086] Inflated area:                 489.787 um^2 (+0.23%)
[INFO GPL-0052] Placement target density:       0.6641
[INFO GPL-0076] Removing fillers, count: Before: 4635, After: 4597 (-0.82%)
[INFO GPL-0077] Filler area (um^2)     : Before: 58821.904, After: 58339.654 (-0.82%)
[INFO GPL-0078] Removed fillers count: 38, area removed: 482.251 um^2. Remaining area to be compensated by modifying density: 7.536 um^2
[INFO GPL-0058] White space area:           406252.128 um^2 (+0.00%)
[INFO GPL-0059] Movable instances area:     269784.498 um^2 (+0.00%)
[INFO GPL-0060] Total filler area:           58339.654 um^2 (-0.82%)
[INFO GPL-0061] Total non-inflated area:    269830.263 um^2 (+0.00%)
[INFO GPL-0062] Total inflated area:        270320.050 um^2 (+0.00%)
[INFO GPL-0063] New Target Density:             0.6641
[INFO GPL-0087] Routability end iteration: increase inflation and revert back to snapshot.
Iteration | Overflow |     HPWL (um) |  HPWL(%) |   Penalty | Group
---------------------------------------------------------------
     1230 |   0.5912 |  4.965175e+05 |   -6.80% |  9.99e-10 |      
     1240 |   0.5603 |  5.083821e+05 |   +2.39% |  1.47e-09 |      
     1250 |   0.5316 |  5.151464e+05 |   +1.33% |  2.16e-09 |      
     1260 |   0.5034 |  5.216217e+05 |   +1.26% |  3.19e-09 |      
     1270 |   0.4801 |  5.257951e+05 |   +0.80% |  4.69e-09 |      
     1280 |   0.4511 |  5.266409e+05 |   +0.16% |  6.91e-09 |      
     1290 |   0.4205 |  5.284000e+05 |   +0.33% |  1.02e-08 |      
     1300 |   0.3860 |  5.303938e+05 |   +0.38% |  1.50e-08 |      
     1310 |   0.3532 |  5.320585e+05 |   +0.31% |  2.21e-08 |      
     1320 |   0.3198 |  5.329017e+05 |   +0.16% |  3.25e-08 |      
[INFO GPL-0040] Routability iteration: 10
[INFO GPL-0041] Total routing overflow: 3.2357
[INFO GPL-0042] Number of overflowed tiles: 88 (1.02%)
[INFO GPL-0043] Average top 0.5% routing congestion: 1.0585
[INFO GPL-0044] Average top 1.0% routing congestion: 1.0372
[INFO GPL-0045] Average top 2.0% routing congestion: 1.0097
[INFO GPL-0046] Average top 5.0% routing congestion: 0.9637
[INFO GPL-0047] Routability iteration weighted routing congestion: 1.0478
[INFO GPL-0048] Routing congestion (1.0478) lower than previous minimum (1.056). Updating minimum.
[INFO GPL-0086] Inflated area:                 447.944 um^2 (+0.21%)
[INFO GPL-0052] Placement target density:       0.6641
[INFO GPL-0076] Removing fillers, count: Before: 4597, After: 4562 (-0.76%)
[INFO GPL-0077] Filler area (um^2)     : Before: 58339.654, After: 57895.475 (-0.76%)
[INFO GPL-0078] Removed fillers count: 35, area removed: 444.178 um^2. Remaining area to be compensated by modifying density: 3.766 um^2
[INFO GPL-0058] White space area:           406252.128 um^2 (+0.00%)
[INFO GPL-0059] Movable instances area:     269784.498 um^2 (+0.00%)
[INFO GPL-0060] Total filler area:           57895.475 um^2 (-0.76%)
[INFO GPL-0061] Total non-inflated area:    269834.029 um^2 (+0.00%)
[INFO GPL-0062] Total inflated area:        270281.973 um^2 (+0.00%)
[INFO GPL-0063] New Target Density:             0.6641
[INFO GPL-0087] Routability end iteration: increase inflation and revert back to snapshot.
Iteration | Overflow |     HPWL (um) |  HPWL(%) |   Penalty | Group
---------------------------------------------------------------
     1330 |   0.6009 |  4.950559e+05 |   -7.10% |  7.92e-10 |      
     1340 |   0.5823 |  5.003413e+05 |   +1.07% |  1.17e-09 |      
     1350 |   0.5460 |  5.132041e+05 |   +2.57% |  1.72e-09 |      
     1360 |   0.5199 |  5.187282e+05 |   +1.08% |  2.53e-09 |      
     1370 |   0.4980 |  5.240424e+05 |   +1.02% |  3.72e-09 |      
     1380 |   0.4701 |  5.271606e+05 |   +0.60% |  5.48e-09 |      
     1390 |   0.4390 |  5.280910e+05 |   +0.18% |  8.07e-09 |      
     1400 |   0.4073 |  5.298325e+05 |   +0.33% |  1.19e-08 |      
     1410 |   0.3723 |  5.321805e+05 |   +0.44% |  1.75e-08 |      
     1420 |   0.3396 |  5.333049e+05 |   +0.21% |  2.58e-08 |      
     1430 |   0.3052 |  5.343912e+05 |   +0.20% |  3.80e-08 |      
[INFO GPL-0040] Routability iteration: 11
[INFO GPL-0041] Total routing overflow: 3.2276
[INFO GPL-0042] Number of overflowed tiles: 93 (1.08%)
[INFO GPL-0043] Average top 0.5% routing congestion: 1.0592
[INFO GPL-0044] Average top 1.0% routing congestion: 1.0370
[INFO GPL-0045] Average top 2.0% routing congestion: 1.0102
[INFO GPL-0046] Average top 5.0% routing congestion: 0.9642
[INFO GPL-0047] Routability iteration weighted routing congestion: 1.0481
[INFO GPL-0049] Routing congestion (1.0481) higher than minimum (1.0478). Consecutive non-improvement count: 1.
[INFO GPL-0086] Inflated area:                 385.443 um^2 (+0.18%)
[INFO GPL-0052] Placement target density:       0.6641
[INFO GPL-0076] Removing fillers, count: Before: 4562, After: 4532 (-0.66%)
[INFO GPL-0077] Filler area (um^2)     : Before: 57895.475, After: 57514.751 (-0.66%)
[INFO GPL-0078] Removed fillers count: 30, area removed: 380.724 um^2. Remaining area to be compensated by modifying density: 4.719 um^2
[INFO GPL-0058] White space area:           406252.128 um^2 (+0.00%)
[INFO GPL-0059] Movable instances area:     269784.498 um^2 (+0.00%)
[INFO GPL-0060] Total filler area:           57514.751 um^2 (-0.66%)
[INFO GPL-0061] Total non-inflated area:    269838.748 um^2 (+0.00%)
[INFO GPL-0062] Total inflated area:        270224.191 um^2 (+0.00%)
[INFO GPL-0063] New Target Density:             0.6641
[INFO GPL-0087] Routability end iteration: increase inflation and revert back to snapshot.
Iteration | Overflow |     HPWL (um) |  HPWL(%) |   Penalty | Group
---------------------------------------------------------------
     1440 |   0.5934 |  4.972185e+05 |   -6.96% |  9.24e-10 |      
     1450 |   0.5680 |  5.065765e+05 |   +1.88% |  1.36e-09 |      
     1460 |   0.5358 |  5.155316e+05 |   +1.77% |  2.00e-09 |      
     1470 |   0.5090 |  5.222726e+05 |   +1.31% |  2.95e-09 |      
     1480 |   0.4863 |  5.268209e+05 |   +0.87% |  4.34e-09 |      
     1490 |   0.4581 |  5.280075e+05 |   +0.23% |  6.39e-09 |      
     1500 |   0.4261 |  5.292506e+05 |   +0.24% |  9.42e-09 |      
     1510 |   0.3930 |  5.315909e+05 |   +0.44% |  1.39e-08 |      
     1520 |   0.3613 |  5.339056e+05 |   +0.44% |  2.04e-08 |      
     1530 |   0.3256 |  5.342361e+05 |   +0.06% |  3.01e-08 |      
[INFO GPL-0040] Routability iteration: 12
[INFO GPL-0041] Total routing overflow: 2.7340
[INFO GPL-0042] Number of overflowed tiles: 92 (1.06%)
[INFO GPL-0043] Average top 0.5% routing congestion: 1.0495
[INFO GPL-0044] Average top 1.0% routing congestion: 1.0314
[INFO GPL-0045] Average top 2.0% routing congestion: 1.0082
[INFO GPL-0046] Average top 5.0% routing congestion: 0.9648
[INFO GPL-0047] Routability iteration weighted routing congestion: 1.0404
[INFO GPL-0048] Routing congestion (1.0404) lower than previous minimum (1.048). Updating minimum.
[INFO GPL-0086] Inflated area:                 342.977 um^2 (+0.16%)
[INFO GPL-0052] Placement target density:       0.6641
[INFO GPL-0076] Removing fillers, count: Before: 4532, After: 4505 (-0.60%)
[INFO GPL-0077] Filler area (um^2)     : Before: 57514.751, After: 57172.099 (-0.60%)
[INFO GPL-0078] Removed fillers count: 27, area removed: 342.652 um^2. Remaining area to be compensated by modifying density: 0.325 um^2
[INFO GPL-0058] White space area:           406252.128 um^2 (+0.00%)
[INFO GPL-0059] Movable instances area:     269784.498 um^2 (+0.00%)
[INFO GPL-0060] Total filler area:           57172.099 um^2 (-0.60%)
[INFO GPL-0061] Total non-inflated area:    269839.073 um^2 (+0.00%)
[INFO GPL-0062] Total inflated area:        270182.050 um^2 (+0.00%)
[INFO GPL-0063] New Target Density:             0.6641
[INFO GPL-0087] Routability end iteration: increase inflation and revert back to snapshot.
Iteration | Overflow |     HPWL (um) |  HPWL(%) |   Penalty | Group
---------------------------------------------------------------
     1540 |   0.6101 |  4.913708e+05 |   -8.02% |  7.33e-10 |      
     1550 |   0.5877 |  4.991339e+05 |   +1.58% |  1.08e-09 |      
     1560 |   0.5522 |  5.124720e+05 |   +2.67% |  1.59e-09 |      
     1570 |   0.5258 |  5.185018e+05 |   +1.18% |  2.34e-09 |      
     1580 |   0.5014 |  5.248360e+05 |   +1.22% |  3.44e-09 |      
     1590 |   0.4751 |  5.285843e+05 |   +0.71% |  5.07e-09 |      
     1600 |   0.4443 |  5.290507e+05 |   +0.09% |  7.47e-09 |      
     1610 |   0.4120 |  5.305449e+05 |   +0.28% |  1.10e-08 |      
     1620 |   0.3797 |  5.332767e+05 |   +0.51% |  1.62e-08 |      
     1630 |   0.3474 |  5.350089e+05 |   +0.32% |  2.39e-08 |      
     1640 |   0.3133 |  5.353094e+05 |   +0.06% |  3.51e-08 |      
[INFO GPL-0040] Routability iteration: 13
[INFO GPL-0041] Total routing overflow: 2.7411
[INFO GPL-0042] Number of overflowed tiles: 88 (1.02%)
[INFO GPL-0043] Average top 0.5% routing congestion: 1.0490
[INFO GPL-0044] Average top 1.0% routing congestion: 1.0315
[INFO GPL-0045] Average top 2.0% routing congestion: 1.0088
[INFO GPL-0046] Average top 5.0% routing congestion: 0.9639
[INFO GPL-0047] Routability iteration weighted routing congestion: 1.0403
[INFO GPL-0049] Routing congestion (1.0403) higher than minimum (1.0404). Consecutive non-improvement count: 1.
[INFO GPL-0086] Inflated area:                 388.141 um^2 (+0.18%)
[INFO GPL-0052] Placement target density:       0.6641
[INFO GPL-0076] Removing fillers, count: Before: 4505, After: 4475 (-0.67%)
[INFO GPL-0077] Filler area (um^2)     : Before: 57172.099, After: 56791.375 (-0.67%)
[INFO GPL-0078] Removed fillers count: 30, area removed: 380.724 um^2. Remaining area to be compensated by modifying density: 7.417 um^2
[INFO GPL-0058] White space area:           406252.128 um^2 (+0.00%)
[INFO GPL-0059] Movable instances area:     269784.498 um^2 (+0.00%)
[INFO GPL-0060] Total filler area:           56791.375 um^2 (-0.67%)
[INFO GPL-0061] Total non-inflated area:    269846.490 um^2 (+0.00%)
[INFO GPL-0062] Total inflated area:        270234.631 um^2 (+0.00%)
[INFO GPL-0063] New Target Density:             0.6641
[INFO GPL-0087] Routability end iteration: increase inflation and revert back to snapshot.
Iteration | Overflow |     HPWL (um) |  HPWL(%) |   Penalty | Group
---------------------------------------------------------------
     1650 |   0.5964 |  4.978367e+05 |   -7.00% |  8.55e-10 |      
     1660 |   0.5748 |  5.044270e+05 |   +1.32% |  1.26e-09 |      
     1670 |   0.5408 |  5.159266e+05 |   +2.28% |  1.85e-09 |      
     1680 |   0.5137 |  5.225157e+05 |   +1.28% |  2.73e-09 |      
     1690 |   0.4921 |  5.274999e+05 |   +0.95% |  4.02e-09 |      
     1700 |   0.4628 |  5.293159e+05 |   +0.34% |  5.92e-09 |      
     1710 |   0.4312 |  5.299511e+05 |   +0.12% |  8.72e-09 |      
     1720 |   0.4010 |  5.323513e+05 |   +0.45% |  1.28e-08 |      
     1730 |   0.3675 |  5.352030e+05 |   +0.54% |  1.89e-08 |      
     1740 |   0.3324 |  5.356534e+05 |   +0.08% |  2.78e-08 |      
     1750 |   0.2973 |  5.369682e+05 |   +0.25% |  4.10e-08 |      
[INFO GPL-0040] Routability iteration: 14
[INFO GPL-0041] Total routing overflow: 2.7268
[INFO GPL-0042] Number of overflowed tiles: 81 (0.94%)
[INFO GPL-0043] Average top 0.5% routing congestion: 1.0510
[INFO GPL-0044] Average top 1.0% routing congestion: 1.0312
[INFO GPL-0045] Average top 2.0% routing congestion: 1.0064
[INFO GPL-0046] Average top 5.0% routing congestion: 0.9630
[INFO GPL-0047] Routability iteration weighted routing congestion: 1.0411
[INFO GPL-0049] Routing congestion (1.0411) higher than minimum (1.0404). Consecutive non-improvement count: 2.
[INFO GPL-0086] Inflated area:                 360.148 um^2 (+0.17%)
[INFO GPL-0052] Placement target density:       0.6641
[INFO GPL-0076] Removing fillers, count: Before: 4475, After: 4447 (-0.63%)
[INFO GPL-0077] Filler area (um^2)     : Before: 56791.375, After: 56436.032 (-0.63%)
[INFO GPL-0078] Removed fillers count: 28, area removed: 355.343 um^2. Remaining area to be compensated by modifying density: 4.805 um^2
[INFO GPL-0058] White space area:           406252.128 um^2 (+0.00%)
[INFO GPL-0059] Movable instances area:     269784.498 um^2 (+0.00%)
[INFO GPL-0060] Total filler area:           56436.032 um^2 (-0.63%)
[INFO GPL-0061] Total non-inflated area:    269851.295 um^2 (+0.00%)
[INFO GPL-0062] Total inflated area:        270211.443 um^2 (+0.00%)
[INFO GPL-0063] New Target Density:             0.6641
[INFO GPL-0087] Routability end iteration: increase inflation and revert back to snapshot.
Iteration | Overflow |     HPWL (um) |  HPWL(%) |   Penalty | Group
---------------------------------------------------------------
     1760 |   0.5912 |  4.986631e+05 |   -7.13% |  9.98e-10 |      
     1770 |   0.5601 |  5.109951e+05 |   +2.47% |  1.47e-09 |      
     1780 |   0.5314 |  5.183951e+05 |   +1.45% |  2.16e-09 |      
     1790 |   0.5041 |  5.256059e+05 |   +1.39% |  3.18e-09 |      
     1800 |   0.4802 |  5.296831e+05 |   +0.78% |  4.69e-09 |      
     1810 |   0.4516 |  5.297770e+05 |   +0.02% |  6.91e-09 |      
     1820 |   0.4195 |  5.312435e+05 |   +0.28% |  1.02e-08 |      
     1830 |   0.3870 |  5.342810e+05 |   +0.57% |  1.50e-08 |      
     1840 |   0.3544 |  5.366617e+05 |   +0.45% |  2.21e-08 |      
     1850 |   0.3194 |  5.365592e+05 |   -0.02% |  3.25e-08 |      
[INFO GPL-0040] Routability iteration: 15
[INFO GPL-0041] Total routing overflow: 2.6792
[INFO GPL-0042] Number of overflowed tiles: 78 (0.90%)
[INFO GPL-0043] Average top 0.5% routing congestion: 1.0537
[INFO GPL-0044] Average top 1.0% routing congestion: 1.0307
[INFO GPL-0045] Average top 2.0% routing congestion: 1.0060
[INFO GPL-0046] Average top 5.0% routing congestion: 0.9625
[INFO GPL-0047] Routability iteration weighted routing congestion: 1.0422
[INFO GPL-0049] Routing congestion (1.0422) higher than minimum (1.0404). Consecutive non-improvement count: 3.
[INFO GPL-0086] Inflated area:                 315.034 um^2 (+0.15%)
[INFO GPL-0052] Placement target density:       0.6641
[INFO GPL-0076] Removing fillers, count: Before: 4447, After: 4423 (-0.54%)
[INFO GPL-0077] Filler area (um^2)     : Before: 56436.032, After: 56131.453 (-0.54%)
[INFO GPL-0078] Removed fillers count: 24, area removed: 304.579 um^2. Remaining area to be compensated by modifying density: 10.455 um^2
[INFO GPL-0054] No improvement in routing congestion for 3 consecutive iterations (limit is 3).
[INFO GPL-0055] Reverting inflation values and target density from the iteration with minimum observed routing congestion.
[INFO GPL-0056] Minimum observed routing congestion: 1.0404
[INFO GPL-0057] Target density at minimum routing congestion: 0.6641
[INFO GPL-0080] Restoring 109 previously removed fillers.
[INFO GPL-0081] Number of fillers before restoration 4423 and after 4532 . Relative change: +2.46%%
[INFO GPL-0082] Total filler area before restoration 56131.45 and after 57514.75 (um^2). Relative change: +2.46%%
[INFO GPL-0089] Routability finished. Reverting to minimal observed routing congestion, could not reach target.
Iteration | Overflow |     HPWL (um) |  HPWL(%) |   Penalty | Group
---------------------------------------------------------------
     1860 |   0.5985 |  4.948741e+05 |   -7.77% |  7.92e-10 |      
     1870 |   0.5806 |  4.997685e+05 |   +0.99% |  1.17e-09 |      
     1880 |   0.5443 |  5.128431e+05 |   +2.62% |  1.72e-09 |      
     1890 |   0.5184 |  5.187101e+05 |   +1.14% |  2.53e-09 |      
     1900 |   0.4968 |  5.243698e+05 |   +1.09% |  3.72e-09 |      
     1910 |   0.4678 |  5.276201e+05 |   +0.62% |  5.48e-09 |      
     1920 |   0.4369 |  5.285407e+05 |   +0.17% |  8.07e-09 |      
     1930 |   0.4056 |  5.301289e+05 |   +0.30% |  1.19e-08 |      
     1940 |   0.3721 |  5.326960e+05 |   +0.48% |  1.75e-08 |      
     1950 |   0.3372 |  5.340486e+05 |   +0.25% |  2.58e-08 |      
     1960 |   0.3053 |  5.349233e+05 |   +0.16% |  3.80e-08 |      
     1970 |   0.2708 |  5.358676e+05 |   +0.18% |  5.59e-08 |      
     1980 |   0.2364 |  5.369994e+05 |   +0.21% |  8.24e-08 |      
     1990 |   0.2039 |  5.385186e+05 |   +0.28% |  1.21e-07 |      
[INFO GPL-0100] Timing-driven iteration 2/2, virtual: false.
[INFO GPL-0101]    Iter: 1995, overflow: 0.192, keep resizer changes at: 1, HPWL: 538920083
Iteration |   Area    | Resized | Buffers | Nets repaired | Remaining
---------------------------------------------------------------------
        0 |     +0.0% |       0 |       0 |             0 |     18372
    final |     +0.0% |       3 |       1 |             4 |         0
---------------------------------------------------------------------
[INFO RSZ-0034] Found 4 slew violations.
[INFO RSZ-0039] Resized 3 instances.
[INFO RSZ-0038] Inserted 1 buffers in 4 nets.
   Iter   |    Area   | Removed | Inserted |   Pins
          |           | Buffers | Buffers  | Remaining
-------------------------------------------------------
        0 |     +0.0% |       0 |        0 |     14719
     1400 |     +0.1% |     361 |      387 |     13319
     2800 |     -0.0% |     441 |      451 |     11919
     4200 |     -0.1% |     549 |      542 |     10519
     5600 |     -0.1% |     596 |      596 |      9119
     7000 |     +0.2% |     720 |      790 |      7719
     8400 |     +0.2% |     750 |      830 |      6319
     9800 |     +0.3% |     976 |     1064 |      4919
    11200 |     +0.4% |    1118 |     1214 |      3519
    12600 |     +0.6% |    1679 |     1778 |      2119
    14000 |     -0.1% |    2953 |     2859 |       719
    final |     -0.2% |    3137 |     3035 |         0
-------------------------------------------------------
[INFO GPL-0106] Timing-driven: worst slack -1.4410135e-09
[INFO GPL-0107] Timing-driven: repair_design delta area: -1910.549 um^2 (-0.90%)
[INFO GPL-0108] Timing-driven: repair_design, gpl delta gcells: -101 (-0.58%)
[INFO GPL-0109] Timing-driven: repair_design, gcells created: 3036, deleted: 3137
[INFO GPL-0110] Timing-driven: new target density: 0.6621983
Iteration | Overflow |     HPWL (um) |  HPWL(%) |   Penalty | Group
---------------------------------------------------------------
     2000 |   0.1800 |  5.743590e+05 |   +6.66% |  1.78e-07 |      
     2010 |   0.1523 |  5.627119e+05 |   -2.03% |  2.62e-07 |      
     2020 |   0.1278 |  5.605809e+05 |   -0.38% |  3.86e-07 |      
     2030 |   0.1096 |  5.601885e+05 |   -0.07% |  5.69e-07 |      
     2036 |   0.0996 |  5.601549e+05 |          |  7.47e-07 |      
---------------------------------------------------------------
[INFO GPL-1001] Global placement finished at iteration 2036
[INFO GPL-1017] Routability mode iteration count: 1664
[INFO GPL-1005] Routability final weighted congestion: 1.0539
[INFO GPL-1002] Placed Cell Area            210413.4479
[INFO GPL-1003] Available Free Area         406252.1280
[INFO GPL-1004] Minimum Feasible Density        0.4400 (cell_area / free_area)
[INFO GPL-1006]   Suggested Target Densities:
[INFO GPL-1007]     - For 90% usage of free space: 0.5755
[INFO GPL-1008]     - For 80% usage of free space: 0.6474
[INFO GPL-1011] Original area (um^2): 175087.09
[INFO GPL-1012] Total routability artificial inflation: 11203.68 (+6.40%)
[INFO GPL-1013] Total timing-driven delta area: 24122.67 (+13.78%)
[INFO GPL-1014] Final placement area: 210413.45 (+20.18%)
Took 25 seconds: global_placement -density 0.6 -pad_left 0 -pad_right 0 -routability_driven -timing_driven -force_center_initial_place -min_phi_coef 0.95 -max_phi_coef 1.05
estimate_parasitics -placement
Report metrics stage 3, global place...

==========================================================================
global place report_design_area
--------------------------------------------------------------------------
Design area 201078 um^2 49% utilization.
write_db ./results/sky130hd/chia_sha256_benchmark_corrupted/slot2/3_3_place_gp.odb
Log                       Ext     Elapsed/s Peak Memory/MB sha1sum result [0:20)
3_3_place_gp              .odb           28            494 7c9da2476c0cfca221a0
/root/OpenROAD-flow-scripts/flow/scripts/flow.sh 3_4_place_resized resize
Running resize.tcl, stage 3_4_place_resized
read_liberty /root/OpenROAD-flow-scripts/flow/platforms/sky130hd/lib/sky130_fd_sc_hd__tt_025C_1v80.lib
read_db ./results/sky130hd/chia_sha256_benchmark_corrupted/slot2/3_3_place_gp.odb
read_sdc ./results/sky130hd/chia_sha256_benchmark_corrupted/slot2/2_floorplan.sdc
source /root/OpenROAD-flow-scripts/flow/platforms/sky130hd/setRC.tcl
estimate_parasitics -placement
Perform buffer insertion and gate resizing...
repair_design -verbose -match_cell_footprint
Iteration |   Area    | Resized | Buffers | Nets repaired | Remaining
---------------------------------------------------------------------
        0 |     +0.0% |       0 |       0 |             0 |     18271
     1000 |     +0.0% |       0 |       0 |             0 |     17271
     2000 |     +0.0% |       0 |       0 |             0 |     16271
     3000 |     +0.0% |       0 |       0 |             0 |     15271
     4000 |     +0.0% |       0 |       0 |             0 |     14271
     5000 |     +0.0% |       0 |       0 |             0 |     13271
     6000 |     +0.0% |       0 |       0 |             0 |     12271
     7000 |     +0.0% |       0 |       0 |             0 |     11271
     8000 |     +0.0% |       0 |       0 |             0 |     10271
     9000 |     +0.0% |       0 |       0 |             0 |      9271
    10000 |     +0.0% |       0 |       0 |             0 |      8271
    11000 |     +0.0% |       0 |       0 |             0 |      7271
    12000 |     +0.0% |       0 |       0 |             0 |      6271
    13000 |     +0.0% |       0 |       0 |             0 |      5271
    14000 |     +0.0% |       0 |       0 |             0 |      4271
    15000 |     +0.0% |       0 |       0 |             0 |      3271
    16000 |     +0.0% |       0 |       0 |             0 |      2271
    17000 |     +0.0% |       0 |       0 |             0 |      1271
    18000 |     +0.0% |       0 |       0 |             0 |       271
    final |     +0.0% |       0 |       0 |             0 |         0
---------------------------------------------------------------------
[INFO RSZ-0504] Runtime: 0.80s
Repair setup and hold violations...
estimate_parasitics -placement
repair_timing -repair_tns 100 -match_cell_footprint -verbose
[INFO RSZ-0100] Repair move sequence: UnbufferMove SizeUpMove SwapPinsMove BufferMove CloneMove SplitLoadMove 
[INFO RSZ-0094] Found 90 endpoints with setup violations.
[INFO RSZ-0099] Repairing 90 out of 90 (100.00%) violating endpoints...
   Iter   | Removed | Resized | Inserted | Cloned |  Pin  |   Area   |    WNS   |   StTNS    |   EnTNS    |  Viol  |  Worst  
          | Buffers |  Gates  | Buffers  |  Gates | Swaps |          |          |            |            | Endpts | St/EnPt 
------------------------------------------------------------------------------------------------------------------------------
       0* |       0 |       0 |        0 |      0 |     0 |    +0.0% |   -2.020 |     -694.5 |      -88.7 |     90 | digest\[255\]$_DFFE_PN0P_/D
      10* |       0 |       7 |        1 |      0 |     1 |    +0.0% |   -1.566 |     -490.1 |      -57.0 |     90 | digest\[253\]$_DFFE_PN0P_/D
      20* |       0 |      15 |        4 |      0 |     2 |    +0.1% |   -1.415 |     -413.0 |      -48.1 |     90 | digest\[255\]$_DFFE_PN0P_/D
      30* |       0 |      24 |        4 |      0 |     3 |    +0.1% |   -1.373 |     -371.2 |      -45.5 |     90 | digest\[255\]$_DFFE_PN0P_/D
      40* |       0 |      33 |        4 |      1 |     3 |    +0.1% |   -1.337 |     -360.0 |      -43.3 |     90 | digest\[255\]$_DFFE_PN0P_/D
      50* |       0 |      39 |        6 |      3 |     4 |    +0.2% |   -1.311 |     -348.2 |      -41.8 |     90 | digest\[255\]$_DFFE_PN0P_/D
      60* |       0 |      45 |        8 |      5 |     5 |    +0.3% |   -1.292 |     -349.0 |      -40.6 |     90 | digest\[255\]$_DFFE_PN0P_/D
      70* |       0 |      49 |       10 |      7 |     7 |    +0.3% |   -1.285 |     -330.6 |      -40.4 |     90 | digest\[255\]$_DFFE_PN0P_/D
      80* |       0 |      55 |       10 |      9 |     9 |    +0.4% |   -1.287 |     -290.8 |      -40.8 |     90 | digest\[255\]$_DFFE_PN0P_/D
      90* |       0 |      63 |       13 |     10 |     9 |    +0.4% |   -1.340 |     -277.1 |      -45.2 |     90 | digest\[255\]$_DFFE_PN0P_/D
     100* |       0 |      69 |       15 |     11 |    11 |    +0.5% |   -1.230 |     -261.3 |      -38.8 |     90 | digest\[255\]$_DFFE_PN0P_/D
     110* |       0 |      76 |       17 |     11 |    13 |    +0.5% |   -1.203 |     -237.5 |      -38.1 |     90 | digest\[255\]$_DFFE_PN0P_/D
     120* |       0 |      81 |       18 |     14 |    14 |    +0.5% |   -1.277 |     -235.1 |      -43.4 |     90 | digest\[255\]$_DFFE_PN0P_/D
     130* |       0 |      83 |       22 |     14 |    18 |    +0.6% |   -1.207 |     -208.4 |      -39.3 |     90 | digest\[255\]$_DFFE_PN0P_/D
     140* |       0 |      90 |       23 |     14 |    20 |    +0.6% |   -1.190 |     -163.1 |      -38.6 |     90 | digest\[255\]$_DFFE_PN0P_/D
     150* |       0 |      92 |       27 |     14 |    25 |    +0.6% |   -1.222 |     -192.5 |      -41.0 |     90 | digest\[255\]$_DFFE_PN0P_/D
     160* |       0 |      97 |       32 |     14 |    27 |    +0.6% |   -1.222 |     -183.4 |      -42.4 |     90 | digest\[255\]$_DFFE_PN0P_/D
     170* |       0 |     105 |       32 |     14 |    29 |    +0.7% |   -1.183 |     -148.9 |      -40.7 |     90 | digest\[255\]$_DFFE_PN0P_/D
     180* |       0 |     108 |       33 |     14 |    35 |    +0.7% |   -1.219 |     -184.5 |      -40.6 |     90 | digest\[255\]$_DFFE_PN0P_/D
     190* |       0 |     114 |       33 |     14 |    39 |    +0.7% |   -1.137 |     -120.8 |      -39.8 |     90 | digest\[255\]$_DFFE_PN0P_/D
     200* |       0 |     119 |       35 |     14 |    43 |    +0.7% |   -1.152 |     -130.2 |      -40.0 |     90 | digest\[255\]$_DFFE_PN0P_/D
     210* |       0 |     123 |       36 |     15 |    47 |    +0.7% |   -1.194 |     -118.6 |      -42.1 |     90 | digest\[255\]$_DFFE_PN0P_/D
     220* |       0 |     126 |       37 |     15 |    53 |    +0.8% |   -1.164 |     -116.3 |      -41.3 |     90 | digest\[255\]$_DFFE_PN0P_/D
     230* |       0 |     129 |       37 |     15 |    60 |    +0.8% |   -1.159 |     -102.6 |      -41.1 |     90 | digest\[255\]$_DFFE_PN0P_/D
     240* |       0 |     132 |       39 |     15 |    65 |    +0.8% |   -1.197 |     -157.1 |      -40.4 |     90 | digest\[255\]$_DFFE_PN0P_/D
     250* |       0 |     136 |       41 |     18 |    66 |    +0.9% |   -1.226 |     -157.0 |      -42.6 |     90 | digest\[255\]$_DFFE_PN0P_/D
     260* |       0 |     141 |       42 |     19 |    69 |    +0.9% |   -1.193 |     -151.0 |      -40.4 |     90 | digest\[255\]$_DFFE_PN0P_/D
     270* |       0 |     142 |       42 |     19 |    78 |    +0.9% |   -1.192 |     -136.6 |      -41.3 |     90 | digest\[255\]$_DFFE_PN0P_/D
     280* |       0 |     142 |       45 |     19 |    85 |    +0.9% |   -1.316 |     -208.7 |      -46.3 |     90 | digest\[255\]$_DFFE_PN0P_/D
     281* |       0 |     130 |       37 |     15 |    60 |    +0.8% |   -1.124 |     -102.6 |      -40.4 |     90 | digest\[255\]$_DFFE_PN0P_/D
     290* |       0 |     134 |       40 |     16 |    61 |    +0.8% |   -1.154 |     -110.3 |      -41.4 |     90 | digest\[255\]$_DFFE_PN0P_/D
     300* |       0 |     138 |       44 |     18 |    61 |    +0.9% |   -1.239 |     -113.5 |      -47.5 |     90 | digest\[255\]$_DFFE_PN0P_/D
     310* |       0 |     146 |       44 |     18 |    63 |    +0.9% |   -1.188 |     -125.1 |      -42.5 |     90 | digest\[255\]$_DFFE_PN0P_/D
     310* |       0 |     131 |       39 |     15 |    61 |    +0.8% |   -1.119 |     -110.2 |      -39.6 |     90 | digest\[255\]$_DFFE_PN0P_/D
     320* |       0 |     136 |       40 |     15 |    64 |    +0.8% |   -1.119 |     -110.3 |      -39.4 |     90 | digest\[255\]$_DFFE_PN0P_/D
     330* |       0 |     138 |       42 |     16 |    69 |    +0.8% |   -1.240 |     -146.2 |      -44.9 |     90 | digest\[255\]$_DFFE_PN0P_/D
     340* |       0 |     139 |       42 |     16 |    78 |    +0.8% |   -1.332 |     -228.2 |      -45.6 |     90 | digest\[255\]$_DFFE_PN0P_/D
     350* |       0 |     143 |       44 |     16 |    82 |    +0.9% |   -1.314 |     -221.3 |      -44.1 |     90 | digest\[255\]$_DFFE_PN0P_/D
     360* |       0 |     149 |       44 |     16 |    86 |    +0.9% |   -1.269 |     -199.1 |      -42.9 |     90 | digest\[255\]$_DFFE_PN0P_/D
     363* |       0 |     133 |       39 |     15 |    61 |    +0.8% |   -1.119 |     -110.0 |      -39.5 |     90 | digest\[255\]$_DFFE_PN0P_/D
     370* |       0 |     136 |       41 |     16 |    61 |    +0.8% |   -1.154 |     -109.0 |      -41.4 |     90 | digest\[255\]$_DFFE_PN0P_/D
     380* |       0 |     139 |       45 |     18 |    63 |    +0.9% |   -1.231 |     -109.1 |      -47.5 |     90 | digest\[255\]$_DFFE_PN0P_/D
     387* |       0 |     133 |       40 |     15 |    61 |    +0.8% |   -1.116 |     -108.9 |      -39.6 |     90 | digest\[255\]$_DFFE_PN0P_/D
     390* |       0 |     134 |       40 |     15 |    62 |    +0.8% |   -1.116 |     -108.9 |      -39.6 |     90 | digest\[255\]$_DFFE_PN0P_/D
     400* |       1 |     138 |       43 |     18 |    62 |    +0.9% |   -1.206 |     -109.1 |      -44.3 |     90 | digest\[255\]$_DFFE_PN0P_/D
     410* |       1 |     146 |       45 |     18 |    62 |    +0.9% |   -1.156 |     -110.0 |      -42.1 |     90 | digest\[255\]$_DFFE_PN0P_/D
     410* |       0 |     134 |       40 |     15 |    62 |    +0.8% |   -1.116 |     -108.9 |      -39.6 |     90 | digest\[255\]$_DFFE_PN0P_/D
     420* |       0 |     139 |       41 |     15 |    65 |    +0.8% |   -1.116 |     -107.8 |      -39.3 |     90 | digest\[255\]$_DFFE_PN0P_/D
     430* |       0 |     145 |       42 |     15 |    68 |    +0.8% |   -1.108 |     -110.6 |      -38.8 |     90 | digest\[255\]$_DFFE_PN0P_/D
     440* |       1 |     148 |       45 |     16 |    70 |    +0.9% |   -1.193 |     -106.3 |      -44.5 |     90 | digest\[255\]$_DFFE_PN0P_/D
     450* |       1 |     151 |       47 |     16 |    75 |    +0.9% |   -1.169 |      -99.6 |      -42.7 |     90 | digest\[255\]$_DFFE_PN0P_/D
     460* |       1 |     158 |       48 |     16 |    77 |    +0.9% |   -1.151 |      -97.9 |      -41.4 |     90 | digest\[255\]$_DFFE_PN0P_/D
     461* |       0 |     143 |       42 |     15 |    67 |    +0.8% |   -1.101 |     -104.8 |      -38.0 |     90 | digest\[255\]$_DFFE_PN0P_/D
     470* |       0 |     145 |       44 |     17 |    70 |    +0.9% |   -1.243 |     -105.0 |      -48.0 |     90 | digest\[255\]$_DFFE_PN0P_/D
     480* |       0 |     151 |       48 |     17 |    71 |    +0.9% |   -1.147 |     -105.9 |      -41.7 |     90 | digest\[255\]$_DFFE_PN0P_/D
     483* |       0 |     143 |       42 |     15 |    67 |    +0.8% |   -1.101 |     -104.8 |      -38.0 |     90 | digest\[255\]$_DFFE_PN0P_/D
     490* |       0 |     146 |       43 |     15 |    69 |    +0.8% |   -1.101 |     -104.8 |      -37.6 |     90 | digest\[255\]$_DFFE_PN0P_/D
     500* |       2 |     152 |       45 |     16 |    69 |    +0.9% |   -1.171 |     -107.8 |      -41.6 |     90 | digest\[255\]$_DFFE_PN0P_/D
     510* |       2 |     155 |       47 |     16 |    74 |    +0.9% |   -1.151 |      -98.7 |      -40.2 |     90 | digest\[254\]$_DFFE_PN0P_/D
     520* |       2 |     162 |       51 |     16 |    74 |    +0.9% |   -1.128 |      -88.5 |      -39.4 |     90 | digest\[255\]$_DFFE_PN0P_/D
     530* |       2 |     165 |       55 |     17 |    77 |    +1.0% |   -1.143 |      -88.5 |      -40.4 |     90 | digest\[255\]$_DFFE_PN0P_/D
     540* |       2 |     172 |       55 |     20 |    77 |    +1.0% |   -1.114 |      -89.3 |      -37.6 |     90 | digest\[255\]$_DFFE_PN0P_/D
     543* |       1 |     148 |       43 |     15 |    69 |    +0.8% |   -1.101 |     -104.8 |      -37.6 |     90 | digest\[255\]$_DFFE_PN0P_/D
     550* |       1 |     150 |       46 |     17 |    69 |    +0.9% |   -1.193 |     -105.0 |      -43.8 |     90 | digest\[255\]$_DFFE_PN0P_/D
     560* |       1 |     158 |       49 |     17 |    69 |    +0.9% |   -1.147 |     -106.0 |      -41.3 |     90 | digest\[255\]$_DFFE_PN0P_/D
     563* |       1 |     148 |       43 |     15 |    69 |    +0.8% |   -1.101 |     -104.8 |      -37.6 |     90 | digest\[255\]$_DFFE_PN0P_/D
     570* |       1 |     150 |       45 |     17 |    70 |    +0.9% |   -1.243 |     -105.1 |      -47.4 |     90 | digest\[255\]$_DFFE_PN0P_/D
     580* |       1 |     157 |       49 |     17 |    70 |    +0.9% |   -1.145 |     -105.9 |      -41.2 |     90 | digest\[255\]$_DFFE_PN0P_/D
     581* |       1 |     148 |       43 |     15 |    70 |    +0.8% |   -1.101 |     -104.8 |      -37.6 |     90 | digest\[255\]$_DFFE_PN0P_/D
     590* |       1 |     150 |       47 |     17 |    71 |    +0.9% |   -1.188 |     -105.0 |      -43.5 |     90 | digest\[255\]$_DFFE_PN0P_/D
     600* |       1 |     158 |       49 |     17 |    72 |    +0.9% |   -1.143 |     -105.9 |      -41.2 |     90 | digest\[255\]$_DFFE_PN0P_/D
     600* |       1 |     148 |       43 |     15 |    70 |    +0.8% |   -1.101 |     -104.8 |      -37.6 |     90 | digest\[255\]$_DFFE_PN0P_/D
     610* |       1 |     151 |       49 |     17 |    70 |    +0.9% |   -1.164 |     -104.9 |      -42.2 |     90 | digest\[255\]$_DFFE_PN0P_/D
     620* |       1 |     160 |       49 |     17 |    71 |    +0.9% |   -1.151 |     -105.9 |      -41.4 |     90 | digest\[255\]$_DFFE_PN0P_/D
     624* |       1 |     149 |       43 |     15 |    70 |    +0.8% |   -1.101 |     -104.8 |      -37.5 |     90 | digest\[255\]$_DFFE_PN0P_/D
     630* |       1 |     153 |       43 |     15 |    71 |    +0.9% |   -1.101 |     -104.8 |      -33.5 |     90 | digest\[255\]$_DFFE_PN0P_/D
     640* |       1 |     158 |       44 |     15 |    75 |    +0.9% |   -1.101 |     -105.1 |      -32.9 |     90 | digest\[255\]$_DFFE_PN0P_/D
     650* |       1 |     164 |       47 |     15 |    77 |    +0.9% |   -1.099 |     -102.9 |      -32.6 |     90 | digest\[255\]$_DFFE_PN0P_/D
     660* |       1 |     169 |       48 |     15 |    81 |    +0.9% |   -1.099 |     -102.5 |      -31.6 |     90 | digest\[255\]$_DFFE_PN0P_/D
     670* |       2 |     175 |       50 |     16 |    81 |    +1.0% |   -1.141 |     -100.0 |      -33.8 |     90 | digest\[255\]$_DFFE_PN0P_/D
     680* |       2 |     179 |       53 |     17 |    84 |    +1.0% |   -1.153 |      -98.8 |      -34.5 |     90 | digest\[255\]$_DFFE_PN0P_/D
     690* |       2 |     183 |       53 |     17 |    90 |    +1.0% |   -1.146 |      -98.6 |      -35.0 |     90 | digest\[255\]$_DFFE_PN0P_/D
     700* |       2 |     187 |       55 |     17 |    94 |    +1.0% |   -1.146 |      -98.7 |      -34.3 |     90 | digest\[255\]$_DFFE_PN0P_/D
     710* |       2 |     190 |       57 |     18 |    98 |    +1.1% |   -1.146 |     -103.9 |      -34.7 |     90 | digest\[255\]$_DFFE_PN0P_/D
     714* |       2 |     172 |       48 |     15 |    81 |    +0.9% |   -1.099 |      -98.4 |      -31.1 |     90 | digest\[255\]$_DFFE_PN0P_/D
     720* |       2 |     176 |       48 |     15 |    82 |    +0.9% |   -1.099 |      -98.4 |      -30.9 |     90 | digest\[255\]$_DFFE_PN0P_/D
     730* |       2 |     179 |       51 |     17 |    84 |    +1.0% |   -1.189 |     -100.1 |      -36.7 |     90 | digest\[255\]$_DFFE_PN0P_/D
     740* |       2 |     187 |       53 |     18 |    84 |    +1.0% |   -1.146 |      -98.5 |      -33.9 |     90 | digest\[255\]$_DFFE_PN0P_/D
     743* |       2 |     176 |       48 |     15 |    82 |    +0.9% |   -1.099 |      -98.4 |      -30.9 |     90 | digest\[255\]$_DFFE_PN0P_/D
     750* |       2 |     180 |       48 |     16 |    83 |    +1.0% |   -1.186 |      -98.5 |      -36.3 |     90 | digest\[255\]$_DFFE_PN0P_/D
     760* |       2 |     184 |       54 |     16 |    84 |    +1.0% |   -1.141 |     -100.0 |      -33.4 |     90 | digest\[255\]$_DFFE_PN0P_/D
     770* |       2 |     190 |       57 |     18 |    84 |    +1.1% |   -1.153 |      -98.5 |      -34.1 |     90 | digest\[255\]$_DFFE_PN0P_/D
     776* |       2 |     180 |       48 |     15 |    83 |    +0.9% |   -1.099 |      -98.4 |      -30.8 |     90 | digest\[255\]$_DFFE_PN0P_/D
     780* |       2 |     180 |       49 |     15 |    85 |    +1.0% |   -1.099 |      -98.4 |      -30.9 |     90 | digest\[255\]$_DFFE_PN0P_/D
     790* |       2 |     184 |       52 |     17 |    86 |    +1.0% |   -1.195 |      -98.7 |      -36.7 |     90 | digest\[255\]$_DFFE_PN0P_/D
     800* |       2 |     191 |       52 |     17 |    89 |    +1.0% |   -1.172 |      -98.6 |      -35.4 |     90 | digest\[255\]$_DFFE_PN0P_/D
     810* |       2 |     198 |       54 |     17 |    90 |    +1.1% |   -1.164 |      -99.1 |      -34.9 |     90 | digest\[255\]$_DFFE_PN0P_/D
     817* |       2 |     180 |       49 |     15 |    83 |    +1.0% |   -1.099 |      -98.4 |      -30.8 |     90 | digest\[255\]$_DFFE_PN0P_/D
     820* |       2 |     180 |       50 |     15 |    84 |    +1.0% |   -1.098 |      -97.9 |      -30.9 |     90 | digest\[255\]$_DFFE_PN0P_/D
     830* |       2 |     187 |       52 |     16 |    84 |    +1.0% |   -1.164 |      -97.5 |      -35.0 |     90 | digest\[255\]$_DFFE_PN0P_/D
     840* |       2 |     195 |       53 |     17 |    84 |    +1.0% |   -1.151 |      -97.5 |      -34.0 |     90 | digest\[255\]$_DFFE_PN0P_/D
     842* |       2 |     180 |       50 |     15 |    84 |    +1.0% |   -1.098 |      -97.9 |      -30.9 |     90 | digest\[255\]$_DFFE_PN0P_/D
     850* |       2 |     183 |       53 |     16 |    84 |    +1.0% |   -1.171 |      -98.0 |      -35.7 |     90 | digest\[255\]$_DFFE_PN0P_/D
     860* |       2 |     192 |       53 |     17 |    84 |    +1.0% |   -1.171 |      -98.1 |      -35.5 |     90 | digest\[255\]$_DFFE_PN0P_/D
     870* |       2 |     197 |       57 |     17 |    85 |    +1.1% |   -1.168 |      -97.1 |      -34.9 |     90 | digest\[255\]$_DFFE_PN0P_/D
     880* |       2 |     203 |       58 |     17 |    88 |    +1.1% |   -1.168 |      -97.1 |      -34.1 |     90 | digest\[255\]$_DFFE_PN0P_/D
     890* |       3 |     207 |       60 |     17 |    91 |    +1.1% |   -1.168 |      -97.1 |      -36.9 |     90 | digest\[255\]$_DFFE_PN0P_/D
     896* |       2 |     183 |       50 |     15 |    84 |    +1.0% |   -1.098 |      -96.7 |      -30.9 |     90 | digest\[255\]$_DFFE_PN0P_/D
     900* |       2 |     184 |       50 |     15 |    86 |    +1.0% |   -1.098 |      -96.7 |      -31.1 |     90 | digest\[255\]$_DFFE_PN0P_/D
     910* |       2 |     186 |       56 |     16 |    87 |    +1.0% |   -1.171 |      -96.9 |      -35.8 |     90 | digest\[255\]$_DFFE_PN0P_/D
     920* |       2 |     194 |       57 |     16 |    88 |    +1.0% |   -1.163 |      -96.8 |      -35.2 |     90 | digest\[255\]$_DFFE_PN0P_/D
     929* |       2 |     186 |       54 |     15 |    87 |    +1.0% |   -1.098 |      -96.7 |      -31.1 |     90 | digest\[255\]$_DFFE_PN0P_/D
     930* |       2 |     186 |       54 |     15 |    87 |    +1.0% |   -1.098 |      -96.7 |      -31.1 |     90 | digest\[255\]$_DFFE_PN0P_/D
     940* |       2 |     193 |       55 |     15 |    89 |    +1.0% |   -1.104 |     -100.1 |      -30.7 |     90 | digest\[255\]$_DFFE_PN0P_/D
     950* |       2 |     197 |       57 |     16 |    92 |    +1.0% |   -1.177 |     -100.3 |      -35.2 |     90 | digest\[255\]$_DFFE_PN0P_/D
     960* |       2 |     202 |       60 |     16 |    94 |    +1.1% |   -1.177 |     -100.3 |      -35.2 |     90 | digest\[255\]$_DFFE_PN0P_/D
     970* |       2 |     205 |       62 |     16 |    99 |    +1.1% |   -1.177 |     -100.3 |      -34.1 |     90 | digest\[255\]$_DFFE_PN0P_/D
     980* |       2 |     210 |       65 |     16 |   102 |    +1.1% |   -1.140 |      -82.3 |      -34.2 |     90 | digest\[255\]$_DFFE_PN0P_/D
     980* |       2 |     186 |       54 |     15 |    87 |    +1.0% |   -1.098 |      -96.7 |      -31.1 |     90 | digest\[255\]$_DFFE_PN0P_/D
     990* |       2 |     192 |       57 |     15 |    87 |    +1.0% |   -1.098 |      -96.7 |      -29.9 |     90 | digest\[255\]$_DFFE_PN0P_/D
    1000* |       2 |     197 |       59 |     16 |    89 |    +1.0% |   -1.186 |     -106.9 |      -34.5 |     90 | digest\[255\]$_DFFE_PN0P_/D
    1010* |       2 |     201 |       64 |     16 |    91 |    +1.1% |   -1.174 |     -100.9 |      -34.6 |     90 | digest\[255\]$_DFFE_PN0P_/D
    1020* |       2 |     207 |       65 |     16 |    94 |    +1.1% |   -1.174 |     -100.9 |      -34.5 |     90 | digest\[255\]$_DFFE_PN0P_/D
    1030* |       3 |     210 |       67 |     16 |    98 |    +1.1% |   -1.174 |     -100.9 |      -33.4 |     90 | digest\[255\]$_DFFE_PN0P_/D
    1037* |       2 |     192 |       57 |     15 |    87 |    +1.0% |   -1.098 |      -96.7 |      -29.9 |     90 | digest\[255\]$_DFFE_PN0P_/D
    1040* |       2 |     193 |       58 |     15 |    87 |    +1.0% |   -1.098 |      -96.7 |      -29.8 |     90 | digest\[255\]$_DFFE_PN0P_/D
    1050* |       2 |     200 |       61 |     15 |    87 |    +1.0% |   -1.098 |      -96.8 |      -29.5 |     90 | digest\[255\]$_DFFE_PN0P_/D
    1060* |       2 |     204 |       65 |     16 |    88 |    +1.1% |   -1.202 |     -106.9 |      -35.2 |     90 | digest\[255\]$_DFFE_PN0P_/D
    1070* |       3 |     208 |       70 |     16 |    89 |    +1.1% |   -1.174 |     -100.9 |      -33.5 |     90 | digest\[255\]$_DFFE_PN0P_/D
    1080* |       3 |     214 |       71 |     16 |    92 |    +1.1% |   -1.169 |     -107.5 |      -32.7 |     90 | digest\[255\]$_DFFE_PN0P_/D
    1083* |       2 |     199 |       61 |     15 |    87 |    +1.0% |   -1.098 |      -96.7 |      -29.5 |     90 | digest\[255\]$_DFFE_PN0P_/D
    1090* |       2 |     200 |       64 |     16 |    88 |    +1.1% |   -1.168 |      -96.9 |      -34.2 |     90 | digest\[255\]$_DFFE_PN0P_/D
    1100* |       3 |     204 |       67 |     16 |    90 |    +1.1% |   -1.181 |     -105.1 |      -33.1 |     90 | digest\[255\]$_DFFE_PN0P_/D
    1110* |       3 |     210 |       68 |     16 |    93 |    +1.1% |   -1.176 |     -105.1 |      -32.8 |     90 | digest\[255\]$_DFFE_PN0P_/D
    1120* |       3 |     218 |       68 |     16 |    95 |    +1.1% |   -1.184 |     -117.0 |      -32.2 |     90 | digest\[255\]$_DFFE_PN0P_/D
    1130* |       3 |     223 |       70 |     16 |    98 |    +1.1% |   -1.184 |     -117.0 |      -32.6 |     90 | digest\[255\]$_DFFE_PN0P_/D
    1130* |       2 |     199 |       61 |     15 |    87 |    +1.0% |   -1.098 |      -96.7 |      -29.5 |     90 | digest\[255\]$_DFFE_PN0P_/D
    1140* |       2 |     205 |       61 |     15 |    90 |    +1.1% |   -1.098 |      -97.1 |      -29.5 |     90 | digest\[255\]$_DFFE_PN0P_/D
    1150* |       2 |     213 |       61 |     15 |    92 |    +1.1% |   -1.064 |      -80.8 |      -29.1 |     90 | digest\[255\]$_DFFE_PN0P_/D
    1160* |       2 |     218 |       63 |     16 |    94 |    +1.1% |   -1.156 |      -91.3 |      -34.4 |     90 | digest\[255\]$_DFFE_PN0P_/D
    1170* |       2 |     225 |       63 |     16 |    97 |    +1.1% |   -1.144 |      -93.5 |      -33.3 |     90 | digest\[255\]$_DFFE_PN0P_/D
    1180* |       3 |     227 |       67 |     16 |   101 |    +1.1% |   -1.128 |      -83.2 |      -32.9 |     90 | digest\[255\]$_DFFE_PN0P_/D
    1190* |       3 |     231 |       71 |     18 |   102 |    +1.2% |   -1.174 |      -83.5 |      -34.4 |     90 | digest\[255\]$_DFFE_PN0P_/D
    1200* |       3 |     235 |       74 |     18 |   105 |    +1.2% |   -1.197 |      -85.1 |      -37.7 |     90 | digest\[255\]$_DFFE_PN0P_/D
    1200* |       2 |     215 |       61 |     15 |    93 |    +1.1% |   -1.064 |      -80.8 |      -29.0 |     90 | digest\[255\]$_DFFE_PN0P_/D
    1210* |       2 |     221 |       62 |     15 |    95 |    +1.1% |   -1.064 |      -80.8 |      -28.7 |     90 | digest\[255\]$_DFFE_PN0P_/D
    1220* |       2 |     226 |       67 |     15 |    96 |    +1.1% |   -1.064 |      -80.8 |      -28.2 |     90 | digest\[255\]$_DFFE_PN0P_/D
    1230* |       2 |     234 |       67 |     15 |    98 |    +1.2% |   -1.064 |      -80.8 |      -27.9 |     90 | digest\[255\]$_DFFE_PN0P_/D
    1240* |       2 |     238 |       70 |     16 |   100 |    +1.2% |   -1.136 |      -81.0 |      -32.2 |     90 | digest\[255\]$_DFFE_PN0P_/D
    1250* |       2 |     243 |       73 |     16 |   102 |    +1.2% |   -1.133 |      -81.0 |      -33.2 |     90 | digest\[255\]$_DFFE_PN0P_/D
    1260* |       2 |     246 |       74 |     16 |   108 |    +1.2% |   -1.133 |      -81.0 |      -33.1 |     90 | digest\[255\]$_DFFE_PN0P_/D
    1270* |       3 |     251 |       77 |     16 |   109 |    +1.3% |   -1.146 |      -86.3 |      -33.5 |     90 | digest\[255\]$_DFFE_PN0P_/D
    1280* |       3 |     258 |       79 |     16 |   110 |    +1.3% |   -1.131 |      -87.6 |      -36.6 |     90 | digest\[255\]$_DFFE_PN0P_/D
    1281* |       2 |     237 |       68 |     15 |   100 |    +1.2% |   -1.064 |      -80.8 |      -27.8 |     90 | digest\[255\]$_DFFE_PN0P_/D
    1290* |       2 |     239 |       72 |     16 |   101 |    +1.2% |   -1.128 |      -84.2 |      -31.9 |     90 | digest\[255\]$_DFFE_PN0P_/D
    1300* |       2 |     245 |       73 |     16 |   104 |    +1.2% |   -1.128 |      -82.5 |      -31.4 |     90 | digest\[255\]$_DFFE_PN0P_/D
    1310* |       3 |     248 |       75 |     17 |   107 |    +1.3% |   -1.154 |      -82.8 |      -33.1 |     90 | digest\[255\]$_DFFE_PN0P_/D
    1320* |       4 |     255 |       78 |     17 |   107 |    +1.3% |   -1.117 |      -80.2 |      -30.4 |     90 | digest\[255\]$_DFFE_PN0P_/D
    1330* |       4 |     259 |       79 |     17 |   112 |    +1.3% |   -1.117 |      -80.9 |      -30.5 |     90 | digest\[255\]$_DFFE_PN0P_/D
    1333* |       2 |     237 |       69 |     15 |   100 |    +1.2% |   -1.064 |      -80.6 |      -27.8 |     90 | digest\[255\]$_DFFE_PN0P_/D
    1340* |       2 |     239 |       71 |     16 |   101 |    +1.2% |   -1.143 |      -80.8 |      -32.6 |     90 | digest\[255\]$_DFFE_PN0P_/D
    1350* |       2 |     244 |       72 |     16 |   105 |    +1.2% |   -1.115 |      -79.1 |      -30.8 |     90 | digest\[255\]$_DFFE_PN0P_/D
    1356* |       2 |     239 |       70 |     15 |   101 |    +1.2% |   -1.064 |      -80.6 |      -27.8 |     90 | digest\[255\]$_DFFE_PN0P_/D
    1360* |       2 |     242 |       70 |     15 |   101 |    +1.2% |   -1.064 |      -80.6 |      -27.6 |     90 | digest\[255\]$_DFFE_PN0P_/D
    1370* |       2 |     245 |       74 |     16 |   103 |    +1.2% |   -1.133 |      -80.8 |      -34.9 |     90 | digest\[255\]$_DFFE_PN0P_/D
    1380* |       2 |     251 |       78 |     16 |   103 |    +1.3% |   -1.146 |      -86.1 |      -40.2 |     90 | digest\[255\]$_DFFE_PN0P_/D
    1388* |       2 |     242 |       70 |     15 |   102 |    +1.2% |   -1.064 |      -80.6 |      -27.5 |     90 | digest\[255\]$_DFFE_PN0P_/D
    1390* |       2 |     242 |       70 |     15 |   103 |    +1.2% |   -1.064 |      -80.6 |      -27.5 |     90 | digest\[255\]$_DFFE_PN0P_/D
    1400* |       3 |     246 |       74 |     16 |   103 |    +1.2% |   -1.128 |      -80.8 |      -31.5 |     90 | digest\[255\]$_DFFE_PN0P_/D
    1400* |       2 |     242 |       70 |     15 |   102 |    +1.2% |   -1.064 |      -80.6 |      -27.5 |     90 | digest\[255\]$_DFFE_PN0P_/D
    1410* |       2 |     247 |       72 |     15 |   104 |    +1.2% |   -1.076 |      -91.2 |      -27.8 |     90 | digest\[255\]$_DFFE_PN0P_/D
    1420* |       2 |     253 |       72 |     16 |   107 |    +1.3% |   -1.151 |      -84.1 |      -33.0 |     90 | digest\[255\]$_DFFE_PN0P_/D
    1430* |       2 |     258 |       77 |     16 |   107 |    +1.3% |   -1.143 |      -80.2 |      -32.4 |     90 | digest\[255\]$_DFFE_PN0P_/D
    1440* |       2 |     260 |       80 |     16 |   112 |    +1.3% |   -1.143 |      -79.9 |      -32.2 |     90 | digest\[255\]$_DFFE_PN0P_/D
    1450* |       2 |     266 |       81 |     16 |   115 |    +1.3% |   -1.128 |      -80.2 |      -31.7 |     90 | digest\[255\]$_DFFE_PN0P_/D
    1455* |       2 |     245 |       71 |     15 |   102 |    +1.2% |   -1.064 |      -80.6 |      -27.5 |     90 | digest\[255\]$_DFFE_PN0P_/D
    1460* |       2 |     245 |       73 |     16 |   103 |    +1.2% |   -1.143 |      -80.8 |      -32.5 |     90 | digest\[255\]$_DFFE_PN0P_/D
    1470* |       2 |     251 |       77 |     16 |   103 |    +1.3% |   -1.146 |      -86.1 |      -32.1 |     90 | digest\[255\]$_DFFE_PN0P_/D
    1480* |       2 |     258 |       78 |     16 |   105 |    +1.3% |   -1.141 |      -91.9 |      -31.4 |     90 | digest\[255\]$_DFFE_PN0P_/D
    1490* |       3 |     266 |       79 |     16 |   105 |    +1.3% |   -1.131 |      -87.4 |      -30.9 |     90 | digest\[255\]$_DFFE_PN0P_/D
    1497* |       2 |     245 |       71 |     15 |   103 |    +1.2% |   -1.064 |      -80.6 |      -27.5 |     90 | digest\[255\]$_DFFE_PN0P_/D
    1500* |       2 |     246 |       72 |     15 |   103 |    +1.2% |   -1.064 |      -80.7 |      -28.4 |     90 | digest\[255\]$_DFFE_PN0P_/D
    1510* |       2 |     251 |       76 |     16 |   104 |    +1.3% |   -1.133 |      -80.8 |      -32.7 |     90 | digest\[255\]$_DFFE_PN0P_/D
    1520* |       3 |     258 |       77 |     16 |   105 |    +1.3% |   -1.131 |      -87.4 |      -31.5 |     90 | digest\[255\]$_DFFE_PN0P_/D
    1530* |       4 |     263 |       79 |     16 |   107 |    +1.3% |   -1.131 |      -87.4 |      -31.5 |     90 | digest\[255\]$_DFFE_PN0P_/D
    1533* |       2 |     245 |       71 |     15 |   103 |    +1.2% |   -1.064 |      -80.6 |      -27.5 |     90 | digest\[255\]$_DFFE_PN0P_/D
    1540* |       2 |     247 |       74 |     15 |   104 |    +1.2% |   -1.064 |      -80.6 |      -27.5 |     90 | digest\[255\]$_DFFE_PN0P_/D
    1550* |       2 |     253 |       76 |     16 |   105 |    +1.3% |   -1.153 |      -87.7 |      -32.7 |     90 | digest\[255\]$_DFFE_PN0P_/D
    1560* |       2 |     257 |       79 |     17 |   107 |    +1.3% |   -1.163 |      -87.8 |      -34.5 |     90 | digest\[255\]$_DFFE_PN0P_/D
    1570* |       4 |     261 |       84 |     17 |   107 |    +1.3% |   -1.132 |      -93.0 |      -31.8 |     90 | digest\[255\]$_DFFE_PN0P_/D
    1580* |       4 |     266 |       88 |     17 |   108 |    +1.4% |   -1.135 |      -94.3 |      -35.7 |     90 | digest\[255\]$_DFFE_PN0P_/D
    1590* |       4 |     272 |       90 |     17 |   110 |    +1.4% |   -1.129 |      -91.9 |      -40.5 |     90 | digest\[255\]$_DFFE_PN0P_/D
    1590* |       2 |     247 |       74 |     15 |   104 |    +1.2% |   -1.064 |      -80.6 |      -27.5 |     90 | digest\[255\]$_DFFE_PN0P_/D
    1600* |       2 |     251 |       77 |     16 |   105 |    +1.3% |   -1.143 |      -80.8 |      -33.4 |     90 | digest\[255\]$_DFFE_PN0P_/D
    1600* |       2 |     251 |       76 |     15 |   105 |    +1.2% |   -1.064 |      -80.6 |      -28.4 |     90 | digest\[255\]$_DFFE_PN0P_/D
    1610* |       2 |     256 |       79 |     16 |   105 |    +1.3% |   -1.133 |      -80.8 |      -33.0 |     90 | digest\[255\]$_DFFE_PN0P_/D
    1620* |       3 |     261 |       83 |     16 |   105 |    +1.3% |   -1.146 |      -86.1 |      -37.0 |     90 | digest\[255\]$_DFFE_PN0P_/D
    1630* |       3 |     269 |       84 |     16 |   106 |    +1.3% |   -1.128 |      -86.1 |      -37.8 |     90 | digest\[255\]$_DFFE_PN0P_/D
    1635* |       2 |     252 |       76 |     15 |   105 |    +1.2% |   -1.064 |      -80.6 |      -28.4 |     90 | digest\[255\]$_DFFE_PN0P_/D
    1640* |       2 |     254 |       77 |     16 |   105 |    +1.3% |   -1.143 |      -80.8 |      -33.6 |     90 | digest\[255\]$_DFFE_PN0P_/D
    1650* |       2 |     259 |       81 |     16 |   106 |    +1.3% |   -1.133 |      -80.8 |      -35.0 |     90 | digest\[255\]$_DFFE_PN0P_/D
    1660* |       3 |     265 |       84 |     16 |   106 |    +1.3% |   -1.141 |      -86.1 |      -39.4 |     90 | digest\[255\]$_DFFE_PN0P_/D
    1666* |       2 |     253 |       76 |     15 |   105 |    +1.2% |   -1.064 |      -80.6 |      -28.5 |     90 | digest\[255\]$_DFFE_PN0P_/D
    1670* |       2 |     255 |       76 |     15 |   106 |    +1.3% |   -1.064 |      -80.6 |      -28.6 |     90 | digest\[255\]$_DFFE_PN0P_/D
    1680* |       2 |     259 |       79 |     16 |   108 |    +1.3% |   -1.133 |      -80.8 |      -34.9 |     90 | digest\[255\]$_DFFE_PN0P_/D
    1690* |       2 |     266 |       82 |     16 |   108 |    +1.3% |   -1.128 |      -86.1 |      -35.7 |     90 | digest\[255\]$_DFFE_PN0P_/D
    1698* |       2 |     254 |       76 |     15 |   106 |    +1.3% |   -1.064 |      -80.6 |      -28.5 |     90 | digest\[255\]$_DFFE_PN0P_/D
    1700* |       2 |     255 |       76 |     15 |   106 |    +1.3% |   -1.064 |      -80.6 |      -28.5 |     90 | digest\[255\]$_DFFE_PN0P_/D
    1710* |       2 |     259 |       80 |     16 |   107 |    +1.3% |   -1.133 |      -80.8 |      -32.9 |     90 | digest\[255\]$_DFFE_PN0P_/D
    1720* |       2 |     265 |       83 |     16 |   108 |    +1.3% |   -1.146 |      -86.1 |      -32.9 |     90 | digest\[255\]$_DFFE_PN0P_/D
    1730* |       2 |     274 |       85 |     16 |   108 |    +1.3% |   -1.128 |      -86.1 |      -31.3 |     90 | digest\[255\]$_DFFE_PN0P_/D
    1732* |       2 |     256 |       76 |     15 |   106 |    +1.3% |   -1.064 |      -80.6 |      -28.5 |     90 | digest\[255\]$_DFFE_PN0P_/D
    1740* |       2 |     258 |       78 |     16 |   108 |    +1.3% |   -1.133 |      -80.8 |      -32.9 |     90 | digest\[255\]$_DFFE_PN0P_/D
    1750* |       2 |     267 |       79 |     16 |   108 |    +1.3% |   -1.115 |      -79.7 |      -31.6 |     90 | digest\[255\]$_DFFE_PN0P_/D
    1756* |       2 |     257 |       76 |     15 |   107 |    +1.3% |   -1.064 |      -80.6 |      -28.4 |     90 | digest\[255\]$_DFFE_PN0P_/D
    1760* |       2 |     260 |       76 |     15 |   107 |    +1.3% |   -1.064 |      -80.8 |      -28.4 |     90 | digest\[255\]$_DFFE_PN0P_/D
    1770* |       2 |     263 |       80 |     16 |   109 |    +1.3% |   -1.146 |      -86.2 |      -32.9 |     90 | digest\[255\]$_DFFE_PN0P_/D
    1780* |       2 |     270 |       83 |     16 |   109 |    +1.3% |   -1.146 |      -86.2 |      -39.5 |     90 | digest\[255\]$_DFFE_PN0P_/D
    1790* |       2 |     278 |       84 |     16 |   110 |    +1.4% |   -1.128 |      -86.2 |      -37.7 |     90 | digest\[255\]$_DFFE_PN0P_/D
    1799* |       2 |     258 |       76 |     15 |   107 |    +1.3% |   -1.064 |      -80.6 |      -28.4 |     90 | digest\[255\]$_DFFE_PN0P_/D
    1800* |       2 |     258 |       76 |     15 |   107 |    +1.3% |   -1.064 |      -80.6 |      -28.4 |     90 | digest\[255\]$_DFFE_PN0P_/D
    1810* |       2 |     263 |       79 |     16 |   108 |    +1.3% |   -1.133 |      -80.8 |      -34.9 |     90 | digest\[255\]$_DFFE_PN0P_/D
    1820* |       3 |     269 |       82 |     16 |   108 |    +1.3% |   -1.146 |      -86.1 |      -37.4 |     90 | digest\[255\]$_DFFE_PN0P_/D
    1830* |       3 |     278 |       83 |     16 |   108 |    +1.3% |   -1.141 |      -86.1 |      -39.2 |     90 | digest\[255\]$_DFFE_PN0P_/D
    1838* |       2 |     259 |       76 |     15 |   107 |    +1.3% |   -1.064 |      -80.6 |      -28.4 |     90 | digest\[255\]$_DFFE_PN0P_/D
    1840* |       2 |     259 |       76 |     15 |   108 |    +1.3% |   -1.064 |      -80.6 |      -28.4 |     90 | digest\[255\]$_DFFE_PN0P_/D
    1850* |       2 |     264 |       80 |     16 |   108 |    +1.3% |   -1.128 |      -84.5 |      -32.7 |     90 | digest\[255\]$_DFFE_PN0P_/D
    1860* |       2 |     272 |       82 |     16 |   108 |    +1.3% |   -1.106 |      -82.4 |      -33.2 |     90 | digest\[255\]$_DFFE_PN0P_/D
    1870* |       2 |     277 |       87 |     17 |   108 |    +1.4% |   -1.123 |      -87.7 |      -32.8 |     90 | digest\[255\]$_DFFE_PN0P_/D
    1880* |       3 |     282 |       91 |     17 |   108 |    +1.4% |   -1.123 |      -87.7 |      -38.0 |     90 | digest\[255\]$_DFFE_PN0P_/D
    1881* |       2 |     259 |       76 |     15 |   107 |    +1.3% |   -1.064 |      -80.6 |      -28.4 |     90 | digest\[255\]$_DFFE_PN0P_/D
    1890* |       2 |     264 |       77 |     16 |   108 |    +1.3% |   -1.144 |      -84.1 |      -33.6 |     90 | digest\[255\]$_DFFE_PN0P_/D
    1900* |       2 |     270 |       80 |     16 |   109 |    +1.3% |   -1.106 |      -84.0 |      -31.4 |     90 | digest\[255\]$_DFFE_PN0P_/D
    1900* |       2 |     261 |       76 |     15 |   107 |    +1.3% |   -1.064 |      -80.6 |      -28.4 |     90 | digest\[255\]$_DFFE_PN0P_/D
    1910* |       2 |     266 |       78 |     16 |   108 |    +1.3% |   -1.128 |      -86.1 |      -31.8 |     90 | digest\[255\]$_DFFE_PN0P_/D
    1918* |       2 |     261 |       76 |     15 |   107 |    +1.3% |   -1.064 |      -80.6 |      -28.4 |     90 | digest\[255\]$_DFFE_PN0P_/D
    1920* |       2 |     262 |       76 |     15 |   107 |    +1.3% |   -1.064 |      -80.6 |      -28.5 |     90 | digest\[255\]$_DFFE_PN0P_/D
    1930* |       2 |     266 |       79 |     16 |   109 |    +1.3% |   -1.133 |      -80.8 |      -34.8 |     90 | digest\[255\]$_DFFE_PN0P_/D
    1940* |       3 |     271 |       82 |     16 |   110 |    +1.3% |   -1.146 |      -86.1 |      -37.4 |     90 | digest\[255\]$_DFFE_PN0P_/D
    1950* |       3 |     279 |       84 |     16 |   110 |    +1.4% |   -1.146 |      -86.1 |      -39.2 |     90 | digest\[255\]$_DFFE_PN0P_/D
    1960* |       3 |     286 |       87 |     16 |   110 |    +1.4% |   -1.128 |      -86.1 |      -37.7 |     90 | digest\[255\]$_DFFE_PN0P_/D
    1964* |       2 |     261 |       76 |     15 |   107 |    +1.3% |   -1.064 |      -80.6 |      -28.4 |     90 | digest\[255\]$_DFFE_PN0P_/D
    1970* |       2 |     263 |       78 |     16 |   107 |    +1.3% |   -1.136 |      -80.8 |      -32.9 |     90 | digest\[255\]$_DFFE_PN0P_/D
    1980* |       2 |     269 |       82 |     16 |   107 |    +1.3% |   -1.146 |      -86.1 |      -37.2 |     90 | digest\[255\]$_DFFE_PN0P_/D
    1990* |       3 |     276 |       84 |     16 |   107 |    +1.3% |   -1.128 |      -86.1 |      -37.6 |     90 | digest\[255\]$_DFFE_PN0P_/D
    1995* |       2 |     261 |       76 |     15 |   107 |    +1.3% |   -1.064 |      -80.6 |      -28.4 |     90 | digest\[255\]$_DFFE_PN0P_/D
    2000* |       2 |     263 |       77 |     16 |   107 |    +1.3% |   -1.156 |      -83.4 |      -33.9 |     90 | digest\[255\]$_DFFE_PN0P_/D
    2000* |       2 |     261 |       76 |     15 |   107 |    +1.3% |   -1.064 |      -80.6 |      -28.4 |     90 | digest\[255\]$_DFFE_PN0P_/D
    2000* |       2 |     261 |       76 |     15 |   107 |    +1.3% |   -1.064 |      -80.6 |      -28.4 |     90 | digest\[255\]$_DFFE_PN0P_/D
    2000+ |       2 |     261 |       76 |     15 |   107 |    +1.3% |   -1.064 |      -80.6 |      -28.4 |     60 | digest\[255\]$_DFFE_PN0P_/D
    2001+ |       2 |     261 |       76 |     15 |   107 |    +1.3% |   -1.064 |      -80.6 |      -28.4 |     60 | digest\[255\]$_DFFE_PN0P_/D
    2002+ |       2 |     261 |       76 |     15 |   107 |    +1.3% |   -1.064 |      -80.6 |      -28.4 |     60 | digest\[255\]$_DFFE_PN0P_/D
    2003+ |       2 |     261 |       76 |     15 |   107 |    +1.3% |   -1.064 |      -80.6 |      -28.4 |     60 | digest\[255\]$_DFFE_PN0P_/D
    2004+ |       2 |     261 |       76 |     15 |   107 |    +1.3% |   -1.064 |      -80.6 |      -28.4 |     60 | digest\[255\]$_DFFE_PN0P_/D
    2006+ |       2 |     262 |       76 |     15 |   107 |    +1.3% |   -1.064 |      -80.6 |      -28.4 |     60 | digest\[255\]$_DFFE_PN0P_/D
    2007+ |       2 |     262 |       76 |     15 |   107 |    +1.3% |   -1.064 |      -80.6 |      -28.4 |     60 | digest\[255\]$_DFFE_PN0P_/D
    2008+ |       2 |     262 |       76 |     15 |   107 |    +1.3% |   -1.064 |      -80.6 |      -28.4 |     60 | digest\[255\]$_DFFE_PN0P_/D
    2010+ |       2 |     263 |       76 |     15 |   107 |    +1.3% |   -1.064 |      -80.6 |      -28.4 |     60 | digest\[255\]$_DFFE_PN0P_/D
    2010+ |       2 |     263 |       76 |     15 |   107 |    +1.3% |   -1.064 |      -80.6 |      -28.4 |     60 | digest\[255\]$_DFFE_PN0P_/D
    2011+ |       2 |     263 |       76 |     15 |   107 |    +1.3% |   -1.064 |      -80.6 |      -28.4 |     60 | digest\[255\]$_DFFE_PN0P_/D
    2012+ |       2 |     263 |       76 |     15 |   107 |    +1.3% |   -1.064 |      -80.6 |      -28.4 |     60 | digest\[255\]$_DFFE_PN0P_/D
    2013+ |       2 |     263 |       76 |     15 |   107 |    +1.3% |   -1.064 |      -80.6 |      -28.4 |     60 | digest\[255\]$_DFFE_PN0P_/D
    2014+ |       2 |     263 |       76 |     15 |   107 |    +1.3% |   -1.064 |      -80.6 |      -28.4 |     60 | digest\[255\]$_DFFE_PN0P_/D
    2015+ |       2 |     263 |       76 |     15 |   107 |    +1.3% |   -1.064 |      -80.6 |      -28.4 |     60 | digest\[255\]$_DFFE_PN0P_/D
    2016+ |       2 |     263 |       76 |     15 |   107 |    +1.3% |   -1.064 |      -80.6 |      -28.4 |     60 | digest\[255\]$_DFFE_PN0P_/D
    2017+ |       2 |     263 |       76 |     15 |   107 |    +1.3% |   -1.064 |      -80.6 |      -28.4 |     60 | digest\[255\]$_DFFE_PN0P_/D
    2018+ |       2 |     263 |       76 |     15 |   107 |    +1.3% |   -1.064 |      -80.6 |      -28.4 |     60 | digest\[255\]$_DFFE_PN0P_/D
    2019+ |       2 |     263 |       76 |     15 |   107 |    +1.3% |   -1.064 |      -80.6 |      -28.4 |     60 | digest\[255\]$_DFFE_PN0P_/D
    2020+ |       2 |     263 |       76 |     15 |   107 |    +1.3% |   -1.064 |      -80.6 |      -28.4 |     60 | digest\[255\]$_DFFE_PN0P_/D
    2020+ |       2 |     263 |       76 |     15 |   107 |    +1.3% |   -1.064 |      -80.6 |      -28.4 |     60 | digest\[255\]$_DFFE_PN0P_/D
    2021+ |       2 |     263 |       76 |     15 |   107 |    +1.3% |   -1.064 |      -80.6 |      -28.4 |     60 | digest\[255\]$_DFFE_PN0P_/D
    2022+ |       2 |     263 |       76 |     15 |   107 |    +1.3% |   -1.064 |      -80.6 |      -28.4 |     60 | digest\[255\]$_DFFE_PN0P_/D
    2023+ |       2 |     263 |       76 |     15 |   107 |    +1.3% |   -1.064 |      -80.6 |      -28.4 |     60 | digest\[255\]$_DFFE_PN0P_/D
    2024+ |       2 |     263 |       76 |     15 |   107 |    +1.3% |   -1.064 |      -80.6 |      -28.4 |     60 | digest\[255\]$_DFFE_PN0P_/D
    2025+ |       2 |     263 |       76 |     15 |   107 |    +1.3% |   -1.064 |      -80.6 |      -28.4 |     60 | digest\[255\]$_DFFE_PN0P_/D
    2027+ |       2 |     264 |       76 |     15 |   107 |    +1.3% |   -1.064 |      -80.6 |      -28.4 |     60 | digest\[255\]$_DFFE_PN0P_/D
    2028+ |       2 |     264 |       76 |     15 |   107 |    +1.3% |   -1.064 |      -80.6 |      -28.4 |     60 | digest\[255\]$_DFFE_PN0P_/D
    2029+ |       2 |     264 |       76 |     15 |   107 |    +1.3% |   -1.064 |      -80.6 |      -28.4 |     60 | digest\[255\]$_DFFE_PN0P_/D
    2030+ |       2 |     264 |       76 |     15 |   107 |    +1.3% |   -1.064 |      -80.6 |      -28.4 |     60 | digest\[255\]$_DFFE_PN0P_/D
    2030+ |       2 |     264 |       76 |     15 |   107 |    +1.3% |   -1.064 |      -80.6 |      -28.4 |     60 | digest\[255\]$_DFFE_PN0P_/D
    2031+ |       2 |     264 |       76 |     15 |   107 |    +1.3% |   -1.064 |      -80.6 |      -28.4 |     60 | digest\[255\]$_DFFE_PN0P_/D
    2032+ |       2 |     264 |       76 |     15 |   107 |    +1.3% |   -1.064 |      -80.6 |      -28.4 |     60 | digest\[255\]$_DFFE_PN0P_/D
    2037+ |       2 |     268 |       76 |     15 |   107 |    +1.3% |   -1.064 |      -80.7 |      -28.3 |     60 | digest\[255\]$_DFFE_PN0P_/D
    2038+ |       2 |     268 |       76 |     15 |   107 |    +1.3% |   -1.064 |      -80.7 |      -28.3 |     60 | digest\[255\]$_DFFE_PN0P_/D
    2039+ |       2 |     268 |       76 |     15 |   107 |    +1.3% |   -1.064 |      -80.7 |      -28.3 |     60 | digest\[255\]$_DFFE_PN0P_/D
    2040+ |       2 |     268 |       76 |     15 |   107 |    +1.3% |   -1.064 |      -80.7 |      -28.3 |     60 | digest\[255\]$_DFFE_PN0P_/D
    2040+ |       2 |     268 |       76 |     15 |   107 |    +1.3% |   -1.064 |      -80.7 |      -28.3 |     60 | digest\[255\]$_DFFE_PN0P_/D
    2041+ |       2 |     268 |       76 |     15 |   107 |    +1.3% |   -1.064 |      -80.7 |      -28.3 |     60 | digest\[255\]$_DFFE_PN0P_/D
    2043+ |       2 |     269 |       76 |     15 |   107 |    +1.3% |   -1.064 |      -80.7 |      -28.3 |     60 | digest\[255\]$_DFFE_PN0P_/D
    2045+ |       2 |     270 |       76 |     15 |   107 |    +1.3% |   -1.064 |      -80.7 |      -28.3 |     60 | digest\[255\]$_DFFE_PN0P_/D
    2046+ |       2 |     270 |       76 |     15 |   107 |    +1.3% |   -1.064 |      -80.7 |      -28.3 |     60 | digest\[255\]$_DFFE_PN0P_/D
    2047+ |       2 |     270 |       76 |     15 |   107 |    +1.3% |   -1.064 |      -80.7 |      -28.3 |     60 | digest\[255\]$_DFFE_PN0P_/D
    2048+ |       2 |     270 |       76 |     15 |   107 |    +1.3% |   -1.064 |      -80.7 |      -28.3 |     60 | digest\[255\]$_DFFE_PN0P_/D
    2049+ |       2 |     270 |       76 |     15 |   107 |    +1.3% |   -1.064 |      -80.7 |      -28.3 |     60 | digest\[255\]$_DFFE_PN0P_/D
    2050+ |       2 |     270 |       76 |     15 |   107 |    +1.3% |   -1.064 |      -80.7 |      -28.3 |     60 | digest\[255\]$_DFFE_PN0P_/D
    2053+ |       2 |     272 |       76 |     15 |   108 |    +1.3% |   -1.064 |      -80.7 |      -28.2 |     60 | digest\[255\]$_DFFE_PN0P_/D
    2054+ |       2 |     272 |       76 |     15 |   108 |    +1.3% |   -1.064 |      -80.7 |      -28.2 |     60 | digest\[255\]$_DFFE_PN0P_/D
    2055+ |       2 |     272 |       76 |     15 |   108 |    +1.3% |   -1.064 |      -80.7 |      -28.2 |     60 | digest\[255\]$_DFFE_PN0P_/D
    2056+ |       2 |     272 |       76 |     15 |   108 |    +1.3% |   -1.064 |      -80.7 |      -28.2 |     60 | digest\[255\]$_DFFE_PN0P_/D
    2057+ |       2 |     272 |       76 |     15 |   108 |    +1.3% |   -1.064 |      -80.7 |      -28.2 |     60 | digest\[255\]$_DFFE_PN0P_/D
    2058+ |       2 |     272 |       76 |     15 |   108 |    +1.3% |   -1.064 |      -80.7 |      -28.2 |     60 | digest\[255\]$_DFFE_PN0P_/D
    2059+ |       2 |     272 |       76 |     15 |   108 |    +1.3% |   -1.064 |      -80.7 |      -28.2 |     60 | digest\[255\]$_DFFE_PN0P_/D
    2060+ |       2 |     272 |       76 |     15 |   108 |    +1.3% |   -1.064 |      -80.7 |      -28.2 |     60 | digest\[255\]$_DFFE_PN0P_/D
    2061+ |       2 |     273 |       76 |     15 |   108 |    +1.3% |   -1.064 |      -80.7 |      -28.2 |     60 | digest\[255\]$_DFFE_PN0P_/D
    2063+ |       2 |     274 |       76 |     15 |   108 |    +1.3% |   -1.064 |      -80.7 |      -28.2 |     60 | digest\[255\]$_DFFE_PN0P_/D
    2064+ |       2 |     274 |       76 |     15 |   108 |    +1.3% |   -1.064 |      -80.7 |      -28.2 |     60 | digest\[255\]$_DFFE_PN0P_/D
    2066+ |       2 |     275 |       76 |     15 |   108 |    +1.3% |   -1.064 |      -80.7 |      -28.2 |     60 | digest\[255\]$_DFFE_PN0P_/D
    2069+ |       2 |     275 |       76 |     15 |   110 |    +1.3% |   -1.064 |      -80.7 |      -28.2 |     60 | digest\[255\]$_DFFE_PN0P_/D
    2070+ |       2 |     275 |       76 |     15 |   110 |    +1.3% |   -1.064 |      -80.7 |      -28.2 |     60 | digest\[255\]$_DFFE_PN0P_/D
    2070+ |       2 |     275 |       76 |     15 |   110 |    +1.3% |   -1.064 |      -80.7 |      -28.2 |     60 | digest\[255\]$_DFFE_PN0P_/D
    2072+ |       2 |     276 |       76 |     15 |   110 |    +1.3% |   -1.064 |      -80.7 |      -28.1 |     60 | digest\[255\]$_DFFE_PN0P_/D
    2073+ |       2 |     276 |       76 |     15 |   110 |    +1.3% |   -1.064 |      -80.7 |      -28.1 |     60 | digest\[255\]$_DFFE_PN0P_/D
    2074+ |       2 |     276 |       76 |     15 |   110 |    +1.3% |   -1.064 |      -80.7 |      -28.1 |     60 | digest\[255\]$_DFFE_PN0P_/D
    2075+ |       2 |     276 |       76 |     15 |   110 |    +1.3% |   -1.064 |      -80.7 |      -28.1 |     60 | digest\[255\]$_DFFE_PN0P_/D
    2076+ |       2 |     276 |       76 |     15 |   110 |    +1.3% |   -1.064 |      -80.7 |      -28.1 |     60 | digest\[255\]$_DFFE_PN0P_/D
    2077+ |       2 |     276 |       76 |     15 |   110 |    +1.3% |   -1.064 |      -80.7 |      -28.1 |     60 | digest\[255\]$_DFFE_PN0P_/D
    2078+ |       2 |     276 |       76 |     15 |   110 |    +1.3% |   -1.064 |      -80.7 |      -28.1 |     60 | digest\[255\]$_DFFE_PN0P_/D
    final |       2 |     276 |       76 |     15 |   110 |    +1.3% |   -1.064 |      -80.7 |      -28.1 |     60 | digest\[255\]$_DFFE_PN0P_/D
------------------------------------------------------------------------------------------------------------------------------
[INFO RSZ-0059] Removed 2 buffers.
[INFO RSZ-0045] Inserted 76 buffers, 1 to split loads.
[INFO RSZ-0051] Resized 276 instances: 276 up, 0 up match, 0 down, 0 VT
[INFO RSZ-0043] Swapped pins on 110 instances.
[INFO RSZ-0049] Cloned 15 instances.
[WARNING RSZ-0062] Unable to repair all setup violations.
[INFO RSZ-0505] Runtime: 58.57s
[INFO RSZ-0033] No hold violations found.
[INFO RSZ-0506] Runtime: 0.01s
Took 59 seconds: repair_timing -repair_tns 100 -match_cell_footprint -verbose
Floating nets: 
Report metrics stage 3, resizer...

==========================================================================
resizer report_design_area
--------------------------------------------------------------------------
Design area 203690 um^2 49% utilization.
Instance count before 22897, after 22986
Pin count before 64960, after 65138
write_db ./results/sky130hd/chia_sha256_benchmark_corrupted/slot2/3_4_place_resized.odb
Log                       Ext     Elapsed/s Peak Memory/MB sha1sum result [0:20)
3_4_place_resized         .odb           64            225 1bff4fab8692382198b2
/root/OpenROAD-flow-scripts/flow/scripts/flow.sh 3_5_place_dp detail_place
Running detail_place.tcl, stage 3_5_place_dp
read_liberty /root/OpenROAD-flow-scripts/flow/platforms/sky130hd/lib/sky130_fd_sc_hd__tt_025C_1v80.lib
read_db ./results/sky130hd/chia_sha256_benchmark_corrupted/slot2/3_4_place_resized.odb
read_sdc ./results/sky130hd/chia_sha256_benchmark_corrupted/slot2/2_floorplan.sdc
source /root/OpenROAD-flow-scripts/flow/platforms/sky130hd/setRC.tcl
detailed_placement
[INFO DPL-0006] Core area: 413101.20 um^2
[INFO DPL-0007] Movable instances area: 196841.29 um^2
[INFO DPL-0008] Fixed instances area within core: 6849.07 um^2
[INFO DPL-0009] Utilization: 49.3%
[INFO DPL-0005] Diamond search max displacement: +/- 500 sites horizontally, +/- 100 rows vertically.
[INFO DPL-1102] Legalizing using negotiation legalizer.
[INFO DPL-1103] Negotiation base search window: +/-20 sites horizontally, +/-5 rows vertically 
	Automatic search window extension enabled.
	Search window extendable up to the max displacement cap of +/-500 sites, +/-100 rows near walls.
[INFO DPL-1104] NegotiationLegalizer DRC penalty: 5.
[INFO DPL-0392] Negotiation cell height distribution (1 unique row-count(s)):
[INFO DPL-0393]   height 1 row(s): 22986 cells
          |      Total |  Illegal |  Illegal
Iteration | Violations |    Cells |    Sites
---------------------------------------------
        0 |       1864 |       442 |      1422
        1 |        144 |        30 |       114
        2 |         54 |         4 |        50
        3 |         42 |         2 |        40
        4 |         40 |         2 |        38
        5 |          0 |         0 |         0
Negotiation phase 1 converged at iteration 5.
[INFO DPL-0500] Runtime: 0.27s
Placement Analysis
---------------------------------
total displacement      58327.8 u
average displacement        2.5 u
max displacement           22.1 u
original HPWL          566963.4 u
legalized HPWL         619226.6 u
delta HPWL                    9 %

improve_placement -max_displacement "5 1"
Detailed placement improvement.
[INFO DPL-0401] Setting random seed to 1.
[INFO DPL-0402] Setting maximum displacement 5 1 to 13600 2720 units.
[INFO DPL-0320] Collected 6246 fixed cells.
[INFO DPL-0318] Collected 17512 single height cells.
[INFO DPL-0321] Collected 0 wide cells.
[INFO DPL-0322] Image (1380, 2720) - (644920, 644640)
[INFO DPL-0310] Assigned 17512 cells into segments.  Movement in X-direction is 0.000000, movement in Y-direction is 0.000000.
[INFO DPL-0313] Found 0 cells in wrong regions.
[INFO DPL-0315] Found 0 row alignment problems.
[INFO DPL-0314] Found 0 site alignment problems.
[INFO DPL-0311] Found 0 overlaps between adjacent cells.
[INFO DPL-0312] Found 0 edge spacing violations and 0 padding violations.
[INFO DPL-0303] Running algorithm for independent set matching.
[INFO DPL-0300] Set matching objective is wirelength.
[INFO DPL-0301] Pass   1 of matching; objective is 6.191165e+08.
[INFO DPL-0302] End of matching; objective is 6.186558e+08, improvement is 0.07 percent.
[INFO DPL-0303] Running algorithm for global swaps.
[INFO DPL-0306] Pass   1 of global swaps; hpwl is 6.113831e+08.
[INFO DPL-0306] Pass   2 of global swaps; hpwl is 6.101358e+08.
[INFO DPL-0307] End of global swaps; objective is 6.101358e+08, improvement is 1.38 percent.
[INFO DPL-0303] Running algorithm for vertical swaps.
[INFO DPL-0308] Pass   1 of vertical swaps; hpwl is 6.084309e+08.
[INFO DPL-0309] End of vertical swaps; objective is 6.084309e+08, improvement is 0.28 percent.
[INFO DPL-0303] Running algorithm for reordering.
[INFO DPL-0304] Pass   1 of reordering; objective is 6.079564e+08.
[INFO DPL-0305] End of reordering; objective is 6.079564e+08, improvement is 0.08 percent.
[INFO DPL-0303] Running algorithm for random improvement.
[INFO DPL-0324] Random improver is using random generator.
[INFO DPL-0325] Random improver is using hpwl objective.
[INFO DPL-0326] Random improver cost string is (a).
[INFO DPL-0332] End of pass, Generator random called 350240 times.
[INFO DPL-0335] Generator random, Cumulative attempts 350240, swaps 50065, moves 81578 since last reset.
[INFO DPL-0333] End of pass, Objective hpwl, Initial cost 5.995533e+08, Scratch cost 5.937121e+08, Incremental cost 5.937121e+08, Mismatch? N
[INFO DPL-0338] End of pass, Total cost is 5.937121e+08.
[INFO DPL-0327] Pass   1 of random improver; improvement in cost is 0.97 percent.
[INFO DPL-0328] End of random improver; improvement is 0.974251 percent.
[INFO DPL-0380] Cell flipping.
[INFO DPL-0382] Changed 0 cell orientations for row compatibility.
[INFO DPL-0383] Performed 4740 cell flips.
[INFO DPL-0384] End of flipping; objective is 5.923342e+08, improvement is 1.63 percent.
[INFO DPL-0313] Found 0 cells in wrong regions.
[INFO DPL-0315] Found 0 row alignment problems.
[INFO DPL-0314] Found 0 site alignment problems.
[INFO DPL-0311] Found 0 overlaps between adjacent cells.
[INFO DPL-0312] Found 0 edge spacing violations and 0 padding violations.
Detailed Improvement Results
------------------------------------------
Original HPWL           619226.6 u (  270653.7,   348572.9)
Final HPWL              592568.7 u (  260143.7,   332425.0)
Delta HPWL                  -4.3 % (      -3.9,       -4.6)

optimize_mirroring
[INFO DPL-0020] Mirrored 899 instances
[INFO DPL-0021] HPWL before          592568.7 u
[INFO DPL-0022] HPWL after           592299.6 u
[INFO DPL-0023] HPWL delta               -0.0 %
[INFO FLW-0012] Placement violations .
estimate_parasitics -placement
Report metrics stage 3, detailed place...

==========================================================================
detailed place report_design_area
--------------------------------------------------------------------------
Design area 203690 um^2 49% utilization.
write_db ./results/sky130hd/chia_sha256_benchmark_corrupted/slot2/3_5_place_dp.odb
write_sdc -no_timestamp ./results/sky130hd/chia_sha256_benchmark_corrupted/slot2/3_place.sdc
Log                       Ext     Elapsed/s Peak Memory/MB sha1sum result [0:20)
3_5_place_dp              .odb            7            247 dd9464ca79da5c9b8f2d
cp ./results/sky130hd/chia_sha256_benchmark_corrupted/slot2/3_5_place_dp.odb ./results/sky130hd/chia_sha256_benchmark_corrupted/slot2/3_place.odb
make: Leaving directory '/root/OpenROAD-flow-scripts/flow'

STDERR:
bash: /opt/miniconda/lib/libtinfo.so.6: no version information available (required by bash)
bash: /opt/miniconda/lib/libtinfo.so.6: no version information available (required by bash)
bash: /opt/miniconda/lib/libtinfo.so.6: no version information available (required by bash)
bash: /opt/miniconda/lib/libtinfo.so.6: no version information available (required by bash)
bash: /opt/miniconda/lib/libtinfo.so.6: no version information available (required by bash)
bash: /opt/miniconda/lib/libtinfo.so.6: no version information available (required by bash)
bash: /opt/miniconda/lib/libtinfo.so.6: no version information available (required by bash)
bash: /opt/miniconda/lib/libtinfo.so.6: no version information available (required by bash)
bash: /opt/miniconda/lib/libtinfo.so.6: no version information available (required by bash)
bash: /opt/miniconda/lib/libtinfo.so.6: no version information available (required by bash)
bash: /opt/miniconda/lib/libtinfo.so.6: no version information available (required by bash)
bash: /opt/miniconda/lib/libtinfo.so.6: no version information available (required by bash)
bash: /opt/miniconda/lib/libtinfo.so.6: no version information available (required by bash)
bash: /opt/miniconda/lib/libtinfo.so.6: no version information available (required by bash)
bash: /opt/miniconda/lib/libtinfo.so.6: no version information available (required by bash)
bash: /opt/miniconda/lib/libtinfo.so.6: no version information available (required by bash)
bash: /opt/miniconda/lib/libtinfo.so.6: no version information available (required by bash)
bash: /opt/miniconda/lib/libtinfo.so.6: no version information available (required by bash)
bash: /opt/miniconda/lib/libtinfo.so.6: no version information available (required by bash)
bash: /opt/miniconda/lib/libtinfo.so.6: no version information available (required by bash)
bash: /opt/miniconda/lib/libtinfo.so.6: no version information available (required by bash)
bash: /opt/miniconda/lib/libtinfo.so.6: no version information available (required by bash)
bash: /opt/miniconda/lib/libtinfo.so.6: no version information available (required by bash)
bash: /opt/miniconda/lib/libtinfo.so.6: no version information available (required by bash)
Elapsed time: 0:02.56[h:]min:sec. CPU time: user 2.42 sys 0.06 (96%). Peak memory: 180236KB.
bash: /opt/miniconda/lib/libtinfo.so.6: no version information available (required by bash)
bash: /opt/miniconda/lib/libtinfo.so.6: no version information available (required by bash)
bash: /opt/miniconda/lib/libtinfo.so.6: no version information available (required by bash)
bash: /opt/miniconda/lib/libtinfo.so.6: no version information available (required by bash)
bash: /opt/miniconda/lib/libtinfo.so.6: no version information available (required by bash)
bash: /opt/miniconda/lib/libtinfo.so.6: no version information available (required by bash)
bash: /opt/miniconda/lib/libtinfo.so.6: no version information available (required by bash)
bash: /opt/miniconda/lib/libtinfo.so.6: no version information available (required by bash)
bash: /opt/miniconda/lib/libtinfo.so.6: no version information available (required by bash)
bash: /opt/miniconda/lib/libtinfo.so.6: no version information available (required by bash)
bash: /opt/miniconda/lib/libtinfo.so.6: no version information available (required by bash)
bash: /opt/miniconda/lib/libtinfo.so.6: no version information available (required by bash)
bash: /opt/miniconda/lib/libtinfo.so.6: no version information available (required by bash)
bash: /opt/miniconda/lib/libtinfo.so.6: no version information available (required by bash)
Elapsed time: 0:00.42[h:]min:sec. CPU time: user 0.35 sys 0.06 (96%). Peak memory: 159552KB.
bash: /opt/miniconda/lib/libtinfo.so.6: no version information available (required by bash)
bash: /opt/miniconda/lib/libtinfo.so.6: no version information available (required by bash)
bash: /opt/miniconda/lib/libtinfo.so.6: no version information available (required by bash)
bash: /opt/miniconda/lib/libtinfo.so.6: no version information available (required by bash)
bash: /opt/miniconda/lib/libtinfo.so.6: no version information available (required by bash)
bash: /opt/miniconda/lib/libtinfo.so.6: no version information available (required by bash)
bash: /opt/miniconda/lib/libtinfo.so.6: no version information available (required by bash)
bash: /opt/miniconda/lib/libtinfo.so.6: no version information available (required by bash)
bash: /opt/miniconda/lib/libtinfo.so.6: no version information available (required by bash)
bash: /opt/miniconda/lib/libtinfo.so.6: no version information available (required by bash)
bash: /opt/miniconda/lib/libtinfo.so.6: no version information available (required by bash)
bash: /opt/miniconda/lib/libtinfo.so.6: no version information available (required by bash)
bash: /opt/miniconda/lib/libtinfo.so.6: no version information available (required by bash)
bash: /opt/miniconda/lib/libtinfo.so.6: no version information available (required by bash)
Elapsed time: 0:28.90[h:]min:sec. CPU time: user 28.49 sys 0.27 (99%). Peak memory: 506008KB.
bash: /opt/miniconda/lib/libtinfo.so.6: no version information available (required by bash)
bash: /opt/miniconda/lib/libtinfo.so.6: no version information available (required by bash)
bash: /opt/miniconda/lib/libtinfo.so.6: no version information available (required by bash)
bash: /opt/miniconda/lib/libtinfo.so.6: no version information available (required by bash)
bash: /opt/miniconda/lib/libtinfo.so.6: no version information available (required by bash)
bash: /opt/miniconda/lib/libtinfo.so.6: no version information available (required by bash)
bash: /opt/miniconda/lib/libtinfo.so.6: no version information available (required by bash)
bash: /opt/miniconda/lib/libtinfo.so.6: no version information available (required by bash)
bash: /opt/miniconda/lib/libtinfo.so.6: no version information available (required by bash)
bash: /opt/miniconda/lib/libtinfo.so.6: no version information available (required by bash)
bash: /opt/miniconda/lib/libtinfo.so.6: no version information available (required by bash)
bash: /opt/miniconda/lib/libtinfo.so.6: no version information available (required by bash)
bash: /opt/miniconda/lib/libtinfo.so.6: no version information available (required by bash)
bash: /opt/miniconda/lib/libtinfo.so.6: no version information available (required by bash)
Elapsed time: 1:04.83[h:]min:sec. CPU time: user 64.63 sys 0.15 (99%). Peak memory: 230900KB.
bash: /opt/miniconda/lib/libtinfo.so.6: no version information available (required by bash)
bash: /opt/miniconda/lib/libtinfo.so.6: no version information available (required by bash)
bash: /opt/miniconda/lib/libtinfo.so.6: no version information available (required by bash)
bash: /opt/miniconda/lib/libtinfo.so.6: no version information available (required by bash)
bash: /opt/miniconda/lib/libtinfo.so.6: no version information available (required by bash)
bash: /opt/miniconda/lib/libtinfo.so.6: no version information available (required by bash)
bash: /opt/miniconda/lib/libtinfo.so.6: no version information available (required by bash)
bash: /opt/miniconda/lib/libtinfo.so.6: no version information available (required by bash)
bash: /opt/miniconda/lib/libtinfo.so.6: no version information available (required by bash)
bash: /opt/miniconda/lib/libtinfo.so.6: no version information available (required by bash)
bash: /opt/miniconda/lib/libtinfo.so.6: no version information available (required by bash)
bash: /opt/miniconda/lib/libtinfo.so.6: no version information available (required by bash)
bash: /opt/miniconda/lib/libtinfo.so.6: no version information available (required by bash)
bash: /opt/miniconda/lib/libtinfo.so.6: no version information available (required by bash)
Elapsed time: 0:07.81[h:]min:sec. CPU time: user 7.55 sys 0.10 (97%). Peak memory: 253928KB.
bash: /opt/miniconda/lib/libtinfo.so.6: no version information available (required by bash)
bash: /opt/miniconda/lib/libtinfo.so.6: no version information available (required by bash)
bash: /opt/miniconda/lib/libtinfo.so.6: no version information available (required by bash)
bash: /opt/miniconda/lib/libtinfo.so.6: no version information available (required by bash)
bash: /opt/miniconda/lib/libtinfo.so.6: no version information available (required by bash)
bash: /opt/miniconda/lib/libtinfo.so.6: no version information available (required by bash)
bash: /opt/miniconda/lib/libtinfo.so.6: no version information available (required by bash)
bash: /opt/miniconda/lib/libtinfo.so.6: no version information available (required by bash)
bash: /opt/miniconda/lib/libtinfo.so.6: no version information available (required by bash)
bash: /opt/miniconda/lib/libtinfo.so.6: no version information available (required by bash)
bash: /opt/miniconda/lib/libtinfo.so.6: no version information available (required by bash)
bash: /opt/miniconda/lib/libtinfo.so.6: no version information available (required by bash)
bash: /opt/miniconda/lib/libtinfo.so.6: no version information available (required by bash)
