make: Entering directory '/root/OpenROAD-flow-scripts/flow'
/root/OpenROAD-flow-scripts/flow/scripts/flow.sh 5_1_grt global_route
Running global_route.tcl, stage 5_1_grt
read_liberty /root/OpenROAD-flow-scripts/flow/platforms/sky130hd/lib/sky130_fd_sc_hd__tt_025C_1v80.lib
read_db ./results/sky130hd/chia_sha256_benchmark_corrupted/slot0/4_cts.odb
read_sdc ./results/sky130hd/chia_sha256_benchmark_corrupted/slot0/4_cts.sdc
source /root/OpenROAD-flow-scripts/flow/platforms/sky130hd/setRC.tcl
pin_access
[INFO DRT-0149] Reading tech and libs.
[WARNING DRT-0349] LEF58_ENCLOSURE with no CUTCLASS is not supported. Skipping for layer mcon
[WARNING DRT-0349] LEF58_ENCLOSURE with no CUTCLASS is not supported. Skipping for layer mcon
[WARNING DRT-0349] LEF58_ENCLOSURE with no CUTCLASS is not supported. Skipping for layer via
[WARNING DRT-0349] LEF58_ENCLOSURE with no CUTCLASS is not supported. Skipping for layer via
[WARNING DRT-0349] LEF58_ENCLOSURE with no CUTCLASS is not supported. Skipping for layer via2
[WARNING DRT-0349] LEF58_ENCLOSURE with no CUTCLASS is not supported. Skipping for layer via2
[WARNING DRT-0349] LEF58_ENCLOSURE with no CUTCLASS is not supported. Skipping for layer via3
[WARNING DRT-0349] LEF58_ENCLOSURE with no CUTCLASS is not supported. Skipping for layer via3
[WARNING DRT-0349] LEF58_ENCLOSURE with no CUTCLASS is not supported. Skipping for layer via4
[WARNING DRT-0349] LEF58_ENCLOSURE with no CUTCLASS is not supported. Skipping for layer via4

Units:                1000
Number of layers:     13
Number of macros:     441
Number of vias:       29
Number of viarulegen: 25

[INFO DRT-0150] Reading design.
[WARNING DRT-0120] Large net net2755 has 118 pins which may impact routing performance. Consider optimization.
[WARNING DRT-0120] Large net net2757 has 105 pins which may impact routing performance. Consider optimization.
[WARNING DRT-0120] Large net net3042 has 102 pins which may impact routing performance. Consider optimization.
[WARNING DRT-0120] Large net net2995 has 198 pins which may impact routing performance. Consider optimization.
[WARNING DRT-0120] Large net net513 has 117 pins which may impact routing performance. Consider optimization.
[WARNING DRT-0120] Large net net2756 has 114 pins which may impact routing performance. Consider optimization.
[WARNING DRT-0120] Large net net3157 has 272 pins which may impact routing performance. Consider optimization.
[WARNING DRT-0120] Large net net3175 has 138 pins which may impact routing performance. Consider optimization.
[WARNING DRT-0120] Large net net3174 has 181 pins which may impact routing performance. Consider optimization.
[WARNING DRT-0120] Large net net3170 has 144 pins which may impact routing performance. Consider optimization.
[WARNING DRT-0120] Large net net3171 has 143 pins which may impact routing performance. Consider optimization.
[WARNING DRT-0120] Large net net3172 has 127 pins which may impact routing performance. Consider optimization.
[WARNING DRT-0120] Large net net3179 has 174 pins which may impact routing performance. Consider optimization.
[WARNING DRT-0120] Large net net3186 has 165 pins which may impact routing performance. Consider optimization.
[WARNING DRT-0120] Large net net3193 has 121 pins which may impact routing performance. Consider optimization.
[WARNING DRT-0120] Large net net3192 has 142 pins which may impact routing performance. Consider optimization.

Design:                   sha256
Die area:                 ( 0 0 ) ( 578080 578080 )
Number of track patterns: 12
Number of DEF vias:       0
Number of components:     20321
Number of terminals:      774
Number of snets:          2
Number of nets:           16559

[INFO DRT-0167] List of default vias:
  Layer via
    default via: M1M2_PR
  Layer via2
    default via: M2M3_PR
  Layer via3
    default via: M3M4_PR
  Layer via4
    default via: M4M5_PR
[INFO DRT-0162] Library cell analysis.
[INFO DRT-0163] Instance analysis.
[INFO DRT-0164] Number of unique instances = 199.
[INFO DRT-0168] Init region query.
[INFO DRT-0024]   Complete FR_MASTERSLICE.
[INFO DRT-0024]   Complete Fr_VIA.
[INFO DRT-0024]   Complete li1.
[INFO DRT-0024]   Complete mcon.
[INFO DRT-0024]   Complete met1.
[INFO DRT-0024]   Complete via.
[INFO DRT-0024]   Complete met2.
[INFO DRT-0024]   Complete via2.
[INFO DRT-0024]   Complete met3.
[INFO DRT-0024]   Complete via3.
[INFO DRT-0024]   Complete met4.
[INFO DRT-0024]   Complete via4.
[INFO DRT-0024]   Complete met5.
[INFO DRT-0033] FR_MASTERSLICE shape region query size = 0.
[INFO DRT-0033] FR_VIA shape region query size = 0.
[INFO DRT-0033] li1 shape region query size = 590150.
[INFO DRT-0033] mcon shape region query size = 349594.
[INFO DRT-0033] met1 shape region query size = 111977.
[INFO DRT-0033] via shape region query size = 22260.
[INFO DRT-0033] met2 shape region query size = 13741.
[INFO DRT-0033] via2 shape region query size = 17808.
[INFO DRT-0033] met3 shape region query size = 13743.
[INFO DRT-0033] via3 shape region query size = 17808.
[INFO DRT-0033] met4 shape region query size = 5376.
[INFO DRT-0033] via4 shape region query size = 882.
[INFO DRT-0033] met5 shape region query size = 966.
[INFO DRT-0165] Start pin access.
[INFO DRT-0076]   Complete 1000 pins.
[INFO DRT-0078]   Complete 1574 pins.
[INFO DRT-0079]   Complete 100 unique inst patterns.
[INFO DRT-0081]   Complete 199 unique inst patterns.
[INFO DRT-0082]   Complete 10000 groups.
[INFO DRT-0084]   Complete 10798 groups.
#scanned instances     = 20321
#unique  instances     = 199
#stdCellGenAp          = 6932
#stdCellValidPlanarAp  = 112
#stdCellValidViaAp     = 4701
#stdCellPinNoAp        = 6
#stdCellPinCnt         = 61780
#instTermValidViaApCnt = 0
#macroGenAp            = 0
#macroValidPlanarAp    = 0
#macroValidViaAp       = 0
#macroNoAp             = 0
[INFO DRT-0166] Complete pin access.
[INFO DRT-0267] cpu time = 00:02:21, elapsed time = 00:02:21, memory = 245.94 (MB), peak = 260.00 (MB)
Took 141 seconds: pin_access
global_route -congestion_report_file ./reports/sky130hd/chia_sha256_benchmark_corrupted/slot0/congestion.rpt -congestion_iterations 30 -congestion_report_iter_step 5 -verbose
[INFO GRT-0020] Min routing layer: met1
[INFO GRT-0021] Max routing layer: met5
[INFO GRT-0022] Global adjustment: 0%
[INFO GRT-0023] Grid origin: (0, 0)
[INFO GRT-0088] Layer li1     Track-Pitch = 0.4600  line-2-Via Pitch: 0.3400
[INFO GRT-0088] Layer met1    Track-Pitch = 0.3400  line-2-Via Pitch: 0.3400
[INFO GRT-0088] Layer met2    Track-Pitch = 0.4600  line-2-Via Pitch: 0.3500
[INFO GRT-0088] Layer met3    Track-Pitch = 0.6800  line-2-Via Pitch: 0.6150
[INFO GRT-0088] Layer met4    Track-Pitch = 0.9200  line-2-Via Pitch: 1.0400
[INFO GRT-0088] Layer met5    Track-Pitch = 3.4000  line-2-Via Pitch: 3.1100
[INFO GRT-0003] Macros: 0
[INFO GRT-0004] Blockages: 62417
[INFO GRT-0019] Found 304 clock nets.
[INFO GRT-0001] Minimum degree: 2
[INFO GRT-0002] Maximum degree: 272

[INFO GRT-0053] Routing resources analysis:
          Routing      Original      Derated      Resource
Layer     Direction    Resources     Resources    Reduction (%)
---------------------------------------------------------------
li1        Vertical            0             0          0.00%
met1       Horizontal      98600         76366          22.55%
met2       Vertical        88642         68060          23.22%
met3       Horizontal      66297         52029          21.52%
met4       Vertical        43624         30750          29.51%
met5       Horizontal       9922          7052          28.93%
---------------------------------------------------------------

[INFO GRT-0101] Running extra iterations to remove congestion.
[INFO GRT-0102] Start extra iteration 1/30
[INFO GRT-0102] Start extra iteration 2/30
[INFO GRT-0102] Start extra iteration 3/30
[INFO GRT-0197] Via related to pin nodes: 107449
[INFO GRT-0198] Via related Steiner nodes: 3289
[INFO GRT-0199] Via filling finished.
[INFO GRT-0111] Final number of vias: 138839
[INFO GRT-0112] Final usage 3D: 522142

[INFO GRT-0096] Final congestion report:
Layer         Resource        Demand        Usage (%)    Max H / Max V / Total Congestion
---------------------------------------------------------------------------------------
li1                  0             0            0.00%             0 /  0 /  0
met1             76366         44340           58.06%             0 /  0 /  0
met2             68060         43044           63.24%             0 /  0 /  0
met3             52029          7872           15.13%             0 /  0 /  0
met4             30750         10366           33.71%             0 /  0 /  0
met5              7052             3            0.04%             0 /  0 /  0
---------------------------------------------------------------------------------------
Total           234257        105625           45.09%             0 /  0 /  0

[INFO GRT-0018] Total wirelength: 1066967 um
[INFO GRT-0014] Routed nets: 16549
[INFO GRT-0303] Global routing runtime = 00:00:01
[WARNING STA-0450] virtual clock vclk can not be propagated.
estimate_parasitics -global_routing
Perform buffer insertion and gate resizing...
repair_design -verbose
Iteration |   Area    | Resized | Buffers | Nets repaired | Remaining
---------------------------------------------------------------------
        0 |     +0.0% |       0 |       0 |             0 |     16803
     1000 |     +0.0% |       0 |       0 |             0 |     15803
     2000 |     +0.0% |       0 |       0 |             0 |     14803
     3000 |     +0.0% |       0 |       0 |             0 |     13803
     4000 |     +0.0% |       0 |       0 |             0 |     12803
     5000 |     +0.0% |       0 |       0 |             0 |     11803
     6000 |     +0.0% |       0 |       0 |             0 |     10803
     7000 |     +0.0% |       0 |       0 |             0 |      9803
     8000 |     +0.0% |       0 |       0 |             0 |      8803
     9000 |     +0.0% |       0 |       0 |             0 |      7803
[WARNING RSZ-0104] Net _12926_ only has one pin. Check if it is intended to be dangling.
[WARNING RSZ-0104] Net _12924_ only has one pin. Check if it is intended to be dangling.
[WARNING RSZ-0104] Net _12922_ only has one pin. Check if it is intended to be dangling.
[WARNING RSZ-0104] Net _12920_ only has one pin. Check if it is intended to be dangling.
    10000 |     +0.0% |       0 |       0 |             0 |      6803
[WARNING RSZ-0104] Net _12925_ only has one pin. Check if it is intended to be dangling.
    11000 |     +0.0% |       0 |       0 |             0 |      5803
[WARNING RSZ-0104] Net _12927_ only has one pin. Check if it is intended to be dangling.
[WARNING RSZ-0104] Net _12921_ only has one pin. Check if it is intended to be dangling.
[WARNING RSZ-0104] Net _12930_ only has one pin. Check if it is intended to be dangling.
[WARNING RSZ-0104] Net _12928_ only has one pin. Check if it is intended to be dangling.
[WARNING RSZ-0104] Net _12923_ only has one pin. Check if it is intended to be dangling.
    12000 |     +0.0% |       0 |       0 |             0 |      4803
    13000 |     +0.0% |       0 |       0 |             0 |      3803
    14000 |     +0.0% |       0 |       0 |             0 |      2803
    15000 |     +0.0% |       0 |       0 |             0 |      1803
    16000 |     +0.0% |       0 |       0 |             0 |       803
    final |     +0.0% |       0 |       0 |             0 |         0
---------------------------------------------------------------------
[INFO RSZ-0504] Runtime: 0.80s
global_route -start_incremental
detailed_placement
[INFO DPL-0006] Core area: 330268.00 um^2
[INFO DPL-0007] Movable instances area: 188164.21 um^2
[INFO DPL-0008] Fixed instances area within core: 5462.74 um^2
[INFO DPL-0009] Utilization: 58.6%
[INFO DPL-0005] Diamond search max displacement: +/- 500 sites horizontally, +/- 100 rows vertically.
[INFO DPL-1102] Legalizing using negotiation legalizer.
[INFO DPL-1103] Negotiation base search window: +/-20 sites horizontally, +/-5 rows vertically 
	Automatic search window extension enabled.
	Search window extendable up to the max displacement cap of +/-500 sites, +/-100 rows near walls.
[INFO DPL-1104] NegotiationLegalizer DRC penalty: 5.
[INFO DPL-0392] Negotiation cell height distribution (1 unique row-count(s)):
[INFO DPL-0393]   height 1 row(s): 20321 cells
[INFO DPL-0500] Runtime: 0.06s
Placement Analysis
---------------------------------
total displacement          0.0 u
average displacement        0.0 u
max displacement            0.0 u
original HPWL          569242.2 u
legalized HPWL         569242.2 u
delta HPWL                    0 %

global_route -end_incremental -congestion_report_file ./reports/sky130hd/chia_sha256_benchmark_corrupted/slot0/congestion_post_repair_design.rpt
Repair setup and hold violations...
estimate_parasitics -global_routing
repair_timing -setup_margin 0.25 -hold_margin 0 -repair_tns 100 -verbose
[INFO RSZ-0100] Repair move sequence: UnbufferMove SizeUpMove SwapPinsMove BufferMove CloneMove SplitLoadMove 
[INFO RSZ-0094] Found 35 endpoints with setup violations.
[INFO RSZ-0099] Repairing 35 out of 35 (100.00%) violating endpoints...
   Iter   | Removed | Resized | Inserted | Cloned |  Pin  |   Area   |    WNS   |   StTNS    |   EnTNS    |  Viol  |  Worst  
          | Buffers |  Gates  | Buffers  |  Gates | Swaps |          |          |            |            | Endpts | St/EnPt 
------------------------------------------------------------------------------------------------------------------------------
       0* |       0 |       0 |        0 |      0 |     0 |    +0.0% |   -0.693 |       -2.2 |       -9.0 |     35 | digest\[251\]$_DFFE_PN0P_/D
      10* |       0 |       7 |        0 |      2 |     0 |    +0.0% |   -0.575 |       -2.0 |       -6.7 |     35 | digest\[254\]$_DFFE_PN0P_/D
      20* |       0 |      15 |        1 |      2 |     1 |    +0.1% |   -0.452 |       -1.6 |       -5.3 |     35 | digest\[255\]$_DFFE_PN0P_/D
      30* |       0 |      18 |        6 |      3 |     3 |    +0.1% |   -0.398 |       -1.3 |       -4.4 |     35 | digest\[255\]$_DFFE_PN0P_/D
      40* |       0 |      27 |        7 |      3 |     3 |    +0.1% |   -0.332 |       -1.1 |       -3.5 |     35 | a\[31\]$_DFFE_PN0P_/D
      50* |       0 |      34 |        8 |      3 |     5 |    +0.2% |   -0.307 |       -1.0 |       -3.3 |     35 | digest\[255\]$_DFFE_PN0P_/D
      60* |       0 |      42 |        8 |      4 |     6 |    +0.2% |   -0.241 |       -0.6 |       -2.2 |     35 | a\[31\]$_DFFE_PN0P_/D
      70* |       0 |      50 |        8 |      4 |     8 |    +0.2% |   -0.188 |       -0.5 |       -1.4 |     35 | digest\[254\]$_DFFE_PN0P_/D
      80* |       0 |      58 |       10 |      4 |     8 |    +0.2% |   -0.145 |       -0.4 |       -0.9 |     35 | digest\[254\]$_DFFE_PN0P_/D
      90* |       0 |      65 |       14 |      4 |     9 |    +0.3% |   -0.120 |       -0.3 |       -0.8 |     35 | digest\[254\]$_DFFE_PN0P_/D
     100* |       0 |      74 |       14 |      4 |    10 |    +0.3% |   -0.102 |       -0.2 |       -0.5 |     35 | digest\[251\]$_DFFE_PN0P_/D
     110* |       0 |      80 |       20 |      4 |    12 |    +0.3% |   -0.057 |       -0.1 |       -0.2 |     35 | digest\[254\]$_DFFE_PN0P_/D
     120* |       0 |      85 |       24 |      6 |    13 |    +0.4% |   -0.071 |       -0.1 |       -0.2 |     35 | digest\[254\]$_DFFE_PN0P_/D
     130* |       0 |      91 |       29 |      6 |    16 |    +0.4% |   -0.028 |       -0.0 |       -0.1 |     35 | digest\[255\]$_DFFE_PN0P_/D
     140* |       0 |      97 |       31 |      7 |    17 |    +0.5% |   -0.002 |       -0.0 |       -0.0 |     35 | digest\[254\]$_DFFE_PN0P_/D
     150* |       0 |     102 |       41 |      8 |    18 |    +0.6% |    0.035 |        0.0 |        0.0 |     35 | digest\[255\]$_DFFE_PN0P_/D
     160* |       0 |     110 |       42 |      9 |    18 |    +0.6% |    0.033 |        0.0 |        0.0 |     35 | digest\[254\]$_DFFE_PN0P_/D
     170* |       0 |     118 |       42 |     10 |    19 |    +0.6% |    0.057 |        0.0 |        0.0 |     35 | digest\[254\]$_DFFE_PN0P_/D
     180* |       0 |     126 |       42 |     10 |    21 |    +0.6% |    0.072 |        0.0 |        0.0 |     35 | digest\[254\]$_DFFE_PN0P_/D
     190* |       0 |     132 |       45 |     11 |    22 |    +0.7% |    0.085 |        0.0 |        0.0 |     35 | digest\[254\]$_DFFE_PN0P_/D
     200* |       0 |     140 |       49 |     12 |    22 |    +0.7% |    0.104 |        0.0 |        0.0 |     35 | digest\[254\]$_DFFE_PN0P_/D
     210* |       0 |     148 |       50 |     13 |    22 |    +0.8% |    0.116 |        0.0 |        0.0 |     35 | digest\[254\]$_DFFE_PN0P_/D
     220* |       0 |     157 |       53 |     13 |    22 |    +0.8% |    0.158 |        0.0 |        0.0 |     35 | digest\[254\]$_DFFE_PN0P_/D
     230* |       0 |     163 |       54 |     13 |    25 |    +0.8% |    0.162 |        0.0 |        0.0 |     35 | digest\[255\]$_DFFE_PN0P_/D
     240* |       0 |     168 |       54 |     14 |    29 |    +0.9% |    0.192 |        0.0 |        0.0 |     35 | digest\[254\]$_DFFE_PN0P_/D
     250* |       0 |     174 |       55 |     14 |    32 |    +0.9% |    0.146 |        0.0 |        0.0 |     35 | digest\[254\]$_DFFE_PN0P_/D
     260* |       0 |     182 |       55 |     15 |    33 |    +0.9% |    0.233 |        0.0 |        0.0 |     35 | digest\[254\]$_DFFE_PN0P_/D
     270* |       0 |     186 |       57 |     17 |    35 |    +1.0% |    0.250 |        0.0 |        0.0 |     35 | digest\[254\]$_DFFE_PN0P_/D
     271* |       0 |     186 |       57 |     17 |    36 |    +1.0% |    0.255 |        0.0 |        0.0 |     35 | digest\[254\]$_DFFE_PN0P_/D
     272* |       0 |     186 |       57 |     17 |    36 |    +1.0% |    0.255 |        0.0 |        0.0 |     35 | digest\[254\]$_DFFE_PN0P_/D
     273* |       0 |     186 |       57 |     17 |    36 |    +1.0% |    0.255 |        0.0 |        0.0 |     35 | digest\[254\]$_DFFE_PN0P_/D
     274* |       0 |     186 |       57 |     17 |    36 |    +1.0% |    0.255 |        0.0 |        0.0 |     35 | digest\[254\]$_DFFE_PN0P_/D
     275* |       0 |     186 |       57 |     17 |    36 |    +1.0% |    0.255 |        0.0 |        0.0 |     35 | digest\[254\]$_DFFE_PN0P_/D
     276* |       0 |     186 |       57 |     17 |    36 |    +1.0% |    0.255 |        0.0 |        0.0 |     35 | digest\[254\]$_DFFE_PN0P_/D
     277* |       0 |     186 |       57 |     17 |    36 |    +1.0% |    0.255 |        0.0 |        0.0 |     35 | digest\[254\]$_DFFE_PN0P_/D
     278* |       0 |     186 |       57 |     17 |    36 |    +1.0% |    0.255 |        0.0 |        0.0 |     35 | digest\[254\]$_DFFE_PN0P_/D
     279* |       0 |     186 |       57 |     17 |    36 |    +1.0% |    0.255 |        0.0 |        0.0 |     35 | digest\[254\]$_DFFE_PN0P_/D
     280* |       0 |     186 |       57 |     17 |    36 |    +1.0% |    0.255 |        0.0 |        0.0 |     35 | digest\[254\]$_DFFE_PN0P_/D
     280* |       0 |     186 |       57 |     17 |    36 |    +1.0% |    0.255 |        0.0 |        0.0 |     35 | digest\[254\]$_DFFE_PN0P_/D
     281* |       0 |     186 |       57 |     17 |    36 |    +1.0% |    0.255 |        0.0 |        0.0 |     35 | digest\[254\]$_DFFE_PN0P_/D
     282* |       0 |     186 |       57 |     17 |    36 |    +1.0% |    0.255 |        0.0 |        0.0 |     35 | digest\[254\]$_DFFE_PN0P_/D
     283* |       0 |     186 |       57 |     17 |    36 |    +1.0% |    0.255 |        0.0 |        0.0 |     35 | digest\[254\]$_DFFE_PN0P_/D
     284* |       0 |     186 |       57 |     17 |    36 |    +1.0% |    0.255 |        0.0 |        0.0 |     35 | digest\[254\]$_DFFE_PN0P_/D
     285* |       0 |     186 |       57 |     17 |    36 |    +1.0% |    0.255 |        0.0 |        0.0 |     35 | digest\[254\]$_DFFE_PN0P_/D
     286* |       0 |     186 |       57 |     17 |    36 |    +1.0% |    0.255 |        0.0 |        0.0 |     35 | digest\[254\]$_DFFE_PN0P_/D
     287* |       0 |     186 |       57 |     17 |    36 |    +1.0% |    0.255 |        0.0 |        0.0 |     35 | digest\[254\]$_DFFE_PN0P_/D
     288* |       0 |     186 |       57 |     17 |    36 |    +1.0% |    0.255 |        0.0 |        0.0 |     35 | digest\[254\]$_DFFE_PN0P_/D
     289* |       0 |     186 |       57 |     17 |    36 |    +1.0% |    0.255 |        0.0 |        0.0 |     35 | digest\[254\]$_DFFE_PN0P_/D
     290* |       0 |     186 |       57 |     17 |    36 |    +1.0% |    0.255 |        0.0 |        0.0 |     35 | digest\[254\]$_DFFE_PN0P_/D
     290* |       0 |     186 |       57 |     17 |    36 |    +1.0% |    0.255 |        0.0 |        0.0 |     35 | digest\[254\]$_DFFE_PN0P_/D
     291* |       0 |     186 |       57 |     17 |    36 |    +1.0% |    0.255 |        0.0 |        0.0 |     35 | digest\[254\]$_DFFE_PN0P_/D
     292* |       0 |     186 |       57 |     17 |    36 |    +1.0% |    0.255 |        0.0 |        0.0 |     35 | digest\[254\]$_DFFE_PN0P_/D
     293* |       0 |     186 |       57 |     17 |    36 |    +1.0% |    0.255 |        0.0 |        0.0 |     35 | digest\[254\]$_DFFE_PN0P_/D
     294* |       0 |     186 |       57 |     17 |    36 |    +1.0% |    0.255 |        0.0 |        0.0 |     35 | digest\[254\]$_DFFE_PN0P_/D
     295* |       0 |     186 |       57 |     17 |    36 |    +1.0% |    0.255 |        0.0 |        0.0 |     35 | digest\[254\]$_DFFE_PN0P_/D
     296* |       0 |     186 |       57 |     17 |    36 |    +1.0% |    0.255 |        0.0 |        0.0 |     35 | digest\[254\]$_DFFE_PN0P_/D
     297* |       0 |     186 |       57 |     17 |    36 |    +1.0% |    0.255 |        0.0 |        0.0 |     35 | digest\[254\]$_DFFE_PN0P_/D
     298* |       0 |     186 |       57 |     17 |    36 |    +1.0% |    0.255 |        0.0 |        0.0 |     35 | digest\[254\]$_DFFE_PN0P_/D
     299* |       0 |     186 |       57 |     17 |    36 |    +1.0% |    0.255 |        0.0 |        0.0 |     35 | digest\[254\]$_DFFE_PN0P_/D
     300* |       0 |     186 |       57 |     17 |    36 |    +1.0% |    0.255 |        0.0 |        0.0 |     35 | digest\[254\]$_DFFE_PN0P_/D
     300* |       0 |     186 |       57 |     17 |    36 |    +1.0% |    0.255 |        0.0 |        0.0 |     35 | digest\[254\]$_DFFE_PN0P_/D
     301* |       0 |     186 |       57 |     17 |    36 |    +1.0% |    0.255 |        0.0 |        0.0 |     35 | digest\[254\]$_DFFE_PN0P_/D
     302* |       0 |     186 |       57 |     17 |    36 |    +1.0% |    0.255 |        0.0 |        0.0 |     35 | digest\[254\]$_DFFE_PN0P_/D
     303* |       0 |     186 |       57 |     17 |    36 |    +1.0% |    0.255 |        0.0 |        0.0 |     35 | digest\[254\]$_DFFE_PN0P_/D
     304* |       0 |     186 |       57 |     17 |    36 |    +1.0% |    0.255 |        0.0 |        0.0 |     35 | digest\[254\]$_DFFE_PN0P_/D
     305* |       0 |     186 |       57 |     17 |    36 |    +1.0% |    0.255 |        0.0 |        0.0 |     35 | digest\[254\]$_DFFE_PN0P_/D
     305* |       0 |     186 |       57 |     17 |    36 |    +1.0% |    0.255 |        0.0 |        0.0 |     35 | digest\[254\]$_DFFE_PN0P_/D
    final |       0 |     186 |       57 |     17 |    36 |    +1.0% |    0.255 |        0.0 |        0.0 |      0 | digest\[254\]$_DFFE_PN0P_/D
------------------------------------------------------------------------------------------------------------------------------
[INFO RSZ-0040] Inserted 57 buffers.
[INFO RSZ-0051] Resized 186 instances: 186 up, 0 up match, 0 down, 0 VT
[INFO RSZ-0043] Swapped pins on 36 instances.
[INFO RSZ-0049] Cloned 17 instances.
[INFO RSZ-0505] Runtime: 23.32s
[INFO RSZ-0033] No hold violations found.
[INFO RSZ-0506] Runtime: 0.06s
Took 23 seconds: repair_timing -setup_margin 0.25 -hold_margin 0 -repair_tns 100 -verbose
global_route -start_incremental
detailed_placement
[INFO DPL-0006] Core area: 330268.00 um^2
[INFO DPL-0007] Movable instances area: 190033.51 um^2
[INFO DPL-0008] Fixed instances area within core: 5462.74 um^2
[INFO DPL-0009] Utilization: 59.2%
[INFO DPL-0005] Diamond search max displacement: +/- 500 sites horizontally, +/- 100 rows vertically.
[INFO DPL-1102] Legalizing using negotiation legalizer.
[INFO DPL-1103] Negotiation base search window: +/-20 sites horizontally, +/-5 rows vertically 
	Automatic search window extension enabled.
	Search window extendable up to the max displacement cap of +/-500 sites, +/-100 rows near walls.
[INFO DPL-1104] NegotiationLegalizer DRC penalty: 5.
[INFO DPL-0392] Negotiation cell height distribution (1 unique row-count(s)):
[INFO DPL-0393]   height 1 row(s): 20395 cells
          |      Total |  Illegal |  Illegal
Iteration | Violations |    Cells |    Sites
---------------------------------------------
        0 |         69 |        11 |        58
        1 |          4 |         2 |         2
        2 |          0 |         0 |         0
Negotiation phase 1 converged at iteration 2.
[INFO DPL-0500] Runtime: 0.11s
Placement Analysis
---------------------------------
total displacement       1026.1 u
average displacement        0.1 u
max displacement           24.1 u
original HPWL          574092.0 u
legalized HPWL         575041.7 u
delta HPWL                    0 %

check_placement -verbose
global_route -end_incremental -congestion_report_file ./reports/sky130hd/chia_sha256_benchmark_corrupted/slot0/congestion_post_repair_timing.rpt
estimate_parasitics -global_routing
repair_timing -setup -sequence "vt_swap reroute" -skip_last_gasp -repair_tns 0 -verbose -setup_margin 0.25
[INFO RSZ-0100] Repair move sequence: RerouteMove 
[INFO RSZ-0094] Found 6 endpoints with setup violations.
[INFO RSZ-0099] Repairing 1 out of 6 (0.00%) violating endpoints...
   Iter   | Removed | Resized | Inserted | Cloned |  Pin  |   Area   |    WNS   |   StTNS    |   EnTNS    |  Viol  |  Worst  
          | Buffers |  Gates  | Buffers  |  Gates | Swaps |          |          |            |            | Endpts | St/EnPt 
------------------------------------------------------------------------------------------------------------------------------
       0* |       0 |       0 |        0 |      0 |     0 |    +0.0% |    0.183 |        0.0 |        0.0 |      6 | digest\[255\]$_DFFE_PN0P_/D
       9* |       0 |       0 |        0 |      0 |     0 |    +0.0% |    0.185 |        0.0 |        0.0 |      6 | digest\[255\]$_DFFE_PN0P_/D
       9* |       0 |       0 |        0 |      0 |     0 |    +0.0% |    0.185 |        0.0 |        0.0 |      6 | digest\[255\]$_DFFE_PN0P_/D
    final |       0 |       0 |        0 |      0 |     0 |    +0.0% |    0.185 |        0.0 |        0.0 |      6 | digest\[255\]$_DFFE_PN0P_/D
------------------------------------------------------------------------------------------------------------------------------
[INFO RSZ-0053] Rerouted 3 nets resistance-aware.
[WARNING RSZ-0062] Unable to repair all setup violations.
[INFO RSZ-0505] Runtime: 0.74s
Repair antennas...
[INFO GRT-0012] Found 54 antenna violations.
[INFO GRT-0302] Inserted 52 jumpers for 38 nets.
[INFO GRT-0012] Found 16 antenna violations.
[INFO DPL-0006] Core area: 330268.00 um^2
[INFO DPL-0007] Movable instances area: 189858.34 um^2
[INFO DPL-0008] Fixed instances area within core: 5677.95 um^2
[INFO DPL-0009] Utilization: 59.2%
[INFO DPL-0005] Diamond search max displacement: +/- 500 sites horizontally, +/- 100 rows vertically.
[INFO DPL-1102] Legalizing using negotiation legalizer.
[INFO DPL-1103] Negotiation base search window: +/-20 sites horizontally, +/-5 rows vertically 
	Automatic search window extension enabled.
	Search window extendable up to the max displacement cap of +/-500 sites, +/-100 rows near walls.
[INFO DPL-1104] NegotiationLegalizer DRC penalty: 5.
[INFO DPL-0392] Negotiation cell height distribution (1 unique row-count(s)):
[INFO DPL-0393]   height 1 row(s): 20411 cells
          |      Total |  Illegal |  Illegal
Iteration | Violations |    Cells |    Sites
---------------------------------------------
        0 |          0 |         0 |         0
Negotiation phase 1 converged at iteration 0.
[INFO DPL-0500] Runtime: 0.07s
[INFO GRT-0015] Inserted 16 diodes.
[INFO GRT-0012] Found 2 antenna violations.
[INFO GRT-0302] Inserted 0 jumpers for 0 nets.
[INFO GRT-0012] Found 2 antenna violations.
[INFO DPL-0006] Core area: 330268.00 um^2
[INFO DPL-0007] Movable instances area: 190038.51 um^2
[INFO DPL-0008] Fixed instances area within core: 5502.78 um^2
[INFO DPL-0009] Utilization: 59.2%
[INFO DPL-0005] Diamond search max displacement: +/- 500 sites horizontally, +/- 100 rows vertically.
[INFO DPL-1102] Legalizing using negotiation legalizer.
[INFO DPL-1103] Negotiation base search window: +/-20 sites horizontally, +/-5 rows vertically 
	Automatic search window extension enabled.
	Search window extendable up to the max displacement cap of +/-500 sites, +/-100 rows near walls.
[INFO DPL-1104] NegotiationLegalizer DRC penalty: 5.
[INFO DPL-0392] Negotiation cell height distribution (1 unique row-count(s)):
[INFO DPL-0393]   height 1 row(s): 20413 cells
[INFO DPL-0500] Runtime: 0.07s
[INFO GRT-0015] Inserted 2 diodes.
[INFO GRT-0012] Found 1 antenna violations.
[INFO GRT-0302] Inserted 0 jumpers for 0 nets.
[INFO GRT-0012] Found 1 antenna violations.
[INFO DPL-0006] Core area: 330268.00 um^2
[INFO DPL-0007] Movable instances area: 190053.53 um^2
[INFO DPL-0008] Fixed instances area within core: 5490.27 um^2
[INFO DPL-0009] Utilization: 59.2%
[INFO DPL-0005] Diamond search max displacement: +/- 500 sites horizontally, +/- 100 rows vertically.
[INFO DPL-1102] Legalizing using negotiation legalizer.
[INFO DPL-1103] Negotiation base search window: +/-20 sites horizontally, +/-5 rows vertically 
	Automatic search window extension enabled.
	Search window extendable up to the max displacement cap of +/-500 sites, +/-100 rows near walls.
[INFO DPL-1104] NegotiationLegalizer DRC penalty: 5.
[INFO DPL-0392] Negotiation cell height distribution (1 unique row-count(s)):
[INFO DPL-0393]   height 1 row(s): 20414 cells
          |      Total |  Illegal |  Illegal
Iteration | Violations |    Cells |    Sites
---------------------------------------------
        0 |          0 |         0 |         0
Negotiation phase 1 converged at iteration 0.
[INFO DPL-0500] Runtime: 0.07s
[INFO GRT-0015] Inserted 1 diodes.
[INFO GRT-0012] Found 1 antenna violations.
[INFO GRT-0302] Inserted 0 jumpers for 0 nets.
[INFO GRT-0012] Found 1 antenna violations.
[INFO DPL-0006] Core area: 330268.00 um^2
[INFO DPL-0007] Movable instances area: 190056.03 um^2
[INFO DPL-0008] Fixed instances area within core: 5490.27 um^2
[INFO DPL-0009] Utilization: 59.2%
[INFO DPL-0005] Diamond search max displacement: +/- 500 sites horizontally, +/- 100 rows vertically.
[INFO DPL-1102] Legalizing using negotiation legalizer.
[INFO DPL-1103] Negotiation base search window: +/-20 sites horizontally, +/-5 rows vertically 
	Automatic search window extension enabled.
	Search window extendable up to the max displacement cap of +/-500 sites, +/-100 rows near walls.
[INFO DPL-1104] NegotiationLegalizer DRC penalty: 5.
[INFO DPL-0392] Negotiation cell height distribution (1 unique row-count(s)):
[INFO DPL-0393]   height 1 row(s): 20415 cells
          |      Total |  Illegal |  Illegal
Iteration | Violations |    Cells |    Sites
---------------------------------------------
        0 |          0 |         0 |         0
Negotiation phase 1 converged at iteration 0.
[INFO DPL-0500] Runtime: 0.07s
[INFO GRT-0015] Inserted 1 diodes.
[INFO GRT-0012] Found 1 antenna violations.
[INFO GRT-0302] Inserted 0 jumpers for 0 nets.
[INFO GRT-0012] Found 1 antenna violations.
[INFO DPL-0006] Core area: 330268.00 um^2
[INFO DPL-0007] Movable instances area: 190058.53 um^2
[INFO DPL-0008] Fixed instances area within core: 5490.27 um^2
[INFO DPL-0009] Utilization: 59.2%
[INFO DPL-0005] Diamond search max displacement: +/- 500 sites horizontally, +/- 100 rows vertically.
[INFO DPL-1102] Legalizing using negotiation legalizer.
[INFO DPL-1103] Negotiation base search window: +/-20 sites horizontally, +/-5 rows vertically 
	Automatic search window extension enabled.
	Search window extendable up to the max displacement cap of +/-500 sites, +/-100 rows near walls.
[INFO DPL-1104] NegotiationLegalizer DRC penalty: 5.
[INFO DPL-0392] Negotiation cell height distribution (1 unique row-count(s)):
[INFO DPL-0393]   height 1 row(s): 20416 cells
          |      Total |  Illegal |  Illegal
Iteration | Violations |    Cells |    Sites
---------------------------------------------
        0 |          0 |         0 |         0
Negotiation phase 1 converged at iteration 0.
[INFO DPL-0500] Runtime: 0.07s
[INFO GRT-0015] Inserted 1 diodes.
[INFO ANT-0002] Found 0 net violations.
[INFO ANT-0001] Found 0 pin violations.
Estimate parasitics...
estimate_parasitics -global_routing
Report metrics stage 5, global route...

==========================================================================
global route report_design_area
--------------------------------------------------------------------------
Design area 195549 um^2 59% utilization.
[INFO FLW-0007] clock core_clock period 13.750000
[WARNING FLW-0010] more than one clock found. Skipping sdc update.
[INFO FLW-0011] Path endpoint path count 5666
write_db ./results/sky130hd/chia_sha256_benchmark_corrupted/slot0/5_1_grt.odb
write_sdc -no_timestamp ./results/sky130hd/chia_sha256_benchmark_corrupted/slot0/5_1_grt.sdc
Log                       Ext     Elapsed/s Peak Memory/MB sha1sum result [0:20)
5_1_grt                   .odb          253            584 3fe6b7274a92194d393a
5_1_grt                   .sdc                             850c0c89442ca1395309
/root/OpenROAD-flow-scripts/flow/scripts/flow.sh 5_2_route detail_route
Running detail_route.tcl, stage 5_2_route
read_liberty /root/OpenROAD-flow-scripts/flow/platforms/sky130hd/lib/sky130_fd_sc_hd__tt_025C_1v80.lib
read_db ./results/sky130hd/chia_sha256_benchmark_corrupted/slot0/5_1_grt.odb
read_sdc ./results/sky130hd/chia_sha256_benchmark_corrupted/slot0/5_1_grt.sdc
source /root/OpenROAD-flow-scripts/flow/platforms/sky130hd/setRC.tcl
[WARNING STA-0450] virtual clock vclk can not be propagated.
detailed_route -output_drc ./reports/sky130hd/chia_sha256_benchmark_corrupted/slot0/5_route_drc.rpt -output_maze ./results/sky130hd/chia_sha256_benchmark_corrupted/slot0/maze.log -droute_end_iter 64 -verbose 1 -drc_report_iter_step 5
[INFO DRT-0149] Reading tech and libs.
[WARNING DRT-0349] LEF58_ENCLOSURE with no CUTCLASS is not supported. Skipping for layer mcon
[WARNING DRT-0349] LEF58_ENCLOSURE with no CUTCLASS is not supported. Skipping for layer mcon
[WARNING DRT-0349] LEF58_ENCLOSURE with no CUTCLASS is not supported. Skipping for layer via
[WARNING DRT-0349] LEF58_ENCLOSURE with no CUTCLASS is not supported. Skipping for layer via
[WARNING DRT-0349] LEF58_ENCLOSURE with no CUTCLASS is not supported. Skipping for layer via2
[WARNING DRT-0349] LEF58_ENCLOSURE with no CUTCLASS is not supported. Skipping for layer via2
[WARNING DRT-0349] LEF58_ENCLOSURE with no CUTCLASS is not supported. Skipping for layer via3
[WARNING DRT-0349] LEF58_ENCLOSURE with no CUTCLASS is not supported. Skipping for layer via3
[WARNING DRT-0349] LEF58_ENCLOSURE with no CUTCLASS is not supported. Skipping for layer via4
[WARNING DRT-0349] LEF58_ENCLOSURE with no CUTCLASS is not supported. Skipping for layer via4

Units:                1000
Number of layers:     13
Number of macros:     441
Number of vias:       29
Number of viarulegen: 25

[INFO DRT-0150] Reading design.
[WARNING DRT-0120] Large net net2755 has 118 pins which may impact routing performance. Consider optimization.
[WARNING DRT-0120] Large net net2757 has 105 pins which may impact routing performance. Consider optimization.
[WARNING DRT-0120] Large net net3042 has 102 pins which may impact routing performance. Consider optimization.
[WARNING DRT-0120] Large net net2995 has 198 pins which may impact routing performance. Consider optimization.
[WARNING DRT-0120] Large net net513 has 117 pins which may impact routing performance. Consider optimization.
[WARNING DRT-0120] Large net net2756 has 114 pins which may impact routing performance. Consider optimization.
[WARNING DRT-0120] Large net net3157 has 272 pins which may impact routing performance. Consider optimization.
[WARNING DRT-0120] Large net net3175 has 138 pins which may impact routing performance. Consider optimization.
[WARNING DRT-0120] Large net net3174 has 181 pins which may impact routing performance. Consider optimization.
[WARNING DRT-0120] Large net net3170 has 144 pins which may impact routing performance. Consider optimization.
[WARNING DRT-0120] Large net net3171 has 143 pins which may impact routing performance. Consider optimization.
[WARNING DRT-0120] Large net net3172 has 127 pins which may impact routing performance. Consider optimization.
[WARNING DRT-0120] Large net net3179 has 174 pins which may impact routing performance. Consider optimization.
[WARNING DRT-0120] Large net net3186 has 165 pins which may impact routing performance. Consider optimization.
[WARNING DRT-0120] Large net net3193 has 121 pins which may impact routing performance. Consider optimization.
[WARNING DRT-0120] Large net net3192 has 142 pins which may impact routing performance. Consider optimization.

Design:                   sha256
Die area:                 ( 0 0 ) ( 578080 578080 )
Number of track patterns: 12
Number of DEF vias:       0
Number of components:     20416
Number of terminals:      774
Number of snets:          2
Number of nets:           16633

[INFO DRT-0167] List of default vias:
  Layer via
    default via: M1M2_PR
  Layer via2
    default via: M2M3_PR
  Layer via3
    default via: M3M4_PR
  Layer via4
    default via: M4M5_PR
[INFO DRT-0162] Library cell analysis.
[INFO DRT-0163] Instance analysis.
[INFO DRT-0164] Number of unique instances = 225.
[INFO DRT-0168] Init region query.
[INFO DRT-0024]   Complete FR_MASTERSLICE.
[INFO DRT-0024]   Complete Fr_VIA.
[INFO DRT-0024]   Complete li1.
[INFO DRT-0024]   Complete mcon.
[INFO DRT-0024]   Complete met1.
[INFO DRT-0024]   Complete via.
[INFO DRT-0024]   Complete met2.
[INFO DRT-0024]   Complete via2.
[INFO DRT-0024]   Complete met3.
[INFO DRT-0024]   Complete via3.
[INFO DRT-0024]   Complete met4.
[INFO DRT-0024]   Complete via4.
[INFO DRT-0024]   Complete met5.
[INFO DRT-0033] FR_MASTERSLICE shape region query size = 0.
[INFO DRT-0033] FR_VIA shape region query size = 0.
[INFO DRT-0033] li1 shape region query size = 594209.
[INFO DRT-0033] mcon shape region query size = 352782.
[INFO DRT-0033] met1 shape region query size = 112356.
[INFO DRT-0033] via shape region query size = 22260.
[INFO DRT-0033] met2 shape region query size = 13741.
[INFO DRT-0033] via2 shape region query size = 17808.
[INFO DRT-0033] met3 shape region query size = 13743.
[INFO DRT-0033] via3 shape region query size = 17808.
[INFO DRT-0033] met4 shape region query size = 5376.
[INFO DRT-0033] via4 shape region query size = 882.
[INFO DRT-0033] met5 shape region query size = 966.
[INFO DRT-0165] Start pin access.
[INFO DRT-0076]   Complete 1000 pins.
[INFO DRT-0078]   Complete 1780 pins.
[INFO DRT-0079]   Complete 100 unique inst patterns.
[INFO DRT-0079]   Complete 200 unique inst patterns.
[INFO DRT-0081]   Complete 225 unique inst patterns.
[INFO DRT-0082]   Complete 10000 groups.
[INFO DRT-0084]   Complete 10859 groups.
#scanned instances     = 20416
#unique  instances     = 225
#stdCellGenAp          = 8373
#stdCellValidPlanarAp  = 152
#stdCellValidViaAp     = 5315
#stdCellPinNoAp        = 10
#stdCellPinCnt         = 61928
#instTermValidViaApCnt = 0
#macroGenAp            = 0
#macroValidPlanarAp    = 0
#macroValidViaAp       = 0
#macroNoAp             = 0
[INFO DRT-0166] Complete pin access.
[INFO DRT-0267] cpu time = 00:02:55, elapsed time = 00:02:55, memory = 404.81 (MB), peak = 419.30 (MB)
[INFO DRT-0156] guideIn read 100000 guides.

[INFO DRT-0157] Number of guides:     153256

[INFO DRT-0169] Post process guides.
[INFO DRT-0176] GCELLGRID X 0 DO 83 STEP 6900 ;
[INFO DRT-0177] GCELLGRID Y 0 DO 83 STEP 6900 ;
[INFO DRT-0026]   Complete 100000 origin guides.
[INFO DRT-0028]   Complete FR_MASTERSLICE.
[INFO DRT-0028]   Complete Fr_VIA.
[INFO DRT-0028]   Complete li1.
[INFO DRT-0028]   Complete mcon.
[INFO DRT-0028]   Complete met1.
[INFO DRT-0028]   Complete via.
[INFO DRT-0028]   Complete met2.
[INFO DRT-0028]   Complete via2.
[INFO DRT-0028]   Complete met3.
[INFO DRT-0028]   Complete via3.
[INFO DRT-0028]   Complete met4.
[INFO DRT-0028]   Complete via4.
[INFO DRT-0028]   Complete met5.
[INFO DRT-0178] Init guide query.
[INFO DRT-0035]   Complete FR_MASTERSLICE (guide).
[INFO DRT-0035]   Complete Fr_VIA (guide).
[INFO DRT-0035]   Complete li1 (guide).
[INFO DRT-0035]   Complete mcon (guide).
[INFO DRT-0035]   Complete met1 (guide).
[INFO DRT-0035]   Complete via (guide).
[INFO DRT-0035]   Complete met2 (guide).
[INFO DRT-0035]   Complete via2 (guide).
[INFO DRT-0035]   Complete met3 (guide).
[INFO DRT-0035]   Complete via3 (guide).
[INFO DRT-0035]   Complete met4 (guide).
[INFO DRT-0035]   Complete via4 (guide).
[INFO DRT-0035]   Complete met5 (guide).
[INFO DRT-0036] FR_MASTERSLICE guide region query size = 0.
[INFO DRT-0036] FR_VIA guide region query size = 0.
[INFO DRT-0036] li1 guide region query size = 47384.
[INFO DRT-0036] mcon guide region query size = 0.
[INFO DRT-0036] met1 guide region query size = 45831.
[INFO DRT-0036] via guide region query size = 0.
[INFO DRT-0036] met2 guide region query size = 24644.
[INFO DRT-0036] via2 guide region query size = 0.
[INFO DRT-0036] met3 guide region query size = 3051.
[INFO DRT-0036] via3 guide region query size = 0.
[INFO DRT-0036] met4 guide region query size = 1212.
[INFO DRT-0036] via4 guide region query size = 0.
[INFO DRT-0036] met5 guide region query size = 18.
[INFO DRT-0179] Init gr pin query.
[INFO DRT-0267] cpu time = 00:00:00, elapsed time = 00:00:00, memory = 458.43 (MB), peak = 458.43 (MB)
[INFO DRT-0245] skipped writing guide updates to database.
[INFO DRT-0181] Start track assignment.
[INFO DRT-0184] Done with 73240 vertical wires in 2 frboxes and 48900 horizontal wires in 2 frboxes.
[INFO DRT-0186] Done with 10765 vertical wires in 2 frboxes and 18180 horizontal wires in 2 frboxes.
[INFO DRT-0182] Complete track assignment.
[INFO DRT-0267] cpu time = 00:00:04, elapsed time = 00:00:04, memory = 629.06 (MB), peak = 629.06 (MB)
[INFO DRT-0187] Start routing data preparation.
[INFO DRT-0267] cpu time = 00:00:00, elapsed time = 00:00:00, memory = 629.06 (MB), peak = 629.06 (MB)
[INFO DRT-0194] Start detail routing.
[INFO DRT-0195] Start 0th optimization iteration.
    Completing 10% with 0 violations.
    elapsed time = 00:00:31, memory = 752.21 (MB).
    Completing 20% with 0 violations.
    elapsed time = 00:01:16, memory = 1028.08 (MB).
    Completing 30% with 4604 violations.
    elapsed time = 00:01:55, memory = 1166.05 (MB).
    Completing 40% with 4604 violations.
    elapsed time = 00:02:37, memory = 1170.77 (MB).
    Completing 50% with 4604 violations.
    elapsed time = 00:03:25, memory = 1217.17 (MB).
    Completing 60% with 8778 violations.
    elapsed time = 00:04:22, memory = 1246.43 (MB).
    Completing 70% with 8778 violations.
    elapsed time = 00:05:22, memory = 1255.37 (MB).
    Completing 80% with 13835 violations.
    elapsed time = 00:06:12, memory = 1211.33 (MB).
    Completing 90% with 13835 violations.
    elapsed time = 00:07:06, memory = 1244.90 (MB).
    Completing 100% with 18616 violations.
    elapsed time = 00:07:51, memory = 1275.56 (MB).
[INFO DRT-0199]   Number of violations = 21212.
Viol/Layer         li1   mcon   met1    via   met2   met3   met4   met5
Cut Spacing          0     48      0      2      0      0      0      0
Metal Spacing        0      0   2579      0   1107     50      2      0
Min Hole             0      0     28      0      1      0      0      0
Recheck             14      0   1755      0    767     48     12      0
Short                0      5  12791     45   1895     57      5      1
[INFO DRT-0267] cpu time = 00:07:51, elapsed time = 00:07:51, memory = 1308.94 (MB), peak = 1308.94 (MB)
Total wire length = 775882 um.
Total wire length on LAYER li1 = 0 um.
Total wire length on LAYER met1 = 313536 um.
Total wire length on LAYER met2 = 322760 um.
Total wire length on LAYER met3 = 70523 um.
Total wire length on LAYER met4 = 68754 um.
Total wire length on LAYER met5 = 307 um.
Total number of vias = 142172.
Up-via summary (total 142172):

-------------------------
 FR_MASTERSLICE         0
            li1     57907
           met1     75601
           met2      6471
           met3      2169
           met4        24
-------------------------
               142172


[INFO DRT-0195] Start 1st optimization iteration.
    Completing 10% with 21212 violations.
    elapsed time = 00:00:25, memory = 1316.07 (MB).
    Completing 20% with 21212 violations.
    elapsed time = 00:01:11, memory = 1292.13 (MB).
    Completing 30% with 19575 violations.
    elapsed time = 00:01:32, memory = 1299.90 (MB).
    Completing 40% with 19575 violations.
    elapsed time = 00:02:16, memory = 1275.89 (MB).
    Completing 50% with 19575 violations.
    elapsed time = 00:03:18, memory = 1297.11 (MB).
    Completing 60% with 18054 violations.
    elapsed time = 00:03:56, memory = 1299.77 (MB).
    Completing 70% with 18054 violations.
    elapsed time = 00:04:37, memory = 1299.77 (MB).
    Completing 80% with 15592 violations.
    elapsed time = 00:05:30, memory = 1314.13 (MB).
    Completing 90% with 15592 violations.
    elapsed time = 00:06:29, memory = 1306.02 (MB).
    Completing 100% with 13106 violations.
    elapsed time = 00:07:18, memory = 1331.49 (MB).
[INFO DRT-0199]   Number of violations = 13106.
Viol/Layer        mcon   met1    via   met2   met3   met4
Cut Spacing         35      0      0      0      0      0
Metal Spacing        0   1739      0    501     30      1
Min Hole             0      1      0      1      0      0
Short                0   9818      2    959     17      2
[INFO DRT-0267] cpu time = 00:07:19, elapsed time = 00:07:19, memory = 1331.49 (MB), peak = 1360.32 (MB)
Total wire length = 768623 um.
Total wire length on LAYER li1 = 0 um.
Total wire length on LAYER met1 = 307643 um.
Total wire length on LAYER met2 = 320227 um.
Total wire length on LAYER met3 = 71880 um.
Total wire length on LAYER met4 = 68576 um.
Total wire length on LAYER met5 = 295 um.
Total number of vias = 140503.
Up-via summary (total 140503):

-------------------------
 FR_MASTERSLICE         0
            li1     57892
           met1     73942
           met2      6564
           met3      2083
           met4        22
-------------------------
               140503


[INFO DRT-0195] Start 2nd optimization iteration.
    Completing 10% with 13106 violations.
    elapsed time = 00:00:25, memory = 1326.77 (MB).
    Completing 20% with 13106 violations.
    elapsed time = 00:01:07, memory = 1290.26 (MB).
    Completing 30% with 12828 violations.
    elapsed time = 00:01:30, memory = 1301.49 (MB).
    Completing 40% with 12828 violations.
    elapsed time = 00:02:12, memory = 1306.25 (MB).
    Completing 50% with 12828 violations.
    elapsed time = 00:03:15, memory = 1306.25 (MB).
    Completing 60% with 12452 violations.
    elapsed time = 00:03:43, memory = 1326.32 (MB).
    Completing 70% with 12452 violations.
    elapsed time = 00:04:16, memory = 1324.58 (MB).
    Completing 80% with 12133 violations.
    elapsed time = 00:05:03, memory = 1298.66 (MB).
    Completing 90% with 12133 violations.
    elapsed time = 00:05:55, memory = 1287.50 (MB).
    Completing 100% with 11724 violations.
    elapsed time = 00:06:50, memory = 1302.17 (MB).
[INFO DRT-0199]   Number of violations = 11724.
Viol/Layer        mcon   met1    via   met2   met3   met4
Cut Spacing         42      0      0      0      0      0
Metal Spacing        0   1476      0    445     15      1
Short                0   8978      1    756      9      1
[INFO DRT-0267] cpu time = 00:06:51, elapsed time = 00:06:51, memory = 1317.73 (MB), peak = 1360.32 (MB)
Total wire length = 766872 um.
Total wire length on LAYER li1 = 0 um.
Total wire length on LAYER met1 = 306886 um.
Total wire length on LAYER met2 = 319374 um.
Total wire length on LAYER met3 = 71802 um.
Total wire length on LAYER met4 = 68507 um.
Total wire length on LAYER met5 = 301 um.
Total number of vias = 139807.
Up-via summary (total 139807):

-------------------------
 FR_MASTERSLICE         0
            li1     57908
           met1     73370
           met2      6437
           met3      2070
           met4        22
-------------------------
               139807


[INFO DRT-0195] Start 3rd optimization iteration.
    Completing 10% with 11724 violations.
    elapsed time = 00:00:29, memory = 1303.77 (MB).
    Completing 20% with 11724 violations.
    elapsed time = 00:01:03, memory = 1302.73 (MB).
    Completing 30% with 9467 violations.
    elapsed time = 00:01:34, memory = 1288.55 (MB).
    Completing 40% with 9467 violations.
    elapsed time = 00:02:03, memory = 1275.90 (MB).
    Completing 50% with 9467 violations.
    elapsed time = 00:02:41, memory = 1316.29 (MB).
    Completing 60% with 6968 violations.
    elapsed time = 00:03:29, memory = 1302.58 (MB).
    Completing 70% with 6968 violations.
    elapsed time = 00:04:10, memory = 1300.39 (MB).
    Completing 80% with 4427 violations.
    elapsed time = 00:04:48, memory = 1286.29 (MB).
    Completing 90% with 4427 violations.
    elapsed time = 00:05:26, memory = 1275.90 (MB).
    Completing 100% with 1901 violations.
    elapsed time = 00:05:50, memory = 1331.29 (MB).
[INFO DRT-0199]   Number of violations = 1901.
Viol/Layer        mcon   met1    via   met2   met3
Cut Spacing          3      0      0      0      0
Metal Spacing        0    511      0    102     20
Min Hole             0      2      0      0      0
Short                0   1049      3    194     17
[INFO DRT-0267] cpu time = 00:05:51, elapsed time = 00:05:51, memory = 1331.29 (MB), peak = 1371.01 (MB)
Total wire length = 764569 um.
Total wire length on LAYER li1 = 0 um.
Total wire length on LAYER met1 = 272918 um.
Total wire length on LAYER met2 = 316821 um.
Total wire length on LAYER met3 = 103195 um.
Total wire length on LAYER met4 = 71361 um.
Total wire length on LAYER met5 = 271 um.
Total number of vias = 144263.
Up-via summary (total 144263):

-------------------------
 FR_MASTERSLICE         0
            li1     57931
           met1     73124
           met2     10800
           met3      2390
           met4        18
-------------------------
               144263


[INFO DRT-0195] Start 4th optimization iteration.
    Completing 10% with 1901 violations.
    elapsed time = 00:00:06, memory = 1275.90 (MB).
    Completing 20% with 1901 violations.
    elapsed time = 00:00:15, memory = 1289.43 (MB).
    Completing 30% with 1573 violations.
    elapsed time = 00:00:22, memory = 1305.06 (MB).
    Completing 40% with 1573 violations.
    elapsed time = 00:00:31, memory = 1330.03 (MB).
    Completing 50% with 1573 violations.
    elapsed time = 00:00:41, memory = 1335.28 (MB).
    Completing 60% with 1282 violations.
    elapsed time = 00:01:02, memory = 1303.25 (MB).
    Completing 70% with 1282 violations.
    elapsed time = 00:01:13, memory = 1305.28 (MB).
    Completing 80% with 858 violations.
    elapsed time = 00:01:24, memory = 1289.60 (MB).
    Completing 90% with 858 violations.
    elapsed time = 00:01:35, memory = 1305.79 (MB).
    Completing 100% with 265 violations.
    elapsed time = 00:01:43, memory = 1316.58 (MB).
[INFO DRT-0199]   Number of violations = 265.
Viol/Layer        met1   met2   met3
Metal Spacing       82     10      2
Short              167      4      0
[INFO DRT-0267] cpu time = 00:01:44, elapsed time = 00:01:44, memory = 1317.71 (MB), peak = 1371.01 (MB)
Total wire length = 764525 um.
Total wire length on LAYER li1 = 0 um.
Total wire length on LAYER met1 = 270650 um.
Total wire length on LAYER met2 = 316472 um.
Total wire length on LAYER met3 = 105290 um.
Total wire length on LAYER met4 = 71839 um.
Total wire length on LAYER met5 = 271 um.
Total number of vias = 144379.
Up-via summary (total 144379):

-------------------------
 FR_MASTERSLICE         0
            li1     57938
           met1     72994
           met2     11002
           met3      2427
           met4        18
-------------------------
               144379


[INFO DRT-0195] Start 5th optimization iteration.
    Completing 10% with 265 violations.
    elapsed time = 00:00:07, memory = 1275.90 (MB).
    Completing 20% with 265 violations.
    elapsed time = 00:00:09, memory = 1276.83 (MB).
    Completing 30% with 224 violations.
    elapsed time = 00:00:09, memory = 1276.83 (MB).
    Completing 40% with 224 violations.
    elapsed time = 00:00:11, memory = 1315.85 (MB).
    Completing 50% with 224 violations.
    elapsed time = 00:00:22, memory = 1304.18 (MB).
    Completing 60% with 181 violations.
    elapsed time = 00:00:26, memory = 1304.18 (MB).
    Completing 70% with 181 violations.
    elapsed time = 00:00:27, memory = 1304.18 (MB).
    Completing 80% with 169 violations.
    elapsed time = 00:00:28, memory = 1304.18 (MB).
    Completing 90% with 169 violations.
    elapsed time = 00:00:32, memory = 1304.18 (MB).
    Completing 100% with 69 violations.
    elapsed time = 00:00:34, memory = 1304.18 (MB).
[INFO DRT-0199]   Number of violations = 69.
Viol/Layer        met1   met2
Metal Spacing       20      1
Short               48      0
[INFO DRT-0267] cpu time = 00:00:34, elapsed time = 00:00:34, memory = 1317.87 (MB), peak = 1371.01 (MB)
Total wire length = 764453 um.
Total wire length on LAYER li1 = 0 um.
Total wire length on LAYER met1 = 270305 um.
Total wire length on LAYER met2 = 316417 um.
Total wire length on LAYER met3 = 105589 um.
Total wire length on LAYER met4 = 71869 um.
Total wire length on LAYER met5 = 271 um.
Total number of vias = 144405.
Up-via summary (total 144405):

-------------------------
 FR_MASTERSLICE         0
            li1     57935
           met1     72989
           met2     11031
           met3      2432
           met4        18
-------------------------
               144405


[INFO DRT-0195] Start 6th guides tiles iteration.
    Completing 10% with 69 violations.
    elapsed time = 00:00:00, memory = 1317.87 (MB).
    Completing 20% with 69 violations.
    elapsed time = 00:00:00, memory = 1317.87 (MB).
    Completing 30% with 69 violations.
    elapsed time = 00:00:00, memory = 1317.87 (MB).
    Completing 40% with 69 violations.
    elapsed time = 00:00:01, memory = 1317.87 (MB).
    Completing 50% with 69 violations.
    elapsed time = 00:00:01, memory = 1317.87 (MB).
    Completing 60% with 31 violations.
    elapsed time = 00:00:01, memory = 1317.87 (MB).
    Completing 70% with 31 violations.
    elapsed time = 00:00:01, memory = 1317.87 (MB).
    Completing 80% with 31 violations.
    elapsed time = 00:00:01, memory = 1317.87 (MB).
    Completing 90% with 27 violations.
    elapsed time = 00:00:03, memory = 1317.87 (MB).
    Completing 100% with 27 violations.
    elapsed time = 00:00:03, memory = 1317.87 (MB).
[INFO DRT-0199]   Number of violations = 27.
Viol/Layer        met1   met2
Metal Spacing        5      4
Short               13      5
[INFO DRT-0267] cpu time = 00:00:03, elapsed time = 00:00:03, memory = 1317.87 (MB), peak = 1371.01 (MB)
Total wire length = 764490 um.
Total wire length on LAYER li1 = 0 um.
Total wire length on LAYER met1 = 270234 um.
Total wire length on LAYER met2 = 316428 um.
Total wire length on LAYER met3 = 105683 um.
Total wire length on LAYER met4 = 71871 um.
Total wire length on LAYER met5 = 271 um.
Total number of vias = 144421.
Up-via summary (total 144421):

-------------------------
 FR_MASTERSLICE         0
            li1     57935
           met1     72997
           met2     11038
           met3      2433
           met4        18
-------------------------
               144421


[INFO DRT-0195] Start 7th guides tiles iteration.
    Completing 10% with 27 violations.
    elapsed time = 00:00:00, memory = 1317.87 (MB).
    Completing 30% with 27 violations.
    elapsed time = 00:00:00, memory = 1317.87 (MB).
    Completing 50% with 27 violations.
    elapsed time = 00:00:00, memory = 1317.87 (MB).
    Completing 60% with 27 violations.
    elapsed time = 00:00:01, memory = 1317.87 (MB).
    Completing 80% with 24 violations.
    elapsed time = 00:00:01, memory = 1317.87 (MB).
    Completing 100% with 24 violations.
    elapsed time = 00:00:02, memory = 1317.87 (MB).
[INFO DRT-0199]   Number of violations = 24.
Viol/Layer        met1   met2
Metal Spacing        2      4
Short               13      5
[INFO DRT-0267] cpu time = 00:00:02, elapsed time = 00:00:02, memory = 1317.87 (MB), peak = 1371.01 (MB)
Total wire length = 764490 um.
Total wire length on LAYER li1 = 0 um.
Total wire length on LAYER met1 = 270233 um.
Total wire length on LAYER met2 = 316430 um.
Total wire length on LAYER met3 = 105683 um.
Total wire length on LAYER met4 = 71871 um.
Total wire length on LAYER met5 = 271 um.
Total number of vias = 144419.
Up-via summary (total 144419):

-------------------------
 FR_MASTERSLICE         0
            li1     57935
           met1     72995
           met2     11038
           met3      2433
           met4        18
-------------------------
               144419


[INFO DRT-0195] Start 8th guides tiles iteration.
    Completing 20% with 24 violations.
    elapsed time = 00:00:00, memory = 1317.87 (MB).
    Completing 40% with 24 violations.
    elapsed time = 00:00:00, memory = 1317.87 (MB).
    Completing 60% with 24 violations.
    elapsed time = 00:00:00, memory = 1317.87 (MB).
    Completing 80% with 24 violations.
    elapsed time = 00:00:01, memory = 1317.87 (MB).
    Completing 100% with 24 violations.
    elapsed time = 00:00:02, memory = 1317.87 (MB).
[INFO DRT-0199]   Number of violations = 24.
Viol/Layer        met1   met2
Metal Spacing        2      4
Short               13      5
[INFO DRT-0267] cpu time = 00:00:02, elapsed time = 00:00:02, memory = 1317.87 (MB), peak = 1371.01 (MB)
Total wire length = 764490 um.
Total wire length on LAYER li1 = 0 um.
Total wire length on LAYER met1 = 270233 um.
Total wire length on LAYER met2 = 316430 um.
Total wire length on LAYER met3 = 105683 um.
Total wire length on LAYER met4 = 71871 um.
Total wire length on LAYER met5 = 271 um.
Total number of vias = 144419.
Up-via summary (total 144419):

-------------------------
 FR_MASTERSLICE         0
            li1     57935
           met1     72995
           met2     11038
           met3      2433
           met4        18
-------------------------
               144419


[INFO DRT-0195] Start 9th stubborn tiles iteration.
    Completing 10% with 24 violations.
    elapsed time = 00:00:11, memory = 1301.79 (MB).
    Completing 20% with 24 violations.
    elapsed time = 00:00:24, memory = 1307.10 (MB).
    Completing 30% with 24 violations.
    elapsed time = 00:00:44, memory = 1454.31 (MB).
    Completing 40% with 24 violations.
    elapsed time = 00:00:59, memory = 1685.23 (MB).
    Completing 50% with 24 violations.
    elapsed time = 00:01:06, memory = 1952.60 (MB).
    Completing 60% with 24 violations.
    elapsed time = 00:01:21, memory = 2152.60 (MB).
    Completing 70% with 24 violations.
    elapsed time = 00:01:49, memory = 2475.58 (MB).
    Completing 80% with 24 violations.
    elapsed time = 00:02:40, memory = 2804.45 (MB).
    Completing 90% with 24 violations.
    elapsed time = 00:03:35, memory = 3109.45 (MB).
    Completing 100% with 1 violations.
    elapsed time = 00:04:57, memory = 3409.14 (MB).
[INFO DRT-0199]   Number of violations = 1.
Viol/Layer        met1
Short                1
[INFO DRT-0267] cpu time = 00:04:57, elapsed time = 00:04:57, memory = 3409.14 (MB), peak = 3461.67 (MB)
Total wire length = 764473 um.
Total wire length on LAYER li1 = 0 um.
Total wire length on LAYER met1 = 270225 um.
Total wire length on LAYER met2 = 316394 um.
Total wire length on LAYER met3 = 105669 um.
Total wire length on LAYER met4 = 71913 um.
Total wire length on LAYER met5 = 271 um.
Total number of vias = 144417.
Up-via summary (total 144417):

-------------------------
 FR_MASTERSLICE         0
            li1     57934
           met1     72997
           met2     11033
           met3      2435
           met4        18
-------------------------
               144417


[INFO DRT-0195] Start 10th guides tiles iteration.
    Completing 50% with 1 violations.
    elapsed time = 00:00:00, memory = 3409.14 (MB).
    Completing 100% with 1 violations.
    elapsed time = 00:00:00, memory = 3409.14 (MB).
[INFO DRT-0199]   Number of violations = 1.
Viol/Layer        met1
Short                1
[INFO DRT-0267] cpu time = 00:00:00, elapsed time = 00:00:00, memory = 3409.14 (MB), peak = 3461.67 (MB)
Total wire length = 764473 um.
Total wire length on LAYER li1 = 0 um.
Total wire length on LAYER met1 = 270225 um.
Total wire length on LAYER met2 = 316394 um.
Total wire length on LAYER met3 = 105669 um.
Total wire length on LAYER met4 = 71913 um.
Total wire length on LAYER met5 = 271 um.
Total number of vias = 144417.
Up-via summary (total 144417):

-------------------------
 FR_MASTERSLICE         0
            li1     57934
           met1     72997
           met2     11033
           met3      2435
           met4        18
-------------------------
               144417


[INFO DRT-0195] Start 11th stubborn tiles iteration.
    Completing 10% with 1 violations.
    elapsed time = 00:00:02, memory = 3409.14 (MB).
    Completing 20% with 1 violations.
    elapsed time = 00:00:04, memory = 3409.14 (MB).
    Completing 30% with 1 violations.
    elapsed time = 00:00:07, memory = 3409.14 (MB).
    Completing 40% with 1 violations.
    elapsed time = 00:00:09, memory = 3409.14 (MB).
    Completing 50% with 1 violations.
    elapsed time = 00:00:12, memory = 3409.14 (MB).
    Completing 60% with 1 violations.
    elapsed time = 00:00:14, memory = 3409.14 (MB).
    Completing 70% with 1 violations.
    elapsed time = 00:00:18, memory = 3409.14 (MB).
    Completing 80% with 1 violations.
    elapsed time = 00:00:20, memory = 3409.14 (MB).
    Completing 90% with 1 violations.
    elapsed time = 00:00:24, memory = 3409.14 (MB).
    Completing 100% with 0 violations.
    elapsed time = 00:00:27, memory = 3409.14 (MB).
[INFO DRT-0199]   Number of violations = 0.
[INFO DRT-0267] cpu time = 00:00:27, elapsed time = 00:00:27, memory = 3409.14 (MB), peak = 3461.67 (MB)
Total wire length = 764472 um.
Total wire length on LAYER li1 = 0 um.
Total wire length on LAYER met1 = 270218 um.
Total wire length on LAYER met2 = 316396 um.
Total wire length on LAYER met3 = 105672 um.
Total wire length on LAYER met4 = 71913 um.
Total wire length on LAYER met5 = 271 um.
Total number of vias = 144417.
Up-via summary (total 144417):

-------------------------
 FR_MASTERSLICE         0
            li1     57933
           met1     72996
           met2     11035
           met3      2435
           met4        18
-------------------------
               144417


[INFO DRT-0198] Complete detail routing.
Total wire length = 764472 um.
Total wire length on LAYER li1 = 0 um.
Total wire length on LAYER met1 = 270218 um.
Total wire length on LAYER met2 = 316396 um.
Total wire length on LAYER met3 = 105672 um.
Total wire length on LAYER met4 = 71913 um.
Total wire length on LAYER met5 = 271 um.
Total number of vias = 144417.
Up-via summary (total 144417):

-------------------------
 FR_MASTERSLICE         0
            li1     57933
           met1     72996
           met2     11035
           met3      2435
           met4        18
-------------------------
               144417


[INFO DRT-0267] cpu time = 00:35:46, elapsed time = 00:35:46, memory = 3409.14 (MB), peak = 3461.67 (MB)

[INFO DRT-0180] Post processing.
[INFO DRT-0501] Runtime: 2327.84s
Took 2328 seconds: detailed_route -output_drc ./reports/sky130hd/chia_sha256_benchmark_corrupted/slot0/5_route_drc.rpt -output_maze ./results/sky130hd/chia_sha256_benchmark_corrupted/slot0/maze.log -droute_end_iter 64 -verbose 1 -drc_report_iter_step 5
[INFO GRT-0012] Found 21 antenna violations.
[INFO DPL-0006] Core area: 330268.00 um^2
[INFO DPL-0007] Movable instances area: 0.00 um^2
[INFO DPL-0008] Fixed instances area within core: 195606.35 um^2
[INFO DPL-0009] Utilization: 59.2%
[INFO DPL-0005] Diamond search max displacement: +/- 500 sites horizontally, +/- 100 rows vertically.
[INFO DPL-1102] Legalizing using negotiation legalizer.
[INFO DPL-1103] Negotiation base search window: +/-20 sites horizontally, +/-5 rows vertically 
	Automatic search window extension enabled.
	Search window extendable up to the max displacement cap of +/-500 sites, +/-100 rows near walls.
[INFO DPL-1104] NegotiationLegalizer DRC penalty: 5.
[INFO DPL-0392] Negotiation cell height distribution (1 unique row-count(s)):
[INFO DPL-0393]   height 1 row(s): 20439 cells
[INFO DPL-0500] Runtime: 0.05s
[INFO GRT-0015] Inserted 23 diodes.
[WARNING DRT-0120] Large net net2755 has 118 pins which may impact routing performance. Consider optimization.
[WARNING DRT-0120] Large net net2757 has 105 pins which may impact routing performance. Consider optimization.
[WARNING DRT-0120] Large net net3042 has 102 pins which may impact routing performance. Consider optimization.
[WARNING DRT-0120] Large net net2995 has 198 pins which may impact routing performance. Consider optimization.
[WARNING DRT-0120] Large net net513 has 117 pins which may impact routing performance. Consider optimization.
[WARNING DRT-0120] Large net net2756 has 114 pins which may impact routing performance. Consider optimization.
[WARNING DRT-0120] Large net net3157 has 272 pins which may impact routing performance. Consider optimization.
[WARNING DRT-0120] Large net net3175 has 138 pins which may impact routing performance. Consider optimization.
[WARNING DRT-0120] Large net net3174 has 181 pins which may impact routing performance. Consider optimization.
[WARNING DRT-0120] Large net net3170 has 144 pins which may impact routing performance. Consider optimization.
[WARNING DRT-0120] Large net net3171 has 143 pins which may impact routing performance. Consider optimization.
[WARNING DRT-0120] Large net net3172 has 127 pins which may impact routing performance. Consider optimization.
[WARNING DRT-0120] Large net net3179 has 174 pins which may impact routing performance. Consider optimization.
[WARNING DRT-0120] Large net net3186 has 165 pins which may impact routing performance. Consider optimization.
[WARNING DRT-0120] Large net net3193 has 121 pins which may impact routing performance. Consider optimization.
[WARNING DRT-0120] Large net net3192 has 142 pins which may impact routing performance. Consider optimization.
[INFO DRT-0024]   Complete FR_MASTERSLICE.
[INFO DRT-0024]   Complete Fr_VIA.
[INFO DRT-0024]   Complete li1.
[INFO DRT-0024]   Complete mcon.
[INFO DRT-0024]   Complete met1.
[INFO DRT-0024]   Complete via.
[INFO DRT-0024]   Complete met2.
[INFO DRT-0024]   Complete via2.
[INFO DRT-0024]   Complete met3.
[INFO DRT-0024]   Complete via3.
[INFO DRT-0024]   Complete met4.
[INFO DRT-0024]   Complete via4.
[INFO DRT-0024]   Complete met5.
[INFO DRT-0165] Start pin access.
[INFO DRT-0076]   Complete 1000 pins.
[INFO DRT-0078]   Complete 1780 pins.
[INFO DRT-0079]   Complete 100 unique inst patterns.
[INFO DRT-0079]   Complete 200 unique inst patterns.
[INFO DRT-0081]   Complete 225 unique inst patterns.
[INFO DRT-0082]   Complete 10000 groups.
[INFO DRT-0084]   Complete 10861 groups.
#scanned instances     = 20439
#unique  instances     = 225
#stdCellGenAp          = 8373
#stdCellValidPlanarAp  = 152
#stdCellValidViaAp     = 5315
#stdCellPinNoAp        = 10
#stdCellPinCnt         = 61928
#instTermValidViaApCnt = 0
#macroGenAp            = 0
#macroValidPlanarAp    = 0
#macroValidViaAp       = 0
#macroNoAp             = 0
[INFO DRT-0166] Complete pin access.
[INFO DRT-0267] cpu time = 00:03:00, elapsed time = 00:03:00, memory = 3319.26 (MB), peak = 3461.67 (MB)
[INFO DRT-0156] guideIn read 100000 guides.

[INFO DRT-0157] Number of guides:     152928

[INFO DRT-0169] Post process guides.
[INFO DRT-0176] GCELLGRID X 0 DO 83 STEP 6900 ;
[INFO DRT-0177] GCELLGRID Y 0 DO 83 STEP 6900 ;
[INFO DRT-0026]   Complete 100000 origin guides.
[INFO DRT-0028]   Complete FR_MASTERSLICE.
[INFO DRT-0028]   Complete Fr_VIA.
[INFO DRT-0028]   Complete li1.
[INFO DRT-0028]   Complete mcon.
[INFO DRT-0028]   Complete met1.
[INFO DRT-0028]   Complete via.
[INFO DRT-0028]   Complete met2.
[INFO DRT-0028]   Complete via2.
[INFO DRT-0028]   Complete met3.
[INFO DRT-0028]   Complete via3.
[INFO DRT-0028]   Complete met4.
[INFO DRT-0028]   Complete via4.
[INFO DRT-0028]   Complete met5.
[INFO DRT-0178] Init guide query.
[INFO DRT-0035]   Complete FR_MASTERSLICE (guide).
[INFO DRT-0035]   Complete Fr_VIA (guide).
[INFO DRT-0035]   Complete li1 (guide).
[INFO DRT-0035]   Complete mcon (guide).
[INFO DRT-0035]   Complete met1 (guide).
[INFO DRT-0035]   Complete via (guide).
[INFO DRT-0035]   Complete met2 (guide).
[INFO DRT-0035]   Complete via2 (guide).
[INFO DRT-0035]   Complete met3 (guide).
[INFO DRT-0035]   Complete via3 (guide).
[INFO DRT-0035]   Complete met4 (guide).
[INFO DRT-0035]   Complete via4 (guide).
[INFO DRT-0035]   Complete met5 (guide).
[INFO DRT-0036] FR_MASTERSLICE guide region query size = 0.
[INFO DRT-0036] FR_VIA guide region query size = 0.
[INFO DRT-0036] li1 guide region query size = 47392.
[INFO DRT-0036] mcon guide region query size = 0.
[INFO DRT-0036] met1 guide region query size = 45828.
[INFO DRT-0036] via guide region query size = 0.
[INFO DRT-0036] met2 guide region query size = 24587.
[INFO DRT-0036] via2 guide region query size = 0.
[INFO DRT-0036] met3 guide region query size = 2949.
[INFO DRT-0036] via3 guide region query size = 0.
[INFO DRT-0036] met4 guide region query size = 1156.
[INFO DRT-0036] via4 guide region query size = 0.
[INFO DRT-0036] met5 guide region query size = 12.
[INFO DRT-0179] Init gr pin query.
[INFO DRT-0267] cpu time = 00:00:00, elapsed time = 00:00:00, memory = 3319.26 (MB), peak = 3461.67 (MB)
[INFO DRT-0245] skipped writing guide updates to database.
[INFO DRT-0181] Start track assignment.
[INFO DRT-0184] Done with 73135 vertical wires in 2 frboxes and 48789 horizontal wires in 2 frboxes.
[INFO DRT-0186] Done with 10857 vertical wires in 2 frboxes and 18260 horizontal wires in 2 frboxes.
[INFO DRT-0182] Complete track assignment.
[INFO DRT-0267] cpu time = 00:00:05, elapsed time = 00:00:05, memory = 3319.26 (MB), peak = 3461.67 (MB)
[INFO DRT-0187] Start routing data preparation.
[INFO DRT-0267] cpu time = 00:00:00, elapsed time = 00:00:00, memory = 3319.26 (MB), peak = 3461.67 (MB)
[INFO DRT-0194] Start detail routing.
[INFO DRT-0195] Start 0th optimization iteration.
    Completing 10% with 0 violations.
    elapsed time = 00:00:09, memory = 3319.26 (MB).
    Completing 20% with 0 violations.
    elapsed time = 00:00:20, memory = 3319.26 (MB).
    Completing 30% with 1004 violations.
    elapsed time = 00:00:29, memory = 3319.26 (MB).
    Completing 40% with 1004 violations.
    elapsed time = 00:00:39, memory = 3319.26 (MB).
    Completing 50% with 1004 violations.
    elapsed time = 00:00:49, memory = 3319.26 (MB).
    Completing 60% with 1759 violations.
    elapsed time = 00:01:04, memory = 3319.26 (MB).
    Completing 70% with 1759 violations.
    elapsed time = 00:01:16, memory = 3319.26 (MB).
    Completing 80% with 2599 violations.
    elapsed time = 00:01:26, memory = 3319.26 (MB).
    Completing 90% with 2599 violations.
    elapsed time = 00:01:36, memory = 3319.26 (MB).
    Completing 100% with 3307 violations.
    elapsed time = 00:01:46, memory = 3319.26 (MB).
[INFO DRT-0199]   Number of violations = 3632.
Viol/Layer         li1   met1    via   met2   met3   met4   met5
Cut Spacing          0      0      1      0      0      0      0
Metal Spacing        0    267      0    159     13      1      0
Recheck              1    184      0    119     15      6      0
Short                0   1985      2    842     36      0      1
[INFO DRT-0267] cpu time = 00:01:46, elapsed time = 00:01:46, memory = 3319.26 (MB), peak = 3461.67 (MB)
Total wire length = 765417 um.
Total wire length on LAYER li1 = 0 um.
Total wire length on LAYER met1 = 276077 um.
Total wire length on LAYER met2 = 318981 um.
Total wire length on LAYER met3 = 100218 um.
Total wire length on LAYER met4 = 69856 um.
Total wire length on LAYER met5 = 284 um.
Total number of vias = 144315.
Up-via summary (total 144315):

-------------------------
 FR_MASTERSLICE         0
            li1     57957
           met1     73428
           met2     10579
           met3      2331
           met4        20
-------------------------
               144315


[INFO DRT-0195] Start 1st optimization iteration.
    Completing 10% with 3632 violations.
    elapsed time = 00:00:05, memory = 3319.26 (MB).
    Completing 20% with 3632 violations.
    elapsed time = 00:00:15, memory = 3319.26 (MB).
    Completing 30% with 3114 violations.
    elapsed time = 00:00:20, memory = 3319.26 (MB).
    Completing 40% with 3114 violations.
    elapsed time = 00:00:30, memory = 3319.26 (MB).
    Completing 50% with 3114 violations.
    elapsed time = 00:00:42, memory = 3319.26 (MB).
    Completing 60% with 2646 violations.
    elapsed time = 00:00:49, memory = 3319.26 (MB).
    Completing 70% with 2646 violations.
    elapsed time = 00:00:59, memory = 3319.26 (MB).
    Completing 80% with 2143 violations.
    elapsed time = 00:01:10, memory = 3319.26 (MB).
    Completing 90% with 2143 violations.
    elapsed time = 00:01:22, memory = 3319.26 (MB).
    Completing 100% with 1628 violations.
    elapsed time = 00:01:34, memory = 3319.26 (MB).
[INFO DRT-0199]   Number of violations = 1628.
Viol/Layer        met1   met2   met3
Metal Spacing      160    117      8
Short             1001    338      4
[INFO DRT-0267] cpu time = 00:01:34, elapsed time = 00:01:34, memory = 3319.26 (MB), peak = 3461.67 (MB)
Total wire length = 764686 um.
Total wire length on LAYER li1 = 0 um.
Total wire length on LAYER met1 = 275227 um.
Total wire length on LAYER met2 = 318656 um.
Total wire length on LAYER met3 = 100622 um.
Total wire length on LAYER met4 = 69908 um.
Total wire length on LAYER met5 = 271 um.
Total number of vias = 144211.
Up-via summary (total 144211):

-------------------------
 FR_MASTERSLICE         0
            li1     57957
           met1     73283
           met2     10621
           met3      2332
           met4        18
-------------------------
               144211


[INFO DRT-0195] Start 2nd optimization iteration.
    Completing 10% with 1628 violations.
    elapsed time = 00:00:03, memory = 3319.26 (MB).
    Completing 20% with 1628 violations.
    elapsed time = 00:00:10, memory = 3319.26 (MB).
    Completing 30% with 1574 violations.
    elapsed time = 00:00:14, memory = 3319.26 (MB).
    Completing 40% with 1574 violations.
    elapsed time = 00:00:23, memory = 3319.26 (MB).
    Completing 50% with 1574 violations.
    elapsed time = 00:00:34, memory = 3319.26 (MB).
    Completing 60% with 1499 violations.
    elapsed time = 00:00:38, memory = 3319.26 (MB).
    Completing 70% with 1499 violations.
    elapsed time = 00:00:44, memory = 3319.26 (MB).
    Completing 80% with 1475 violations.
    elapsed time = 00:00:54, memory = 3319.26 (MB).
    Completing 90% with 1475 violations.
    elapsed time = 00:01:06, memory = 3319.26 (MB).
    Completing 100% with 1349 violations.
    elapsed time = 00:01:17, memory = 3319.26 (MB).
[INFO DRT-0199]   Number of violations = 1349.
Viol/Layer        met1   met2   met3
Metal Spacing      120     94      1
Short              844    286      4
[INFO DRT-0267] cpu time = 00:01:18, elapsed time = 00:01:18, memory = 3319.26 (MB), peak = 3461.67 (MB)
Total wire length = 764565 um.
Total wire length on LAYER li1 = 0 um.
Total wire length on LAYER met1 = 275159 um.
Total wire length on LAYER met2 = 318525 um.
Total wire length on LAYER met3 = 100682 um.
Total wire length on LAYER met4 = 69927 um.
Total wire length on LAYER met5 = 271 um.
Total number of vias = 144186.
Up-via summary (total 144186):

-------------------------
 FR_MASTERSLICE         0
            li1     57959
           met1     73270
           met2     10601
           met3      2338
           met4        18
-------------------------
               144186


[INFO DRT-0195] Start 3rd optimization iteration.
    Completing 10% with 1349 violations.
    elapsed time = 00:00:05, memory = 3319.26 (MB).
    Completing 20% with 1349 violations.
    elapsed time = 00:00:18, memory = 3319.26 (MB).
    Completing 30% with 1029 violations.
    elapsed time = 00:00:22, memory = 3319.26 (MB).
    Completing 40% with 1029 violations.
    elapsed time = 00:00:34, memory = 3319.26 (MB).
    Completing 50% with 1029 violations.
    elapsed time = 00:00:45, memory = 3319.26 (MB).
    Completing 60% with 754 violations.
    elapsed time = 00:00:59, memory = 3319.26 (MB).
    Completing 70% with 754 violations.
    elapsed time = 00:01:08, memory = 3319.26 (MB).
    Completing 80% with 471 violations.
    elapsed time = 00:01:17, memory = 3319.26 (MB).
    Completing 90% with 471 violations.
    elapsed time = 00:01:26, memory = 3319.26 (MB).
    Completing 100% with 147 violations.
    elapsed time = 00:01:40, memory = 3319.26 (MB).
[INFO DRT-0199]   Number of violations = 147.
Viol/Layer        met1   met2
Metal Spacing       22     13
Short               71     41
[INFO DRT-0267] cpu time = 00:01:41, elapsed time = 00:01:41, memory = 3319.26 (MB), peak = 3461.67 (MB)
Total wire length = 764589 um.
Total wire length on LAYER li1 = 0 um.
Total wire length on LAYER met1 = 271327 um.
Total wire length on LAYER met2 = 317416 um.
Total wire length on LAYER met3 = 104366 um.
Total wire length on LAYER met4 = 71207 um.
Total wire length on LAYER met5 = 271 um.
Total number of vias = 144712.
Up-via summary (total 144712):

-------------------------
 FR_MASTERSLICE         0
            li1     57957
           met1     73217
           met2     11076
           met3      2444
           met4        18
-------------------------
               144712


[INFO DRT-0195] Start 4th optimization iteration.
    Completing 10% with 147 violations.
    elapsed time = 00:00:00, memory = 3319.26 (MB).
    Completing 20% with 147 violations.
    elapsed time = 00:00:00, memory = 3319.26 (MB).
    Completing 30% with 133 violations.
    elapsed time = 00:00:01, memory = 3319.26 (MB).
    Completing 40% with 133 violations.
    elapsed time = 00:00:03, memory = 3319.26 (MB).
    Completing 50% with 133 violations.
    elapsed time = 00:00:04, memory = 3319.26 (MB).
    Completing 60% with 101 violations.
    elapsed time = 00:00:07, memory = 3319.26 (MB).
    Completing 70% with 101 violations.
    elapsed time = 00:00:07, memory = 3319.26 (MB).
    Completing 80% with 68 violations.
    elapsed time = 00:00:12, memory = 3319.26 (MB).
    Completing 90% with 68 violations.
    elapsed time = 00:00:15, memory = 3319.26 (MB).
    Completing 100% with 37 violations.
    elapsed time = 00:00:18, memory = 3319.26 (MB).
[INFO DRT-0199]   Number of violations = 37.
Viol/Layer        met1   met2
Metal Spacing        6      2
Short               29      0
[INFO DRT-0267] cpu time = 00:00:18, elapsed time = 00:00:18, memory = 3319.26 (MB), peak = 3461.67 (MB)
Total wire length = 764611 um.
Total wire length on LAYER li1 = 0 um.
Total wire length on LAYER met1 = 270967 um.
Total wire length on LAYER met2 = 317287 um.
Total wire length on LAYER met3 = 104704 um.
Total wire length on LAYER met4 = 71379 um.
Total wire length on LAYER met5 = 271 um.
Total number of vias = 144752.
Up-via summary (total 144752):

-------------------------
 FR_MASTERSLICE         0
            li1     57956
           met1     73208
           met2     11114
           met3      2456
           met4        18
-------------------------
               144752


[INFO DRT-0195] Start 5th guides tiles iteration.
    Completing 10% with 37 violations.
    elapsed time = 00:00:00, memory = 3319.26 (MB).
    Completing 30% with 37 violations.
    elapsed time = 00:00:00, memory = 3319.26 (MB).
    Completing 50% with 30 violations.
    elapsed time = 00:00:00, memory = 3319.26 (MB).
    Completing 60% with 30 violations.
    elapsed time = 00:00:00, memory = 3319.26 (MB).
    Completing 80% with 30 violations.
    elapsed time = 00:00:01, memory = 3319.26 (MB).
    Completing 100% with 30 violations.
    elapsed time = 00:00:06, memory = 3319.26 (MB).
[INFO DRT-0199]   Number of violations = 30.
Viol/Layer        met1   met2
Metal Spacing        5      2
Short               23      0
[INFO DRT-0267] cpu time = 00:00:06, elapsed time = 00:00:06, memory = 3319.26 (MB), peak = 3461.67 (MB)
Total wire length = 764605 um.
Total wire length on LAYER li1 = 0 um.
Total wire length on LAYER met1 = 270895 um.
Total wire length on LAYER met2 = 317279 um.
Total wire length on LAYER met3 = 104780 um.
Total wire length on LAYER met4 = 71379 um.
Total wire length on LAYER met5 = 271 um.
Total number of vias = 144751.
Up-via summary (total 144751):

-------------------------
 FR_MASTERSLICE         0
            li1     57956
           met1     73201
           met2     11120
           met3      2456
           met4        18
-------------------------
               144751


[INFO DRT-0195] Start 6th guides tiles iteration.
    Completing 30% with 30 violations.
    elapsed time = 00:00:04, memory = 3319.26 (MB).
    Completing 60% with 30 violations.
    elapsed time = 00:00:05, memory = 3319.26 (MB).
    Completing 100% with 30 violations.
    elapsed time = 00:00:06, memory = 3319.26 (MB).
[INFO DRT-0199]   Number of violations = 30.
Viol/Layer        met1   met2
Metal Spacing        5      2
Short               23      0
[INFO DRT-0267] cpu time = 00:00:06, elapsed time = 00:00:06, memory = 3319.26 (MB), peak = 3461.67 (MB)
Total wire length = 764605 um.
Total wire length on LAYER li1 = 0 um.
Total wire length on LAYER met1 = 270895 um.
Total wire length on LAYER met2 = 317279 um.
Total wire length on LAYER met3 = 104780 um.
Total wire length on LAYER met4 = 71379 um.
Total wire length on LAYER met5 = 271 um.
Total number of vias = 144751.
Up-via summary (total 144751):

-------------------------
 FR_MASTERSLICE         0
            li1     57956
           met1     73201
           met2     11120
           met3      2456
           met4        18
-------------------------
               144751


[INFO DRT-0195] Start 7th stubborn tiles iteration.
    Completing 10% with 30 violations.
    elapsed time = 00:00:07, memory = 3319.26 (MB).
    Completing 20% with 30 violations.
    elapsed time = 00:00:18, memory = 3319.26 (MB).
    Completing 30% with 30 violations.
    elapsed time = 00:00:23, memory = 3319.26 (MB).
    Completing 40% with 27 violations.
    elapsed time = 00:00:41, memory = 3319.26 (MB).
    Completing 50% with 27 violations.
    elapsed time = 00:01:06, memory = 3319.26 (MB).
    Completing 60% with 27 violations.
    elapsed time = 00:01:20, memory = 3319.26 (MB).
    Completing 70% with 27 violations.
    elapsed time = 00:01:38, memory = 3319.26 (MB).
    Completing 80% with 27 violations.
    elapsed time = 00:01:49, memory = 3319.26 (MB).
    Completing 90% with 27 violations.
    elapsed time = 00:02:09, memory = 3319.26 (MB).
    Completing 100% with 0 violations.
    elapsed time = 00:02:22, memory = 3319.26 (MB).
[INFO DRT-0199]   Number of violations = 0.
[INFO DRT-0267] cpu time = 00:02:22, elapsed time = 00:02:22, memory = 3319.26 (MB), peak = 3461.67 (MB)
Total wire length = 764605 um.
Total wire length on LAYER li1 = 0 um.
Total wire length on LAYER met1 = 270897 um.
Total wire length on LAYER met2 = 317268 um.
Total wire length on LAYER met3 = 104777 um.
Total wire length on LAYER met4 = 71391 um.
Total wire length on LAYER met5 = 271 um.
Total number of vias = 144742.
Up-via summary (total 144742):

-------------------------
 FR_MASTERSLICE         0
            li1     57956
           met1     73196
           met2     11115
           met3      2457
           met4        18
-------------------------
               144742


[INFO DRT-0198] Complete detail routing.
Total wire length = 764605 um.
Total wire length on LAYER li1 = 0 um.
Total wire length on LAYER met1 = 270897 um.
Total wire length on LAYER met2 = 317268 um.
Total wire length on LAYER met3 = 104777 um.
Total wire length on LAYER met4 = 71391 um.
Total wire length on LAYER met5 = 271 um.
Total number of vias = 144742.
Up-via summary (total 144742):

-------------------------
 FR_MASTERSLICE         0
            li1     57956
           met1     73196
           met2     11115
           met3      2457
           met4        18
-------------------------
               144742


[INFO DRT-0267] cpu time = 00:09:14, elapsed time = 00:09:14, memory = 3319.26 (MB), peak = 3461.67 (MB)

[INFO DRT-0180] Post processing.
[INFO DRT-0501] Runtime: 741.22s
[INFO ANT-0002] Found 3 net violations.
[INFO ANT-0001] Found 8 pin violations.
[INFO GRT-0012] Found 3 antenna violations.
[INFO DPL-0006] Core area: 330268.00 um^2
[INFO DPL-0007] Movable instances area: 0.00 um^2
[INFO DPL-0008] Fixed instances area within core: 195626.37 um^2
[INFO DPL-0009] Utilization: 59.2%
[INFO DPL-0005] Diamond search max displacement: +/- 500 sites horizontally, +/- 100 rows vertically.
[INFO DPL-1102] Legalizing using negotiation legalizer.
[INFO DPL-1103] Negotiation base search window: +/-20 sites horizontally, +/-5 rows vertically 
	Automatic search window extension enabled.
	Search window extendable up to the max displacement cap of +/-500 sites, +/-100 rows near walls.
[INFO DPL-1104] NegotiationLegalizer DRC penalty: 5.
[INFO DPL-0392] Negotiation cell height distribution (1 unique row-count(s)):
[INFO DPL-0393]   height 1 row(s): 20447 cells
[INFO DPL-0500] Runtime: 0.07s
[INFO GRT-0015] Inserted 8 diodes.
[WARNING DRT-0120] Large net net2755 has 118 pins which may impact routing performance. Consider optimization.
[WARNING DRT-0120] Large net net2757 has 105 pins which may impact routing performance. Consider optimization.
[WARNING DRT-0120] Large net net3042 has 102 pins which may impact routing performance. Consider optimization.
[WARNING DRT-0120] Large net net2995 has 198 pins which may impact routing performance. Consider optimization.
[WARNING DRT-0120] Large net net513 has 117 pins which may impact routing performance. Consider optimization.
[WARNING DRT-0120] Large net net2756 has 114 pins which may impact routing performance. Consider optimization.
[WARNING DRT-0120] Large net net3157 has 272 pins which may impact routing performance. Consider optimization.
[WARNING DRT-0120] Large net net3175 has 138 pins which may impact routing performance. Consider optimization.
[WARNING DRT-0120] Large net net3174 has 181 pins which may impact routing performance. Consider optimization.
[WARNING DRT-0120] Large net net3170 has 144 pins which may impact routing performance. Consider optimization.
[WARNING DRT-0120] Large net net3171 has 143 pins which may impact routing performance. Consider optimization.
[WARNING DRT-0120] Large net net3172 has 127 pins which may impact routing performance. Consider optimization.
[WARNING DRT-0120] Large net net3179 has 174 pins which may impact routing performance. Consider optimization.
[WARNING DRT-0120] Large net net3186 has 165 pins which may impact routing performance. Consider optimization.
[WARNING DRT-0120] Large net net3193 has 121 pins which may impact routing performance. Consider optimization.
[WARNING DRT-0120] Large net net3192 has 142 pins which may impact routing performance. Consider optimization.
[INFO DRT-0024]   Complete FR_MASTERSLICE.
[INFO DRT-0024]   Complete Fr_VIA.
[INFO DRT-0024]   Complete li1.
[INFO DRT-0024]   Complete mcon.
[INFO DRT-0024]   Complete met1.
[INFO DRT-0024]   Complete via.
[INFO DRT-0024]   Complete met2.
[INFO DRT-0024]   Complete via2.
[INFO DRT-0024]   Complete met3.
[INFO DRT-0024]   Complete via3.
[INFO DRT-0024]   Complete met4.
[INFO DRT-0024]   Complete via4.
[INFO DRT-0024]   Complete met5.
[INFO DRT-0165] Start pin access.
[INFO DRT-0076]   Complete 1000 pins.
[INFO DRT-0078]   Complete 1780 pins.
[INFO DRT-0079]   Complete 100 unique inst patterns.
[INFO DRT-0079]   Complete 200 unique inst patterns.
[INFO DRT-0081]   Complete 225 unique inst patterns.
[INFO DRT-0082]   Complete 10000 groups.
[INFO DRT-0084]   Complete 10862 groups.
#scanned instances     = 20447
#unique  instances     = 225
#stdCellGenAp          = 8373
#stdCellValidPlanarAp  = 152
#stdCellValidViaAp     = 5315
#stdCellPinNoAp        = 10
#stdCellPinCnt         = 61928
#instTermValidViaApCnt = 0
#macroGenAp            = 0
#macroValidPlanarAp    = 0
#macroValidViaAp       = 0
#macroNoAp             = 0
[INFO DRT-0166] Complete pin access.
[INFO DRT-0267] cpu time = 00:03:03, elapsed time = 00:03:03, memory = 3319.26 (MB), peak = 3461.67 (MB)
[INFO DRT-0156] guideIn read 100000 guides.

[INFO DRT-0157] Number of guides:     152846

[INFO DRT-0169] Post process guides.
[INFO DRT-0176] GCELLGRID X 0 DO 83 STEP 6900 ;
[INFO DRT-0177] GCELLGRID Y 0 DO 83 STEP 6900 ;
[INFO DRT-0026]   Complete 100000 origin guides.
[INFO DRT-0028]   Complete FR_MASTERSLICE.
[INFO DRT-0028]   Complete Fr_VIA.
[INFO DRT-0028]   Complete li1.
[INFO DRT-0028]   Complete mcon.
[INFO DRT-0028]   Complete met1.
[INFO DRT-0028]   Complete via.
[INFO DRT-0028]   Complete met2.
[INFO DRT-0028]   Complete via2.
[INFO DRT-0028]   Complete met3.
[INFO DRT-0028]   Complete via3.
[INFO DRT-0028]   Complete met4.
[INFO DRT-0028]   Complete via4.
[INFO DRT-0028]   Complete met5.
[INFO DRT-0178] Init guide query.
[INFO DRT-0035]   Complete FR_MASTERSLICE (guide).
[INFO DRT-0035]   Complete Fr_VIA (guide).
[INFO DRT-0035]   Complete li1 (guide).
[INFO DRT-0035]   Complete mcon (guide).
[INFO DRT-0035]   Complete met1 (guide).
[INFO DRT-0035]   Complete via (guide).
[INFO DRT-0035]   Complete met2 (guide).
[INFO DRT-0035]   Complete via2 (guide).
[INFO DRT-0035]   Complete met3 (guide).
[INFO DRT-0035]   Complete via3 (guide).
[INFO DRT-0035]   Complete met4 (guide).
[INFO DRT-0035]   Complete via4 (guide).
[INFO DRT-0035]   Complete met5 (guide).
[INFO DRT-0036] FR_MASTERSLICE guide region query size = 0.
[INFO DRT-0036] FR_VIA guide region query size = 0.
[INFO DRT-0036] li1 guide region query size = 47394.
[INFO DRT-0036] mcon guide region query size = 0.
[INFO DRT-0036] met1 guide region query size = 45828.
[INFO DRT-0036] via guide region query size = 0.
[INFO DRT-0036] met2 guide region query size = 24566.
[INFO DRT-0036] via2 guide region query size = 0.
[INFO DRT-0036] met3 guide region query size = 2916.
[INFO DRT-0036] via3 guide region query size = 0.
[INFO DRT-0036] met4 guide region query size = 1142.
[INFO DRT-0036] via4 guide region query size = 0.
[INFO DRT-0036] met5 guide region query size = 11.
[INFO DRT-0179] Init gr pin query.
[INFO DRT-0267] cpu time = 00:00:00, elapsed time = 00:00:00, memory = 3319.26 (MB), peak = 3461.67 (MB)
[INFO DRT-0245] skipped writing guide updates to database.
[INFO DRT-0181] Start track assignment.
[INFO DRT-0184] Done with 73102 vertical wires in 2 frboxes and 48755 horizontal wires in 2 frboxes.
[INFO DRT-0186] Done with 10955 vertical wires in 2 frboxes and 18279 horizontal wires in 2 frboxes.
[INFO DRT-0182] Complete track assignment.
[INFO DRT-0267] cpu time = 00:00:05, elapsed time = 00:00:05, memory = 3319.26 (MB), peak = 3461.67 (MB)
[INFO DRT-0187] Start routing data preparation.
[INFO DRT-0267] cpu time = 00:00:00, elapsed time = 00:00:00, memory = 3319.26 (MB), peak = 3461.67 (MB)
[INFO DRT-0194] Start detail routing.
[INFO DRT-0195] Start 0th optimization iteration.
    Completing 10% with 0 violations.
    elapsed time = 00:00:05, memory = 3319.26 (MB).
    Completing 20% with 0 violations.
    elapsed time = 00:00:14, memory = 3319.26 (MB).
    Completing 30% with 491 violations.
    elapsed time = 00:00:22, memory = 3319.26 (MB).
    Completing 40% with 491 violations.
    elapsed time = 00:00:28, memory = 3319.26 (MB).
    Completing 50% with 491 violations.
    elapsed time = 00:00:36, memory = 3319.26 (MB).
    Completing 60% with 751 violations.
    elapsed time = 00:00:43, memory = 3319.26 (MB).
    Completing 70% with 751 violations.
    elapsed time = 00:00:54, memory = 3319.26 (MB).
    Completing 80% with 1188 violations.
    elapsed time = 00:01:02, memory = 3319.26 (MB).
    Completing 90% with 1188 violations.
    elapsed time = 00:01:09, memory = 3319.26 (MB).
    Completing 100% with 1458 violations.
    elapsed time = 00:01:17, memory = 3319.26 (MB).
[INFO DRT-0199]   Number of violations = 1673.
Viol/Layer        met1   met2   met3
Metal Spacing      191     53      3
Min Hole             1      0      0
Recheck            134     77      4
Short              951    256      3
[INFO DRT-0267] cpu time = 00:01:17, elapsed time = 00:01:17, memory = 3319.26 (MB), peak = 3461.67 (MB)
Total wire length = 765018 um.
Total wire length on LAYER li1 = 0 um.
Total wire length on LAYER met1 = 273236 um.
Total wire length on LAYER met2 = 317570 um.
Total wire length on LAYER met3 = 102944 um.
Total wire length on LAYER met4 = 70995 um.
Total wire length on LAYER met5 = 271 um.
Total number of vias = 144636.
Up-via summary (total 144636):

-------------------------
 FR_MASTERSLICE         0
            li1     57968
           met1     73294
           met2     10923
           met3      2433
           met4        18
-------------------------
               144636


[INFO DRT-0195] Start 1st optimization iteration.
    Completing 10% with 1673 violations.
    elapsed time = 00:00:04, memory = 3319.26 (MB).
    Completing 20% with 1673 violations.
    elapsed time = 00:00:12, memory = 3319.26 (MB).
    Completing 30% with 1433 violations.
    elapsed time = 00:00:16, memory = 3319.26 (MB).
    Completing 40% with 1433 violations.
    elapsed time = 00:00:22, memory = 3319.26 (MB).
    Completing 50% with 1433 violations.
    elapsed time = 00:00:31, memory = 3319.26 (MB).
    Completing 60% with 1223 violations.
    elapsed time = 00:00:36, memory = 3319.26 (MB).
    Completing 70% with 1223 violations.
    elapsed time = 00:00:43, memory = 3319.26 (MB).
    Completing 80% with 997 violations.
    elapsed time = 00:00:53, memory = 3319.26 (MB).
    Completing 90% with 997 violations.
    elapsed time = 00:01:00, memory = 3319.26 (MB).
    Completing 100% with 788 violations.
    elapsed time = 00:01:10, memory = 3319.26 (MB).
[INFO DRT-0199]   Number of violations = 788.
Viol/Layer        mcon   met1   met2
Cut Spacing          1      0      0
Metal Spacing        0     67     44
Short                0    570    106
[INFO DRT-0267] cpu time = 00:01:10, elapsed time = 00:01:10, memory = 3319.26 (MB), peak = 3461.67 (MB)
Total wire length = 764702 um.
Total wire length on LAYER li1 = 0 um.
Total wire length on LAYER met1 = 272841 um.
Total wire length on LAYER met2 = 317598 um.
Total wire length on LAYER met3 = 103007 um.
Total wire length on LAYER met4 = 70983 um.
Total wire length on LAYER met5 = 271 um.
Total number of vias = 144631.
Up-via summary (total 144631):

-------------------------
 FR_MASTERSLICE         0
            li1     57973
           met1     73276
           met2     10936
           met3      2428
           met4        18
-------------------------
               144631


[INFO DRT-0195] Start 2nd optimization iteration.
    Completing 10% with 788 violations.
    elapsed time = 00:00:00, memory = 3319.26 (MB).
    Completing 20% with 788 violations.
    elapsed time = 00:00:04, memory = 3319.26 (MB).
    Completing 30% with 746 violations.
    elapsed time = 00:00:06, memory = 3319.26 (MB).
    Completing 40% with 746 violations.
    elapsed time = 00:00:08, memory = 3319.26 (MB).
    Completing 50% with 746 violations.
    elapsed time = 00:00:15, memory = 3319.26 (MB).
    Completing 60% with 792 violations.
    elapsed time = 00:00:17, memory = 3319.26 (MB).
    Completing 70% with 792 violations.
    elapsed time = 00:00:21, memory = 3319.26 (MB).
    Completing 80% with 801 violations.
    elapsed time = 00:00:27, memory = 3319.26 (MB).
    Completing 90% with 801 violations.
    elapsed time = 00:00:31, memory = 3319.26 (MB).
    Completing 100% with 760 violations.
    elapsed time = 00:00:37, memory = 3319.26 (MB).
[INFO DRT-0199]   Number of violations = 760.
Viol/Layer        met1   met2
Metal Spacing       66     32
Short              559    103
[INFO DRT-0267] cpu time = 00:00:37, elapsed time = 00:00:37, memory = 3319.26 (MB), peak = 3461.67 (MB)
Total wire length = 764701 um.
Total wire length on LAYER li1 = 0 um.
Total wire length on LAYER met1 = 272859 um.
Total wire length on LAYER met2 = 317592 um.
Total wire length on LAYER met3 = 102995 um.
Total wire length on LAYER met4 = 70981 um.
Total wire length on LAYER met5 = 271 um.
Total number of vias = 144600.
Up-via summary (total 144600):

-------------------------
 FR_MASTERSLICE         0
            li1     57970
           met1     73256
           met2     10927
           met3      2429
           met4        18
-------------------------
               144600


[INFO DRT-0195] Start 3rd optimization iteration.
    Completing 10% with 760 violations.
    elapsed time = 00:00:06, memory = 3319.26 (MB).
    Completing 20% with 760 violations.
    elapsed time = 00:00:13, memory = 3319.26 (MB).
    Completing 30% with 582 violations.
    elapsed time = 00:00:15, memory = 3319.26 (MB).
    Completing 40% with 582 violations.
    elapsed time = 00:00:16, memory = 3319.26 (MB).
    Completing 50% with 582 violations.
    elapsed time = 00:00:23, memory = 3319.26 (MB).
    Completing 60% with 507 violations.
    elapsed time = 00:00:33, memory = 3319.26 (MB).
    Completing 70% with 507 violations.
    elapsed time = 00:00:42, memory = 3319.26 (MB).
    Completing 80% with 246 violations.
    elapsed time = 00:00:44, memory = 3319.26 (MB).
    Completing 90% with 246 violations.
    elapsed time = 00:00:47, memory = 3319.26 (MB).
    Completing 100% with 112 violations.
    elapsed time = 00:00:52, memory = 3319.26 (MB).
[INFO DRT-0199]   Number of violations = 112.
Viol/Layer        mcon   met1   met2
Cut Spacing          2      0      0
Metal Spacing        0     25      7
Short                0     63     15
[INFO DRT-0267] cpu time = 00:00:52, elapsed time = 00:00:52, memory = 3319.26 (MB), peak = 3461.67 (MB)
Total wire length = 764650 um.
Total wire length on LAYER li1 = 0 um.
Total wire length on LAYER met1 = 270626 um.
Total wire length on LAYER met2 = 317318 um.
Total wire length on LAYER met3 = 105110 um.
Total wire length on LAYER met4 = 71323 um.
Total wire length on LAYER met5 = 271 um.
Total number of vias = 144857.
Up-via summary (total 144857):

-------------------------
 FR_MASTERSLICE         0
            li1     57973
           met1     73193
           met2     11211
           met3      2462
           met4        18
-------------------------
               144857


[INFO DRT-0195] Start 4th optimization iteration.
    Completing 10% with 112 violations.
    elapsed time = 00:00:00, memory = 3319.26 (MB).
    Completing 20% with 112 violations.
    elapsed time = 00:00:01, memory = 3319.26 (MB).
    Completing 30% with 109 violations.
    elapsed time = 00:00:01, memory = 3319.26 (MB).
    Completing 40% with 109 violations.
    elapsed time = 00:00:01, memory = 3319.26 (MB).
    Completing 50% with 109 violations.
    elapsed time = 00:00:01, memory = 3319.26 (MB).
    Completing 60% with 109 violations.
    elapsed time = 00:00:03, memory = 3319.26 (MB).
    Completing 70% with 109 violations.
    elapsed time = 00:00:05, memory = 3319.26 (MB).
    Completing 80% with 22 violations.
    elapsed time = 00:00:05, memory = 3319.26 (MB).
    Completing 90% with 22 violations.
    elapsed time = 00:00:06, memory = 3319.26 (MB).
    Completing 100% with 1 violations.
    elapsed time = 00:00:07, memory = 3319.26 (MB).
[INFO DRT-0199]   Number of violations = 1.
Viol/Layer        met1
Short                1
[INFO DRT-0267] cpu time = 00:00:07, elapsed time = 00:00:07, memory = 3319.26 (MB), peak = 3461.67 (MB)
Total wire length = 764600 um.
Total wire length on LAYER li1 = 0 um.
Total wire length on LAYER met1 = 270394 um.
Total wire length on LAYER met2 = 317164 um.
Total wire length on LAYER met3 = 105310 um.
Total wire length on LAYER met4 = 71459 um.
Total wire length on LAYER met5 = 271 um.
Total number of vias = 144873.
Up-via summary (total 144873):

-------------------------
 FR_MASTERSLICE         0
            li1     57973
           met1     73180
           met2     11231
           met3      2471
           met4        18
-------------------------
               144873


[INFO DRT-0195] Start 5th guides tiles iteration.
    Completing 100% with 0 violations.
    elapsed time = 00:00:00, memory = 3319.26 (MB).
[INFO DRT-0199]   Number of violations = 0.
[INFO DRT-0267] cpu time = 00:00:00, elapsed time = 00:00:00, memory = 3319.26 (MB), peak = 3461.67 (MB)
Total wire length = 764602 um.
Total wire length on LAYER li1 = 0 um.
Total wire length on LAYER met1 = 270395 um.
Total wire length on LAYER met2 = 317165 um.
Total wire length on LAYER met3 = 105310 um.
Total wire length on LAYER met4 = 71459 um.
Total wire length on LAYER met5 = 271 um.
Total number of vias = 144875.
Up-via summary (total 144875):

-------------------------
 FR_MASTERSLICE         0
            li1     57973
           met1     73182
           met2     11231
           met3      2471
           met4        18
-------------------------
               144875


[INFO DRT-0198] Complete detail routing.
Total wire length = 764602 um.
Total wire length on LAYER li1 = 0 um.
Total wire length on LAYER met1 = 270395 um.
Total wire length on LAYER met2 = 317165 um.
Total wire length on LAYER met3 = 105310 um.
Total wire length on LAYER met4 = 71459 um.
Total wire length on LAYER met5 = 271 um.
Total number of vias = 144875.
Up-via summary (total 144875):

-------------------------
 FR_MASTERSLICE         0
            li1     57973
           met1     73182
           met2     11231
           met3      2471
           met4        18
-------------------------
               144875


[INFO DRT-0267] cpu time = 00:04:06, elapsed time = 00:04:06, memory = 3319.26 (MB), peak = 3461.67 (MB)

[INFO DRT-0180] Post processing.
[INFO DRT-0501] Runtime: 435.99s
[INFO ANT-0002] Found 0 net violations.
[INFO ANT-0001] Found 0 pin violations.
[INFO ANT-0002] Found 0 net violations.
[INFO ANT-0001] Found 0 pin violations.
Design area 195626 um^2 59% utilization.
write_db ./results/sky130hd/chia_sha256_benchmark_corrupted/slot0/5_2_route.odb
Log                       Ext     Elapsed/s Peak Memory/MB sha1sum result [0:20)
5_2_route                 .odb         3615           3461 5254cdfaeb40db8edb70
/root/OpenROAD-flow-scripts/flow/scripts/flow.sh 5_3_fillcell fillcell
Running fillcell.tcl, stage 5_3_fillcell
read_liberty /root/OpenROAD-flow-scripts/flow/platforms/sky130hd/lib/sky130_fd_sc_hd__tt_025C_1v80.lib
read_db ./results/sky130hd/chia_sha256_benchmark_corrupted/slot0/5_2_route.odb
read_sdc ./results/sky130hd/chia_sha256_benchmark_corrupted/slot0/5_1_grt.sdc
source /root/OpenROAD-flow-scripts/flow/platforms/sky130hd/setRC.tcl
[WARNING STA-0450] virtual clock vclk can not be propagated.
filler_placement "sky130_fd_sc_hd__fill_1 sky130_fd_sc_hd__fill_2 sky130_fd_sc_hd__fill_4 sky130_fd_sc_hd__fill_8"
[INFO DPL-0001] Placed 26896 filler instances.
Design area 195626 um^2 59% utilization.
write_db ./results/sky130hd/chia_sha256_benchmark_corrupted/slot0/5_3_fillcell.odb
Log                       Ext     Elapsed/s Peak Memory/MB sha1sum result [0:20)
5_3_fillcell              .odb            0            215 84c89de093f7a996c247
cp ./results/sky130hd/chia_sha256_benchmark_corrupted/slot0/5_3_fillcell.odb ./results/sky130hd/chia_sha256_benchmark_corrupted/slot0/5_route.odb
cp ./results/sky130hd/chia_sha256_benchmark_corrupted/slot0/5_1_grt.sdc ./results/sky130hd/chia_sha256_benchmark_corrupted/slot0/5_route.sdc
make: Leaving directory '/root/OpenROAD-flow-scripts/flow'

STDERR:
bash: /opt/miniconda/lib/libtinfo.so.6: no version information available (required by bash)
bash: /opt/miniconda/lib/libtinfo.so.6: no version information available (required by bash)
bash: /opt/miniconda/lib/libtinfo.so.6: no version information available (required by bash)
bash: /opt/miniconda/lib/libtinfo.so.6: no version information available (required by bash)
bash: /opt/miniconda/lib/libtinfo.so.6: no version information available (required by bash)
bash: /opt/miniconda/lib/libtinfo.so.6: no version information available (required by bash)
bash: /opt/miniconda/lib/libtinfo.so.6: no version information available (required by bash)
bash: /opt/miniconda/lib/libtinfo.so.6: no version information available (required by bash)
bash: /opt/miniconda/lib/libtinfo.so.6: no version information available (required by bash)
bash: /opt/miniconda/lib/libtinfo.so.6: no version information available (required by bash)
bash: /opt/miniconda/lib/libtinfo.so.6: no version information available (required by bash)
bash: /opt/miniconda/lib/libtinfo.so.6: no version information available (required by bash)
bash: /opt/miniconda/lib/libtinfo.so.6: no version information available (required by bash)
bash: /opt/miniconda/lib/libtinfo.so.6: no version information available (required by bash)
bash: /opt/miniconda/lib/libtinfo.so.6: no version information available (required by bash)
bash: /opt/miniconda/lib/libtinfo.so.6: no version information available (required by bash)
bash: /opt/miniconda/lib/libtinfo.so.6: no version information available (required by bash)
bash: /opt/miniconda/lib/libtinfo.so.6: no version information available (required by bash)
bash: /opt/miniconda/lib/libtinfo.so.6: no version information available (required by bash)
bash: /opt/miniconda/lib/libtinfo.so.6: no version information available (required by bash)
bash: /opt/miniconda/lib/libtinfo.so.6: no version information available (required by bash)
bash: /opt/miniconda/lib/libtinfo.so.6: no version information available (required by bash)
bash: /opt/miniconda/lib/libtinfo.so.6: no version information available (required by bash)
bash: /opt/miniconda/lib/libtinfo.so.6: no version information available (required by bash)
Elapsed time: 4:13.86[h:]min:sec. CPU time: user 253.55 sys 0.22 (99%). Peak memory: 598208KB.
bash: /opt/miniconda/lib/libtinfo.so.6: no version information available (required by bash)
bash: /opt/miniconda/lib/libtinfo.so.6: no version information available (required by bash)
bash: /opt/miniconda/lib/libtinfo.so.6: no version information available (required by bash)
bash: /opt/miniconda/lib/libtinfo.so.6: no version information available (required by bash)
bash: /opt/miniconda/lib/libtinfo.so.6: no version information available (required by bash)
bash: /opt/miniconda/lib/libtinfo.so.6: no version information available (required by bash)
bash: /opt/miniconda/lib/libtinfo.so.6: no version information available (required by bash)
bash: /opt/miniconda/lib/libtinfo.so.6: no version information available (required by bash)
bash: /opt/miniconda/lib/libtinfo.so.6: no version information available (required by bash)
bash: /opt/miniconda/lib/libtinfo.so.6: no version information available (required by bash)
bash: /opt/miniconda/lib/libtinfo.so.6: no version information available (required by bash)
bash: /opt/miniconda/lib/libtinfo.so.6: no version information available (required by bash)
bash: /opt/miniconda/lib/libtinfo.so.6: no version information available (required by bash)
bash: /opt/miniconda/lib/libtinfo.so.6: no version information available (required by bash)
Elapsed time: 1:00:15.43[h:]min:sec. CPU time: user 3607.92 sys 7.17 (99%). Peak memory: 3544748KB.
bash: /opt/miniconda/lib/libtinfo.so.6: no version information available (required by bash)
bash: /opt/miniconda/lib/libtinfo.so.6: no version information available (required by bash)
bash: /opt/miniconda/lib/libtinfo.so.6: no version information available (required by bash)
bash: /opt/miniconda/lib/libtinfo.so.6: no version information available (required by bash)
bash: /opt/miniconda/lib/libtinfo.so.6: no version information available (required by bash)
bash: /opt/miniconda/lib/libtinfo.so.6: no version information available (required by bash)
bash: /opt/miniconda/lib/libtinfo.so.6: no version information available (required by bash)
bash: /opt/miniconda/lib/libtinfo.so.6: no version information available (required by bash)
bash: /opt/miniconda/lib/libtinfo.so.6: no version information available (required by bash)
bash: /opt/miniconda/lib/libtinfo.so.6: no version information available (required by bash)
bash: /opt/miniconda/lib/libtinfo.so.6: no version information available (required by bash)
bash: /opt/miniconda/lib/libtinfo.so.6: no version information available (required by bash)
bash: /opt/miniconda/lib/libtinfo.so.6: no version information available (required by bash)
bash: /opt/miniconda/lib/libtinfo.so.6: no version information available (required by bash)
Elapsed time: 0:00.53[h:]min:sec. CPU time: user 0.45 sys 0.08 (99%). Peak memory: 220800KB.
bash: /opt/miniconda/lib/libtinfo.so.6: no version information available (required by bash)
bash: /opt/miniconda/lib/libtinfo.so.6: no version information available (required by bash)
bash: /opt/miniconda/lib/libtinfo.so.6: no version information available (required by bash)
bash: /opt/miniconda/lib/libtinfo.so.6: no version information available (required by bash)
bash: /opt/miniconda/lib/libtinfo.so.6: no version information available (required by bash)
bash: /opt/miniconda/lib/libtinfo.so.6: no version information available (required by bash)
bash: /opt/miniconda/lib/libtinfo.so.6: no version information available (required by bash)
bash: /opt/miniconda/lib/libtinfo.so.6: no version information available (required by bash)
bash: /opt/miniconda/lib/libtinfo.so.6: no version information available (required by bash)
bash: /opt/miniconda/lib/libtinfo.so.6: no version information available (required by bash)
bash: /opt/miniconda/lib/libtinfo.so.6: no version information available (required by bash)
bash: /opt/miniconda/lib/libtinfo.so.6: no version information available (required by bash)
bash: /opt/miniconda/lib/libtinfo.so.6: no version information available (required by bash)
bash: /opt/miniconda/lib/libtinfo.so.6: no version information available (required by bash)
bash: /opt/miniconda/lib/libtinfo.so.6: no version information available (required by bash)
bash: /opt/miniconda/lib/libtinfo.so.6: no version information available (required by bash)
bash: /opt/miniconda/lib/libtinfo.so.6: no version information available (required by bash)
bash: /opt/miniconda/lib/libtinfo.so.6: no version information available (required by bash)
bash: /opt/miniconda/lib/libtinfo.so.6: no version information available (required by bash)
bash: /opt/miniconda/lib/libtinfo.so.6: no version information available (required by bash)
bash: /opt/miniconda/lib/libtinfo.so.6: no version information available (required by bash)
bash: /opt/miniconda/lib/libtinfo.so.6: no version information available (required by bash)
bash: /opt/miniconda/lib/libtinfo.so.6: no version information available (required by bash)
bash: /opt/miniconda/lib/libtinfo.so.6: no version information available (required by bash)
bash: /opt/miniconda/lib/libtinfo.so.6: no version information available (required by bash)
bash: /opt/miniconda/lib/libtinfo.so.6: no version information available (required by bash)
