make: Entering directory '/root/OpenROAD-flow-scripts/flow'
/root/OpenROAD-flow-scripts/flow/scripts/flow.sh 5_1_grt global_route
Running global_route.tcl, stage 5_1_grt
read_liberty /root/OpenROAD-flow-scripts/flow/platforms/sky130hd/lib/sky130_fd_sc_hd__tt_025C_1v80.lib
read_db ./results/sky130hd/chia_sha256_benchmark_corrupted/slot1/4_cts.odb
read_sdc ./results/sky130hd/chia_sha256_benchmark_corrupted/slot1/4_cts.sdc
source /root/OpenROAD-flow-scripts/flow/platforms/sky130hd/setRC.tcl
pin_access
[INFO DRT-0149] Reading tech and libs.
[WARNING DRT-0349] LEF58_ENCLOSURE with no CUTCLASS is not supported. Skipping for layer mcon
[WARNING DRT-0349] LEF58_ENCLOSURE with no CUTCLASS is not supported. Skipping for layer mcon
[WARNING DRT-0349] LEF58_ENCLOSURE with no CUTCLASS is not supported. Skipping for layer via
[WARNING DRT-0349] LEF58_ENCLOSURE with no CUTCLASS is not supported. Skipping for layer via
[WARNING DRT-0349] LEF58_ENCLOSURE with no CUTCLASS is not supported. Skipping for layer via2
[WARNING DRT-0349] LEF58_ENCLOSURE with no CUTCLASS is not supported. Skipping for layer via2
[WARNING DRT-0349] LEF58_ENCLOSURE with no CUTCLASS is not supported. Skipping for layer via3
[WARNING DRT-0349] LEF58_ENCLOSURE with no CUTCLASS is not supported. Skipping for layer via3
[WARNING DRT-0349] LEF58_ENCLOSURE with no CUTCLASS is not supported. Skipping for layer via4
[WARNING DRT-0349] LEF58_ENCLOSURE with no CUTCLASS is not supported. Skipping for layer via4

Units:                1000
Number of layers:     13
Number of macros:     441
Number of vias:       29
Number of viarulegen: 25

[INFO DRT-0150] Reading design.
[WARNING DRT-0120] Large net net5013 has 114 pins which may impact routing performance. Consider optimization.
[WARNING DRT-0120] Large net net5012 has 101 pins which may impact routing performance. Consider optimization.
[WARNING DRT-0120] Large net net5438 has 129 pins which may impact routing performance. Consider optimization.
[WARNING DRT-0120] Large net net5437 has 118 pins which may impact routing performance. Consider optimization.
[WARNING DRT-0120] Large net net5685 has 104 pins which may impact routing performance. Consider optimization.
[WARNING DRT-0120] Large net net5686 has 103 pins which may impact routing performance. Consider optimization.
[WARNING DRT-0120] Large net net6183 has 131 pins which may impact routing performance. Consider optimization.
[WARNING DRT-0120] Large net net6181 has 126 pins which may impact routing performance. Consider optimization.
[WARNING DRT-0120] Large net net6177 has 129 pins which may impact routing performance. Consider optimization.
[WARNING DRT-0120] Large net net6176 has 171 pins which may impact routing performance. Consider optimization.
[WARNING DRT-0120] Large net net6166 has 104 pins which may impact routing performance. Consider optimization.
[WARNING DRT-0120] Large net net6165 has 136 pins which may impact routing performance. Consider optimization.
[WARNING DRT-0120] Large net net6156 has 131 pins which may impact routing performance. Consider optimization.
[WARNING DRT-0120] Large net net6155 has 151 pins which may impact routing performance. Consider optimization.

Design:                   sha256
Die area:                 ( 0 0 ) ( 609240 609240 )
Number of track patterns: 12
Number of DEF vias:       0
Number of components:     21857
Number of terminals:      774
Number of snets:          2
Number of nets:           17642

[INFO DRT-0167] List of default vias:
  Layer via
    default via: M1M2_PR
  Layer via2
    default via: M2M3_PR
  Layer via3
    default via: M3M4_PR
  Layer via4
    default via: M4M5_PR
[INFO DRT-0162] Library cell analysis.
[INFO DRT-0163] Instance analysis.
[INFO DRT-0164] Number of unique instances = 259.
[INFO DRT-0168] Init region query.
[INFO DRT-0024]   Complete FR_MASTERSLICE.
[INFO DRT-0024]   Complete Fr_VIA.
[INFO DRT-0024]   Complete li1.
[INFO DRT-0024]   Complete mcon.
[INFO DRT-0024]   Complete met1.
[INFO DRT-0024]   Complete via.
[INFO DRT-0024]   Complete met2.
[INFO DRT-0024]   Complete via2.
[INFO DRT-0024]   Complete met3.
[INFO DRT-0024]   Complete via3.
[INFO DRT-0024]   Complete met4.
[INFO DRT-0024]   Complete via4.
[INFO DRT-0024]   Complete met5.
[INFO DRT-0033] FR_MASTERSLICE shape region query size = 0.
[INFO DRT-0033] FR_VIA shape region query size = 0.
[INFO DRT-0033] li1 shape region query size = 624159.
[INFO DRT-0033] mcon shape region query size = 370588.
[INFO DRT-0033] met1 shape region query size = 115950.
[INFO DRT-0033] via shape region query size = 24530.
[INFO DRT-0033] met2 shape region query size = 15197.
[INFO DRT-0033] via2 shape region query size = 19624.
[INFO DRT-0033] met3 shape region query size = 15011.
[INFO DRT-0033] via3 shape region query size = 19624.
[INFO DRT-0033] met4 shape region query size = 5918.
[INFO DRT-0033] via4 shape region query size = 968.
[INFO DRT-0033] met5 shape region query size = 1056.
[INFO DRT-0165] Start pin access.
[INFO DRT-0076]   Complete 1000 pins.
[INFO DRT-0076]   Complete 2000 pins.
[INFO DRT-0078]   Complete 2074 pins.
[INFO DRT-0079]   Complete 100 unique inst patterns.
[INFO DRT-0079]   Complete 200 unique inst patterns.
[INFO DRT-0081]   Complete 259 unique inst patterns.
[INFO DRT-0082]   Complete 10000 groups.
[INFO DRT-0084]   Complete 11883 groups.
#scanned instances     = 21857
#unique  instances     = 259
#stdCellGenAp          = 9822
#stdCellValidPlanarAp  = 170
#stdCellValidViaAp     = 6245
#stdCellPinNoAp        = 10
#stdCellPinCnt         = 63949
#instTermValidViaApCnt = 0
#macroGenAp            = 0
#macroValidPlanarAp    = 0
#macroValidViaAp       = 0
#macroNoAp             = 0
[INFO DRT-0166] Complete pin access.
[INFO DRT-0267] cpu time = 00:02:40, elapsed time = 00:02:40, memory = 254.79 (MB), peak = 268.70 (MB)
Took 161 seconds: pin_access
global_route -congestion_report_file ./reports/sky130hd/chia_sha256_benchmark_corrupted/slot1/congestion.rpt -congestion_iterations 30 -congestion_report_iter_step 5 -verbose
[INFO GRT-0020] Min routing layer: met1
[INFO GRT-0021] Max routing layer: met5
[INFO GRT-0022] Global adjustment: 0%
[INFO GRT-0023] Grid origin: (0, 0)
[INFO GRT-0088] Layer li1     Track-Pitch = 0.4600  line-2-Via Pitch: 0.3400
[INFO GRT-0088] Layer met1    Track-Pitch = 0.3400  line-2-Via Pitch: 0.3400
[INFO GRT-0088] Layer met2    Track-Pitch = 0.4600  line-2-Via Pitch: 0.3500
[INFO GRT-0088] Layer met3    Track-Pitch = 0.6800  line-2-Via Pitch: 0.6150
[INFO GRT-0088] Layer met4    Track-Pitch = 0.9200  line-2-Via Pitch: 1.0400
[INFO GRT-0088] Layer met5    Track-Pitch = 3.4000  line-2-Via Pitch: 3.1100
[INFO GRT-0003] Macros: 0
[INFO GRT-0004] Blockages: 62952
[INFO GRT-0019] Found 309 clock nets.
[INFO GRT-0001] Minimum degree: 2
[INFO GRT-0002] Maximum degree: 171

[INFO GRT-0053] Routing resources analysis:
          Routing      Original      Derated      Resource
Layer     Direction    Resources     Resources    Reduction (%)
---------------------------------------------------------------
li1        Vertical            0             0          0.00%
met1       Horizontal     111441         86314          22.55%
met2       Vertical        99180         76125          23.25%
met3       Horizontal      74080         58122          21.54%
met4       Vertical        48894         34713          29.00%
met5       Horizontal      11049          7743          29.92%
---------------------------------------------------------------

[INFO GRT-0101] Running extra iterations to remove congestion.
[INFO GRT-0102] Start extra iteration 1/30
[INFO GRT-0102] Start extra iteration 2/30
[INFO GRT-0102] Start extra iteration 3/30
[INFO GRT-0197] Via related to pin nodes: 111050
[INFO GRT-0198] Via related Steiner nodes: 3366
[INFO GRT-0199] Via filling finished.
[INFO GRT-0111] Final number of vias: 143609
[INFO GRT-0112] Final usage 3D: 544550

[INFO GRT-0096] Final congestion report:
Layer         Resource        Demand        Usage (%)    Max H / Max V / Total Congestion
---------------------------------------------------------------------------------------
li1                  0             0            0.00%             0 /  0 /  0
met1             86314         46276           53.61%             0 /  0 /  0
met2             76125         47004           61.75%             0 /  0 /  0
met3             58122          7136           12.28%             0 /  0 /  0
met4             34713         13305           38.33%             0 /  0 /  0
met5              7743             2            0.03%             0 /  0 /  0
---------------------------------------------------------------------------------------
Total           263017        113723           43.24%             0 /  0 /  0

[INFO GRT-0018] Total wirelength: 1133994 um
[INFO GRT-0014] Routed nets: 17632
[INFO GRT-0303] Global routing runtime = 00:00:01
[WARNING STA-0450] virtual clock vclk can not be propagated.
estimate_parasitics -global_routing
Perform buffer insertion and gate resizing...
repair_design -verbose
Iteration |   Area    | Resized | Buffers | Nets repaired | Remaining
---------------------------------------------------------------------
        0 |     +0.0% |       0 |       0 |             0 |     17889
     1000 |     +0.0% |       0 |       0 |             0 |     16889
     2000 |     +0.0% |       0 |       0 |             0 |     15889
     3000 |     +0.0% |       0 |       0 |             0 |     14889
     4000 |     +0.0% |       0 |       0 |             0 |     13889
     5000 |     +0.0% |       0 |       0 |             0 |     12889
     6000 |     +0.0% |       0 |       0 |             0 |     11889
     7000 |     +0.0% |       0 |       0 |             0 |     10889
     8000 |     +0.0% |       0 |       0 |             0 |      9889
     9000 |     +0.0% |       0 |       0 |             0 |      8889
    10000 |     +0.0% |       0 |       0 |             0 |      7889
[WARNING RSZ-0104] Net _12925_ only has one pin. Check if it is intended to be dangling.
[WARNING RSZ-0104] Net _12924_ only has one pin. Check if it is intended to be dangling.
    11000 |     +0.0% |       0 |       0 |             0 |      6889
[WARNING RSZ-0104] Net _12926_ only has one pin. Check if it is intended to be dangling.
[WARNING RSZ-0104] Net _12922_ only has one pin. Check if it is intended to be dangling.
[WARNING RSZ-0104] Net _12921_ only has one pin. Check if it is intended to be dangling.
[WARNING RSZ-0104] Net _12920_ only has one pin. Check if it is intended to be dangling.
    12000 |     +0.0% |       0 |       0 |             0 |      5889
[WARNING RSZ-0104] Net _12928_ only has one pin. Check if it is intended to be dangling.
[WARNING RSZ-0104] Net _12923_ only has one pin. Check if it is intended to be dangling.
[WARNING RSZ-0104] Net _12927_ only has one pin. Check if it is intended to be dangling.
    13000 |     +0.0% |       0 |       0 |             0 |      4889
[WARNING RSZ-0104] Net _12930_ only has one pin. Check if it is intended to be dangling.
    14000 |     +0.0% |       0 |       0 |             0 |      3889
    15000 |     +0.0% |       0 |       0 |             0 |      2889
    16000 |     +0.0% |       0 |       0 |             0 |      1889
    17000 |     +0.0% |       0 |       0 |             0 |       889
    final |     +0.0% |       0 |       0 |             0 |         0
---------------------------------------------------------------------
[INFO RSZ-0504] Runtime: 0.85s
global_route -start_incremental
detailed_placement
[INFO DPL-0006] Core area: 366373.88 um^2
[INFO DPL-0007] Movable instances area: 200577.37 um^2
[INFO DPL-0008] Fixed instances area within core: 6025.78 um^2
[INFO DPL-0009] Utilization: 56.4%
[INFO DPL-0005] Diamond search max displacement: +/- 500 sites horizontally, +/- 100 rows vertically.
[INFO DPL-1102] Legalizing using negotiation legalizer.
[INFO DPL-1103] Negotiation base search window: +/-20 sites horizontally, +/-5 rows vertically 
	Automatic search window extension enabled.
	Search window extendable up to the max displacement cap of +/-500 sites, +/-100 rows near walls.
[INFO DPL-1104] NegotiationLegalizer DRC penalty: 5.
[INFO DPL-0392] Negotiation cell height distribution (1 unique row-count(s)):
[INFO DPL-0393]   height 1 row(s): 21857 cells
[INFO DPL-0500] Runtime: 0.07s
Placement Analysis
---------------------------------
total displacement          0.0 u
average displacement        0.0 u
max displacement            0.0 u
original HPWL          615081.6 u
legalized HPWL         615081.6 u
delta HPWL                    0 %

global_route -end_incremental -congestion_report_file ./reports/sky130hd/chia_sha256_benchmark_corrupted/slot1/congestion_post_repair_design.rpt
Repair setup and hold violations...
estimate_parasitics -global_routing
repair_timing -setup_margin 1 -hold_margin 0 -repair_tns 100 -verbose
[INFO RSZ-0100] Repair move sequence: UnbufferMove SizeUpMove SwapPinsMove BufferMove CloneMove SplitLoadMove 
[INFO RSZ-0094] Found 94 endpoints with setup violations.
[INFO RSZ-0099] Repairing 94 out of 94 (100.00%) violating endpoints...
   Iter   | Removed | Resized | Inserted | Cloned |  Pin  |   Area   |    WNS   |   StTNS    |   EnTNS    |  Viol  |  Worst  
          | Buffers |  Gates  | Buffers  |  Gates | Swaps |          |          |            |            | Endpts | St/EnPt 
------------------------------------------------------------------------------------------------------------------------------
       0* |       0 |       0 |        0 |      0 |     0 |    +0.0% |   -1.153 |     -109.1 |      -38.1 |     94 | digest\[254\]$_DFFE_PN0P_/D
      10* |       0 |       4 |        2 |      0 |     4 |    +0.0% |   -1.203 |     -168.9 |      -37.0 |     94 | digest\[254\]$_DFFE_PN0P_/D
      20* |       0 |       6 |        3 |      1 |    10 |    +0.0% |   -1.163 |     -147.4 |      -35.8 |     94 | digest\[254\]$_DFFE_PN0P_/D
      30* |       0 |       8 |        5 |      1 |    16 |    +0.1% |   -1.135 |     -126.5 |      -35.0 |     94 | digest\[254\]$_DFFE_PN0P_/D
      40* |       0 |      13 |        7 |      2 |    19 |    +0.1% |   -1.173 |     -146.4 |      -35.8 |     94 | digest\[254\]$_DFFE_PN0P_/D
      50* |       0 |      17 |        8 |      2 |    24 |    +0.1% |   -1.063 |      -80.3 |      -33.3 |     94 | digest\[254\]$_DFFE_PN0P_/D
      60* |       0 |      21 |       11 |      2 |    28 |    +0.1% |   -1.046 |      -68.6 |      -32.3 |     94 | digest\[254\]$_DFFE_PN0P_/D
      70* |       0 |      27 |       11 |      2 |    32 |    +0.1% |   -1.086 |      -90.0 |      -33.6 |     94 | digest\[254\]$_DFFE_PN0P_/D
      80* |       0 |      32 |       13 |      2 |    35 |    +0.2% |   -1.022 |      -57.9 |      -32.6 |     94 | digest\[255\]$_DFFE_PN0P_/D
      90* |       0 |      33 |       16 |      2 |    41 |    +0.2% |   -1.037 |      -61.9 |      -33.0 |     94 | digest\[253\]$_DFFE_PN0P_/D
     100* |       0 |      34 |       16 |      2 |    50 |    +0.2% |   -1.197 |     -133.1 |      -38.7 |     94 | digest\[253\]$_DFFE_PN0P_/D
     110* |       0 |      35 |       19 |      2 |    56 |    +0.2% |   -1.200 |     -133.3 |      -40.9 |     94 | digest\[253\]$_DFFE_PN0P_/D
     120* |       0 |      41 |       22 |      3 |    56 |    +0.2% |   -1.180 |     -132.8 |      -39.9 |     94 | digest\[253\]$_DFFE_PN0P_/D
     130* |       0 |      46 |       24 |      3 |    59 |    +0.3% |   -1.207 |     -141.0 |      -41.3 |     94 | digest\[253\]$_DFFE_PN0P_/D
     137* |       0 |      33 |       16 |      2 |    38 |    +0.2% |   -1.019 |      -56.8 |      -32.6 |     94 | digest\[253\]$_DFFE_PN0P_/D
     140* |       0 |      34 |       16 |      2 |    39 |    +0.2% |   -1.051 |      -70.2 |      -32.8 |     94 | digest\[255\]$_DFFE_PN0P_/D
     150* |       0 |      36 |       17 |      2 |    46 |    +0.2% |   -1.114 |     -102.2 |      -34.6 |     94 | digest\[255\]$_DFFE_PN0P_/D
     160* |       0 |      41 |       20 |      2 |    49 |    +0.2% |   -1.080 |      -87.5 |      -33.8 |     94 | digest\[255\]$_DFFE_PN0P_/D
     170* |       0 |      45 |       21 |      2 |    54 |    +0.2% |   -1.113 |     -120.0 |      -33.8 |     94 | digest\[255\]$_DFFE_PN0P_/D
     180* |       0 |      49 |       21 |      2 |    60 |    +0.2% |   -1.125 |     -128.2 |      -35.3 |     94 | digest\[255\]$_DFFE_PN0P_/D
     188* |       0 |      33 |       16 |      2 |    38 |    +0.2% |   -1.019 |      -56.8 |      -32.6 |     94 | digest\[253\]$_DFFE_PN0P_/D
     190* |       0 |      34 |       16 |      2 |    38 |    +0.2% |   -1.034 |      -61.8 |      -32.8 |     94 | digest\[253\]$_DFFE_PN0P_/D
     200* |       0 |      39 |       18 |      2 |    41 |    +0.2% |   -1.021 |      -55.9 |      -32.5 |     94 | digest\[255\]$_DFFE_PN0P_/D
     210* |       0 |      41 |       19 |      2 |    48 |    +0.2% |   -1.124 |     -100.1 |      -35.7 |     94 | digest\[253\]$_DFFE_PN0P_/D
     220* |       0 |      42 |       20 |      2 |    56 |    +0.2% |   -1.109 |      -92.3 |      -35.0 |     94 | digest\[253\]$_DFFE_PN0P_/D
     221* |       0 |      40 |       18 |      2 |    42 |    +0.2% |   -1.008 |      -54.0 |      -32.1 |     94 | digest\[253\]$_DFFE_PN0P_/D
     230* |       0 |      42 |       20 |      3 |    45 |    +0.2% |   -1.052 |      -65.5 |      -33.4 |     94 | digest\[253\]$_DFFE_PN0P_/D
     230* |       0 |      40 |       18 |      2 |    42 |    +0.2% |   -1.008 |      -54.0 |      -32.1 |     94 | digest\[253\]$_DFFE_PN0P_/D
     238* |       0 |      41 |       18 |      2 |    42 |    +0.2% |   -1.000 |      -51.6 |      -32.1 |     94 | digest\[255\]$_DFFE_PN0P_/D
     240* |       0 |      41 |       18 |      2 |    43 |    +0.2% |   -1.000 |      -51.6 |      -32.3 |     94 | digest\[255\]$_DFFE_PN0P_/D
     250* |       0 |      47 |       18 |      2 |    47 |    +0.2% |   -0.998 |      -49.4 |      -32.1 |     94 | digest\[254\]$_DFFE_PN0P_/D
     260* |       0 |      53 |       19 |      2 |    50 |    +0.2% |   -0.998 |      -47.5 |      -31.4 |     94 | digest\[254\]$_DFFE_PN0P_/D
     270* |       0 |      60 |       19 |      3 |    52 |    +0.3% |   -0.998 |      -47.0 |      -31.2 |     94 | digest\[254\]$_DFFE_PN0P_/D
     280* |       0 |      64 |       21 |      4 |    55 |    +0.3% |   -1.007 |      -47.1 |      -32.4 |     94 | digest\[254\]$_DFFE_PN0P_/D
     290* |       0 |      69 |       21 |      4 |    60 |    +0.3% |   -1.007 |      -47.8 |      -31.8 |     94 | digest\[254\]$_DFFE_PN0P_/D
     300* |       0 |      71 |       23 |      4 |    66 |    +0.3% |   -1.061 |      -64.7 |      -34.1 |     94 | digest\[255\]$_DFFE_PN0P_/D
     305* |       0 |      61 |       20 |      3 |    55 |    +0.3% |   -0.998 |      -46.9 |      -30.9 |     94 | digest\[254\]$_DFFE_PN0P_/D
     310* |       0 |      63 |       21 |      4 |    55 |    +0.3% |   -1.007 |      -47.0 |      -31.4 |     94 | digest\[254\]$_DFFE_PN0P_/D
     315* |       0 |      62 |       21 |      3 |    55 |    +0.3% |   -0.996 |      -46.9 |      -30.8 |     94 | digest\[254\]$_DFFE_PN0P_/D
     320* |       0 |      63 |       21 |      3 |    58 |    +0.3% |   -1.025 |      -53.5 |      -31.0 |     94 | digest\[255\]$_DFFE_PN0P_/D
     330* |       0 |      69 |       22 |      3 |    61 |    +0.3% |   -0.996 |      -46.9 |      -30.7 |     94 | digest\[254\]$_DFFE_PN0P_/D
     340* |       0 |      72 |       22 |      4 |    67 |    +0.3% |   -1.007 |      -45.8 |      -31.4 |     94 | digest\[254\]$_DFFE_PN0P_/D
     350* |       0 |      79 |       22 |      4 |    70 |    +0.3% |   -1.007 |      -46.7 |      -31.3 |     94 | digest\[254\]$_DFFE_PN0P_/D
     357* |       0 |      63 |       21 |      3 |    56 |    +0.3% |   -0.996 |      -46.9 |      -30.7 |     94 | digest\[254\]$_DFFE_PN0P_/D
     360* |       0 |      63 |       21 |      4 |    57 |    +0.3% |   -1.008 |      -47.0 |      -31.5 |     94 | digest\[254\]$_DFFE_PN0P_/D
     370* |       0 |      69 |       23 |      4 |    59 |    +0.3% |   -1.014 |      -48.9 |      -31.9 |     94 | digest\[254\]$_DFFE_PN0P_/D
     370* |       0 |      63 |       21 |      3 |    56 |    +0.3% |   -0.996 |      -46.9 |      -30.7 |     94 | digest\[254\]$_DFFE_PN0P_/D
     376* |       0 |      63 |       21 |      3 |    56 |    +0.3% |   -0.996 |      -46.9 |      -30.7 |     94 | digest\[254\]$_DFFE_PN0P_/D
     380* |       0 |      65 |       21 |      4 |    56 |    +0.3% |   -1.007 |      -47.0 |      -31.4 |     94 | digest\[254\]$_DFFE_PN0P_/D
     390* |       0 |      68 |       24 |      4 |    61 |    +0.3% |   -1.007 |      -47.0 |      -31.9 |     94 | digest\[254\]$_DFFE_PN0P_/D
     400* |       0 |      69 |       26 |      4 |    68 |    +0.3% |   -1.039 |      -57.7 |      -33.8 |     94 | digest\[254\]$_DFFE_PN0P_/D
     410* |       0 |      73 |       27 |      4 |    73 |    +0.3% |   -1.042 |      -58.8 |      -34.2 |     94 | digest\[254\]$_DFFE_PN0P_/D
     420* |       0 |      76 |       31 |      4 |    77 |    +0.4% |   -1.047 |      -60.9 |      -33.9 |     94 | digest\[254\]$_DFFE_PN0P_/D
     420* |       0 |      63 |       21 |      3 |    56 |    +0.3% |   -0.996 |      -46.9 |      -30.7 |     94 | digest\[254\]$_DFFE_PN0P_/D
     430* |       0 |      65 |       21 |      4 |    62 |    +0.3% |   -1.007 |      -50.2 |      -31.5 |     94 | digest\[254\]$_DFFE_PN0P_/D
     440* |       0 |      69 |       23 |      4 |    66 |    +0.3% |   -1.010 |      -52.3 |      -32.4 |     94 | digest\[254\]$_DFFE_PN0P_/D
     444* |       0 |      63 |       21 |      3 |    57 |    +0.3% |   -0.996 |      -46.9 |      -30.7 |     94 | digest\[254\]$_DFFE_PN0P_/D
     450* |       0 |      64 |       21 |      4 |    60 |    +0.3% |   -1.007 |      -47.0 |      -31.4 |     94 | digest\[254\]$_DFFE_PN0P_/D
     460* |       0 |      72 |       21 |      4 |    62 |    +0.3% |   -1.007 |      -48.1 |      -31.2 |     94 | digest\[254\]$_DFFE_PN0P_/D
     470* |       0 |      76 |       22 |      4 |    67 |    +0.3% |   -1.007 |      -48.1 |      -31.8 |     94 | digest\[254\]$_DFFE_PN0P_/D
     480* |       0 |      78 |       24 |      4 |    73 |    +0.3% |   -1.007 |      -48.1 |      -31.9 |     94 | digest\[254\]$_DFFE_PN0P_/D
     490* |       0 |      83 |       25 |      4 |    77 |    +0.4% |   -1.007 |      -48.1 |      -32.4 |     94 | digest\[254\]$_DFFE_PN0P_/D
     495* |       0 |      63 |       21 |      3 |    57 |    +0.3% |   -0.996 |      -46.9 |      -30.7 |     94 | digest\[254\]$_DFFE_PN0P_/D
     500* |       0 |      66 |       21 |      3 |    58 |    +0.3% |   -0.996 |      -46.9 |      -30.7 |     94 | digest\[254\]$_DFFE_PN0P_/D
     510* |       0 |      72 |       21 |      4 |    61 |    +0.3% |   -1.007 |      -47.6 |      -31.2 |     94 | digest\[254\]$_DFFE_PN0P_/D
     520* |       0 |      79 |       22 |      4 |    63 |    +0.3% |   -1.007 |      -46.6 |      -31.5 |     94 | digest\[254\]$_DFFE_PN0P_/D
     530* |       0 |      84 |       24 |      4 |    66 |    +0.4% |   -1.015 |      -48.0 |      -31.3 |     94 | digest\[254\]$_DFFE_PN0P_/D
     530* |       0 |      63 |       21 |      3 |    57 |    +0.3% |   -0.996 |      -46.9 |      -30.7 |     94 | digest\[254\]$_DFFE_PN0P_/D
     540* |       0 |      70 |       21 |      4 |    58 |    +0.3% |   -1.007 |      -47.5 |      -31.3 |     94 | digest\[254\]$_DFFE_PN0P_/D
     550* |       0 |      77 |       22 |      4 |    60 |    +0.3% |   -1.007 |      -47.1 |      -30.2 |     94 | digest\[254\]$_DFFE_PN0P_/D
     560* |       0 |      80 |       26 |      4 |    63 |    +0.4% |   -1.021 |      -51.2 |      -33.3 |     94 | digest\[254\]$_DFFE_PN0P_/D
     569* |       0 |      63 |       21 |      3 |    57 |    +0.3% |   -0.996 |      -46.9 |      -30.7 |     94 | digest\[254\]$_DFFE_PN0P_/D
     570* |       0 |      63 |       21 |      3 |    57 |    +0.3% |   -0.996 |      -46.9 |      -30.7 |     94 | digest\[254\]$_DFFE_PN0P_/D
     578* |       0 |      64 |       21 |      3 |    57 |    +0.3% |   -0.996 |      -46.9 |      -30.7 |     94 | digest\[254\]$_DFFE_PN0P_/D
     580* |       0 |      65 |       21 |      3 |    57 |    +0.3% |   -0.996 |      -46.9 |      -30.1 |     94 | digest\[254\]$_DFFE_PN0P_/D
     590* |       0 |      70 |       23 |      3 |    60 |    +0.3% |   -0.996 |      -46.9 |      -30.2 |     94 | digest\[254\]$_DFFE_PN0P_/D
     599* |       0 |      69 |       23 |      3 |    58 |    +0.3% |   -0.996 |      -46.9 |      -30.0 |     94 | digest\[254\]$_DFFE_PN0P_/D
     600* |       0 |      69 |       23 |      3 |    58 |    +0.3% |   -0.996 |      -46.9 |      -30.0 |     94 | digest\[254\]$_DFFE_PN0P_/D
     610* |       0 |      76 |       23 |      4 |    60 |    +0.3% |   -1.007 |      -47.6 |      -30.7 |     94 | digest\[254\]$_DFFE_PN0P_/D
     620* |       0 |      85 |       23 |      4 |    61 |    +0.4% |   -1.007 |      -48.1 |      -30.1 |     94 | digest\[254\]$_DFFE_PN0P_/D
     630* |       0 |      92 |       26 |      4 |    61 |    +0.4% |   -1.007 |      -48.1 |      -30.5 |     94 | digest\[254\]$_DFFE_PN0P_/D
     640* |       0 |      98 |       29 |      4 |    62 |    +0.4% |   -1.007 |      -46.7 |      -30.9 |     94 | digest\[254\]$_DFFE_PN0P_/D
     646* |       0 |      69 |       23 |      3 |    58 |    +0.3% |   -0.996 |      -46.9 |      -30.0 |     94 | digest\[254\]$_DFFE_PN0P_/D
     650* |       0 |      70 |       23 |      4 |    59 |    +0.3% |   -1.007 |      -47.0 |      -30.8 |     94 | digest\[254\]$_DFFE_PN0P_/D
     660* |       0 |      80 |       23 |      4 |    59 |    +0.4% |   -1.007 |      -48.1 |      -30.2 |     94 | digest\[254\]$_DFFE_PN0P_/D
     670* |       0 |      87 |       26 |      4 |    59 |    +0.4% |   -1.007 |      -47.1 |      -30.7 |     94 | digest\[254\]$_DFFE_PN0P_/D
     680* |       0 |      93 |       28 |      4 |    61 |    +0.4% |   -1.055 |      -62.9 |      -32.7 |     94 | digest\[254\]$_DFFE_PN0P_/D
     683* |       0 |      69 |       23 |      3 |    58 |    +0.3% |   -0.996 |      -46.9 |      -30.0 |     94 | digest\[254\]$_DFFE_PN0P_/D
     690* |       0 |      71 |       24 |      4 |    60 |    +0.3% |   -1.007 |      -47.0 |      -31.0 |     94 | digest\[254\]$_DFFE_PN0P_/D
     698* |       0 |      69 |       23 |      3 |    59 |    +0.3% |   -0.996 |      -46.9 |      -30.0 |     94 | digest\[254\]$_DFFE_PN0P_/D
     700* |       0 |      69 |       24 |      3 |    59 |    +0.3% |   -0.996 |      -46.9 |      -31.0 |     94 | digest\[254\]$_DFFE_PN0P_/D
     710* |       0 |      74 |       24 |      3 |    64 |    +0.3% |   -0.996 |      -46.9 |      -33.9 |     94 | digest\[254\]$_DFFE_PN0P_/D
     720* |       0 |      78 |       24 |      4 |    69 |    +0.4% |   -1.048 |      -59.2 |      -37.0 |     94 | digest\[254\]$_DFFE_PN0P_/D
     730* |       0 |      81 |       26 |      4 |    74 |    +0.4% |   -1.050 |      -59.6 |      -37.3 |     94 | digest\[255\]$_DFFE_PN0P_/D
     740* |       0 |      85 |       27 |      4 |    79 |    +0.4% |   -1.072 |      -68.6 |      -37.3 |     94 | digest\[255\]$_DFFE_PN0P_/D
     750* |       0 |      87 |       28 |      4 |    86 |    +0.4% |   -1.072 |      -68.6 |      -37.2 |     94 | digest\[255\]$_DFFE_PN0P_/D
     755* |       0 |      73 |       24 |      3 |    60 |    +0.3% |   -0.996 |      -46.9 |      -30.5 |     94 | digest\[254\]$_DFFE_PN0P_/D
     760* |       0 |      74 |       25 |      4 |    61 |    +0.3% |   -1.007 |      -47.0 |      -31.1 |     94 | digest\[254\]$_DFFE_PN0P_/D
     770* |       0 |      77 |       29 |      4 |    64 |    +0.4% |   -1.007 |      -47.0 |      -30.7 |     94 | digest\[254\]$_DFFE_PN0P_/D
     780* |       0 |      82 |       32 |      4 |    66 |    +0.4% |   -1.007 |      -47.3 |      -30.1 |     94 | digest\[254\]$_DFFE_PN0P_/D
     790* |       0 |      89 |       34 |      4 |    67 |    +0.4% |   -1.007 |      -47.3 |      -30.4 |     94 | digest\[254\]$_DFFE_PN0P_/D
     800* |       0 |      97 |       35 |      4 |    68 |    +0.4% |   -1.020 |      -50.0 |      -30.3 |     94 | digest\[254\]$_DFFE_PN0P_/D
     803* |       0 |      73 |       25 |      3 |    61 |    +0.3% |   -0.996 |      -46.9 |      -30.4 |     94 | digest\[254\]$_DFFE_PN0P_/D
     810* |       0 |      76 |       28 |      3 |    61 |    +0.3% |   -0.996 |      -46.9 |      -30.6 |     94 | digest\[254\]$_DFFE_PN0P_/D
     820* |       0 |      81 |       29 |      3 |    65 |    +0.4% |   -1.003 |      -48.4 |      -30.7 |     94 | digest\[254\]$_DFFE_PN0P_/D
     830* |       0 |      83 |       32 |      4 |    69 |    +0.4% |   -1.015 |      -48.4 |      -31.6 |     94 | digest\[254\]$_DFFE_PN0P_/D
     834* |       0 |      73 |       25 |      3 |    61 |    +0.3% |   -0.996 |      -46.9 |      -30.4 |     94 | digest\[254\]$_DFFE_PN0P_/D
     840* |       0 |      76 |       26 |      4 |    61 |    +0.4% |   -1.007 |      -47.0 |      -31.1 |     94 | digest\[254\]$_DFFE_PN0P_/D
     850* |       0 |      82 |       29 |      4 |    62 |    +0.4% |   -1.007 |      -47.0 |      -31.3 |     94 | digest\[254\]$_DFFE_PN0P_/D
     856* |       0 |      75 |       26 |      3 |    61 |    +0.3% |   -0.996 |      -46.9 |      -30.3 |     94 | digest\[254\]$_DFFE_PN0P_/D
     860* |       0 |      77 |       26 |      3 |    62 |    +0.3% |   -0.996 |      -46.9 |      -30.4 |     94 | digest\[254\]$_DFFE_PN0P_/D
     870* |       0 |      84 |       27 |      4 |    63 |    +0.4% |   -1.007 |      -47.0 |      -31.0 |     94 | digest\[254\]$_DFFE_PN0P_/D
     880* |       0 |      93 |       28 |      4 |    63 |    +0.4% |   -1.007 |      -48.1 |      -31.0 |     94 | digest\[254\]$_DFFE_PN0P_/D
     885* |       0 |      75 |       26 |      3 |    61 |    +0.3% |   -0.996 |      -46.9 |      -30.3 |     94 | digest\[254\]$_DFFE_PN0P_/D
     890* |       0 |      75 |       27 |      3 |    64 |    +0.3% |   -0.996 |      -46.9 |      -30.3 |     94 | digest\[254\]$_DFFE_PN0P_/D
     900* |       0 |      79 |       28 |      4 |    68 |    +0.4% |   -1.007 |      -47.0 |      -30.7 |     94 | digest\[254\]$_DFFE_PN0P_/D
     910* |       0 |      83 |       32 |      4 |    70 |    +0.4% |   -1.007 |      -47.3 |      -31.2 |     94 | digest\[254\]$_DFFE_PN0P_/D
     920* |       0 |      93 |       32 |      4 |    70 |    +0.4% |   -1.007 |      -47.4 |      -30.6 |     94 | digest\[254\]$_DFFE_PN0P_/D
     921* |       0 |      75 |       26 |      3 |    61 |    +0.3% |   -0.996 |      -46.9 |      -30.3 |     94 | digest\[254\]$_DFFE_PN0P_/D
     930* |       0 |      77 |       28 |      4 |    64 |    +0.4% |   -1.007 |      -46.7 |      -31.9 |     94 | digest\[254\]$_DFFE_PN0P_/D
     940* |       0 |      83 |       29 |      4 |    67 |    +0.4% |   -1.007 |      -46.7 |      -31.6 |     94 | digest\[254\]$_DFFE_PN0P_/D
     944* |       0 |      75 |       26 |      3 |    61 |    +0.3% |   -0.996 |      -46.9 |      -30.3 |     94 | digest\[254\]$_DFFE_PN0P_/D
     950* |       0 |      78 |       26 |      4 |    62 |    +0.4% |   -1.014 |      -49.0 |      -31.2 |     94 | digest\[254\]$_DFFE_PN0P_/D
     956* |       0 |      75 |       26 |      3 |    61 |    +0.3% |   -0.996 |      -46.9 |      -30.3 |     94 | digest\[254\]$_DFFE_PN0P_/D
     960* |       0 |      75 |       28 |      3 |    62 |    +0.3% |   -0.996 |      -46.9 |      -30.7 |     94 | digest\[254\]$_DFFE_PN0P_/D
     970* |       0 |      77 |       31 |      4 |    66 |    +0.4% |   -1.007 |      -47.0 |      -31.0 |     94 | digest\[254\]$_DFFE_PN0P_/D
     980* |       0 |      81 |       37 |      4 |    67 |    +0.4% |   -1.007 |      -47.3 |      -30.4 |     94 | digest\[254\]$_DFFE_PN0P_/D
     990* |       0 |      89 |       38 |      4 |    68 |    +0.4% |   -1.016 |      -48.7 |      -30.4 |     94 | digest\[254\]$_DFFE_PN0P_/D
     990* |       0 |      75 |       27 |      3 |    61 |    +0.3% |   -0.996 |      -46.9 |      -30.3 |     94 | digest\[254\]$_DFFE_PN0P_/D
    1000* |       0 |      78 |       31 |      4 |    62 |    +0.4% |   -1.007 |      -47.0 |      -30.6 |     94 | digest\[254\]$_DFFE_PN0P_/D
    1010* |       0 |      85 |       33 |      4 |    63 |    +0.4% |   -1.012 |      -48.7 |      -31.1 |     94 | digest\[254\]$_DFFE_PN0P_/D
    1013* |       0 |      75 |       27 |      3 |    61 |    +0.3% |   -0.995 |      -46.9 |      -30.3 |     94 | digest\[254\]$_DFFE_PN0P_/D
    1020* |       0 |      76 |       29 |      4 |    63 |    +0.4% |   -1.007 |      -47.0 |      -31.6 |     94 | digest\[254\]$_DFFE_PN0P_/D
    1030* |       0 |      82 |       32 |      4 |    64 |    +0.4% |   -1.007 |      -47.3 |      -30.7 |     94 | digest\[254\]$_DFFE_PN0P_/D
    1040* |       0 |      89 |       35 |      4 |    64 |    +0.4% |   -1.008 |      -47.2 |      -30.4 |     94 | digest\[254\]$_DFFE_PN0P_/D
    1042* |       0 |      75 |       28 |      3 |    61 |    +0.3% |   -0.995 |      -46.9 |      -30.6 |     94 | digest\[254\]$_DFFE_PN0P_/D
    1050* |       0 |      78 |       29 |      4 |    63 |    +0.4% |   -1.007 |      -47.0 |      -31.3 |     94 | digest\[254\]$_DFFE_PN0P_/D
    1060* |       0 |      81 |       33 |      4 |    66 |    +0.4% |   -1.007 |      -46.0 |      -31.6 |     94 | digest\[254\]$_DFFE_PN0P_/D
    1069* |       0 |      75 |       28 |      3 |    61 |    +0.3% |   -0.995 |      -46.9 |      -30.6 |     94 | digest\[254\]$_DFFE_PN0P_/D
    1070* |       0 |      75 |       28 |      3 |    61 |    +0.3% |   -0.995 |      -46.9 |      -30.6 |     94 | digest\[254\]$_DFFE_PN0P_/D
    1080* |       0 |      81 |       29 |      3 |    64 |    +0.4% |   -0.995 |      -46.9 |      -30.6 |     94 | digest\[254\]$_DFFE_PN0P_/D
    1084* |       0 |      81 |       29 |      3 |    64 |    +0.4% |   -0.995 |      -46.9 |      -30.6 |     94 | digest\[254\]$_DFFE_PN0P_/D
    1090* |       0 |      83 |       30 |      4 |    65 |    +0.4% |   -1.007 |      -47.0 |      -31.3 |     94 | digest\[254\]$_DFFE_PN0P_/D
    1100* |       0 |      89 |       35 |      4 |    65 |    +0.4% |   -1.016 |      -48.8 |      -31.0 |     94 | digest\[254\]$_DFFE_PN0P_/D
    1100* |       0 |      82 |       30 |      3 |    65 |    +0.4% |   -0.995 |      -46.9 |      -30.5 |     94 | digest\[254\]$_DFFE_PN0P_/D
    1110* |       0 |      88 |       32 |      4 |    65 |    +0.4% |   -1.014 |      -49.0 |      -31.8 |     94 | digest\[254\]$_DFFE_PN0P_/D
    1113* |       0 |      82 |       30 |      3 |    65 |    +0.4% |   -0.995 |      -46.9 |      -30.5 |     94 | digest\[254\]$_DFFE_PN0P_/D
    1120* |       0 |      84 |       32 |      4 |    66 |    +0.4% |   -1.007 |      -47.0 |      -31.4 |     94 | digest\[254\]$_DFFE_PN0P_/D
    1130* |       0 |      89 |       37 |      4 |    66 |    +0.4% |   -1.007 |      -47.0 |      -31.5 |     94 | digest\[254\]$_DFFE_PN0P_/D
    1138* |       0 |      82 |       30 |      3 |    65 |    +0.4% |   -0.995 |      -46.9 |      -30.5 |     94 | digest\[254\]$_DFFE_PN0P_/D
    1140* |       0 |      82 |       30 |      4 |    65 |    +0.4% |   -1.008 |      -47.0 |      -31.3 |     94 | digest\[254\]$_DFFE_PN0P_/D
    1150* |       0 |      87 |       32 |      4 |    68 |    +0.4% |   -1.007 |      -46.1 |      -31.1 |     94 | digest\[254\]$_DFFE_PN0P_/D
    1160* |       0 |      91 |       32 |      4 |    74 |    +0.4% |   -1.007 |      -44.2 |      -30.9 |     94 | digest\[254\]$_DFFE_PN0P_/D
    1170* |       0 |      95 |       33 |      4 |    79 |    +0.4% |   -1.009 |      -45.2 |      -31.3 |     94 | digest\[254\]$_DFFE_PN0P_/D
    1180* |       0 |      99 |       34 |      4 |    84 |    +0.4% |   -1.009 |      -46.4 |      -31.4 |     94 | digest\[254\]$_DFFE_PN0P_/D
    1189* |       0 |      82 |       30 |      3 |    65 |    +0.4% |   -0.995 |      -46.9 |      -30.5 |     94 | digest\[254\]$_DFFE_PN0P_/D
    1190* |       0 |      82 |       30 |      3 |    65 |    +0.4% |   -0.995 |      -46.9 |      -30.5 |     94 | digest\[254\]$_DFFE_PN0P_/D
    1200* |       0 |      87 |       34 |      4 |    65 |    +0.4% |   -1.007 |      -47.0 |      -32.1 |     94 | digest\[254\]$_DFFE_PN0P_/D
    1200* |       0 |      82 |       30 |      3 |    65 |    +0.4% |   -0.995 |      -46.9 |      -30.5 |     94 | digest\[254\]$_DFFE_PN0P_/D
    1200* |       0 |      82 |       30 |      3 |    65 |    +0.4% |   -0.995 |      -46.9 |      -30.5 |     94 | digest\[254\]$_DFFE_PN0P_/D
    1200+ |       0 |      82 |       30 |      3 |    65 |    +0.4% |   -0.995 |      -46.9 |      -30.5 |     94 | digest\[254\]$_DFFE_PN0P_/D
    1201+ |       0 |      82 |       30 |      3 |    65 |    +0.4% |   -0.995 |      -46.9 |      -30.5 |     94 | digest\[254\]$_DFFE_PN0P_/D
    1202+ |       0 |      82 |       30 |      3 |    65 |    +0.4% |   -0.995 |      -46.9 |      -30.5 |     94 | digest\[254\]$_DFFE_PN0P_/D
    1203+ |       0 |      82 |       30 |      3 |    65 |    +0.4% |   -0.995 |      -46.9 |      -30.5 |     94 | digest\[254\]$_DFFE_PN0P_/D
    1204+ |       0 |      82 |       30 |      3 |    65 |    +0.4% |   -0.995 |      -46.9 |      -30.5 |     94 | digest\[254\]$_DFFE_PN0P_/D
    1205+ |       0 |      82 |       30 |      3 |    65 |    +0.4% |   -0.995 |      -46.9 |      -30.5 |     94 | digest\[254\]$_DFFE_PN0P_/D
    1206+ |       0 |      82 |       30 |      3 |    65 |    +0.4% |   -0.995 |      -46.9 |      -30.5 |     94 | digest\[254\]$_DFFE_PN0P_/D
    1210+ |       0 |      85 |       30 |      3 |    65 |    +0.4% |   -0.995 |      -46.9 |      -30.5 |     94 | digest\[254\]$_DFFE_PN0P_/D
    1212+ |       0 |      86 |       30 |      3 |    66 |    +0.4% |   -0.995 |      -46.9 |      -30.5 |     94 | digest\[254\]$_DFFE_PN0P_/D
    1213+ |       0 |      86 |       30 |      3 |    66 |    +0.4% |   -0.995 |      -46.9 |      -30.5 |     94 | digest\[254\]$_DFFE_PN0P_/D
    1215+ |       0 |      87 |       30 |      3 |    66 |    +0.4% |   -0.995 |      -46.9 |      -30.5 |     94 | digest\[254\]$_DFFE_PN0P_/D
    1216+ |       0 |      87 |       30 |      3 |    66 |    +0.4% |   -0.995 |      -46.9 |      -30.5 |     94 | digest\[254\]$_DFFE_PN0P_/D
    1219+ |       0 |      89 |       30 |      3 |    66 |    +0.4% |   -0.995 |      -47.1 |      -30.4 |     94 | digest\[254\]$_DFFE_PN0P_/D
    1220+ |       0 |      89 |       30 |      3 |    66 |    +0.4% |   -0.995 |      -47.1 |      -30.4 |     94 | digest\[254\]$_DFFE_PN0P_/D
    1220+ |       0 |      89 |       30 |      3 |    66 |    +0.4% |   -0.995 |      -47.1 |      -30.4 |     94 | digest\[254\]$_DFFE_PN0P_/D
    1222+ |       0 |      90 |       30 |      3 |    66 |    +0.4% |   -0.995 |      -47.1 |      -30.4 |     94 | digest\[254\]$_DFFE_PN0P_/D
    1223+ |       0 |      90 |       30 |      3 |    66 |    +0.4% |   -0.995 |      -47.1 |      -30.4 |     94 | digest\[254\]$_DFFE_PN0P_/D
    1224+ |       0 |      90 |       30 |      3 |    66 |    +0.4% |   -0.995 |      -47.1 |      -30.4 |     94 | digest\[254\]$_DFFE_PN0P_/D
    1226+ |       0 |      91 |       30 |      3 |    66 |    +0.4% |   -0.995 |      -47.1 |      -30.4 |     94 | digest\[254\]$_DFFE_PN0P_/D
    1230+ |       0 |      94 |       30 |      3 |    66 |    +0.4% |   -0.995 |      -47.1 |      -30.3 |     94 | digest\[254\]$_DFFE_PN0P_/D
    1230+ |       0 |      94 |       30 |      3 |    66 |    +0.4% |   -0.995 |      -47.1 |      -30.3 |     94 | digest\[254\]$_DFFE_PN0P_/D
    1231+ |       0 |      94 |       30 |      3 |    66 |    +0.4% |   -0.995 |      -47.1 |      -30.3 |     94 | digest\[254\]$_DFFE_PN0P_/D
    1232+ |       0 |      94 |       30 |      3 |    66 |    +0.4% |   -0.995 |      -47.1 |      -30.3 |     94 | digest\[254\]$_DFFE_PN0P_/D
    1233+ |       0 |      94 |       30 |      3 |    66 |    +0.4% |   -0.995 |      -47.1 |      -30.3 |     94 | digest\[254\]$_DFFE_PN0P_/D
    1234+ |       0 |      94 |       30 |      3 |    66 |    +0.4% |   -0.995 |      -47.1 |      -30.3 |     94 | digest\[254\]$_DFFE_PN0P_/D
    1236+ |       0 |      95 |       30 |      3 |    66 |    +0.4% |   -0.995 |      -47.1 |      -30.3 |     94 | digest\[254\]$_DFFE_PN0P_/D
    1237+ |       0 |      95 |       30 |      3 |    66 |    +0.4% |   -0.995 |      -47.1 |      -30.3 |     94 | digest\[254\]$_DFFE_PN0P_/D
    1240+ |       0 |      97 |       30 |      3 |    66 |    +0.4% |   -0.995 |      -47.1 |      -30.2 |     94 | digest\[254\]$_DFFE_PN0P_/D
    1240+ |       0 |      97 |       30 |      3 |    66 |    +0.4% |   -0.995 |      -47.1 |      -30.2 |     94 | digest\[254\]$_DFFE_PN0P_/D
    1241+ |       0 |      97 |       30 |      3 |    66 |    +0.4% |   -0.995 |      -47.1 |      -30.2 |     94 | digest\[254\]$_DFFE_PN0P_/D
    1243+ |       0 |      98 |       30 |      3 |    66 |    +0.4% |   -0.995 |      -47.1 |      -30.1 |     94 | digest\[254\]$_DFFE_PN0P_/D
    1245+ |       0 |      99 |       30 |      3 |    66 |    +0.4% |   -0.995 |      -47.1 |      -30.0 |     94 | digest\[254\]$_DFFE_PN0P_/D
    1246+ |       0 |      99 |       30 |      3 |    66 |    +0.4% |   -0.995 |      -47.1 |      -30.0 |     94 | digest\[254\]$_DFFE_PN0P_/D
    1248+ |       0 |     100 |       30 |      3 |    66 |    +0.4% |   -0.995 |      -47.1 |      -29.8 |     94 | digest\[254\]$_DFFE_PN0P_/D
    1250+ |       0 |     101 |       30 |      3 |    66 |    +0.4% |   -0.995 |      -47.1 |      -29.8 |     94 | digest\[254\]$_DFFE_PN0P_/D
    1251+ |       0 |     102 |       30 |      3 |    66 |    +0.4% |   -0.995 |      -47.1 |      -29.8 |     94 | digest\[254\]$_DFFE_PN0P_/D
    1256+ |       0 |     104 |       30 |      3 |    68 |    +0.4% |   -0.995 |      -47.1 |      -29.8 |     94 | digest\[254\]$_DFFE_PN0P_/D
    1257+ |       0 |     104 |       30 |      3 |    68 |    +0.4% |   -0.995 |      -47.1 |      -29.8 |     94 | digest\[254\]$_DFFE_PN0P_/D
    1259+ |       0 |     105 |       30 |      3 |    68 |    +0.4% |   -0.995 |      -47.1 |      -29.7 |     94 | digest\[254\]$_DFFE_PN0P_/D
    1260+ |       0 |     105 |       30 |      3 |    68 |    +0.4% |   -0.995 |      -47.1 |      -29.7 |     94 | digest\[254\]$_DFFE_PN0P_/D
    1260+ |       0 |     105 |       30 |      3 |    68 |    +0.4% |   -0.995 |      -47.1 |      -29.7 |     94 | digest\[254\]$_DFFE_PN0P_/D
    1261+ |       0 |     105 |       30 |      3 |    68 |    +0.4% |   -0.995 |      -47.1 |      -29.7 |     94 | digest\[254\]$_DFFE_PN0P_/D
    1262+ |       0 |     105 |       30 |      3 |    68 |    +0.4% |   -0.995 |      -47.1 |      -29.7 |     94 | digest\[254\]$_DFFE_PN0P_/D
    1269+ |       0 |     111 |       30 |      3 |    68 |    +0.4% |   -0.995 |      -46.2 |      -29.5 |     94 | digest\[254\]$_DFFE_PN0P_/D
    1270+ |       0 |     111 |       30 |      3 |    68 |    +0.4% |   -0.995 |      -46.2 |      -29.5 |     94 | digest\[254\]$_DFFE_PN0P_/D
    1273+ |       0 |     113 |       30 |      3 |    69 |    +0.4% |   -0.995 |      -46.2 |      -29.5 |     94 | digest\[254\]$_DFFE_PN0P_/D
    1274+ |       0 |     113 |       30 |      3 |    69 |    +0.4% |   -0.995 |      -46.2 |      -29.5 |     94 | digest\[254\]$_DFFE_PN0P_/D
    1275+ |       0 |     113 |       30 |      3 |    69 |    +0.4% |   -0.995 |      -46.2 |      -29.5 |     94 | digest\[254\]$_DFFE_PN0P_/D
    1276+ |       0 |     113 |       30 |      3 |    69 |    +0.4% |   -0.995 |      -46.2 |      -29.5 |     94 | digest\[254\]$_DFFE_PN0P_/D
    1278+ |       0 |     114 |       30 |      3 |    69 |    +0.4% |   -0.995 |      -46.2 |      -29.4 |     94 | digest\[254\]$_DFFE_PN0P_/D
    1279+ |       0 |     114 |       30 |      3 |    69 |    +0.4% |   -0.995 |      -46.2 |      -29.4 |     94 | digest\[254\]$_DFFE_PN0P_/D
    1280+ |       0 |     114 |       30 |      3 |    69 |    +0.4% |   -0.995 |      -46.2 |      -29.4 |     94 | digest\[254\]$_DFFE_PN0P_/D
    1281+ |       0 |     115 |       30 |      3 |    69 |    +0.4% |   -0.995 |      -46.2 |      -29.4 |     94 | digest\[254\]$_DFFE_PN0P_/D
    1282+ |       0 |     115 |       30 |      3 |    69 |    +0.4% |   -0.995 |      -46.2 |      -29.4 |     94 | digest\[254\]$_DFFE_PN0P_/D
    1283+ |       0 |     115 |       30 |      3 |    69 |    +0.4% |   -0.995 |      -46.2 |      -29.4 |     94 | digest\[254\]$_DFFE_PN0P_/D
    1284+ |       0 |     115 |       30 |      3 |    69 |    +0.4% |   -0.995 |      -46.2 |      -29.4 |     94 | digest\[254\]$_DFFE_PN0P_/D
    1285+ |       0 |     115 |       30 |      3 |    69 |    +0.4% |   -0.995 |      -46.2 |      -29.4 |     94 | digest\[254\]$_DFFE_PN0P_/D
    1286+ |       0 |     115 |       30 |      3 |    69 |    +0.4% |   -0.995 |      -46.2 |      -29.4 |     94 | digest\[254\]$_DFFE_PN0P_/D
    1287+ |       0 |     115 |       30 |      3 |    69 |    +0.4% |   -0.995 |      -46.2 |      -29.4 |     94 | digest\[254\]$_DFFE_PN0P_/D
    1289+ |       0 |     116 |       30 |      3 |    69 |    +0.4% |   -0.995 |      -46.2 |      -29.3 |     94 | digest\[254\]$_DFFE_PN0P_/D
    1290+ |       0 |     116 |       30 |      3 |    69 |    +0.4% |   -0.995 |      -46.2 |      -29.3 |     94 | digest\[254\]$_DFFE_PN0P_/D
    1291+ |       0 |     117 |       30 |      3 |    69 |    +0.4% |   -0.995 |      -46.2 |      -29.3 |     94 | digest\[254\]$_DFFE_PN0P_/D
    1295+ |       0 |     120 |       30 |      3 |    69 |    +0.4% |   -0.995 |      -46.2 |      -29.2 |     94 | digest\[254\]$_DFFE_PN0P_/D
    1296+ |       0 |     120 |       30 |      3 |    69 |    +0.4% |   -0.995 |      -46.2 |      -29.2 |     94 | digest\[254\]$_DFFE_PN0P_/D
    1297+ |       0 |     120 |       30 |      3 |    69 |    +0.4% |   -0.995 |      -46.2 |      -29.2 |     94 | digest\[254\]$_DFFE_PN0P_/D
    1298+ |       0 |     120 |       30 |      3 |    69 |    +0.4% |   -0.995 |      -46.2 |      -29.2 |     94 | digest\[254\]$_DFFE_PN0P_/D
    1299+ |       0 |     120 |       30 |      3 |    69 |    +0.4% |   -0.995 |      -46.2 |      -29.2 |     94 | digest\[254\]$_DFFE_PN0P_/D
    1300+ |       0 |     120 |       30 |      3 |    69 |    +0.4% |   -0.995 |      -46.2 |      -29.2 |     94 | digest\[254\]$_DFFE_PN0P_/D
    1301+ |       0 |     120 |       30 |      3 |    69 |    +0.4% |   -0.995 |      -46.2 |      -29.2 |     94 | digest\[254\]$_DFFE_PN0P_/D
    1303+ |       0 |     121 |       30 |      3 |    69 |    +0.4% |   -0.995 |      -46.2 |      -29.2 |     94 | digest\[254\]$_DFFE_PN0P_/D
    1304+ |       0 |     121 |       30 |      3 |    69 |    +0.4% |   -0.995 |      -46.2 |      -29.2 |     94 | digest\[254\]$_DFFE_PN0P_/D
    1307+ |       0 |     121 |       30 |      3 |    71 |    +0.4% |   -0.995 |      -46.2 |      -29.2 |     94 | digest\[254\]$_DFFE_PN0P_/D
    1308+ |       0 |     121 |       30 |      3 |    71 |    +0.4% |   -0.995 |      -46.2 |      -29.2 |     94 | digest\[254\]$_DFFE_PN0P_/D
    1310+ |       0 |     122 |       30 |      3 |    71 |    +0.5% |   -0.995 |      -46.2 |      -29.2 |     94 | digest\[254\]$_DFFE_PN0P_/D
    1314+ |       0 |     123 |       30 |      3 |    74 |    +0.5% |   -0.995 |      -46.2 |      -29.2 |     94 | digest\[254\]$_DFFE_PN0P_/D
    1319+ |       0 |     126 |       30 |      3 |    75 |    +0.5% |   -0.995 |      -46.2 |      -29.2 |     94 | digest\[254\]$_DFFE_PN0P_/D
    1320+ |       0 |     126 |       30 |      3 |    75 |    +0.5% |   -0.995 |      -46.2 |      -29.2 |     94 | digest\[254\]$_DFFE_PN0P_/D
    1320+ |       0 |     126 |       30 |      3 |    75 |    +0.5% |   -0.995 |      -46.2 |      -29.2 |     94 | digest\[254\]$_DFFE_PN0P_/D
    1328+ |       0 |     132 |       30 |      3 |    76 |    +0.5% |   -0.995 |      -46.2 |      -29.2 |     94 | digest\[254\]$_DFFE_PN0P_/D
    1330+ |       0 |     133 |       30 |      3 |    76 |    +0.5% |   -0.995 |      -46.2 |      -29.2 |     94 | digest\[254\]$_DFFE_PN0P_/D
    1331+ |       0 |     133 |       30 |      3 |    77 |    +0.5% |   -0.995 |      -46.2 |      -29.2 |     94 | digest\[254\]$_DFFE_PN0P_/D
    1333+ |       0 |     134 |       30 |      3 |    77 |    +0.5% |   -0.995 |      -46.2 |      -29.2 |     94 | digest\[254\]$_DFFE_PN0P_/D
    1336+ |       0 |     135 |       30 |      3 |    78 |    +0.5% |   -0.995 |      -46.2 |      -29.2 |     94 | digest\[254\]$_DFFE_PN0P_/D
    1337+ |       0 |     135 |       30 |      3 |    78 |    +0.5% |   -0.995 |      -46.2 |      -29.2 |     94 | digest\[254\]$_DFFE_PN0P_/D
    1338+ |       0 |     135 |       30 |      3 |    78 |    +0.5% |   -0.995 |      -46.2 |      -29.2 |     94 | digest\[254\]$_DFFE_PN0P_/D
    1339+ |       0 |     135 |       30 |      3 |    78 |    +0.5% |   -0.995 |      -46.2 |      -29.2 |     94 | digest\[254\]$_DFFE_PN0P_/D
    1340+ |       0 |     135 |       30 |      3 |    78 |    +0.5% |   -0.995 |      -46.2 |      -29.2 |     94 | digest\[254\]$_DFFE_PN0P_/D
    1345+ |       0 |     139 |       30 |      3 |    79 |    +0.5% |   -0.995 |      -46.2 |      -29.1 |     94 | digest\[254\]$_DFFE_PN0P_/D
    1347+ |       0 |     140 |       30 |      3 |    79 |    +0.5% |   -0.995 |      -46.2 |      -29.1 |     94 | digest\[254\]$_DFFE_PN0P_/D
    1350+ |       0 |     141 |       30 |      3 |    80 |    +0.5% |   -0.995 |      -46.2 |      -29.1 |     94 | digest\[254\]$_DFFE_PN0P_/D
    1352+ |       0 |     141 |       30 |      3 |    82 |    +0.5% |   -0.995 |      -46.2 |      -29.1 |     94 | digest\[254\]$_DFFE_PN0P_/D
    1353+ |       0 |     141 |       30 |      3 |    82 |    +0.5% |   -0.995 |      -46.2 |      -29.1 |     94 | digest\[254\]$_DFFE_PN0P_/D
    1355+ |       0 |     142 |       30 |      3 |    82 |    +0.5% |   -0.995 |      -46.2 |      -29.1 |     94 | digest\[254\]$_DFFE_PN0P_/D
    1356+ |       0 |     142 |       30 |      3 |    82 |    +0.5% |   -0.995 |      -46.2 |      -29.1 |     94 | digest\[254\]$_DFFE_PN0P_/D
    1359+ |       0 |     144 |       30 |      3 |    82 |    +0.5% |   -0.995 |      -46.2 |      -29.1 |     94 | digest\[254\]$_DFFE_PN0P_/D
    1360+ |       0 |     144 |       30 |      3 |    82 |    +0.5% |   -0.995 |      -46.2 |      -29.1 |     94 | digest\[254\]$_DFFE_PN0P_/D
    1360+ |       0 |     144 |       30 |      3 |    82 |    +0.5% |   -0.995 |      -46.2 |      -29.1 |     94 | digest\[254\]$_DFFE_PN0P_/D
    1361+ |       0 |     144 |       30 |      3 |    82 |    +0.5% |   -0.995 |      -46.2 |      -29.1 |     94 | digest\[254\]$_DFFE_PN0P_/D
    1363+ |       0 |     145 |       30 |      3 |    82 |    +0.5% |   -0.995 |      -46.2 |      -29.1 |     94 | digest\[254\]$_DFFE_PN0P_/D
    1370+ |       0 |     149 |       30 |      3 |    84 |    +0.5% |   -0.995 |      -46.2 |      -29.1 |     94 | digest\[254\]$_DFFE_PN0P_/D
    1372+ |       0 |     151 |       30 |      3 |    84 |    +0.5% |   -0.995 |      -46.2 |      -29.1 |     94 | digest\[254\]$_DFFE_PN0P_/D
    1374+ |       0 |     151 |       30 |      3 |    85 |    +0.5% |   -0.995 |      -46.2 |      -29.1 |     94 | digest\[254\]$_DFFE_PN0P_/D
    1380+ |       0 |     154 |       30 |      3 |    87 |    +0.5% |   -0.995 |      -46.2 |      -29.1 |     94 | digest\[254\]$_DFFE_PN0P_/D
    1383+ |       0 |     156 |       30 |      3 |    88 |    +0.5% |   -0.995 |      -46.2 |      -29.1 |     94 | digest\[254\]$_DFFE_PN0P_/D
    1387+ |       0 |     159 |       30 |      3 |    88 |    +0.5% |   -0.995 |      -46.2 |      -29.1 |     94 | digest\[254\]$_DFFE_PN0P_/D
    1388+ |       0 |     159 |       30 |      3 |    88 |    +0.5% |   -0.995 |      -46.2 |      -29.1 |     94 | digest\[254\]$_DFFE_PN0P_/D
    1390+ |       0 |     160 |       30 |      3 |    88 |    +0.5% |   -0.995 |      -46.2 |      -29.1 |     94 | digest\[254\]$_DFFE_PN0P_/D
    1393+ |       0 |     162 |       30 |      3 |    89 |    +0.5% |   -0.995 |      -46.2 |      -29.1 |     94 | digest\[254\]$_DFFE_PN0P_/D
    1400+ |       0 |     167 |       30 |      3 |    90 |    +0.6% |   -0.995 |      -46.2 |      -29.1 |     94 | digest\[254\]$_DFFE_PN0P_/D
    final |       0 |     167 |       30 |      3 |    90 |    +0.6% |   -0.995 |      -46.2 |      -29.1 |     92 | digest\[254\]$_DFFE_PN0P_/D
------------------------------------------------------------------------------------------------------------------------------
[INFO RSZ-0040] Inserted 30 buffers.
[INFO RSZ-0051] Resized 167 instances: 167 up, 0 up match, 0 down, 0 VT
[INFO RSZ-0043] Swapped pins on 90 instances.
[INFO RSZ-0049] Cloned 3 instances.
[WARNING RSZ-0062] Unable to repair all setup violations.
[INFO RSZ-0505] Runtime: 61.48s
[INFO RSZ-0033] No hold violations found.
[INFO RSZ-0506] Runtime: 0.07s
Took 62 seconds: repair_timing -setup_margin 1 -hold_margin 0 -repair_tns 100 -verbose
global_route -start_incremental
detailed_placement
[INFO DPL-0006] Core area: 366373.88 um^2
[INFO DPL-0007] Movable instances area: 201729.72 um^2
[INFO DPL-0008] Fixed instances area within core: 6025.78 um^2
[INFO DPL-0009] Utilization: 56.7%
[INFO DPL-0005] Diamond search max displacement: +/- 500 sites horizontally, +/- 100 rows vertically.
[INFO DPL-1102] Legalizing using negotiation legalizer.
[INFO DPL-1103] Negotiation base search window: +/-20 sites horizontally, +/-5 rows vertically 
	Automatic search window extension enabled.
	Search window extendable up to the max displacement cap of +/-500 sites, +/-100 rows near walls.
[INFO DPL-1104] NegotiationLegalizer DRC penalty: 5.
[INFO DPL-0392] Negotiation cell height distribution (1 unique row-count(s)):
[INFO DPL-0393]   height 1 row(s): 21890 cells
          |      Total |  Illegal |  Illegal
Iteration | Violations |    Cells |    Sites
---------------------------------------------
        0 |        137 |        35 |       102
        1 |         32 |         8 |        24
        2 |          0 |         0 |         0
Negotiation phase 1 converged at iteration 2.
[INFO DPL-0500] Runtime: 0.11s
Placement Analysis
---------------------------------
total displacement        795.5 u
average displacement        0.0 u
max displacement           22.3 u
original HPWL          615997.2 u
legalized HPWL         617109.3 u
delta HPWL                    0 %

check_placement -verbose
global_route -end_incremental -congestion_report_file ./reports/sky130hd/chia_sha256_benchmark_corrupted/slot1/congestion_post_repair_timing.rpt
estimate_parasitics -global_routing
repair_timing -setup -sequence "vt_swap reroute" -skip_last_gasp -repair_tns 0 -verbose -setup_margin 1
[INFO RSZ-0100] Repair move sequence: RerouteMove 
[INFO RSZ-0094] Found 92 endpoints with setup violations.
[INFO RSZ-0099] Repairing 1 out of 92 (0.00%) violating endpoints...
   Iter   | Removed | Resized | Inserted | Cloned |  Pin  |   Area   |    WNS   |   StTNS    |   EnTNS    |  Viol  |  Worst  
          | Buffers |  Gates  | Buffers  |  Gates | Swaps |          |          |            |            | Endpts | St/EnPt 
------------------------------------------------------------------------------------------------------------------------------
       0* |       0 |       0 |        0 |      0 |     0 |    +0.0% |   -1.004 |      -52.4 |      -29.9 |     92 | digest\[254\]$_DFFE_PN0P_/D
      10* |       0 |       0 |        0 |      0 |     0 |    +0.0% |   -1.001 |      -52.1 |      -29.8 |     92 | digest\[254\]$_DFFE_PN0P_/D
      13* |       0 |       0 |        0 |      0 |     0 |    +0.0% |   -1.001 |      -52.1 |      -29.8 |     92 | digest\[254\]$_DFFE_PN0P_/D
      13* |       0 |       0 |        0 |      0 |     0 |    +0.0% |   -1.001 |      -52.1 |      -29.8 |     92 | digest\[254\]$_DFFE_PN0P_/D
    final |       0 |       0 |        0 |      0 |     0 |    +0.0% |   -1.001 |      -52.1 |      -29.8 |     92 | digest\[254\]$_DFFE_PN0P_/D
------------------------------------------------------------------------------------------------------------------------------
[INFO RSZ-0053] Rerouted 7 nets resistance-aware.
[WARNING RSZ-0062] Unable to repair all setup violations.
[INFO RSZ-0505] Runtime: 0.87s
Repair antennas...
[INFO GRT-0012] Found 85 antenna violations.
[INFO GRT-0302] Inserted 82 jumpers for 67 nets.
[INFO GRT-0012] Found 19 antenna violations.
[INFO DPL-0006] Core area: 366373.88 um^2
[INFO DPL-0007] Movable instances area: 201449.46 um^2
[INFO DPL-0008] Fixed instances area within core: 6368.61 um^2
[INFO DPL-0009] Utilization: 56.7%
[INFO DPL-0005] Diamond search max displacement: +/- 500 sites horizontally, +/- 100 rows vertically.
[INFO DPL-1102] Legalizing using negotiation legalizer.
[INFO DPL-1103] Negotiation base search window: +/-20 sites horizontally, +/-5 rows vertically 
	Automatic search window extension enabled.
	Search window extendable up to the max displacement cap of +/-500 sites, +/-100 rows near walls.
[INFO DPL-1104] NegotiationLegalizer DRC penalty: 5.
[INFO DPL-0392] Negotiation cell height distribution (1 unique row-count(s)):
[INFO DPL-0393]   height 1 row(s): 21915 cells
          |      Total |  Illegal |  Illegal
Iteration | Violations |    Cells |    Sites
---------------------------------------------
        0 |          0 |         0 |         0
Negotiation phase 1 converged at iteration 0.
[INFO DPL-0500] Runtime: 0.08s
[INFO GRT-0015] Inserted 25 diodes.
[INFO GRT-0012] Found 1 antenna violations.
[INFO GRT-0302] Inserted 1 jumpers for 1 nets.
[INFO GRT-0012] Found 0 antenna violations.
[INFO ANT-0002] Found 0 net violations.
[INFO ANT-0001] Found 0 pin violations.
Estimate parasitics...
estimate_parasitics -global_routing
Report metrics stage 5, global route...

==========================================================================
global route report_design_area
--------------------------------------------------------------------------
Design area 207818 um^2 57% utilization.
[INFO FLW-0007] clock core_clock period 12.000000
[WARNING FLW-0010] more than one clock found. Skipping sdc update.
[INFO FLW-0011] Path endpoint path count 5673
write_db ./results/sky130hd/chia_sha256_benchmark_corrupted/slot1/5_1_grt.odb
write_sdc -no_timestamp ./results/sky130hd/chia_sha256_benchmark_corrupted/slot1/5_1_grt.sdc
Log                       Ext     Elapsed/s Peak Memory/MB sha1sum result [0:20)
5_1_grt                   .odb          305            603 9d2abc3039823e694a3d
5_1_grt                   .sdc                             82e8b31ac0c96ea5020a
/root/OpenROAD-flow-scripts/flow/scripts/flow.sh 5_2_route detail_route
Running detail_route.tcl, stage 5_2_route
read_liberty /root/OpenROAD-flow-scripts/flow/platforms/sky130hd/lib/sky130_fd_sc_hd__tt_025C_1v80.lib
read_db ./results/sky130hd/chia_sha256_benchmark_corrupted/slot1/5_1_grt.odb
read_sdc ./results/sky130hd/chia_sha256_benchmark_corrupted/slot1/5_1_grt.sdc
source /root/OpenROAD-flow-scripts/flow/platforms/sky130hd/setRC.tcl
[WARNING STA-0450] virtual clock vclk can not be propagated.
detailed_route -output_drc ./reports/sky130hd/chia_sha256_benchmark_corrupted/slot1/5_route_drc.rpt -output_maze ./results/sky130hd/chia_sha256_benchmark_corrupted/slot1/maze.log -droute_end_iter 64 -verbose 1 -drc_report_iter_step 5
[INFO DRT-0149] Reading tech and libs.
[WARNING DRT-0349] LEF58_ENCLOSURE with no CUTCLASS is not supported. Skipping for layer mcon
[WARNING DRT-0349] LEF58_ENCLOSURE with no CUTCLASS is not supported. Skipping for layer mcon
[WARNING DRT-0349] LEF58_ENCLOSURE with no CUTCLASS is not supported. Skipping for layer via
[WARNING DRT-0349] LEF58_ENCLOSURE with no CUTCLASS is not supported. Skipping for layer via
[WARNING DRT-0349] LEF58_ENCLOSURE with no CUTCLASS is not supported. Skipping for layer via2
[WARNING DRT-0349] LEF58_ENCLOSURE with no CUTCLASS is not supported. Skipping for layer via2
[WARNING DRT-0349] LEF58_ENCLOSURE with no CUTCLASS is not supported. Skipping for layer via3
[WARNING DRT-0349] LEF58_ENCLOSURE with no CUTCLASS is not supported. Skipping for layer via3
[WARNING DRT-0349] LEF58_ENCLOSURE with no CUTCLASS is not supported. Skipping for layer via4
[WARNING DRT-0349] LEF58_ENCLOSURE with no CUTCLASS is not supported. Skipping for layer via4

Units:                1000
Number of layers:     13
Number of macros:     441
Number of vias:       29
Number of viarulegen: 25

[INFO DRT-0150] Reading design.
[WARNING DRT-0120] Large net net5013 has 114 pins which may impact routing performance. Consider optimization.
[WARNING DRT-0120] Large net net5012 has 101 pins which may impact routing performance. Consider optimization.
[WARNING DRT-0120] Large net net5438 has 129 pins which may impact routing performance. Consider optimization.
[WARNING DRT-0120] Large net net5437 has 118 pins which may impact routing performance. Consider optimization.
[WARNING DRT-0120] Large net net5685 has 104 pins which may impact routing performance. Consider optimization.
[WARNING DRT-0120] Large net net5686 has 103 pins which may impact routing performance. Consider optimization.
[WARNING DRT-0120] Large net net6183 has 131 pins which may impact routing performance. Consider optimization.
[WARNING DRT-0120] Large net net6181 has 126 pins which may impact routing performance. Consider optimization.
[WARNING DRT-0120] Large net net6177 has 129 pins which may impact routing performance. Consider optimization.
[WARNING DRT-0120] Large net net6176 has 171 pins which may impact routing performance. Consider optimization.
[WARNING DRT-0120] Large net net6166 has 104 pins which may impact routing performance. Consider optimization.
[WARNING DRT-0120] Large net net6165 has 136 pins which may impact routing performance. Consider optimization.
[WARNING DRT-0120] Large net net6156 has 131 pins which may impact routing performance. Consider optimization.
[WARNING DRT-0120] Large net net6155 has 151 pins which may impact routing performance. Consider optimization.

Design:                   sha256
Die area:                 ( 0 0 ) ( 609240 609240 )
Number of track patterns: 12
Number of DEF vias:       0
Number of components:     21915
Number of terminals:      774
Number of snets:          2
Number of nets:           17675

[INFO DRT-0167] List of default vias:
  Layer via
    default via: M1M2_PR
  Layer via2
    default via: M2M3_PR
  Layer via3
    default via: M3M4_PR
  Layer via4
    default via: M4M5_PR
[INFO DRT-0162] Library cell analysis.
[INFO DRT-0163] Instance analysis.
[INFO DRT-0164] Number of unique instances = 270.
[INFO DRT-0168] Init region query.
[INFO DRT-0024]   Complete FR_MASTERSLICE.
[INFO DRT-0024]   Complete Fr_VIA.
[INFO DRT-0024]   Complete li1.
[INFO DRT-0024]   Complete mcon.
[INFO DRT-0024]   Complete met1.
[INFO DRT-0024]   Complete via.
[INFO DRT-0024]   Complete met2.
[INFO DRT-0024]   Complete via2.
[INFO DRT-0024]   Complete met3.
[INFO DRT-0024]   Complete via3.
[INFO DRT-0024]   Complete met4.
[INFO DRT-0024]   Complete via4.
[INFO DRT-0024]   Complete met5.
[INFO DRT-0033] FR_MASTERSLICE shape region query size = 0.
[INFO DRT-0033] FR_VIA shape region query size = 0.
[INFO DRT-0033] li1 shape region query size = 626836.
[INFO DRT-0033] mcon shape region query size = 372588.
[INFO DRT-0033] met1 shape region query size = 116156.
[INFO DRT-0033] via shape region query size = 24530.
[INFO DRT-0033] met2 shape region query size = 15197.
[INFO DRT-0033] via2 shape region query size = 19624.
[INFO DRT-0033] met3 shape region query size = 15011.
[INFO DRT-0033] via3 shape region query size = 19624.
[INFO DRT-0033] met4 shape region query size = 5918.
[INFO DRT-0033] via4 shape region query size = 968.
[INFO DRT-0033] met5 shape region query size = 1056.
[INFO DRT-0165] Start pin access.
[INFO DRT-0076]   Complete 1000 pins.
[INFO DRT-0076]   Complete 2000 pins.
[INFO DRT-0078]   Complete 2161 pins.
[INFO DRT-0079]   Complete 100 unique inst patterns.
[INFO DRT-0079]   Complete 200 unique inst patterns.
[INFO DRT-0081]   Complete 270 unique inst patterns.
[INFO DRT-0082]   Complete 10000 groups.
[INFO DRT-0084]   Complete 11903 groups.
#scanned instances     = 21915
#unique  instances     = 270
#stdCellGenAp          = 10128
#stdCellValidPlanarAp  = 170
#stdCellValidViaAp     = 6465
#stdCellPinNoAp        = 10
#stdCellPinCnt         = 64015
#instTermValidViaApCnt = 0
#macroGenAp            = 0
#macroValidPlanarAp    = 0
#macroValidViaAp       = 0
#macroNoAp             = 0
[INFO DRT-0166] Complete pin access.
[INFO DRT-0267] cpu time = 00:03:04, elapsed time = 00:03:04, memory = 416.10 (MB), peak = 431.34 (MB)
[INFO DRT-0156] guideIn read 100000 guides.

[INFO DRT-0157] Number of guides:     159078

[INFO DRT-0169] Post process guides.
[INFO DRT-0176] GCELLGRID X 0 DO 88 STEP 6900 ;
[INFO DRT-0177] GCELLGRID Y 0 DO 88 STEP 6900 ;
[INFO DRT-0026]   Complete 100000 origin guides.
[INFO DRT-0028]   Complete FR_MASTERSLICE.
[INFO DRT-0028]   Complete Fr_VIA.
[INFO DRT-0028]   Complete li1.
[INFO DRT-0028]   Complete mcon.
[INFO DRT-0028]   Complete met1.
[INFO DRT-0028]   Complete via.
[INFO DRT-0028]   Complete met2.
[INFO DRT-0028]   Complete via2.
[INFO DRT-0028]   Complete met3.
[INFO DRT-0028]   Complete via3.
[INFO DRT-0028]   Complete met4.
[INFO DRT-0028]   Complete via4.
[INFO DRT-0028]   Complete met5.
[INFO DRT-0178] Init guide query.
[INFO DRT-0035]   Complete FR_MASTERSLICE (guide).
[INFO DRT-0035]   Complete Fr_VIA (guide).
[INFO DRT-0035]   Complete li1 (guide).
[INFO DRT-0035]   Complete mcon (guide).
[INFO DRT-0035]   Complete met1 (guide).
[INFO DRT-0035]   Complete via (guide).
[INFO DRT-0035]   Complete met2 (guide).
[INFO DRT-0035]   Complete via2 (guide).
[INFO DRT-0035]   Complete met3 (guide).
[INFO DRT-0035]   Complete via3 (guide).
[INFO DRT-0035]   Complete met4 (guide).
[INFO DRT-0035]   Complete via4 (guide).
[INFO DRT-0035]   Complete met5 (guide).
[INFO DRT-0036] FR_MASTERSLICE guide region query size = 0.
[INFO DRT-0036] FR_VIA guide region query size = 0.
[INFO DRT-0036] li1 guide region query size = 49140.
[INFO DRT-0036] mcon guide region query size = 0.
[INFO DRT-0036] met1 guide region query size = 47107.
[INFO DRT-0036] via guide region query size = 0.
[INFO DRT-0036] met2 guide region query size = 24996.
[INFO DRT-0036] via2 guide region query size = 0.
[INFO DRT-0036] met3 guide region query size = 3144.
[INFO DRT-0036] via3 guide region query size = 0.
[INFO DRT-0036] met4 guide region query size = 1467.
[INFO DRT-0036] via4 guide region query size = 0.
[INFO DRT-0036] met5 guide region query size = 45.
[INFO DRT-0179] Init gr pin query.
[INFO DRT-0267] cpu time = 00:00:00, elapsed time = 00:00:00, memory = 471.79 (MB), peak = 471.79 (MB)
[INFO DRT-0245] skipped writing guide updates to database.
[INFO DRT-0181] Start track assignment.
[INFO DRT-0184] Done with 75603 vertical wires in 2 frboxes and 50296 horizontal wires in 2 frboxes.
[INFO DRT-0186] Done with 11114 vertical wires in 2 frboxes and 18199 horizontal wires in 2 frboxes.
[INFO DRT-0182] Complete track assignment.
[INFO DRT-0267] cpu time = 00:00:05, elapsed time = 00:00:05, memory = 649.91 (MB), peak = 649.91 (MB)
[INFO DRT-0187] Start routing data preparation.
[INFO DRT-0267] cpu time = 00:00:00, elapsed time = 00:00:00, memory = 649.91 (MB), peak = 649.91 (MB)
[INFO DRT-0194] Start detail routing.
[INFO DRT-0195] Start 0th optimization iteration.
    Completing 10% with 0 violations.
    elapsed time = 00:00:23, memory = 743.67 (MB).
    Completing 20% with 0 violations.
    elapsed time = 00:01:03, memory = 1041.61 (MB).
    Completing 30% with 4210 violations.
    elapsed time = 00:01:31, memory = 1205.70 (MB).
    Completing 40% with 4210 violations.
    elapsed time = 00:02:17, memory = 1205.70 (MB).
    Completing 50% with 4210 violations.
    elapsed time = 00:03:21, memory = 1219.69 (MB).
    Completing 60% with 8592 violations.
    elapsed time = 00:03:47, memory = 1286.01 (MB).
    Completing 70% with 8592 violations.
    elapsed time = 00:04:30, memory = 1286.83 (MB).
    Completing 80% with 12887 violations.
    elapsed time = 00:05:17, memory = 1298.83 (MB).
    Completing 90% with 12887 violations.
    elapsed time = 00:06:30, memory = 1275.32 (MB).
    Completing 100% with 17717 violations.
    elapsed time = 00:07:43, memory = 1320.30 (MB).
[INFO DRT-0199]   Number of violations = 20515.
Viol/Layer         li1   mcon   met1    via   met2   met3   met4   via4   met5
Cut Spacing          0     46      0      3      0      0      0      1      0
Metal Spacing        0      0   2380      0   1025     16      6      0      0
Min Hole             0      0     24      0      0      0      0      0      0
Recheck             15      0   1790      0    839     65     89      0      0
Short                0      3  12058     42   2089      6     16      0      2
[INFO DRT-0267] cpu time = 00:07:44, elapsed time = 00:07:44, memory = 1350.11 (MB), peak = 1357.35 (MB)
Total wire length = 825374 um.
Total wire length on LAYER li1 = 0 um.
Total wire length on LAYER met1 = 328303 um.
Total wire length on LAYER met2 = 348526 um.
Total wire length on LAYER met3 = 60328 um.
Total wire length on LAYER met4 = 87824 um.
Total wire length on LAYER met5 = 391 um.
Total number of vias = 146021.
Up-via summary (total 146021):

-------------------------
 FR_MASTERSLICE         0
            li1     59993
           met1     77340
           met2      6002
           met3      2624
           met4        62
-------------------------
               146021


[INFO DRT-0195] Start 1st optimization iteration.
    Completing 10% with 20515 violations.
    elapsed time = 00:00:20, memory = 1336.04 (MB).
    Completing 20% with 20515 violations.
    elapsed time = 00:01:00, memory = 1310.28 (MB).
    Completing 30% with 18455 violations.
    elapsed time = 00:01:34, memory = 1347.91 (MB).
    Completing 40% with 18455 violations.
    elapsed time = 00:02:11, memory = 1331.40 (MB).
    Completing 50% with 18455 violations.
    elapsed time = 00:03:18, memory = 1336.73 (MB).
    Completing 60% with 15897 violations.
    elapsed time = 00:03:48, memory = 1333.95 (MB).
    Completing 70% with 15897 violations.
    elapsed time = 00:04:25, memory = 1358.60 (MB).
    Completing 80% with 13873 violations.
    elapsed time = 00:05:04, memory = 1344.20 (MB).
    Completing 90% with 13873 violations.
    elapsed time = 00:06:02, memory = 1333.75 (MB).
    Completing 100% with 11685 violations.
    elapsed time = 00:06:56, memory = 1339.60 (MB).
[INFO DRT-0199]   Number of violations = 11691.
Viol/Layer        mcon   met1    via   met2   met3   met4
Cut Spacing         30      0      1      0      0      0
Metal Spacing        0   1434      0    437      4      3
Min Hole             0      1      0      0      0      0
Recheck              0      5      0      1      0      0
Short                0   8838      1    928      2      6
[INFO DRT-0267] cpu time = 00:06:57, elapsed time = 00:06:57, memory = 1353.10 (MB), peak = 1387.54 (MB)
Total wire length = 817192 um.
Total wire length on LAYER li1 = 0 um.
Total wire length on LAYER met1 = 322734 um.
Total wire length on LAYER met2 = 344891 um.
Total wire length on LAYER met3 = 61613 um.
Total wire length on LAYER met4 = 87617 um.
Total wire length on LAYER met5 = 335 um.
Total number of vias = 144124.
Up-via summary (total 144124):

-------------------------
 FR_MASTERSLICE         0
            li1     59945
           met1     75693
           met2      5889
           met3      2543
           met4        54
-------------------------
               144124


[INFO DRT-0195] Start 2nd optimization iteration.
    Completing 10% with 11691 violations.
    elapsed time = 00:00:23, memory = 1344.05 (MB).
    Completing 20% with 11691 violations.
    elapsed time = 00:01:21, memory = 1345.06 (MB).
    Completing 30% with 11535 violations.
    elapsed time = 00:01:51, memory = 1322.73 (MB).
    Completing 40% with 11535 violations.
    elapsed time = 00:02:35, memory = 1341.21 (MB).
    Completing 50% with 11535 violations.
    elapsed time = 00:03:26, memory = 1336.18 (MB).
    Completing 60% with 11233 violations.
    elapsed time = 00:04:01, memory = 1360.63 (MB).
    Completing 70% with 11233 violations.
    elapsed time = 00:04:56, memory = 1332.53 (MB).
    Completing 80% with 11117 violations.
    elapsed time = 00:05:16, memory = 1332.80 (MB).
    Completing 90% with 11117 violations.
    elapsed time = 00:06:06, memory = 1340.90 (MB).
    Completing 100% with 10809 violations.
    elapsed time = 00:06:38, memory = 1330.50 (MB).
[INFO DRT-0199]   Number of violations = 10809.
Viol/Layer        mcon   met1   met2   met3   met4
Cut Spacing         26      0      0      0      0
Metal Spacing        0   1309    411     10      3
Min Hole             0      1      0      0      0
Short                0   8188    851      8      2
[INFO DRT-0267] cpu time = 00:06:39, elapsed time = 00:06:39, memory = 1352.07 (MB), peak = 1396.41 (MB)
Total wire length = 815340 um.
Total wire length on LAYER li1 = 0 um.
Total wire length on LAYER met1 = 321498 um.
Total wire length on LAYER met2 = 344640 um.
Total wire length on LAYER met3 = 61336 um.
Total wire length on LAYER met4 = 87498 um.
Total wire length on LAYER met5 = 366 um.
Total number of vias = 143536.
Up-via summary (total 143536):

-------------------------
 FR_MASTERSLICE         0
            li1     59961
           met1     75145
           met2      5849
           met3      2525
           met4        56
-------------------------
               143536


[INFO DRT-0195] Start 3rd optimization iteration.
    Completing 10% with 10809 violations.
    elapsed time = 00:00:15, memory = 1320.19 (MB).
    Completing 20% with 10809 violations.
    elapsed time = 00:00:51, memory = 1334.69 (MB).
    Completing 30% with 8830 violations.
    elapsed time = 00:01:10, memory = 1335.86 (MB).
    Completing 40% with 8830 violations.
    elapsed time = 00:01:50, memory = 1341.55 (MB).
    Completing 50% with 8830 violations.
    elapsed time = 00:02:35, memory = 1337.40 (MB).
    Completing 60% with 6371 violations.
    elapsed time = 00:02:52, memory = 1348.16 (MB).
    Completing 70% with 6371 violations.
    elapsed time = 00:03:23, memory = 1341.69 (MB).
    Completing 80% with 3999 violations.
    elapsed time = 00:03:55, memory = 1337.76 (MB).
    Completing 90% with 3999 violations.
    elapsed time = 00:04:42, memory = 1340.15 (MB).
    Completing 100% with 1353 violations.
    elapsed time = 00:05:20, memory = 1337.81 (MB).
[INFO DRT-0199]   Number of violations = 1353.
Viol/Layer        mcon   met1    via   met2   met3
Cut Spacing          2      0      0      0      0
Metal Spacing        0    356      0    118      0
Min Hole             0      1      0      1      0
Short                0    731      1    141      2
[INFO DRT-0267] cpu time = 00:05:21, elapsed time = 00:05:21, memory = 1353.00 (MB), peak = 1399.00 (MB)
Total wire length = 812631 um.
Total wire length on LAYER li1 = 0 um.
Total wire length on LAYER met1 = 286834 um.
Total wire length on LAYER met2 = 341803 um.
Total wire length on LAYER met3 = 93759 um.
Total wire length on LAYER met4 = 89884 um.
Total wire length on LAYER met5 = 350 um.
Total number of vias = 147951.
Up-via summary (total 147951):

-------------------------
 FR_MASTERSLICE         0
            li1     59952
           met1     75112
           met2     10075
           met3      2758
           met4        54
-------------------------
               147951


[INFO DRT-0195] Start 4th optimization iteration.
    Completing 10% with 1353 violations.
    elapsed time = 00:00:03, memory = 1327.02 (MB).
    Completing 20% with 1353 violations.
    elapsed time = 00:00:11, memory = 1342.93 (MB).
    Completing 30% with 1056 violations.
    elapsed time = 00:00:17, memory = 1342.93 (MB).
    Completing 40% with 1056 violations.
    elapsed time = 00:00:22, memory = 1342.94 (MB).
    Completing 50% with 1056 violations.
    elapsed time = 00:00:35, memory = 1343.09 (MB).
    Completing 60% with 736 violations.
    elapsed time = 00:00:38, memory = 1342.94 (MB).
    Completing 70% with 736 violations.
    elapsed time = 00:00:45, memory = 1344.52 (MB).
    Completing 80% with 545 violations.
    elapsed time = 00:00:49, memory = 1344.52 (MB).
    Completing 90% with 545 violations.
    elapsed time = 00:00:58, memory = 1344.52 (MB).
    Completing 100% with 84 violations.
    elapsed time = 00:01:06, memory = 1344.52 (MB).
[INFO DRT-0199]   Number of violations = 84.
Viol/Layer        met1   met2
Metal Spacing       35      5
Short               41      3
[INFO DRT-0267] cpu time = 00:01:07, elapsed time = 00:01:07, memory = 1352.02 (MB), peak = 1399.00 (MB)
Total wire length = 812433 um.
Total wire length on LAYER li1 = 0 um.
Total wire length on LAYER met1 = 285521 um.
Total wire length on LAYER met2 = 341490 um.
Total wire length on LAYER met3 = 94921 um.
Total wire length on LAYER met4 = 90165 um.
Total wire length on LAYER met5 = 335 um.
Total number of vias = 147973.
Up-via summary (total 147973):

-------------------------
 FR_MASTERSLICE         0
            li1     59951
           met1     75032
           met2     10151
           met3      2787
           met4        52
-------------------------
               147973


[INFO DRT-0195] Start 5th guides tiles iteration.
    Completing 10% with 84 violations.
    elapsed time = 00:00:00, memory = 1352.02 (MB).
    Completing 20% with 84 violations.
    elapsed time = 00:00:01, memory = 1352.02 (MB).
    Completing 30% with 84 violations.
    elapsed time = 00:00:01, memory = 1352.02 (MB).
    Completing 40% with 84 violations.
    elapsed time = 00:00:01, memory = 1352.02 (MB).
    Completing 50% with 84 violations.
    elapsed time = 00:00:02, memory = 1352.02 (MB).
    Completing 60% with 29 violations.
    elapsed time = 00:00:03, memory = 1352.02 (MB).
    Completing 70% with 29 violations.
    elapsed time = 00:00:03, memory = 1352.02 (MB).
    Completing 80% with 29 violations.
    elapsed time = 00:00:03, memory = 1352.02 (MB).
    Completing 90% with 29 violations.
    elapsed time = 00:00:04, memory = 1352.02 (MB).
    Completing 100% with 15 violations.
    elapsed time = 00:00:05, memory = 1352.02 (MB).
[INFO DRT-0199]   Number of violations = 15.
Viol/Layer        met1   met2
Metal Spacing        2      1
Short                7      5
[INFO DRT-0267] cpu time = 00:00:05, elapsed time = 00:00:05, memory = 1352.21 (MB), peak = 1399.00 (MB)
Total wire length = 812443 um.
Total wire length on LAYER li1 = 0 um.
Total wire length on LAYER met1 = 285372 um.
Total wire length on LAYER met2 = 341483 um.
Total wire length on LAYER met3 = 95062 um.
Total wire length on LAYER met4 = 90189 um.
Total wire length on LAYER met5 = 335 um.
Total number of vias = 148015.
Up-via summary (total 148015):

-------------------------
 FR_MASTERSLICE         0
            li1     59951
           met1     75036
           met2     10181
           met3      2795
           met4        52
-------------------------
               148015


[INFO DRT-0195] Start 6th guides tiles iteration.
    Completing 10% with 15 violations.
    elapsed time = 00:00:00, memory = 1352.21 (MB).
    Completing 20% with 15 violations.
    elapsed time = 00:00:01, memory = 1352.21 (MB).
    Completing 30% with 15 violations.
    elapsed time = 00:00:01, memory = 1352.21 (MB).
    Completing 40% with 15 violations.
    elapsed time = 00:00:01, memory = 1352.21 (MB).
    Completing 50% with 15 violations.
    elapsed time = 00:00:01, memory = 1352.21 (MB).
    Completing 60% with 6 violations.
    elapsed time = 00:00:01, memory = 1352.21 (MB).
    Completing 70% with 6 violations.
    elapsed time = 00:00:02, memory = 1352.21 (MB).
    Completing 80% with 6 violations.
    elapsed time = 00:00:02, memory = 1352.21 (MB).
    Completing 100% with 6 violations.
    elapsed time = 00:00:02, memory = 1352.21 (MB).
[INFO DRT-0199]   Number of violations = 6.
Viol/Layer        met1   met2
Short                3      3
[INFO DRT-0267] cpu time = 00:00:02, elapsed time = 00:00:02, memory = 1352.21 (MB), peak = 1399.00 (MB)
Total wire length = 812434 um.
Total wire length on LAYER li1 = 0 um.
Total wire length on LAYER met1 = 285371 um.
Total wire length on LAYER met2 = 341479 um.
Total wire length on LAYER met3 = 95056 um.
Total wire length on LAYER met4 = 90191 um.
Total wire length on LAYER met5 = 335 um.
Total number of vias = 148012.
Up-via summary (total 148012):

-------------------------
 FR_MASTERSLICE         0
            li1     59951
           met1     75037
           met2     10177
           met3      2795
           met4        52
-------------------------
               148012


[INFO DRT-0195] Start 7th guides tiles iteration.
    Completing 20% with 6 violations.
    elapsed time = 00:00:00, memory = 1352.21 (MB).
    Completing 50% with 6 violations.
    elapsed time = 00:00:01, memory = 1352.21 (MB).
    Completing 70% with 6 violations.
    elapsed time = 00:00:01, memory = 1352.21 (MB).
    Completing 100% with 6 violations.
    elapsed time = 00:00:02, memory = 1352.21 (MB).
[INFO DRT-0199]   Number of violations = 6.
Viol/Layer        met1   met2
Short                3      3
[INFO DRT-0267] cpu time = 00:00:02, elapsed time = 00:00:02, memory = 1352.21 (MB), peak = 1399.00 (MB)
Total wire length = 812434 um.
Total wire length on LAYER li1 = 0 um.
Total wire length on LAYER met1 = 285371 um.
Total wire length on LAYER met2 = 341479 um.
Total wire length on LAYER met3 = 95056 um.
Total wire length on LAYER met4 = 90191 um.
Total wire length on LAYER met5 = 335 um.
Total number of vias = 148012.
Up-via summary (total 148012):

-------------------------
 FR_MASTERSLICE         0
            li1     59951
           met1     75037
           met2     10177
           met3      2795
           met4        52
-------------------------
               148012


[INFO DRT-0195] Start 8th stubborn tiles iteration.
    Completing 10% with 6 violations.
    elapsed time = 00:00:22, memory = 1338.34 (MB).
    Completing 20% with 6 violations.
    elapsed time = 00:00:30, memory = 1338.35 (MB).
    Completing 30% with 6 violations.
    elapsed time = 00:00:43, memory = 1344.95 (MB).
    Completing 40% with 6 violations.
    elapsed time = 00:01:01, memory = 1374.17 (MB).
    Completing 50% with 6 violations.
    elapsed time = 00:01:14, memory = 1577.37 (MB).
    Completing 60% with 6 violations.
    elapsed time = 00:01:43, memory = 1708.47 (MB).
    Completing 70% with 6 violations.
    elapsed time = 00:02:13, memory = 1879.66 (MB).
    Completing 80% with 6 violations.
    elapsed time = 00:02:43, memory = 2042.45 (MB).
    Completing 90% with 6 violations.
    elapsed time = 00:03:10, memory = 2214.67 (MB).
    Completing 100% with 0 violations.
    elapsed time = 00:03:42, memory = 2357.27 (MB).
[INFO DRT-0199]   Number of violations = 0.
[INFO DRT-0267] cpu time = 00:03:42, elapsed time = 00:03:42, memory = 2357.27 (MB), peak = 2401.46 (MB)
Total wire length = 812426 um.
Total wire length on LAYER li1 = 0 um.
Total wire length on LAYER met1 = 285353 um.
Total wire length on LAYER met2 = 341479 um.
Total wire length on LAYER met3 = 95059 um.
Total wire length on LAYER met4 = 90197 um.
Total wire length on LAYER met5 = 335 um.
Total number of vias = 148013.
Up-via summary (total 148013):

-------------------------
 FR_MASTERSLICE         0
            li1     59951
           met1     75036
           met2     10179
           met3      2795
           met4        52
-------------------------
               148013


[INFO DRT-0198] Complete detail routing.
Total wire length = 812426 um.
Total wire length on LAYER li1 = 0 um.
Total wire length on LAYER met1 = 285353 um.
Total wire length on LAYER met2 = 341479 um.
Total wire length on LAYER met3 = 95059 um.
Total wire length on LAYER met4 = 90197 um.
Total wire length on LAYER met5 = 335 um.
Total number of vias = 148013.
Up-via summary (total 148013):

-------------------------
 FR_MASTERSLICE         0
            li1     59951
           met1     75036
           met2     10179
           met3      2795
           met4        52
-------------------------
               148013


[INFO DRT-0267] cpu time = 00:31:43, elapsed time = 00:31:43, memory = 2357.27 (MB), peak = 2401.46 (MB)

[INFO DRT-0180] Post processing.
[INFO DRT-0501] Runtime: 2094.12s
Took 2094 seconds: detailed_route -output_drc ./reports/sky130hd/chia_sha256_benchmark_corrupted/slot1/5_route_drc.rpt -output_maze ./results/sky130hd/chia_sha256_benchmark_corrupted/slot1/maze.log -droute_end_iter 64 -verbose 1 -drc_report_iter_step 5
[INFO GRT-0012] Found 22 antenna violations.
[WARNING GRT-0243] Unable to repair antennas on net with diodes.
[INFO DPL-0006] Core area: 366373.88 um^2
[INFO DPL-0007] Movable instances area: 0.00 um^2
[INFO DPL-0008] Fixed instances area within core: 207885.63 um^2
[INFO DPL-0009] Utilization: 56.7%
[INFO DPL-0005] Diamond search max displacement: +/- 500 sites horizontally, +/- 100 rows vertically.
[INFO DPL-1102] Legalizing using negotiation legalizer.
[INFO DPL-1103] Negotiation base search window: +/-20 sites horizontally, +/-5 rows vertically 
	Automatic search window extension enabled.
	Search window extendable up to the max displacement cap of +/-500 sites, +/-100 rows near walls.
[INFO DPL-1104] NegotiationLegalizer DRC penalty: 5.
[INFO DPL-0392] Negotiation cell height distribution (1 unique row-count(s)):
[INFO DPL-0393]   height 1 row(s): 21942 cells
[INFO DPL-0500] Runtime: 0.06s
[INFO GRT-0015] Inserted 27 diodes.
[WARNING DRT-0120] Large net net5013 has 114 pins which may impact routing performance. Consider optimization.
[WARNING DRT-0120] Large net net5012 has 101 pins which may impact routing performance. Consider optimization.
[WARNING DRT-0120] Large net net5438 has 129 pins which may impact routing performance. Consider optimization.
[WARNING DRT-0120] Large net net5437 has 118 pins which may impact routing performance. Consider optimization.
[WARNING DRT-0120] Large net net5685 has 104 pins which may impact routing performance. Consider optimization.
[WARNING DRT-0120] Large net net5686 has 103 pins which may impact routing performance. Consider optimization.
[WARNING DRT-0120] Large net net6183 has 131 pins which may impact routing performance. Consider optimization.
[WARNING DRT-0120] Large net net6181 has 126 pins which may impact routing performance. Consider optimization.
[WARNING DRT-0120] Large net net6177 has 129 pins which may impact routing performance. Consider optimization.
[WARNING DRT-0120] Large net net6176 has 171 pins which may impact routing performance. Consider optimization.
[WARNING DRT-0120] Large net net6166 has 104 pins which may impact routing performance. Consider optimization.
[WARNING DRT-0120] Large net net6165 has 136 pins which may impact routing performance. Consider optimization.
[WARNING DRT-0120] Large net net6156 has 131 pins which may impact routing performance. Consider optimization.
[WARNING DRT-0120] Large net net6155 has 151 pins which may impact routing performance. Consider optimization.
[INFO DRT-0024]   Complete FR_MASTERSLICE.
[INFO DRT-0024]   Complete Fr_VIA.
[INFO DRT-0024]   Complete li1.
[INFO DRT-0024]   Complete mcon.
[INFO DRT-0024]   Complete met1.
[INFO DRT-0024]   Complete via.
[INFO DRT-0024]   Complete met2.
[INFO DRT-0024]   Complete via2.
[INFO DRT-0024]   Complete met3.
[INFO DRT-0024]   Complete via3.
[INFO DRT-0024]   Complete met4.
[INFO DRT-0024]   Complete via4.
[INFO DRT-0024]   Complete met5.
[INFO DRT-0165] Start pin access.
[INFO DRT-0076]   Complete 1000 pins.
[INFO DRT-0076]   Complete 2000 pins.
[INFO DRT-0078]   Complete 2161 pins.
[INFO DRT-0079]   Complete 100 unique inst patterns.
[INFO DRT-0079]   Complete 200 unique inst patterns.
[INFO DRT-0081]   Complete 270 unique inst patterns.
[INFO DRT-0082]   Complete 10000 groups.
[INFO DRT-0084]   Complete 11910 groups.
#scanned instances     = 21942
#unique  instances     = 270
#stdCellGenAp          = 10128
#stdCellValidPlanarAp  = 170
#stdCellValidViaAp     = 6465
#stdCellPinNoAp        = 10
#stdCellPinCnt         = 64015
#instTermValidViaApCnt = 0
#macroGenAp            = 0
#macroValidPlanarAp    = 0
#macroValidViaAp       = 0
#macroNoAp             = 0
[INFO DRT-0166] Complete pin access.
[INFO DRT-0267] cpu time = 00:03:11, elapsed time = 00:03:11, memory = 2266.84 (MB), peak = 2401.46 (MB)
[INFO DRT-0156] guideIn read 100000 guides.

[INFO DRT-0157] Number of guides:     158685

[INFO DRT-0169] Post process guides.
[INFO DRT-0176] GCELLGRID X 0 DO 88 STEP 6900 ;
[INFO DRT-0177] GCELLGRID Y 0 DO 88 STEP 6900 ;
[INFO DRT-0026]   Complete 100000 origin guides.
[INFO DRT-0028]   Complete FR_MASTERSLICE.
[INFO DRT-0028]   Complete Fr_VIA.
[INFO DRT-0028]   Complete li1.
[INFO DRT-0028]   Complete mcon.
[INFO DRT-0028]   Complete met1.
[INFO DRT-0028]   Complete via.
[INFO DRT-0028]   Complete met2.
[INFO DRT-0028]   Complete via2.
[INFO DRT-0028]   Complete met3.
[INFO DRT-0028]   Complete via3.
[INFO DRT-0028]   Complete met4.
[INFO DRT-0028]   Complete via4.
[INFO DRT-0028]   Complete met5.
[INFO DRT-0178] Init guide query.
[INFO DRT-0035]   Complete FR_MASTERSLICE (guide).
[INFO DRT-0035]   Complete Fr_VIA (guide).
[INFO DRT-0035]   Complete li1 (guide).
[INFO DRT-0035]   Complete mcon (guide).
[INFO DRT-0035]   Complete met1 (guide).
[INFO DRT-0035]   Complete via (guide).
[INFO DRT-0035]   Complete met2 (guide).
[INFO DRT-0035]   Complete via2 (guide).
[INFO DRT-0035]   Complete met3 (guide).
[INFO DRT-0035]   Complete via3 (guide).
[INFO DRT-0035]   Complete met4 (guide).
[INFO DRT-0035]   Complete via4 (guide).
[INFO DRT-0035]   Complete met5 (guide).
[INFO DRT-0036] FR_MASTERSLICE guide region query size = 0.
[INFO DRT-0036] FR_VIA guide region query size = 0.
[INFO DRT-0036] li1 guide region query size = 49147.
[INFO DRT-0036] mcon guide region query size = 0.
[INFO DRT-0036] met1 guide region query size = 47104.
[INFO DRT-0036] via guide region query size = 0.
[INFO DRT-0036] met2 guide region query size = 24938.
[INFO DRT-0036] via2 guide region query size = 0.
[INFO DRT-0036] met3 guide region query size = 3006.
[INFO DRT-0036] via3 guide region query size = 0.
[INFO DRT-0036] met4 guide region query size = 1379.
[INFO DRT-0036] via4 guide region query size = 0.
[INFO DRT-0036] met5 guide region query size = 31.
[INFO DRT-0179] Init gr pin query.
[INFO DRT-0267] cpu time = 00:00:00, elapsed time = 00:00:00, memory = 2266.84 (MB), peak = 2401.46 (MB)
[INFO DRT-0245] skipped writing guide updates to database.
[INFO DRT-0181] Start track assignment.
[INFO DRT-0184] Done with 75464 vertical wires in 2 frboxes and 50141 horizontal wires in 2 frboxes.
[INFO DRT-0186] Done with 11188 vertical wires in 2 frboxes and 18426 horizontal wires in 2 frboxes.
[INFO DRT-0182] Complete track assignment.
[INFO DRT-0267] cpu time = 00:00:05, elapsed time = 00:00:05, memory = 2266.84 (MB), peak = 2401.46 (MB)
[INFO DRT-0187] Start routing data preparation.
[INFO DRT-0267] cpu time = 00:00:00, elapsed time = 00:00:00, memory = 2266.84 (MB), peak = 2401.46 (MB)
[INFO DRT-0194] Start detail routing.
[INFO DRT-0195] Start 0th optimization iteration.
    Completing 10% with 0 violations.
    elapsed time = 00:00:06, memory = 2266.84 (MB).
    Completing 20% with 0 violations.
    elapsed time = 00:00:16, memory = 2266.84 (MB).
    Completing 30% with 850 violations.
    elapsed time = 00:00:23, memory = 2266.84 (MB).
    Completing 40% with 850 violations.
    elapsed time = 00:00:33, memory = 2266.84 (MB).
    Completing 50% with 850 violations.
    elapsed time = 00:00:48, memory = 2266.84 (MB).
    Completing 60% with 1607 violations.
    elapsed time = 00:00:54, memory = 2266.84 (MB).
    Completing 70% with 1607 violations.
    elapsed time = 00:01:06, memory = 2266.84 (MB).
    Completing 80% with 2527 violations.
    elapsed time = 00:01:17, memory = 2266.84 (MB).
    Completing 90% with 2527 violations.
    elapsed time = 00:01:29, memory = 2266.84 (MB).
    Completing 100% with 3370 violations.
    elapsed time = 00:01:51, memory = 2266.84 (MB).
[INFO DRT-0199]   Number of violations = 3831.
Viol/Layer        mcon   met1    via   met2   met3   met4
Cut Spacing          2      0      1      0      0      0
Metal Spacing        0    308      0    207      0      2
Recheck              0    258      0    173      4     26
Short                0   1813      0   1033      3      1
[INFO DRT-0267] cpu time = 00:01:51, elapsed time = 00:01:51, memory = 2266.84 (MB), peak = 2401.46 (MB)
Total wire length = 813538 um.
Total wire length on LAYER li1 = 0 um.
Total wire length on LAYER met1 = 290509 um.
Total wire length on LAYER met2 = 344926 um.
Total wire length on LAYER met3 = 90107 um.
Total wire length on LAYER met4 = 87648 um.
Total wire length on LAYER met5 = 346 um.
Total number of vias = 148137.
Up-via summary (total 148137):

-------------------------
 FR_MASTERSLICE         0
            li1     59990
           met1     75547
           met2      9862
           met3      2684
           met4        54
-------------------------
               148137


[INFO DRT-0195] Start 1st optimization iteration.
    Completing 10% with 3831 violations.
    elapsed time = 00:00:04, memory = 2266.84 (MB).
    Completing 20% with 3831 violations.
    elapsed time = 00:00:13, memory = 2266.84 (MB).
    Completing 30% with 3383 violations.
    elapsed time = 00:00:21, memory = 2266.84 (MB).
    Completing 40% with 3383 violations.
    elapsed time = 00:00:29, memory = 2266.84 (MB).
    Completing 50% with 3383 violations.
    elapsed time = 00:00:42, memory = 2266.84 (MB).
    Completing 60% with 2895 violations.
    elapsed time = 00:00:49, memory = 2266.84 (MB).
    Completing 70% with 2895 violations.
    elapsed time = 00:00:58, memory = 2266.84 (MB).
    Completing 80% with 2408 violations.
    elapsed time = 00:01:06, memory = 2266.84 (MB).
    Completing 90% with 2408 violations.
    elapsed time = 00:01:16, memory = 2266.84 (MB).
    Completing 100% with 1958 violations.
    elapsed time = 00:01:29, memory = 2266.84 (MB).
[INFO DRT-0199]   Number of violations = 1958.
Viol/Layer        mcon   met1   met2   met4
Cut Spacing          2      0      0      0
Metal Spacing        0    198    125      0
Min Hole             0      2      0      0
NS Metal             0      2      0      0
Short                0   1177    451      1
[INFO DRT-0267] cpu time = 00:01:29, elapsed time = 00:01:29, memory = 2266.84 (MB), peak = 2401.46 (MB)
Total wire length = 812865 um.
Total wire length on LAYER li1 = 0 um.
Total wire length on LAYER met1 = 289940 um.
Total wire length on LAYER met2 = 344485 um.
Total wire length on LAYER met3 = 90276 um.
Total wire length on LAYER met4 = 87815 um.
Total wire length on LAYER met5 = 346 um.
Total number of vias = 147962.
Up-via summary (total 147962):

-------------------------
 FR_MASTERSLICE         0
            li1     59991
           met1     75329
           met2      9885
           met3      2703
           met4        54
-------------------------
               147962


[INFO DRT-0195] Start 2nd optimization iteration.
    Completing 10% with 1958 violations.
    elapsed time = 00:00:04, memory = 2266.84 (MB).
    Completing 20% with 1958 violations.
    elapsed time = 00:00:16, memory = 2266.84 (MB).
    Completing 30% with 1936 violations.
    elapsed time = 00:00:23, memory = 2266.84 (MB).
    Completing 40% with 1936 violations.
    elapsed time = 00:00:28, memory = 2266.84 (MB).
    Completing 50% with 1936 violations.
    elapsed time = 00:00:38, memory = 2266.84 (MB).
    Completing 60% with 1876 violations.
    elapsed time = 00:00:42, memory = 2266.84 (MB).
    Completing 70% with 1876 violations.
    elapsed time = 00:00:53, memory = 2266.84 (MB).
    Completing 80% with 1892 violations.
    elapsed time = 00:00:55, memory = 2266.84 (MB).
    Completing 90% with 1892 violations.
    elapsed time = 00:01:03, memory = 2266.84 (MB).
    Completing 100% with 1823 violations.
    elapsed time = 00:01:08, memory = 2266.84 (MB).
[INFO DRT-0199]   Number of violations = 1823.
Viol/Layer        met1    via   met2   met4
Metal Spacing      181      0    132      0
Short             1032      1    476      1
[INFO DRT-0267] cpu time = 00:01:08, elapsed time = 00:01:08, memory = 2266.84 (MB), peak = 2401.46 (MB)
Total wire length = 812706 um.
Total wire length on LAYER li1 = 0 um.
Total wire length on LAYER met1 = 289839 um.
Total wire length on LAYER met2 = 344474 um.
Total wire length on LAYER met3 = 90262 um.
Total wire length on LAYER met4 = 87783 um.
Total wire length on LAYER met5 = 346 um.
Total number of vias = 147875.
Up-via summary (total 147875):

-------------------------
 FR_MASTERSLICE         0
            li1     59991
           met1     75278
           met2      9857
           met3      2695
           met4        54
-------------------------
               147875


[INFO DRT-0195] Start 3rd optimization iteration.
    Completing 10% with 1823 violations.
    elapsed time = 00:00:03, memory = 2266.84 (MB).
    Completing 20% with 1823 violations.
    elapsed time = 00:00:11, memory = 2266.84 (MB).
    Completing 30% with 1476 violations.
    elapsed time = 00:00:15, memory = 2266.84 (MB).
    Completing 40% with 1476 violations.
    elapsed time = 00:00:22, memory = 2266.84 (MB).
    Completing 50% with 1476 violations.
    elapsed time = 00:00:35, memory = 2266.84 (MB).
    Completing 60% with 1162 violations.
    elapsed time = 00:00:38, memory = 2266.84 (MB).
    Completing 70% with 1162 violations.
    elapsed time = 00:00:50, memory = 2266.84 (MB).
    Completing 80% with 664 violations.
    elapsed time = 00:00:59, memory = 2266.84 (MB).
    Completing 90% with 664 violations.
    elapsed time = 00:01:18, memory = 2266.84 (MB).
    Completing 100% with 250 violations.
    elapsed time = 00:01:32, memory = 2266.84 (MB).
[INFO DRT-0199]   Number of violations = 250.
Viol/Layer        mcon   met1   met2
Cut Spacing          1      0      0
Metal Spacing        0     59      9
Short                0    121     60
[INFO DRT-0267] cpu time = 00:01:32, elapsed time = 00:01:32, memory = 2266.84 (MB), peak = 2401.46 (MB)
Total wire length = 812513 um.
Total wire length on LAYER li1 = 0 um.
Total wire length on LAYER met1 = 285578 um.
Total wire length on LAYER met2 = 342797 um.
Total wire length on LAYER met3 = 94374 um.
Total wire length on LAYER met4 = 89412 um.
Total wire length on LAYER met5 = 350 um.
Total number of vias = 148512.
Up-via summary (total 148512):

-------------------------
 FR_MASTERSLICE         0
            li1     59996
           met1     75249
           met2     10394
           met3      2819
           met4        54
-------------------------
               148512


[INFO DRT-0195] Start 4th optimization iteration.
    Completing 10% with 250 violations.
    elapsed time = 00:00:00, memory = 2266.84 (MB).
    Completing 20% with 250 violations.
    elapsed time = 00:00:01, memory = 2266.84 (MB).
    Completing 30% with 153 violations.
    elapsed time = 00:00:02, memory = 2266.84 (MB).
    Completing 40% with 153 violations.
    elapsed time = 00:00:03, memory = 2266.84 (MB).
    Completing 50% with 153 violations.
    elapsed time = 00:00:06, memory = 2266.84 (MB).
    Completing 60% with 96 violations.
    elapsed time = 00:00:07, memory = 2266.84 (MB).
    Completing 70% with 96 violations.
    elapsed time = 00:00:09, memory = 2266.84 (MB).
    Completing 80% with 70 violations.
    elapsed time = 00:00:11, memory = 2266.84 (MB).
    Completing 90% with 70 violations.
    elapsed time = 00:00:13, memory = 2266.84 (MB).
    Completing 100% with 1 violations.
    elapsed time = 00:00:16, memory = 2266.84 (MB).
[INFO DRT-0199]   Number of violations = 1.
Viol/Layer        met1
Short                1
[INFO DRT-0267] cpu time = 00:00:16, elapsed time = 00:00:16, memory = 2266.84 (MB), peak = 2401.46 (MB)
Total wire length = 812467 um.
Total wire length on LAYER li1 = 0 um.
Total wire length on LAYER met1 = 285208 um.
Total wire length on LAYER met2 = 342612 um.
Total wire length on LAYER met3 = 94708 um.
Total wire length on LAYER met4 = 89588 um.
Total wire length on LAYER met5 = 350 um.
Total number of vias = 148559.
Up-via summary (total 148559):

-------------------------
 FR_MASTERSLICE         0
            li1     59996
           met1     75248
           met2     10429
           met3      2832
           met4        54
-------------------------
               148559


[INFO DRT-0195] Start 5th guides tiles iteration.
    Completing 50% with 1 violations.
    elapsed time = 00:00:00, memory = 2266.84 (MB).
    Completing 100% with 0 violations.
    elapsed time = 00:00:00, memory = 2266.84 (MB).
[INFO DRT-0199]   Number of violations = 0.
[INFO DRT-0267] cpu time = 00:00:00, elapsed time = 00:00:00, memory = 2266.84 (MB), peak = 2401.46 (MB)
Total wire length = 812466 um.
Total wire length on LAYER li1 = 0 um.
Total wire length on LAYER met1 = 285206 um.
Total wire length on LAYER met2 = 342612 um.
Total wire length on LAYER met3 = 94708 um.
Total wire length on LAYER met4 = 89588 um.
Total wire length on LAYER met5 = 350 um.
Total number of vias = 148559.
Up-via summary (total 148559):

-------------------------
 FR_MASTERSLICE         0
            li1     59996
           met1     75248
           met2     10429
           met3      2832
           met4        54
-------------------------
               148559


[INFO DRT-0198] Complete detail routing.
Total wire length = 812466 um.
Total wire length on LAYER li1 = 0 um.
Total wire length on LAYER met1 = 285206 um.
Total wire length on LAYER met2 = 342612 um.
Total wire length on LAYER met3 = 94708 um.
Total wire length on LAYER met4 = 89588 um.
Total wire length on LAYER met5 = 350 um.
Total number of vias = 148559.
Up-via summary (total 148559):

-------------------------
 FR_MASTERSLICE         0
            li1     59996
           met1     75248
           met2     10429
           met3      2832
           met4        54
-------------------------
               148559


[INFO DRT-0267] cpu time = 00:06:19, elapsed time = 00:06:19, memory = 2266.84 (MB), peak = 2401.46 (MB)

[INFO DRT-0180] Post processing.
[INFO DRT-0501] Runtime: 577.64s
[INFO ANT-0002] Found 2 net violations.
[INFO ANT-0001] Found 2 pin violations.
[INFO GRT-0012] Found 2 antenna violations.
[INFO DPL-0006] Core area: 366373.88 um^2
[INFO DPL-0007] Movable instances area: 0.00 um^2
[INFO DPL-0008] Fixed instances area within core: 207890.63 um^2
[INFO DPL-0009] Utilization: 56.7%
[INFO DPL-0005] Diamond search max displacement: +/- 500 sites horizontally, +/- 100 rows vertically.
[INFO DPL-1102] Legalizing using negotiation legalizer.
[INFO DPL-1103] Negotiation base search window: +/-20 sites horizontally, +/-5 rows vertically 
	Automatic search window extension enabled.
	Search window extendable up to the max displacement cap of +/-500 sites, +/-100 rows near walls.
[INFO DPL-1104] NegotiationLegalizer DRC penalty: 5.
[INFO DPL-0392] Negotiation cell height distribution (1 unique row-count(s)):
[INFO DPL-0393]   height 1 row(s): 21944 cells
[INFO DPL-0500] Runtime: 0.07s
[INFO GRT-0015] Inserted 2 diodes.
[WARNING DRT-0120] Large net net5013 has 114 pins which may impact routing performance. Consider optimization.
[WARNING DRT-0120] Large net net5012 has 101 pins which may impact routing performance. Consider optimization.
[WARNING DRT-0120] Large net net5438 has 129 pins which may impact routing performance. Consider optimization.
[WARNING DRT-0120] Large net net5437 has 118 pins which may impact routing performance. Consider optimization.
[WARNING DRT-0120] Large net net5685 has 104 pins which may impact routing performance. Consider optimization.
[WARNING DRT-0120] Large net net5686 has 103 pins which may impact routing performance. Consider optimization.
[WARNING DRT-0120] Large net net6183 has 131 pins which may impact routing performance. Consider optimization.
[WARNING DRT-0120] Large net net6181 has 126 pins which may impact routing performance. Consider optimization.
[WARNING DRT-0120] Large net net6177 has 129 pins which may impact routing performance. Consider optimization.
[WARNING DRT-0120] Large net net6176 has 171 pins which may impact routing performance. Consider optimization.
[WARNING DRT-0120] Large net net6166 has 104 pins which may impact routing performance. Consider optimization.
[WARNING DRT-0120] Large net net6165 has 136 pins which may impact routing performance. Consider optimization.
[WARNING DRT-0120] Large net net6156 has 131 pins which may impact routing performance. Consider optimization.
[WARNING DRT-0120] Large net net6155 has 151 pins which may impact routing performance. Consider optimization.
[INFO DRT-0024]   Complete FR_MASTERSLICE.
[INFO DRT-0024]   Complete Fr_VIA.
[INFO DRT-0024]   Complete li1.
[INFO DRT-0024]   Complete mcon.
[INFO DRT-0024]   Complete met1.
[INFO DRT-0024]   Complete via.
[INFO DRT-0024]   Complete met2.
[INFO DRT-0024]   Complete via2.
[INFO DRT-0024]   Complete met3.
[INFO DRT-0024]   Complete via3.
[INFO DRT-0024]   Complete met4.
[INFO DRT-0024]   Complete via4.
[INFO DRT-0024]   Complete met5.
[INFO DRT-0165] Start pin access.
[INFO DRT-0076]   Complete 1000 pins.
[INFO DRT-0076]   Complete 2000 pins.
[INFO DRT-0078]   Complete 2161 pins.
[INFO DRT-0079]   Complete 100 unique inst patterns.
[INFO DRT-0079]   Complete 200 unique inst patterns.
[INFO DRT-0081]   Complete 270 unique inst patterns.
[INFO DRT-0082]   Complete 10000 groups.
[INFO DRT-0084]   Complete 11911 groups.
#scanned instances     = 21944
#unique  instances     = 270
#stdCellGenAp          = 10128
#stdCellValidPlanarAp  = 170
#stdCellValidViaAp     = 6465
#stdCellPinNoAp        = 10
#stdCellPinCnt         = 64015
#instTermValidViaApCnt = 0
#macroGenAp            = 0
#macroValidPlanarAp    = 0
#macroValidViaAp       = 0
#macroNoAp             = 0
[INFO DRT-0166] Complete pin access.
[INFO DRT-0267] cpu time = 00:03:01, elapsed time = 00:03:01, memory = 2266.84 (MB), peak = 2401.46 (MB)
[INFO DRT-0156] guideIn read 100000 guides.

[INFO DRT-0157] Number of guides:     158682

[INFO DRT-0169] Post process guides.
[INFO DRT-0176] GCELLGRID X 0 DO 88 STEP 6900 ;
[INFO DRT-0177] GCELLGRID Y 0 DO 88 STEP 6900 ;
[INFO DRT-0026]   Complete 100000 origin guides.
[INFO DRT-0028]   Complete FR_MASTERSLICE.
[INFO DRT-0028]   Complete Fr_VIA.
[INFO DRT-0028]   Complete li1.
[INFO DRT-0028]   Complete mcon.
[INFO DRT-0028]   Complete met1.
[INFO DRT-0028]   Complete via.
[INFO DRT-0028]   Complete met2.
[INFO DRT-0028]   Complete via2.
[INFO DRT-0028]   Complete met3.
[INFO DRT-0028]   Complete via3.
[INFO DRT-0028]   Complete met4.
[INFO DRT-0028]   Complete via4.
[INFO DRT-0028]   Complete met5.
[INFO DRT-0178] Init guide query.
[INFO DRT-0035]   Complete FR_MASTERSLICE (guide).
[INFO DRT-0035]   Complete Fr_VIA (guide).
[INFO DRT-0035]   Complete li1 (guide).
[INFO DRT-0035]   Complete mcon (guide).
[INFO DRT-0035]   Complete met1 (guide).
[INFO DRT-0035]   Complete via (guide).
[INFO DRT-0035]   Complete met2 (guide).
[INFO DRT-0035]   Complete via2 (guide).
[INFO DRT-0035]   Complete met3 (guide).
[INFO DRT-0035]   Complete via3 (guide).
[INFO DRT-0035]   Complete met4 (guide).
[INFO DRT-0035]   Complete via4 (guide).
[INFO DRT-0035]   Complete met5 (guide).
[INFO DRT-0036] FR_MASTERSLICE guide region query size = 0.
[INFO DRT-0036] FR_VIA guide region query size = 0.
[INFO DRT-0036] li1 guide region query size = 49148.
[INFO DRT-0036] mcon guide region query size = 0.
[INFO DRT-0036] met1 guide region query size = 47104.
[INFO DRT-0036] via guide region query size = 0.
[INFO DRT-0036] met2 guide region query size = 24937.
[INFO DRT-0036] via2 guide region query size = 0.
[INFO DRT-0036] met3 guide region query size = 3005.
[INFO DRT-0036] via3 guide region query size = 0.
[INFO DRT-0036] met4 guide region query size = 1379.
[INFO DRT-0036] via4 guide region query size = 0.
[INFO DRT-0036] met5 guide region query size = 31.
[INFO DRT-0179] Init gr pin query.
[INFO DRT-0267] cpu time = 00:00:00, elapsed time = 00:00:00, memory = 2266.84 (MB), peak = 2401.46 (MB)
[INFO DRT-0245] skipped writing guide updates to database.
[INFO DRT-0181] Start track assignment.
[INFO DRT-0184] Done with 75464 vertical wires in 2 frboxes and 50140 horizontal wires in 2 frboxes.
[INFO DRT-0186] Done with 11130 vertical wires in 2 frboxes and 18304 horizontal wires in 2 frboxes.
[INFO DRT-0182] Complete track assignment.
[INFO DRT-0267] cpu time = 00:00:05, elapsed time = 00:00:05, memory = 2266.84 (MB), peak = 2401.46 (MB)
[INFO DRT-0187] Start routing data preparation.
[INFO DRT-0267] cpu time = 00:00:00, elapsed time = 00:00:00, memory = 2266.84 (MB), peak = 2401.46 (MB)
[INFO DRT-0194] Start detail routing.
[INFO DRT-0195] Start 0th optimization iteration.
    Completing 10% with 0 violations.
    elapsed time = 00:00:04, memory = 2266.84 (MB).
    Completing 20% with 0 violations.
    elapsed time = 00:00:10, memory = 2266.84 (MB).
    Completing 30% with 56 violations.
    elapsed time = 00:00:14, memory = 2266.84 (MB).
    Completing 40% with 56 violations.
    elapsed time = 00:00:21, memory = 2266.84 (MB).
    Completing 50% with 56 violations.
    elapsed time = 00:00:28, memory = 2266.84 (MB).
    Completing 60% with 81 violations.
    elapsed time = 00:00:32, memory = 2266.84 (MB).
    Completing 70% with 81 violations.
    elapsed time = 00:00:38, memory = 2266.84 (MB).
    Completing 80% with 125 violations.
    elapsed time = 00:00:44, memory = 2266.84 (MB).
    Completing 90% with 125 violations.
    elapsed time = 00:00:51, memory = 2266.84 (MB).
    Completing 100% with 154 violations.
    elapsed time = 00:00:58, memory = 2266.84 (MB).
[INFO DRT-0199]   Number of violations = 160.
Viol/Layer        met1    via   met2
Metal Spacing        6      0      5
Recheck              4      0      2
Short              103      1     39
[INFO DRT-0267] cpu time = 00:00:58, elapsed time = 00:00:58, memory = 2266.84 (MB), peak = 2401.46 (MB)
Total wire length = 812516 um.
Total wire length on LAYER li1 = 0 um.
Total wire length on LAYER met1 = 285585 um.
Total wire length on LAYER met2 = 342783 um.
Total wire length on LAYER met3 = 94337 um.
Total wire length on LAYER met4 = 89460 um.
Total wire length on LAYER met5 = 350 um.
Total number of vias = 148509.
Up-via summary (total 148509):

-------------------------
 FR_MASTERSLICE         0
            li1     59998
           met1     75247
           met2     10389
           met3      2821
           met4        54
-------------------------
               148509


[INFO DRT-0195] Start 1st optimization iteration.
    Completing 10% with 160 violations.
    elapsed time = 00:00:03, memory = 2266.84 (MB).
    Completing 20% with 160 violations.
    elapsed time = 00:00:09, memory = 2266.84 (MB).
    Completing 30% with 132 violations.
    elapsed time = 00:00:14, memory = 2266.84 (MB).
    Completing 40% with 132 violations.
    elapsed time = 00:00:20, memory = 2266.84 (MB).
    Completing 50% with 132 violations.
    elapsed time = 00:00:27, memory = 2266.84 (MB).
    Completing 60% with 117 violations.
    elapsed time = 00:00:32, memory = 2266.84 (MB).
    Completing 70% with 117 violations.
    elapsed time = 00:00:37, memory = 2266.84 (MB).
    Completing 80% with 107 violations.
    elapsed time = 00:00:42, memory = 2266.84 (MB).
    Completing 90% with 107 violations.
    elapsed time = 00:00:49, memory = 2266.84 (MB).
    Completing 100% with 91 violations.
    elapsed time = 00:00:56, memory = 2266.84 (MB).
[INFO DRT-0199]   Number of violations = 91.
Viol/Layer        met1   met2
Metal Spacing        4      2
Short               71     14
[INFO DRT-0267] cpu time = 00:00:56, elapsed time = 00:00:56, memory = 2266.84 (MB), peak = 2401.46 (MB)
Total wire length = 812496 um.
Total wire length on LAYER li1 = 0 um.
Total wire length on LAYER met1 = 285583 um.
Total wire length on LAYER met2 = 342764 um.
Total wire length on LAYER met3 = 94337 um.
Total wire length on LAYER met4 = 89460 um.
Total wire length on LAYER met5 = 350 um.
Total number of vias = 148498.
Up-via summary (total 148498):

-------------------------
 FR_MASTERSLICE         0
            li1     59998
           met1     75236
           met2     10389
           met3      2821
           met4        54
-------------------------
               148498


[INFO DRT-0195] Start 2nd optimization iteration.
    Completing 10% with 91 violations.
    elapsed time = 00:00:00, memory = 2266.84 (MB).
    Completing 20% with 91 violations.
    elapsed time = 00:00:02, memory = 2266.84 (MB).
    Completing 30% with 94 violations.
    elapsed time = 00:00:02, memory = 2266.84 (MB).
    Completing 40% with 94 violations.
    elapsed time = 00:00:03, memory = 2266.84 (MB).
    Completing 50% with 94 violations.
    elapsed time = 00:00:03, memory = 2266.84 (MB).
    Completing 60% with 101 violations.
    elapsed time = 00:00:05, memory = 2266.84 (MB).
    Completing 70% with 101 violations.
    elapsed time = 00:00:06, memory = 2266.84 (MB).
    Completing 80% with 107 violations.
    elapsed time = 00:00:06, memory = 2266.84 (MB).
    Completing 90% with 107 violations.
    elapsed time = 00:00:08, memory = 2266.84 (MB).
    Completing 100% with 100 violations.
    elapsed time = 00:00:08, memory = 2266.84 (MB).
[INFO DRT-0199]   Number of violations = 100.
Viol/Layer        met1   met2
Metal Spacing        5      3
Short               83      9
[INFO DRT-0267] cpu time = 00:00:08, elapsed time = 00:00:08, memory = 2266.84 (MB), peak = 2401.46 (MB)
Total wire length = 812489 um.
Total wire length on LAYER li1 = 0 um.
Total wire length on LAYER met1 = 285578 um.
Total wire length on LAYER met2 = 342762 um.
Total wire length on LAYER met3 = 94337 um.
Total wire length on LAYER met4 = 89460 um.
Total wire length on LAYER met5 = 350 um.
Total number of vias = 148496.
Up-via summary (total 148496):

-------------------------
 FR_MASTERSLICE         0
            li1     59998
           met1     75234
           met2     10389
           met3      2821
           met4        54
-------------------------
               148496


[INFO DRT-0195] Start 3rd guides tiles iteration.
    Completing 10% with 100 violations.
    elapsed time = 00:00:00, memory = 2266.84 (MB).
    Completing 20% with 100 violations.
    elapsed time = 00:00:02, memory = 2266.93 (MB).
    Completing 30% with 100 violations.
    elapsed time = 00:00:03, memory = 2266.93 (MB).
    Completing 40% with 30 violations.
    elapsed time = 00:00:03, memory = 2266.93 (MB).
    Completing 50% with 30 violations.
    elapsed time = 00:00:03, memory = 2266.93 (MB).
    Completing 60% with 30 violations.
    elapsed time = 00:00:03, memory = 2266.93 (MB).
    Completing 70% with 30 violations.
    elapsed time = 00:00:03, memory = 2266.93 (MB).
    Completing 80% with 2 violations.
    elapsed time = 00:00:04, memory = 2266.93 (MB).
    Completing 90% with 2 violations.
    elapsed time = 00:00:04, memory = 2266.93 (MB).
    Completing 100% with 0 violations.
    elapsed time = 00:00:04, memory = 2266.93 (MB).
[INFO DRT-0199]   Number of violations = 0.
[INFO DRT-0267] cpu time = 00:00:04, elapsed time = 00:00:04, memory = 2266.93 (MB), peak = 2401.46 (MB)
Total wire length = 812412 um.
Total wire length on LAYER li1 = 0 um.
Total wire length on LAYER met1 = 284724 um.
Total wire length on LAYER met2 = 342265 um.
Total wire length on LAYER met3 = 95137 um.
Total wire length on LAYER met4 = 89934 um.
Total wire length on LAYER met5 = 350 um.
Total number of vias = 148532.
Up-via summary (total 148532):

-------------------------
 FR_MASTERSLICE         0
            li1     59997
           met1     75215
           met2     10432
           met3      2834
           met4        54
-------------------------
               148532


[INFO DRT-0198] Complete detail routing.
Total wire length = 812412 um.
Total wire length on LAYER li1 = 0 um.
Total wire length on LAYER met1 = 284724 um.
Total wire length on LAYER met2 = 342265 um.
Total wire length on LAYER met3 = 95137 um.
Total wire length on LAYER met4 = 89934 um.
Total wire length on LAYER met5 = 350 um.
Total number of vias = 148532.
Up-via summary (total 148532):

-------------------------
 FR_MASTERSLICE         0
            li1     59997
           met1     75215
           met2     10432
           met3      2834
           met4        54
-------------------------
               148532


[INFO DRT-0267] cpu time = 00:02:08, elapsed time = 00:02:08, memory = 2266.93 (MB), peak = 2401.46 (MB)

[INFO DRT-0180] Post processing.
[INFO DRT-0501] Runtime: 316.93s
[INFO ANT-0002] Found 0 net violations.
[INFO ANT-0001] Found 0 pin violations.
[INFO ANT-0002] Found 0 net violations.
[INFO ANT-0001] Found 0 pin violations.
Design area 207891 um^2 57% utilization.
write_db ./results/sky130hd/chia_sha256_benchmark_corrupted/slot1/5_2_route.odb
Log                       Ext     Elapsed/s Peak Memory/MB sha1sum result [0:20)
5_2_route                 .odb         3087           2401 a79af412842d6195cc96
/root/OpenROAD-flow-scripts/flow/scripts/flow.sh 5_3_fillcell fillcell
Running fillcell.tcl, stage 5_3_fillcell
read_liberty /root/OpenROAD-flow-scripts/flow/platforms/sky130hd/lib/sky130_fd_sc_hd__tt_025C_1v80.lib
read_db ./results/sky130hd/chia_sha256_benchmark_corrupted/slot1/5_2_route.odb
read_sdc ./results/sky130hd/chia_sha256_benchmark_corrupted/slot1/5_1_grt.sdc
source /root/OpenROAD-flow-scripts/flow/platforms/sky130hd/setRC.tcl
[WARNING STA-0450] virtual clock vclk can not be propagated.
filler_placement "sky130_fd_sc_hd__fill_1 sky130_fd_sc_hd__fill_2 sky130_fd_sc_hd__fill_4 sky130_fd_sc_hd__fill_8"
[INFO DPL-0001] Placed 31014 filler instances.
Design area 207891 um^2 57% utilization.
write_db ./results/sky130hd/chia_sha256_benchmark_corrupted/slot1/5_3_fillcell.odb
Log                       Ext     Elapsed/s Peak Memory/MB sha1sum result [0:20)
5_3_fillcell              .odb            0            223 f09273915eee1f7c4fcf
cp ./results/sky130hd/chia_sha256_benchmark_corrupted/slot1/5_3_fillcell.odb ./results/sky130hd/chia_sha256_benchmark_corrupted/slot1/5_route.odb
cp ./results/sky130hd/chia_sha256_benchmark_corrupted/slot1/5_1_grt.sdc ./results/sky130hd/chia_sha256_benchmark_corrupted/slot1/5_route.sdc
make: Leaving directory '/root/OpenROAD-flow-scripts/flow'

STDERR:
bash: /opt/miniconda/lib/libtinfo.so.6: no version information available (required by bash)
bash: /opt/miniconda/lib/libtinfo.so.6: no version information available (required by bash)
bash: /opt/miniconda/lib/libtinfo.so.6: no version information available (required by bash)
bash: /opt/miniconda/lib/libtinfo.so.6: no version information available (required by bash)
bash: /opt/miniconda/lib/libtinfo.so.6: no version information available (required by bash)
bash: /opt/miniconda/lib/libtinfo.so.6: no version information available (required by bash)
bash: /opt/miniconda/lib/libtinfo.so.6: no version information available (required by bash)
bash: /opt/miniconda/lib/libtinfo.so.6: no version information available (required by bash)
bash: /opt/miniconda/lib/libtinfo.so.6: no version information available (required by bash)
bash: /opt/miniconda/lib/libtinfo.so.6: no version information available (required by bash)
bash: /opt/miniconda/lib/libtinfo.so.6: no version information available (required by bash)
bash: /opt/miniconda/lib/libtinfo.so.6: no version information available (required by bash)
bash: /opt/miniconda/lib/libtinfo.so.6: no version information available (required by bash)
bash: /opt/miniconda/lib/libtinfo.so.6: no version information available (required by bash)
bash: /opt/miniconda/lib/libtinfo.so.6: no version information available (required by bash)
bash: /opt/miniconda/lib/libtinfo.so.6: no version information available (required by bash)
bash: /opt/miniconda/lib/libtinfo.so.6: no version information available (required by bash)
bash: /opt/miniconda/lib/libtinfo.so.6: no version information available (required by bash)
bash: /opt/miniconda/lib/libtinfo.so.6: no version information available (required by bash)
bash: /opt/miniconda/lib/libtinfo.so.6: no version information available (required by bash)
bash: /opt/miniconda/lib/libtinfo.so.6: no version information available (required by bash)
bash: /opt/miniconda/lib/libtinfo.so.6: no version information available (required by bash)
bash: /opt/miniconda/lib/libtinfo.so.6: no version information available (required by bash)
bash: /opt/miniconda/lib/libtinfo.so.6: no version information available (required by bash)
Elapsed time: 5:05.97[h:]min:sec. CPU time: user 305.57 sys 0.24 (99%). Peak memory: 618412KB.
bash: /opt/miniconda/lib/libtinfo.so.6: no version information available (required by bash)
bash: /opt/miniconda/lib/libtinfo.so.6: no version information available (required by bash)
bash: /opt/miniconda/lib/libtinfo.so.6: no version information available (required by bash)
bash: /opt/miniconda/lib/libtinfo.so.6: no version information available (required by bash)
bash: /opt/miniconda/lib/libtinfo.so.6: no version information available (required by bash)
bash: /opt/miniconda/lib/libtinfo.so.6: no version information available (required by bash)
bash: /opt/miniconda/lib/libtinfo.so.6: no version information available (required by bash)
bash: /opt/miniconda/lib/libtinfo.so.6: no version information available (required by bash)
bash: /opt/miniconda/lib/libtinfo.so.6: no version information available (required by bash)
bash: /opt/miniconda/lib/libtinfo.so.6: no version information available (required by bash)
bash: /opt/miniconda/lib/libtinfo.so.6: no version information available (required by bash)
bash: /opt/miniconda/lib/libtinfo.so.6: no version information available (required by bash)
bash: /opt/miniconda/lib/libtinfo.so.6: no version information available (required by bash)
bash: /opt/miniconda/lib/libtinfo.so.6: no version information available (required by bash)
Elapsed time: 51:27.48[h:]min:sec. CPU time: user 3080.26 sys 7.06 (99%). Peak memory: 2459100KB.
bash: /opt/miniconda/lib/libtinfo.so.6: no version information available (required by bash)
bash: /opt/miniconda/lib/libtinfo.so.6: no version information available (required by bash)
bash: /opt/miniconda/lib/libtinfo.so.6: no version information available (required by bash)
bash: /opt/miniconda/lib/libtinfo.so.6: no version information available (required by bash)
bash: /opt/miniconda/lib/libtinfo.so.6: no version information available (required by bash)
bash: /opt/miniconda/lib/libtinfo.so.6: no version information available (required by bash)
bash: /opt/miniconda/lib/libtinfo.so.6: no version information available (required by bash)
bash: /opt/miniconda/lib/libtinfo.so.6: no version information available (required by bash)
bash: /opt/miniconda/lib/libtinfo.so.6: no version information available (required by bash)
bash: /opt/miniconda/lib/libtinfo.so.6: no version information available (required by bash)
bash: /opt/miniconda/lib/libtinfo.so.6: no version information available (required by bash)
bash: /opt/miniconda/lib/libtinfo.so.6: no version information available (required by bash)
bash: /opt/miniconda/lib/libtinfo.so.6: no version information available (required by bash)
bash: /opt/miniconda/lib/libtinfo.so.6: no version information available (required by bash)
Elapsed time: 0:00.56[h:]min:sec. CPU time: user 0.48 sys 0.08 (99%). Peak memory: 228736KB.
bash: /opt/miniconda/lib/libtinfo.so.6: no version information available (required by bash)
bash: /opt/miniconda/lib/libtinfo.so.6: no version information available (required by bash)
bash: /opt/miniconda/lib/libtinfo.so.6: no version information available (required by bash)
bash: /opt/miniconda/lib/libtinfo.so.6: no version information available (required by bash)
bash: /opt/miniconda/lib/libtinfo.so.6: no version information available (required by bash)
bash: /opt/miniconda/lib/libtinfo.so.6: no version information available (required by bash)
bash: /opt/miniconda/lib/libtinfo.so.6: no version information available (required by bash)
bash: /opt/miniconda/lib/libtinfo.so.6: no version information available (required by bash)
bash: /opt/miniconda/lib/libtinfo.so.6: no version information available (required by bash)
bash: /opt/miniconda/lib/libtinfo.so.6: no version information available (required by bash)
bash: /opt/miniconda/lib/libtinfo.so.6: no version information available (required by bash)
bash: /opt/miniconda/lib/libtinfo.so.6: no version information available (required by bash)
bash: /opt/miniconda/lib/libtinfo.so.6: no version information available (required by bash)
bash: /opt/miniconda/lib/libtinfo.so.6: no version information available (required by bash)
bash: /opt/miniconda/lib/libtinfo.so.6: no version information available (required by bash)
bash: /opt/miniconda/lib/libtinfo.so.6: no version information available (required by bash)
bash: /opt/miniconda/lib/libtinfo.so.6: no version information available (required by bash)
bash: /opt/miniconda/lib/libtinfo.so.6: no version information available (required by bash)
bash: /opt/miniconda/lib/libtinfo.so.6: no version information available (required by bash)
bash: /opt/miniconda/lib/libtinfo.so.6: no version information available (required by bash)
bash: /opt/miniconda/lib/libtinfo.so.6: no version information available (required by bash)
bash: /opt/miniconda/lib/libtinfo.so.6: no version information available (required by bash)
bash: /opt/miniconda/lib/libtinfo.so.6: no version information available (required by bash)
bash: /opt/miniconda/lib/libtinfo.so.6: no version information available (required by bash)
bash: /opt/miniconda/lib/libtinfo.so.6: no version information available (required by bash)
bash: /opt/miniconda/lib/libtinfo.so.6: no version information available (required by bash)
