make: Entering directory '/root/OpenROAD-flow-scripts/flow'
/root/OpenROAD-flow-scripts/flow/scripts/flow.sh 3_1_place_gp_skip_io global_place_skip_io
Running global_place_skip_io.tcl, stage 3_1_place_gp_skip_io
read_liberty /root/OpenROAD-flow-scripts/flow/platforms/sky130hd/lib/sky130_fd_sc_hd__tt_025C_1v80.lib
read_db ./results/sky130hd/chia_sha256_benchmark_corrupted/slot0/2_floorplan.odb
read_sdc ./results/sky130hd/chia_sha256_benchmark_corrupted/slot0/2_floorplan.sdc
source /root/OpenROAD-flow-scripts/flow/platforms/sky130hd/setRC.tcl
global_placement -skip_io -density 0.6 -pad_left 0 -pad_right 0
[INFO GPL-0001] ---- Initialize GPL Main Data Structures
[INFO GPL-0002] DBU: 1000
[INFO GPL-0003] SiteSize: (  0.460  2.720 ) um
[INFO GPL-0004] CoreBBox: (  1.380  2.720 ) ( 644.920 644.640 ) um
[INFO GPL-0016] Core area:                  413101.197 um^2
[INFO GPL-0036] Movable instances area:     167948.576 um^2
[INFO GPL-0037] Total instances area:       174797.645 um^2
[INFO GPL-0035] Pin density area adjust:      6297.795 um^2
[INFO GPL-0032] ---- Initialize Region: Top-level
[INFO GPL-0006] Number of instances:             20644
[INFO GPL-0007] Movable instances:               15170
[INFO GPL-0008] Fixed instances:                  5474
[INFO GPL-0009] Dummy instances:                     0
[INFO GPL-0010] Number of nets:                  16017
[INFO GPL-0011] Number of pins:                  60453
[INFO GPL-0012] Die BBox:       (  0.000  0.000 ) ( 646.075 646.075 ) um
[INFO GPL-0013] Placement BBox: (  1.380  2.720 ) ( 644.920 644.640 ) um
[INFO GPL-0014] Region name: top-level.
[INFO GPL-0015] Region area:                413101.197 um^2
[INFO GPL-0017] Fixed instances area:         6849.069 um^2
[INFO GPL-0018] Movable instances area:     174246.371 um^2
[INFO GPL-0019] Utilization:                    42.891 %
[INFO GPL-0020] Standard cells area:        174246.371 um^2
[INFO GPL-0021] Large instances area:            0.000 um^2
[INFO GPL-0005] ---- Execute Conjugate Gradient Initial Placement.
[INFO GPL-0051] Source of initial instance position counters:
	Odb location = 0	Core center = 15170	Region center = 0
[INFO GPL-0033] ---- Initialize Nesterov Region: Top-level
[INFO GPL-0023] Placement target density:       0.6000
[INFO GPL-0024] Movable insts average area:     11.486 um^2
[INFO GPL-0025] Ideal bin area:                 19.144 um^2
[INFO GPL-0026] Ideal bin count:                 21578
[INFO GPL-0027] Total bin area:             413101.197 um^2
[INFO GPL-0028] Bin count (X, Y):         128 ,    128
[INFO GPL-0029] Bin size (W * H):       5.028 *  5.015 um
[INFO GPL-0030] Number of bins:                  16384
[INFO GPL-0084] ---- Execute Nesterov Global Placement.
[INFO GPL-0031] HPWL: Half-Perimeter Wirelength
Iteration | Overflow |     HPWL (um) |  HPWL(%) |   Penalty | Group
---------------------------------------------------------------
        0 |   0.9996 |  4.110301e+04 |   +0.00% |  1.08e-15 |      
       10 |   0.9991 |  3.158159e+04 |  -23.16% |  1.75e-15 |      
       20 |   0.9991 |  3.140171e+04 |   -0.57% |  2.86e-15 |      
       30 |   0.9991 |  3.141038e+04 |   +0.03% |  4.65e-15 |      
       40 |   0.9991 |  3.139523e+04 |   -0.05% |  7.58e-15 |      
       50 |   0.9991 |  3.139324e+04 |   -0.01% |  1.23e-14 |      
       60 |   0.9991 |  3.142057e+04 |   +0.09% |  2.01e-14 |      
       70 |   0.9991 |  3.147164e+04 |   +0.16% |  3.28e-14 |      
       80 |   0.9991 |  3.156203e+04 |   +0.29% |  5.34e-14 |      
       90 |   0.9991 |  3.175776e+04 |   +0.62% |  8.69e-14 |      
      100 |   0.9989 |  3.224102e+04 |   +1.52% |  1.42e-13 |      
      110 |   0.9982 |  3.371177e+04 |   +4.56% |  2.31e-13 |      
      120 |   0.9971 |  3.769878e+04 |  +11.83% |  3.75e-13 |      
      130 |   0.9951 |  4.568599e+04 |  +21.19% |  6.11e-13 |      
      140 |   0.9929 |  6.226994e+04 |  +36.30% |  9.93e-13 |      
      150 |   0.9899 |  7.825276e+04 |  +25.67% |  1.62e-12 |      
      160 |   0.9869 |  9.111230e+04 |  +16.43% |  2.63e-12 |      
      170 |   0.9811 |  1.112934e+05 |  +22.15% |  4.27e-12 |      
      180 |   0.9733 |  1.380709e+05 |  +24.06% |  6.94e-12 |      
      190 |   0.9630 |  1.661418e+05 |  +20.33% |  1.13e-11 |      
      200 |   0.9496 |  1.989372e+05 |  +19.74% |  1.83e-11 |      
      210 |   0.9305 |  2.379199e+05 |  +19.60% |  2.97e-11 |      
      220 |   0.9065 |  2.803773e+05 |  +17.85% |  4.81e-11 |      
      230 |   0.8775 |  3.260587e+05 |  +16.29% |  7.79e-11 |      
      240 |   0.8442 |  3.721269e+05 |  +14.13% |  1.26e-10 |      
      250 |   0.8087 |  4.180473e+05 |  +12.34% |  2.05e-10 |      
      260 |   0.7673 |  4.632348e+05 |  +10.81% |  3.32e-10 |      
      270 |   0.7221 |  5.063229e+05 |   +9.30% |  5.38e-10 |      
      280 |   0.6682 |  5.472671e+05 |   +8.09% |  8.72e-10 |      
      290 |   0.6090 |  5.853592e+05 |   +6.96% |  1.42e-09 |      
      300 |   0.5529 |  6.267359e+05 |   +7.07% |  2.29e-09 |      
      310 |   0.5041 |  6.624470e+05 |   +5.70% |  3.72e-09 |      
      320 |   0.4568 |  6.766133e+05 |   +2.14% |  6.05e-09 |      
      330 |   0.4156 |  6.909312e+05 |   +2.12% |  9.85e-09 |      
      340 |   0.3760 |  6.992792e+05 |   +1.21% |  1.60e-08 |      
      350 |   0.3333 |  7.033646e+05 |   +0.58% |  2.53e-08 |      
      360 |   0.3001 |  7.046538e+05 |   +0.18% |  3.73e-08 |      
      370 |   0.2680 |  7.062540e+05 |   +0.23% |  5.49e-08 |      
      380 |   0.2348 |  7.073915e+05 |   +0.16% |  8.09e-08 |      
      390 |   0.2033 |  7.082151e+05 |   +0.12% |  1.19e-07 |      
      400 |   0.1764 |  7.089408e+05 |   +0.10% |  1.75e-07 |      
      410 |   0.1497 |  7.095476e+05 |   +0.09% |  2.58e-07 |      
      420 |   0.1271 |  7.102740e+05 |   +0.10% |  3.81e-07 |      
      430 |   0.1074 |  7.110375e+05 |   +0.11% |  5.61e-07 |      
      436 |   0.0985 |  7.115800e+05 |          |  7.35e-07 |      
---------------------------------------------------------------
[INFO GPL-1001] Global placement finished at iteration 436
[INFO GPL-1002] Placed Cell Area            174246.3715
[INFO GPL-1003] Available Free Area         406252.1280
[INFO GPL-1004] Minimum Feasible Density        0.4300 (cell_area / free_area)
[INFO GPL-1006]   Suggested Target Densities:
[INFO GPL-1007]     - For 90% usage of free space: 0.4766
[INFO GPL-1008]     - For 80% usage of free space: 0.5361
[INFO GPL-1009]     - For 50% usage of free space: 0.8578
[INFO GPL-1014] Final placement area: 174246.37 (+0.00%)
Design area 174798 um^2 42% utilization.
write_db ./results/sky130hd/chia_sha256_benchmark_corrupted/slot0/3_1_place_gp_skip_io.odb
Log                       Ext     Elapsed/s Peak Memory/MB sha1sum result [0:20)
3_1_place_gp_skip_io      .odb            2            176 3e8197a1ecae045c11c4
/root/OpenROAD-flow-scripts/flow/scripts/flow.sh 3_2_place_iop io_placement
Running io_placement.tcl, stage 3_2_place_iop
read_liberty /root/OpenROAD-flow-scripts/flow/platforms/sky130hd/lib/sky130_fd_sc_hd__tt_025C_1v80.lib
read_db ./results/sky130hd/chia_sha256_benchmark_corrupted/slot0/3_1_place_gp_skip_io.odb
read_sdc ./results/sky130hd/chia_sha256_benchmark_corrupted/slot0/2_floorplan.sdc
source /root/OpenROAD-flow-scripts/flow/platforms/sky130hd/setRC.tcl
place_pins -hor_layers met3 -ver_layers met2
Found 0 macro blocks.
Using 2 tracks default min distance between IO pins.
[INFO PPL-0001] Number of available slots 2342
[INFO PPL-0002] Number of I/O             772
[INFO PPL-0003] Number of I/O w/sink      772
[INFO PPL-0004] Number of I/O w/o sink    0
[INFO PPL-0005] Slots per section         200
[INFO PPL-0008] Successfully assigned pins to sections.
[INFO PPL-0012] I/O nets HPWL: 137054.75 um.
Design area 174798 um^2 42% utilization.
write_db ./results/sky130hd/chia_sha256_benchmark_corrupted/slot0/3_2_place_iop.odb
Log                       Ext     Elapsed/s Peak Memory/MB sha1sum result [0:20)
3_2_place_iop             .odb            0            157 1186dee59b6e49580d67
/root/OpenROAD-flow-scripts/flow/scripts/flow.sh 3_3_place_gp global_place
Running global_place.tcl, stage 3_3_place_gp
read_liberty /root/OpenROAD-flow-scripts/flow/platforms/sky130hd/lib/sky130_fd_sc_hd__tt_025C_1v80.lib
read_db ./results/sky130hd/chia_sha256_benchmark_corrupted/slot0/3_2_place_iop.odb
read_sdc ./results/sky130hd/chia_sha256_benchmark_corrupted/slot0/2_floorplan.sdc
source /root/OpenROAD-flow-scripts/flow/platforms/sky130hd/setRC.tcl
[INFO RSZ-0026] Removed 1552 buffers.
Perform port buffering...
[INFO RSZ-0027] Inserted 514 sky130_fd_sc_hd__clkdlybuf4s50_1 input buffers.
[INFO RSZ-0028] Inserted 256 sky130_fd_sc_hd__clkdlybuf4s50_1 output buffers.
global_placement -density 0.6 -pad_left 0 -pad_right 0 -routability_driven -timing_driven -force_center_initial_place -min_phi_coef 0.95 -max_phi_coef 1.05
[INFO GPL-0001] ---- Initialize GPL Main Data Structures
[INFO GPL-0002] DBU: 1000
[INFO GPL-0003] SiteSize: (  0.460  2.720 ) um
[INFO GPL-0004] CoreBBox: (  1.380  2.720 ) ( 644.920 644.640 ) um
[INFO GPL-0016] Core area:                  413101.197 um^2
[INFO GPL-0036] Movable instances area:     168287.651 um^2
[INFO GPL-0037] Total instances area:       175136.720 um^2
[INFO GPL-0035] Pin density area adjust:      6799.443 um^2
[INFO GPL-0032] ---- Initialize Region: Top-level
[INFO GPL-0006] Number of instances:             19862
[INFO GPL-0007] Movable instances:               14388
[INFO GPL-0008] Fixed instances:                  5474
[INFO GPL-0009] Dummy instances:                     0
[INFO GPL-0010] Number of nets:                  15235
[INFO GPL-0011] Number of pins:                  59661
[INFO GPL-0012] Die BBox:       (  0.000  0.000 ) ( 646.075 646.075 ) um
[INFO GPL-0013] Placement BBox: (  1.380  2.720 ) ( 644.920 644.640 ) um
[INFO GPL-0014] Region name: top-level.
[INFO GPL-0015] Region area:                413101.197 um^2
[INFO GPL-0017] Fixed instances area:         6849.069 um^2
[INFO GPL-0018] Movable instances area:     175087.094 um^2
[INFO GPL-0019] Utilization:                    43.098 %
[INFO GPL-0020] Standard cells area:        175087.094 um^2
[INFO GPL-0021] Large instances area:            0.000 um^2
[INFO GPL-0005] ---- Execute Conjugate Gradient Initial Placement.
[INFO GPL-0051] Source of initial instance position counters:
	Odb location = 0	Core center = 14388	Region center = 0
[InitialPlace]  Iter: 1 conjugate gradient residual: 0.00149274 HPWL: 611767048
[InitialPlace]  Iter: 2 conjugate gradient residual: 0.00023724 HPWL: 411372408
[InitialPlace]  Iter: 3 conjugate gradient residual: 0.00030685 HPWL: 379265032
[InitialPlace]  Iter: 4 conjugate gradient residual: 0.00038252 HPWL: 360036201
[InitialPlace]  Iter: 5 conjugate gradient residual: 0.00032022 HPWL: 342189868
[InitialPlace]  Iter: 6 conjugate gradient residual: 0.00021298 HPWL: 328917793
[InitialPlace]  Iter: 7 conjugate gradient residual: 0.00014426 HPWL: 317599753
[InitialPlace]  Iter: 8 conjugate gradient residual: 0.00003882 HPWL: 311229710
[InitialPlace]  Iter: 9 conjugate gradient residual: 0.00001597 HPWL: 307296927
[InitialPlace]  Iter: 10 conjugate gradient residual: 0.00001205 HPWL: 306146970
[InitialPlace]  Iter: 11 conjugate gradient residual: 0.00000506 HPWL: 304578355
[INFO GPL-0033] ---- Initialize Nesterov Region: Top-level
[INFO GPL-0023] Placement target density:       0.6000
[INFO GPL-0024] Movable insts average area:     12.169 um^2
[INFO GPL-0025] Ideal bin area:                 20.282 um^2
[INFO GPL-0026] Ideal bin count:                 20368
[INFO GPL-0027] Total bin area:             413101.197 um^2
[INFO GPL-0028] Bin count (X, Y):         128 ,    128
[INFO GPL-0029] Bin size (W * H):       5.028 *  5.015 um
[INFO GPL-0030] Number of bins:                  16384
[INFO GPL-0084] ---- Execute Nesterov Global Placement.
[INFO GPL-0031] HPWL: Half-Perimeter Wirelength
Iteration | Overflow |     HPWL (um) |  HPWL(%) |   Penalty | Group
---------------------------------------------------------------
        0 |   0.9500 |  2.108657e+05 |   +0.00% |  7.35e-16 |      
       10 |   0.9176 |  2.478373e+05 |  +17.53% |  1.19e-15 |      
       20 |   0.9094 |  2.518039e+05 |   +1.60% |  1.94e-15 |      
       30 |   0.9027 |  2.520602e+05 |   +0.10% |  3.15e-15 |      
       40 |   0.8953 |  2.516050e+05 |   -0.18% |  5.14e-15 |      
       50 |   0.8892 |  2.523832e+05 |   +0.31% |  8.36e-15 |      
       60 |   0.8838 |  2.536525e+05 |   +0.50% |  1.36e-14 |      
       70 |   0.8788 |  2.549521e+05 |   +0.51% |  2.22e-14 |      
       80 |   0.8754 |  2.563203e+05 |   +0.54% |  3.61e-14 |      
       90 |   0.8737 |  2.575724e+05 |   +0.49% |  5.88e-14 |      
      100 |   0.8723 |  2.585355e+05 |   +0.37% |  9.58e-14 |      
      110 |   0.8716 |  2.592036e+05 |   +0.26% |  1.56e-13 |      
      120 |   0.8713 |  2.596529e+05 |   +0.17% |  2.54e-13 |      
      130 |   0.8708 |  2.599191e+05 |   +0.10% |  4.14e-13 |      
      140 |   0.8702 |  2.600998e+05 |   +0.07% |  6.75e-13 |      
      150 |   0.8694 |  2.603786e+05 |   +0.11% |  1.10e-12 |      
      160 |   0.8680 |  2.610634e+05 |   +0.26% |  1.79e-12 |      
      170 |   0.8649 |  2.625807e+05 |   +0.58% |  2.91e-12 |      
      180 |   0.8600 |  2.657105e+05 |   +1.19% |  4.75e-12 |      
      190 |   0.8512 |  2.719613e+05 |   +2.35% |  7.73e-12 |      
      200 |   0.8380 |  2.813620e+05 |   +3.46% |  1.26e-11 |      
      210 |   0.8201 |  2.930435e+05 |   +4.15% |  2.05e-11 |      
      220 |   0.8001 |  3.057498e+05 |   +4.34% |  3.33e-11 |      
      230 |   0.7748 |  3.164852e+05 |   +3.51% |  5.41e-11 |      
      240 |   0.7448 |  3.353542e+05 |   +5.96% |  8.80e-11 |      
      250 |   0.7113 |  3.603277e+05 |   +7.45% |  1.43e-10 |      
      260 |   0.6787 |  3.677248e+05 |   +2.05% |  2.33e-10 |      
      270 |   0.6506 |  3.850664e+05 |   +4.72% |  3.78e-10 |      
[INFO GPL-0100] Timing-driven iteration 1/2, virtual: false.
[INFO GPL-0101]    Iter: 277, overflow: 0.632, keep resizer changes at: 1, HPWL: 383825446
Iteration |   Area    | Resized | Buffers | Nets repaired | Remaining
---------------------------------------------------------------------
        0 |     +0.0% |       0 |       0 |             0 |     15236
    final |     +4.5% |     148 |     285 |           147 |         0
---------------------------------------------------------------------
[INFO RSZ-0034] Found 149 slew violations.
[INFO RSZ-0036] Found 53 capacitance violations.
[INFO RSZ-0039] Resized 148 instances.
[INFO RSZ-0038] Inserted 285 buffers in 147 nets.
   Iter   |    Area   | Removed | Inserted |   Pins
          |           | Buffers | Buffers  | Remaining
-------------------------------------------------------
        0 |     +0.0% |       0 |        0 |     14719
     1400 |     +1.5% |       0 |      361 |     13319
     2800 |     +1.5% |      27 |      442 |     11919
     4200 |     +1.9% |      41 |      550 |     10519
     5600 |     +1.7% |      74 |      596 |      9119
     7000 |     +1.7% |     110 |      720 |      7719
     8400 |     +1.8% |     123 |      751 |      6319
     9800 |     +2.3% |     173 |      979 |      4919
    11200 |     +2.6% |     214 |     1122 |      3519
    12600 |     +4.2% |     270 |     1683 |      2119
    14000 |     +9.5% |     270 |     2957 |       719
    final |    +10.1% |     285 |     3140 |         0
-------------------------------------------------------
[INFO GPL-0106] Timing-driven: worst slack -2.3420377e-09
[INFO GPL-0107] Timing-driven: repair_design delta area: 26088.273 um^2 (+14.90%)
[INFO GPL-0108] Timing-driven: repair_design, gpl delta gcells: 3140 (+21.82%)
[INFO GPL-0109] Timing-driven: repair_design, gcells created: 3425, deleted: 285
[INFO GPL-0110] Timing-driven: new target density: 0.664217
Iteration | Overflow |     HPWL (um) |  HPWL(%) |   Penalty | Group
---------------------------------------------------------------
      280 |   0.6095 |  4.771365e+05 |  +23.91% |  6.10e-10 |      
[INFO GPL-0038] Routability snapshot saved at iter = 283
      282 |   0.5983 |  4.876146e+05 |          |           |      
      290 |   0.5859 |  4.887478e+05 |   +2.43% |  9.92e-10 |      
      300 |   0.5608 |  4.978542e+05 |   +1.86% |  1.61e-09 |      
      310 |   0.5198 |  5.038849e+05 |   +1.21% |  2.63e-09 |      
      320 |   0.4830 |  5.092426e+05 |   +1.06% |  4.28e-09 |      
      330 |   0.4523 |  5.173592e+05 |   +1.59% |  6.96e-09 |      
      340 |   0.4138 |  5.199872e+05 |   +0.51% |  1.13e-08 |      
      350 |   0.3703 |  5.178823e+05 |   -0.40% |  1.85e-08 |      
      360 |   0.3296 |  5.185187e+05 |   +0.12% |  2.92e-08 |      
[INFO GPL-0040] Routability iteration: 1
[WARNING GRT-0281] Net clk has a large fanout of 2569 terminals.
[INFO GPL-0041] Total routing overflow: 22.1891
[INFO GPL-0042] Number of overflowed tiles: 255 (2.95%)
[INFO GPL-0043] Average top 0.5% routing congestion: 1.2234
[INFO GPL-0044] Average top 1.0% routing congestion: 1.1752
[INFO GPL-0045] Average top 2.0% routing congestion: 1.1206
[INFO GPL-0046] Average top 5.0% routing congestion: 1.0385
[INFO GPL-0047] Routability iteration weighted routing congestion: 1.1993
[INFO GPL-0048] Routing congestion (1.1993) lower than previous minimum (1e+30). Updating minimum.
[INFO GPL-0086] Inflated area:                3242.432 um^2 (+1.61%)
[INFO GPL-0052] Placement target density:       0.6642
[INFO GPL-0076] Removing fillers, count: Before: 5410, After: 5155 (-4.71%)
[INFO GPL-0077] Filler area (um^2)     : Before: 68664.195, After: 65421.126 (-4.72%)
[INFO GPL-0078] Removed fillers count: 255, area removed: 3236.157 um^2. Remaining area to be compensated by modifying density: 6.275 um^2
[INFO GPL-0058] White space area:           406252.128 um^2 (+0.00%)
[INFO GPL-0059] Movable instances area:     269839.565 um^2 (+0.00%)
[INFO GPL-0060] Total filler area:           65421.126 um^2 (-4.72%)
[INFO GPL-0061] Total non-inflated area:    269838.924 um^2 (-0.00%)
[INFO GPL-0062] Total inflated area:        273081.356 um^2 (-0.00%)
[INFO GPL-0063] New Target Density:             0.6642
[INFO GPL-0087] Routability end iteration: increase inflation and revert back to snapshot.
Iteration | Overflow |     HPWL (um) |  HPWL(%) |   Penalty | Group
---------------------------------------------------------------
      370 |   0.5999 |  4.902948e+05 |   -5.44% |  7.05e-10 |      
      380 |   0.5883 |  4.900595e+05 |   -0.05% |  1.04e-09 |      
      390 |   0.5585 |  5.011192e+05 |   +2.26% |  1.53e-09 |      
      400 |   0.5288 |  5.043007e+05 |   +0.63% |  2.25e-09 |      
      410 |   0.5020 |  5.078570e+05 |   +0.71% |  3.31e-09 |      
      420 |   0.4787 |  5.140541e+05 |   +1.22% |  4.88e-09 |      
      430 |   0.4482 |  5.156549e+05 |   +0.31% |  7.19e-09 |      
      440 |   0.4174 |  5.167938e+05 |   +0.22% |  1.06e-08 |      
      450 |   0.3840 |  5.180158e+05 |   +0.24% |  1.56e-08 |      
      460 |   0.3506 |  5.186632e+05 |   +0.12% |  2.30e-08 |      
      470 |   0.3181 |  5.205410e+05 |   +0.36% |  3.38e-08 |      
[INFO GPL-0040] Routability iteration: 2
[INFO GPL-0041] Total routing overflow: 12.5301
[INFO GPL-0042] Number of overflowed tiles: 175 (2.02%)
[INFO GPL-0043] Average top 0.5% routing congestion: 1.1629
[INFO GPL-0044] Average top 1.0% routing congestion: 1.1198
[INFO GPL-0045] Average top 2.0% routing congestion: 1.0724
[INFO GPL-0046] Average top 5.0% routing congestion: 1.0016
[INFO GPL-0047] Routability iteration weighted routing congestion: 1.1414
[INFO GPL-0048] Routing congestion (1.1414) lower than previous minimum (1.199). Updating minimum.
[INFO GPL-0086] Inflated area:                1534.706 um^2 (+0.75%)
[INFO GPL-0052] Placement target density:       0.6642
[INFO GPL-0076] Removing fillers, count: Before: 5155, After: 5035 (-2.33%)
[INFO GPL-0077] Filler area (um^2)     : Before: 65421.126, After: 63898.228 (-2.33%)
[INFO GPL-0078] Removed fillers count: 120, area removed: 1522.897 um^2. Remaining area to be compensated by modifying density: 11.809 um^2
[INFO GPL-0058] White space area:           406252.128 um^2 (+0.00%)
[INFO GPL-0059] Movable instances area:     269839.565 um^2 (+0.00%)
[INFO GPL-0060] Total filler area:           63898.228 um^2 (-2.33%)
[INFO GPL-0061] Total non-inflated area:    269850.734 um^2 (+0.00%)
[INFO GPL-0062] Total inflated area:        271385.440 um^2 (+0.00%)
[INFO GPL-0063] New Target Density:             0.6642
[INFO GPL-0087] Routability end iteration: increase inflation and revert back to snapshot.
Iteration | Overflow |     HPWL (um) |  HPWL(%) |   Penalty | Group
---------------------------------------------------------------
      480 |   0.5940 |  4.939336e+05 |   -5.11% |  7.92e-10 |      
      490 |   0.5829 |  4.945258e+05 |   +0.12% |  1.17e-09 |      
      500 |   0.5469 |  5.053596e+05 |   +2.19% |  1.72e-09 |      
      510 |   0.5186 |  5.082858e+05 |   +0.58% |  2.53e-09 |      
      520 |   0.4977 |  5.122751e+05 |   +0.78% |  3.72e-09 |      
      530 |   0.4684 |  5.177307e+05 |   +1.06% |  5.48e-09 |      
      540 |   0.4361 |  5.187499e+05 |   +0.20% |  8.07e-09 |      
      550 |   0.4071 |  5.199512e+05 |   +0.23% |  1.19e-08 |      
      560 |   0.3738 |  5.210219e+05 |   +0.21% |  1.75e-08 |      
      570 |   0.3401 |  5.222716e+05 |   +0.24% |  2.58e-08 |      
      580 |   0.3064 |  5.243744e+05 |   +0.40% |  3.80e-08 |      
[INFO GPL-0040] Routability iteration: 3
[INFO GPL-0041] Total routing overflow: 10.3223
[INFO GPL-0042] Number of overflowed tiles: 159 (1.84%)
[INFO GPL-0043] Average top 0.5% routing congestion: 1.1402
[INFO GPL-0044] Average top 1.0% routing congestion: 1.1029
[INFO GPL-0045] Average top 2.0% routing congestion: 1.0593
[INFO GPL-0046] Average top 5.0% routing congestion: 0.9919
[INFO GPL-0047] Routability iteration weighted routing congestion: 1.1216
[INFO GPL-0048] Routing congestion (1.1216) lower than previous minimum (1.141). Updating minimum.
[INFO GPL-0086] Inflated area:                1368.742 um^2 (+0.66%)
[INFO GPL-0052] Placement target density:       0.6642
[INFO GPL-0076] Removing fillers, count: Before: 5035, After: 4928 (-2.13%)
[INFO GPL-0077] Filler area (um^2)     : Before: 63898.228, After: 62540.312 (-2.13%)
[INFO GPL-0078] Removed fillers count: 107, area removed: 1357.917 um^2. Remaining area to be compensated by modifying density: 10.826 um^2
[INFO GPL-0058] White space area:           406252.128 um^2 (+0.00%)
[INFO GPL-0059] Movable instances area:     269839.565 um^2 (+0.00%)
[INFO GPL-0060] Total filler area:           62540.312 um^2 (-2.13%)
[INFO GPL-0061] Total non-inflated area:    269861.559 um^2 (+0.00%)
[INFO GPL-0062] Total inflated area:        271230.301 um^2 (+0.00%)
[INFO GPL-0063] New Target Density:             0.6642
[INFO GPL-0087] Routability end iteration: increase inflation and revert back to snapshot.
Iteration | Overflow |     HPWL (um) |  HPWL(%) |   Penalty | Group
---------------------------------------------------------------
      590 |   0.5904 |  4.934220e+05 |   -5.90% |  9.24e-10 |      
      600 |   0.5700 |  5.013325e+05 |   +1.60% |  1.36e-09 |      
      610 |   0.5360 |  5.082416e+05 |   +1.38% |  2.00e-09 |      
      620 |   0.5094 |  5.125003e+05 |   +0.84% |  2.95e-09 |      
      630 |   0.4869 |  5.174120e+05 |   +0.96% |  4.34e-09 |      
      640 |   0.4564 |  5.201326e+05 |   +0.53% |  6.40e-09 |      
      650 |   0.4251 |  5.214785e+05 |   +0.26% |  9.42e-09 |      
      660 |   0.3939 |  5.228070e+05 |   +0.25% |  1.39e-08 |      
      670 |   0.3602 |  5.239182e+05 |   +0.21% |  2.04e-08 |      
      680 |   0.3269 |  5.253725e+05 |   +0.28% |  3.01e-08 |      
[INFO GPL-0040] Routability iteration: 4
[INFO GPL-0041] Total routing overflow: 8.5065
[INFO GPL-0042] Number of overflowed tiles: 151 (1.75%)
[INFO GPL-0043] Average top 0.5% routing congestion: 1.1172
[INFO GPL-0044] Average top 1.0% routing congestion: 1.0855
[INFO GPL-0045] Average top 2.0% routing congestion: 1.0485
[INFO GPL-0046] Average top 5.0% routing congestion: 0.9871
[INFO GPL-0047] Routability iteration weighted routing congestion: 1.1013
[INFO GPL-0048] Routing congestion (1.1013) lower than previous minimum (1.122). Updating minimum.
[INFO GPL-0086] Inflated area:                1010.644 um^2 (+0.49%)
[INFO GPL-0052] Placement target density:       0.6642
[INFO GPL-0076] Removing fillers, count: Before: 4928, After: 4849 (-1.60%)
[INFO GPL-0077] Filler area (um^2)     : Before: 62540.312, After: 61537.738 (-1.60%)
[INFO GPL-0078] Removed fillers count: 79, area removed: 1002.574 um^2. Remaining area to be compensated by modifying density: 8.070 um^2
[INFO GPL-0058] White space area:           406252.128 um^2 (+0.00%)
[INFO GPL-0059] Movable instances area:     269839.565 um^2 (+0.00%)
[INFO GPL-0060] Total filler area:           61537.738 um^2 (-1.60%)
[INFO GPL-0061] Total non-inflated area:    269869.629 um^2 (+0.00%)
[INFO GPL-0062] Total inflated area:        270880.273 um^2 (+0.00%)
[INFO GPL-0063] New Target Density:             0.6642
[INFO GPL-0087] Routability end iteration: increase inflation and revert back to snapshot.
Iteration | Overflow |     HPWL (um) |  HPWL(%) |   Penalty | Group
---------------------------------------------------------------
      690 |   0.6032 |  4.920468e+05 |   -6.34% |  7.33e-10 |      
      700 |   0.5867 |  4.949068e+05 |   +0.58% |  1.08e-09 |      
      710 |   0.5526 |  5.074424e+05 |   +2.53% |  1.59e-09 |      
      720 |   0.5250 |  5.111061e+05 |   +0.72% |  2.34e-09 |      
      730 |   0.5010 |  5.162594e+05 |   +1.01% |  3.44e-09 |      
      740 |   0.4751 |  5.213278e+05 |   +0.98% |  5.07e-09 |      
      750 |   0.4439 |  5.223080e+05 |   +0.19% |  7.47e-09 |      
      760 |   0.4136 |  5.233691e+05 |   +0.20% |  1.10e-08 |      
      770 |   0.3799 |  5.250273e+05 |   +0.32% |  1.62e-08 |      
      780 |   0.3469 |  5.265037e+05 |   +0.28% |  2.39e-08 |      
      790 |   0.3131 |  5.278364e+05 |   +0.25% |  3.52e-08 |      
[INFO GPL-0040] Routability iteration: 5
[INFO GPL-0041] Total routing overflow: 7.5896
[INFO GPL-0042] Number of overflowed tiles: 136 (1.57%)
[INFO GPL-0043] Average top 0.5% routing congestion: 1.1083
[INFO GPL-0044] Average top 1.0% routing congestion: 1.0789
[INFO GPL-0045] Average top 2.0% routing congestion: 1.0413
[INFO GPL-0046] Average top 5.0% routing congestion: 0.9832
[INFO GPL-0047] Routability iteration weighted routing congestion: 1.0936
[INFO GPL-0048] Routing congestion (1.0936) lower than previous minimum (1.101). Updating minimum.
[INFO GPL-0086] Inflated area:                 935.752 um^2 (+0.45%)
[INFO GPL-0052] Placement target density:       0.6642
[INFO GPL-0076] Removing fillers, count: Before: 4849, After: 4776 (-1.51%)
[INFO GPL-0077] Filler area (um^2)     : Before: 61537.738, After: 60611.309 (-1.51%)
[INFO GPL-0078] Removed fillers count: 73, area removed: 926.429 um^2. Remaining area to be compensated by modifying density: 9.323 um^2
[INFO GPL-0058] White space area:           406252.128 um^2 (+0.00%)
[INFO GPL-0059] Movable instances area:     269839.565 um^2 (+0.00%)
[INFO GPL-0060] Total filler area:           60611.309 um^2 (-1.51%)
[INFO GPL-0061] Total non-inflated area:    269878.952 um^2 (+0.00%)
[INFO GPL-0062] Total inflated area:        270814.705 um^2 (+0.00%)
[INFO GPL-0063] New Target Density:             0.6642
[INFO GPL-0087] Routability end iteration: increase inflation and revert back to snapshot.
Iteration | Overflow |     HPWL (um) |  HPWL(%) |   Penalty | Group
---------------------------------------------------------------
      800 |   0.5930 |  4.960495e+05 |   -6.02% |  8.55e-10 |      
      810 |   0.5756 |  5.008100e+05 |   +0.96% |  1.26e-09 |      
      820 |   0.5417 |  5.107675e+05 |   +1.99% |  1.85e-09 |      
      830 |   0.5141 |  5.154047e+05 |   +0.91% |  2.73e-09 |      
      840 |   0.4920 |  5.204319e+05 |   +0.98% |  4.02e-09 |      
      850 |   0.4625 |  5.235516e+05 |   +0.60% |  5.92e-09 |      
      860 |   0.4311 |  5.246615e+05 |   +0.21% |  8.72e-09 |      
      870 |   0.3996 |  5.259836e+05 |   +0.25% |  1.28e-08 |      
      880 |   0.3672 |  5.276049e+05 |   +0.31% |  1.89e-08 |      
      890 |   0.3333 |  5.288206e+05 |   +0.23% |  2.79e-08 |      
      900 |   0.2990 |  5.302842e+05 |   +0.28% |  4.10e-08 |      
[INFO GPL-0040] Routability iteration: 6
[INFO GPL-0041] Total routing overflow: 6.2678
[INFO GPL-0042] Number of overflowed tiles: 137 (1.58%)
[INFO GPL-0043] Average top 0.5% routing congestion: 1.0880
[INFO GPL-0044] Average top 1.0% routing congestion: 1.0646
[INFO GPL-0045] Average top 2.0% routing congestion: 1.0343
[INFO GPL-0046] Average top 5.0% routing congestion: 0.9795
[INFO GPL-0047] Routability iteration weighted routing congestion: 1.0763
[INFO GPL-0048] Routing congestion (1.0763) lower than previous minimum (1.094). Updating minimum.
[INFO GPL-0086] Inflated area:                 713.390 um^2 (+0.34%)
[INFO GPL-0052] Placement target density:       0.6642
[INFO GPL-0076] Removing fillers, count: Before: 4776, After: 4720 (-1.17%)
[INFO GPL-0077] Filler area (um^2)     : Before: 60611.309, After: 59900.623 (-1.17%)
[INFO GPL-0078] Removed fillers count: 56, area removed: 710.685 um^2. Remaining area to be compensated by modifying density: 2.704 um^2
[INFO GPL-0058] White space area:           406252.128 um^2 (+0.00%)
[INFO GPL-0059] Movable instances area:     269839.565 um^2 (+0.00%)
[INFO GPL-0060] Total filler area:           59900.623 um^2 (-1.17%)
[INFO GPL-0061] Total non-inflated area:    269881.656 um^2 (+0.00%)
[INFO GPL-0062] Total inflated area:        270595.046 um^2 (+0.00%)
[INFO GPL-0063] New Target Density:             0.6642
[INFO GPL-0087] Routability end iteration: increase inflation and revert back to snapshot.
Iteration | Overflow |     HPWL (um) |  HPWL(%) |   Penalty | Group
---------------------------------------------------------------
      910 |   0.5901 |  4.957135e+05 |   -6.52% |  9.99e-10 |      
      920 |   0.5607 |  5.073251e+05 |   +2.34% |  1.47e-09 |      
      930 |   0.5311 |  5.129384e+05 |   +1.11% |  2.16e-09 |      
      940 |   0.5032 |  5.188758e+05 |   +1.16% |  3.19e-09 |      
      950 |   0.4804 |  5.238498e+05 |   +0.96% |  4.69e-09 |      
      960 |   0.4503 |  5.249130e+05 |   +0.20% |  6.91e-09 |      
      970 |   0.4190 |  5.259052e+05 |   +0.19% |  1.02e-08 |      
      980 |   0.3862 |  5.278793e+05 |   +0.38% |  1.50e-08 |      
      990 |   0.3538 |  5.299553e+05 |   +0.39% |  2.21e-08 |      
     1000 |   0.3203 |  5.302780e+05 |   +0.06% |  3.25e-08 |      
[INFO GPL-0040] Routability iteration: 7
[INFO GPL-0041] Total routing overflow: 5.8016
[INFO GPL-0042] Number of overflowed tiles: 127 (1.47%)
[INFO GPL-0043] Average top 0.5% routing congestion: 1.0908
[INFO GPL-0044] Average top 1.0% routing congestion: 1.0618
[INFO GPL-0045] Average top 2.0% routing congestion: 1.0313
[INFO GPL-0046] Average top 5.0% routing congestion: 0.9769
[INFO GPL-0047] Routability iteration weighted routing congestion: 1.0763
[INFO GPL-0049] Routing congestion (1.0763) higher than minimum (1.0763). Consecutive non-improvement count: 1.
[INFO GPL-0086] Inflated area:                 636.189 um^2 (+0.30%)
[INFO GPL-0052] Placement target density:       0.6642
[INFO GPL-0076] Removing fillers, count: Before: 4720, After: 4670 (-1.06%)
[INFO GPL-0077] Filler area (um^2)     : Before: 59900.623, After: 59266.083 (-1.06%)
[INFO GPL-0078] Removed fillers count: 50, area removed: 634.540 um^2. Remaining area to be compensated by modifying density: 1.649 um^2
[INFO GPL-0058] White space area:           406252.128 um^2 (+0.00%)
[INFO GPL-0059] Movable instances area:     269839.565 um^2 (+0.00%)
[INFO GPL-0060] Total filler area:           59266.083 um^2 (-1.06%)
[INFO GPL-0061] Total non-inflated area:    269883.305 um^2 (+0.00%)
[INFO GPL-0062] Total inflated area:        270519.495 um^2 (+0.00%)
[INFO GPL-0063] New Target Density:             0.6642
[INFO GPL-0087] Routability end iteration: increase inflation and revert back to snapshot.
Iteration | Overflow |     HPWL (um) |  HPWL(%) |   Penalty | Group
---------------------------------------------------------------
     1010 |   0.5991 |  4.955321e+05 |   -6.55% |  7.92e-10 |      
     1020 |   0.5826 |  4.995734e+05 |   +0.82% |  1.17e-09 |      
     1030 |   0.5460 |  5.119544e+05 |   +2.48% |  1.72e-09 |      
     1040 |   0.5203 |  5.164890e+05 |   +0.89% |  2.53e-09 |      
     1050 |   0.4974 |  5.219566e+05 |   +1.06% |  3.72e-09 |      
     1060 |   0.4682 |  5.257855e+05 |   +0.73% |  5.48e-09 |      
     1070 |   0.4367 |  5.265490e+05 |   +0.15% |  8.07e-09 |      
     1080 |   0.4064 |  5.278429e+05 |   +0.25% |  1.19e-08 |      
     1090 |   0.3742 |  5.295294e+05 |   +0.32% |  1.75e-08 |      
     1100 |   0.3396 |  5.313186e+05 |   +0.34% |  2.58e-08 |      
     1110 |   0.3056 |  5.320533e+05 |   +0.14% |  3.80e-08 |      
[INFO GPL-0040] Routability iteration: 8
[INFO GPL-0041] Total routing overflow: 4.7731
[INFO GPL-0042] Number of overflowed tiles: 111 (1.28%)
[INFO GPL-0043] Average top 0.5% routing congestion: 1.0805
[INFO GPL-0044] Average top 1.0% routing congestion: 1.0526
[INFO GPL-0045] Average top 2.0% routing congestion: 1.0244
[INFO GPL-0046] Average top 5.0% routing congestion: 0.9728
[INFO GPL-0047] Routability iteration weighted routing congestion: 1.0666
[INFO GPL-0048] Routing congestion (1.0666) lower than previous minimum (1.076). Updating minimum.
[INFO GPL-0086] Inflated area:                 604.147 um^2 (+0.29%)
[INFO GPL-0052] Placement target density:       0.6642
[INFO GPL-0076] Removing fillers, count: Before: 4670, After: 4623 (-1.01%)
[INFO GPL-0077] Filler area (um^2)     : Before: 59266.083, After: 58669.615 (-1.01%)
[INFO GPL-0078] Removed fillers count: 47, area removed: 596.468 um^2. Remaining area to be compensated by modifying density: 7.679 um^2
[INFO GPL-0058] White space area:           406252.128 um^2 (+0.00%)
[INFO GPL-0059] Movable instances area:     269839.565 um^2 (+0.00%)
[INFO GPL-0060] Total filler area:           58669.615 um^2 (-1.01%)
[INFO GPL-0061] Total non-inflated area:    269890.984 um^2 (+0.00%)
[INFO GPL-0062] Total inflated area:        270495.131 um^2 (+0.00%)
[INFO GPL-0063] New Target Density:             0.6642
[INFO GPL-0087] Routability end iteration: increase inflation and revert back to snapshot.
Iteration | Overflow |     HPWL (um) |  HPWL(%) |   Penalty | Group
---------------------------------------------------------------
     1120 |   0.5921 |  4.971520e+05 |   -6.56% |  9.24e-10 |      
     1130 |   0.5687 |  5.059659e+05 |   +1.77% |  1.36e-09 |      
     1140 |   0.5354 |  5.141395e+05 |   +1.62% |  2.00e-09 |      
     1150 |   0.5097 |  5.204319e+05 |   +1.22% |  2.95e-09 |      
     1160 |   0.4865 |  5.252356e+05 |   +0.92% |  4.34e-09 |      
     1170 |   0.4573 |  5.265671e+05 |   +0.25% |  6.39e-09 |      
     1180 |   0.4254 |  5.275890e+05 |   +0.19% |  9.42e-09 |      
     1190 |   0.3910 |  5.297491e+05 |   +0.41% |  1.39e-08 |      
     1200 |   0.3603 |  5.316119e+05 |   +0.35% |  2.04e-08 |      
     1210 |   0.3255 |  5.322335e+05 |   +0.12% |  3.01e-08 |      
[INFO GPL-0040] Routability iteration: 9
[INFO GPL-0041] Total routing overflow: 4.7700
[INFO GPL-0042] Number of overflowed tiles: 118 (1.36%)
[INFO GPL-0043] Average top 0.5% routing congestion: 1.0826
[INFO GPL-0044] Average top 1.0% routing congestion: 1.0530
[INFO GPL-0045] Average top 2.0% routing congestion: 1.0235
[INFO GPL-0046] Average top 5.0% routing congestion: 0.9709
[INFO GPL-0047] Routability iteration weighted routing congestion: 1.0678
[INFO GPL-0049] Routing congestion (1.0678) higher than minimum (1.0666). Consecutive non-improvement count: 1.
[INFO GPL-0086] Inflated area:                 552.871 um^2 (+0.26%)
[INFO GPL-0052] Placement target density:       0.6642
[INFO GPL-0076] Removing fillers, count: Before: 4623, After: 4580 (-0.93%)
[INFO GPL-0077] Filler area (um^2)     : Before: 58669.615, After: 58123.910 (-0.93%)
[INFO GPL-0078] Removed fillers count: 43, area removed: 545.705 um^2. Remaining area to be compensated by modifying density: 7.166 um^2
[INFO GPL-0058] White space area:           406252.128 um^2 (+0.00%)
[INFO GPL-0059] Movable instances area:     269839.565 um^2 (+0.00%)
[INFO GPL-0060] Total filler area:           58123.910 um^2 (-0.93%)
[INFO GPL-0061] Total non-inflated area:    269898.150 um^2 (+0.00%)
[INFO GPL-0062] Total inflated area:        270451.021 um^2 (+0.00%)
[INFO GPL-0063] New Target Density:             0.6642
[INFO GPL-0087] Routability end iteration: increase inflation and revert back to snapshot.
Iteration | Overflow |     HPWL (um) |  HPWL(%) |   Penalty | Group
---------------------------------------------------------------
     1220 |   0.6083 |  4.921194e+05 |   -7.54% |  7.33e-10 |      
     1230 |   0.5875 |  4.988144e+05 |   +1.36% |  1.08e-09 |      
     1240 |   0.5523 |  5.119983e+05 |   +2.64% |  1.59e-09 |      
     1250 |   0.5274 |  5.170560e+05 |   +0.99% |  2.34e-09 |      
     1260 |   0.5007 |  5.235064e+05 |   +1.25% |  3.44e-09 |      
     1270 |   0.4740 |  5.274992e+05 |   +0.76% |  5.07e-09 |      
     1280 |   0.4442 |  5.279878e+05 |   +0.09% |  7.47e-09 |      
     1290 |   0.4135 |  5.293908e+05 |   +0.27% |  1.10e-08 |      
     1300 |   0.3801 |  5.315044e+05 |   +0.40% |  1.62e-08 |      
     1310 |   0.3463 |  5.334335e+05 |   +0.36% |  2.39e-08 |      
     1320 |   0.3121 |  5.334562e+05 |   +0.00% |  3.51e-08 |      
[INFO GPL-0040] Routability iteration: 10
[INFO GPL-0041] Total routing overflow: 4.1684
[INFO GPL-0042] Number of overflowed tiles: 105 (1.21%)
[INFO GPL-0043] Average top 0.5% routing congestion: 1.0716
[INFO GPL-0044] Average top 1.0% routing congestion: 1.0468
[INFO GPL-0045] Average top 2.0% routing congestion: 1.0182
[INFO GPL-0046] Average top 5.0% routing congestion: 0.9684
[INFO GPL-0047] Routability iteration weighted routing congestion: 1.0592
[INFO GPL-0048] Routing congestion (1.0592) lower than previous minimum (1.067). Updating minimum.
[INFO GPL-0086] Inflated area:                 496.799 um^2 (+0.23%)
[INFO GPL-0052] Placement target density:       0.6642
[INFO GPL-0076] Removing fillers, count: Before: 4580, After: 4541 (-0.85%)
[INFO GPL-0077] Filler area (um^2)     : Before: 58123.910, After: 57628.968 (-0.85%)
[INFO GPL-0078] Removed fillers count: 39, area removed: 494.942 um^2. Remaining area to be compensated by modifying density: 1.857 um^2
[INFO GPL-0058] White space area:           406252.128 um^2 (+0.00%)
[INFO GPL-0059] Movable instances area:     269839.565 um^2 (+0.00%)
[INFO GPL-0060] Total filler area:           57628.968 um^2 (-0.85%)
[INFO GPL-0061] Total non-inflated area:    269900.007 um^2 (+0.00%)
[INFO GPL-0062] Total inflated area:        270396.806 um^2 (+0.00%)
[INFO GPL-0063] New Target Density:             0.6642
[INFO GPL-0087] Routability end iteration: increase inflation and revert back to snapshot.
Iteration | Overflow |     HPWL (um) |  HPWL(%) |   Penalty | Group
---------------------------------------------------------------
     1330 |   0.5954 |  4.982656e+05 |   -6.60% |  8.55e-10 |      
     1340 |   0.5759 |  5.041688e+05 |   +1.18% |  1.26e-09 |      
     1350 |   0.5403 |  5.151781e+05 |   +2.18% |  1.85e-09 |      
     1360 |   0.5153 |  5.212586e+05 |   +1.18% |  2.73e-09 |      
     1370 |   0.4914 |  5.261669e+05 |   +0.94% |  4.02e-09 |      
     1380 |   0.4631 |  5.284706e+05 |   +0.44% |  5.92e-09 |      
     1390 |   0.4312 |  5.292678e+05 |   +0.15% |  8.72e-09 |      
     1400 |   0.3987 |  5.310301e+05 |   +0.33% |  1.28e-08 |      
     1410 |   0.3665 |  5.335759e+05 |   +0.48% |  1.89e-08 |      
     1420 |   0.3317 |  5.342103e+05 |   +0.12% |  2.79e-08 |      
     1430 |   0.2981 |  5.347743e+05 |   +0.11% |  4.10e-08 |      
[INFO GPL-0040] Routability iteration: 11
[INFO GPL-0041] Total routing overflow: 3.6777
[INFO GPL-0042] Number of overflowed tiles: 90 (1.04%)
[INFO GPL-0043] Average top 0.5% routing congestion: 1.0678
[INFO GPL-0044] Average top 1.0% routing congestion: 1.0422
[INFO GPL-0045] Average top 2.0% routing congestion: 1.0120
[INFO GPL-0046] Average top 5.0% routing congestion: 0.9640
[INFO GPL-0047] Routability iteration weighted routing congestion: 1.0550
[INFO GPL-0048] Routing congestion (1.0550) lower than previous minimum (1.059). Updating minimum.
[INFO GPL-0086] Inflated area:                 439.944 um^2 (+0.21%)
[INFO GPL-0052] Placement target density:       0.6642
[INFO GPL-0076] Removing fillers, count: Before: 4541, After: 4507 (-0.75%)
[INFO GPL-0077] Filler area (um^2)     : Before: 57628.968, After: 57197.481 (-0.75%)
[INFO GPL-0078] Removed fillers count: 34, area removed: 431.488 um^2. Remaining area to be compensated by modifying density: 8.456 um^2
[INFO GPL-0058] White space area:           406252.128 um^2 (+0.00%)
[INFO GPL-0059] Movable instances area:     269839.565 um^2 (+0.00%)
[INFO GPL-0060] Total filler area:           57197.481 um^2 (-0.75%)
[INFO GPL-0061] Total non-inflated area:    269908.463 um^2 (+0.00%)
[INFO GPL-0062] Total inflated area:        270348.407 um^2 (+0.00%)
[INFO GPL-0063] New Target Density:             0.6642
[INFO GPL-0087] Routability end iteration: increase inflation and revert back to snapshot.
Iteration | Overflow |     HPWL (um) |  HPWL(%) |   Penalty | Group
---------------------------------------------------------------
     1440 |   0.5905 |  4.987323e+05 |   -6.74% |  9.98e-10 |      
     1450 |   0.5599 |  5.107079e+05 |   +2.40% |  1.47e-09 |      
     1460 |   0.5314 |  5.172959e+05 |   +1.29% |  2.16e-09 |      
     1470 |   0.5053 |  5.245558e+05 |   +1.40% |  3.18e-09 |      
     1480 |   0.4804 |  5.285685e+05 |   +0.76% |  4.69e-09 |      
     1490 |   0.4500 |  5.291694e+05 |   +0.11% |  6.91e-09 |      
     1500 |   0.4192 |  5.306798e+05 |   +0.29% |  1.02e-08 |      
     1510 |   0.3872 |  5.323104e+05 |   +0.31% |  1.50e-08 |      
     1520 |   0.3531 |  5.349713e+05 |   +0.50% |  2.21e-08 |      
     1530 |   0.3185 |  5.350710e+05 |   +0.02% |  3.25e-08 |      
[INFO GPL-0040] Routability iteration: 12
[INFO GPL-0041] Total routing overflow: 3.5061
[INFO GPL-0042] Number of overflowed tiles: 88 (1.02%)
[INFO GPL-0043] Average top 0.5% routing congestion: 1.0672
[INFO GPL-0044] Average top 1.0% routing congestion: 1.0403
[INFO GPL-0045] Average top 2.0% routing congestion: 1.0120
[INFO GPL-0046] Average top 5.0% routing congestion: 0.9631
[INFO GPL-0047] Routability iteration weighted routing congestion: 1.0538
[INFO GPL-0048] Routing congestion (1.0538) lower than previous minimum (1.055). Updating minimum.
[INFO GPL-0086] Inflated area:                 441.868 um^2 (+0.21%)
[INFO GPL-0052] Placement target density:       0.6642
[INFO GPL-0076] Removing fillers, count: Before: 4507, After: 4473 (-0.75%)
[INFO GPL-0077] Filler area (um^2)     : Before: 57197.481, After: 56765.993 (-0.75%)
[INFO GPL-0078] Removed fillers count: 34, area removed: 431.488 um^2. Remaining area to be compensated by modifying density: 10.381 um^2
[INFO GPL-0058] White space area:           406252.128 um^2 (+0.00%)
[INFO GPL-0059] Movable instances area:     269839.565 um^2 (+0.00%)
[INFO GPL-0060] Total filler area:           56765.993 um^2 (-0.75%)
[INFO GPL-0061] Total non-inflated area:    269918.844 um^2 (+0.00%)
[INFO GPL-0062] Total inflated area:        270360.712 um^2 (+0.00%)
[INFO GPL-0063] New Target Density:             0.6642
[INFO GPL-0087] Routability end iteration: increase inflation and revert back to snapshot.
Iteration | Overflow |     HPWL (um) |  HPWL(%) |   Penalty | Group
---------------------------------------------------------------
     1540 |   0.6020 |  4.964131e+05 |   -7.22% |  7.92e-10 |      
     1550 |   0.5822 |  5.024150e+05 |   +1.21% |  1.17e-09 |      
     1560 |   0.5454 |  5.155619e+05 |   +2.62% |  1.71e-09 |      
     1570 |   0.5206 |  5.211557e+05 |   +1.09% |  2.53e-09 |      
     1580 |   0.4966 |  5.273093e+05 |   +1.18% |  3.72e-09 |      
     1590 |   0.4681 |  5.299632e+05 |   +0.50% |  5.48e-09 |      
     1600 |   0.4379 |  5.302892e+05 |   +0.06% |  8.07e-09 |      
     1610 |   0.4062 |  5.322583e+05 |   +0.37% |  1.19e-08 |      
     1620 |   0.3742 |  5.347126e+05 |   +0.46% |  1.75e-08 |      
     1630 |   0.3406 |  5.360756e+05 |   +0.25% |  2.58e-08 |      
     1640 |   0.3062 |  5.362796e+05 |   +0.04% |  3.80e-08 |      
[INFO GPL-0040] Routability iteration: 13
[INFO GPL-0041] Total routing overflow: 3.5088
[INFO GPL-0042] Number of overflowed tiles: 88 (1.02%)
[INFO GPL-0043] Average top 0.5% routing congestion: 1.0679
[INFO GPL-0044] Average top 1.0% routing congestion: 1.0403
[INFO GPL-0045] Average top 2.0% routing congestion: 1.0112
[INFO GPL-0046] Average top 5.0% routing congestion: 0.9638
[INFO GPL-0047] Routability iteration weighted routing congestion: 1.0541
[INFO GPL-0049] Routing congestion (1.0541) higher than minimum (1.0538). Consecutive non-improvement count: 1.
[INFO GPL-0086] Inflated area:                 418.995 um^2 (+0.20%)
[INFO GPL-0052] Placement target density:       0.6642
[INFO GPL-0076] Removing fillers, count: Before: 4473, After: 4440 (-0.74%)
[INFO GPL-0077] Filler area (um^2)     : Before: 56765.993, After: 56347.196 (-0.74%)
[INFO GPL-0078] Removed fillers count: 33, area removed: 418.797 um^2. Remaining area to be compensated by modifying density: 0.199 um^2
[INFO GPL-0058] White space area:           406252.128 um^2 (+0.00%)
[INFO GPL-0059] Movable instances area:     269839.565 um^2 (+0.00%)
[INFO GPL-0060] Total filler area:           56347.196 um^2 (-0.74%)
[INFO GPL-0061] Total non-inflated area:    269919.043 um^2 (+0.00%)
[INFO GPL-0062] Total inflated area:        270338.038 um^2 (+0.00%)
[INFO GPL-0063] New Target Density:             0.6642
[INFO GPL-0087] Routability end iteration: increase inflation and revert back to snapshot.
Iteration | Overflow |     HPWL (um) |  HPWL(%) |   Penalty | Group
---------------------------------------------------------------
     1650 |   0.5929 |  4.995462e+05 |   -6.85% |  9.24e-10 |      
     1660 |   0.5681 |  5.087915e+05 |   +1.85% |  1.36e-09 |      
     1670 |   0.5359 |  5.179283e+05 |   +1.80% |  2.00e-09 |      
     1680 |   0.5108 |  5.250376e+05 |   +1.37% |  2.95e-09 |      
     1690 |   0.4856 |  5.296041e+05 |   +0.87% |  4.34e-09 |      
     1700 |   0.4550 |  5.306731e+05 |   +0.20% |  6.39e-09 |      
     1710 |   0.4251 |  5.318051e+05 |   +0.21% |  9.42e-09 |      
     1720 |   0.3925 |  5.339910e+05 |   +0.41% |  1.39e-08 |      
     1730 |   0.3596 |  5.364710e+05 |   +0.46% |  2.04e-08 |      
     1740 |   0.3258 |  5.365616e+05 |   +0.02% |  3.01e-08 |      
[INFO GPL-0040] Routability iteration: 14
[INFO GPL-0041] Total routing overflow: 2.9804
[INFO GPL-0042] Number of overflowed tiles: 74 (0.86%)
[INFO GPL-0043] Average top 0.5% routing congestion: 1.0619
[INFO GPL-0044] Average top 1.0% routing congestion: 1.0338
[INFO GPL-0045] Average top 2.0% routing congestion: 1.0055
[INFO GPL-0046] Average top 5.0% routing congestion: 0.9608
[INFO GPL-0047] Routability iteration weighted routing congestion: 1.0478
[INFO GPL-0048] Routing congestion (1.0478) lower than previous minimum (1.054). Updating minimum.
[INFO GPL-0086] Inflated area:                 372.981 um^2 (+0.17%)
[INFO GPL-0052] Placement target density:       0.6642
[INFO GPL-0076] Removing fillers, count: Before: 4440, After: 4411 (-0.65%)
[INFO GPL-0077] Filler area (um^2)     : Before: 56347.196, After: 55979.163 (-0.65%)
[INFO GPL-0078] Removed fillers count: 29, area removed: 368.033 um^2. Remaining area to be compensated by modifying density: 4.948 um^2
[INFO GPL-0058] White space area:           406252.128 um^2 (+0.00%)
[INFO GPL-0059] Movable instances area:     269839.565 um^2 (+0.00%)
[INFO GPL-0060] Total filler area:           55979.163 um^2 (-0.65%)
[INFO GPL-0061] Total non-inflated area:    269923.990 um^2 (+0.00%)
[INFO GPL-0062] Total inflated area:        270296.971 um^2 (+0.00%)
[INFO GPL-0063] New Target Density:             0.6642
[INFO GPL-0087] Routability end iteration: increase inflation and revert back to snapshot.
Iteration | Overflow |     HPWL (um) |  HPWL(%) |   Penalty | Group
---------------------------------------------------------------
     1750 |   0.6115 |  4.921681e+05 |   -8.27% |  7.33e-10 |      
     1760 |   0.5873 |  5.014394e+05 |   +1.88% |  1.08e-09 |      
     1770 |   0.5519 |  5.149895e+05 |   +2.70% |  1.59e-09 |      
     1780 |   0.5267 |  5.209518e+05 |   +1.16% |  2.34e-09 |      
     1790 |   0.5002 |  5.283490e+05 |   +1.42% |  3.44e-09 |      
     1800 |   0.4742 |  5.314012e+05 |   +0.58% |  5.07e-09 |      
     1810 |   0.4434 |  5.314138e+05 |   +0.00% |  7.46e-09 |      
     1820 |   0.4138 |  5.331044e+05 |   +0.32% |  1.10e-08 |      
     1830 |   0.3807 |  5.356619e+05 |   +0.48% |  1.62e-08 |      
     1840 |   0.3453 |  5.374551e+05 |   +0.33% |  2.38e-08 |      
     1850 |   0.3129 |  5.373065e+05 |   -0.03% |  3.51e-08 |      
[INFO GPL-0040] Routability iteration: 15
[INFO GPL-0041] Total routing overflow: 3.3215
[INFO GPL-0042] Number of overflowed tiles: 82 (0.95%)
[INFO GPL-0043] Average top 0.5% routing congestion: 1.0647
[INFO GPL-0044] Average top 1.0% routing congestion: 1.0380
[INFO GPL-0045] Average top 2.0% routing congestion: 1.0078
[INFO GPL-0046] Average top 5.0% routing congestion: 0.9607
[INFO GPL-0047] Routability iteration weighted routing congestion: 1.0514
[INFO GPL-0049] Routing congestion (1.0514) higher than minimum (1.0478). Consecutive non-improvement count: 1.
[INFO GPL-0086] Inflated area:                 388.589 um^2 (+0.18%)
[INFO GPL-0052] Placement target density:       0.6642
[INFO GPL-0076] Removing fillers, count: Before: 4411, After: 4381 (-0.68%)
[INFO GPL-0077] Filler area (um^2)     : Before: 55979.163, After: 55598.439 (-0.68%)
[INFO GPL-0078] Removed fillers count: 30, area removed: 380.724 um^2. Remaining area to be compensated by modifying density: 7.865 um^2
[INFO GPL-0058] White space area:           406252.128 um^2 (+0.00%)
[INFO GPL-0059] Movable instances area:     269839.565 um^2 (+0.00%)
[INFO GPL-0060] Total filler area:           55598.439 um^2 (-0.68%)
[INFO GPL-0061] Total non-inflated area:    269931.855 um^2 (+0.00%)
[INFO GPL-0062] Total inflated area:        270320.444 um^2 (+0.00%)
[INFO GPL-0063] New Target Density:             0.6642
[INFO GPL-0087] Routability end iteration: increase inflation and revert back to snapshot.
Iteration | Overflow |     HPWL (um) |  HPWL(%) |   Penalty | Group
---------------------------------------------------------------
     1860 |   0.5968 |  4.998921e+05 |   -6.96% |  8.55e-10 |      
     1870 |   0.5752 |  5.067285e+05 |   +1.37% |  1.26e-09 |      
     1880 |   0.5402 |  5.184819e+05 |   +2.32% |  1.85e-09 |      
     1890 |   0.5157 |  5.254584e+05 |   +1.35% |  2.73e-09 |      
     1900 |   0.4911 |  5.304561e+05 |   +0.95% |  4.02e-09 |      
     1910 |   0.4626 |  5.323046e+05 |   +0.35% |  5.92e-09 |      
     1920 |   0.4324 |  5.326644e+05 |   +0.07% |  8.71e-09 |      
     1930 |   0.3984 |  5.349263e+05 |   +0.42% |  1.28e-08 |      
     1940 |   0.3652 |  5.376543e+05 |   +0.51% |  1.89e-08 |      
     1950 |   0.3333 |  5.379248e+05 |   +0.05% |  2.78e-08 |      
     1960 |   0.2975 |  5.383874e+05 |   +0.09% |  4.10e-08 |      
[INFO GPL-0040] Routability iteration: 16
[INFO GPL-0041] Total routing overflow: 3.4320
[INFO GPL-0042] Number of overflowed tiles: 83 (0.96%)
[INFO GPL-0043] Average top 0.5% routing congestion: 1.0662
[INFO GPL-0044] Average top 1.0% routing congestion: 1.0394
[INFO GPL-0045] Average top 2.0% routing congestion: 1.0083
[INFO GPL-0046] Average top 5.0% routing congestion: 0.9606
[INFO GPL-0047] Routability iteration weighted routing congestion: 1.0528
[INFO GPL-0049] Routing congestion (1.0528) higher than minimum (1.0478). Consecutive non-improvement count: 2.
[INFO GPL-0086] Inflated area:                 423.183 um^2 (+0.20%)
[INFO GPL-0052] Placement target density:       0.6642
[INFO GPL-0076] Removing fillers, count: Before: 4381, After: 4348 (-0.75%)
[INFO GPL-0077] Filler area (um^2)     : Before: 55598.439, After: 55179.642 (-0.75%)
[INFO GPL-0078] Removed fillers count: 33, area removed: 418.797 um^2. Remaining area to be compensated by modifying density: 4.386 um^2
[INFO GPL-0058] White space area:           406252.128 um^2 (+0.00%)
[INFO GPL-0059] Movable instances area:     269839.565 um^2 (+0.00%)
[INFO GPL-0060] Total filler area:           55179.642 um^2 (-0.75%)
[INFO GPL-0061] Total non-inflated area:    269936.241 um^2 (+0.00%)
[INFO GPL-0062] Total inflated area:        270359.423 um^2 (+0.00%)
[INFO GPL-0063] New Target Density:             0.6642
[INFO GPL-0087] Routability end iteration: increase inflation and revert back to snapshot.
Iteration | Overflow |     HPWL (um) |  HPWL(%) |   Penalty | Group
---------------------------------------------------------------
     1970 |   0.5908 |  5.012422e+05 |   -6.90% |  9.98e-10 |      
     1980 |   0.5595 |  5.136293e+05 |   +2.47% |  1.47e-09 |      
     1990 |   0.5318 |  5.211685e+05 |   +1.47% |  2.16e-09 |      
     2000 |   0.5049 |  5.291769e+05 |   +1.54% |  3.18e-09 |      
     2010 |   0.4800 |  5.325105e+05 |   +0.63% |  4.69e-09 |      
     2020 |   0.4500 |  5.329922e+05 |   +0.09% |  6.91e-09 |      
     2030 |   0.4196 |  5.342138e+05 |   +0.23% |  1.02e-08 |      
     2040 |   0.3882 |  5.366060e+05 |   +0.45% |  1.50e-08 |      
     2050 |   0.3532 |  5.388322e+05 |   +0.41% |  2.21e-08 |      
     2060 |   0.3203 |  5.388198e+05 |   -0.00% |  3.25e-08 |      
[INFO GPL-0040] Routability iteration: 17
[INFO GPL-0041] Total routing overflow: 2.9933
[INFO GPL-0042] Number of overflowed tiles: 86 (0.99%)
[INFO GPL-0043] Average top 0.5% routing congestion: 1.0569
[INFO GPL-0044] Average top 1.0% routing congestion: 1.0344
[INFO GPL-0045] Average top 2.0% routing congestion: 1.0066
[INFO GPL-0046] Average top 5.0% routing congestion: 0.9600
[INFO GPL-0047] Routability iteration weighted routing congestion: 1.0456
[INFO GPL-0048] Routing congestion (1.0456) lower than previous minimum (1.048). Updating minimum.
[INFO GPL-0086] Inflated area:                 406.299 um^2 (+0.19%)
[INFO GPL-0052] Placement target density:       0.6642
[INFO GPL-0076] Removing fillers, count: Before: 4348, After: 4316 (-0.74%)
[INFO GPL-0077] Filler area (um^2)     : Before: 55179.642, After: 54773.536 (-0.74%)
[INFO GPL-0078] Removed fillers count: 32, area removed: 406.106 um^2. Remaining area to be compensated by modifying density: 0.193 um^2
[INFO GPL-0058] White space area:           406252.128 um^2 (+0.00%)
[INFO GPL-0059] Movable instances area:     269839.565 um^2 (+0.00%)
[INFO GPL-0060] Total filler area:           54773.536 um^2 (-0.74%)
[INFO GPL-0061] Total non-inflated area:    269936.433 um^2 (+0.00%)
[INFO GPL-0062] Total inflated area:        270342.732 um^2 (+0.00%)
[INFO GPL-0063] New Target Density:             0.6642
[INFO GPL-0087] Routability end iteration: increase inflation and revert back to snapshot.
Iteration | Overflow |     HPWL (um) |  HPWL(%) |   Penalty | Group
---------------------------------------------------------------
     2070 |   0.6042 |  4.971704e+05 |   -7.73% |  7.92e-10 |      
     2080 |   0.5818 |  5.050901e+05 |   +1.59% |  1.17e-09 |      
     2090 |   0.5465 |  5.186682e+05 |   +2.69% |  1.71e-09 |      
     2100 |   0.5210 |  5.255171e+05 |   +1.32% |  2.52e-09 |      
     2110 |   0.4958 |  5.316739e+05 |   +1.17% |  3.72e-09 |      
     2120 |   0.4691 |  5.338799e+05 |   +0.41% |  5.47e-09 |      
     2130 |   0.4383 |  5.338464e+05 |   -0.01% |  8.06e-09 |      
     2140 |   0.4066 |  5.360896e+05 |   +0.42% |  1.19e-08 |      
     2150 |   0.3753 |  5.389406e+05 |   +0.53% |  1.75e-08 |      
     2160 |   0.3389 |  5.394942e+05 |   +0.10% |  2.58e-08 |      
     2170 |   0.3051 |  5.400945e+05 |   +0.11% |  3.80e-08 |      
[INFO GPL-0040] Routability iteration: 18
[INFO GPL-0041] Total routing overflow: 2.9689
[INFO GPL-0042] Number of overflowed tiles: 78 (0.90%)
[INFO GPL-0043] Average top 0.5% routing congestion: 1.0573
[INFO GPL-0044] Average top 1.0% routing congestion: 1.0336
[INFO GPL-0045] Average top 2.0% routing congestion: 1.0040
[INFO GPL-0046] Average top 5.0% routing congestion: 0.9591
[INFO GPL-0047] Routability iteration weighted routing congestion: 1.0455
[INFO GPL-0049] Routing congestion (1.0455) higher than minimum (1.0456). Consecutive non-improvement count: 1.
[INFO GPL-0086] Inflated area:                 370.573 um^2 (+0.17%)
[INFO GPL-0052] Placement target density:       0.6642
[INFO GPL-0076] Removing fillers, count: Before: 4316, After: 4287 (-0.67%)
[INFO GPL-0077] Filler area (um^2)     : Before: 54773.536, After: 54405.502 (-0.67%)
[INFO GPL-0078] Removed fillers count: 29, area removed: 368.033 um^2. Remaining area to be compensated by modifying density: 2.540 um^2
[INFO GPL-0058] White space area:           406252.128 um^2 (+0.00%)
[INFO GPL-0059] Movable instances area:     269839.565 um^2 (+0.00%)
[INFO GPL-0060] Total filler area:           54405.502 um^2 (-0.67%)
[INFO GPL-0061] Total non-inflated area:    269938.973 um^2 (+0.00%)
[INFO GPL-0062] Total inflated area:        270309.547 um^2 (+0.00%)
[INFO GPL-0063] New Target Density:             0.6642
[INFO GPL-0087] Routability end iteration: increase inflation and revert back to snapshot.
Iteration | Overflow |     HPWL (um) |  HPWL(%) |   Penalty | Group
---------------------------------------------------------------
     2180 |   0.5935 |  5.016066e+05 |   -7.13% |  9.24e-10 |      
     2190 |   0.5677 |  5.114727e+05 |   +1.97% |  1.36e-09 |      
     2200 |   0.5358 |  5.214717e+05 |   +1.95% |  2.00e-09 |      
     2210 |   0.5096 |  5.295513e+05 |   +1.55% |  2.95e-09 |      
     2220 |   0.4859 |  5.335713e+05 |   +0.76% |  4.34e-09 |      
     2230 |   0.4545 |  5.345619e+05 |   +0.19% |  6.39e-09 |      
     2240 |   0.4261 |  5.352044e+05 |   +0.12% |  9.41e-09 |      
     2250 |   0.3925 |  5.379292e+05 |   +0.51% |  1.39e-08 |      
     2260 |   0.3593 |  5.403743e+05 |   +0.45% |  2.04e-08 |      
     2270 |   0.3263 |  5.400066e+05 |   -0.07% |  3.01e-08 |      
[INFO GPL-0040] Routability iteration: 19
[INFO GPL-0041] Total routing overflow: 2.8838
[INFO GPL-0042] Number of overflowed tiles: 80 (0.92%)
[INFO GPL-0043] Average top 0.5% routing congestion: 1.0568
[INFO GPL-0044] Average top 1.0% routing congestion: 1.0330
[INFO GPL-0045] Average top 2.0% routing congestion: 1.0053
[INFO GPL-0046] Average top 5.0% routing congestion: 0.9603
[INFO GPL-0047] Routability iteration weighted routing congestion: 1.0449
[INFO GPL-0049] Routing congestion (1.0449) higher than minimum (1.0456). Consecutive non-improvement count: 2.
[INFO GPL-0086] Inflated area:                 284.196 um^2 (+0.13%)
[INFO GPL-0052] Placement target density:       0.6642
[INFO GPL-0076] Removing fillers, count: Before: 4287, After: 4265 (-0.51%)
[INFO GPL-0077] Filler area (um^2)     : Before: 54405.502, After: 54126.305 (-0.51%)
[INFO GPL-0078] Removed fillers count: 22, area removed: 279.198 um^2. Remaining area to be compensated by modifying density: 4.998 um^2
[INFO GPL-0058] White space area:           406252.128 um^2 (+0.00%)
[INFO GPL-0059] Movable instances area:     269839.565 um^2 (+0.00%)
[INFO GPL-0060] Total filler area:           54126.305 um^2 (-0.51%)
[INFO GPL-0061] Total non-inflated area:    269943.972 um^2 (+0.00%)
[INFO GPL-0062] Total inflated area:        270228.168 um^2 (+0.00%)
[INFO GPL-0063] New Target Density:             0.6642
[INFO GPL-0087] Routability end iteration: increase inflation and revert back to snapshot.
Iteration | Overflow |     HPWL (um) |  HPWL(%) |   Penalty | Group
---------------------------------------------------------------
     2280 |   0.6141 |  4.922133e+05 |   -8.85% |  7.33e-10 |      
     2290 |   0.5872 |  5.037430e+05 |   +2.34% |  1.08e-09 |      
     2300 |   0.5515 |  5.178179e+05 |   +2.79% |  1.59e-09 |      
     2310 |   0.5263 |  5.247388e+05 |   +1.34% |  2.34e-09 |      
     2320 |   0.4995 |  5.325441e+05 |   +1.49% |  3.44e-09 |      
     2330 |   0.4742 |  5.351393e+05 |   +0.49% |  5.07e-09 |      
     2340 |   0.4445 |  5.345481e+05 |   -0.11% |  7.46e-09 |      
     2350 |   0.4133 |  5.366205e+05 |   +0.39% |  1.10e-08 |      
     2360 |   0.3811 |  5.394893e+05 |   +0.53% |  1.62e-08 |      
     2370 |   0.3460 |  5.410318e+05 |   +0.29% |  2.38e-08 |      
     2380 |   0.3132 |  5.406166e+05 |   -0.08% |  3.51e-08 |      
[INFO GPL-0040] Routability iteration: 20
[INFO GPL-0041] Total routing overflow: 2.7579
[INFO GPL-0042] Number of overflowed tiles: 76 (0.88%)
[INFO GPL-0043] Average top 0.5% routing congestion: 1.0547
[INFO GPL-0044] Average top 1.0% routing congestion: 1.0313
[INFO GPL-0045] Average top 2.0% routing congestion: 1.0050
[INFO GPL-0046] Average top 5.0% routing congestion: 0.9599
[INFO GPL-0047] Routability iteration weighted routing congestion: 1.0430
[INFO GPL-0048] Routing congestion (1.0430) lower than previous minimum (1.046). Updating minimum.
[INFO GPL-0086] Inflated area:                 321.812 um^2 (+0.15%)
[INFO GPL-0052] Placement target density:       0.6642
[INFO GPL-0076] Removing fillers, count: Before: 4265, After: 4240 (-0.59%)
[INFO GPL-0077] Filler area (um^2)     : Before: 54126.305, After: 53809.034 (-0.59%)
[INFO GPL-0078] Removed fillers count: 25, area removed: 317.270 um^2. Remaining area to be compensated by modifying density: 4.541 um^2
[INFO GPL-0058] White space area:           406252.128 um^2 (+0.00%)
[INFO GPL-0059] Movable instances area:     269839.565 um^2 (+0.00%)
[INFO GPL-0060] Total filler area:           53809.034 um^2 (-0.59%)
[INFO GPL-0061] Total non-inflated area:    269948.513 um^2 (+0.00%)
[INFO GPL-0062] Total inflated area:        270270.324 um^2 (+0.00%)
[INFO GPL-0063] New Target Density:             0.6642
[INFO GPL-0087] Routability end iteration: increase inflation and revert back to snapshot.
Iteration | Overflow |     HPWL (um) |  HPWL(%) |   Penalty | Group
---------------------------------------------------------------
     2390 |   0.5980 |  5.012977e+05 |   -7.27% |  8.55e-10 |      
     2400 |   0.5749 |  5.090443e+05 |   +1.55% |  1.26e-09 |      
     2410 |   0.5401 |  5.214711e+05 |   +2.44% |  1.85e-09 |      
     2420 |   0.5155 |  5.293951e+05 |   +1.52% |  2.73e-09 |      
     2430 |   0.4912 |  5.341224e+05 |   +0.89% |  4.01e-09 |      
     2440 |   0.4618 |  5.358893e+05 |   +0.33% |  5.91e-09 |      
     2450 |   0.4314 |  5.357710e+05 |   -0.02% |  8.71e-09 |      
     2460 |   0.4005 |  5.384351e+05 |   +0.50% |  1.28e-08 |      
     2470 |   0.3679 |  5.412265e+05 |   +0.52% |  1.89e-08 |      
     2480 |   0.3341 |  5.408118e+05 |   -0.08% |  2.78e-08 |      
     2490 |   0.2980 |  5.418400e+05 |   +0.19% |  4.10e-08 |      
[INFO GPL-0040] Routability iteration: 21
[INFO GPL-0041] Total routing overflow: 2.6638
[INFO GPL-0042] Number of overflowed tiles: 75 (0.87%)
[INFO GPL-0043] Average top 0.5% routing congestion: 1.0538
[INFO GPL-0044] Average top 1.0% routing congestion: 1.0301
[INFO GPL-0045] Average top 2.0% routing congestion: 1.0034
[INFO GPL-0046] Average top 5.0% routing congestion: 0.9600
[INFO GPL-0047] Routability iteration weighted routing congestion: 1.0419
[INFO GPL-0048] Routing congestion (1.0419) lower than previous minimum (1.043). Updating minimum.
[INFO GPL-0086] Inflated area:                 306.787 um^2 (+0.14%)
[INFO GPL-0052] Placement target density:       0.6642
[INFO GPL-0076] Removing fillers, count: Before: 4240, After: 4216 (-0.57%)
[INFO GPL-0077] Filler area (um^2)     : Before: 53809.034, After: 53504.455 (-0.57%)
[INFO GPL-0078] Removed fillers count: 24, area removed: 304.579 um^2. Remaining area to be compensated by modifying density: 2.207 um^2
[INFO GPL-0058] White space area:           406252.128 um^2 (+0.00%)
[INFO GPL-0059] Movable instances area:     269839.565 um^2 (+0.00%)
[INFO GPL-0060] Total filler area:           53504.455 um^2 (-0.57%)
[INFO GPL-0061] Total non-inflated area:    269950.720 um^2 (+0.00%)
[INFO GPL-0062] Total inflated area:        270257.507 um^2 (+0.00%)
[INFO GPL-0063] New Target Density:             0.6642
[INFO GPL-0087] Routability end iteration: increase inflation and revert back to snapshot.
Iteration | Overflow |     HPWL (um) |  HPWL(%) |   Penalty | Group
---------------------------------------------------------------
     2500 |   0.5909 |  5.031472e+05 |   -7.14% |  9.98e-10 |      
     2510 |   0.5584 |  5.159563e+05 |   +2.55% |  1.47e-09 |      
     2520 |   0.5319 |  5.241381e+05 |   +1.59% |  2.16e-09 |      
     2530 |   0.5039 |  5.331188e+05 |   +1.71% |  3.18e-09 |      
     2540 |   0.4808 |  5.358315e+05 |   +0.51% |  4.69e-09 |      
     2550 |   0.4495 |  5.359412e+05 |   +0.02% |  6.90e-09 |      
     2560 |   0.4194 |  5.370072e+05 |   +0.20% |  1.02e-08 |      
     2570 |   0.3875 |  5.402306e+05 |   +0.60% |  1.50e-08 |      
     2580 |   0.3524 |  5.423069e+05 |   +0.38% |  2.21e-08 |      
     2590 |   0.3211 |  5.414438e+05 |   -0.16% |  3.25e-08 |      
[INFO GPL-0040] Routability iteration: 22
[INFO GPL-0041] Total routing overflow: 2.3349
[INFO GPL-0042] Number of overflowed tiles: 70 (0.81%)
[INFO GPL-0043] Average top 0.5% routing congestion: 1.0488
[INFO GPL-0044] Average top 1.0% routing congestion: 1.0258
[INFO GPL-0045] Average top 2.0% routing congestion: 0.9998
[INFO GPL-0046] Average top 5.0% routing congestion: 0.9591
[INFO GPL-0047] Routability iteration weighted routing congestion: 1.0373
[INFO GPL-0048] Routing congestion (1.0373) lower than previous minimum (1.042). Updating minimum.
[INFO GPL-0086] Inflated area:                 232.852 um^2 (+0.11%)
[INFO GPL-0052] Placement target density:       0.6642
[INFO GPL-0076] Removing fillers, count: Before: 4216, After: 4198 (-0.43%)
[INFO GPL-0077] Filler area (um^2)     : Before: 53504.455, After: 53276.020 (-0.43%)
[INFO GPL-0078] Removed fillers count: 18, area removed: 228.435 um^2. Remaining area to be compensated by modifying density: 4.417 um^2
[INFO GPL-0058] White space area:           406252.128 um^2 (+0.00%)
[INFO GPL-0059] Movable instances area:     269839.565 um^2 (+0.00%)
[INFO GPL-0060] Total filler area:           53276.020 um^2 (-0.43%)
[INFO GPL-0061] Total non-inflated area:    269955.138 um^2 (+0.00%)
[INFO GPL-0062] Total inflated area:        270187.989 um^2 (+0.00%)
[INFO GPL-0063] New Target Density:             0.6642
[INFO GPL-0087] Routability end iteration: increase inflation and revert back to snapshot.
Iteration | Overflow |     HPWL (um) |  HPWL(%) |   Penalty | Group
---------------------------------------------------------------
     2600 |   0.6058 |  4.977045e+05 |   -8.08% |  7.92e-10 |      
     2610 |   0.5814 |  5.068524e+05 |   +1.84% |  1.17e-09 |      
     2620 |   0.5456 |  5.209335e+05 |   +2.78% |  1.71e-09 |      
     2630 |   0.5211 |  5.285077e+05 |   +1.45% |  2.52e-09 |      
     2640 |   0.4959 |  5.349698e+05 |   +1.22% |  3.72e-09 |      
     2650 |   0.4686 |  5.368641e+05 |   +0.35% |  5.47e-09 |      
     2660 |   0.4376 |  5.363701e+05 |   -0.09% |  8.06e-09 |      
     2670 |   0.4066 |  5.387864e+05 |   +0.45% |  1.19e-08 |      
     2680 |   0.3749 |  5.417624e+05 |   +0.55% |  1.75e-08 |      
     2690 |   0.3389 |  5.421201e+05 |   +0.07% |  2.58e-08 |      
     2700 |   0.3049 |  5.424968e+05 |   +0.07% |  3.79e-08 |      
[INFO GPL-0040] Routability iteration: 23
[INFO GPL-0041] Total routing overflow: 2.5483
[INFO GPL-0042] Number of overflowed tiles: 80 (0.92%)
[INFO GPL-0043] Average top 0.5% routing congestion: 1.0492
[INFO GPL-0044] Average top 1.0% routing congestion: 1.0292
[INFO GPL-0045] Average top 2.0% routing congestion: 1.0038
[INFO GPL-0046] Average top 5.0% routing congestion: 0.9595
[INFO GPL-0047] Routability iteration weighted routing congestion: 1.0392
[INFO GPL-0049] Routing congestion (1.0392) higher than minimum (1.0373). Consecutive non-improvement count: 1.
[INFO GPL-0086] Inflated area:                 252.518 um^2 (+0.12%)
[INFO GPL-0052] Placement target density:       0.6642
[INFO GPL-0076] Removing fillers, count: Before: 4198, After: 4179 (-0.45%)
[INFO GPL-0077] Filler area (um^2)     : Before: 53276.020, After: 53034.895 (-0.45%)
[INFO GPL-0078] Removed fillers count: 19, area removed: 241.125 um^2. Remaining area to be compensated by modifying density: 11.393 um^2
[INFO GPL-0058] White space area:           406252.128 um^2 (+0.00%)
[INFO GPL-0059] Movable instances area:     269839.565 um^2 (+0.00%)
[INFO GPL-0060] Total filler area:           53034.895 um^2 (-0.45%)
[INFO GPL-0061] Total non-inflated area:    269966.531 um^2 (+0.00%)
[INFO GPL-0062] Total inflated area:        270219.049 um^2 (+0.00%)
[INFO GPL-0063] New Target Density:             0.6642
[INFO GPL-0087] Routability end iteration: increase inflation and revert back to snapshot.
Iteration | Overflow |     HPWL (um) |  HPWL(%) |   Penalty | Group
---------------------------------------------------------------
     2710 |   0.5930 |  5.031585e+05 |   -7.25% |  9.60e-10 |      
     2720 |   0.5629 |  5.146365e+05 |   +2.28% |  1.41e-09 |      
     2730 |   0.5348 |  5.241518e+05 |   +1.85% |  2.08e-09 |      
     2740 |   0.5075 |  5.335382e+05 |   +1.79% |  3.06e-09 |      
     2750 |   0.4837 |  5.366001e+05 |   +0.57% |  4.51e-09 |      
     2760 |   0.4526 |  5.367066e+05 |   +0.02% |  6.64e-09 |      
     2770 |   0.4225 |  5.376044e+05 |   +0.17% |  9.78e-09 |      
     2780 |   0.3912 |  5.407031e+05 |   +0.58% |  1.44e-08 |      
     2790 |   0.3564 |  5.431088e+05 |   +0.44% |  2.12e-08 |      
     2800 |   0.3234 |  5.423369e+05 |   -0.14% |  3.13e-08 |      
[INFO GPL-0040] Routability iteration: 24
[INFO GPL-0041] Total routing overflow: 2.3323
[INFO GPL-0042] Number of overflowed tiles: 78 (0.90%)
[INFO GPL-0043] Average top 0.5% routing congestion: 1.0476
[INFO GPL-0044] Average top 1.0% routing congestion: 1.0265
[INFO GPL-0045] Average top 2.0% routing congestion: 1.0021
[INFO GPL-0046] Average top 5.0% routing congestion: 0.9586
[INFO GPL-0047] Routability iteration weighted routing congestion: 1.0371
[INFO GPL-0049] Routing congestion (1.0371) higher than minimum (1.0373). Consecutive non-improvement count: 2.
[INFO GPL-0086] Inflated area:                 227.731 um^2 (+0.10%)
[INFO GPL-0052] Placement target density:       0.6642
[INFO GPL-0076] Removing fillers, count: Before: 4179, After: 4162 (-0.41%)
[INFO GPL-0077] Filler area (um^2)     : Before: 53034.895, After: 52819.151 (-0.41%)
[INFO GPL-0078] Removed fillers count: 17, area removed: 215.744 um^2. Remaining area to be compensated by modifying density: 11.988 um^2
[INFO GPL-0058] White space area:           406252.128 um^2 (+0.00%)
[INFO GPL-0059] Movable instances area:     269839.565 um^2 (+0.00%)
[INFO GPL-0060] Total filler area:           52819.151 um^2 (-0.41%)
[INFO GPL-0061] Total non-inflated area:    269978.518 um^2 (+0.00%)
[INFO GPL-0062] Total inflated area:        270206.250 um^2 (+0.00%)
[INFO GPL-0063] New Target Density:             0.6642
[INFO GPL-0087] Routability end iteration: increase inflation and revert back to snapshot.
Iteration | Overflow |     HPWL (um) |  HPWL(%) |   Penalty | Group
---------------------------------------------------------------
     2810 |   0.6110 |  4.943142e+05 |   -8.85% |  7.62e-10 |      
     2820 |   0.5848 |  5.059948e+05 |   +2.36% |  1.12e-09 |      
     2830 |   0.5481 |  5.203985e+05 |   +2.85% |  1.65e-09 |      
     2840 |   0.5242 |  5.282747e+05 |   +1.51% |  2.43e-09 |      
     2850 |   0.4983 |  5.356512e+05 |   +1.40% |  3.57e-09 |      
     2860 |   0.4699 |  5.377214e+05 |   +0.39% |  5.26e-09 |      
     2870 |   0.4402 |  5.370066e+05 |   -0.13% |  7.75e-09 |      
     2880 |   0.4094 |  5.392688e+05 |   +0.42% |  1.14e-08 |      
     2890 |   0.3777 |  5.424862e+05 |   +0.60% |  1.68e-08 |      
     2900 |   0.3434 |  5.433423e+05 |   +0.16% |  2.48e-08 |      
     2910 |   0.3092 |  5.431434e+05 |   -0.04% |  3.65e-08 |      
[INFO GPL-0040] Routability iteration: 25
[INFO GPL-0041] Total routing overflow: 2.3188
[INFO GPL-0042] Number of overflowed tiles: 72 (0.83%)
[INFO GPL-0043] Average top 0.5% routing congestion: 1.0470
[INFO GPL-0044] Average top 1.0% routing congestion: 1.0257
[INFO GPL-0045] Average top 2.0% routing congestion: 1.0005
[INFO GPL-0046] Average top 5.0% routing congestion: 0.9582
[INFO GPL-0047] Routability iteration weighted routing congestion: 1.0364
[INFO GPL-0049] Routing congestion (1.0364) higher than minimum (1.0373). Consecutive non-improvement count: 3.
[INFO GPL-0086] Inflated area:                 256.156 um^2 (+0.12%)
[INFO GPL-0052] Placement target density:       0.6642
[INFO GPL-0076] Removing fillers, count: Before: 4162, After: 4142 (-0.48%)
[INFO GPL-0077] Filler area (um^2)     : Before: 52819.151, After: 52565.335 (-0.48%)
[INFO GPL-0078] Removed fillers count: 20, area removed: 253.816 um^2. Remaining area to be compensated by modifying density: 2.340 um^2
[INFO GPL-0054] No improvement in routing congestion for 3 consecutive iterations (limit is 3).
[INFO GPL-0055] Reverting inflation values and target density from the iteration with minimum observed routing congestion.
[INFO GPL-0056] Minimum observed routing congestion: 1.0373
[INFO GPL-0057] Target density at minimum routing congestion: 0.6642
[INFO GPL-0080] Restoring 74 previously removed fillers.
[INFO GPL-0081] Number of fillers before restoration 4142 and after 4216 . Relative change: +1.79%%
[INFO GPL-0082] Total filler area before restoration 52565.34 and after 53504.45 (um^2). Relative change: +1.79%%
[INFO GPL-0089] Routability finished. Reverting to minimal observed routing congestion, could not reach target.
Iteration | Overflow |     HPWL (um) |  HPWL(%) |   Penalty | Group
---------------------------------------------------------------
     2920 |   0.5956 |  5.014932e+05 |   -7.67% |  8.89e-10 |      
     2930 |   0.5709 |  5.100770e+05 |   +1.71% |  1.31e-09 |      
     2940 |   0.5370 |  5.216785e+05 |   +2.27% |  1.93e-09 |      
     2950 |   0.5119 |  5.303395e+05 |   +1.66% |  2.83e-09 |      
     2960 |   0.4879 |  5.347232e+05 |   +0.83% |  4.17e-09 |      
     2970 |   0.4572 |  5.359383e+05 |   +0.23% |  6.15e-09 |      
     2980 |   0.4276 |  5.360355e+05 |   +0.02% |  9.05e-09 |      
     2990 |   0.3956 |  5.390471e+05 |   +0.56% |  1.33e-08 |      
     3000 |   0.3628 |  5.416797e+05 |   +0.49% |  1.96e-08 |      
     3010 |   0.3294 |  5.413183e+05 |   -0.07% |  2.89e-08 |      
     3020 |   0.2928 |  5.422360e+05 |   +0.17% |  4.26e-08 |      
     3030 |   0.2624 |  5.429921e+05 |   +0.14% |  6.28e-08 |      
     3040 |   0.2271 |  5.448867e+05 |   +0.35% |  9.25e-08 |      
     3050 |   0.1972 |  5.458295e+05 |   +0.17% |  1.36e-07 |      
[INFO GPL-0100] Timing-driven iteration 2/2, virtual: false.
[INFO GPL-0101]    Iter: 3052, overflow: 0.195, keep resizer changes at: 1, HPWL: 545941926
Iteration |   Area    | Resized | Buffers | Nets repaired | Remaining
---------------------------------------------------------------------
        0 |     +0.0% |       0 |       0 |             0 |     18376
    final |     +0.0% |       3 |       2 |             5 |         0
---------------------------------------------------------------------
[INFO RSZ-0034] Found 4 slew violations.
[INFO RSZ-0036] Found 1 capacitance violations.
[INFO RSZ-0039] Resized 3 instances.
[INFO RSZ-0038] Inserted 2 buffers in 5 nets.
   Iter   |    Area   | Removed | Inserted |   Pins
          |           | Buffers | Buffers  | Remaining
-------------------------------------------------------
        0 |     +0.0% |       0 |        0 |     14719
     1400 |     +0.1% |     361 |      387 |     13319
     2800 |     -0.0% |     442 |      451 |     11919
     4200 |     -0.1% |     550 |      549 |     10519
     5600 |     -0.1% |     597 |      606 |      9119
     7000 |     +0.2% |     722 |      808 |      7719
     8400 |     +0.3% |     753 |      852 |      6319
     9800 |     +0.3% |     981 |     1075 |      4919
    11200 |     +0.4% |    1124 |     1222 |      3519
    12600 |     +0.9% |    1685 |     1882 |      2119
    14000 |     +0.9% |    2959 |     3168 |       719
    final |     +1.1% |    3142 |     3377 |         0
-------------------------------------------------------
[INFO GPL-0106] Timing-driven: worst slack -1.9268018e-09
[INFO GPL-0107] Timing-driven: repair_design delta area: 181.951 um^2 (+0.08%)
[INFO GPL-0108] Timing-driven: repair_design, gpl delta gcells: 237 (+1.35%)
[INFO GPL-0109] Timing-driven: repair_design, gcells created: 3379, deleted: 3142
[INFO GPL-0110] Timing-driven: new target density: 0.6666938
Iteration | Overflow |     HPWL (um) |  HPWL(%) |   Penalty | Group
---------------------------------------------------------------
     3060 |   0.1721 |  5.708312e+05 |   +4.58% |  2.00e-07 |      
     3070 |   0.1475 |  5.656843e+05 |   -0.90% |  2.95e-07 |      
     3080 |   0.1266 |  5.641175e+05 |   -0.28% |  4.34e-07 |      
     3090 |   0.1075 |  5.635626e+05 |   -0.10% |  6.39e-07 |      
     3095 |   0.0981 |  5.634786e+05 |          |  8.07e-07 |      
---------------------------------------------------------------
[INFO GPL-1001] Global placement finished at iteration 3095
[INFO GPL-1017] Routability mode iteration count: 2711
[INFO GPL-1005] Routability final weighted congestion: 1.0229
[INFO GPL-1002] Placed Cell Area            216628.2165
[INFO GPL-1003] Available Free Area         406252.1280
[INFO GPL-1004] Minimum Feasible Density        0.4400 (cell_area / free_area)
[INFO GPL-1006]   Suggested Target Densities:
[INFO GPL-1007]     - For 90% usage of free space: 0.5925
[INFO GPL-1008]     - For 80% usage of free space: 0.6665
[INFO GPL-1011] Original area (um^2): 175087.09
[INFO GPL-1012] Total routability artificial inflation: 15270.90 (+8.72%)
[INFO GPL-1013] Total timing-driven delta area: 26270.22 (+15.00%)
[INFO GPL-1014] Final placement area: 216628.22 (+23.73%)
Took 31 seconds: global_placement -density 0.6 -pad_left 0 -pad_right 0 -routability_driven -timing_driven -force_center_initial_place -min_phi_coef 0.95 -max_phi_coef 1.05
estimate_parasitics -placement
Report metrics stage 3, global place...

==========================================================================
global place report_design_area
--------------------------------------------------------------------------
Design area 203618 um^2 49% utilization.
write_db ./results/sky130hd/chia_sha256_benchmark_corrupted/slot0/3_3_place_gp.odb
Log                       Ext     Elapsed/s Peak Memory/MB sha1sum result [0:20)
3_3_place_gp              .odb           34            495 29be8ab30931b2cb7f25
/root/OpenROAD-flow-scripts/flow/scripts/flow.sh 3_4_place_resized resize
Running resize.tcl, stage 3_4_place_resized
read_liberty /root/OpenROAD-flow-scripts/flow/platforms/sky130hd/lib/sky130_fd_sc_hd__tt_025C_1v80.lib
read_db ./results/sky130hd/chia_sha256_benchmark_corrupted/slot0/3_3_place_gp.odb
read_sdc ./results/sky130hd/chia_sha256_benchmark_corrupted/slot0/2_floorplan.sdc
source /root/OpenROAD-flow-scripts/flow/platforms/sky130hd/setRC.tcl
estimate_parasitics -placement
Perform buffer insertion and gate resizing...
repair_design -verbose -match_cell_footprint
Iteration |   Area    | Resized | Buffers | Nets repaired | Remaining
---------------------------------------------------------------------
        0 |     +0.0% |       0 |       0 |             0 |     18613
     1000 |     +0.0% |       0 |       0 |             0 |     17613
     2000 |     +0.0% |       0 |       0 |             0 |     16613
     3000 |     +0.0% |       0 |       0 |             0 |     15613
     4000 |     +0.0% |       0 |       0 |             0 |     14613
     5000 |     +0.0% |       0 |       0 |             0 |     13613
     6000 |     +0.0% |       0 |       0 |             0 |     12613
     7000 |     +0.0% |       0 |       0 |             0 |     11613
     8000 |     +0.0% |       0 |       0 |             0 |     10613
     9000 |     +0.0% |       0 |       0 |             0 |      9613
    10000 |     +0.0% |       0 |       0 |             0 |      8613
    11000 |     +0.0% |       0 |       0 |             0 |      7613
    12000 |     +0.0% |       0 |       0 |             0 |      6613
    13000 |     +0.0% |       0 |       0 |             0 |      5613
    14000 |     +0.0% |       0 |       0 |             0 |      4613
    15000 |     +0.0% |       0 |       0 |             0 |      3613
    16000 |     +0.0% |       0 |       0 |             0 |      2613
    17000 |     +0.0% |       0 |       0 |             0 |      1613
    18000 |     +0.0% |       0 |       0 |             0 |       613
    final |     +0.0% |       0 |       0 |             0 |         0
---------------------------------------------------------------------
[INFO RSZ-0504] Runtime: 0.83s
Repair setup and hold violations...
estimate_parasitics -placement
repair_timing -repair_tns 100 -match_cell_footprint -verbose
[INFO RSZ-0100] Repair move sequence: UnbufferMove SizeUpMove SwapPinsMove BufferMove CloneMove SplitLoadMove 
[INFO RSZ-0094] Found 90 endpoints with setup violations.
[INFO RSZ-0099] Repairing 90 out of 90 (100.00%) violating endpoints...
   Iter   | Removed | Resized | Inserted | Cloned |  Pin  |   Area   |    WNS   |   StTNS    |   EnTNS    |  Viol  |  Worst  
          | Buffers |  Gates  | Buffers  |  Gates | Swaps |          |          |            |            | Endpts | St/EnPt 
------------------------------------------------------------------------------------------------------------------------------
       0* |       0 |       0 |        0 |      0 |     0 |    +0.0% |   -2.174 |    -1382.8 |     -105.7 |     90 | digest\[254\]$_DFFE_PN0P_/D
      10* |       0 |       6 |        0 |      2 |     1 |    +0.0% |   -2.012 |    -1382.5 |      -93.7 |     90 | digest\[254\]$_DFFE_PN0P_/D
      20* |       0 |      15 |        0 |      2 |     2 |    +0.1% |   -1.898 |    -1257.9 |      -88.6 |     90 | digest\[254\]$_DFFE_PN0P_/D
      30* |       0 |      23 |        1 |      3 |     2 |    +0.1% |   -1.779 |    -1124.6 |      -83.3 |     90 | digest\[254\]$_DFFE_PN0P_/D
      40* |       0 |      30 |        3 |      5 |     2 |    +0.2% |   -1.773 |    -1095.4 |      -81.2 |     90 | digest\[254\]$_DFFE_PN0P_/D
      50* |       0 |      34 |        5 |      7 |     5 |    +0.2% |   -1.720 |    -1093.5 |      -77.0 |     90 | digest\[254\]$_DFFE_PN0P_/D
      60* |       0 |      42 |        9 |      7 |     6 |    +0.3% |   -1.702 |    -1091.9 |      -77.0 |     90 | digest\[254\]$_DFFE_PN0P_/D
      70* |       0 |      51 |       10 |      7 |     6 |    +0.3% |   -1.670 |    -1055.0 |      -75.2 |     90 | digest\[254\]$_DFFE_PN0P_/D
      80* |       0 |      54 |       10 |      7 |    13 |    +0.3% |   -1.716 |    -1030.3 |      -80.9 |     90 | digest\[254\]$_DFFE_PN0P_/D
      90* |       0 |      56 |       12 |      7 |    19 |    +0.3% |   -1.724 |    -1034.7 |      -81.6 |     90 | digest\[254\]$_DFFE_PN0P_/D
     100* |       0 |      58 |       14 |      8 |    24 |    +0.3% |   -1.768 |    -1024.5 |      -85.8 |     90 | digest\[254\]$_DFFE_PN0P_/D
     110* |       0 |      61 |       15 |      8 |    30 |    +0.3% |   -1.739 |     -999.9 |      -84.7 |     90 | digest\[254\]$_DFFE_PN0P_/D
     120* |       0 |      64 |       15 |      8 |    37 |    +0.4% |   -1.733 |     -997.6 |      -83.7 |     90 | digest\[254\]$_DFFE_PN0P_/D
     122* |       0 |      52 |       10 |      7 |     7 |    +0.3% |   -1.667 |    -1020.8 |      -75.0 |     90 | digest\[254\]$_DFFE_PN0P_/D
     130* |       0 |      58 |       10 |      8 |     7 |    +0.3% |   -1.688 |     -986.3 |      -78.6 |     90 | digest\[254\]$_DFFE_PN0P_/D
     140* |       0 |      65 |       12 |      9 |     7 |    +0.4% |   -1.636 |     -940.3 |      -74.9 |     90 | digest\[254\]$_DFFE_PN0P_/D
     150* |       0 |      74 |       12 |     10 |     7 |    +0.4% |   -1.624 |     -937.6 |      -73.9 |     90 | digest\[254\]$_DFFE_PN0P_/D
     160* |       0 |      81 |       12 |     10 |    10 |    +0.4% |   -1.631 |     -937.1 |      -74.0 |     90 | digest\[254\]$_DFFE_PN0P_/D
     170* |       0 |      86 |       12 |     11 |    14 |    +0.4% |   -1.689 |     -912.1 |      -79.4 |     90 | digest\[248\]$_DFFE_PN0P_/D
     180* |       0 |      89 |       15 |     11 |    18 |    +0.5% |   -1.678 |     -906.2 |      -79.5 |     90 | digest\[248\]$_DFFE_PN0P_/D
     190* |       0 |      97 |       15 |     12 |    19 |    +0.5% |   -1.655 |     -885.3 |      -77.1 |     90 | digest\[248\]$_DFFE_PN0P_/D
     200* |       0 |     102 |       17 |     12 |    22 |    +0.5% |   -1.638 |     -902.6 |      -76.6 |     90 | digest\[248\]$_DFFE_PN0P_/D
     210* |       0 |     103 |       20 |     12 |    29 |    +0.5% |   -1.638 |     -899.0 |      -76.7 |     90 | digest\[248\]$_DFFE_PN0P_/D
     220* |       0 |     107 |       21 |     12 |    34 |    +0.5% |   -1.692 |     -939.5 |      -82.2 |     90 | digest\[254\]$_DFFE_PN0P_/D
     230* |       0 |     108 |       22 |     12 |    42 |    +0.5% |   -1.832 |    -1150.1 |      -84.0 |     90 | digest\[255\]$_DFFE_PN0P_/D
     238* |       0 |      96 |       15 |     11 |    19 |    +0.5% |   -1.622 |     -886.6 |      -74.4 |     90 | digest\[248\]$_DFFE_PN0P_/D
     240* |       0 |      97 |       15 |     11 |    19 |    +0.5% |   -1.622 |     -886.6 |      -74.5 |     90 | digest\[248\]$_DFFE_PN0P_/D
     250* |       0 |     100 |       16 |     12 |    24 |    +0.5% |   -1.654 |     -891.8 |      -75.9 |     90 | digest\[254\]$_DFFE_PN0P_/D
     260* |       0 |     105 |       16 |     12 |    29 |    +0.5% |   -1.628 |     -870.3 |      -75.2 |     90 | digest\[254\]$_DFFE_PN0P_/D
     270* |       0 |     108 |       16 |     12 |    36 |    +0.5% |   -1.657 |     -880.7 |      -76.7 |     90 | digest\[254\]$_DFFE_PN0P_/D
     280* |       0 |     109 |       21 |     12 |    40 |    +0.6% |   -1.677 |     -903.0 |      -77.0 |     90 | digest\[254\]$_DFFE_PN0P_/D
     284* |       0 |      97 |       16 |     11 |    20 |    +0.5% |   -1.586 |     -873.8 |      -73.8 |     90 | digest\[254\]$_DFFE_PN0P_/D
     290* |       0 |     101 |       16 |     12 |    20 |    +0.5% |   -1.619 |     -839.7 |      -75.9 |     90 | digest\[254\]$_DFFE_PN0P_/D
     300* |       0 |     107 |       20 |     12 |    22 |    +0.5% |   -1.619 |     -820.6 |      -75.6 |     90 | digest\[254\]$_DFFE_PN0P_/D
     310* |       0 |     110 |       20 |     12 |    29 |    +0.5% |   -1.607 |     -816.6 |      -74.6 |     90 | digest\[254\]$_DFFE_PN0P_/D
     320* |       0 |     116 |       20 |     12 |    33 |    +0.6% |   -1.607 |     -804.1 |      -74.3 |     90 | digest\[254\]$_DFFE_PN0P_/D
     330* |       0 |     119 |       23 |     12 |    37 |    +0.6% |   -1.605 |     -798.9 |      -77.5 |     90 | digest\[254\]$_DFFE_PN0P_/D
     335* |       0 |      97 |       16 |     11 |    20 |    +0.5% |   -1.586 |     -873.8 |      -73.8 |     90 | digest\[254\]$_DFFE_PN0P_/D
     340* |       0 |      99 |       16 |     12 |    21 |    +0.5% |   -1.619 |     -872.5 |      -76.4 |     90 | digest\[254\]$_DFFE_PN0P_/D
     350* |       0 |     107 |       19 |     12 |    22 |    +0.5% |   -1.607 |     -828.6 |      -74.5 |     90 | digest\[254\]$_DFFE_PN0P_/D
     356* |       0 |      97 |       16 |     11 |    20 |    +0.5% |   -1.586 |     -873.8 |      -73.8 |     90 | digest\[254\]$_DFFE_PN0P_/D
     360* |       0 |      99 |       17 |     11 |    20 |    +0.5% |   -1.607 |     -881.8 |      -74.1 |     90 | digest\[254\]$_DFFE_PN0P_/D
     370* |       0 |     106 |       18 |     12 |    21 |    +0.5% |   -1.608 |     -830.1 |      -76.0 |     90 | digest\[254\]$_DFFE_PN0P_/D
     373* |       0 |     100 |       18 |     11 |    21 |    +0.5% |   -1.586 |     -871.6 |      -73.9 |     90 | digest\[255\]$_DFFE_PN0P_/D
     380* |       0 |     103 |       18 |     12 |    23 |    +0.5% |   -1.608 |     -837.7 |      -76.1 |     90 | digest\[254\]$_DFFE_PN0P_/D
     390* |       1 |     111 |       19 |     12 |    23 |    +0.5% |   -1.633 |     -888.9 |      -74.1 |     90 | digest\[255\]$_DFFE_PN0P_/D
     399* |       0 |     100 |       18 |     11 |    21 |    +0.5% |   -1.586 |     -871.6 |      -73.9 |     90 | digest\[255\]$_DFFE_PN0P_/D
     400* |       0 |     100 |       18 |     11 |    21 |    +0.5% |   -1.586 |     -871.6 |      -73.9 |     90 | digest\[255\]$_DFFE_PN0P_/D
     407* |       0 |     104 |       18 |     12 |    23 |    +0.5% |   -1.581 |     -871.4 |      -72.4 |     90 | digest\[255\]$_DFFE_PN0P_/D
     410* |       0 |     106 |       18 |     12 |    23 |    +0.5% |   -1.580 |     -871.1 |      -72.4 |     90 | digest\[255\]$_DFFE_PN0P_/D
     420* |       0 |     112 |       20 |     13 |    25 |    +0.6% |   -1.599 |     -868.4 |      -74.7 |     90 | digest\[255\]$_DFFE_PN0P_/D
     420* |       0 |     107 |       20 |     12 |    23 |    +0.5% |   -1.573 |     -871.1 |      -72.2 |     90 | digest\[255\]$_DFFE_PN0P_/D
     430* |       1 |     112 |       20 |     13 |    25 |    +0.6% |   -1.583 |     -832.7 |      -72.8 |     90 | digest\[254\]$_DFFE_PN0P_/D
     440* |       1 |     121 |       21 |     13 |    25 |    +0.6% |   -1.633 |     -899.3 |      -73.3 |     90 | digest\[255\]$_DFFE_PN0P_/D
     443* |       0 |     107 |       20 |     12 |    23 |    +0.5% |   -1.573 |     -871.1 |      -72.2 |     90 | digest\[255\]$_DFFE_PN0P_/D
     450* |       0 |     111 |       21 |     12 |    24 |    +0.6% |   -1.573 |     -871.1 |      -72.7 |     90 | digest\[255\]$_DFFE_PN0P_/D
     460* |       0 |     119 |       22 |     12 |    25 |    +0.6% |   -1.573 |     -871.1 |      -70.0 |     90 | digest\[255\]$_DFFE_PN0P_/D
     463* |       0 |     121 |       23 |     12 |    25 |    +0.6% |   -1.573 |     -871.1 |      -70.1 |     90 | digest\[255\]$_DFFE_PN0P_/D
     470* |       0 |     126 |       23 |     13 |    25 |    +0.6% |   -1.583 |     -832.7 |      -71.3 |     90 | digest\[254\]$_DFFE_PN0P_/D
     480* |       1 |     134 |       24 |     13 |    25 |    +0.6% |   -1.592 |     -839.0 |      -71.0 |     90 | digest\[255\]$_DFFE_PN0P_/D
     482* |       0 |     121 |       23 |     12 |    25 |    +0.6% |   -1.573 |     -871.1 |      -70.1 |     90 | digest\[255\]$_DFFE_PN0P_/D
     490* |       1 |     126 |       23 |     13 |    25 |    +0.6% |   -1.583 |     -832.7 |      -70.8 |     90 | digest\[254\]$_DFFE_PN0P_/D
     499* |       0 |     121 |       23 |     12 |    25 |    +0.6% |   -1.573 |     -871.1 |      -70.1 |     90 | digest\[255\]$_DFFE_PN0P_/D
     500* |       0 |     121 |       23 |     12 |    25 |    +0.6% |   -1.573 |     -871.1 |      -70.1 |     90 | digest\[255\]$_DFFE_PN0P_/D
     503* |       0 |     123 |       23 |     12 |    26 |    +0.6% |   -1.573 |     -871.3 |      -70.0 |     90 | digest\[255\]$_DFFE_PN0P_/D
     506* |       0 |     123 |       23 |     12 |    26 |    +0.6% |   -1.573 |     -871.3 |      -70.0 |     90 | digest\[255\]$_DFFE_PN0P_/D
     510* |       0 |     124 |       23 |     13 |    27 |    +0.6% |   -1.599 |     -869.9 |      -72.6 |     90 | digest\[255\]$_DFFE_PN0P_/D
     520* |       1 |     133 |       23 |     13 |    27 |    +0.6% |   -1.596 |     -848.0 |      -70.2 |     90 | digest\[254\]$_DFFE_PN0P_/D
     530* |       1 |     139 |       25 |     13 |    29 |    +0.6% |   -1.596 |     -840.6 |      -70.9 |     90 | digest\[254\]$_DFFE_PN0P_/D
     531* |       0 |     123 |       23 |     12 |    26 |    +0.6% |   -1.573 |     -871.3 |      -70.0 |     90 | digest\[255\]$_DFFE_PN0P_/D
     540* |       0 |     130 |       23 |     13 |    26 |    +0.6% |   -1.596 |     -829.8 |      -72.1 |     90 | digest\[254\]$_DFFE_PN0P_/D
     544* |       0 |     123 |       23 |     12 |    26 |    +0.6% |   -1.573 |     -871.3 |      -70.0 |     90 | digest\[255\]$_DFFE_PN0P_/D
     550* |       0 |     125 |       24 |     12 |    28 |    +0.6% |   -1.573 |     -871.3 |      -70.2 |     90 | digest\[255\]$_DFFE_PN0P_/D
     560* |       0 |     129 |       25 |     12 |    33 |    +0.6% |   -1.573 |     -870.5 |      -69.8 |     90 | digest\[255\]$_DFFE_PN0P_/D
     570* |       0 |     133 |       28 |     12 |    36 |    +0.6% |   -1.573 |     -871.7 |      -68.6 |     90 | digest\[255\]$_DFFE_PN0P_/D
     580* |       0 |     135 |       29 |     12 |    43 |    +0.6% |   -1.573 |     -872.4 |      -68.5 |     90 | digest\[255\]$_DFFE_PN0P_/D
     590* |       0 |     136 |       30 |     13 |    50 |    +0.7% |   -1.625 |     -895.1 |      -71.6 |     90 | digest\[254\]$_DFFE_PN0P_/D
     600* |       0 |     141 |       31 |     13 |    54 |    +0.7% |   -1.697 |     -980.9 |      -75.1 |     90 | digest\[254\]$_DFFE_PN0P_/D
     607* |       0 |     133 |       29 |     12 |    40 |    +0.6% |   -1.573 |     -871.7 |      -68.5 |     90 | digest\[255\]$_DFFE_PN0P_/D
     610* |       0 |     133 |       29 |     13 |    41 |    +0.7% |   -1.602 |     -871.8 |      -71.0 |     90 | digest\[254\]$_DFFE_PN0P_/D
     620* |       0 |     142 |       30 |     13 |    41 |    +0.7% |   -1.602 |     -799.0 |      -69.9 |     90 | digest\[254\]$_DFFE_PN0P_/D
     624* |       0 |     133 |       29 |     12 |    40 |    +0.6% |   -1.573 |     -871.7 |      -68.5 |     90 | digest\[255\]$_DFFE_PN0P_/D
     630* |       0 |     135 |       29 |     13 |    42 |    +0.7% |   -1.602 |     -870.4 |      -70.8 |     90 | digest\[254\]$_DFFE_PN0P_/D
     640* |       1 |     142 |       29 |     13 |    44 |    +0.7% |   -1.602 |     -838.9 |      -68.6 |     90 | digest\[254\]$_DFFE_PN0P_/D
     650* |       1 |     147 |       32 |     13 |    46 |    +0.7% |   -1.602 |     -842.0 |      -68.9 |     90 | digest\[254\]$_DFFE_PN0P_/D
     656* |       0 |     133 |       29 |     12 |    40 |    +0.6% |   -1.573 |     -871.7 |      -68.5 |     90 | digest\[255\]$_DFFE_PN0P_/D
     658* |       0 |     133 |       29 |     12 |    40 |    +0.6% |   -1.573 |     -871.7 |      -68.5 |     90 | digest\[255\]$_DFFE_PN0P_/D
     660* |       0 |     134 |       29 |     12 |    40 |    +0.6% |   -1.573 |     -871.7 |      -68.5 |     90 | digest\[255\]$_DFFE_PN0P_/D
     670* |       0 |     138 |       29 |     13 |    45 |    +0.7% |   -1.608 |     -873.8 |      -70.9 |     90 | digest\[254\]$_DFFE_PN0P_/D
     680* |       0 |     145 |       30 |     13 |    47 |    +0.7% |   -1.609 |     -872.7 |      -70.7 |     90 | digest\[254\]$_DFFE_PN0P_/D
     686* |       0 |     135 |       29 |     12 |    40 |    +0.6% |   -1.573 |     -871.7 |      -68.5 |     90 | digest\[255\]$_DFFE_PN0P_/D
     690* |       0 |     137 |       29 |     12 |    41 |    +0.7% |   -1.573 |     -871.7 |      -68.5 |     90 | digest\[255\]$_DFFE_PN0P_/D
     698* |       0 |     136 |       29 |     12 |    40 |    +0.6% |   -1.573 |     -871.7 |      -68.5 |     90 | digest\[255\]$_DFFE_PN0P_/D
     700* |       0 |     137 |       29 |     12 |    40 |    +0.7% |   -1.573 |     -871.7 |      -68.2 |     90 | digest\[255\]$_DFFE_PN0P_/D
     710* |       0 |     142 |       30 |     13 |    43 |    +0.7% |   -1.602 |     -870.4 |      -70.3 |     90 | digest\[254\]$_DFFE_PN0P_/D
     720* |       0 |     144 |       32 |     13 |    49 |    +0.7% |   -1.602 |     -844.7 |      -71.3 |     90 | digest\[254\]$_DFFE_PN0P_/D
     730* |       1 |     147 |       35 |     13 |    53 |    +0.7% |   -1.602 |     -844.7 |      -71.8 |     90 | digest\[254\]$_DFFE_PN0P_/D
     740* |       1 |     155 |       35 |     13 |    55 |    +0.7% |   -1.602 |     -845.5 |      -71.2 |     90 | digest\[254\]$_DFFE_PN0P_/D
     750* |       3 |     160 |       35 |     13 |    58 |    +0.7% |   -1.625 |     -835.2 |      -70.7 |     90 | digest\[254\]$_DFFE_PN0P_/D
     752* |       0 |     139 |       29 |     12 |    40 |    +0.7% |   -1.573 |     -871.7 |      -67.9 |     90 | digest\[255\]$_DFFE_PN0P_/D
     760* |       0 |     142 |       31 |     13 |    41 |    +0.7% |   -1.602 |     -870.4 |      -70.3 |     90 | digest\[254\]$_DFFE_PN0P_/D
     770* |       0 |     147 |       35 |     13 |    42 |    +0.7% |   -1.602 |     -844.7 |      -71.0 |     90 | digest\[254\]$_DFFE_PN0P_/D
     780* |       0 |     156 |       35 |     13 |    43 |    +0.7% |   -1.602 |     -842.0 |      -70.2 |     90 | digest\[254\]$_DFFE_PN0P_/D
     790* |       2 |     162 |       35 |     13 |    45 |    +0.7% |   -1.605 |     -843.2 |      -68.8 |     90 | digest\[254\]$_DFFE_PN0P_/D
     792* |       0 |     141 |       29 |     12 |    40 |    +0.7% |   -1.573 |     -871.7 |      -67.6 |     90 | digest\[255\]$_DFFE_PN0P_/D
     800* |       0 |     145 |       29 |     12 |    43 |    +0.7% |   -1.573 |     -875.1 |      -67.0 |     90 | digest\[255\]$_DFFE_PN0P_/D
     810* |       0 |     149 |       29 |     13 |    48 |    +0.7% |   -1.602 |     -870.3 |      -69.6 |     90 | digest\[254\]$_DFFE_PN0P_/D
     820* |       0 |     153 |       31 |     13 |    52 |    +0.7% |   -1.602 |     -868.9 |      -70.7 |     90 | digest\[254\]$_DFFE_PN0P_/D
     830* |       0 |     160 |       32 |     13 |    54 |    +0.7% |   -1.602 |     -833.6 |      -69.1 |     90 | digest\[254\]$_DFFE_PN0P_/D
     840* |       1 |     164 |       32 |     13 |    59 |    +0.8% |   -1.605 |     -813.9 |      -68.3 |     90 | digest\[254\]$_DFFE_PN0P_/D
     850* |       2 |     170 |       33 |     13 |    61 |    +0.8% |   -1.605 |     -812.8 |      -66.0 |     90 | digest\[254\]$_DFFE_PN0P_/D
     851* |       0 |     146 |       29 |     12 |    43 |    +0.7% |   -1.573 |     -875.1 |      -67.0 |     90 | digest\[255\]$_DFFE_PN0P_/D
     860* |       0 |     150 |       30 |     13 |    45 |    +0.7% |   -1.602 |     -873.8 |      -69.4 |     90 | digest\[254\]$_DFFE_PN0P_/D
     870* |       0 |     156 |       33 |     13 |    46 |    +0.7% |   -1.607 |     -866.3 |      -70.1 |     90 | digest\[255\]$_DFFE_PN0P_/D
     880* |       1 |     161 |       34 |     13 |    49 |    +0.8% |   -1.607 |     -866.3 |      -69.3 |     90 | digest\[255\]$_DFFE_PN0P_/D
     889* |       0 |     146 |       29 |     12 |    43 |    +0.7% |   -1.573 |     -875.1 |      -67.0 |     90 | digest\[255\]$_DFFE_PN0P_/D
     890* |       0 |     146 |       29 |     12 |    43 |    +0.7% |   -1.573 |     -875.1 |      -67.0 |     90 | digest\[255\]$_DFFE_PN0P_/D
     900* |       0 |     152 |       31 |     13 |    44 |    +0.7% |   -1.602 |     -875.1 |      -69.7 |     90 | digest\[254\]$_DFFE_PN0P_/D
     910* |       1 |     157 |       33 |     13 |    46 |    +0.7% |   -1.602 |     -857.3 |      -70.8 |     90 | digest\[254\]$_DFFE_PN0P_/D
     920* |       1 |     164 |       35 |     13 |    47 |    +0.8% |   -1.607 |     -866.3 |      -70.3 |     90 | digest\[255\]$_DFFE_PN0P_/D
     930* |       2 |     170 |       38 |     13 |    47 |    +0.8% |   -1.607 |     -866.3 |      -69.7 |     90 | digest\[255\]$_DFFE_PN0P_/D
     930* |       0 |     149 |       31 |     12 |    44 |    +0.7% |   -1.573 |     -875.1 |      -67.5 |     90 | digest\[255\]$_DFFE_PN0P_/D
     940* |       0 |     155 |       33 |     13 |    44 |    +0.7% |   -1.602 |     -854.2 |      -69.4 |     90 | digest\[254\]$_DFFE_PN0P_/D
     950* |       0 |     163 |       34 |     13 |    45 |    +0.8% |   -1.607 |     -866.3 |      -69.1 |     90 | digest\[255\]$_DFFE_PN0P_/D
     952* |       0 |     149 |       31 |     12 |    44 |    +0.7% |   -1.573 |     -875.1 |      -67.5 |     90 | digest\[255\]$_DFFE_PN0P_/D
     960* |       0 |     152 |       32 |     13 |    46 |    +0.7% |   -1.602 |     -864.7 |      -70.6 |     90 | digest\[254\]$_DFFE_PN0P_/D
     970* |       0 |     162 |       32 |     13 |    46 |    +0.7% |   -1.607 |     -866.3 |      -69.6 |     90 | digest\[255\]$_DFFE_PN0P_/D
     970* |       0 |     149 |       31 |     12 |    44 |    +0.7% |   -1.573 |     -875.1 |      -67.5 |     90 | digest\[255\]$_DFFE_PN0P_/D
     980* |       0 |     155 |       32 |     13 |    45 |    +0.7% |   -1.602 |     -873.8 |      -70.6 |     90 | digest\[254\]$_DFFE_PN0P_/D
     990* |       0 |     162 |       34 |     13 |    46 |    +0.8% |   -1.607 |     -866.3 |      -70.8 |     90 | digest\[255\]$_DFFE_PN0P_/D
     993* |       0 |     151 |       31 |     12 |    44 |    +0.7% |   -1.573 |     -875.1 |      -67.6 |     90 | digest\[255\]$_DFFE_PN0P_/D
     999* |       0 |     152 |       31 |     12 |    45 |    +0.7% |   -1.573 |     -875.1 |      -67.6 |     90 | digest\[255\]$_DFFE_PN0P_/D
    1000* |       0 |     152 |       31 |     12 |    45 |    +0.7% |   -1.573 |     -875.1 |      -67.6 |     90 | digest\[255\]$_DFFE_PN0P_/D
    1010* |       0 |     158 |       34 |     13 |    45 |    +0.7% |   -1.602 |     -854.2 |      -69.7 |     90 | digest\[254\]$_DFFE_PN0P_/D
    1020* |       1 |     165 |       37 |     13 |    45 |    +0.8% |   -1.607 |     -866.3 |      -69.3 |     90 | digest\[255\]$_DFFE_PN0P_/D
    1022* |       0 |     152 |       31 |     12 |    45 |    +0.7% |   -1.573 |     -875.1 |      -67.6 |     90 | digest\[255\]$_DFFE_PN0P_/D
    1030* |       0 |     156 |       32 |     13 |    46 |    +0.7% |   -1.602 |     -870.1 |      -70.0 |     90 | digest\[254\]$_DFFE_PN0P_/D
    1040* |       0 |     162 |       33 |     13 |    49 |    +0.7% |   -1.602 |     -870.1 |      -69.9 |     90 | digest\[254\]$_DFFE_PN0P_/D
    1050* |       0 |     167 |       33 |     13 |    54 |    +0.8% |   -1.602 |     -868.8 |      -69.8 |     90 | digest\[254\]$_DFFE_PN0P_/D
    1060* |       0 |     171 |       35 |     13 |    58 |    +0.8% |   -1.610 |     -884.0 |      -70.1 |     90 | digest\[255\]$_DFFE_PN0P_/D
    1070* |       0 |     175 |       37 |     13 |    62 |    +0.8% |   -1.634 |     -892.1 |      -70.9 |     90 | digest\[255\]$_DFFE_PN0P_/D
    1074* |       0 |     152 |       31 |     12 |    46 |    +0.7% |   -1.573 |     -875.0 |      -67.6 |     90 | digest\[255\]$_DFFE_PN0P_/D
    1080* |       0 |     156 |       31 |     12 |    47 |    +0.7% |   -1.573 |     -875.1 |      -67.4 |     90 | digest\[255\]$_DFFE_PN0P_/D
    1090* |       1 |     160 |       35 |     12 |    48 |    +0.7% |   -1.573 |     -875.1 |      -67.7 |     90 | digest\[255\]$_DFFE_PN0P_/D
    1091* |       0 |     157 |       31 |     12 |    47 |    +0.7% |   -1.573 |     -875.1 |      -67.4 |     90 | digest\[255\]$_DFFE_PN0P_/D
    1100* |       0 |     162 |       32 |     12 |    49 |    +0.7% |   -1.586 |     -881.1 |      -67.8 |     90 | digest\[254\]$_DFFE_PN0P_/D
    1100* |       0 |     159 |       31 |     12 |    48 |    +0.7% |   -1.573 |     -875.8 |      -67.4 |     90 | digest\[255\]$_DFFE_PN0P_/D
    1110* |       0 |     164 |       31 |     13 |    51 |    +0.7% |   -1.604 |     -875.8 |      -70.0 |     90 | digest\[254\]$_DFFE_PN0P_/D
    1120* |       0 |     166 |       36 |     13 |    54 |    +0.8% |   -1.604 |     -875.8 |      -72.1 |     90 | digest\[254\]$_DFFE_PN0P_/D
    1130* |       0 |     171 |       36 |     13 |    59 |    +0.8% |   -1.604 |     -876.0 |      -70.4 |     90 | digest\[254\]$_DFFE_PN0P_/D
    1138* |       0 |     160 |       31 |     12 |    48 |    +0.7% |   -1.573 |     -875.8 |      -67.3 |     90 | digest\[255\]$_DFFE_PN0P_/D
    1140* |       0 |     161 |       31 |     12 |    48 |    +0.7% |   -1.573 |     -875.8 |      -67.3 |     90 | digest\[255\]$_DFFE_PN0P_/D
    1150* |       1 |     165 |       32 |     13 |    51 |    +0.8% |   -1.604 |     -875.8 |      -69.8 |     90 | digest\[254\]$_DFFE_PN0P_/D
    1160* |       1 |     172 |       34 |     13 |    52 |    +0.8% |   -1.619 |     -881.1 |      -69.9 |     90 | digest\[254\]$_DFFE_PN0P_/D
    1164* |       1 |     164 |       31 |     12 |    50 |    +0.7% |   -1.573 |     -875.7 |      -67.2 |     90 | digest\[255\]$_DFFE_PN0P_/D
    1170* |       1 |     167 |       31 |     13 |    51 |    +0.8% |   -1.604 |     -875.8 |      -69.5 |     90 | digest\[254\]$_DFFE_PN0P_/D
    1180* |       1 |     172 |       32 |     13 |    55 |    +0.8% |   -1.604 |     -875.8 |      -67.8 |     90 | digest\[254\]$_DFFE_PN0P_/D
    1190* |       2 |     177 |       35 |     13 |    56 |    +0.8% |   -1.607 |     -876.9 |      -67.2 |     90 | digest\[254\]$_DFFE_PN0P_/D
    1195* |       1 |     165 |       31 |     12 |    50 |    +0.7% |   -1.573 |     -875.7 |      -67.2 |     90 | digest\[255\]$_DFFE_PN0P_/D
    1200* |       1 |     167 |       33 |     13 |    50 |    +0.8% |   -1.604 |     -875.8 |      -67.8 |     90 | digest\[254\]$_DFFE_PN0P_/D
    1200* |       1 |     167 |       33 |     12 |    50 |    +0.7% |   -1.573 |     -875.7 |      -65.5 |     90 | digest\[255\]$_DFFE_PN0P_/D
    1200* |       1 |     167 |       33 |     12 |    50 |    +0.7% |   -1.573 |     -875.7 |      -65.5 |     90 | digest\[255\]$_DFFE_PN0P_/D
    1200+ |       1 |     167 |       33 |     12 |    50 |    +0.7% |   -1.573 |     -875.7 |      -65.5 |     79 | digest\[255\]$_DFFE_PN0P_/D
    1202+ |       1 |     168 |       33 |     12 |    50 |    +0.7% |   -1.571 |     -866.7 |      -65.4 |     79 | digest\[254\]$_DFFE_PN0P_/D
    1203+ |       1 |     168 |       33 |     12 |    50 |    +0.7% |   -1.571 |     -866.7 |      -65.4 |     79 | digest\[254\]$_DFFE_PN0P_/D
    1207+ |       1 |     171 |       33 |     12 |    50 |    +0.8% |   -1.571 |     -833.3 |      -64.8 |     79 | digest\[254\]$_DFFE_PN0P_/D
    1210+ |       1 |     173 |       33 |     12 |    50 |    +0.8% |   -1.571 |     -833.2 |      -64.7 |     79 | digest\[254\]$_DFFE_PN0P_/D
    1211+ |       1 |     174 |       33 |     12 |    50 |    +0.8% |   -1.571 |     -833.2 |      -64.7 |     79 | digest\[254\]$_DFFE_PN0P_/D
    1217+ |       1 |     179 |       33 |     12 |    50 |    +0.8% |   -1.571 |     -787.3 |      -64.1 |     79 | digest\[254\]$_DFFE_PN0P_/D
    1220+ |       1 |     181 |       33 |     12 |    50 |    +0.8% |   -1.571 |     -787.3 |      -64.1 |     79 | digest\[254\]$_DFFE_PN0P_/D
    1220+ |       1 |     181 |       33 |     12 |    50 |    +0.8% |   -1.571 |     -787.3 |      -64.1 |     79 | digest\[254\]$_DFFE_PN0P_/D
    1223+ |       1 |     183 |       33 |     12 |    50 |    +0.8% |   -1.571 |     -787.3 |      -63.2 |     79 | digest\[254\]$_DFFE_PN0P_/D
    1224+ |       1 |     183 |       33 |     12 |    50 |    +0.8% |   -1.571 |     -787.3 |      -63.2 |     79 | digest\[254\]$_DFFE_PN0P_/D
    1225+ |       1 |     183 |       33 |     12 |    50 |    +0.8% |   -1.571 |     -787.3 |      -63.2 |     79 | digest\[254\]$_DFFE_PN0P_/D
    1228+ |       1 |     185 |       33 |     12 |    50 |    +0.8% |   -1.571 |     -787.3 |      -63.2 |     79 | digest\[254\]$_DFFE_PN0P_/D
    1230+ |       1 |     186 |       33 |     12 |    50 |    +0.8% |   -1.571 |     -787.3 |      -63.2 |     79 | digest\[254\]$_DFFE_PN0P_/D
    1230+ |       1 |     186 |       33 |     12 |    50 |    +0.8% |   -1.571 |     -787.3 |      -63.2 |     79 | digest\[254\]$_DFFE_PN0P_/D
    1231+ |       1 |     186 |       33 |     12 |    50 |    +0.8% |   -1.571 |     -787.3 |      -63.2 |     79 | digest\[254\]$_DFFE_PN0P_/D
    1235+ |       1 |     189 |       33 |     12 |    50 |    +0.8% |   -1.571 |     -787.3 |      -63.2 |     79 | digest\[254\]$_DFFE_PN0P_/D
    1236+ |       1 |     189 |       33 |     12 |    50 |    +0.8% |   -1.571 |     -787.3 |      -63.2 |     79 | digest\[254\]$_DFFE_PN0P_/D
    1239+ |       1 |     191 |       33 |     12 |    50 |    +0.8% |   -1.571 |     -787.3 |      -63.1 |     79 | digest\[254\]$_DFFE_PN0P_/D
    1240+ |       1 |     191 |       33 |     12 |    50 |    +0.8% |   -1.571 |     -787.3 |      -63.1 |     79 | digest\[254\]$_DFFE_PN0P_/D
    1240+ |       1 |     191 |       33 |     12 |    50 |    +0.8% |   -1.571 |     -787.3 |      -63.1 |     79 | digest\[254\]$_DFFE_PN0P_/D
    1241+ |       1 |     191 |       33 |     12 |    50 |    +0.8% |   -1.571 |     -787.3 |      -63.1 |     79 | digest\[254\]$_DFFE_PN0P_/D
    1244+ |       1 |     193 |       33 |     12 |    50 |    +0.8% |   -1.571 |     -787.3 |      -63.1 |     79 | digest\[254\]$_DFFE_PN0P_/D
    1246+ |       1 |     194 |       33 |     12 |    50 |    +0.8% |   -1.571 |     -787.3 |      -63.1 |     79 | digest\[254\]$_DFFE_PN0P_/D
    1247+ |       1 |     194 |       33 |     12 |    50 |    +0.8% |   -1.571 |     -787.3 |      -63.1 |     79 | digest\[254\]$_DFFE_PN0P_/D
    1249+ |       1 |     195 |       33 |     12 |    50 |    +0.8% |   -1.571 |     -787.3 |      -63.0 |     79 | digest\[254\]$_DFFE_PN0P_/D
    1250+ |       1 |     195 |       33 |     12 |    50 |    +0.8% |   -1.571 |     -787.3 |      -63.0 |     79 | digest\[254\]$_DFFE_PN0P_/D
    1250+ |       1 |     195 |       33 |     12 |    50 |    +0.8% |   -1.571 |     -787.3 |      -63.0 |     79 | digest\[254\]$_DFFE_PN0P_/D
    1254+ |       1 |     198 |       33 |     12 |    50 |    +0.8% |   -1.571 |     -787.3 |      -62.4 |     79 | digest\[254\]$_DFFE_PN0P_/D
    1256+ |       1 |     199 |       33 |     12 |    50 |    +0.8% |   -1.571 |     -787.3 |      -62.4 |     79 | digest\[254\]$_DFFE_PN0P_/D
    1257+ |       1 |     199 |       33 |     12 |    50 |    +0.8% |   -1.571 |     -787.3 |      -62.4 |     79 | digest\[254\]$_DFFE_PN0P_/D
    1258+ |       1 |     199 |       33 |     12 |    50 |    +0.8% |   -1.571 |     -787.3 |      -62.4 |     79 | digest\[254\]$_DFFE_PN0P_/D
    1260+ |       1 |     200 |       33 |     12 |    50 |    +0.8% |   -1.571 |     -787.3 |      -62.4 |     79 | digest\[254\]$_DFFE_PN0P_/D
    1261+ |       1 |     201 |       33 |     12 |    50 |    +0.8% |   -1.571 |     -787.3 |      -62.4 |     79 | digest\[254\]$_DFFE_PN0P_/D
    1262+ |       1 |     201 |       33 |     12 |    50 |    +0.8% |   -1.571 |     -787.3 |      -62.4 |     79 | digest\[254\]$_DFFE_PN0P_/D
    1263+ |       1 |     201 |       33 |     12 |    50 |    +0.8% |   -1.571 |     -787.3 |      -62.4 |     79 | digest\[254\]$_DFFE_PN0P_/D
    1265+ |       1 |     202 |       33 |     12 |    50 |    +0.8% |   -1.571 |     -787.3 |      -62.3 |     79 | digest\[254\]$_DFFE_PN0P_/D
    1268+ |       1 |     204 |       33 |     12 |    50 |    +0.8% |   -1.571 |     -787.3 |      -62.3 |     79 | digest\[254\]$_DFFE_PN0P_/D
    1270+ |       1 |     205 |       33 |     12 |    50 |    +0.8% |   -1.571 |     -787.3 |      -62.3 |     79 | digest\[254\]$_DFFE_PN0P_/D
    1270+ |       1 |     205 |       33 |     12 |    50 |    +0.8% |   -1.571 |     -787.3 |      -62.3 |     79 | digest\[254\]$_DFFE_PN0P_/D
    1273+ |       1 |     207 |       33 |     12 |    50 |    +0.8% |   -1.571 |     -787.3 |      -62.2 |     79 | digest\[254\]$_DFFE_PN0P_/D
    1274+ |       1 |     207 |       33 |     12 |    50 |    +0.8% |   -1.571 |     -787.3 |      -62.2 |     79 | digest\[254\]$_DFFE_PN0P_/D
    1276+ |       1 |     208 |       33 |     12 |    50 |    +0.8% |   -1.571 |     -787.3 |      -61.3 |     79 | digest\[254\]$_DFFE_PN0P_/D
    1280+ |       1 |     211 |       33 |     12 |    50 |    +0.8% |   -1.571 |     -787.3 |      -61.2 |     79 | digest\[254\]$_DFFE_PN0P_/D
    1280+ |       1 |     211 |       33 |     12 |    50 |    +0.8% |   -1.571 |     -787.3 |      -61.2 |     79 | digest\[254\]$_DFFE_PN0P_/D
    1282+ |       1 |     212 |       33 |     12 |    50 |    +0.8% |   -1.571 |     -787.3 |      -61.2 |     79 | digest\[254\]$_DFFE_PN0P_/D
    1285+ |       1 |     214 |       33 |     12 |    50 |    +0.8% |   -1.571 |     -787.3 |      -61.1 |     79 | digest\[254\]$_DFFE_PN0P_/D
    1288+ |       1 |     215 |       33 |     12 |    51 |    +0.8% |   -1.571 |     -787.3 |      -61.0 |     79 | digest\[254\]$_DFFE_PN0P_/D
    1290+ |       1 |     216 |       33 |     12 |    51 |    +0.8% |   -1.571 |     -787.3 |      -61.0 |     79 | digest\[254\]$_DFFE_PN0P_/D
    1292+ |       1 |     218 |       33 |     12 |    51 |    +0.8% |   -1.571 |     -787.3 |      -60.5 |     79 | digest\[254\]$_DFFE_PN0P_/D
    1294+ |       1 |     219 |       33 |     12 |    51 |    +0.9% |   -1.571 |     -787.3 |      -60.5 |     79 | digest\[254\]$_DFFE_PN0P_/D
    1295+ |       1 |     219 |       33 |     12 |    51 |    +0.9% |   -1.571 |     -787.3 |      -60.5 |     79 | digest\[254\]$_DFFE_PN0P_/D
    1298+ |       1 |     221 |       33 |     12 |    51 |    +0.9% |   -1.571 |     -787.3 |      -60.4 |     79 | digest\[254\]$_DFFE_PN0P_/D
    1299+ |       1 |     221 |       33 |     12 |    51 |    +0.9% |   -1.571 |     -787.3 |      -60.4 |     79 | digest\[254\]$_DFFE_PN0P_/D
    1300+ |       1 |     221 |       33 |     12 |    51 |    +0.9% |   -1.571 |     -787.3 |      -60.4 |     79 | digest\[254\]$_DFFE_PN0P_/D
    1301+ |       1 |     221 |       33 |     12 |    51 |    +0.9% |   -1.571 |     -787.3 |      -60.4 |     79 | digest\[254\]$_DFFE_PN0P_/D
    1302+ |       1 |     221 |       33 |     12 |    51 |    +0.9% |   -1.571 |     -787.3 |      -60.4 |     79 | digest\[254\]$_DFFE_PN0P_/D
    1305+ |       1 |     223 |       33 |     12 |    51 |    +0.9% |   -1.571 |     -787.3 |      -60.1 |     79 | digest\[254\]$_DFFE_PN0P_/D
    1308+ |       1 |     225 |       33 |     12 |    51 |    +0.9% |   -1.571 |     -787.3 |      -60.1 |     79 | digest\[254\]$_DFFE_PN0P_/D
    1309+ |       1 |     225 |       33 |     12 |    51 |    +0.9% |   -1.571 |     -787.3 |      -60.1 |     79 | digest\[254\]$_DFFE_PN0P_/D
    1310+ |       1 |     225 |       33 |     12 |    51 |    +0.9% |   -1.571 |     -787.3 |      -60.1 |     79 | digest\[254\]$_DFFE_PN0P_/D
    1311+ |       1 |     226 |       33 |     12 |    51 |    +0.9% |   -1.571 |     -787.3 |      -60.0 |     79 | digest\[254\]$_DFFE_PN0P_/D
    1314+ |       1 |     228 |       33 |     12 |    51 |    +0.9% |   -1.571 |     -787.3 |      -60.0 |     79 | digest\[254\]$_DFFE_PN0P_/D
    1315+ |       1 |     228 |       33 |     12 |    51 |    +0.9% |   -1.571 |     -787.3 |      -60.0 |     79 | digest\[254\]$_DFFE_PN0P_/D
    1316+ |       1 |     228 |       33 |     12 |    51 |    +0.9% |   -1.571 |     -787.3 |      -60.0 |     79 | digest\[254\]$_DFFE_PN0P_/D
    1317+ |       1 |     228 |       33 |     12 |    51 |    +0.9% |   -1.571 |     -787.3 |      -60.0 |     79 | digest\[254\]$_DFFE_PN0P_/D
    1320+ |       1 |     229 |       33 |     12 |    52 |    +0.9% |   -1.571 |     -787.3 |      -60.0 |     79 | digest\[254\]$_DFFE_PN0P_/D
    1323+ |       1 |     231 |       33 |     12 |    53 |    +0.9% |   -1.571 |     -787.3 |      -59.9 |     79 | digest\[254\]$_DFFE_PN0P_/D
    1324+ |       1 |     231 |       33 |     12 |    53 |    +0.9% |   -1.571 |     -787.3 |      -59.9 |     79 | digest\[254\]$_DFFE_PN0P_/D
    1326+ |       1 |     232 |       33 |     12 |    53 |    +0.9% |   -1.571 |     -787.3 |      -59.9 |     79 | digest\[254\]$_DFFE_PN0P_/D
    1328+ |       1 |     233 |       33 |     12 |    53 |    +0.9% |   -1.571 |     -787.3 |      -59.9 |     79 | digest\[254\]$_DFFE_PN0P_/D
    1329+ |       1 |     233 |       33 |     12 |    53 |    +0.9% |   -1.571 |     -787.3 |      -59.9 |     79 | digest\[254\]$_DFFE_PN0P_/D
    1330+ |       1 |     233 |       33 |     12 |    53 |    +0.9% |   -1.571 |     -787.3 |      -59.9 |     79 | digest\[254\]$_DFFE_PN0P_/D
    1330+ |       1 |     233 |       33 |     12 |    53 |    +0.9% |   -1.571 |     -787.3 |      -59.9 |     79 | digest\[254\]$_DFFE_PN0P_/D
    1333+ |       1 |     234 |       33 |     12 |    54 |    +0.9% |   -1.571 |     -787.3 |      -59.9 |     79 | digest\[254\]$_DFFE_PN0P_/D
    1335+ |       1 |     235 |       33 |     12 |    54 |    +0.9% |   -1.571 |     -787.3 |      -59.8 |     79 | digest\[254\]$_DFFE_PN0P_/D
    1337+ |       1 |     236 |       33 |     12 |    54 |    +0.9% |   -1.571 |     -787.3 |      -59.7 |     79 | digest\[254\]$_DFFE_PN0P_/D
    1338+ |       1 |     236 |       33 |     12 |    54 |    +0.9% |   -1.571 |     -787.3 |      -59.7 |     79 | digest\[254\]$_DFFE_PN0P_/D
    1340+ |       1 |     237 |       33 |     12 |    54 |    +0.9% |   -1.571 |     -787.3 |      -59.6 |     79 | digest\[254\]$_DFFE_PN0P_/D
    1340+ |       1 |     237 |       33 |     12 |    54 |    +0.9% |   -1.571 |     -787.3 |      -59.6 |     79 | digest\[254\]$_DFFE_PN0P_/D
    1345+ |       1 |     241 |       33 |     12 |    54 |    +0.9% |   -1.571 |     -787.3 |      -59.4 |     79 | digest\[254\]$_DFFE_PN0P_/D
    1346+ |       1 |     241 |       33 |     12 |    54 |    +0.9% |   -1.571 |     -787.3 |      -59.4 |     79 | digest\[254\]$_DFFE_PN0P_/D
    1347+ |       1 |     241 |       33 |     12 |    54 |    +0.9% |   -1.571 |     -787.3 |      -59.4 |     79 | digest\[254\]$_DFFE_PN0P_/D
    1348+ |       1 |     241 |       33 |     12 |    54 |    +0.9% |   -1.571 |     -787.3 |      -59.4 |     79 | digest\[254\]$_DFFE_PN0P_/D
    1349+ |       1 |     241 |       33 |     12 |    54 |    +0.9% |   -1.571 |     -787.3 |      -59.4 |     79 | digest\[254\]$_DFFE_PN0P_/D
    1350+ |       1 |     241 |       33 |     12 |    54 |    +0.9% |   -1.571 |     -787.3 |      -59.4 |     79 | digest\[254\]$_DFFE_PN0P_/D
    1351+ |       1 |     241 |       33 |     12 |    55 |    +0.9% |   -1.571 |     -787.3 |      -59.4 |     79 | digest\[254\]$_DFFE_PN0P_/D
    1352+ |       1 |     241 |       33 |     12 |    55 |    +0.9% |   -1.571 |     -787.3 |      -59.4 |     79 | digest\[254\]$_DFFE_PN0P_/D
    1353+ |       1 |     241 |       33 |     12 |    55 |    +0.9% |   -1.571 |     -787.3 |      -59.4 |     79 | digest\[254\]$_DFFE_PN0P_/D
    1354+ |       1 |     241 |       33 |     12 |    55 |    +0.9% |   -1.571 |     -787.3 |      -59.4 |     79 | digest\[254\]$_DFFE_PN0P_/D
    1357+ |       1 |     244 |       33 |     12 |    55 |    +0.9% |   -1.571 |     -787.3 |      -59.2 |     79 | digest\[254\]$_DFFE_PN0P_/D
    1360+ |       1 |     245 |       33 |     12 |    56 |    +0.9% |   -1.571 |     -787.3 |      -59.2 |     79 | digest\[254\]$_DFFE_PN0P_/D
    1363+ |       1 |     248 |       33 |     12 |    57 |    +0.9% |   -1.571 |     -787.3 |      -59.0 |     79 | digest\[254\]$_DFFE_PN0P_/D
    1365+ |       1 |     249 |       33 |     12 |    58 |    +0.9% |   -1.571 |     -787.3 |      -59.0 |     79 | digest\[254\]$_DFFE_PN0P_/D
    1366+ |       1 |     249 |       33 |     12 |    58 |    +0.9% |   -1.571 |     -787.3 |      -59.0 |     79 | digest\[254\]$_DFFE_PN0P_/D
    final |       1 |     249 |       33 |     12 |    58 |    +0.9% |   -1.571 |     -787.3 |      -59.0 |     75 | digest\[254\]$_DFFE_PN0P_/D
------------------------------------------------------------------------------------------------------------------------------
[INFO RSZ-0059] Removed 1 buffers.
[INFO RSZ-0040] Inserted 33 buffers.
[INFO RSZ-0051] Resized 249 instances: 248 up, 1 up match, 0 down, 0 VT
[INFO RSZ-0043] Swapped pins on 58 instances.
[INFO RSZ-0049] Cloned 12 instances.
[WARNING RSZ-0062] Unable to repair all setup violations.
[INFO RSZ-0505] Runtime: 26.73s
[INFO RSZ-0033] No hold violations found.
[INFO RSZ-0506] Runtime: 0.01s
Took 27 seconds: repair_timing -repair_tns 100 -match_cell_footprint -verbose
Floating nets: 
Report metrics stage 3, resizer...

==========================================================================
resizer report_design_area
--------------------------------------------------------------------------
Design area 205510 um^2 50% utilization.
Instance count before 23239, after 23283
Pin count before 65644, after 65732
write_db ./results/sky130hd/chia_sha256_benchmark_corrupted/slot0/3_4_place_resized.odb
Log                       Ext     Elapsed/s Peak Memory/MB sha1sum result [0:20)
3_4_place_resized         .odb           33            226 8d9c3c3ecbf527db6a53
/root/OpenROAD-flow-scripts/flow/scripts/flow.sh 3_5_place_dp detail_place
Running detail_place.tcl, stage 3_5_place_dp
read_liberty /root/OpenROAD-flow-scripts/flow/platforms/sky130hd/lib/sky130_fd_sc_hd__tt_025C_1v80.lib
read_db ./results/sky130hd/chia_sha256_benchmark_corrupted/slot0/3_4_place_resized.odb
read_sdc ./results/sky130hd/chia_sha256_benchmark_corrupted/slot0/2_floorplan.sdc
source /root/OpenROAD-flow-scripts/flow/platforms/sky130hd/setRC.tcl
detailed_placement
[INFO DPL-0006] Core area: 413101.20 um^2
[INFO DPL-0007] Movable instances area: 198660.53 um^2
[INFO DPL-0008] Fixed instances area within core: 6849.07 um^2
[INFO DPL-0009] Utilization: 49.7%
[INFO DPL-0005] Diamond search max displacement: +/- 500 sites horizontally, +/- 100 rows vertically.
[INFO DPL-1102] Legalizing using negotiation legalizer.
[INFO DPL-1103] Negotiation base search window: +/-20 sites horizontally, +/-5 rows vertically 
	Automatic search window extension enabled.
	Search window extendable up to the max displacement cap of +/-500 sites, +/-100 rows near walls.
[INFO DPL-1104] NegotiationLegalizer DRC penalty: 5.
[INFO DPL-0392] Negotiation cell height distribution (1 unique row-count(s)):
[INFO DPL-0393]   height 1 row(s): 23283 cells
          |      Total |  Illegal |  Illegal
Iteration | Violations |    Cells |    Sites
---------------------------------------------
        0 |       1753 |       413 |      1340
        1 |        123 |        23 |       100
        2 |         22 |         4 |        18
        3 |         18 |         2 |        16
        4 |         21 |         3 |        18
        5 |          0 |         0 |         0
Negotiation phase 1 converged at iteration 5.
[INFO DPL-0500] Runtime: 0.24s
Placement Analysis
---------------------------------
total displacement      57958.6 u
average displacement        2.5 u
max displacement           23.1 u
original HPWL          567443.3 u
legalized HPWL         617403.1 u
delta HPWL                    9 %

improve_placement -max_displacement "5 1"
Detailed placement improvement.
[INFO DPL-0401] Setting random seed to 1.
[INFO DPL-0402] Setting maximum displacement 5 1 to 13600 2720 units.
[INFO DPL-0320] Collected 6246 fixed cells.
[INFO DPL-0318] Collected 17809 single height cells.
[INFO DPL-0321] Collected 0 wide cells.
[INFO DPL-0322] Image (1380, 2720) - (644920, 644640)
[INFO DPL-0310] Assigned 17809 cells into segments.  Movement in X-direction is 0.000000, movement in Y-direction is 0.000000.
[INFO DPL-0313] Found 0 cells in wrong regions.
[INFO DPL-0315] Found 0 row alignment problems.
[INFO DPL-0314] Found 0 site alignment problems.
[INFO DPL-0311] Found 0 overlaps between adjacent cells.
[INFO DPL-0312] Found 0 edge spacing violations and 0 padding violations.
[INFO DPL-0303] Running algorithm for independent set matching.
[INFO DPL-0300] Set matching objective is wirelength.
[INFO DPL-0301] Pass   1 of matching; objective is 6.172927e+08.
[INFO DPL-0302] End of matching; objective is 6.168713e+08, improvement is 0.07 percent.
[INFO DPL-0303] Running algorithm for global swaps.
[INFO DPL-0306] Pass   1 of global swaps; hpwl is 6.094745e+08.
[INFO DPL-0306] Pass   2 of global swaps; hpwl is 6.082727e+08.
[INFO DPL-0307] End of global swaps; objective is 6.082727e+08, improvement is 1.39 percent.
[INFO DPL-0303] Running algorithm for vertical swaps.
[INFO DPL-0308] Pass   1 of vertical swaps; hpwl is 6.063108e+08.
[INFO DPL-0309] End of vertical swaps; objective is 6.063108e+08, improvement is 0.32 percent.
[INFO DPL-0303] Running algorithm for reordering.
[INFO DPL-0304] Pass   1 of reordering; objective is 6.058569e+08.
[INFO DPL-0305] End of reordering; objective is 6.058569e+08, improvement is 0.07 percent.
[INFO DPL-0303] Running algorithm for random improvement.
[INFO DPL-0324] Random improver is using random generator.
[INFO DPL-0325] Random improver is using hpwl objective.
[INFO DPL-0326] Random improver cost string is (a).
[INFO DPL-0332] End of pass, Generator random called 356180 times.
[INFO DPL-0335] Generator random, Cumulative attempts 356180, swaps 50625, moves 83752 since last reset.
[INFO DPL-0333] End of pass, Objective hpwl, Initial cost 5.973104e+08, Scratch cost 5.915441e+08, Incremental cost 5.915441e+08, Mismatch? N
[INFO DPL-0338] End of pass, Total cost is 5.915441e+08.
[INFO DPL-0327] Pass   1 of random improver; improvement in cost is 0.97 percent.
[INFO DPL-0328] End of random improver; improvement is 0.965380 percent.
[INFO DPL-0380] Cell flipping.
[INFO DPL-0382] Changed 0 cell orientations for row compatibility.
[INFO DPL-0383] Performed 4832 cell flips.
[INFO DPL-0384] End of flipping; objective is 5.902401e+08, improvement is 1.65 percent.
[INFO DPL-0313] Found 0 cells in wrong regions.
[INFO DPL-0315] Found 0 row alignment problems.
[INFO DPL-0314] Found 0 site alignment problems.
[INFO DPL-0311] Found 0 overlaps between adjacent cells.
[INFO DPL-0312] Found 0 edge spacing violations and 0 padding violations.
Detailed Improvement Results
------------------------------------------
Original HPWL           617403.1 u (  267694.4,   349708.7)
Final HPWL              590419.7 u (  257103.9,   333315.8)
Delta HPWL                  -4.4 % (      -4.0,       -4.7)

optimize_mirroring
[INFO DPL-0020] Mirrored 907 instances
[INFO DPL-0021] HPWL before          590419.7 u
[INFO DPL-0022] HPWL after           590057.4 u
[INFO DPL-0023] HPWL delta               -0.1 %
[INFO FLW-0012] Placement violations .
estimate_parasitics -placement
Report metrics stage 3, detailed place...

==========================================================================
detailed place report_design_area
--------------------------------------------------------------------------
Design area 205510 um^2 50% utilization.
write_db ./results/sky130hd/chia_sha256_benchmark_corrupted/slot0/3_5_place_dp.odb
write_sdc -no_timestamp ./results/sky130hd/chia_sha256_benchmark_corrupted/slot0/3_place.sdc
Log                       Ext     Elapsed/s Peak Memory/MB sha1sum result [0:20)
3_5_place_dp              .odb            7            248 ecab24cec3784e62808d
cp ./results/sky130hd/chia_sha256_benchmark_corrupted/slot0/3_5_place_dp.odb ./results/sky130hd/chia_sha256_benchmark_corrupted/slot0/3_place.odb
make: Leaving directory '/root/OpenROAD-flow-scripts/flow'

STDERR:
bash: /opt/miniconda/lib/libtinfo.so.6: no version information available (required by bash)
bash: /opt/miniconda/lib/libtinfo.so.6: no version information available (required by bash)
bash: /opt/miniconda/lib/libtinfo.so.6: no version information available (required by bash)
bash: /opt/miniconda/lib/libtinfo.so.6: no version information available (required by bash)
bash: /opt/miniconda/lib/libtinfo.so.6: no version information available (required by bash)
bash: /opt/miniconda/lib/libtinfo.so.6: no version information available (required by bash)
bash: /opt/miniconda/lib/libtinfo.so.6: no version information available (required by bash)
bash: /opt/miniconda/lib/libtinfo.so.6: no version information available (required by bash)
bash: /opt/miniconda/lib/libtinfo.so.6: no version information available (required by bash)
bash: /opt/miniconda/lib/libtinfo.so.6: no version information available (required by bash)
bash: /opt/miniconda/lib/libtinfo.so.6: no version information available (required by bash)
bash: /opt/miniconda/lib/libtinfo.so.6: no version information available (required by bash)
bash: /opt/miniconda/lib/libtinfo.so.6: no version information available (required by bash)
bash: /opt/miniconda/lib/libtinfo.so.6: no version information available (required by bash)
bash: /opt/miniconda/lib/libtinfo.so.6: no version information available (required by bash)
bash: /opt/miniconda/lib/libtinfo.so.6: no version information available (required by bash)
bash: /opt/miniconda/lib/libtinfo.so.6: no version information available (required by bash)
bash: /opt/miniconda/lib/libtinfo.so.6: no version information available (required by bash)
bash: /opt/miniconda/lib/libtinfo.so.6: no version information available (required by bash)
bash: /opt/miniconda/lib/libtinfo.so.6: no version information available (required by bash)
bash: /opt/miniconda/lib/libtinfo.so.6: no version information available (required by bash)
bash: /opt/miniconda/lib/libtinfo.so.6: no version information available (required by bash)
bash: /opt/miniconda/lib/libtinfo.so.6: no version information available (required by bash)
bash: /opt/miniconda/lib/libtinfo.so.6: no version information available (required by bash)
Elapsed time: 0:02.51[h:]min:sec. CPU time: user 2.43 sys 0.06 (99%). Peak memory: 180604KB.
bash: /opt/miniconda/lib/libtinfo.so.6: no version information available (required by bash)
bash: /opt/miniconda/lib/libtinfo.so.6: no version information available (required by bash)
bash: /opt/miniconda/lib/libtinfo.so.6: no version information available (required by bash)
bash: /opt/miniconda/lib/libtinfo.so.6: no version information available (required by bash)
bash: /opt/miniconda/lib/libtinfo.so.6: no version information available (required by bash)
bash: /opt/miniconda/lib/libtinfo.so.6: no version information available (required by bash)
bash: /opt/miniconda/lib/libtinfo.so.6: no version information available (required by bash)
bash: /opt/miniconda/lib/libtinfo.so.6: no version information available (required by bash)
bash: /opt/miniconda/lib/libtinfo.so.6: no version information available (required by bash)
bash: /opt/miniconda/lib/libtinfo.so.6: no version information available (required by bash)
bash: /opt/miniconda/lib/libtinfo.so.6: no version information available (required by bash)
bash: /opt/miniconda/lib/libtinfo.so.6: no version information available (required by bash)
bash: /opt/miniconda/lib/libtinfo.so.6: no version information available (required by bash)
bash: /opt/miniconda/lib/libtinfo.so.6: no version information available (required by bash)
Elapsed time: 0:00.42[h:]min:sec. CPU time: user 0.35 sys 0.05 (96%). Peak memory: 161212KB.
bash: /opt/miniconda/lib/libtinfo.so.6: no version information available (required by bash)
bash: /opt/miniconda/lib/libtinfo.so.6: no version information available (required by bash)
bash: /opt/miniconda/lib/libtinfo.so.6: no version information available (required by bash)
bash: /opt/miniconda/lib/libtinfo.so.6: no version information available (required by bash)
bash: /opt/miniconda/lib/libtinfo.so.6: no version information available (required by bash)
bash: /opt/miniconda/lib/libtinfo.so.6: no version information available (required by bash)
bash: /opt/miniconda/lib/libtinfo.so.6: no version information available (required by bash)
bash: /opt/miniconda/lib/libtinfo.so.6: no version information available (required by bash)
bash: /opt/miniconda/lib/libtinfo.so.6: no version information available (required by bash)
bash: /opt/miniconda/lib/libtinfo.so.6: no version information available (required by bash)
bash: /opt/miniconda/lib/libtinfo.so.6: no version information available (required by bash)
bash: /opt/miniconda/lib/libtinfo.so.6: no version information available (required by bash)
bash: /opt/miniconda/lib/libtinfo.so.6: no version information available (required by bash)
bash: /opt/miniconda/lib/libtinfo.so.6: no version information available (required by bash)
Elapsed time: 0:34.91[h:]min:sec. CPU time: user 34.62 sys 0.26 (99%). Peak memory: 506992KB.
bash: /opt/miniconda/lib/libtinfo.so.6: no version information available (required by bash)
bash: /opt/miniconda/lib/libtinfo.so.6: no version information available (required by bash)
bash: /opt/miniconda/lib/libtinfo.so.6: no version information available (required by bash)
bash: /opt/miniconda/lib/libtinfo.so.6: no version information available (required by bash)
bash: /opt/miniconda/lib/libtinfo.so.6: no version information available (required by bash)
bash: /opt/miniconda/lib/libtinfo.so.6: no version information available (required by bash)
bash: /opt/miniconda/lib/libtinfo.so.6: no version information available (required by bash)
bash: /opt/miniconda/lib/libtinfo.so.6: no version information available (required by bash)
bash: /opt/miniconda/lib/libtinfo.so.6: no version information available (required by bash)
bash: /opt/miniconda/lib/libtinfo.so.6: no version information available (required by bash)
bash: /opt/miniconda/lib/libtinfo.so.6: no version information available (required by bash)
bash: /opt/miniconda/lib/libtinfo.so.6: no version information available (required by bash)
bash: /opt/miniconda/lib/libtinfo.so.6: no version information available (required by bash)
bash: /opt/miniconda/lib/libtinfo.so.6: no version information available (required by bash)
Elapsed time: 0:33.02[h:]min:sec. CPU time: user 32.59 sys 0.17 (99%). Peak memory: 231496KB.
bash: /opt/miniconda/lib/libtinfo.so.6: no version information available (required by bash)
bash: /opt/miniconda/lib/libtinfo.so.6: no version information available (required by bash)
bash: /opt/miniconda/lib/libtinfo.so.6: no version information available (required by bash)
bash: /opt/miniconda/lib/libtinfo.so.6: no version information available (required by bash)
bash: /opt/miniconda/lib/libtinfo.so.6: no version information available (required by bash)
bash: /opt/miniconda/lib/libtinfo.so.6: no version information available (required by bash)
bash: /opt/miniconda/lib/libtinfo.so.6: no version information available (required by bash)
bash: /opt/miniconda/lib/libtinfo.so.6: no version information available (required by bash)
bash: /opt/miniconda/lib/libtinfo.so.6: no version information available (required by bash)
bash: /opt/miniconda/lib/libtinfo.so.6: no version information available (required by bash)
bash: /opt/miniconda/lib/libtinfo.so.6: no version information available (required by bash)
bash: /opt/miniconda/lib/libtinfo.so.6: no version information available (required by bash)
bash: /opt/miniconda/lib/libtinfo.so.6: no version information available (required by bash)
bash: /opt/miniconda/lib/libtinfo.so.6: no version information available (required by bash)
Elapsed time: 0:07.73[h:]min:sec. CPU time: user 7.51 sys 0.09 (98%). Peak memory: 254456KB.
bash: /opt/miniconda/lib/libtinfo.so.6: no version information available (required by bash)
bash: /opt/miniconda/lib/libtinfo.so.6: no version information available (required by bash)
bash: /opt/miniconda/lib/libtinfo.so.6: no version information available (required by bash)
bash: /opt/miniconda/lib/libtinfo.so.6: no version information available (required by bash)
bash: /opt/miniconda/lib/libtinfo.so.6: no version information available (required by bash)
bash: /opt/miniconda/lib/libtinfo.so.6: no version information available (required by bash)
bash: /opt/miniconda/lib/libtinfo.so.6: no version information available (required by bash)
bash: /opt/miniconda/lib/libtinfo.so.6: no version information available (required by bash)
bash: /opt/miniconda/lib/libtinfo.so.6: no version information available (required by bash)
bash: /opt/miniconda/lib/libtinfo.so.6: no version information available (required by bash)
bash: /opt/miniconda/lib/libtinfo.so.6: no version information available (required by bash)
bash: /opt/miniconda/lib/libtinfo.so.6: no version information available (required by bash)
bash: /opt/miniconda/lib/libtinfo.so.6: no version information available (required by bash)
