make: Entering directory '/root/OpenROAD-flow-scripts/flow'
/root/OpenROAD-flow-scripts/flow/scripts/flow.sh 5_1_grt global_route
Running global_route.tcl, stage 5_1_grt
read_liberty /root/OpenROAD-flow-scripts/flow/platforms/sky130hd/lib/sky130_fd_sc_hd__tt_025C_1v80.lib
read_db ./results/sky130hd/chia_sha256_benchmark_corrupted/base/4_cts.odb
read_sdc ./results/sky130hd/chia_sha256_benchmark_corrupted/base/4_cts.sdc
source /root/OpenROAD-flow-scripts/flow/platforms/sky130hd/setRC.tcl
pin_access
[INFO DRT-0149] Reading tech and libs.
[WARNING DRT-0349] LEF58_ENCLOSURE with no CUTCLASS is not supported. Skipping for layer mcon
[WARNING DRT-0349] LEF58_ENCLOSURE with no CUTCLASS is not supported. Skipping for layer mcon
[WARNING DRT-0349] LEF58_ENCLOSURE with no CUTCLASS is not supported. Skipping for layer via
[WARNING DRT-0349] LEF58_ENCLOSURE with no CUTCLASS is not supported. Skipping for layer via
[WARNING DRT-0349] LEF58_ENCLOSURE with no CUTCLASS is not supported. Skipping for layer via2
[WARNING DRT-0349] LEF58_ENCLOSURE with no CUTCLASS is not supported. Skipping for layer via2
[WARNING DRT-0349] LEF58_ENCLOSURE with no CUTCLASS is not supported. Skipping for layer via3
[WARNING DRT-0349] LEF58_ENCLOSURE with no CUTCLASS is not supported. Skipping for layer via3
[WARNING DRT-0349] LEF58_ENCLOSURE with no CUTCLASS is not supported. Skipping for layer via4
[WARNING DRT-0349] LEF58_ENCLOSURE with no CUTCLASS is not supported. Skipping for layer via4

Units:                1000
Number of layers:     13
Number of macros:     441
Number of vias:       29
Number of viarulegen: 25

[INFO DRT-0150] Reading design.
[WARNING DRT-0120] Large net net5073 has 215 pins which may impact routing performance. Consider optimization.
[WARNING DRT-0120] Large net net5072 has 194 pins which may impact routing performance. Consider optimization.
[WARNING DRT-0120] Large net net5534 has 132 pins which may impact routing performance. Consider optimization.
[WARNING DRT-0120] Large net net5761 has 250 pins which may impact routing performance. Consider optimization.
[WARNING DRT-0120] Large net net7666 has 150 pins which may impact routing performance. Consider optimization.
[WARNING DRT-0120] Large net net7660 has 122 pins which may impact routing performance. Consider optimization.
[WARNING DRT-0120] Large net net7657 has 126 pins which may impact routing performance. Consider optimization.
[WARNING DRT-0120] Large net net7656 has 155 pins which may impact routing performance. Consider optimization.
[WARNING DRT-0120] Large net net7662 has 127 pins which may impact routing performance. Consider optimization.
[WARNING DRT-0120] Large net net7671 has 101 pins which may impact routing performance. Consider optimization.
[WARNING DRT-0120] Large net net7672 has 107 pins which may impact routing performance. Consider optimization.
[WARNING DRT-0120] Large net net7677 has 118 pins which may impact routing performance. Consider optimization.
[WARNING DRT-0120] Large net net7675 has 162 pins which may impact routing performance. Consider optimization.
[WARNING DRT-0120] Large net net7673 has 114 pins which may impact routing performance. Consider optimization.
[WARNING DRT-0120] Large net net7676 has 115 pins which may impact routing performance. Consider optimization.
[WARNING DRT-0120] Large net net7651 has 108 pins which may impact routing performance. Consider optimization.
[WARNING DRT-0120] Large net net7650 has 122 pins which may impact routing performance. Consider optimization.
[WARNING DRT-0120] Large net net7647 has 178 pins which may impact routing performance. Consider optimization.

Design:                   sha256
Die area:                 ( 0 0 ) ( 646075 646075 )
Number of track patterns: 12
Number of DEF vias:       0
Number of components:     23968
Number of terminals:      774
Number of snets:          2
Number of nets:           19105

[INFO DRT-0167] List of default vias:
  Layer via
    default via: M1M2_PR
  Layer via2
    default via: M2M3_PR
  Layer via3
    default via: M3M4_PR
  Layer via4
    default via: M4M5_PR
[INFO DRT-0162] Library cell analysis.
[INFO DRT-0163] Instance analysis.
[INFO DRT-0164] Number of unique instances = 276.
[INFO DRT-0168] Init region query.
[INFO DRT-0024]   Complete FR_MASTERSLICE.
[INFO DRT-0024]   Complete Fr_VIA.
[INFO DRT-0024]   Complete li1.
[INFO DRT-0024]   Complete mcon.
[INFO DRT-0024]   Complete met1.
[INFO DRT-0024]   Complete via.
[INFO DRT-0024]   Complete met2.
[INFO DRT-0024]   Complete via2.
[INFO DRT-0024]   Complete met3.
[INFO DRT-0024]   Complete via3.
[INFO DRT-0024]   Complete met4.
[INFO DRT-0024]   Complete via4.
[INFO DRT-0024]   Complete met5.
[INFO DRT-0033] FR_MASTERSLICE shape region query size = 0.
[INFO DRT-0033] FR_VIA shape region query size = 0.
[INFO DRT-0033] li1 shape region query size = 660123.
[INFO DRT-0033] mcon shape region query size = 390652.
[INFO DRT-0033] met1 shape region query size = 120931.
[INFO DRT-0033] via shape region query size = 27850.
[INFO DRT-0033] met2 shape region query size = 17227.
[INFO DRT-0033] via2 shape region query size = 22280.
[INFO DRT-0033] met3 shape region query size = 16965.
[INFO DRT-0033] via3 shape region query size = 22280.
[INFO DRT-0033] met4 shape region query size = 6722.
[INFO DRT-0033] via4 shape region query size = 1105.
[INFO DRT-0033] met5 shape region query size = 1199.
[INFO DRT-0165] Start pin access.
[INFO DRT-0076]   Complete 1000 pins.
[INFO DRT-0076]   Complete 2000 pins.
[INFO DRT-0078]   Complete 2222 pins.
[INFO DRT-0079]   Complete 100 unique inst patterns.
[INFO DRT-0079]   Complete 200 unique inst patterns.
[INFO DRT-0081]   Complete 276 unique inst patterns.
[INFO DRT-0082]   Complete 10000 groups.
[INFO DRT-0084]   Complete 12456 groups.
#scanned instances     = 23968
#unique  instances     = 276
#stdCellGenAp          = 10194
#stdCellValidPlanarAp  = 144
#stdCellValidViaAp     = 6565
#stdCellPinNoAp        = 10
#stdCellPinCnt         = 66865
#instTermValidViaApCnt = 0
#macroGenAp            = 0
#macroValidPlanarAp    = 0
#macroValidViaAp       = 0
#macroNoAp             = 0
[INFO DRT-0166] Complete pin access.
[INFO DRT-0267] cpu time = 00:02:46, elapsed time = 00:02:46, memory = 262.81 (MB), peak = 277.36 (MB)
Took 167 seconds: pin_access
global_route -congestion_report_file ./reports/sky130hd/chia_sha256_benchmark_corrupted/base/congestion.rpt -congestion_iterations 30 -congestion_report_iter_step 5 -verbose
[INFO GRT-0020] Min routing layer: met1
[INFO GRT-0021] Max routing layer: met5
[INFO GRT-0022] Global adjustment: 0%
[INFO GRT-0023] Grid origin: (0, 0)
[INFO GRT-0088] Layer li1     Track-Pitch = 0.4600  line-2-Via Pitch: 0.3400
[INFO GRT-0088] Layer met1    Track-Pitch = 0.3400  line-2-Via Pitch: 0.3400
[INFO GRT-0088] Layer met2    Track-Pitch = 0.4600  line-2-Via Pitch: 0.3500
[INFO GRT-0088] Layer met3    Track-Pitch = 0.6800  line-2-Via Pitch: 0.6150
[INFO GRT-0088] Layer met4    Track-Pitch = 0.9200  line-2-Via Pitch: 1.0400
[INFO GRT-0088] Layer met5    Track-Pitch = 3.4000  line-2-Via Pitch: 3.1100
[INFO GRT-0003] Macros: 0
[INFO GRT-0004] Blockages: 63087
[INFO GRT-0019] Found 304 clock nets.
[INFO GRT-0001] Minimum degree: 2
[INFO GRT-0002] Maximum degree: 250

[INFO GRT-0053] Routing resources analysis:
          Routing      Original      Derated      Resource
Layer     Direction    Resources     Resources    Reduction (%)
---------------------------------------------------------------
li1        Vertical            0             0          0.00%
met1       Horizontal     126798         98186          22.57%
met2       Vertical       111136         85376          23.18%
met3       Horizontal      83122         65228          21.53%
met4       Vertical        54832         39100          28.69%
met5       Horizontal      12236          8648          29.32%
---------------------------------------------------------------

[INFO GRT-0101] Running extra iterations to remove congestion.
[INFO GRT-0102] Start extra iteration 1/30
[INFO GRT-0102] Start extra iteration 2/30
[INFO GRT-0102] Start extra iteration 3/30
[INFO GRT-0197] Via related to pin nodes: 116375
[INFO GRT-0198] Via related Steiner nodes: 3473
[INFO GRT-0199] Via filling finished.
[INFO GRT-0111] Final number of vias: 150935
[INFO GRT-0112] Final usage 3D: 569897

[INFO GRT-0096] Final congestion report:
Layer         Resource        Demand        Usage (%)    Max H / Max V / Total Congestion
---------------------------------------------------------------------------------------
li1                  0             0            0.00%             0 /  0 /  0
met1             98186         46830           47.70%             0 /  0 /  0
met2             85376         47754           55.93%             0 /  0 /  0
met3             65228          8421           12.91%             0 /  0 /  0
met4             39100         14019           35.85%             0 /  0 /  0
met5              8648            68            0.79%             0 /  0 /  0
---------------------------------------------------------------------------------------
Total           296538        117092           39.49%             0 /  0 /  0

[INFO GRT-0018] Total wirelength: 1169846 um
[INFO GRT-0014] Routed nets: 19095
[INFO GRT-0303] Global routing runtime = 00:00:01
[WARNING STA-0450] virtual clock vclk can not be propagated.
estimate_parasitics -global_routing
Perform buffer insertion and gate resizing...
repair_design -verbose
Iteration |   Area    | Resized | Buffers | Nets repaired | Remaining
---------------------------------------------------------------------
        0 |     +0.0% |       0 |       0 |             0 |     19342
     1000 |     +0.0% |       0 |       0 |             0 |     18342
     2000 |     +0.0% |       0 |       0 |             0 |     17342
     3000 |     +0.0% |       0 |       0 |             0 |     16342
     4000 |     +0.0% |       0 |       0 |             0 |     15342
     5000 |     +0.0% |       0 |       0 |             0 |     14342
     6000 |     +0.0% |       0 |       0 |             0 |     13342
     7000 |     +0.0% |       0 |       0 |             0 |     12342
     8000 |     +0.0% |       0 |       0 |             0 |     11342
     9000 |     +0.0% |       0 |       0 |             0 |     10342
    10000 |     +0.0% |       0 |       0 |             0 |      9342
[WARNING RSZ-0104] Net _12922_ only has one pin. Check if it is intended to be dangling.
[WARNING RSZ-0104] Net _12920_ only has one pin. Check if it is intended to be dangling.
    11000 |     +0.0% |       0 |       0 |             0 |      8342
[WARNING RSZ-0104] Net _12926_ only has one pin. Check if it is intended to be dangling.
[WARNING RSZ-0104] Net _12925_ only has one pin. Check if it is intended to be dangling.
[WARNING RSZ-0104] Net _12924_ only has one pin. Check if it is intended to be dangling.
[WARNING RSZ-0104] Net _12928_ only has one pin. Check if it is intended to be dangling.
[WARNING RSZ-0104] Net _12927_ only has one pin. Check if it is intended to be dangling.
[WARNING RSZ-0104] Net _12921_ only has one pin. Check if it is intended to be dangling.
    12000 |     +0.0% |       0 |       0 |             0 |      7342
[WARNING RSZ-0104] Net _12923_ only has one pin. Check if it is intended to be dangling.
[WARNING RSZ-0104] Net _12930_ only has one pin. Check if it is intended to be dangling.
    13000 |     +0.0% |       0 |       0 |             0 |      6342
    14000 |     +0.0% |       0 |       0 |             0 |      5342
    15000 |     +0.0% |       0 |       0 |             0 |      4342
    16000 |     +0.0% |       0 |       0 |             0 |      3342
    17000 |     +0.0% |       0 |       0 |             0 |      2342
    18000 |     +0.0% |       0 |       0 |             0 |      1342
    19000 |     +0.0% |       0 |       0 |             0 |       342
    final |     +0.0% |       0 |       0 |             0 |         0
---------------------------------------------------------------------
[INFO RSZ-0504] Runtime: 0.83s
global_route -start_incremental
detailed_placement
[INFO DPL-0006] Core area: 413101.20 um^2
[INFO DPL-0007] Movable instances area: 212284.85 um^2
[INFO DPL-0008] Fixed instances area within core: 6849.07 um^2
[INFO DPL-0009] Utilization: 53.0%
[INFO DPL-0005] Diamond search max displacement: +/- 500 sites horizontally, +/- 100 rows vertically.
[INFO DPL-1102] Legalizing using negotiation legalizer.
[INFO DPL-1103] Negotiation base search window: +/-20 sites horizontally, +/-5 rows vertically 
	Automatic search window extension enabled.
	Search window extendable up to the max displacement cap of +/-500 sites, +/-100 rows near walls.
[INFO DPL-1104] NegotiationLegalizer DRC penalty: 5.
[INFO DPL-0392] Negotiation cell height distribution (1 unique row-count(s)):
[INFO DPL-0393]   height 1 row(s): 23968 cells
[INFO DPL-0500] Runtime: 0.07s
Placement Analysis
---------------------------------
total displacement          0.0 u
average displacement        0.0 u
max displacement            0.0 u
original HPWL          636117.9 u
legalized HPWL         636117.9 u
delta HPWL                    0 %

global_route -end_incremental -congestion_report_file ./reports/sky130hd/chia_sha256_benchmark_corrupted/base/congestion_post_repair_design.rpt
Repair setup and hold violations...
estimate_parasitics -global_routing
repair_timing -setup_margin 0 -hold_margin 0 -repair_tns 100 -verbose
[INFO RSZ-0100] Repair move sequence: UnbufferMove SizeUpMove SwapPinsMove BufferMove CloneMove SplitLoadMove 
[INFO RSZ-0094] Found 111 endpoints with setup violations.
[INFO RSZ-0099] Repairing 111 out of 111 (100.00%) violating endpoints...
   Iter   | Removed | Resized | Inserted | Cloned |  Pin  |   Area   |    WNS   |   StTNS    |   EnTNS    |  Viol  |  Worst  
          | Buffers |  Gates  | Buffers  |  Gates | Swaps |          |          |            |            | Endpts | St/EnPt 
------------------------------------------------------------------------------------------------------------------------------
       0* |       0 |       0 |        0 |      0 |     0 |    +0.0% |   -3.133 |    -3933.0 |     -206.1 |    111 | digest\[254\]$_DFFE_PN0P_/D
      10* |       0 |       3 |        2 |      0 |     4 |    +0.0% |   -3.075 |    -3799.7 |     -205.7 |    111 | digest\[251\]$_DFFE_PN0P_/D
      20* |       0 |       9 |        2 |      0 |     8 |    +0.0% |   -3.051 |    -3788.8 |     -202.9 |    111 | digest\[255\]$_DFFE_PN0P_/D
      30* |       0 |      12 |        2 |      0 |    15 |    +0.0% |   -3.024 |    -3762.9 |     -202.6 |    111 | digest\[255\]$_DFFE_PN0P_/D
      40* |       0 |      14 |        2 |      0 |    23 |    +0.0% |   -3.071 |    -3757.2 |     -205.3 |    111 | digest\[251\]$_DFFE_PN0P_/D
      50* |       0 |      15 |        2 |      0 |    32 |    +0.0% |   -3.161 |    -3898.9 |     -205.7 |    111 | digest\[255\]$_DFFE_PN0P_/D
      60* |       0 |      18 |        6 |      0 |    36 |    +0.1% |   -3.135 |    -3837.8 |     -209.4 |    111 | digest\[255\]$_DFFE_PN0P_/D
      70* |       0 |      20 |        7 |      0 |    43 |    +0.1% |   -3.186 |    -3951.1 |     -209.2 |    111 | digest\[254\]$_DFFE_PN0P_/D
      80* |       0 |      22 |        9 |      0 |    49 |    +0.1% |   -3.142 |    -3878.5 |     -206.8 |    111 | digest\[254\]$_DFFE_PN0P_/D
      90* |       0 |      25 |       10 |      0 |    55 |    +0.1% |   -3.187 |    -3917.0 |     -208.8 |    111 | digest\[255\]$_DFFE_PN0P_/D
      94* |       0 |      14 |        2 |      0 |    27 |    +0.0% |   -3.019 |    -3751.6 |     -202.6 |    111 | digest\[255\]$_DFFE_PN0P_/D
     100* |       0 |      17 |        3 |      0 |    28 |    +0.0% |   -3.008 |    -3703.5 |     -201.9 |    111 | digest\[251\]$_DFFE_PN0P_/D
     110* |       0 |      21 |        8 |      0 |    33 |    +0.1% |   -2.988 |    -3680.5 |     -201.3 |    111 | digest\[251\]$_DFFE_PN0P_/D
     120* |       0 |      25 |       11 |      0 |    36 |    +0.1% |   -2.962 |    -3629.1 |     -199.5 |    111 | digest\[254\]$_DFFE_PN0P_/D
     130* |       0 |      30 |       11 |      0 |    41 |    +0.1% |   -2.962 |    -3631.0 |     -199.3 |    111 | digest\[254\]$_DFFE_PN0P_/D
     140* |       1 |      33 |       12 |      0 |    46 |    +0.1% |   -2.965 |    -3637.6 |     -199.5 |    111 | digest\[255\]$_DFFE_PN0P_/D
     150* |       1 |      36 |       12 |      0 |    53 |    +0.1% |   -2.977 |    -3626.6 |     -199.3 |    111 | digest\[254\]$_DFFE_PN0P_/D
     160* |       1 |      37 |       12 |      0 |    62 |    +0.1% |   -2.977 |    -3621.5 |     -199.5 |    111 | digest\[254\]$_DFFE_PN0P_/D
     170* |       1 |      38 |       14 |      0 |    69 |    +0.1% |   -3.023 |    -3719.2 |     -202.2 |    111 | digest\[255\]$_DFFE_PN0P_/D
     180* |       1 |      39 |       15 |      0 |    77 |    +0.1% |   -3.007 |    -3667.6 |     -201.4 |    111 | digest\[255\]$_DFFE_PN0P_/D
     181* |       0 |      31 |       11 |      0 |    41 |    +0.1% |   -2.962 |    -3626.7 |     -199.3 |    111 | digest\[254\]$_DFFE_PN0P_/D
     190* |       0 |      32 |       11 |      0 |    48 |    +0.1% |   -3.052 |    -3731.2 |     -203.6 |    111 | digest\[254\]$_DFFE_PN0P_/D
     200* |       0 |      33 |       12 |      0 |    56 |    +0.1% |   -3.004 |    -3670.2 |     -202.1 |    111 | digest\[254\]$_DFFE_PN0P_/D
     202* |       0 |      31 |       11 |      0 |    41 |    +0.1% |   -2.962 |    -3626.7 |     -199.3 |    111 | digest\[254\]$_DFFE_PN0P_/D
     210* |       0 |      34 |       11 |      0 |    45 |    +0.1% |   -2.967 |    -3654.1 |     -200.0 |    111 | digest\[254\]$_DFFE_PN0P_/D
     220* |       1 |      39 |       12 |      0 |    48 |    +0.1% |   -2.944 |    -3618.5 |     -199.3 |    111 | digest\[255\]$_DFFE_PN0P_/D
     220* |       0 |      32 |       11 |      0 |    42 |    +0.1% |   -2.937 |    -3602.1 |     -199.7 |    111 | digest\[255\]$_DFFE_PN0P_/D
     227* |       0 |      33 |       11 |      0 |    42 |    +0.1% |   -2.937 |    -3602.1 |     -199.7 |    111 | digest\[255\]$_DFFE_PN0P_/D
     230* |       0 |      34 |       11 |      0 |    43 |    +0.1% |   -2.937 |    -3602.1 |     -199.5 |    111 | digest\[255\]$_DFFE_PN0P_/D
     234* |       0 |      36 |       11 |      0 |    43 |    +0.1% |   -2.937 |    -3602.1 |     -199.5 |    111 | digest\[255\]$_DFFE_PN0P_/D
     240* |       0 |      36 |       11 |      0 |    48 |    +0.1% |   -2.937 |    -3602.6 |     -199.5 |    111 | digest\[255\]$_DFFE_PN0P_/D
     250* |       1 |      40 |       12 |      0 |    52 |    +0.1% |   -2.932 |    -3583.5 |     -199.0 |    111 | digest\[255\]$_DFFE_PN0P_/D
     260* |       1 |      45 |       13 |      0 |    56 |    +0.2% |   -2.922 |    -3550.2 |     -198.5 |    111 | digest\[251\]$_DFFE_PN0P_/D
     270* |       1 |      47 |       17 |      0 |    62 |    +0.2% |   -2.944 |    -3605.6 |     -198.8 |    111 | digest\[255\]$_DFFE_PN0P_/D
     280* |       1 |      54 |       20 |      0 |    62 |    +0.2% |   -2.948 |    -3601.4 |     -198.6 |    111 | digest\[255\]$_DFFE_PN0P_/D
     285* |       1 |      45 |       13 |      0 |    57 |    +0.2% |   -2.922 |    -3542.9 |     -198.4 |    111 | digest\[251\]$_DFFE_PN0P_/D
     290* |       1 |      47 |       14 |      0 |    58 |    +0.2% |   -2.921 |    -3541.6 |     -198.5 |    111 | digest\[254\]$_DFFE_PN0P_/D
     290* |       1 |      46 |       13 |      0 |    58 |    +0.2% |   -2.921 |    -3541.6 |     -198.4 |    111 | digest\[254\]$_DFFE_PN0P_/D
     300* |       1 |      52 |       19 |      0 |    59 |    +0.2% |   -2.943 |    -3602.6 |     -198.5 |    111 | digest\[255\]$_DFFE_PN0P_/D
     305* |       1 |      46 |       13 |      0 |    58 |    +0.2% |   -2.921 |    -3541.6 |     -198.4 |    111 | digest\[254\]$_DFFE_PN0P_/D
     310* |       1 |      47 |       14 |      0 |    60 |    +0.2% |   -2.926 |    -3547.5 |     -198.5 |    111 | digest\[254\]$_DFFE_PN0P_/D
     314* |       1 |      46 |       13 |      0 |    58 |    +0.2% |   -2.921 |    -3541.6 |     -198.4 |    111 | digest\[254\]$_DFFE_PN0P_/D
     320* |       1 |      48 |       14 |      0 |    60 |    +0.2% |   -2.921 |    -3541.6 |     -200.6 |    111 | digest\[254\]$_DFFE_PN0P_/D
     330* |       1 |      50 |       15 |      0 |    67 |    +0.2% |   -3.051 |    -3758.1 |     -204.1 |    111 | digest\[126\]$_DFFE_PN0P_/D
     340* |       1 |      53 |       17 |      0 |    72 |    +0.2% |   -3.028 |    -3715.2 |     -205.5 |    111 | digest\[126\]$_DFFE_PN0P_/D
     350* |       3 |      56 |       18 |      0 |    76 |    +0.2% |   -2.944 |    -3574.8 |     -200.7 |    111 | digest\[254\]$_DFFE_PN0P_/D
     351* |       1 |      48 |       13 |      0 |    60 |    +0.2% |   -2.921 |    -3541.6 |     -197.8 |    111 | digest\[254\]$_DFFE_PN0P_/D
     360* |       1 |      50 |       16 |      0 |    63 |    +0.2% |   -2.921 |    -3541.6 |     -200.9 |    111 | digest\[254\]$_DFFE_PN0P_/D
     370* |       2 |      54 |       16 |      0 |    68 |    +0.2% |   -2.944 |    -3574.8 |     -199.1 |    111 | digest\[254\]$_DFFE_PN0P_/D
     378* |       3 |      55 |       17 |      0 |    68 |    +0.2% |   -2.910 |    -3532.1 |     -197.6 |    111 | digest\[254\]$_DFFE_PN0P_/D
     380* |       3 |      55 |       18 |      0 |    68 |    +0.2% |   -2.910 |    -3532.1 |     -200.1 |    111 | digest\[254\]$_DFFE_PN0P_/D
     385* |       3 |      55 |       17 |      0 |    68 |    +0.2% |   -2.910 |    -3532.1 |     -197.6 |    111 | digest\[254\]$_DFFE_PN0P_/D
     390* |       3 |      57 |       18 |      0 |    69 |    +0.2% |   -2.910 |    -3532.1 |     -200.2 |    111 | digest\[254\]$_DFFE_PN0P_/D
     397* |       3 |      55 |       17 |      0 |    68 |    +0.2% |   -2.910 |    -3532.1 |     -197.6 |    111 | digest\[254\]$_DFFE_PN0P_/D
     400* |       3 |      55 |       17 |      0 |    70 |    +0.2% |   -2.916 |    -3543.9 |     -197.7 |    111 | digest\[255\]$_DFFE_PN0P_/D
     410* |       3 |      58 |       20 |      0 |    74 |    +0.2% |   -2.970 |    -3608.4 |     -201.7 |    111 | digest\[255\]$_DFFE_PN0P_/D
     420* |       3 |      60 |       29 |      0 |    78 |    +0.2% |   -2.918 |    -3548.4 |     -200.5 |    111 | digest\[255\]$_DFFE_PN0P_/D
     426* |       3 |      55 |       17 |      0 |    69 |    +0.2% |   -2.910 |    -3532.1 |     -197.4 |    111 | digest\[254\]$_DFFE_PN0P_/D
     430* |       3 |      55 |       17 |      0 |    72 |    +0.2% |   -2.910 |    -3532.1 |     -197.3 |    111 | digest\[254\]$_DFFE_PN0P_/D
     440* |       3 |      58 |       23 |      0 |    74 |    +0.2% |   -2.910 |    -3532.1 |     -198.7 |    111 | digest\[254\]$_DFFE_PN0P_/D
     450* |       4 |      62 |       23 |      0 |    79 |    +0.2% |   -2.910 |    -3532.1 |     -198.1 |    111 | digest\[254\]$_DFFE_PN0P_/D
     460* |       7 |      62 |       25 |      0 |    84 |    +0.2% |   -2.905 |    -3528.2 |     -195.8 |    111 | digest\[254\]$_DFFE_PN0P_/D
     463* |       7 |      62 |       25 |      0 |    84 |    +0.2% |   -2.905 |    -3528.2 |     -195.8 |    111 | digest\[254\]$_DFFE_PN0P_/D
     470* |       7 |      65 |       26 |      0 |    86 |    +0.2% |   -2.905 |    -3528.2 |     -197.9 |    111 | digest\[254\]$_DFFE_PN0P_/D
     470* |       7 |      62 |       25 |      0 |    84 |    +0.2% |   -2.905 |    -3528.2 |     -195.8 |    111 | digest\[254\]$_DFFE_PN0P_/D
     477* |       7 |      62 |       25 |      0 |    84 |    +0.2% |   -2.905 |    -3528.2 |     -195.8 |    111 | digest\[254\]$_DFFE_PN0P_/D
     480* |       7 |      62 |       25 |      0 |    86 |    +0.2% |   -2.905 |    -3528.2 |     -195.8 |    111 | digest\[254\]$_DFFE_PN0P_/D
     490* |       7 |      63 |       26 |      0 |    94 |    +0.2% |   -2.905 |    -3531.8 |     -198.1 |    111 | digest\[254\]$_DFFE_PN0P_/D
     500* |       7 |      64 |       27 |      0 |   102 |    +0.2% |   -2.948 |    -3534.0 |     -202.8 |    111 | digest\[255\]$_DFFE_PN0P_/D
     510* |       8 |      67 |       28 |      0 |   107 |    +0.2% |   -2.905 |    -3536.3 |     -197.9 |    111 | digest\[254\]$_DFFE_PN0P_/D
     520* |       8 |      69 |       31 |      0 |   112 |    +0.2% |   -2.905 |    -3536.3 |     -200.7 |    111 | digest\[254\]$_DFFE_PN0P_/D
     520* |       7 |      63 |       26 |      0 |    94 |    +0.2% |   -2.905 |    -3531.8 |     -198.1 |    111 | digest\[254\]$_DFFE_PN0P_/D
     530* |       7 |      68 |       33 |      0 |    95 |    +0.3% |   -2.944 |    -3598.3 |     -198.3 |    111 | digest\[255\]$_DFFE_PN0P_/D
     539* |       7 |      64 |       26 |      0 |    95 |    +0.2% |   -2.904 |    -3534.8 |     -198.0 |    111 | digest\[254\]$_DFFE_PN0P_/D
     540* |       7 |      64 |       26 |      0 |    95 |    +0.2% |   -2.904 |    -3534.8 |     -198.0 |    111 | digest\[254\]$_DFFE_PN0P_/D
     550* |       7 |      74 |       26 |      0 |    95 |    +0.2% |   -2.909 |    -3528.0 |     -197.9 |    111 | digest\[251\]$_DFFE_PN0P_/D
     556* |       7 |      65 |       26 |      0 |    95 |    +0.2% |   -2.903 |    -3534.3 |     -198.0 |    111 | digest\[251\]$_DFFE_PN0P_/D
     560* |       7 |      65 |       26 |      0 |    98 |    +0.2% |   -2.903 |    -3534.3 |     -200.5 |    111 | digest\[251\]$_DFFE_PN0P_/D
     570* |       7 |      67 |       28 |      0 |   104 |    +0.2% |   -2.903 |    -3534.3 |     -198.3 |    111 | digest\[251\]$_DFFE_PN0P_/D
     580* |       7 |      69 |       32 |      0 |   109 |    +0.3% |   -2.903 |    -3534.3 |     -197.9 |    111 | digest\[251\]$_DFFE_PN0P_/D
     590* |       7 |      72 |       34 |      0 |   114 |    +0.3% |   -2.903 |    -3534.3 |     -199.6 |    111 | digest\[251\]$_DFFE_PN0P_/D
     600* |       7 |      74 |       37 |      0 |   119 |    +0.3% |   -2.920 |    -3534.3 |     -203.2 |    111 | digest\[255\]$_DFFE_PN0P_/D
     606* |       7 |      68 |       29 |      0 |   107 |    +0.2% |   -2.903 |    -3534.3 |     -197.5 |    111 | digest\[251\]$_DFFE_PN0P_/D
     610* |       7 |      69 |       30 |      0 |   108 |    +0.3% |   -2.903 |    -3534.3 |     -200.5 |    111 | digest\[251\]$_DFFE_PN0P_/D
     616* |       7 |      69 |       29 |      0 |   107 |    +0.2% |   -2.903 |    -3534.3 |     -197.5 |    111 | digest\[251\]$_DFFE_PN0P_/D
     620* |       7 |      70 |       30 |      0 |   108 |    +0.3% |   -2.903 |    -3534.3 |     -198.5 |    111 | digest\[251\]$_DFFE_PN0P_/D
     630* |       7 |      75 |       31 |      0 |   112 |    +0.3% |   -2.903 |    -3534.3 |     -198.9 |    111 | digest\[251\]$_DFFE_PN0P_/D
     640* |       7 |      80 |       33 |      0 |   115 |    +0.3% |   -2.903 |    -3534.3 |     -198.0 |    111 | digest\[251\]$_DFFE_PN0P_/D
     646* |       7 |      71 |       30 |      0 |   108 |    +0.3% |   -2.903 |    -3534.3 |     -198.5 |    111 | digest\[251\]$_DFFE_PN0P_/D
     650* |       7 |      73 |       31 |      0 |   108 |    +0.3% |   -2.903 |    -3534.3 |     -198.4 |    111 | digest\[251\]$_DFFE_PN0P_/D
     660* |       8 |      78 |       33 |      0 |   110 |    +0.3% |   -2.903 |    -3534.3 |     -198.5 |    111 | digest\[251\]$_DFFE_PN0P_/D
     664* |       9 |      79 |       33 |      0 |   110 |    +0.3% |   -2.903 |    -3534.3 |     -198.3 |    111 | digest\[251\]$_DFFE_PN0P_/D
     669* |       9 |      80 |       33 |      0 |   110 |    +0.3% |   -2.903 |    -3534.3 |     -198.4 |    111 | digest\[251\]$_DFFE_PN0P_/D
     670* |       9 |      80 |       33 |      0 |   110 |    +0.3% |   -2.903 |    -3534.3 |     -198.4 |    111 | digest\[251\]$_DFFE_PN0P_/D
     680* |       9 |      84 |       38 |      0 |   114 |    +0.3% |   -2.903 |    -3529.2 |     -198.2 |    111 | digest\[251\]$_DFFE_PN0P_/D
     690* |       9 |      90 |       41 |      0 |   116 |    +0.3% |   -2.903 |    -3528.4 |     -201.1 |    111 | digest\[251\]$_DFFE_PN0P_/D
     697* |       9 |      96 |       41 |      0 |   117 |    +0.4% |   -2.902 |    -3527.0 |     -200.7 |    111 | digest\[255\]$_DFFE_PN0P_/D
     700* |       9 |      97 |       41 |      0 |   118 |    +0.4% |   -2.902 |    -3527.0 |     -200.7 |    111 | digest\[255\]$_DFFE_PN0P_/D
     710* |       9 |     100 |       47 |      0 |   120 |    +0.4% |   -2.902 |    -3527.0 |     -204.2 |    111 | digest\[255\]$_DFFE_PN0P_/D
     720* |      10 |     106 |       50 |      0 |   121 |    +0.4% |   -2.902 |    -3527.0 |     -198.7 |    111 | digest\[255\]$_DFFE_PN0P_/D
     730* |      10 |     112 |       52 |      0 |   123 |    +0.4% |   -2.902 |    -3527.0 |     -198.8 |    111 | digest\[255\]$_DFFE_PN0P_/D
     737* |       9 |      96 |       41 |      0 |   117 |    +0.4% |   -2.902 |    -3527.0 |     -200.7 |    111 | digest\[255\]$_DFFE_PN0P_/D
     740* |       9 |      98 |       41 |      0 |   117 |    +0.4% |   -2.902 |    -3527.0 |     -200.7 |    111 | digest\[255\]$_DFFE_PN0P_/D
     750* |       9 |     102 |       46 |      0 |   118 |    +0.4% |   -2.902 |    -3527.0 |     -202.1 |    111 | digest\[255\]$_DFFE_PN0P_/D
     760* |      10 |     109 |       49 |      0 |   118 |    +0.4% |   -2.902 |    -3527.0 |     -198.2 |    111 | digest\[255\]$_DFFE_PN0P_/D
     770* |      12 |     115 |       50 |      0 |   119 |    +0.4% |   -2.902 |    -3527.0 |     -197.9 |    111 | digest\[255\]$_DFFE_PN0P_/D
     770* |      12 |     115 |       50 |      0 |   119 |    +0.4% |   -2.902 |    -3527.0 |     -197.9 |    111 | digest\[255\]$_DFFE_PN0P_/D
     780* |      12 |     118 |       52 |      0 |   123 |    +0.4% |   -2.902 |    -3527.0 |     -197.8 |    111 | digest\[255\]$_DFFE_PN0P_/D
     790* |      13 |     123 |       52 |      0 |   127 |    +0.4% |   -2.902 |    -3527.0 |     -197.8 |    111 | digest\[255\]$_DFFE_PN0P_/D
     794* |      13 |     123 |       52 |      0 |   127 |    +0.4% |   -2.902 |    -3527.0 |     -197.8 |    111 | digest\[255\]$_DFFE_PN0P_/D
     800* |      13 |     125 |       53 |      0 |   129 |    +0.4% |   -2.902 |    -3527.0 |     -197.9 |    111 | digest\[255\]$_DFFE_PN0P_/D
     805* |      14 |     125 |       54 |      0 |   129 |    +0.4% |   -2.902 |    -3527.0 |     -197.8 |    111 | digest\[255\]$_DFFE_PN0P_/D
     810* |      14 |     127 |       55 |      0 |   130 |    +0.5% |   -2.902 |    -3527.0 |     -197.9 |    111 | digest\[255\]$_DFFE_PN0P_/D
     810* |      14 |     125 |       54 |      0 |   129 |    +0.4% |   -2.902 |    -3527.0 |     -197.8 |    111 | digest\[255\]$_DFFE_PN0P_/D
     817* |      14 |     127 |       54 |      0 |   129 |    +0.5% |   -2.902 |    -3527.0 |     -197.8 |    111 | digest\[255\]$_DFFE_PN0P_/D
     820* |      14 |     128 |       54 |      0 |   130 |    +0.5% |   -2.902 |    -3527.0 |     -197.8 |    111 | digest\[255\]$_DFFE_PN0P_/D
     830* |      14 |     133 |       55 |      0 |   134 |    +0.5% |   -2.902 |    -3527.0 |     -197.5 |    111 | digest\[255\]$_DFFE_PN0P_/D
     840* |      16 |     138 |       56 |      0 |   136 |    +0.5% |   -2.902 |    -3528.4 |     -207.4 |    111 | digest\[255\]$_DFFE_PN0P_/D
     850* |      18 |     140 |       57 |      0 |   141 |    +0.5% |   -2.902 |    -3531.0 |     -198.6 |    111 | digest\[255\]$_DFFE_PN0P_/D
     860* |      19 |     145 |       58 |      0 |   144 |    +0.5% |   -2.930 |    -3541.0 |     -199.2 |    111 | digest\[251\]$_DFFE_PN0P_/D
     866* |      14 |     127 |       54 |      0 |   129 |    +0.5% |   -2.902 |    -3527.0 |     -197.8 |    111 | digest\[255\]$_DFFE_PN0P_/D
     870* |      14 |     129 |       54 |      0 |   130 |    +0.5% |   -2.902 |    -3527.0 |     -197.8 |    111 | digest\[255\]$_DFFE_PN0P_/D
     872* |      14 |     130 |       54 |      0 |   130 |    +0.5% |   -2.902 |    -3527.0 |     -197.4 |    111 | digest\[255\]$_DFFE_PN0P_/D
     877* |      14 |     130 |       54 |      0 |   130 |    +0.5% |   -2.902 |    -3527.0 |     -197.4 |    111 | digest\[255\]$_DFFE_PN0P_/D
     880* |      14 |     130 |       55 |      0 |   131 |    +0.5% |   -2.902 |    -3527.0 |     -197.4 |    111 | digest\[255\]$_DFFE_PN0P_/D
     883* |      15 |     131 |       56 |      0 |   131 |    +0.5% |   -2.902 |    -3527.0 |     -197.5 |    111 | digest\[255\]$_DFFE_PN0P_/D
     889* |      15 |     131 |       56 |      0 |   131 |    +0.5% |   -2.902 |    -3527.0 |     -197.5 |    111 | digest\[255\]$_DFFE_PN0P_/D
     890* |      15 |     131 |       56 |      0 |   131 |    +0.5% |   -2.902 |    -3527.0 |     -197.5 |    111 | digest\[255\]$_DFFE_PN0P_/D
     896* |      16 |     133 |       57 |      0 |   133 |    +0.5% |   -2.902 |    -3527.0 |     -197.4 |    111 | digest\[255\]$_DFFE_PN0P_/D
     900* |      16 |     135 |       57 |      0 |   134 |    +0.5% |   -2.901 |    -3527.0 |     -197.4 |    111 | digest\[251\]$_DFFE_PN0P_/D
     910* |      16 |     139 |       57 |      0 |   140 |    +0.5% |   -2.901 |    -3501.7 |     -197.3 |    111 | digest\[251\]$_DFFE_PN0P_/D
     920* |      16 |     145 |       59 |      0 |   142 |    +0.5% |   -2.901 |    -3502.3 |     -197.2 |    111 | digest\[251\]$_DFFE_PN0P_/D
     930* |      16 |     150 |       60 |      0 |   146 |    +0.5% |   -2.901 |    -3500.8 |     -197.2 |    111 | digest\[251\]$_DFFE_PN0P_/D
     933* |      16 |     151 |       60 |      0 |   146 |    +0.5% |   -2.901 |    -3500.8 |     -197.2 |    111 | digest\[251\]$_DFFE_PN0P_/D
     939* |      16 |     151 |       60 |      0 |   147 |    +0.5% |   -2.901 |    -3500.8 |     -197.2 |    111 | digest\[251\]$_DFFE_PN0P_/D
     940* |      16 |     151 |       60 |      0 |   147 |    +0.5% |   -2.901 |    -3500.8 |     -197.2 |    111 | digest\[251\]$_DFFE_PN0P_/D
     950* |      17 |     155 |       64 |      0 |   148 |    +0.5% |   -2.901 |    -3500.8 |     -197.8 |    111 | digest\[251\]$_DFFE_PN0P_/D
     956* |      17 |     152 |       60 |      0 |   148 |    +0.5% |   -2.901 |    -3500.8 |     -197.0 |    111 | digest\[251\]$_DFFE_PN0P_/D
     960* |      17 |     154 |       60 |      0 |   149 |    +0.5% |   -2.901 |    -3500.8 |     -197.0 |    111 | digest\[251\]$_DFFE_PN0P_/D
     970* |      17 |     162 |       62 |      0 |   149 |    +0.5% |   -2.901 |    -3501.0 |     -197.2 |    111 | digest\[251\]$_DFFE_PN0P_/D
     980* |      17 |     168 |       66 |      0 |   149 |    +0.6% |   -2.901 |    -3501.0 |     -198.1 |    111 | digest\[251\]$_DFFE_PN0P_/D
     986* |      17 |     160 |       60 |      0 |   149 |    +0.5% |   -2.901 |    -3501.0 |     -196.8 |    111 | digest\[251\]$_DFFE_PN0P_/D
     990* |      17 |     161 |       61 |      0 |   150 |    +0.5% |   -2.901 |    -3501.0 |     -196.9 |    111 | digest\[251\]$_DFFE_PN0P_/D
    1000* |      18 |     166 |       63 |      0 |   152 |    +0.5% |   -2.901 |    -3501.0 |     -197.1 |    111 | digest\[251\]$_DFFE_PN0P_/D
    1000* |      18 |     165 |       62 |      0 |   150 |    +0.5% |   -2.901 |    -3501.0 |     -197.0 |    111 | digest\[251\]$_DFFE_PN0P_/D
    1007* |      18 |     169 |       63 |      0 |   151 |    +0.5% |   -2.901 |    -3501.0 |     -197.0 |    111 | digest\[251\]$_DFFE_PN0P_/D
    1010* |      18 |     170 |       64 |      0 |   151 |    +0.5% |   -2.901 |    -3501.0 |     -197.1 |    111 | digest\[251\]$_DFFE_PN0P_/D
    1020* |      20 |     174 |       67 |      0 |   152 |    +0.6% |   -2.901 |    -3501.9 |     -197.0 |    111 | digest\[251\]$_DFFE_PN0P_/D
    1030* |      21 |     182 |       68 |      0 |   152 |    +0.6% |   -2.915 |    -3520.2 |     -197.5 |    111 | digest\[251\]$_DFFE_PN0P_/D
    1032* |      20 |     177 |       67 |      0 |   152 |    +0.6% |   -2.901 |    -3505.8 |     -196.6 |    111 | digest\[251\]$_DFFE_PN0P_/D
    1040* |      20 |     180 |       69 |      0 |   154 |    +0.6% |   -2.901 |    -3505.8 |     -197.3 |    111 | digest\[251\]$_DFFE_PN0P_/D
    1050* |      20 |     184 |       69 |      0 |   160 |    +0.6% |   -2.901 |    -3505.8 |     -197.0 |    111 | digest\[251\]$_DFFE_PN0P_/D
    1060* |      22 |     187 |       71 |      0 |   163 |    +0.6% |   -2.901 |    -3505.8 |     -196.2 |    111 | digest\[251\]$_DFFE_PN0P_/D
    1070* |      24 |     190 |       75 |      0 |   164 |    +0.6% |   -2.909 |    -3512.0 |     -197.9 |    111 | digest\[251\]$_DFFE_PN0P_/D
    1074* |      21 |     185 |       69 |      0 |   160 |    +0.6% |   -2.901 |    -3505.8 |     -196.8 |    111 | digest\[251\]$_DFFE_PN0P_/D
    1080* |      21 |     185 |       71 |      0 |   163 |    +0.6% |   -2.901 |    -3505.8 |     -196.7 |    111 | digest\[251\]$_DFFE_PN0P_/D
    1090* |      21 |     190 |       75 |      0 |   166 |    +0.6% |   -2.901 |    -3505.8 |     -197.0 |    111 | digest\[251\]$_DFFE_PN0P_/D
    1095* |      21 |     186 |       73 |      0 |   165 |    +0.6% |   -2.901 |    -3505.8 |     -196.8 |    111 | digest\[251\]$_DFFE_PN0P_/D
    1100* |      22 |     186 |       74 |      0 |   167 |    +0.6% |   -2.901 |    -3505.8 |     -196.9 |    111 | digest\[251\]$_DFFE_PN0P_/D
    1110* |      23 |     191 |       77 |      0 |   168 |    +0.6% |   -2.909 |    -3512.0 |     -196.8 |    111 | digest\[251\]$_DFFE_PN0P_/D
    1120* |      24 |     197 |       80 |      0 |   168 |    +0.6% |   -2.909 |    -3512.0 |     -199.1 |    111 | digest\[251\]$_DFFE_PN0P_/D
    1120* |      22 |     188 |       74 |      0 |   167 |    +0.6% |   -2.901 |    -3505.8 |     -196.9 |    111 | digest\[251\]$_DFFE_PN0P_/D
    1130* |      23 |     191 |       76 |      0 |   170 |    +0.6% |   -2.901 |    -3505.8 |     -196.9 |    111 | digest\[251\]$_DFFE_PN0P_/D
    1130* |      23 |     191 |       76 |      0 |   170 |    +0.6% |   -2.901 |    -3505.8 |     -196.9 |    111 | digest\[251\]$_DFFE_PN0P_/D
    1139* |      23 |     191 |       76 |      0 |   170 |    +0.6% |   -2.901 |    -3505.8 |     -196.9 |    111 | digest\[251\]$_DFFE_PN0P_/D
    1140* |      23 |     191 |       76 |      0 |   170 |    +0.6% |   -2.901 |    -3505.8 |     -196.9 |    111 | digest\[251\]$_DFFE_PN0P_/D
    1150* |      23 |     195 |       80 |      0 |   172 |    +0.6% |   -2.901 |    -3498.7 |     -199.9 |    111 | digest\[251\]$_DFFE_PN0P_/D
    1160* |      23 |     201 |       82 |      0 |   174 |    +0.7% |   -2.901 |    -3498.7 |     -200.2 |    111 | digest\[251\]$_DFFE_PN0P_/D
    1162* |      23 |     192 |       76 |      0 |   170 |    +0.6% |   -2.901 |    -3505.8 |     -196.8 |    111 | digest\[251\]$_DFFE_PN0P_/D
    1170* |      23 |     196 |       79 |      0 |   170 |    +0.6% |   -2.901 |    -3505.8 |     -197.2 |    111 | digest\[251\]$_DFFE_PN0P_/D
    1174* |      23 |     194 |       76 |      0 |   170 |    +0.6% |   -2.901 |    -3505.8 |     -196.8 |    111 | digest\[251\]$_DFFE_PN0P_/D
    1180* |      24 |     196 |       77 |      0 |   171 |    +0.6% |   -2.901 |    -3505.8 |     -196.6 |    111 | digest\[251\]$_DFFE_PN0P_/D
    1180* |      24 |     196 |       77 |      0 |   171 |    +0.6% |   -2.901 |    -3505.8 |     -196.6 |    111 | digest\[251\]$_DFFE_PN0P_/D
    1190* |      25 |     198 |       80 |      0 |   174 |    +0.6% |   -2.952 |    -3554.4 |     -199.8 |    111 | digest\[254\]$_DFFE_PN0P_/D
    1192* |      24 |     197 |       77 |      0 |   171 |    +0.6% |   -2.901 |    -3505.8 |     -196.6 |    111 | digest\[251\]$_DFFE_PN0P_/D
    1200* |      24 |     198 |       79 |      0 |   175 |    +0.6% |   -2.901 |    -3498.7 |     -198.8 |    111 | digest\[251\]$_DFFE_PN0P_/D
    1200* |      24 |     197 |       77 |      0 |   172 |    +0.6% |   -2.901 |    -3505.8 |     -196.6 |    111 | digest\[251\]$_DFFE_PN0P_/D
    1210* |      25 |     199 |       79 |      0 |   176 |    +0.6% |   -2.901 |    -3505.8 |     -197.2 |    111 | digest\[251\]$_DFFE_PN0P_/D
    1220* |      25 |     201 |       80 |      0 |   183 |    +0.6% |   -2.901 |    -3505.8 |     -201.6 |    111 | digest\[251\]$_DFFE_PN0P_/D
    1230* |      25 |     208 |       83 |      0 |   183 |    +0.7% |   -2.901 |    -3505.9 |     -202.0 |    111 | digest\[251\]$_DFFE_PN0P_/D
    1240* |      25 |     214 |       85 |      0 |   185 |    +0.7% |   -2.897 |    -3503.2 |     -204.2 |    111 | digest\[255\]$_DFFE_PN0P_/D
    1250* |      25 |     220 |       87 |      0 |   188 |    +0.7% |   -2.897 |    -3503.2 |     -203.9 |    111 | digest\[255\]$_DFFE_PN0P_/D
    1257* |      26 |     221 |       87 |      0 |   189 |    +0.7% |   -2.897 |    -3503.2 |     -202.1 |    111 | digest\[255\]$_DFFE_PN0P_/D
    1260* |      26 |     221 |       87 |      0 |   191 |    +0.7% |   -2.897 |    -3503.2 |     -202.1 |    111 | digest\[255\]$_DFFE_PN0P_/D
    1270* |      27 |     223 |       90 |      0 |   195 |    +0.7% |   -2.897 |    -3503.3 |     -202.6 |    111 | digest\[255\]$_DFFE_PN0P_/D
    1274* |      26 |     221 |       87 |      0 |   189 |    +0.7% |   -2.897 |    -3503.2 |     -202.1 |    111 | digest\[255\]$_DFFE_PN0P_/D
    1280* |      26 |     225 |       88 |      0 |   189 |    +0.7% |   -2.897 |    -3503.2 |     -202.1 |    111 | digest\[255\]$_DFFE_PN0P_/D
    1290* |      27 |     231 |       91 |      0 |   190 |    +0.7% |   -2.897 |    -3503.2 |     -203.9 |    111 | digest\[255\]$_DFFE_PN0P_/D
    1300* |      27 |     236 |       94 |      0 |   192 |    +0.7% |   -2.897 |    -3503.2 |     -206.3 |    111 | digest\[255\]$_DFFE_PN0P_/D
    1300* |      27 |     229 |       88 |      0 |   189 |    +0.7% |   -2.897 |    -3503.2 |     -201.4 |    111 | digest\[255\]$_DFFE_PN0P_/D
    1300* |      27 |     229 |       88 |      0 |   189 |    +0.7% |   -2.897 |    -3503.2 |     -201.4 |    111 | digest\[255\]$_DFFE_PN0P_/D
    1300+ |      27 |     229 |       88 |      0 |   189 |    +0.7% |   -2.897 |    -3503.2 |     -201.4 |    112 | digest\[255\]$_DFFE_PN0P_/D
    1302+ |      27 |     229 |       88 |      0 |   190 |    +0.7% |   -2.897 |    -3499.4 |     -201.4 |    112 | digest\[251\]$_DFFE_PN0P_/D
    1303+ |      27 |     229 |       88 |      0 |   190 |    +0.7% |   -2.897 |    -3499.4 |     -201.4 |    112 | digest\[251\]$_DFFE_PN0P_/D
    1305+ |      27 |     229 |       88 |      0 |   191 |    +0.7% |   -2.897 |    -3499.4 |     -201.4 |    112 | digest\[251\]$_DFFE_PN0P_/D
    1308+ |      27 |     231 |       88 |      0 |   191 |    +0.7% |   -2.897 |    -3499.5 |     -201.3 |    112 | digest\[251\]$_DFFE_PN0P_/D
    1309+ |      27 |     231 |       88 |      0 |   191 |    +0.7% |   -2.897 |    -3499.5 |     -201.3 |    112 | digest\[251\]$_DFFE_PN0P_/D
    1310+ |      27 |     231 |       88 |      0 |   191 |    +0.7% |   -2.897 |    -3499.5 |     -201.3 |    112 | digest\[251\]$_DFFE_PN0P_/D
    1310+ |      27 |     231 |       88 |      0 |   191 |    +0.7% |   -2.897 |    -3499.5 |     -201.3 |    112 | digest\[251\]$_DFFE_PN0P_/D
    1311+ |      27 |     231 |       88 |      0 |   191 |    +0.7% |   -2.897 |    -3499.5 |     -201.3 |    112 | digest\[251\]$_DFFE_PN0P_/D
    1312+ |      27 |     231 |       88 |      0 |   191 |    +0.7% |   -2.897 |    -3499.5 |     -201.3 |    112 | digest\[251\]$_DFFE_PN0P_/D
    1313+ |      27 |     231 |       88 |      0 |   191 |    +0.7% |   -2.897 |    -3499.5 |     -201.3 |    112 | digest\[251\]$_DFFE_PN0P_/D
    1314+ |      27 |     231 |       88 |      0 |   191 |    +0.7% |   -2.897 |    -3499.5 |     -201.3 |    112 | digest\[251\]$_DFFE_PN0P_/D
    1315+ |      27 |     231 |       88 |      0 |   191 |    +0.7% |   -2.897 |    -3499.5 |     -201.3 |    112 | digest\[251\]$_DFFE_PN0P_/D
    1316+ |      27 |     231 |       88 |      0 |   191 |    +0.7% |   -2.897 |    -3499.5 |     -201.3 |    112 | digest\[251\]$_DFFE_PN0P_/D
    1317+ |      27 |     231 |       88 |      0 |   191 |    +0.7% |   -2.897 |    -3499.5 |     -201.3 |    112 | digest\[251\]$_DFFE_PN0P_/D
    1318+ |      27 |     231 |       88 |      0 |   191 |    +0.7% |   -2.897 |    -3499.5 |     -201.3 |    112 | digest\[251\]$_DFFE_PN0P_/D
    1320+ |      27 |     232 |       88 |      0 |   191 |    +0.7% |   -2.897 |    -3499.5 |     -201.3 |    112 | digest\[251\]$_DFFE_PN0P_/D
    1321+ |      27 |     233 |       88 |      0 |   191 |    +0.7% |   -2.897 |    -3499.5 |     -201.3 |    112 | digest\[251\]$_DFFE_PN0P_/D
    1322+ |      27 |     233 |       88 |      0 |   191 |    +0.7% |   -2.897 |    -3499.5 |     -201.3 |    112 | digest\[251\]$_DFFE_PN0P_/D
    1323+ |      27 |     233 |       88 |      0 |   191 |    +0.7% |   -2.897 |    -3499.5 |     -201.3 |    112 | digest\[251\]$_DFFE_PN0P_/D
    1325+ |      27 |     234 |       88 |      0 |   191 |    +0.7% |   -2.897 |    -3499.5 |     -201.3 |    112 | digest\[251\]$_DFFE_PN0P_/D
    1326+ |      27 |     234 |       88 |      0 |   191 |    +0.7% |   -2.897 |    -3499.5 |     -201.3 |    112 | digest\[251\]$_DFFE_PN0P_/D
    1327+ |      27 |     234 |       88 |      0 |   191 |    +0.7% |   -2.897 |    -3499.5 |     -201.3 |    112 | digest\[251\]$_DFFE_PN0P_/D
    1330+ |      27 |     236 |       88 |      0 |   191 |    +0.7% |   -2.897 |    -3499.6 |     -201.3 |    112 | digest\[251\]$_DFFE_PN0P_/D
    1330+ |      27 |     236 |       88 |      0 |   191 |    +0.7% |   -2.897 |    -3499.6 |     -201.3 |    112 | digest\[251\]$_DFFE_PN0P_/D
    1331+ |      27 |     236 |       88 |      0 |   191 |    +0.7% |   -2.897 |    -3499.6 |     -201.3 |    112 | digest\[251\]$_DFFE_PN0P_/D
    1332+ |      27 |     236 |       88 |      0 |   191 |    +0.7% |   -2.897 |    -3499.6 |     -201.3 |    112 | digest\[251\]$_DFFE_PN0P_/D
    1333+ |      27 |     236 |       88 |      0 |   191 |    +0.7% |   -2.897 |    -3499.6 |     -201.3 |    112 | digest\[251\]$_DFFE_PN0P_/D
    1334+ |      27 |     236 |       88 |      0 |   191 |    +0.7% |   -2.897 |    -3499.6 |     -201.3 |    112 | digest\[251\]$_DFFE_PN0P_/D
    1335+ |      27 |     236 |       88 |      0 |   191 |    +0.7% |   -2.897 |    -3499.6 |     -201.3 |    112 | digest\[251\]$_DFFE_PN0P_/D
    1336+ |      27 |     236 |       88 |      0 |   191 |    +0.7% |   -2.897 |    -3499.6 |     -201.3 |    112 | digest\[251\]$_DFFE_PN0P_/D
    1337+ |      27 |     236 |       88 |      0 |   191 |    +0.7% |   -2.897 |    -3499.6 |     -201.3 |    112 | digest\[251\]$_DFFE_PN0P_/D
    1338+ |      27 |     236 |       88 |      0 |   191 |    +0.7% |   -2.897 |    -3499.6 |     -201.3 |    112 | digest\[251\]$_DFFE_PN0P_/D
    1340+ |      27 |     237 |       88 |      0 |   191 |    +0.7% |   -2.897 |    -3499.6 |     -201.3 |    112 | digest\[251\]$_DFFE_PN0P_/D
    1340+ |      27 |     237 |       88 |      0 |   191 |    +0.7% |   -2.897 |    -3499.6 |     -201.3 |    112 | digest\[251\]$_DFFE_PN0P_/D
    1342+ |      27 |     238 |       88 |      0 |   191 |    +0.7% |   -2.897 |    -3499.6 |     -201.3 |    112 | digest\[251\]$_DFFE_PN0P_/D
    1343+ |      27 |     238 |       88 |      0 |   191 |    +0.7% |   -2.897 |    -3499.6 |     -201.3 |    112 | digest\[251\]$_DFFE_PN0P_/D
    1345+ |      27 |     239 |       88 |      0 |   191 |    +0.7% |   -2.897 |    -3499.6 |     -201.3 |    112 | digest\[251\]$_DFFE_PN0P_/D
    1346+ |      27 |     239 |       88 |      0 |   191 |    +0.7% |   -2.897 |    -3499.6 |     -201.3 |    112 | digest\[251\]$_DFFE_PN0P_/D
    1348+ |      27 |     240 |       88 |      0 |   191 |    +0.7% |   -2.897 |    -3499.6 |     -201.3 |    112 | digest\[251\]$_DFFE_PN0P_/D
    1349+ |      27 |     240 |       88 |      0 |   191 |    +0.7% |   -2.897 |    -3499.6 |     -201.3 |    112 | digest\[251\]$_DFFE_PN0P_/D
    1350+ |      27 |     240 |       88 |      0 |   191 |    +0.7% |   -2.897 |    -3499.6 |     -201.3 |    112 | digest\[251\]$_DFFE_PN0P_/D
    1351+ |      27 |     241 |       88 |      0 |   191 |    +0.7% |   -2.897 |    -3499.6 |     -201.2 |    112 | digest\[251\]$_DFFE_PN0P_/D
    1353+ |      27 |     242 |       88 |      0 |   191 |    +0.7% |   -2.897 |    -3499.6 |     -201.2 |    112 | digest\[251\]$_DFFE_PN0P_/D
    1354+ |      27 |     242 |       88 |      0 |   191 |    +0.7% |   -2.897 |    -3499.6 |     -201.2 |    112 | digest\[251\]$_DFFE_PN0P_/D
    1357+ |      27 |     243 |       88 |      0 |   192 |    +0.7% |   -2.897 |    -3499.6 |     -201.2 |    112 | digest\[251\]$_DFFE_PN0P_/D
    1358+ |      27 |     243 |       88 |      0 |   192 |    +0.7% |   -2.897 |    -3499.6 |     -201.2 |    112 | digest\[251\]$_DFFE_PN0P_/D
    1359+ |      27 |     243 |       88 |      0 |   192 |    +0.7% |   -2.897 |    -3499.6 |     -201.2 |    112 | digest\[251\]$_DFFE_PN0P_/D
    1360+ |      27 |     243 |       88 |      0 |   192 |    +0.7% |   -2.897 |    -3499.6 |     -201.2 |    112 | digest\[251\]$_DFFE_PN0P_/D
    1360+ |      27 |     243 |       88 |      0 |   192 |    +0.7% |   -2.897 |    -3499.6 |     -201.2 |    112 | digest\[251\]$_DFFE_PN0P_/D
    1363+ |      27 |     244 |       88 |      0 |   193 |    +0.7% |   -2.897 |    -3499.6 |     -201.2 |    112 | digest\[251\]$_DFFE_PN0P_/D
    1364+ |      27 |     244 |       88 |      0 |   193 |    +0.7% |   -2.897 |    -3499.6 |     -201.2 |    112 | digest\[251\]$_DFFE_PN0P_/D
    1365+ |      27 |     244 |       88 |      0 |   193 |    +0.7% |   -2.897 |    -3499.6 |     -201.2 |    112 | digest\[251\]$_DFFE_PN0P_/D
    1366+ |      27 |     244 |       88 |      0 |   193 |    +0.7% |   -2.897 |    -3499.6 |     -201.2 |    112 | digest\[251\]$_DFFE_PN0P_/D
    1367+ |      27 |     244 |       88 |      0 |   193 |    +0.7% |   -2.897 |    -3499.6 |     -201.2 |    112 | digest\[251\]$_DFFE_PN0P_/D
    1369+ |      27 |     245 |       88 |      0 |   193 |    +0.7% |   -2.897 |    -3499.6 |     -201.2 |    112 | digest\[251\]$_DFFE_PN0P_/D
    1370+ |      27 |     245 |       88 |      0 |   193 |    +0.7% |   -2.897 |    -3499.6 |     -201.2 |    112 | digest\[251\]$_DFFE_PN0P_/D
    1370+ |      27 |     245 |       88 |      0 |   193 |    +0.7% |   -2.897 |    -3499.6 |     -201.2 |    112 | digest\[251\]$_DFFE_PN0P_/D
    1371+ |      27 |     245 |       88 |      0 |   193 |    +0.7% |   -2.897 |    -3499.6 |     -201.2 |    112 | digest\[251\]$_DFFE_PN0P_/D
    1372+ |      27 |     245 |       88 |      0 |   193 |    +0.7% |   -2.897 |    -3499.6 |     -201.2 |    112 | digest\[251\]$_DFFE_PN0P_/D
    1373+ |      27 |     245 |       88 |      0 |   193 |    +0.7% |   -2.897 |    -3499.6 |     -201.2 |    112 | digest\[251\]$_DFFE_PN0P_/D
    1374+ |      27 |     245 |       88 |      0 |   193 |    +0.7% |   -2.897 |    -3499.6 |     -201.2 |    112 | digest\[251\]$_DFFE_PN0P_/D
    1375+ |      27 |     245 |       88 |      0 |   193 |    +0.7% |   -2.897 |    -3499.6 |     -201.2 |    112 | digest\[251\]$_DFFE_PN0P_/D
    1380+ |      27 |     249 |       88 |      0 |   193 |    +0.8% |   -2.897 |    -3499.7 |     -201.1 |    112 | digest\[251\]$_DFFE_PN0P_/D
    1380+ |      27 |     249 |       88 |      0 |   193 |    +0.8% |   -2.897 |    -3499.7 |     -201.1 |    112 | digest\[251\]$_DFFE_PN0P_/D
    1381+ |      27 |     249 |       88 |      0 |   193 |    +0.8% |   -2.897 |    -3499.7 |     -201.1 |    112 | digest\[251\]$_DFFE_PN0P_/D
    1382+ |      27 |     249 |       88 |      0 |   193 |    +0.8% |   -2.897 |    -3499.7 |     -201.1 |    112 | digest\[251\]$_DFFE_PN0P_/D
    1383+ |      27 |     249 |       88 |      0 |   193 |    +0.8% |   -2.897 |    -3499.7 |     -201.1 |    112 | digest\[251\]$_DFFE_PN0P_/D
    1385+ |      27 |     250 |       88 |      0 |   193 |    +0.8% |   -2.897 |    -3499.7 |     -201.1 |    112 | digest\[251\]$_DFFE_PN0P_/D
    1386+ |      27 |     250 |       88 |      0 |   193 |    +0.8% |   -2.897 |    -3499.7 |     -201.1 |    112 | digest\[251\]$_DFFE_PN0P_/D
    1390+ |      27 |     252 |       88 |      0 |   194 |    +0.8% |   -2.897 |    -3499.7 |     -201.1 |    112 | digest\[251\]$_DFFE_PN0P_/D
    1392+ |      27 |     254 |       88 |      0 |   194 |    +0.8% |   -2.897 |    -3499.7 |     -201.0 |    112 | digest\[251\]$_DFFE_PN0P_/D
    1393+ |      27 |     254 |       88 |      0 |   194 |    +0.8% |   -2.897 |    -3499.7 |     -201.0 |    112 | digest\[251\]$_DFFE_PN0P_/D
    1395+ |      27 |     254 |       88 |      0 |   195 |    +0.8% |   -2.897 |    -3499.7 |     -201.0 |    112 | digest\[251\]$_DFFE_PN0P_/D
    1396+ |      27 |     254 |       88 |      0 |   195 |    +0.8% |   -2.897 |    -3499.7 |     -201.0 |    112 | digest\[251\]$_DFFE_PN0P_/D
    1398+ |      27 |     255 |       88 |      0 |   195 |    +0.8% |   -2.897 |    -3499.7 |     -201.0 |    112 | digest\[251\]$_DFFE_PN0P_/D
    1399+ |      27 |     255 |       88 |      0 |   195 |    +0.8% |   -2.897 |    -3499.7 |     -201.0 |    112 | digest\[251\]$_DFFE_PN0P_/D
    1400+ |      27 |     255 |       88 |      0 |   195 |    +0.8% |   -2.897 |    -3499.7 |     -201.0 |    112 | digest\[251\]$_DFFE_PN0P_/D
    1401+ |      27 |     255 |       88 |      0 |   195 |    +0.8% |   -2.897 |    -3499.7 |     -201.0 |    112 | digest\[251\]$_DFFE_PN0P_/D
    1402+ |      27 |     255 |       88 |      0 |   195 |    +0.8% |   -2.897 |    -3499.7 |     -201.0 |    112 | digest\[251\]$_DFFE_PN0P_/D
    1403+ |      27 |     255 |       88 |      0 |   195 |    +0.8% |   -2.897 |    -3499.7 |     -201.0 |    112 | digest\[251\]$_DFFE_PN0P_/D
    1404+ |      27 |     255 |       88 |      0 |   195 |    +0.8% |   -2.897 |    -3499.7 |     -201.0 |    112 | digest\[251\]$_DFFE_PN0P_/D
    1410+ |      27 |     259 |       88 |      0 |   196 |    +0.8% |   -2.897 |    -3499.7 |     -200.8 |    112 | digest\[251\]$_DFFE_PN0P_/D
    1412+ |      27 |     261 |       88 |      0 |   196 |    +0.8% |   -2.897 |    -3499.7 |     -200.8 |    112 | digest\[251\]$_DFFE_PN0P_/D
    1413+ |      27 |     261 |       88 |      0 |   196 |    +0.8% |   -2.897 |    -3499.7 |     -200.8 |    112 | digest\[251\]$_DFFE_PN0P_/D
    1414+ |      27 |     261 |       88 |      0 |   196 |    +0.8% |   -2.897 |    -3499.7 |     -200.8 |    112 | digest\[251\]$_DFFE_PN0P_/D
    1415+ |      27 |     261 |       88 |      0 |   196 |    +0.8% |   -2.897 |    -3499.7 |     -200.8 |    112 | digest\[251\]$_DFFE_PN0P_/D
    1416+ |      27 |     261 |       88 |      0 |   196 |    +0.8% |   -2.897 |    -3499.7 |     -200.8 |    112 | digest\[251\]$_DFFE_PN0P_/D
    1417+ |      27 |     261 |       88 |      0 |   196 |    +0.8% |   -2.897 |    -3499.7 |     -200.8 |    112 | digest\[251\]$_DFFE_PN0P_/D
    1419+ |      27 |     262 |       88 |      0 |   196 |    +0.8% |   -2.897 |    -3499.7 |     -200.7 |    112 | digest\[251\]$_DFFE_PN0P_/D
    1420+ |      27 |     262 |       88 |      0 |   196 |    +0.8% |   -2.897 |    -3499.7 |     -200.7 |    112 | digest\[251\]$_DFFE_PN0P_/D
    1420+ |      27 |     262 |       88 |      0 |   196 |    +0.8% |   -2.897 |    -3499.7 |     -200.7 |    112 | digest\[251\]$_DFFE_PN0P_/D
    1421+ |      27 |     262 |       88 |      0 |   196 |    +0.8% |   -2.897 |    -3499.7 |     -200.7 |    112 | digest\[251\]$_DFFE_PN0P_/D
    1423+ |      27 |     263 |       88 |      0 |   196 |    +0.8% |   -2.897 |    -3499.7 |     -200.7 |    112 | digest\[251\]$_DFFE_PN0P_/D
    1424+ |      27 |     263 |       88 |      0 |   196 |    +0.8% |   -2.897 |    -3499.7 |     -200.7 |    112 | digest\[251\]$_DFFE_PN0P_/D
    1425+ |      27 |     263 |       88 |      0 |   196 |    +0.8% |   -2.897 |    -3499.7 |     -200.7 |    112 | digest\[251\]$_DFFE_PN0P_/D
    1427+ |      27 |     264 |       88 |      0 |   196 |    +0.8% |   -2.897 |    -3499.7 |     -200.7 |    112 | digest\[251\]$_DFFE_PN0P_/D
    1429+ |      27 |     265 |       88 |      0 |   196 |    +0.8% |   -2.897 |    -3499.7 |     -200.7 |    112 | digest\[251\]$_DFFE_PN0P_/D
    1430+ |      27 |     265 |       88 |      0 |   196 |    +0.8% |   -2.897 |    -3499.7 |     -200.7 |    112 | digest\[251\]$_DFFE_PN0P_/D
    1430+ |      27 |     265 |       88 |      0 |   196 |    +0.8% |   -2.897 |    -3499.7 |     -200.7 |    112 | digest\[251\]$_DFFE_PN0P_/D
    1436+ |      27 |     269 |       88 |      0 |   197 |    +0.8% |   -2.897 |    -3499.7 |     -200.5 |    112 | digest\[251\]$_DFFE_PN0P_/D
    1438+ |      27 |     270 |       88 |      0 |   197 |    +0.8% |   -2.897 |    -3499.7 |     -200.4 |    112 | digest\[251\]$_DFFE_PN0P_/D
    1439+ |      27 |     270 |       88 |      0 |   197 |    +0.8% |   -2.897 |    -3499.7 |     -200.4 |    112 | digest\[251\]$_DFFE_PN0P_/D
    1440+ |      27 |     270 |       88 |      0 |   197 |    +0.8% |   -2.897 |    -3499.7 |     -200.4 |    112 | digest\[251\]$_DFFE_PN0P_/D
    1441+ |      27 |     271 |       88 |      0 |   197 |    +0.8% |   -2.897 |    -3499.7 |     -200.4 |    112 | digest\[251\]$_DFFE_PN0P_/D
    1442+ |      27 |     271 |       88 |      0 |   197 |    +0.8% |   -2.897 |    -3499.7 |     -200.4 |    112 | digest\[251\]$_DFFE_PN0P_/D
    1444+ |      27 |     271 |       88 |      0 |   198 |    +0.8% |   -2.897 |    -3499.7 |     -200.4 |    112 | digest\[251\]$_DFFE_PN0P_/D
    1445+ |      27 |     271 |       88 |      0 |   198 |    +0.8% |   -2.897 |    -3499.7 |     -200.4 |    112 | digest\[251\]$_DFFE_PN0P_/D
    1446+ |      27 |     271 |       88 |      0 |   198 |    +0.8% |   -2.897 |    -3499.7 |     -200.4 |    112 | digest\[251\]$_DFFE_PN0P_/D
    1448+ |      27 |     271 |       88 |      0 |   199 |    +0.8% |   -2.897 |    -3499.7 |     -200.4 |    112 | digest\[251\]$_DFFE_PN0P_/D
    1449+ |      27 |     271 |       88 |      0 |   199 |    +0.8% |   -2.897 |    -3499.7 |     -200.4 |    112 | digest\[251\]$_DFFE_PN0P_/D
    1450+ |      27 |     271 |       88 |      0 |   199 |    +0.8% |   -2.897 |    -3499.7 |     -200.4 |    112 | digest\[251\]$_DFFE_PN0P_/D
    1450+ |      27 |     271 |       88 |      0 |   199 |    +0.8% |   -2.897 |    -3499.7 |     -200.4 |    112 | digest\[251\]$_DFFE_PN0P_/D
    1454+ |      27 |     274 |       88 |      0 |   199 |    +0.8% |   -2.897 |    -3499.7 |     -199.9 |    112 | digest\[251\]$_DFFE_PN0P_/D
    1459+ |      27 |     278 |       88 |      0 |   199 |    +0.8% |   -2.897 |    -3499.7 |     -199.8 |    112 | digest\[251\]$_DFFE_PN0P_/D
    1460+ |      27 |     278 |       88 |      0 |   199 |    +0.8% |   -2.897 |    -3499.7 |     -199.8 |    112 | digest\[251\]$_DFFE_PN0P_/D
    1461+ |      27 |     279 |       88 |      0 |   199 |    +0.8% |   -2.897 |    -3499.7 |     -199.5 |    112 | digest\[251\]$_DFFE_PN0P_/D
    1463+ |      27 |     280 |       88 |      0 |   199 |    +0.8% |   -2.897 |    -3499.7 |     -199.2 |    112 | digest\[251\]$_DFFE_PN0P_/D
    1464+ |      27 |     280 |       88 |      0 |   199 |    +0.8% |   -2.897 |    -3499.7 |     -199.2 |    112 | digest\[251\]$_DFFE_PN0P_/D
    1468+ |      27 |     283 |       88 |      0 |   199 |    +0.8% |   -2.897 |    -3499.7 |     -198.9 |    112 | digest\[251\]$_DFFE_PN0P_/D
    1470+ |      27 |     284 |       88 |      0 |   199 |    +0.8% |   -2.897 |    -3499.7 |     -198.8 |    112 | digest\[251\]$_DFFE_PN0P_/D
    1477+ |      27 |     290 |       88 |      0 |   200 |    +0.8% |   -2.897 |    -3499.7 |     -198.5 |    112 | digest\[251\]$_DFFE_PN0P_/D
    1480+ |      27 |     292 |       88 |      0 |   200 |    +0.8% |   -2.897 |    -3499.7 |     -198.5 |    112 | digest\[251\]$_DFFE_PN0P_/D
    1480+ |      27 |     292 |       88 |      0 |   200 |    +0.8% |   -2.897 |    -3499.7 |     -198.5 |    112 | digest\[251\]$_DFFE_PN0P_/D
    1484+ |      27 |     296 |       88 |      0 |   200 |    +0.8% |   -2.897 |    -3499.7 |     -198.1 |    112 | digest\[251\]$_DFFE_PN0P_/D
    1486+ |      27 |     297 |       88 |      0 |   200 |    +0.8% |   -2.897 |    -3499.7 |     -198.1 |    112 | digest\[251\]$_DFFE_PN0P_/D
    1487+ |      27 |     297 |       88 |      0 |   200 |    +0.8% |   -2.897 |    -3499.7 |     -198.1 |    112 | digest\[251\]$_DFFE_PN0P_/D
    1488+ |      27 |     297 |       88 |      0 |   201 |    +0.8% |   -2.897 |    -3499.7 |     -198.1 |    112 | digest\[251\]$_DFFE_PN0P_/D
    1489+ |      27 |     297 |       88 |      0 |   201 |    +0.8% |   -2.897 |    -3499.7 |     -198.1 |    112 | digest\[251\]$_DFFE_PN0P_/D
    1490+ |      27 |     297 |       88 |      0 |   201 |    +0.8% |   -2.897 |    -3499.7 |     -198.1 |    112 | digest\[251\]$_DFFE_PN0P_/D
    1490+ |      27 |     297 |       88 |      0 |   201 |    +0.8% |   -2.897 |    -3499.7 |     -198.1 |    112 | digest\[251\]$_DFFE_PN0P_/D
    final |      27 |     297 |       88 |      0 |   201 |    +0.8% |   -2.897 |    -3499.7 |     -198.1 |    107 | digest\[251\]$_DFFE_PN0P_/D
------------------------------------------------------------------------------------------------------------------------------
[INFO RSZ-0059] Removed 27 buffers.
[INFO RSZ-0040] Inserted 88 buffers.
[INFO RSZ-0051] Resized 297 instances: 297 up, 0 up match, 0 down, 0 VT
[INFO RSZ-0043] Swapped pins on 201 instances.
[WARNING RSZ-0062] Unable to repair all setup violations.
[INFO RSZ-0505] Runtime: 38.30s
[INFO RSZ-0033] No hold violations found.
[INFO RSZ-0506] Runtime: 0.06s
Took 39 seconds: repair_timing -setup_margin 0 -hold_margin 0 -repair_tns 100 -verbose
global_route -start_incremental
detailed_placement
[INFO DPL-0006] Core area: 413101.20 um^2
[INFO DPL-0007] Movable instances area: 214139.13 um^2
[INFO DPL-0008] Fixed instances area within core: 6849.07 um^2
[INFO DPL-0009] Utilization: 53.5%
[INFO DPL-0005] Diamond search max displacement: +/- 500 sites horizontally, +/- 100 rows vertically.
[INFO DPL-1102] Legalizing using negotiation legalizer.
[INFO DPL-1103] Negotiation base search window: +/-20 sites horizontally, +/-5 rows vertically 
	Automatic search window extension enabled.
	Search window extendable up to the max displacement cap of +/-500 sites, +/-100 rows near walls.
[INFO DPL-1104] NegotiationLegalizer DRC penalty: 5.
[INFO DPL-0392] Negotiation cell height distribution (1 unique row-count(s)):
[INFO DPL-0393]   height 1 row(s): 24029 cells
          |      Total |  Illegal |  Illegal
Iteration | Violations |    Cells |    Sites
---------------------------------------------
        0 |        235 |        59 |       176
        1 |         31 |         7 |        24
        2 |         17 |         3 |        14
        3 |          0 |         0 |         0
Negotiation phase 1 converged at iteration 3.
[INFO DPL-0500] Runtime: 0.12s
Placement Analysis
---------------------------------
total displacement       1591.6 u
average displacement        0.1 u
max displacement           22.8 u
original HPWL          636702.6 u
legalized HPWL         638612.5 u
delta HPWL                    0 %

check_placement -verbose
global_route -end_incremental -congestion_report_file ./reports/sky130hd/chia_sha256_benchmark_corrupted/base/congestion_post_repair_timing.rpt
Took 5 seconds: global_route -end_incremental -congestion_report_file ./reports/sky130hd/chia_sha256_benchmark_corrupted/base/congestion_post_repair_timing.rpt
estimate_parasitics -global_routing
global_route -start_incremental
global_route -end_incremental -congestion_report_file ./reports/sky130hd/chia_sha256_benchmark_corrupted/base/congestion_post_recover_power.rpt
Repair antennas...
[INFO GRT-0012] Found 112 antenna violations.
[INFO GRT-0302] Inserted 98 jumpers for 88 nets.
[INFO GRT-0012] Found 25 antenna violations.
[INFO DPL-0006] Core area: 413101.20 um^2
[INFO DPL-0007] Movable instances area: 213811.31 um^2
[INFO DPL-0008] Fixed instances area within core: 7249.45 um^2
[INFO DPL-0009] Utilization: 53.5%
[INFO DPL-0005] Diamond search max displacement: +/- 500 sites horizontally, +/- 100 rows vertically.
[INFO DPL-1102] Legalizing using negotiation legalizer.
[INFO DPL-1103] Negotiation base search window: +/-20 sites horizontally, +/-5 rows vertically 
	Automatic search window extension enabled.
	Search window extendable up to the max displacement cap of +/-500 sites, +/-100 rows near walls.
[INFO DPL-1104] NegotiationLegalizer DRC penalty: 5.
[INFO DPL-0392] Negotiation cell height distribution (1 unique row-count(s)):
[INFO DPL-0393]   height 1 row(s): 24058 cells
          |      Total |  Illegal |  Illegal
Iteration | Violations |    Cells |    Sites
---------------------------------------------
        0 |          0 |         0 |         0
Negotiation phase 1 converged at iteration 0.
[INFO DPL-0500] Runtime: 0.08s
[INFO GRT-0015] Inserted 29 diodes.
[INFO GRT-0012] Found 0 antenna violations.
[INFO ANT-0002] Found 0 net violations.
[INFO ANT-0001] Found 0 pin violations.
Estimate parasitics...
estimate_parasitics -global_routing
Report metrics stage 5, global route...

==========================================================================
global route report_design_area
--------------------------------------------------------------------------
Design area 221061 um^2 54% utilization.
[INFO FLW-0007] clock core_clock period 10.000000
[WARNING FLW-0010] more than one clock found. Skipping sdc update.
[INFO FLW-0011] Path endpoint path count 5667
write_db ./results/sky130hd/chia_sha256_benchmark_corrupted/base/5_1_grt.odb
write_sdc -no_timestamp ./results/sky130hd/chia_sha256_benchmark_corrupted/base/5_1_grt.sdc
Log                       Ext     Elapsed/s Peak Memory/MB sha1sum result [0:20)
5_1_grt                   .odb          289            624 5d31eb494adb82df1746
5_1_grt                   .sdc                             646b2646a9173099ca9a
/root/OpenROAD-flow-scripts/flow/scripts/flow.sh 5_2_route detail_route
Running detail_route.tcl, stage 5_2_route
read_liberty /root/OpenROAD-flow-scripts/flow/platforms/sky130hd/lib/sky130_fd_sc_hd__tt_025C_1v80.lib
read_db ./results/sky130hd/chia_sha256_benchmark_corrupted/base/5_1_grt.odb
read_sdc ./results/sky130hd/chia_sha256_benchmark_corrupted/base/5_1_grt.sdc
source /root/OpenROAD-flow-scripts/flow/platforms/sky130hd/setRC.tcl
[WARNING STA-0450] virtual clock vclk can not be propagated.
detailed_route -output_drc ./reports/sky130hd/chia_sha256_benchmark_corrupted/base/5_route_drc.rpt -output_maze ./results/sky130hd/chia_sha256_benchmark_corrupted/base/maze.log -droute_end_iter 64 -verbose 1 -drc_report_iter_step 5
[INFO DRT-0149] Reading tech and libs.
[WARNING DRT-0349] LEF58_ENCLOSURE with no CUTCLASS is not supported. Skipping for layer mcon
[WARNING DRT-0349] LEF58_ENCLOSURE with no CUTCLASS is not supported. Skipping for layer mcon
[WARNING DRT-0349] LEF58_ENCLOSURE with no CUTCLASS is not supported. Skipping for layer via
[WARNING DRT-0349] LEF58_ENCLOSURE with no CUTCLASS is not supported. Skipping for layer via
[WARNING DRT-0349] LEF58_ENCLOSURE with no CUTCLASS is not supported. Skipping for layer via2
[WARNING DRT-0349] LEF58_ENCLOSURE with no CUTCLASS is not supported. Skipping for layer via2
[WARNING DRT-0349] LEF58_ENCLOSURE with no CUTCLASS is not supported. Skipping for layer via3
[WARNING DRT-0349] LEF58_ENCLOSURE with no CUTCLASS is not supported. Skipping for layer via3
[WARNING DRT-0349] LEF58_ENCLOSURE with no CUTCLASS is not supported. Skipping for layer via4
[WARNING DRT-0349] LEF58_ENCLOSURE with no CUTCLASS is not supported. Skipping for layer via4

Units:                1000
Number of layers:     13
Number of macros:     441
Number of vias:       29
Number of viarulegen: 25

[INFO DRT-0150] Reading design.
[WARNING DRT-0120] Large net net5073 has 215 pins which may impact routing performance. Consider optimization.
[WARNING DRT-0120] Large net net5072 has 194 pins which may impact routing performance. Consider optimization.
[WARNING DRT-0120] Large net net5534 has 132 pins which may impact routing performance. Consider optimization.
[WARNING DRT-0120] Large net net5761 has 250 pins which may impact routing performance. Consider optimization.
[WARNING DRT-0120] Large net net7666 has 150 pins which may impact routing performance. Consider optimization.
[WARNING DRT-0120] Large net net7660 has 122 pins which may impact routing performance. Consider optimization.
[WARNING DRT-0120] Large net net7657 has 126 pins which may impact routing performance. Consider optimization.
[WARNING DRT-0120] Large net net7656 has 155 pins which may impact routing performance. Consider optimization.
[WARNING DRT-0120] Large net net7662 has 127 pins which may impact routing performance. Consider optimization.
[WARNING DRT-0120] Large net net7671 has 101 pins which may impact routing performance. Consider optimization.
[WARNING DRT-0120] Large net net7672 has 107 pins which may impact routing performance. Consider optimization.
[WARNING DRT-0120] Large net net7677 has 118 pins which may impact routing performance. Consider optimization.
[WARNING DRT-0120] Large net net7675 has 162 pins which may impact routing performance. Consider optimization.
[WARNING DRT-0120] Large net net7673 has 114 pins which may impact routing performance. Consider optimization.
[WARNING DRT-0120] Large net net7676 has 115 pins which may impact routing performance. Consider optimization.
[WARNING DRT-0120] Large net net7651 has 108 pins which may impact routing performance. Consider optimization.
[WARNING DRT-0120] Large net net7650 has 122 pins which may impact routing performance. Consider optimization.
[WARNING DRT-0120] Large net net7647 has 178 pins which may impact routing performance. Consider optimization.

Design:                   sha256
Die area:                 ( 0 0 ) ( 646075 646075 )
Number of track patterns: 12
Number of DEF vias:       0
Number of components:     24058
Number of terminals:      774
Number of snets:          2
Number of nets:           19166

[INFO DRT-0167] List of default vias:
  Layer via
    default via: M1M2_PR
  Layer via2
    default via: M2M3_PR
  Layer via3
    default via: M3M4_PR
  Layer via4
    default via: M4M5_PR
[INFO DRT-0162] Library cell analysis.
[INFO DRT-0163] Instance analysis.
[INFO DRT-0164] Number of unique instances = 284.
[INFO DRT-0168] Init region query.
[INFO DRT-0024]   Complete FR_MASTERSLICE.
[INFO DRT-0024]   Complete Fr_VIA.
[INFO DRT-0024]   Complete li1.
[INFO DRT-0024]   Complete mcon.
[INFO DRT-0024]   Complete met1.
[INFO DRT-0024]   Complete via.
[INFO DRT-0024]   Complete met2.
[INFO DRT-0024]   Complete via2.
[INFO DRT-0024]   Complete met3.
[INFO DRT-0024]   Complete via3.
[INFO DRT-0024]   Complete met4.
[INFO DRT-0024]   Complete via4.
[INFO DRT-0024]   Complete met5.
[INFO DRT-0033] FR_MASTERSLICE shape region query size = 0.
[INFO DRT-0033] FR_VIA shape region query size = 0.
[INFO DRT-0033] li1 shape region query size = 664447.
[INFO DRT-0033] mcon shape region query size = 393806.
[INFO DRT-0033] met1 shape region query size = 121253.
[INFO DRT-0033] via shape region query size = 27850.
[INFO DRT-0033] met2 shape region query size = 17227.
[INFO DRT-0033] via2 shape region query size = 22280.
[INFO DRT-0033] met3 shape region query size = 16965.
[INFO DRT-0033] via3 shape region query size = 22280.
[INFO DRT-0033] met4 shape region query size = 6722.
[INFO DRT-0033] via4 shape region query size = 1105.
[INFO DRT-0033] met5 shape region query size = 1199.
[INFO DRT-0165] Start pin access.
[INFO DRT-0076]   Complete 1000 pins.
[INFO DRT-0076]   Complete 2000 pins.
[INFO DRT-0078]   Complete 2281 pins.
[INFO DRT-0079]   Complete 100 unique inst patterns.
[INFO DRT-0079]   Complete 200 unique inst patterns.
[INFO DRT-0081]   Complete 284 unique inst patterns.
[INFO DRT-0082]   Complete 10000 groups.
[INFO DRT-0084]   Complete 12454 groups.
#scanned instances     = 24058
#unique  instances     = 284
#stdCellGenAp          = 10446
#stdCellValidPlanarAp  = 144
#stdCellValidViaAp     = 6727
#stdCellPinNoAp        = 10
#stdCellPinCnt         = 66987
#instTermValidViaApCnt = 0
#macroGenAp            = 0
#macroValidPlanarAp    = 0
#macroValidViaAp       = 0
#macroNoAp             = 0
[INFO DRT-0166] Complete pin access.
[INFO DRT-0267] cpu time = 00:03:10, elapsed time = 00:03:10, memory = 428.19 (MB), peak = 444.18 (MB)
[INFO DRT-0156] guideIn read 100000 guides.

[INFO DRT-0157] Number of guides:     166169

[INFO DRT-0169] Post process guides.
[INFO DRT-0176] GCELLGRID X 0 DO 93 STEP 6900 ;
[INFO DRT-0177] GCELLGRID Y 0 DO 93 STEP 6900 ;
[INFO DRT-0026]   Complete 100000 origin guides.
[INFO DRT-0028]   Complete FR_MASTERSLICE.
[INFO DRT-0028]   Complete Fr_VIA.
[INFO DRT-0028]   Complete li1.
[INFO DRT-0028]   Complete mcon.
[INFO DRT-0028]   Complete met1.
[INFO DRT-0028]   Complete via.
[INFO DRT-0028]   Complete met2.
[INFO DRT-0028]   Complete via2.
[INFO DRT-0028]   Complete met3.
[INFO DRT-0028]   Complete via3.
[INFO DRT-0028]   Complete met4.
[INFO DRT-0028]   Complete via4.
[INFO DRT-0028]   Complete met5.
[INFO DRT-0178] Init guide query.
[INFO DRT-0035]   Complete FR_MASTERSLICE (guide).
[INFO DRT-0035]   Complete Fr_VIA (guide).
[INFO DRT-0035]   Complete li1 (guide).
[INFO DRT-0035]   Complete mcon (guide).
[INFO DRT-0035]   Complete met1 (guide).
[INFO DRT-0035]   Complete via (guide).
[INFO DRT-0035]   Complete met2 (guide).
[INFO DRT-0035]   Complete via2 (guide).
[INFO DRT-0035]   Complete met3 (guide).
[INFO DRT-0035]   Complete via3 (guide).
[INFO DRT-0035]   Complete met4 (guide).
[INFO DRT-0035]   Complete via4 (guide).
[INFO DRT-0035]   Complete met5 (guide).
[INFO DRT-0036] FR_MASTERSLICE guide region query size = 0.
[INFO DRT-0036] FR_VIA guide region query size = 0.
[INFO DRT-0036] li1 guide region query size = 51511.
[INFO DRT-0036] mcon guide region query size = 0.
[INFO DRT-0036] met1 guide region query size = 49173.
[INFO DRT-0036] via guide region query size = 0.
[INFO DRT-0036] met2 guide region query size = 26357.
[INFO DRT-0036] via2 guide region query size = 0.
[INFO DRT-0036] met3 guide region query size = 3444.
[INFO DRT-0036] via3 guide region query size = 0.
[INFO DRT-0036] met4 guide region query size = 1630.
[INFO DRT-0036] via4 guide region query size = 0.
[INFO DRT-0036] met5 guide region query size = 64.
[INFO DRT-0179] Init gr pin query.
[INFO DRT-0267] cpu time = 00:00:00, elapsed time = 00:00:00, memory = 488.38 (MB), peak = 488.38 (MB)
[INFO DRT-0245] skipped writing guide updates to database.
[INFO DRT-0181] Start track assignment.
[INFO DRT-0184] Done with 79498 vertical wires in 2 frboxes and 52681 horizontal wires in 2 frboxes.
[INFO DRT-0186] Done with 12209 vertical wires in 2 frboxes and 19414 horizontal wires in 2 frboxes.
[INFO DRT-0182] Complete track assignment.
[INFO DRT-0267] cpu time = 00:00:05, elapsed time = 00:00:05, memory = 678.32 (MB), peak = 678.32 (MB)
[INFO DRT-0187] Start routing data preparation.
[INFO DRT-0267] cpu time = 00:00:00, elapsed time = 00:00:00, memory = 678.50 (MB), peak = 678.50 (MB)
[INFO DRT-0194] Start detail routing.
[INFO DRT-0195] Start 0th optimization iteration.
    Completing 10% with 0 violations.
    elapsed time = 00:00:30, memory = 782.95 (MB).
    Completing 20% with 0 violations.
    elapsed time = 00:01:20, memory = 1137.32 (MB).
    Completing 30% with 5355 violations.
    elapsed time = 00:01:55, memory = 1313.54 (MB).
    Completing 40% with 5355 violations.
    elapsed time = 00:02:45, memory = 1313.54 (MB).
    Completing 50% with 5355 violations.
    elapsed time = 00:03:39, memory = 1322.46 (MB).
    Completing 60% with 10412 violations.
    elapsed time = 00:04:23, memory = 1363.45 (MB).
    Completing 70% with 10412 violations.
    elapsed time = 00:05:25, memory = 1363.53 (MB).
    Completing 80% with 15294 violations.
    elapsed time = 00:05:50, memory = 1363.57 (MB).
    Completing 90% with 15294 violations.
    elapsed time = 00:06:53, memory = 1363.76 (MB).
    Completing 100% with 19896 violations.
    elapsed time = 00:07:32, memory = 1363.76 (MB).
[INFO DRT-0199]   Number of violations = 22646.
Viol/Layer         li1   mcon   met1    via   met2   met3   met4   met5
Cut Spacing          0     46      0      0      0      0      0      0
Metal Spacing        0      0   2918      0   1126     36     17      1
Min Hole             0      0     32      0      0      0      0      0
Recheck             13      0   1836      0    761     64     70      6
Short                0      2  13335     41   2256     32     43     11
[INFO DRT-0267] cpu time = 00:07:33, elapsed time = 00:07:33, memory = 1368.45 (MB), peak = 1406.32 (MB)
Total wire length = 853865 um.
Total wire length on LAYER li1 = 0 um.
Total wire length on LAYER met1 = 334759 um.
Total wire length on LAYER met2 = 356733 um.
Total wire length on LAYER met3 = 69226 um.
Total wire length on LAYER met4 = 92130 um.
Total wire length on LAYER met5 = 1015 um.
Total number of vias = 153286.
Up-via summary (total 153286):

-------------------------
 FR_MASTERSLICE         0
            li1     63026
           met1     80604
           met2      6649
           met3      2915
           met4        92
-------------------------
               153286


[INFO DRT-0195] Start 1st optimization iteration.
    Completing 10% with 22646 violations.
    elapsed time = 00:00:30, memory = 1368.16 (MB).
    Completing 20% with 22646 violations.
    elapsed time = 00:01:27, memory = 1384.87 (MB).
    Completing 30% with 20451 violations.
    elapsed time = 00:02:01, memory = 1384.87 (MB).
    Completing 40% with 20451 violations.
    elapsed time = 00:02:41, memory = 1409.51 (MB).
    Completing 50% with 20451 violations.
    elapsed time = 00:03:38, memory = 1366.91 (MB).
    Completing 60% with 18536 violations.
    elapsed time = 00:04:14, memory = 1390.83 (MB).
    Completing 70% with 18536 violations.
    elapsed time = 00:05:05, memory = 1390.72 (MB).
    Completing 80% with 16304 violations.
    elapsed time = 00:05:27, memory = 1390.72 (MB).
    Completing 90% with 16304 violations.
    elapsed time = 00:06:16, memory = 1393.06 (MB).
    Completing 100% with 13769 violations.
    elapsed time = 00:06:51, memory = 1396.32 (MB).
[INFO DRT-0199]   Number of violations = 13769.
Viol/Layer        mcon   met1    via   met2   met3   met4
Cut Spacing         30      0      1      0      0      0
Metal Spacing        0   1593      0    565     16      0
Short                0  10361      2   1174     18      9
[INFO DRT-0267] cpu time = 00:06:52, elapsed time = 00:06:52, memory = 1396.32 (MB), peak = 1443.01 (MB)
Total wire length = 845465 um.
Total wire length on LAYER li1 = 0 um.
Total wire length on LAYER met1 = 328798 um.
Total wire length on LAYER met2 = 354080 um.
Total wire length on LAYER met3 = 69975 um.
Total wire length on LAYER met4 = 91662 um.
Total wire length on LAYER met5 = 948 um.
Total number of vias = 151411.
Up-via summary (total 151411):

-------------------------
 FR_MASTERSLICE         0
            li1     63015
           met1     78845
           met2      6623
           met3      2848
           met4        80
-------------------------
               151411


[INFO DRT-0195] Start 2nd optimization iteration.
    Completing 10% with 13769 violations.
    elapsed time = 00:00:21, memory = 1396.32 (MB).
    Completing 20% with 13769 violations.
    elapsed time = 00:01:16, memory = 1390.48 (MB).
    Completing 30% with 13237 violations.
    elapsed time = 00:01:41, memory = 1390.48 (MB).
    Completing 40% with 13237 violations.
    elapsed time = 00:02:22, memory = 1390.57 (MB).
    Completing 50% with 13237 violations.
    elapsed time = 00:03:16, memory = 1398.11 (MB).
    Completing 60% with 12921 violations.
    elapsed time = 00:03:49, memory = 1380.05 (MB).
    Completing 70% with 12921 violations.
    elapsed time = 00:04:42, memory = 1362.06 (MB).
    Completing 80% with 12541 violations.
    elapsed time = 00:05:11, memory = 1395.61 (MB).
    Completing 90% with 12541 violations.
    elapsed time = 00:05:51, memory = 1362.05 (MB).
    Completing 100% with 12189 violations.
    elapsed time = 00:06:39, memory = 1408.21 (MB).
[INFO DRT-0199]   Number of violations = 12194.
Viol/Layer        mcon   met1    via   met2   met3   met4
Cut Spacing         36      0      0      0      0      0
Metal Spacing        0   1519      0    472     14      1
Min Hole             0      2      0      0      0      0
Recheck              0      4      0      1      0      0
Short                0   9246      2    890      4      3
[INFO DRT-0267] cpu time = 00:06:40, elapsed time = 00:06:40, memory = 1418.71 (MB), peak = 1443.01 (MB)
Total wire length = 842491 um.
Total wire length on LAYER li1 = 0 um.
Total wire length on LAYER met1 = 326952 um.
Total wire length on LAYER met2 = 352962 um.
Total wire length on LAYER met3 = 70022 um.
Total wire length on LAYER met4 = 91564 um.
Total wire length on LAYER met5 = 989 um.
Total number of vias = 150410.
Up-via summary (total 150410):

-------------------------
 FR_MASTERSLICE         0
            li1     63026
           met1     77974
           met2      6491
           met3      2837
           met4        82
-------------------------
               150410


[INFO DRT-0195] Start 3rd optimization iteration.
    Completing 10% with 12194 violations.
    elapsed time = 00:00:25, memory = 1452.94 (MB).
    Completing 20% with 12194 violations.
    elapsed time = 00:01:00, memory = 1453.13 (MB).
    Completing 30% with 8932 violations.
    elapsed time = 00:01:27, memory = 1458.38 (MB).
    Completing 40% with 8932 violations.
    elapsed time = 00:02:06, memory = 1458.38 (MB).
    Completing 50% with 8932 violations.
    elapsed time = 00:02:47, memory = 1459.10 (MB).
    Completing 60% with 6381 violations.
    elapsed time = 00:03:25, memory = 1459.10 (MB).
    Completing 70% with 6381 violations.
    elapsed time = 00:04:03, memory = 1459.10 (MB).
    Completing 80% with 3868 violations.
    elapsed time = 00:04:20, memory = 1459.10 (MB).
    Completing 90% with 3868 violations.
    elapsed time = 00:05:12, memory = 1459.10 (MB).
    Completing 100% with 1630 violations.
    elapsed time = 00:05:41, memory = 1459.10 (MB).
[INFO DRT-0199]   Number of violations = 1630.
Viol/Layer        mcon   met1    via   met2   met3
Cut Spacing          1      0      1      0      0
Metal Spacing        0    496      0     87     19
Short                0    910      1    111      4
[INFO DRT-0267] cpu time = 00:05:42, elapsed time = 00:05:42, memory = 1459.10 (MB), peak = 1478.04 (MB)
Total wire length = 840362 um.
Total wire length on LAYER li1 = 0 um.
Total wire length on LAYER met1 = 290842 um.
Total wire length on LAYER met2 = 349727 um.
Total wire length on LAYER met3 = 103986 um.
Total wire length on LAYER met4 = 94887 um.
Total wire length on LAYER met5 = 919 um.
Total number of vias = 155418.
Up-via summary (total 155418):

-------------------------
 FR_MASTERSLICE         0
            li1     63024
           met1     78029
           met2     11114
           met3      3179
           met4        72
-------------------------
               155418


[INFO DRT-0195] Start 4th optimization iteration.
    Completing 10% with 1630 violations.
    elapsed time = 00:00:02, memory = 1459.10 (MB).
    Completing 20% with 1630 violations.
    elapsed time = 00:00:13, memory = 1459.10 (MB).
    Completing 30% with 1204 violations.
    elapsed time = 00:00:19, memory = 1459.10 (MB).
    Completing 40% with 1204 violations.
    elapsed time = 00:00:25, memory = 1459.10 (MB).
    Completing 50% with 1204 violations.
    elapsed time = 00:00:56, memory = 1459.10 (MB).
    Completing 60% with 780 violations.
    elapsed time = 00:01:03, memory = 1459.10 (MB).
    Completing 70% with 780 violations.
    elapsed time = 00:01:12, memory = 1459.10 (MB).
    Completing 80% with 462 violations.
    elapsed time = 00:01:20, memory = 1459.10 (MB).
    Completing 90% with 462 violations.
    elapsed time = 00:01:33, memory = 1459.10 (MB).
    Completing 100% with 126 violations.
    elapsed time = 00:01:40, memory = 1459.10 (MB).
[INFO DRT-0199]   Number of violations = 126.
Viol/Layer        met1   met2
Metal Spacing       54     12
Short               52      8
[INFO DRT-0267] cpu time = 00:01:40, elapsed time = 00:01:40, memory = 1459.10 (MB), peak = 1478.60 (MB)
Total wire length = 840156 um.
Total wire length on LAYER li1 = 0 um.
Total wire length on LAYER met1 = 289315 um.
Total wire length on LAYER met2 = 349504 um.
Total wire length on LAYER met3 = 105288 um.
Total wire length on LAYER met4 = 95129 um.
Total wire length on LAYER met5 = 919 um.
Total number of vias = 155473.
Up-via summary (total 155473):

-------------------------
 FR_MASTERSLICE         0
            li1     63035
           met1     77957
           met2     11219
           met3      3190
           met4        72
-------------------------
               155473


[INFO DRT-0195] Start 5th optimization iteration.
    Completing 10% with 126 violations.
    elapsed time = 00:00:00, memory = 1459.10 (MB).
    Completing 20% with 126 violations.
    elapsed time = 00:00:00, memory = 1459.10 (MB).
    Completing 30% with 121 violations.
    elapsed time = 00:00:01, memory = 1459.10 (MB).
    Completing 40% with 121 violations.
    elapsed time = 00:00:02, memory = 1459.10 (MB).
    Completing 50% with 121 violations.
    elapsed time = 00:00:03, memory = 1459.10 (MB).
    Completing 60% with 116 violations.
    elapsed time = 00:00:03, memory = 1459.10 (MB).
    Completing 70% with 116 violations.
    elapsed time = 00:00:07, memory = 1459.10 (MB).
    Completing 80% with 69 violations.
    elapsed time = 00:00:10, memory = 1459.10 (MB).
    Completing 90% with 69 violations.
    elapsed time = 00:00:12, memory = 1459.10 (MB).
    Completing 100% with 24 violations.
    elapsed time = 00:00:14, memory = 1459.10 (MB).
[INFO DRT-0199]   Number of violations = 24.
Viol/Layer        met1   met2
Metal Spacing       12      6
Short                6      0
[INFO DRT-0267] cpu time = 00:00:14, elapsed time = 00:00:14, memory = 1459.29 (MB), peak = 1478.60 (MB)
Total wire length = 840160 um.
Total wire length on LAYER li1 = 0 um.
Total wire length on LAYER met1 = 289098 um.
Total wire length on LAYER met2 = 349518 um.
Total wire length on LAYER met3 = 105526 um.
Total wire length on LAYER met4 = 95097 um.
Total wire length on LAYER met5 = 919 um.
Total number of vias = 155492.
Up-via summary (total 155492):

-------------------------
 FR_MASTERSLICE         0
            li1     63034
           met1     77942
           met2     11259
           met3      3185
           met4        72
-------------------------
               155492


[INFO DRT-0195] Start 6th guides tiles iteration.
    Completing 10% with 24 violations.
    elapsed time = 00:00:00, memory = 1459.29 (MB).
    Completing 20% with 24 violations.
    elapsed time = 00:00:00, memory = 1459.29 (MB).
    Completing 30% with 24 violations.
    elapsed time = 00:00:00, memory = 1459.29 (MB).
    Completing 40% with 24 violations.
    elapsed time = 00:00:00, memory = 1459.29 (MB).
    Completing 50% with 24 violations.
    elapsed time = 00:00:00, memory = 1459.29 (MB).
    Completing 60% with 24 violations.
    elapsed time = 00:00:00, memory = 1459.29 (MB).
    Completing 70% with 9 violations.
    elapsed time = 00:00:01, memory = 1459.29 (MB).
    Completing 80% with 9 violations.
    elapsed time = 00:00:01, memory = 1459.29 (MB).
    Completing 90% with 9 violations.
    elapsed time = 00:00:01, memory = 1459.29 (MB).
    Completing 100% with 2 violations.
    elapsed time = 00:00:01, memory = 1459.29 (MB).
[INFO DRT-0199]   Number of violations = 2.
Viol/Layer        met1
Short                2
[INFO DRT-0267] cpu time = 00:00:01, elapsed time = 00:00:01, memory = 1459.29 (MB), peak = 1478.60 (MB)
Total wire length = 840164 um.
Total wire length on LAYER li1 = 0 um.
Total wire length on LAYER met1 = 289098 um.
Total wire length on LAYER met2 = 349524 um.
Total wire length on LAYER met3 = 105525 um.
Total wire length on LAYER met4 = 95097 um.
Total wire length on LAYER met5 = 919 um.
Total number of vias = 155503.
Up-via summary (total 155503):

-------------------------
 FR_MASTERSLICE         0
            li1     63034
           met1     77953
           met2     11259
           met3      3185
           met4        72
-------------------------
               155503


[INFO DRT-0195] Start 7th guides tiles iteration.
    Completing 50% with 2 violations.
    elapsed time = 00:00:00, memory = 1459.29 (MB).
    Completing 100% with 2 violations.
    elapsed time = 00:00:00, memory = 1459.29 (MB).
[INFO DRT-0199]   Number of violations = 2.
Viol/Layer        met1
Short                2
[INFO DRT-0267] cpu time = 00:00:00, elapsed time = 00:00:00, memory = 1459.29 (MB), peak = 1478.60 (MB)
Total wire length = 840164 um.
Total wire length on LAYER li1 = 0 um.
Total wire length on LAYER met1 = 289098 um.
Total wire length on LAYER met2 = 349524 um.
Total wire length on LAYER met3 = 105525 um.
Total wire length on LAYER met4 = 95097 um.
Total wire length on LAYER met5 = 919 um.
Total number of vias = 155503.
Up-via summary (total 155503):

-------------------------
 FR_MASTERSLICE         0
            li1     63034
           met1     77953
           met2     11259
           met3      3185
           met4        72
-------------------------
               155503


[INFO DRT-0195] Start 8th stubborn tiles iteration.
    Completing 10% with 2 violations.
    elapsed time = 00:00:10, memory = 1459.29 (MB).
    Completing 20% with 2 violations.
    elapsed time = 00:00:13, memory = 1459.29 (MB).
    Completing 30% with 2 violations.
    elapsed time = 00:00:21, memory = 1459.29 (MB).
    Completing 40% with 2 violations.
    elapsed time = 00:00:36, memory = 1459.29 (MB).
    Completing 50% with 2 violations.
    elapsed time = 00:00:37, memory = 1459.29 (MB).
    Completing 60% with 2 violations.
    elapsed time = 00:00:40, memory = 1622.79 (MB).
    Completing 70% with 2 violations.
    elapsed time = 00:00:44, memory = 1826.97 (MB).
    Completing 80% with 2 violations.
    elapsed time = 00:00:48, memory = 1988.10 (MB).
    Completing 90% with 2 violations.
    elapsed time = 00:00:51, memory = 2191.64 (MB).
    Completing 100% with 0 violations.
    elapsed time = 00:00:55, memory = 2399.02 (MB).
[INFO DRT-0199]   Number of violations = 0.
[INFO DRT-0267] cpu time = 00:00:55, elapsed time = 00:00:55, memory = 2405.21 (MB), peak = 2405.21 (MB)
Total wire length = 840174 um.
Total wire length on LAYER li1 = 0 um.
Total wire length on LAYER met1 = 289086 um.
Total wire length on LAYER met2 = 349532 um.
Total wire length on LAYER met3 = 105541 um.
Total wire length on LAYER met4 = 95095 um.
Total wire length on LAYER met5 = 919 um.
Total number of vias = 155509.
Up-via summary (total 155509):

-------------------------
 FR_MASTERSLICE         0
            li1     63034
           met1     77957
           met2     11263
           met3      3183
           met4        72
-------------------------
               155509


[INFO DRT-0198] Complete detail routing.
Total wire length = 840174 um.
Total wire length on LAYER li1 = 0 um.
Total wire length on LAYER met1 = 289086 um.
Total wire length on LAYER met2 = 349532 um.
Total wire length on LAYER met3 = 105541 um.
Total wire length on LAYER met4 = 95095 um.
Total wire length on LAYER met5 = 919 um.
Total number of vias = 155509.
Up-via summary (total 155509):

-------------------------
 FR_MASTERSLICE         0
            li1     63034
           met1     77957
           met2     11263
           met3      3183
           met4        72
-------------------------
               155509


[INFO DRT-0267] cpu time = 00:29:40, elapsed time = 00:29:40, memory = 2405.21 (MB), peak = 2405.21 (MB)

[INFO DRT-0180] Post processing.
[INFO DRT-0501] Runtime: 1977.18s
Took 1978 seconds: detailed_route -output_drc ./reports/sky130hd/chia_sha256_benchmark_corrupted/base/5_route_drc.rpt -output_maze ./results/sky130hd/chia_sha256_benchmark_corrupted/base/maze.log -droute_end_iter 64 -verbose 1 -drc_report_iter_step 5
[INFO GRT-0012] Found 38 antenna violations.
[WARNING GRT-0243] Unable to repair antennas on net with diodes.
[INFO DPL-0006] Core area: 413101.20 um^2
[INFO DPL-0007] Movable instances area: 0.00 um^2
[INFO DPL-0008] Fixed instances area within core: 221163.36 um^2
[INFO DPL-0009] Utilization: 53.5%
[INFO DPL-0005] Diamond search max displacement: +/- 500 sites horizontally, +/- 100 rows vertically.
[INFO DPL-1102] Legalizing using negotiation legalizer.
[INFO DPL-1103] Negotiation base search window: +/-20 sites horizontally, +/-5 rows vertically 
	Automatic search window extension enabled.
	Search window extendable up to the max displacement cap of +/-500 sites, +/-100 rows near walls.
[INFO DPL-1104] NegotiationLegalizer DRC penalty: 5.
[INFO DPL-0392] Negotiation cell height distribution (1 unique row-count(s)):
[INFO DPL-0393]   height 1 row(s): 24099 cells
[INFO DPL-0500] Runtime: 0.06s
[INFO GRT-0015] Inserted 41 diodes.
[WARNING DRT-0120] Large net net5073 has 215 pins which may impact routing performance. Consider optimization.
[WARNING DRT-0120] Large net net5072 has 194 pins which may impact routing performance. Consider optimization.
[WARNING DRT-0120] Large net net5534 has 132 pins which may impact routing performance. Consider optimization.
[WARNING DRT-0120] Large net net5761 has 250 pins which may impact routing performance. Consider optimization.
[WARNING DRT-0120] Large net net7666 has 150 pins which may impact routing performance. Consider optimization.
[WARNING DRT-0120] Large net net7660 has 122 pins which may impact routing performance. Consider optimization.
[WARNING DRT-0120] Large net net7657 has 126 pins which may impact routing performance. Consider optimization.
[WARNING DRT-0120] Large net net7656 has 155 pins which may impact routing performance. Consider optimization.
[WARNING DRT-0120] Large net net7662 has 127 pins which may impact routing performance. Consider optimization.
[WARNING DRT-0120] Large net net7671 has 101 pins which may impact routing performance. Consider optimization.
[WARNING DRT-0120] Large net net7672 has 107 pins which may impact routing performance. Consider optimization.
[WARNING DRT-0120] Large net net7677 has 118 pins which may impact routing performance. Consider optimization.
[WARNING DRT-0120] Large net net7675 has 162 pins which may impact routing performance. Consider optimization.
[WARNING DRT-0120] Large net net7673 has 114 pins which may impact routing performance. Consider optimization.
[WARNING DRT-0120] Large net net7676 has 115 pins which may impact routing performance. Consider optimization.
[WARNING DRT-0120] Large net net7651 has 108 pins which may impact routing performance. Consider optimization.
[WARNING DRT-0120] Large net net7650 has 122 pins which may impact routing performance. Consider optimization.
[WARNING DRT-0120] Large net net7647 has 178 pins which may impact routing performance. Consider optimization.
[INFO DRT-0024]   Complete FR_MASTERSLICE.
[INFO DRT-0024]   Complete Fr_VIA.
[INFO DRT-0024]   Complete li1.
[INFO DRT-0024]   Complete mcon.
[INFO DRT-0024]   Complete met1.
[INFO DRT-0024]   Complete via.
[INFO DRT-0024]   Complete met2.
[INFO DRT-0024]   Complete via2.
[INFO DRT-0024]   Complete met3.
[INFO DRT-0024]   Complete via3.
[INFO DRT-0024]   Complete met4.
[INFO DRT-0024]   Complete via4.
[INFO DRT-0024]   Complete met5.
[INFO DRT-0165] Start pin access.
[INFO DRT-0076]   Complete 1000 pins.
[INFO DRT-0076]   Complete 2000 pins.
[INFO DRT-0078]   Complete 2281 pins.
[INFO DRT-0079]   Complete 100 unique inst patterns.
[INFO DRT-0079]   Complete 200 unique inst patterns.
[INFO DRT-0081]   Complete 284 unique inst patterns.
[INFO DRT-0082]   Complete 10000 groups.
[INFO DRT-0084]   Complete 12455 groups.
#scanned instances     = 24099
#unique  instances     = 284
#stdCellGenAp          = 10446
#stdCellValidPlanarAp  = 144
#stdCellValidViaAp     = 6727
#stdCellPinNoAp        = 10
#stdCellPinCnt         = 66987
#instTermValidViaApCnt = 0
#macroGenAp            = 0
#macroValidPlanarAp    = 0
#macroValidViaAp       = 0
#macroNoAp             = 0
[INFO DRT-0166] Complete pin access.
[INFO DRT-0267] cpu time = 00:03:16, elapsed time = 00:03:16, memory = 2314.78 (MB), peak = 2405.21 (MB)
[INFO DRT-0156] guideIn read 100000 guides.

[INFO DRT-0157] Number of guides:     165678

[INFO DRT-0169] Post process guides.
[INFO DRT-0176] GCELLGRID X 0 DO 93 STEP 6900 ;
[INFO DRT-0177] GCELLGRID Y 0 DO 93 STEP 6900 ;
[INFO DRT-0026]   Complete 100000 origin guides.
[INFO DRT-0028]   Complete FR_MASTERSLICE.
[INFO DRT-0028]   Complete Fr_VIA.
[INFO DRT-0028]   Complete li1.
[INFO DRT-0028]   Complete mcon.
[INFO DRT-0028]   Complete met1.
[INFO DRT-0028]   Complete via.
[INFO DRT-0028]   Complete met2.
[INFO DRT-0028]   Complete via2.
[INFO DRT-0028]   Complete met3.
[INFO DRT-0028]   Complete via3.
[INFO DRT-0028]   Complete met4.
[INFO DRT-0028]   Complete via4.
[INFO DRT-0028]   Complete met5.
[INFO DRT-0178] Init guide query.
[INFO DRT-0035]   Complete FR_MASTERSLICE (guide).
[INFO DRT-0035]   Complete Fr_VIA (guide).
[INFO DRT-0035]   Complete li1 (guide).
[INFO DRT-0035]   Complete mcon (guide).
[INFO DRT-0035]   Complete met1 (guide).
[INFO DRT-0035]   Complete via (guide).
[INFO DRT-0035]   Complete met2 (guide).
[INFO DRT-0035]   Complete via2 (guide).
[INFO DRT-0035]   Complete met3 (guide).
[INFO DRT-0035]   Complete via3 (guide).
[INFO DRT-0035]   Complete met4 (guide).
[INFO DRT-0035]   Complete via4 (guide).
[INFO DRT-0035]   Complete met5 (guide).
[INFO DRT-0036] FR_MASTERSLICE guide region query size = 0.
[INFO DRT-0036] FR_VIA guide region query size = 0.
[INFO DRT-0036] li1 guide region query size = 51524.
[INFO DRT-0036] mcon guide region query size = 0.
[INFO DRT-0036] met1 guide region query size = 49162.
[INFO DRT-0036] via guide region query size = 0.
[INFO DRT-0036] met2 guide region query size = 26282.
[INFO DRT-0036] via2 guide region query size = 0.
[INFO DRT-0036] met3 guide region query size = 3312.
[INFO DRT-0036] via3 guide region query size = 0.
[INFO DRT-0036] met4 guide region query size = 1535.
[INFO DRT-0036] via4 guide region query size = 0.
[INFO DRT-0036] met5 guide region query size = 40.
[INFO DRT-0179] Init gr pin query.
[INFO DRT-0267] cpu time = 00:00:00, elapsed time = 00:00:00, memory = 2314.78 (MB), peak = 2405.21 (MB)
[INFO DRT-0245] skipped writing guide updates to database.
[INFO DRT-0181] Start track assignment.
[INFO DRT-0184] Done with 79341 vertical wires in 2 frboxes and 52514 horizontal wires in 2 frboxes.
[INFO DRT-0186] Done with 12309 vertical wires in 2 frboxes and 19385 horizontal wires in 2 frboxes.
[INFO DRT-0182] Complete track assignment.
[INFO DRT-0267] cpu time = 00:00:05, elapsed time = 00:00:05, memory = 2314.78 (MB), peak = 2405.21 (MB)
[INFO DRT-0187] Start routing data preparation.
[INFO DRT-0267] cpu time = 00:00:00, elapsed time = 00:00:00, memory = 2314.78 (MB), peak = 2405.21 (MB)
[INFO DRT-0194] Start detail routing.
[INFO DRT-0195] Start 0th optimization iteration.
    Completing 10% with 0 violations.
    elapsed time = 00:00:07, memory = 2314.78 (MB).
    Completing 20% with 0 violations.
    elapsed time = 00:00:22, memory = 2314.78 (MB).
    Completing 30% with 1326 violations.
    elapsed time = 00:00:37, memory = 2314.78 (MB).
    Completing 40% with 1326 violations.
    elapsed time = 00:00:48, memory = 2314.96 (MB).
    Completing 50% with 1326 violations.
    elapsed time = 00:01:08, memory = 2314.96 (MB).
    Completing 60% with 2439 violations.
    elapsed time = 00:01:17, memory = 2314.96 (MB).
    Completing 70% with 2439 violations.
    elapsed time = 00:01:35, memory = 2314.96 (MB).
    Completing 80% with 3490 violations.
    elapsed time = 00:01:42, memory = 2314.96 (MB).
    Completing 90% with 3490 violations.
    elapsed time = 00:01:53, memory = 2314.96 (MB).
    Completing 100% with 4343 violations.
    elapsed time = 00:02:05, memory = 2314.96 (MB).
[INFO DRT-0199]   Number of violations = 4866.
Viol/Layer        met1    via   met2   met3   met4
Metal Spacing      381      0    270      3      1
Min Hole             2      0      0      0      0
Recheck            303      0    199     11     10
Short             2338      1   1325     18      4
[INFO DRT-0267] cpu time = 00:02:05, elapsed time = 00:02:05, memory = 2314.96 (MB), peak = 2405.21 (MB)
Total wire length = 839396 um.
Total wire length on LAYER li1 = 0 um.
Total wire length on LAYER met1 = 295351 um.
Total wire length on LAYER met2 = 352509 um.
Total wire length on LAYER met3 = 97861 um.
Total wire length on LAYER met4 = 92745 um.
Total wire length on LAYER met5 = 929 um.
Total number of vias = 155392.
Up-via summary (total 155392):

-------------------------
 FR_MASTERSLICE         0
            li1     63090
           met1     78455
           met2     10718
           met3      3057
           met4        72
-------------------------
               155392


[INFO DRT-0195] Start 1st optimization iteration.
    Completing 10% with 4866 violations.
    elapsed time = 00:00:05, memory = 2314.96 (MB).
    Completing 20% with 4866 violations.
    elapsed time = 00:00:20, memory = 2314.96 (MB).
    Completing 30% with 4276 violations.
    elapsed time = 00:00:29, memory = 2314.96 (MB).
    Completing 40% with 4276 violations.
    elapsed time = 00:00:39, memory = 2314.96 (MB).
    Completing 50% with 4276 violations.
    elapsed time = 00:00:52, memory = 2314.96 (MB).
    Completing 60% with 3682 violations.
    elapsed time = 00:01:01, memory = 2314.96 (MB).
    Completing 70% with 3682 violations.
    elapsed time = 00:01:15, memory = 2314.96 (MB).
    Completing 80% with 2894 violations.
    elapsed time = 00:01:23, memory = 2314.96 (MB).
    Completing 90% with 2894 violations.
    elapsed time = 00:01:33, memory = 2314.96 (MB).
    Completing 100% with 2198 violations.
    elapsed time = 00:01:44, memory = 2314.96 (MB).
[INFO DRT-0199]   Number of violations = 2198.
Viol/Layer        met1   met2
Metal Spacing      213    154
Min Hole             1      0
NS Metal             1      0
Short             1334    495
[INFO DRT-0267] cpu time = 00:01:44, elapsed time = 00:01:44, memory = 2314.96 (MB), peak = 2405.21 (MB)
Total wire length = 838508 um.
Total wire length on LAYER li1 = 0 um.
Total wire length on LAYER met1 = 294710 um.
Total wire length on LAYER met2 = 351872 um.
Total wire length on LAYER met3 = 98117 um.
Total wire length on LAYER met4 = 92885 um.
Total wire length on LAYER met5 = 922 um.
Total number of vias = 155275.
Up-via summary (total 155275):

-------------------------
 FR_MASTERSLICE         0
            li1     63094
           met1     78277
           met2     10758
           met3      3074
           met4        72
-------------------------
               155275


[INFO DRT-0195] Start 2nd optimization iteration.
    Completing 10% with 2198 violations.
    elapsed time = 00:00:03, memory = 2314.96 (MB).
    Completing 20% with 2198 violations.
    elapsed time = 00:00:14, memory = 2314.96 (MB).
    Completing 30% with 2131 violations.
    elapsed time = 00:00:21, memory = 2314.96 (MB).
    Completing 40% with 2131 violations.
    elapsed time = 00:00:29, memory = 2314.96 (MB).
    Completing 50% with 2131 violations.
    elapsed time = 00:00:39, memory = 2314.96 (MB).
    Completing 60% with 2162 violations.
    elapsed time = 00:00:43, memory = 2314.96 (MB).
    Completing 70% with 2162 violations.
    elapsed time = 00:00:53, memory = 2314.96 (MB).
    Completing 80% with 2092 violations.
    elapsed time = 00:01:03, memory = 2314.96 (MB).
    Completing 90% with 2092 violations.
    elapsed time = 00:01:09, memory = 2314.96 (MB).
    Completing 100% with 1965 violations.
    elapsed time = 00:01:24, memory = 2314.96 (MB).
[INFO DRT-0199]   Number of violations = 1965.
Viol/Layer        mcon   met1   met2   met3
Cut Spacing          2      0      0      0
Metal Spacing        0    204    157      1
Short                0   1171    430      0
[INFO DRT-0267] cpu time = 00:01:24, elapsed time = 00:01:24, memory = 2314.96 (MB), peak = 2405.21 (MB)
Total wire length = 838220 um.
Total wire length on LAYER li1 = 0 um.
Total wire length on LAYER met1 = 294453 um.
Total wire length on LAYER met2 = 351782 um.
Total wire length on LAYER met3 = 98128 um.
Total wire length on LAYER met4 = 92931 um.
Total wire length on LAYER met5 = 923 um.
Total number of vias = 155145.
Up-via summary (total 155145):

-------------------------
 FR_MASTERSLICE         0
            li1     63093
           met1     78167
           met2     10745
           met3      3068
           met4        72
-------------------------
               155145


[INFO DRT-0195] Start 3rd optimization iteration.
    Completing 10% with 1965 violations.
    elapsed time = 00:00:05, memory = 2314.96 (MB).
    Completing 20% with 1965 violations.
    elapsed time = 00:00:22, memory = 2314.96 (MB).
    Completing 30% with 1519 violations.
    elapsed time = 00:00:32, memory = 2314.96 (MB).
    Completing 40% with 1519 violations.
    elapsed time = 00:00:40, memory = 2314.96 (MB).
    Completing 50% with 1519 violations.
    elapsed time = 00:01:00, memory = 2314.96 (MB).
    Completing 60% with 1153 violations.
    elapsed time = 00:01:07, memory = 2314.96 (MB).
    Completing 70% with 1153 violations.
    elapsed time = 00:01:29, memory = 2314.96 (MB).
    Completing 80% with 754 violations.
    elapsed time = 00:01:37, memory = 2314.96 (MB).
    Completing 90% with 754 violations.
    elapsed time = 00:01:47, memory = 2314.96 (MB).
    Completing 100% with 347 violations.
    elapsed time = 00:01:55, memory = 2314.96 (MB).
[INFO DRT-0199]   Number of violations = 347.
Viol/Layer        mcon   met1   met2
Cut Spacing          1      0      0
Metal Spacing        0    111     22
Short                0    176     37
[INFO DRT-0267] cpu time = 00:01:55, elapsed time = 00:01:55, memory = 2314.96 (MB), peak = 2405.21 (MB)
Total wire length = 838142 um.
Total wire length on LAYER li1 = 0 um.
Total wire length on LAYER met1 = 289303 um.
Total wire length on LAYER met2 = 349955 um.
Total wire length on LAYER met3 = 103172 um.
Total wire length on LAYER met4 = 94804 um.
Total wire length on LAYER met5 = 906 um.
Total number of vias = 156002.
Up-via summary (total 156002):

-------------------------
 FR_MASTERSLICE         0
            li1     63088
           met1     78219
           met2     11421
           met3      3204
           met4        70
-------------------------
               156002


[INFO DRT-0195] Start 4th optimization iteration.
    Completing 10% with 347 violations.
    elapsed time = 00:00:00, memory = 2314.96 (MB).
    Completing 20% with 347 violations.
    elapsed time = 00:00:06, memory = 2314.96 (MB).
    Completing 30% with 202 violations.
    elapsed time = 00:00:08, memory = 2314.96 (MB).
    Completing 40% with 202 violations.
    elapsed time = 00:00:09, memory = 2314.96 (MB).
    Completing 50% with 202 violations.
    elapsed time = 00:00:12, memory = 2314.96 (MB).
    Completing 60% with 115 violations.
    elapsed time = 00:00:13, memory = 2314.96 (MB).
    Completing 70% with 115 violations.
    elapsed time = 00:00:16, memory = 2314.96 (MB).
    Completing 80% with 28 violations.
    elapsed time = 00:00:17, memory = 2314.96 (MB).
    Completing 90% with 28 violations.
    elapsed time = 00:00:19, memory = 2314.96 (MB).
    Completing 100% with 6 violations.
    elapsed time = 00:00:20, memory = 2314.96 (MB).
[INFO DRT-0199]   Number of violations = 6.
Viol/Layer        met1
Metal Spacing        5
Short                1
[INFO DRT-0267] cpu time = 00:00:21, elapsed time = 00:00:21, memory = 2314.96 (MB), peak = 2405.21 (MB)
Total wire length = 838065 um.
Total wire length on LAYER li1 = 0 um.
Total wire length on LAYER met1 = 288958 um.
Total wire length on LAYER met2 = 349833 um.
Total wire length on LAYER met3 = 103487 um.
Total wire length on LAYER met4 = 94881 um.
Total wire length on LAYER met5 = 906 um.
Total number of vias = 155994.
Up-via summary (total 155994):

-------------------------
 FR_MASTERSLICE         0
            li1     63088
           met1     78187
           met2     11439
           met3      3210
           met4        70
-------------------------
               155994


[INFO DRT-0195] Start 5th guides tiles iteration.
    Completing 20% with 6 violations.
    elapsed time = 00:00:00, memory = 2314.96 (MB).
    Completing 50% with 6 violations.
    elapsed time = 00:00:00, memory = 2314.96 (MB).
    Completing 70% with 6 violations.
    elapsed time = 00:00:00, memory = 2314.96 (MB).
    Completing 100% with 1 violations.
    elapsed time = 00:00:00, memory = 2314.96 (MB).
[INFO DRT-0199]   Number of violations = 1.
Viol/Layer        met1
Metal Spacing        1
[INFO DRT-0267] cpu time = 00:00:00, elapsed time = 00:00:00, memory = 2314.96 (MB), peak = 2405.21 (MB)
Total wire length = 838066 um.
Total wire length on LAYER li1 = 0 um.
Total wire length on LAYER met1 = 288958 um.
Total wire length on LAYER met2 = 349834 um.
Total wire length on LAYER met3 = 103487 um.
Total wire length on LAYER met4 = 94881 um.
Total wire length on LAYER met5 = 906 um.
Total number of vias = 155993.
Up-via summary (total 155993):

-------------------------
 FR_MASTERSLICE         0
            li1     63088
           met1     78186
           met2     11439
           met3      3210
           met4        70
-------------------------
               155993


[INFO DRT-0195] Start 6th guides tiles iteration.
    Completing 100% with 1 violations.
    elapsed time = 00:00:00, memory = 2314.96 (MB).
[INFO DRT-0199]   Number of violations = 1.
Viol/Layer        met1
Metal Spacing        1
[INFO DRT-0267] cpu time = 00:00:00, elapsed time = 00:00:00, memory = 2314.96 (MB), peak = 2405.21 (MB)
Total wire length = 838066 um.
Total wire length on LAYER li1 = 0 um.
Total wire length on LAYER met1 = 288958 um.
Total wire length on LAYER met2 = 349834 um.
Total wire length on LAYER met3 = 103487 um.
Total wire length on LAYER met4 = 94881 um.
Total wire length on LAYER met5 = 906 um.
Total number of vias = 155993.
Up-via summary (total 155993):

-------------------------
 FR_MASTERSLICE         0
            li1     63088
           met1     78186
           met2     11439
           met3      3210
           met4        70
-------------------------
               155993


[INFO DRT-0195] Start 7th stubborn tiles iteration.
    Completing 10% with 1 violations.
    elapsed time = 00:00:05, memory = 2314.96 (MB).
    Completing 20% with 1 violations.
    elapsed time = 00:00:10, memory = 2314.96 (MB).
    Completing 30% with 1 violations.
    elapsed time = 00:00:13, memory = 2314.96 (MB).
    Completing 40% with 1 violations.
    elapsed time = 00:00:16, memory = 2314.96 (MB).
    Completing 50% with 1 violations.
    elapsed time = 00:00:22, memory = 2314.96 (MB).
    Completing 60% with 1 violations.
    elapsed time = 00:00:29, memory = 2314.96 (MB).
    Completing 70% with 1 violations.
    elapsed time = 00:00:33, memory = 2314.96 (MB).
    Completing 80% with 1 violations.
    elapsed time = 00:00:37, memory = 2314.96 (MB).
    Completing 90% with 1 violations.
    elapsed time = 00:00:44, memory = 2314.96 (MB).
    Completing 100% with 0 violations.
    elapsed time = 00:00:48, memory = 2314.96 (MB).
[INFO DRT-0199]   Number of violations = 0.
[INFO DRT-0267] cpu time = 00:00:48, elapsed time = 00:00:48, memory = 2314.96 (MB), peak = 2405.21 (MB)
Total wire length = 838067 um.
Total wire length on LAYER li1 = 0 um.
Total wire length on LAYER met1 = 288956 um.
Total wire length on LAYER met2 = 349825 um.
Total wire length on LAYER met3 = 103493 um.
Total wire length on LAYER met4 = 94886 um.
Total wire length on LAYER met5 = 906 um.
Total number of vias = 155991.
Up-via summary (total 155991):

-------------------------
 FR_MASTERSLICE         0
            li1     63088
           met1     78183
           met2     11438
           met3      3212
           met4        70
-------------------------
               155991


[INFO DRT-0198] Complete detail routing.
Total wire length = 838067 um.
Total wire length on LAYER li1 = 0 um.
Total wire length on LAYER met1 = 288956 um.
Total wire length on LAYER met2 = 349825 um.
Total wire length on LAYER met3 = 103493 um.
Total wire length on LAYER met4 = 94886 um.
Total wire length on LAYER met5 = 906 um.
Total number of vias = 155991.
Up-via summary (total 155991):

-------------------------
 FR_MASTERSLICE         0
            li1     63088
           met1     78183
           met2     11438
           met3      3212
           met4        70
-------------------------
               155991


[INFO DRT-0267] cpu time = 00:08:20, elapsed time = 00:08:20, memory = 2314.96 (MB), peak = 2405.21 (MB)

[INFO DRT-0180] Post processing.
[INFO DRT-0501] Runtime: 703.30s
[INFO ANT-0002] Found 2 net violations.
[INFO ANT-0001] Found 2 pin violations.
[INFO GRT-0012] Found 2 antenna violations.
[INFO DPL-0006] Core area: 413101.20 um^2
[INFO DPL-0007] Movable instances area: 0.00 um^2
[INFO DPL-0008] Fixed instances area within core: 221168.37 um^2
[INFO DPL-0009] Utilization: 53.5%
[INFO DPL-0005] Diamond search max displacement: +/- 500 sites horizontally, +/- 100 rows vertically.
[INFO DPL-1102] Legalizing using negotiation legalizer.
[INFO DPL-1103] Negotiation base search window: +/-20 sites horizontally, +/-5 rows vertically 
	Automatic search window extension enabled.
	Search window extendable up to the max displacement cap of +/-500 sites, +/-100 rows near walls.
[INFO DPL-1104] NegotiationLegalizer DRC penalty: 5.
[INFO DPL-0392] Negotiation cell height distribution (1 unique row-count(s)):
[INFO DPL-0393]   height 1 row(s): 24101 cells
[INFO DPL-0500] Runtime: 0.09s
[INFO GRT-0015] Inserted 2 diodes.
[WARNING DRT-0120] Large net net5073 has 215 pins which may impact routing performance. Consider optimization.
[WARNING DRT-0120] Large net net5072 has 194 pins which may impact routing performance. Consider optimization.
[WARNING DRT-0120] Large net net5534 has 132 pins which may impact routing performance. Consider optimization.
[WARNING DRT-0120] Large net net5761 has 250 pins which may impact routing performance. Consider optimization.
[WARNING DRT-0120] Large net net7666 has 150 pins which may impact routing performance. Consider optimization.
[WARNING DRT-0120] Large net net7660 has 122 pins which may impact routing performance. Consider optimization.
[WARNING DRT-0120] Large net net7657 has 126 pins which may impact routing performance. Consider optimization.
[WARNING DRT-0120] Large net net7656 has 155 pins which may impact routing performance. Consider optimization.
[WARNING DRT-0120] Large net net7662 has 127 pins which may impact routing performance. Consider optimization.
[WARNING DRT-0120] Large net net7671 has 101 pins which may impact routing performance. Consider optimization.
[WARNING DRT-0120] Large net net7672 has 107 pins which may impact routing performance. Consider optimization.
[WARNING DRT-0120] Large net net7677 has 118 pins which may impact routing performance. Consider optimization.
[WARNING DRT-0120] Large net net7675 has 162 pins which may impact routing performance. Consider optimization.
[WARNING DRT-0120] Large net net7673 has 114 pins which may impact routing performance. Consider optimization.
[WARNING DRT-0120] Large net net7676 has 115 pins which may impact routing performance. Consider optimization.
[WARNING DRT-0120] Large net net7651 has 108 pins which may impact routing performance. Consider optimization.
[WARNING DRT-0120] Large net net7650 has 122 pins which may impact routing performance. Consider optimization.
[WARNING DRT-0120] Large net net7647 has 178 pins which may impact routing performance. Consider optimization.
[INFO DRT-0024]   Complete FR_MASTERSLICE.
[INFO DRT-0024]   Complete Fr_VIA.
[INFO DRT-0024]   Complete li1.
[INFO DRT-0024]   Complete mcon.
[INFO DRT-0024]   Complete met1.
[INFO DRT-0024]   Complete via.
[INFO DRT-0024]   Complete met2.
[INFO DRT-0024]   Complete via2.
[INFO DRT-0024]   Complete met3.
[INFO DRT-0024]   Complete via3.
[INFO DRT-0024]   Complete met4.
[INFO DRT-0024]   Complete via4.
[INFO DRT-0024]   Complete met5.
[INFO DRT-0165] Start pin access.
[INFO DRT-0076]   Complete 1000 pins.
[INFO DRT-0076]   Complete 2000 pins.
[INFO DRT-0078]   Complete 2281 pins.
[INFO DRT-0079]   Complete 100 unique inst patterns.
[INFO DRT-0079]   Complete 200 unique inst patterns.
[INFO DRT-0081]   Complete 284 unique inst patterns.
[INFO DRT-0082]   Complete 10000 groups.
[INFO DRT-0084]   Complete 12455 groups.
#scanned instances     = 24101
#unique  instances     = 284
#stdCellGenAp          = 10446
#stdCellValidPlanarAp  = 144
#stdCellValidViaAp     = 6727
#stdCellPinNoAp        = 10
#stdCellPinCnt         = 66987
#instTermValidViaApCnt = 0
#macroGenAp            = 0
#macroValidPlanarAp    = 0
#macroValidViaAp       = 0
#macroNoAp             = 0
[INFO DRT-0166] Complete pin access.
[INFO DRT-0267] cpu time = 00:03:17, elapsed time = 00:03:17, memory = 2315.15 (MB), peak = 2405.21 (MB)
[INFO DRT-0156] guideIn read 100000 guides.

[INFO DRT-0157] Number of guides:     165613

[INFO DRT-0169] Post process guides.
[INFO DRT-0176] GCELLGRID X 0 DO 93 STEP 6900 ;
[INFO DRT-0177] GCELLGRID Y 0 DO 93 STEP 6900 ;
[INFO DRT-0026]   Complete 100000 origin guides.
[INFO DRT-0028]   Complete FR_MASTERSLICE.
[INFO DRT-0028]   Complete Fr_VIA.
[INFO DRT-0028]   Complete li1.
[INFO DRT-0028]   Complete mcon.
[INFO DRT-0028]   Complete met1.
[INFO DRT-0028]   Complete via.
[INFO DRT-0028]   Complete met2.
[INFO DRT-0028]   Complete via2.
[INFO DRT-0028]   Complete met3.
[INFO DRT-0028]   Complete via3.
[INFO DRT-0028]   Complete met4.
[INFO DRT-0028]   Complete via4.
[INFO DRT-0028]   Complete met5.
[INFO DRT-0178] Init guide query.
[INFO DRT-0035]   Complete FR_MASTERSLICE (guide).
[INFO DRT-0035]   Complete Fr_VIA (guide).
[INFO DRT-0035]   Complete li1 (guide).
[INFO DRT-0035]   Complete mcon (guide).
[INFO DRT-0035]   Complete met1 (guide).
[INFO DRT-0035]   Complete via (guide).
[INFO DRT-0035]   Complete met2 (guide).
[INFO DRT-0035]   Complete via2 (guide).
[INFO DRT-0035]   Complete met3 (guide).
[INFO DRT-0035]   Complete via3 (guide).
[INFO DRT-0035]   Complete met4 (guide).
[INFO DRT-0035]   Complete via4 (guide).
[INFO DRT-0035]   Complete met5 (guide).
[INFO DRT-0036] FR_MASTERSLICE guide region query size = 0.
[INFO DRT-0036] FR_VIA guide region query size = 0.
[INFO DRT-0036] li1 guide region query size = 51524.
[INFO DRT-0036] mcon guide region query size = 0.
[INFO DRT-0036] met1 guide region query size = 49168.
[INFO DRT-0036] via guide region query size = 0.
[INFO DRT-0036] met2 guide region query size = 26271.
[INFO DRT-0036] via2 guide region query size = 0.
[INFO DRT-0036] met3 guide region query size = 3284.
[INFO DRT-0036] via3 guide region query size = 0.
[INFO DRT-0036] met4 guide region query size = 1518.
[INFO DRT-0036] via4 guide region query size = 0.
[INFO DRT-0036] met5 guide region query size = 39.
[INFO DRT-0179] Init gr pin query.
[INFO DRT-0267] cpu time = 00:00:00, elapsed time = 00:00:00, memory = 2315.15 (MB), peak = 2405.21 (MB)
[INFO DRT-0245] skipped writing guide updates to database.
[INFO DRT-0181] Start track assignment.
[INFO DRT-0184] Done with 79313 vertical wires in 2 frboxes and 52491 horizontal wires in 2 frboxes.
[INFO DRT-0186] Done with 12372 vertical wires in 2 frboxes and 19459 horizontal wires in 2 frboxes.
[INFO DRT-0182] Complete track assignment.
[INFO DRT-0267] cpu time = 00:00:05, elapsed time = 00:00:05, memory = 2315.15 (MB), peak = 2405.21 (MB)
[INFO DRT-0187] Start routing data preparation.
[INFO DRT-0267] cpu time = 00:00:00, elapsed time = 00:00:00, memory = 2315.15 (MB), peak = 2405.21 (MB)
[INFO DRT-0194] Start detail routing.
[INFO DRT-0195] Start 0th optimization iteration.
    Completing 10% with 0 violations.
    elapsed time = 00:00:05, memory = 2315.15 (MB).
    Completing 20% with 0 violations.
    elapsed time = 00:00:13, memory = 2315.15 (MB).
    Completing 30% with 144 violations.
    elapsed time = 00:00:19, memory = 2315.15 (MB).
    Completing 40% with 144 violations.
    elapsed time = 00:00:28, memory = 2315.15 (MB).
    Completing 50% with 144 violations.
    elapsed time = 00:00:36, memory = 2315.15 (MB).
    Completing 60% with 273 violations.
    elapsed time = 00:00:43, memory = 2315.15 (MB).
    Completing 70% with 273 violations.
    elapsed time = 00:00:50, memory = 2315.15 (MB).
    Completing 80% with 383 violations.
    elapsed time = 00:00:54, memory = 2315.15 (MB).
    Completing 90% with 383 violations.
    elapsed time = 00:01:02, memory = 2315.15 (MB).
    Completing 100% with 482 violations.
    elapsed time = 00:01:08, memory = 2315.15 (MB).
[INFO DRT-0199]   Number of violations = 519.
Viol/Layer        met1    via   met2   met3   met4
Metal Spacing       44      0     28      1      0
Recheck             21      0     15      0      1
Short              254      1    153      0      1
[INFO DRT-0267] cpu time = 00:01:08, elapsed time = 00:01:08, memory = 2315.15 (MB), peak = 2405.21 (MB)
Total wire length = 838246 um.
Total wire length on LAYER li1 = 0 um.
Total wire length on LAYER met1 = 289921 um.
Total wire length on LAYER met2 = 350219 um.
Total wire length on LAYER met3 = 102658 um.
Total wire length on LAYER met4 = 94540 um.
Total wire length on LAYER met5 = 906 um.
Total number of vias = 156051.
Up-via summary (total 156051):

-------------------------
 FR_MASTERSLICE         0
            li1     63091
           met1     78284
           met2     11411
           met3      3195
           met4        70
-------------------------
               156051


[INFO DRT-0195] Start 1st optimization iteration.
    Completing 10% with 519 violations.
    elapsed time = 00:00:04, memory = 2315.15 (MB).
    Completing 20% with 519 violations.
    elapsed time = 00:00:13, memory = 2315.15 (MB).
    Completing 30% with 449 violations.
    elapsed time = 00:00:17, memory = 2315.15 (MB).
    Completing 40% with 449 violations.
    elapsed time = 00:00:25, memory = 2315.15 (MB).
    Completing 50% with 449 violations.
    elapsed time = 00:00:33, memory = 2315.15 (MB).
    Completing 60% with 376 violations.
    elapsed time = 00:00:39, memory = 2315.15 (MB).
    Completing 70% with 376 violations.
    elapsed time = 00:00:47, memory = 2315.15 (MB).
    Completing 80% with 259 violations.
    elapsed time = 00:00:52, memory = 2315.15 (MB).
    Completing 90% with 259 violations.
    elapsed time = 00:01:00, memory = 2315.15 (MB).
    Completing 100% with 174 violations.
    elapsed time = 00:01:06, memory = 2315.15 (MB).
[INFO DRT-0199]   Number of violations = 174.
Viol/Layer        met1   met2
Metal Spacing       16     18
Short              115     25
[INFO DRT-0267] cpu time = 00:01:06, elapsed time = 00:01:06, memory = 2315.15 (MB), peak = 2405.21 (MB)
Total wire length = 838194 um.
Total wire length on LAYER li1 = 0 um.
Total wire length on LAYER met1 = 289822 um.
Total wire length on LAYER met2 = 350149 um.
Total wire length on LAYER met3 = 102733 um.
Total wire length on LAYER met4 = 94582 um.
Total wire length on LAYER met5 = 906 um.
Total number of vias = 156017.
Up-via summary (total 156017):

-------------------------
 FR_MASTERSLICE         0
            li1     63091
           met1     78258
           met2     11404
           met3      3194
           met4        70
-------------------------
               156017


[INFO DRT-0195] Start 2nd optimization iteration.
    Completing 10% with 174 violations.
    elapsed time = 00:00:00, memory = 2315.15 (MB).
    Completing 20% with 174 violations.
    elapsed time = 00:00:01, memory = 2315.15 (MB).
    Completing 30% with 166 violations.
    elapsed time = 00:00:02, memory = 2315.15 (MB).
    Completing 40% with 166 violations.
    elapsed time = 00:00:04, memory = 2315.15 (MB).
    Completing 50% with 166 violations.
    elapsed time = 00:00:05, memory = 2315.15 (MB).
    Completing 60% with 159 violations.
    elapsed time = 00:00:06, memory = 2315.15 (MB).
    Completing 70% with 159 violations.
    elapsed time = 00:00:10, memory = 2315.15 (MB).
    Completing 80% with 155 violations.
    elapsed time = 00:00:12, memory = 2315.15 (MB).
    Completing 90% with 155 violations.
    elapsed time = 00:00:15, memory = 2315.15 (MB).
    Completing 100% with 143 violations.
    elapsed time = 00:00:16, memory = 2315.15 (MB).
[INFO DRT-0199]   Number of violations = 143.
Viol/Layer        met1   met2
Metal Spacing       23      2
Short               98     20
[INFO DRT-0267] cpu time = 00:00:16, elapsed time = 00:00:16, memory = 2315.15 (MB), peak = 2405.21 (MB)
Total wire length = 838179 um.
Total wire length on LAYER li1 = 0 um.
Total wire length on LAYER met1 = 289802 um.
Total wire length on LAYER met2 = 350141 um.
Total wire length on LAYER met3 = 102769 um.
Total wire length on LAYER met4 = 94560 um.
Total wire length on LAYER met5 = 906 um.
Total number of vias = 156020.
Up-via summary (total 156020):

-------------------------
 FR_MASTERSLICE         0
            li1     63091
           met1     78268
           met2     11401
           met3      3190
           met4        70
-------------------------
               156020


[INFO DRT-0195] Start 3rd optimization iteration.
    Completing 10% with 143 violations.
    elapsed time = 00:00:00, memory = 2315.15 (MB).
    Completing 20% with 143 violations.
    elapsed time = 00:00:02, memory = 2315.15 (MB).
    Completing 30% with 111 violations.
    elapsed time = 00:00:02, memory = 2315.15 (MB).
    Completing 40% with 111 violations.
    elapsed time = 00:00:05, memory = 2315.15 (MB).
    Completing 50% with 111 violations.
    elapsed time = 00:00:07, memory = 2315.15 (MB).
    Completing 60% with 70 violations.
    elapsed time = 00:00:07, memory = 2315.15 (MB).
    Completing 70% with 70 violations.
    elapsed time = 00:00:10, memory = 2315.15 (MB).
    Completing 80% with 56 violations.
    elapsed time = 00:00:11, memory = 2315.15 (MB).
    Completing 90% with 56 violations.
    elapsed time = 00:00:14, memory = 2315.15 (MB).
    Completing 100% with 17 violations.
    elapsed time = 00:00:15, memory = 2315.15 (MB).
[INFO DRT-0199]   Number of violations = 17.
Viol/Layer        met1   met2
Metal Spacing        7      0
Short                5      5
[INFO DRT-0267] cpu time = 00:00:15, elapsed time = 00:00:15, memory = 2315.15 (MB), peak = 2405.21 (MB)
Total wire length = 838102 um.
Total wire length on LAYER li1 = 0 um.
Total wire length on LAYER met1 = 289300 um.
Total wire length on LAYER met2 = 349984 um.
Total wire length on LAYER met3 = 103210 um.
Total wire length on LAYER met4 = 94701 um.
Total wire length on LAYER met5 = 906 um.
Total number of vias = 156075.
Up-via summary (total 156075):

-------------------------
 FR_MASTERSLICE         0
            li1     63092
           met1     78240
           met2     11466
           met3      3207
           met4        70
-------------------------
               156075


[INFO DRT-0195] Start 4th guides tiles iteration.
    Completing 10% with 17 violations.
    elapsed time = 00:00:00, memory = 2315.15 (MB).
    Completing 20% with 17 violations.
    elapsed time = 00:00:00, memory = 2315.15 (MB).
    Completing 30% with 17 violations.
    elapsed time = 00:00:00, memory = 2315.15 (MB).
    Completing 40% with 17 violations.
    elapsed time = 00:00:00, memory = 2315.15 (MB).
    Completing 50% with 17 violations.
    elapsed time = 00:00:01, memory = 2315.15 (MB).
    Completing 60% with 6 violations.
    elapsed time = 00:00:01, memory = 2315.15 (MB).
    Completing 70% with 6 violations.
    elapsed time = 00:00:01, memory = 2315.15 (MB).
    Completing 80% with 6 violations.
    elapsed time = 00:00:01, memory = 2315.15 (MB).
    Completing 90% with 0 violations.
    elapsed time = 00:00:01, memory = 2315.15 (MB).
    Completing 100% with 0 violations.
    elapsed time = 00:00:01, memory = 2315.15 (MB).
[INFO DRT-0199]   Number of violations = 0.
[INFO DRT-0267] cpu time = 00:00:01, elapsed time = 00:00:01, memory = 2315.15 (MB), peak = 2405.21 (MB)
Total wire length = 838088 um.
Total wire length on LAYER li1 = 0 um.
Total wire length on LAYER met1 = 289174 um.
Total wire length on LAYER met2 = 349981 um.
Total wire length on LAYER met3 = 103320 um.
Total wire length on LAYER met4 = 94706 um.
Total wire length on LAYER met5 = 906 um.
Total number of vias = 156065.
Up-via summary (total 156065):

-------------------------
 FR_MASTERSLICE         0
            li1     63092
           met1     78233
           met2     11461
           met3      3209
           met4        70
-------------------------
               156065


[INFO DRT-0198] Complete detail routing.
Total wire length = 838088 um.
Total wire length on LAYER li1 = 0 um.
Total wire length on LAYER met1 = 289174 um.
Total wire length on LAYER met2 = 349981 um.
Total wire length on LAYER met3 = 103320 um.
Total wire length on LAYER met4 = 94706 um.
Total wire length on LAYER met5 = 906 um.
Total number of vias = 156065.
Up-via summary (total 156065):

-------------------------
 FR_MASTERSLICE         0
            li1     63092
           met1     78233
           met2     11461
           met3      3209
           met4        70
-------------------------
               156065


[INFO DRT-0267] cpu time = 00:02:49, elapsed time = 00:02:49, memory = 2315.15 (MB), peak = 2405.21 (MB)

[INFO DRT-0180] Post processing.
[INFO DRT-0501] Runtime: 373.42s
[INFO ANT-0002] Found 0 net violations.
[INFO ANT-0001] Found 0 pin violations.
[INFO ANT-0002] Found 0 net violations.
[INFO ANT-0001] Found 0 pin violations.
Design area 221168 um^2 54% utilization.
write_db ./results/sky130hd/chia_sha256_benchmark_corrupted/base/5_2_route.odb
Log                       Ext     Elapsed/s Peak Memory/MB sha1sum result [0:20)
5_2_route                 .odb         3159           2405 5684458816f447d779fc
/root/OpenROAD-flow-scripts/flow/scripts/flow.sh 5_3_fillcell fillcell
Running fillcell.tcl, stage 5_3_fillcell
read_liberty /root/OpenROAD-flow-scripts/flow/platforms/sky130hd/lib/sky130_fd_sc_hd__tt_025C_1v80.lib
read_db ./results/sky130hd/chia_sha256_benchmark_corrupted/base/5_2_route.odb
read_sdc ./results/sky130hd/chia_sha256_benchmark_corrupted/base/5_1_grt.sdc
source /root/OpenROAD-flow-scripts/flow/platforms/sky130hd/setRC.tcl
[WARNING STA-0450] virtual clock vclk can not be propagated.
filler_placement "sky130_fd_sc_hd__fill_1 sky130_fd_sc_hd__fill_2 sky130_fd_sc_hd__fill_4 sky130_fd_sc_hd__fill_8"
[INFO DPL-0001] Placed 35727 filler instances.
Design area 221168 um^2 54% utilization.
write_db ./results/sky130hd/chia_sha256_benchmark_corrupted/base/5_3_fillcell.odb
Log                       Ext     Elapsed/s Peak Memory/MB sha1sum result [0:20)
5_3_fillcell              .odb            0            233 b489c7d717b4dd6a5cd7
cp ./results/sky130hd/chia_sha256_benchmark_corrupted/base/5_3_fillcell.odb ./results/sky130hd/chia_sha256_benchmark_corrupted/base/5_route.odb
cp ./results/sky130hd/chia_sha256_benchmark_corrupted/base/5_1_grt.sdc ./results/sky130hd/chia_sha256_benchmark_corrupted/base/5_route.sdc
make: Leaving directory '/root/OpenROAD-flow-scripts/flow'

STDERR:
bash: /opt/miniconda/lib/libtinfo.so.6: no version information available (required by bash)
bash: /opt/miniconda/lib/libtinfo.so.6: no version information available (required by bash)
bash: /opt/miniconda/lib/libtinfo.so.6: no version information available (required by bash)
bash: /opt/miniconda/lib/libtinfo.so.6: no version information available (required by bash)
bash: /opt/miniconda/lib/libtinfo.so.6: no version information available (required by bash)
bash: /opt/miniconda/lib/libtinfo.so.6: no version information available (required by bash)
bash: /opt/miniconda/lib/libtinfo.so.6: no version information available (required by bash)
bash: /opt/miniconda/lib/libtinfo.so.6: no version information available (required by bash)
bash: /opt/miniconda/lib/libtinfo.so.6: no version information available (required by bash)
bash: /opt/miniconda/lib/libtinfo.so.6: no version information available (required by bash)
bash: /opt/miniconda/lib/libtinfo.so.6: no version information available (required by bash)
bash: /opt/miniconda/lib/libtinfo.so.6: no version information available (required by bash)
bash: /opt/miniconda/lib/libtinfo.so.6: no version information available (required by bash)
bash: /opt/miniconda/lib/libtinfo.so.6: no version information available (required by bash)
bash: /opt/miniconda/lib/libtinfo.so.6: no version information available (required by bash)
bash: /opt/miniconda/lib/libtinfo.so.6: no version information available (required by bash)
bash: /opt/miniconda/lib/libtinfo.so.6: no version information available (required by bash)
bash: /opt/miniconda/lib/libtinfo.so.6: no version information available (required by bash)
bash: /opt/miniconda/lib/libtinfo.so.6: no version information available (required by bash)
bash: /opt/miniconda/lib/libtinfo.so.6: no version information available (required by bash)
bash: /opt/miniconda/lib/libtinfo.so.6: no version information available (required by bash)
bash: /opt/miniconda/lib/libtinfo.so.6: no version information available (required by bash)
bash: /opt/miniconda/lib/libtinfo.so.6: no version information available (required by bash)
bash: /opt/miniconda/lib/libtinfo.so.6: no version information available (required by bash)
Elapsed time: 4:49.90[h:]min:sec. CPU time: user 289.63 sys 0.22 (99%). Peak memory: 639296KB.
bash: /opt/miniconda/lib/libtinfo.so.6: no version information available (required by bash)
bash: /opt/miniconda/lib/libtinfo.so.6: no version information available (required by bash)
bash: /opt/miniconda/lib/libtinfo.so.6: no version information available (required by bash)
bash: /opt/miniconda/lib/libtinfo.so.6: no version information available (required by bash)
bash: /opt/miniconda/lib/libtinfo.so.6: no version information available (required by bash)
bash: /opt/miniconda/lib/libtinfo.so.6: no version information available (required by bash)
bash: /opt/miniconda/lib/libtinfo.so.6: no version information available (required by bash)
bash: /opt/miniconda/lib/libtinfo.so.6: no version information available (required by bash)
bash: /opt/miniconda/lib/libtinfo.so.6: no version information available (required by bash)
bash: /opt/miniconda/lib/libtinfo.so.6: no version information available (required by bash)
bash: /opt/miniconda/lib/libtinfo.so.6: no version information available (required by bash)
bash: /opt/miniconda/lib/libtinfo.so.6: no version information available (required by bash)
bash: /opt/miniconda/lib/libtinfo.so.6: no version information available (required by bash)
bash: /opt/miniconda/lib/libtinfo.so.6: no version information available (required by bash)
Elapsed time: 52:39.51[h:]min:sec. CPU time: user 3155.22 sys 4.14 (99%). Peak memory: 2462932KB.
bash: /opt/miniconda/lib/libtinfo.so.6: no version information available (required by bash)
bash: /opt/miniconda/lib/libtinfo.so.6: no version information available (required by bash)
bash: /opt/miniconda/lib/libtinfo.so.6: no version information available (required by bash)
bash: /opt/miniconda/lib/libtinfo.so.6: no version information available (required by bash)
bash: /opt/miniconda/lib/libtinfo.so.6: no version information available (required by bash)
bash: /opt/miniconda/lib/libtinfo.so.6: no version information available (required by bash)
bash: /opt/miniconda/lib/libtinfo.so.6: no version information available (required by bash)
bash: /opt/miniconda/lib/libtinfo.so.6: no version information available (required by bash)
bash: /opt/miniconda/lib/libtinfo.so.6: no version information available (required by bash)
bash: /opt/miniconda/lib/libtinfo.so.6: no version information available (required by bash)
bash: /opt/miniconda/lib/libtinfo.so.6: no version information available (required by bash)
bash: /opt/miniconda/lib/libtinfo.so.6: no version information available (required by bash)
bash: /opt/miniconda/lib/libtinfo.so.6: no version information available (required by bash)
bash: /opt/miniconda/lib/libtinfo.so.6: no version information available (required by bash)
Elapsed time: 0:00.57[h:]min:sec. CPU time: user 0.49 sys 0.08 (99%). Peak memory: 238760KB.
bash: /opt/miniconda/lib/libtinfo.so.6: no version information available (required by bash)
bash: /opt/miniconda/lib/libtinfo.so.6: no version information available (required by bash)
bash: /opt/miniconda/lib/libtinfo.so.6: no version information available (required by bash)
bash: /opt/miniconda/lib/libtinfo.so.6: no version information available (required by bash)
bash: /opt/miniconda/lib/libtinfo.so.6: no version information available (required by bash)
bash: /opt/miniconda/lib/libtinfo.so.6: no version information available (required by bash)
bash: /opt/miniconda/lib/libtinfo.so.6: no version information available (required by bash)
bash: /opt/miniconda/lib/libtinfo.so.6: no version information available (required by bash)
bash: /opt/miniconda/lib/libtinfo.so.6: no version information available (required by bash)
bash: /opt/miniconda/lib/libtinfo.so.6: no version information available (required by bash)
bash: /opt/miniconda/lib/libtinfo.so.6: no version information available (required by bash)
bash: /opt/miniconda/lib/libtinfo.so.6: no version information available (required by bash)
bash: /opt/miniconda/lib/libtinfo.so.6: no version information available (required by bash)
bash: /opt/miniconda/lib/libtinfo.so.6: no version information available (required by bash)
bash: /opt/miniconda/lib/libtinfo.so.6: no version information available (required by bash)
bash: /opt/miniconda/lib/libtinfo.so.6: no version information available (required by bash)
bash: /opt/miniconda/lib/libtinfo.so.6: no version information available (required by bash)
bash: /opt/miniconda/lib/libtinfo.so.6: no version information available (required by bash)
bash: /opt/miniconda/lib/libtinfo.so.6: no version information available (required by bash)
bash: /opt/miniconda/lib/libtinfo.so.6: no version information available (required by bash)
bash: /opt/miniconda/lib/libtinfo.so.6: no version information available (required by bash)
bash: /opt/miniconda/lib/libtinfo.so.6: no version information available (required by bash)
bash: /opt/miniconda/lib/libtinfo.so.6: no version information available (required by bash)
bash: /opt/miniconda/lib/libtinfo.so.6: no version information available (required by bash)
bash: /opt/miniconda/lib/libtinfo.so.6: no version information available (required by bash)
bash: /opt/miniconda/lib/libtinfo.so.6: no version information available (required by bash)
