make: Entering directory '/root/OpenROAD-flow-scripts/flow'
/root/OpenROAD-flow-scripts/flow/scripts/flow.sh 5_1_grt global_route
Running global_route.tcl, stage 5_1_grt
read_liberty /root/OpenROAD-flow-scripts/flow/platforms/sky130hd/lib/sky130_fd_sc_hd__tt_025C_1v80.lib
read_db ./results/sky130hd/chia_sha256_benchmark_corrupted/slot1/4_cts.odb
read_sdc ./results/sky130hd/chia_sha256_benchmark_corrupted/slot1/4_cts.sdc
source /root/OpenROAD-flow-scripts/flow/platforms/sky130hd/setRC.tcl
pin_access
[INFO DRT-0149] Reading tech and libs.
[WARNING DRT-0349] LEF58_ENCLOSURE with no CUTCLASS is not supported. Skipping for layer mcon
[WARNING DRT-0349] LEF58_ENCLOSURE with no CUTCLASS is not supported. Skipping for layer mcon
[WARNING DRT-0349] LEF58_ENCLOSURE with no CUTCLASS is not supported. Skipping for layer via
[WARNING DRT-0349] LEF58_ENCLOSURE with no CUTCLASS is not supported. Skipping for layer via
[WARNING DRT-0349] LEF58_ENCLOSURE with no CUTCLASS is not supported. Skipping for layer via2
[WARNING DRT-0349] LEF58_ENCLOSURE with no CUTCLASS is not supported. Skipping for layer via2
[WARNING DRT-0349] LEF58_ENCLOSURE with no CUTCLASS is not supported. Skipping for layer via3
[WARNING DRT-0349] LEF58_ENCLOSURE with no CUTCLASS is not supported. Skipping for layer via3
[WARNING DRT-0349] LEF58_ENCLOSURE with no CUTCLASS is not supported. Skipping for layer via4
[WARNING DRT-0349] LEF58_ENCLOSURE with no CUTCLASS is not supported. Skipping for layer via4

Units:                1000
Number of layers:     13
Number of macros:     441
Number of vias:       29
Number of viarulegen: 25

[INFO DRT-0150] Reading design.
[WARNING DRT-0120] Large net net513 has 123 pins which may impact routing performance. Consider optimization.
[WARNING DRT-0120] Large net net3273 has 232 pins which may impact routing performance. Consider optimization.
[WARNING DRT-0120] Large net net3272 has 207 pins which may impact routing performance. Consider optimization.
[WARNING DRT-0120] Large net net3634 has 168 pins which may impact routing performance. Consider optimization.
[WARNING DRT-0120] Large net net3688 has 136 pins which may impact routing performance. Consider optimization.
[WARNING DRT-0120] Large net net3869 has 110 pins which may impact routing performance. Consider optimization.
[WARNING DRT-0120] Large net net3868 has 250 pins which may impact routing performance. Consider optimization.
[WARNING DRT-0120] Large net net3994 has 144 pins which may impact routing performance. Consider optimization.
[WARNING DRT-0120] Large net net3992 has 154 pins which may impact routing performance. Consider optimization.
[WARNING DRT-0120] Large net net3990 has 112 pins which may impact routing performance. Consider optimization.
[WARNING DRT-0120] Large net net3989 has 157 pins which may impact routing performance. Consider optimization.
[WARNING DRT-0120] Large net net3987 has 138 pins which may impact routing performance. Consider optimization.
[WARNING DRT-0120] Large net net3979 has 122 pins which may impact routing performance. Consider optimization.
[WARNING DRT-0120] Large net net3978 has 138 pins which may impact routing performance. Consider optimization.
[WARNING DRT-0120] Large net net3973 has 133 pins which may impact routing performance. Consider optimization.
[WARNING DRT-0120] Large net net3971 has 151 pins which may impact routing performance. Consider optimization.
[WARNING DRT-0120] Large net net3968 has 154 pins which may impact routing performance. Consider optimization.

Design:                   sha256
Die area:                 ( 0 0 ) ( 578080 578080 )
Number of track patterns: 12
Number of DEF vias:       0
Number of components:     20952
Number of terminals:      774
Number of snets:          2
Number of nets:           17189

[INFO DRT-0167] List of default vias:
  Layer via
    default via: M1M2_PR
  Layer via2
    default via: M2M3_PR
  Layer via3
    default via: M3M4_PR
  Layer via4
    default via: M4M5_PR
[INFO DRT-0162] Library cell analysis.
[INFO DRT-0163] Instance analysis.
[INFO DRT-0164] Number of unique instances = 249.
[INFO DRT-0168] Init region query.
[INFO DRT-0024]   Complete FR_MASTERSLICE.
[INFO DRT-0024]   Complete Fr_VIA.
[INFO DRT-0024]   Complete li1.
[INFO DRT-0024]   Complete mcon.
[INFO DRT-0024]   Complete met1.
[INFO DRT-0024]   Complete via.
[INFO DRT-0024]   Complete met2.
[INFO DRT-0024]   Complete via2.
[INFO DRT-0024]   Complete met3.
[INFO DRT-0024]   Complete via3.
[INFO DRT-0024]   Complete met4.
[INFO DRT-0024]   Complete via4.
[INFO DRT-0024]   Complete met5.
[INFO DRT-0033] FR_MASTERSLICE shape region query size = 0.
[INFO DRT-0033] FR_VIA shape region query size = 0.
[INFO DRT-0033] li1 shape region query size = 610952.
[INFO DRT-0033] mcon shape region query size = 362906.
[INFO DRT-0033] met1 shape region query size = 113467.
[INFO DRT-0033] via shape region query size = 22260.
[INFO DRT-0033] met2 shape region query size = 13742.
[INFO DRT-0033] via2 shape region query size = 17808.
[INFO DRT-0033] met3 shape region query size = 13742.
[INFO DRT-0033] via3 shape region query size = 17808.
[INFO DRT-0033] met4 shape region query size = 5376.
[INFO DRT-0033] via4 shape region query size = 882.
[INFO DRT-0033] met5 shape region query size = 966.
[INFO DRT-0165] Start pin access.
[INFO DRT-0076]   Complete 1000 pins.
[INFO DRT-0078]   Complete 1985 pins.
[INFO DRT-0079]   Complete 100 unique inst patterns.
[INFO DRT-0079]   Complete 200 unique inst patterns.
[INFO DRT-0081]   Complete 249 unique inst patterns.
[INFO DRT-0082]   Complete 10000 groups.
[INFO DRT-0084]   Complete 11105 groups.
#scanned instances     = 20952
#unique  instances     = 249
#stdCellGenAp          = 9312
#stdCellValidPlanarAp  = 156
#stdCellValidViaAp     = 5914
#stdCellPinNoAp        = 10
#stdCellPinCnt         = 63041
#instTermValidViaApCnt = 0
#macroGenAp            = 0
#macroValidPlanarAp    = 0
#macroValidViaAp       = 0
#macroNoAp             = 0
[INFO DRT-0166] Complete pin access.
[INFO DRT-0267] cpu time = 00:02:47, elapsed time = 00:02:47, memory = 250.20 (MB), peak = 264.22 (MB)
Took 167 seconds: pin_access
global_route -congestion_report_file ./reports/sky130hd/chia_sha256_benchmark_corrupted/slot1/congestion.rpt -congestion_iterations 30 -congestion_report_iter_step 5 -verbose
[INFO GRT-0020] Min routing layer: met1
[INFO GRT-0021] Max routing layer: met5
[INFO GRT-0022] Global adjustment: 0%
[INFO GRT-0023] Grid origin: (0, 0)
[INFO GRT-0088] Layer li1     Track-Pitch = 0.4600  line-2-Via Pitch: 0.3400
[INFO GRT-0088] Layer met1    Track-Pitch = 0.3400  line-2-Via Pitch: 0.3400
[INFO GRT-0088] Layer met2    Track-Pitch = 0.4600  line-2-Via Pitch: 0.3500
[INFO GRT-0088] Layer met3    Track-Pitch = 0.6800  line-2-Via Pitch: 0.6150
[INFO GRT-0088] Layer met4    Track-Pitch = 0.9200  line-2-Via Pitch: 1.0400
[INFO GRT-0088] Layer met5    Track-Pitch = 3.4000  line-2-Via Pitch: 3.1100
[INFO GRT-0003] Macros: 0
[INFO GRT-0004] Blockages: 62747
[INFO GRT-0019] Found 305 clock nets.
[INFO GRT-0001] Minimum degree: 2
[INFO GRT-0002] Maximum degree: 250

[INFO GRT-0053] Routing resources analysis:
          Routing      Original      Derated      Resource
Layer     Direction    Resources     Resources    Reduction (%)
---------------------------------------------------------------
li1        Vertical            0             0          0.00%
met1       Horizontal      98723         76486          22.52%
met2       Vertical        88642         68060          23.22%
met3       Horizontal      66297         52029          21.52%
met4       Vertical        43624         30750          29.51%
met5       Horizontal       9922          7052          28.93%
---------------------------------------------------------------

[INFO GRT-0101] Running extra iterations to remove congestion.
[INFO GRT-0102] Start extra iteration 1/30
[INFO GRT-0102] Start extra iteration 2/30
[INFO GRT-0102] Start extra iteration 3/30
[INFO GRT-0102] Start extra iteration 4/30
[INFO GRT-0197] Via related to pin nodes: 109911
[INFO GRT-0198] Via related Steiner nodes: 3211
[INFO GRT-0199] Via filling finished.
[INFO GRT-0111] Final number of vias: 142394
[INFO GRT-0112] Final usage 3D: 540066

[INFO GRT-0096] Final congestion report:
Layer         Resource        Demand        Usage (%)    Max H / Max V / Total Congestion
---------------------------------------------------------------------------------------
li1                  0             0            0.00%             0 /  0 /  0
met1             76486         47152           61.65%             0 /  0 /  0
met2             68060         45271           66.52%             0 /  0 /  0
met3             52029          9947           19.12%             0 /  0 /  0
met4             30750         10514           34.19%             0 /  0 /  0
met5              7052             0            0.00%             0 /  0 /  0
---------------------------------------------------------------------------------------
Total           234377        112884           48.16%             0 /  0 /  0

[INFO GRT-0018] Total wirelength: 1124506 um
[INFO GRT-0014] Routed nets: 17179
[INFO GRT-0303] Global routing runtime = 00:00:02
[WARNING STA-0450] virtual clock vclk can not be propagated.
estimate_parasitics -global_routing
Perform buffer insertion and gate resizing...
repair_design -verbose
Iteration |   Area    | Resized | Buffers | Nets repaired | Remaining
---------------------------------------------------------------------
        0 |     +0.0% |       0 |       0 |             0 |     17434
     1000 |     +0.0% |       0 |       0 |             0 |     16434
     2000 |     +0.0% |       0 |       0 |             0 |     15434
     3000 |     +0.0% |       0 |       0 |             0 |     14434
     4000 |     +0.0% |       0 |       0 |             0 |     13434
     5000 |     +0.0% |       0 |       0 |             0 |     12434
     6000 |     +0.0% |       0 |       0 |             0 |     11434
     7000 |     +0.0% |       0 |       0 |             0 |     10434
     8000 |     +0.0% |       0 |       0 |             0 |      9434
     9000 |     +0.0% |       0 |       0 |             0 |      8434
    10000 |     +0.0% |       0 |       0 |             0 |      7434
[WARNING RSZ-0104] Net _12922_ only has one pin. Check if it is intended to be dangling.
[WARNING RSZ-0104] Net _12920_ only has one pin. Check if it is intended to be dangling.
    11000 |     +0.0% |       0 |       0 |             0 |      6434
[WARNING RSZ-0104] Net _12926_ only has one pin. Check if it is intended to be dangling.
[WARNING RSZ-0104] Net _12925_ only has one pin. Check if it is intended to be dangling.
[WARNING RSZ-0104] Net _12924_ only has one pin. Check if it is intended to be dangling.
[WARNING RSZ-0104] Net _12927_ only has one pin. Check if it is intended to be dangling.
[WARNING RSZ-0104] Net _12923_ only has one pin. Check if it is intended to be dangling.
[WARNING RSZ-0104] Net _12921_ only has one pin. Check if it is intended to be dangling.
    12000 |     +0.0% |       0 |       0 |             0 |      5434
[WARNING RSZ-0104] Net _12930_ only has one pin. Check if it is intended to be dangling.
[WARNING RSZ-0104] Net _12928_ only has one pin. Check if it is intended to be dangling.
    13000 |     +0.0% |       0 |       0 |             0 |      4434
    14000 |     +0.0% |       0 |       0 |             0 |      3434
    15000 |     +0.0% |       0 |       0 |             0 |      2434
    16000 |     +0.0% |       0 |       0 |             0 |      1434
    17000 |     +0.0% |       0 |       0 |             0 |       434
    final |     +0.0% |       0 |       0 |             0 |         0
---------------------------------------------------------------------
[INFO RSZ-0504] Runtime: 0.83s
global_route -start_incremental
detailed_placement
[INFO DPL-0006] Core area: 330268.00 um^2
[INFO DPL-0007] Movable instances area: 196407.12 um^2
[INFO DPL-0008] Fixed instances area within core: 5462.74 um^2
[INFO DPL-0009] Utilization: 61.1%
[INFO DPL-0005] Diamond search max displacement: +/- 500 sites horizontally, +/- 100 rows vertically.
[INFO DPL-1102] Legalizing using negotiation legalizer.
[INFO DPL-1103] Negotiation base search window: +/-20 sites horizontally, +/-5 rows vertically 
	Automatic search window extension enabled.
	Search window extendable up to the max displacement cap of +/-500 sites, +/-100 rows near walls.
[INFO DPL-1104] NegotiationLegalizer DRC penalty: 5.
[INFO DPL-0392] Negotiation cell height distribution (1 unique row-count(s)):
[INFO DPL-0393]   height 1 row(s): 20952 cells
[INFO DPL-0500] Runtime: 0.06s
Placement Analysis
---------------------------------
total displacement          0.0 u
average displacement        0.0 u
max displacement            0.0 u
original HPWL          614134.0 u
legalized HPWL         614134.0 u
delta HPWL                    0 %

global_route -end_incremental -congestion_report_file ./reports/sky130hd/chia_sha256_benchmark_corrupted/slot1/congestion_post_repair_design.rpt
Repair setup and hold violations...
estimate_parasitics -global_routing
repair_timing -setup_margin 0.25 -hold_margin 0 -repair_tns 100 -verbose
[INFO RSZ-0100] Repair move sequence: UnbufferMove SizeUpMove SwapPinsMove BufferMove CloneMove SplitLoadMove 
[INFO RSZ-0094] Found 67 endpoints with setup violations.
[INFO RSZ-0099] Repairing 67 out of 67 (100.00%) violating endpoints...
   Iter   | Removed | Resized | Inserted | Cloned |  Pin  |   Area   |    WNS   |   StTNS    |   EnTNS    |  Viol  |  Worst  
          | Buffers |  Gates  | Buffers  |  Gates | Swaps |          |          |            |            | Endpts | St/EnPt 
------------------------------------------------------------------------------------------------------------------------------
       0* |       0 |       0 |        0 |      0 |     0 |    +0.0% |   -0.907 |       -9.4 |      -25.0 |     67 | digest\[255\]$_DFFE_PN0P_/D
      10* |       0 |       5 |        2 |      0 |     2 |    +0.0% |   -0.860 |       -9.1 |      -22.3 |     67 | digest\[255\]$_DFFE_PN0P_/D
      20* |       0 |       5 |        3 |      0 |    11 |    +0.0% |   -0.924 |      -11.9 |      -23.7 |     67 | digest\[255\]$_DFFE_PN0P_/D
      30* |       0 |       6 |        4 |      0 |    19 |    +0.0% |   -0.905 |       -9.7 |      -23.3 |     67 | digest\[255\]$_DFFE_PN0P_/D
      40* |       0 |       6 |        5 |      0 |    28 |    +0.0% |   -0.890 |       -8.9 |      -23.2 |     67 | digest\[255\]$_DFFE_PN0P_/D
      50* |       0 |      10 |        6 |      0 |    33 |    +0.1% |   -0.882 |       -7.2 |      -23.5 |     67 | digest\[255\]$_DFFE_PN0P_/D
      57* |       0 |       3 |        2 |      0 |     1 |    +0.0% |   -0.854 |       -8.9 |      -22.0 |     67 | digest\[255\]$_DFFE_PN0P_/D
      60* |       0 |       5 |        2 |      0 |     1 |    +0.0% |   -0.865 |       -9.6 |      -21.6 |     67 | digest\[255\]$_DFFE_PN0P_/D
      70* |       0 |       7 |        5 |      0 |     6 |    +0.0% |   -0.928 |      -15.5 |      -21.5 |     67 | digest\[255\]$_DFFE_PN0P_/D
      80* |       0 |       8 |        8 |      0 |    12 |    +0.1% |   -0.953 |      -17.0 |      -22.8 |     67 | digest\[255\]$_DFFE_PN0P_/D
      90* |       0 |       9 |        8 |      0 |    21 |    +0.1% |   -0.909 |      -11.5 |      -23.9 |     67 | digest\[255\]$_DFFE_PN0P_/D
     100* |       0 |       9 |        9 |      0 |    30 |    +0.1% |   -0.953 |      -15.3 |      -27.2 |     67 | digest\[254\]$_DFFE_PN0P_/D
     108* |       0 |       3 |        2 |      0 |     1 |    +0.0% |   -0.854 |       -8.9 |      -22.0 |     67 | digest\[255\]$_DFFE_PN0P_/D
     110* |       0 |       4 |        2 |      0 |     1 |    +0.0% |   -0.854 |       -8.9 |      -21.6 |     67 | digest\[255\]$_DFFE_PN0P_/D
     120* |       0 |       8 |        5 |      0 |     4 |    +0.0% |   -0.835 |       -7.7 |      -20.8 |     67 | digest\[255\]$_DFFE_PN0P_/D
     130* |       0 |      11 |        7 |      0 |     9 |    +0.1% |   -0.906 |      -12.3 |      -21.4 |     67 | digest\[255\]$_DFFE_PN0P_/D
     140* |       0 |      15 |        8 |      0 |    14 |    +0.1% |   -0.916 |      -13.4 |      -25.2 |     67 | digest\[255\]$_DFFE_PN0P_/D
     150* |       0 |      16 |        8 |      1 |    22 |    +0.1% |   -0.939 |      -14.2 |      -26.8 |     67 | digest\[254\]$_DFFE_PN0P_/D
     156* |       0 |       8 |        6 |      0 |     4 |    +0.0% |   -0.831 |       -7.6 |      -20.8 |     67 | digest\[255\]$_DFFE_PN0P_/D
     160* |       0 |       9 |        6 |      0 |     6 |    +0.1% |   -0.831 |       -7.6 |      -20.8 |     67 | digest\[255\]$_DFFE_PN0P_/D
     170* |       0 |      11 |        9 |      0 |    11 |    +0.1% |   -0.817 |       -6.9 |      -20.6 |     67 | digest\[255\]$_DFFE_PN0P_/D
     180* |       0 |      11 |       12 |      0 |    18 |    +0.1% |   -0.855 |       -9.1 |      -21.5 |     67 | digest\[255\]$_DFFE_PN0P_/D
     180* |       0 |      11 |        9 |      0 |    12 |    +0.1% |   -0.817 |       -6.9 |      -20.6 |     67 | digest\[255\]$_DFFE_PN0P_/D
     190* |       0 |      13 |       10 |      1 |    17 |    +0.1% |   -0.838 |       -6.7 |      -20.7 |     67 | digest\[255\]$_DFFE_PN0P_/D
     198* |       0 |      12 |        9 |      0 |    14 |    +0.1% |   -0.817 |       -6.9 |      -20.5 |     67 | digest\[255\]$_DFFE_PN0P_/D
     200* |       0 |      13 |        9 |      0 |    14 |    +0.1% |   -0.817 |       -6.7 |      -20.4 |     67 | digest\[255\]$_DFFE_PN0P_/D
     203* |       0 |      13 |       10 |      0 |    14 |    +0.1% |   -0.817 |       -6.7 |      -20.4 |     67 | digest\[255\]$_DFFE_PN0P_/D
     208* |       0 |      13 |       10 |      0 |    14 |    +0.1% |   -0.817 |       -6.7 |      -20.4 |     67 | digest\[255\]$_DFFE_PN0P_/D
     210* |       0 |      14 |       10 |      0 |    14 |    +0.1% |   -0.817 |       -6.7 |      -20.4 |     67 | digest\[255\]$_DFFE_PN0P_/D
     220* |       0 |      18 |       10 |      0 |    20 |    +0.1% |   -0.839 |       -7.6 |      -20.5 |     67 | digest\[255\]$_DFFE_PN0P_/D
     230* |       0 |      21 |       10 |      0 |    27 |    +0.1% |   -0.817 |       -6.7 |      -19.9 |     67 | digest\[255\]$_DFFE_PN0P_/D
     240* |       0 |      25 |       11 |      0 |    32 |    +0.1% |   -0.817 |       -6.7 |      -19.3 |     67 | digest\[255\]$_DFFE_PN0P_/D
     250* |       0 |      28 |       13 |      0 |    37 |    +0.1% |   -0.817 |       -6.7 |      -21.8 |     67 | digest\[255\]$_DFFE_PN0P_/D
     260* |       0 |      29 |       16 |      0 |    43 |    +0.1% |   -0.817 |       -6.7 |      -23.2 |     67 | digest\[255\]$_DFFE_PN0P_/D
     266* |       0 |      27 |       11 |      0 |    33 |    +0.1% |   -0.817 |       -6.7 |      -19.2 |     67 | digest\[255\]$_DFFE_PN0P_/D
     270* |       0 |      27 |       11 |      0 |    36 |    +0.1% |   -0.817 |       -6.7 |      -19.1 |     67 | digest\[255\]$_DFFE_PN0P_/D
     272* |       0 |      27 |       11 |      0 |    35 |    +0.1% |   -0.817 |       -6.7 |      -19.1 |     67 | digest\[255\]$_DFFE_PN0P_/D
     275* |       0 |      27 |       11 |      0 |    35 |    +0.1% |   -0.817 |       -6.7 |      -19.1 |     67 | digest\[255\]$_DFFE_PN0P_/D
     280* |       0 |      29 |       11 |      0 |    37 |    +0.1% |   -0.817 |       -6.7 |      -19.5 |     67 | digest\[255\]$_DFFE_PN0P_/D
     290* |       0 |      32 |       13 |      0 |    42 |    +0.1% |   -0.817 |       -6.7 |      -19.3 |     67 | digest\[255\]$_DFFE_PN0P_/D
     291* |       0 |      32 |       13 |      0 |    42 |    +0.1% |   -0.817 |       -6.7 |      -19.3 |     67 | digest\[255\]$_DFFE_PN0P_/D
     300* |       0 |      36 |       14 |      0 |    45 |    +0.2% |   -0.817 |       -6.7 |      -20.7 |     67 | digest\[255\]$_DFFE_PN0P_/D
     310* |       0 |      41 |       14 |      0 |    50 |    +0.2% |   -0.817 |       -6.7 |      -20.0 |     67 | digest\[255\]$_DFFE_PN0P_/D
     313* |       0 |      42 |       14 |      0 |    50 |    +0.2% |   -0.817 |       -6.7 |      -19.9 |     67 | digest\[255\]$_DFFE_PN0P_/D
     316* |       0 |      42 |       14 |      0 |    50 |    +0.2% |   -0.817 |       -6.7 |      -19.9 |     67 | digest\[255\]$_DFFE_PN0P_/D
     320* |       0 |      43 |       15 |      0 |    51 |    +0.2% |   -0.817 |       -6.7 |      -22.1 |     67 | digest\[255\]$_DFFE_PN0P_/D
     330* |       0 |      50 |       15 |      0 |    54 |    +0.2% |   -0.817 |       -6.7 |      -21.7 |     67 | digest\[255\]$_DFFE_PN0P_/D
     333* |       0 |      42 |       14 |      0 |    50 |    +0.2% |   -0.817 |       -6.7 |      -19.9 |     67 | digest\[255\]$_DFFE_PN0P_/D
     340* |       0 |      47 |       14 |      0 |    51 |    +0.2% |   -0.817 |       -6.7 |      -20.5 |     67 | digest\[255\]$_DFFE_PN0P_/D
     340* |       0 |      46 |       14 |      0 |    50 |    +0.2% |   -0.817 |       -6.7 |      -19.8 |     67 | digest\[255\]$_DFFE_PN0P_/D
     350* |       0 |      51 |       16 |      0 |    52 |    +0.2% |   -0.817 |       -6.7 |      -21.4 |     67 | digest\[255\]$_DFFE_PN0P_/D
     351* |       0 |      47 |       14 |      0 |    50 |    +0.2% |   -0.817 |       -6.7 |      -19.9 |     67 | digest\[255\]$_DFFE_PN0P_/D
     359* |       0 |      47 |       14 |      0 |    50 |    +0.2% |   -0.817 |       -6.7 |      -19.9 |     67 | digest\[255\]$_DFFE_PN0P_/D
     360* |       0 |      47 |       14 |      0 |    50 |    +0.2% |   -0.817 |       -6.7 |      -19.9 |     67 | digest\[255\]$_DFFE_PN0P_/D
     370* |       0 |      55 |       14 |      0 |    52 |    +0.2% |   -0.817 |       -6.7 |      -19.7 |     67 | digest\[255\]$_DFFE_PN0P_/D
     371* |       0 |      55 |       14 |      0 |    52 |    +0.2% |   -0.817 |       -6.7 |      -19.7 |     67 | digest\[255\]$_DFFE_PN0P_/D
     376* |       0 |      55 |       14 |      0 |    52 |    +0.2% |   -0.817 |       -6.7 |      -19.7 |     67 | digest\[255\]$_DFFE_PN0P_/D
     380* |       0 |      56 |       14 |      0 |    54 |    +0.2% |   -0.817 |       -6.7 |      -19.8 |     67 | digest\[255\]$_DFFE_PN0P_/D
     384* |       0 |      57 |       15 |      0 |    54 |    +0.2% |   -0.817 |       -6.7 |      -19.7 |     67 | digest\[255\]$_DFFE_PN0P_/D
     390* |       0 |      60 |       16 |      0 |    55 |    +0.2% |   -0.817 |       -6.7 |      -21.7 |     67 | digest\[255\]$_DFFE_PN0P_/D
     400* |       0 |      65 |       18 |      0 |    58 |    +0.2% |   -0.817 |       -6.7 |      -22.0 |     67 | digest\[255\]$_DFFE_PN0P_/D
     403* |       0 |      57 |       15 |      0 |    54 |    +0.2% |   -0.817 |       -6.7 |      -19.7 |     67 | digest\[255\]$_DFFE_PN0P_/D
     410* |       0 |      60 |       18 |      0 |    54 |    +0.2% |   -0.817 |       -6.7 |      -22.1 |     67 | digest\[255\]$_DFFE_PN0P_/D
     420* |       0 |      67 |       20 |      0 |    55 |    +0.2% |   -0.817 |       -6.7 |      -21.9 |     67 | digest\[255\]$_DFFE_PN0P_/D
     421* |       0 |      57 |       16 |      0 |    54 |    +0.2% |   -0.817 |       -6.7 |      -19.8 |     67 | digest\[255\]$_DFFE_PN0P_/D
     430* |       0 |      61 |       19 |      0 |    55 |    +0.2% |   -0.817 |       -6.7 |      -20.0 |     67 | digest\[255\]$_DFFE_PN0P_/D
     431* |       0 |      58 |       16 |      0 |    55 |    +0.2% |   -0.817 |       -6.7 |      -19.8 |     67 | digest\[255\]$_DFFE_PN0P_/D
     440* |       0 |      64 |       18 |      0 |    55 |    +0.2% |   -0.817 |       -6.7 |      -22.0 |     67 | digest\[255\]$_DFFE_PN0P_/D
     450* |       0 |      71 |       20 |      0 |    56 |    +0.3% |   -0.817 |       -6.7 |      -21.7 |     67 | digest\[255\]$_DFFE_PN0P_/D
     455* |       0 |      58 |       16 |      0 |    55 |    +0.2% |   -0.817 |       -6.7 |      -19.8 |     67 | digest\[255\]$_DFFE_PN0P_/D
     460* |       0 |      59 |       18 |      0 |    56 |    +0.2% |   -0.817 |       -6.7 |      -21.8 |     67 | digest\[255\]$_DFFE_PN0P_/D
     470* |       0 |      66 |       20 |      0 |    57 |    +0.2% |   -0.817 |       -6.7 |      -21.7 |     67 | digest\[255\]$_DFFE_PN0P_/D
     474* |       0 |      58 |       16 |      0 |    55 |    +0.2% |   -0.817 |       -6.7 |      -19.8 |     67 | digest\[255\]$_DFFE_PN0P_/D
     480* |       0 |      60 |       17 |      0 |    57 |    +0.2% |   -0.817 |       -6.7 |      -21.7 |     67 | digest\[255\]$_DFFE_PN0P_/D
     490* |       0 |      66 |       17 |      0 |    61 |    +0.2% |   -0.817 |       -6.7 |      -21.6 |     67 | digest\[255\]$_DFFE_PN0P_/D
     499* |       0 |      70 |       17 |      0 |    61 |    +0.2% |   -0.817 |       -6.7 |      -21.0 |     67 | digest\[255\]$_DFFE_PN0P_/D
     500* |       0 |      70 |       17 |      0 |    61 |    +0.2% |   -0.817 |       -6.7 |      -21.0 |     67 | digest\[255\]$_DFFE_PN0P_/D
     510* |       0 |      77 |       19 |      0 |    62 |    +0.3% |   -0.817 |       -6.7 |      -21.1 |     67 | digest\[255\]$_DFFE_PN0P_/D
     517* |       0 |      73 |       17 |      0 |    61 |    +0.2% |   -0.817 |       -6.7 |      -20.9 |     67 | digest\[255\]$_DFFE_PN0P_/D
     520* |       0 |      74 |       18 |      0 |    61 |    +0.2% |   -0.817 |       -6.7 |      -21.2 |     67 | digest\[255\]$_DFFE_PN0P_/D
     528* |       0 |      74 |       17 |      0 |    61 |    +0.2% |   -0.817 |       -6.7 |      -21.0 |     67 | digest\[255\]$_DFFE_PN0P_/D
     530* |       0 |      75 |       17 |      0 |    61 |    +0.2% |   -0.817 |       -6.7 |      -20.9 |     67 | digest\[255\]$_DFFE_PN0P_/D
     534* |       0 |      76 |       17 |      0 |    61 |    +0.3% |   -0.817 |       -6.7 |      -20.9 |     67 | digest\[255\]$_DFFE_PN0P_/D
     538* |       0 |      77 |       17 |      0 |    61 |    +0.3% |   -0.817 |       -6.7 |      -20.9 |     67 | digest\[255\]$_DFFE_PN0P_/D
     540* |       0 |      77 |       17 |      0 |    62 |    +0.3% |   -0.817 |       -6.7 |      -20.9 |     67 | digest\[255\]$_DFFE_PN0P_/D
     545* |       0 |      80 |       17 |      0 |    63 |    +0.3% |   -0.817 |       -6.7 |      -20.9 |     67 | digest\[255\]$_DFFE_PN0P_/D
     550* |       0 |      81 |       19 |      0 |    64 |    +0.3% |   -0.816 |       -6.7 |      -21.0 |     67 | digest\[255\]$_DFFE_PN0P_/D
     552* |       0 |      81 |       19 |      0 |    64 |    +0.3% |   -0.816 |       -6.7 |      -21.0 |     67 | digest\[255\]$_DFFE_PN0P_/D
     560* |       0 |      85 |       20 |      0 |    66 |    +0.3% |   -0.816 |       -6.7 |      -21.1 |     67 | digest\[255\]$_DFFE_PN0P_/D
     561* |       0 |      82 |       19 |      0 |    65 |    +0.3% |   -0.816 |       -6.7 |      -21.0 |     67 | digest\[255\]$_DFFE_PN0P_/D
     570* |       0 |      85 |       21 |      0 |    68 |    +0.3% |   -0.816 |       -6.7 |      -21.4 |     67 | digest\[255\]$_DFFE_PN0P_/D
     571* |       0 |      82 |       19 |      0 |    65 |    +0.3% |   -0.816 |       -6.7 |      -21.0 |     67 | digest\[255\]$_DFFE_PN0P_/D
     578* |       0 |      82 |       19 |      0 |    65 |    +0.3% |   -0.816 |       -6.7 |      -21.0 |     67 | digest\[255\]$_DFFE_PN0P_/D
     580* |       0 |      83 |       19 |      0 |    65 |    +0.3% |   -0.816 |       -6.7 |      -20.8 |     67 | digest\[255\]$_DFFE_PN0P_/D
     590* |       0 |      89 |       23 |      0 |    65 |    +0.3% |   -0.816 |       -6.7 |      -21.2 |     67 | digest\[255\]$_DFFE_PN0P_/D
     598* |       0 |      86 |       20 |      0 |    65 |    +0.3% |   -0.816 |       -6.7 |      -20.8 |     67 | digest\[255\]$_DFFE_PN0P_/D
     600* |       0 |      87 |       20 |      0 |    65 |    +0.3% |   -0.816 |       -6.7 |      -20.7 |     67 | digest\[255\]$_DFFE_PN0P_/D
     603* |       0 |      89 |       20 |      0 |    65 |    +0.3% |   -0.816 |       -6.7 |      -20.7 |     67 | digest\[255\]$_DFFE_PN0P_/D
     610* |       0 |      92 |       23 |      0 |    66 |    +0.3% |   -0.816 |       -6.7 |      -20.7 |     67 | digest\[255\]$_DFFE_PN0P_/D
     616* |       0 |      91 |       20 |      0 |    65 |    +0.3% |   -0.816 |       -6.7 |      -20.6 |     67 | digest\[255\]$_DFFE_PN0P_/D
     620* |       0 |      92 |       21 |      0 |    66 |    +0.3% |   -0.816 |       -6.7 |      -20.7 |     67 | digest\[255\]$_DFFE_PN0P_/D
     630* |       0 |     101 |       22 |      0 |    66 |    +0.3% |   -0.815 |       -6.6 |      -20.5 |     67 | digest\[255\]$_DFFE_PN0P_/D
     640* |       0 |     108 |       25 |      0 |    66 |    +0.4% |   -0.815 |       -6.6 |      -20.6 |     67 | digest\[255\]$_DFFE_PN0P_/D
     640* |       0 |     106 |       23 |      0 |    66 |    +0.3% |   -0.815 |       -6.6 |      -20.4 |     67 | digest\[255\]$_DFFE_PN0P_/D
     650* |       0 |     110 |       25 |      0 |    69 |    +0.4% |   -0.815 |       -6.6 |      -20.2 |     67 | digest\[255\]$_DFFE_PN0P_/D
     660* |       0 |     114 |       26 |      0 |    74 |    +0.4% |   -0.815 |       -6.6 |      -20.2 |     67 | digest\[255\]$_DFFE_PN0P_/D
     670* |       0 |     119 |       26 |      0 |    79 |    +0.4% |   -0.815 |       -6.6 |      -20.0 |     67 | digest\[255\]$_DFFE_PN0P_/D
     680* |       0 |     123 |       26 |      0 |    85 |    +0.4% |   -0.815 |       -6.6 |      -20.0 |     67 | digest\[255\]$_DFFE_PN0P_/D
     690* |       0 |     126 |       27 |      0 |    91 |    +0.4% |   -0.815 |       -6.6 |      -20.0 |     67 | digest\[255\]$_DFFE_PN0P_/D
     700* |       0 |     129 |       28 |      0 |    97 |    +0.4% |   -0.813 |       -6.6 |      -20.0 |     67 | digest\[255\]$_DFFE_PN0P_/D
     710* |       0 |     134 |       28 |      1 |   101 |    +0.4% |   -0.835 |       -6.7 |      -20.2 |     67 | digest\[255\]$_DFFE_PN0P_/D
     720* |       0 |     139 |       31 |      1 |   103 |    +0.5% |   -0.836 |       -6.8 |      -20.3 |     67 | digest\[255\]$_DFFE_PN0P_/D
     730* |       0 |     146 |       32 |      1 |   105 |    +0.5% |   -0.837 |       -6.8 |      -20.8 |     67 | digest\[255\]$_DFFE_PN0P_/D
     735* |       0 |     129 |       28 |      0 |    98 |    +0.4% |   -0.813 |       -6.6 |      -20.0 |     67 | digest\[255\]$_DFFE_PN0P_/D
     740* |       0 |     130 |       28 |      1 |   100 |    +0.4% |   -0.837 |       -6.6 |      -20.1 |     67 | digest\[255\]$_DFFE_PN0P_/D
     750* |       0 |     137 |       31 |      1 |   100 |    +0.5% |   -0.837 |       -6.6 |      -20.2 |     67 | digest\[255\]$_DFFE_PN0P_/D
     756* |       0 |     130 |       28 |      0 |    98 |    +0.4% |   -0.813 |       -6.6 |      -20.0 |     67 | digest\[255\]$_DFFE_PN0P_/D
     760* |       0 |     131 |       31 |      0 |    98 |    +0.4% |   -0.813 |       -6.6 |      -20.0 |     67 | digest\[255\]$_DFFE_PN0P_/D
     770* |       0 |     134 |       31 |      1 |   104 |    +0.5% |   -0.840 |       -6.9 |      -20.3 |     67 | digest\[255\]$_DFFE_PN0P_/D
     780* |       0 |     141 |       35 |      1 |   104 |    +0.5% |   -0.840 |       -6.9 |      -20.5 |     67 | digest\[255\]$_DFFE_PN0P_/D
     785* |       0 |     131 |       29 |      0 |    98 |    +0.4% |   -0.813 |       -6.6 |      -19.9 |     67 | digest\[255\]$_DFFE_PN0P_/D
     790* |       0 |     132 |       31 |      1 |    99 |    +0.5% |   -0.835 |       -6.6 |      -20.1 |     67 | digest\[255\]$_DFFE_PN0P_/D
     800* |       0 |     138 |       35 |      1 |   100 |    +0.5% |   -0.835 |       -6.6 |      -20.4 |     67 | digest\[255\]$_DFFE_PN0P_/D
     807* |       0 |     131 |       29 |      0 |    98 |    +0.4% |   -0.813 |       -6.6 |      -19.9 |     67 | digest\[255\]$_DFFE_PN0P_/D
     810* |       0 |     132 |       30 |      0 |    98 |    +0.4% |   -0.813 |       -6.6 |      -19.9 |     67 | digest\[255\]$_DFFE_PN0P_/D
     820* |       0 |     135 |       31 |      0 |   104 |    +0.5% |   -0.813 |       -7.0 |      -21.2 |     67 | digest\[255\]$_DFFE_PN0P_/D
     827* |       0 |     132 |       30 |      0 |    98 |    +0.4% |   -0.813 |       -6.6 |      -19.9 |     67 | digest\[255\]$_DFFE_PN0P_/D
     830* |       0 |     133 |       30 |      0 |    99 |    +0.4% |   -0.813 |       -6.6 |      -19.9 |     67 | digest\[255\]$_DFFE_PN0P_/D
     840* |       0 |     140 |       31 |      0 |   101 |    +0.5% |   -0.813 |       -6.6 |      -20.3 |     67 | digest\[255\]$_DFFE_PN0P_/D
     850* |       0 |     146 |       34 |      0 |   102 |    +0.5% |   -0.813 |       -6.6 |      -21.3 |     67 | digest\[255\]$_DFFE_PN0P_/D
     856* |       0 |     139 |       30 |      0 |   101 |    +0.5% |   -0.813 |       -6.6 |      -19.8 |     67 | digest\[255\]$_DFFE_PN0P_/D
     860* |       0 |     140 |       31 |      0 |   102 |    +0.5% |   -0.813 |       -6.6 |      -19.8 |     67 | digest\[255\]$_DFFE_PN0P_/D
     870* |       0 |     145 |       33 |      0 |   105 |    +0.5% |   -0.813 |       -6.6 |      -20.3 |     67 | digest\[255\]$_DFFE_PN0P_/D
     877* |       0 |     144 |       31 |      0 |   104 |    +0.5% |   -0.813 |       -6.6 |      -20.3 |     67 | digest\[255\]$_DFFE_PN0P_/D
     880* |       0 |     145 |       31 |      0 |   105 |    +0.5% |   -0.813 |       -6.6 |      -20.2 |     67 | digest\[255\]$_DFFE_PN0P_/D
     886* |       0 |     147 |       31 |      0 |   106 |    +0.5% |   -0.813 |       -6.6 |      -20.1 |     67 | digest\[255\]$_DFFE_PN0P_/D
     890* |       0 |     150 |       31 |      0 |   106 |    +0.5% |   -0.813 |       -6.6 |      -20.1 |     67 | digest\[255\]$_DFFE_PN0P_/D
     900* |       0 |     156 |       31 |      0 |   110 |    +0.5% |   -0.813 |       -6.6 |      -20.2 |     67 | digest\[255\]$_DFFE_PN0P_/D
     910* |       0 |     160 |       32 |      0 |   115 |    +0.5% |   -0.813 |       -6.6 |      -20.3 |     67 | digest\[255\]$_DFFE_PN0P_/D
     917* |       0 |     156 |       31 |      0 |   107 |    +0.5% |   -0.813 |       -6.6 |      -20.2 |     67 | digest\[255\]$_DFFE_PN0P_/D
     920* |       0 |     157 |       31 |      0 |   108 |    +0.5% |   -0.814 |       -6.6 |      -20.2 |     67 | digest\[255\]$_DFFE_PN0P_/D
     930* |       0 |     165 |       33 |      0 |   108 |    +0.5% |   -0.814 |       -6.6 |      -20.1 |     67 | digest\[255\]$_DFFE_PN0P_/D
     933* |       0 |     156 |       31 |      0 |   107 |    +0.5% |   -0.813 |       -6.6 |      -20.2 |     67 | digest\[255\]$_DFFE_PN0P_/D
     940* |       0 |     162 |       31 |      0 |   107 |    +0.5% |   -0.813 |       -6.6 |      -20.2 |     67 | digest\[255\]$_DFFE_PN0P_/D
     940* |       0 |     162 |       31 |      0 |   107 |    +0.5% |   -0.813 |       -6.6 |      -20.2 |     67 | digest\[255\]$_DFFE_PN0P_/D
     950* |       0 |     166 |       33 |      0 |   110 |    +0.5% |   -0.813 |       -6.7 |      -20.2 |     67 | digest\[255\]$_DFFE_PN0P_/D
     958* |       0 |     166 |       32 |      0 |   110 |    +0.5% |   -0.813 |       -6.8 |      -20.3 |     67 | digest\[255\]$_DFFE_PN0P_/D
     960* |       0 |     167 |       32 |      0 |   110 |    +0.5% |   -0.813 |       -6.8 |      -20.3 |     67 | digest\[255\]$_DFFE_PN0P_/D
     969* |       0 |     175 |       33 |      0 |   110 |    +0.5% |   -0.813 |       -6.8 |      -20.3 |     67 | digest\[255\]$_DFFE_PN0P_/D
     970* |       0 |     175 |       33 |      0 |   110 |    +0.5% |   -0.813 |       -6.8 |      -20.3 |     67 | digest\[255\]$_DFFE_PN0P_/D
     980* |       0 |     180 |       37 |      0 |   111 |    +0.6% |   -0.813 |       -6.6 |      -20.3 |     67 | digest\[255\]$_DFFE_PN0P_/D
     985* |       0 |     175 |       33 |      0 |   110 |    +0.5% |   -0.813 |       -6.8 |      -20.3 |     67 | digest\[255\]$_DFFE_PN0P_/D
     990* |       0 |     178 |       34 |      0 |   110 |    +0.6% |   -0.813 |       -6.8 |      -20.3 |     67 | digest\[255\]$_DFFE_PN0P_/D
    1000* |       0 |     182 |       36 |      0 |   114 |    +0.6% |   -0.813 |       -6.6 |      -20.3 |     67 | digest\[255\]$_DFFE_PN0P_/D
    1007* |       0 |     177 |       33 |      0 |   110 |    +0.5% |   -0.813 |       -6.8 |      -20.3 |     67 | digest\[255\]$_DFFE_PN0P_/D
    1010* |       0 |     178 |       34 |      0 |   110 |    +0.6% |   -0.813 |       -6.8 |      -20.3 |     67 | digest\[255\]$_DFFE_PN0P_/D
    1020* |       0 |     184 |       36 |      0 |   112 |    +0.6% |   -0.813 |       -6.6 |      -20.4 |     67 | digest\[255\]$_DFFE_PN0P_/D
    1026* |       0 |     178 |       33 |      0 |   110 |    +0.6% |   -0.813 |       -6.8 |      -20.2 |     67 | digest\[255\]$_DFFE_PN0P_/D
    1030* |       0 |     179 |       35 |      0 |   111 |    +0.6% |   -0.813 |       -6.8 |      -20.2 |     67 | digest\[255\]$_DFFE_PN0P_/D
    1038* |       0 |     179 |       33 |      0 |   111 |    +0.6% |   -0.813 |       -6.8 |      -20.2 |     67 | digest\[255\]$_DFFE_PN0P_/D
    1040* |       0 |     180 |       33 |      0 |   111 |    +0.6% |   -0.815 |       -7.1 |      -20.3 |     67 | digest\[254\]$_DFFE_PN0P_/D
    1050* |       0 |     187 |       35 |      0 |   112 |    +0.6% |   -0.813 |       -6.6 |      -20.8 |     67 | digest\[255\]$_DFFE_PN0P_/D
    1055* |       0 |     181 |       33 |      0 |   111 |    +0.6% |   -0.813 |       -6.7 |      -20.1 |     67 | digest\[255\]$_DFFE_PN0P_/D
    1056* |       0 |     181 |       33 |      0 |   111 |    +0.6% |   -0.813 |       -6.7 |      -20.1 |     67 | digest\[255\]$_DFFE_PN0P_/D
    1060* |       0 |     183 |       34 |      0 |   111 |    +0.6% |   -0.813 |       -6.7 |      -20.1 |     67 | digest\[255\]$_DFFE_PN0P_/D
    1070* |       0 |     188 |       38 |      0 |   112 |    +0.6% |   -0.813 |       -6.6 |      -20.2 |     67 | digest\[255\]$_DFFE_PN0P_/D
    1080* |       0 |     194 |       43 |      0 |   112 |    +0.6% |   -0.813 |       -6.6 |      -20.8 |     67 | digest\[255\]$_DFFE_PN0P_/D
    1080* |       0 |     182 |       33 |      0 |   111 |    +0.6% |   -0.813 |       -6.7 |      -20.2 |     67 | digest\[255\]$_DFFE_PN0P_/D
    1090* |       0 |     187 |       35 |      0 |   113 |    +0.6% |   -0.813 |       -6.6 |      -20.1 |     67 | digest\[255\]$_DFFE_PN0P_/D
    1096* |       0 |     185 |       33 |      0 |   113 |    +0.6% |   -0.813 |       -6.7 |      -20.2 |     67 | digest\[255\]$_DFFE_PN0P_/D
    1097* |       0 |     185 |       33 |      0 |   113 |    +0.6% |   -0.813 |       -6.7 |      -20.2 |     67 | digest\[255\]$_DFFE_PN0P_/D
    1099* |       0 |     186 |       33 |      0 |   113 |    +0.6% |   -0.813 |       -6.7 |      -20.2 |     67 | digest\[255\]$_DFFE_PN0P_/D
    1100* |       0 |     186 |       33 |      0 |   113 |    +0.6% |   -0.813 |       -6.7 |      -20.2 |     67 | digest\[255\]$_DFFE_PN0P_/D
    1100* |       0 |     186 |       33 |      0 |   113 |    +0.6% |   -0.813 |       -6.7 |      -20.2 |     67 | digest\[255\]$_DFFE_PN0P_/D
    1101* |       0 |     186 |       33 |      0 |   113 |    +0.6% |   -0.813 |       -6.7 |      -20.2 |     67 | digest\[255\]$_DFFE_PN0P_/D
    1102* |       0 |     186 |       33 |      0 |   113 |    +0.6% |   -0.813 |       -6.7 |      -20.2 |     67 | digest\[255\]$_DFFE_PN0P_/D
    1110* |       0 |     191 |       35 |      0 |   113 |    +0.6% |   -0.813 |       -6.6 |      -20.1 |     67 | digest\[255\]$_DFFE_PN0P_/D
    1111* |       0 |     189 |       34 |      0 |   113 |    +0.6% |   -0.813 |       -6.7 |      -20.2 |     67 | digest\[255\]$_DFFE_PN0P_/D
    1112* |       0 |     189 |       34 |      0 |   113 |    +0.6% |   -0.813 |       -6.7 |      -20.2 |     67 | digest\[255\]$_DFFE_PN0P_/D
    1112* |       0 |     189 |       34 |      0 |   113 |    +0.6% |   -0.813 |       -6.7 |      -20.2 |     67 | digest\[255\]$_DFFE_PN0P_/D
    1113+ |       0 |     189 |       34 |      0 |   113 |    +0.6% |   -0.813 |       -6.7 |      -20.2 |     59 | digest\[255\]$_DFFE_PN0P_/D
    1114+ |       0 |     189 |       34 |      0 |   113 |    +0.6% |   -0.813 |       -6.7 |      -20.2 |     59 | digest\[255\]$_DFFE_PN0P_/D
    1117+ |       0 |     191 |       34 |      0 |   113 |    +0.6% |   -0.813 |       -6.7 |      -20.2 |     59 | digest\[255\]$_DFFE_PN0P_/D
    1118+ |       0 |     191 |       34 |      0 |   113 |    +0.6% |   -0.813 |       -6.7 |      -20.2 |     59 | digest\[255\]$_DFFE_PN0P_/D
    1119+ |       0 |     191 |       34 |      0 |   113 |    +0.6% |   -0.813 |       -6.7 |      -20.2 |     59 | digest\[255\]$_DFFE_PN0P_/D
    1120+ |       0 |     191 |       34 |      0 |   113 |    +0.6% |   -0.813 |       -6.7 |      -20.2 |     59 | digest\[255\]$_DFFE_PN0P_/D
    1120+ |       0 |     191 |       34 |      0 |   113 |    +0.6% |   -0.813 |       -6.7 |      -20.2 |     59 | digest\[255\]$_DFFE_PN0P_/D
    1121+ |       0 |     191 |       34 |      0 |   113 |    +0.6% |   -0.813 |       -6.7 |      -20.2 |     59 | digest\[255\]$_DFFE_PN0P_/D
    1122+ |       0 |     191 |       34 |      0 |   113 |    +0.6% |   -0.813 |       -6.7 |      -20.2 |     59 | digest\[255\]$_DFFE_PN0P_/D
    1123+ |       0 |     191 |       34 |      0 |   113 |    +0.6% |   -0.813 |       -6.7 |      -20.2 |     59 | digest\[255\]$_DFFE_PN0P_/D
    1124+ |       0 |     191 |       34 |      0 |   113 |    +0.6% |   -0.813 |       -6.7 |      -20.2 |     59 | digest\[255\]$_DFFE_PN0P_/D
    1125+ |       0 |     191 |       34 |      0 |   113 |    +0.6% |   -0.813 |       -6.7 |      -20.2 |     59 | digest\[255\]$_DFFE_PN0P_/D
    1126+ |       0 |     191 |       34 |      0 |   113 |    +0.6% |   -0.813 |       -6.7 |      -20.2 |     59 | digest\[255\]$_DFFE_PN0P_/D
    1127+ |       0 |     191 |       34 |      0 |   113 |    +0.6% |   -0.813 |       -6.7 |      -20.2 |     59 | digest\[255\]$_DFFE_PN0P_/D
    1128+ |       0 |     191 |       34 |      0 |   113 |    +0.6% |   -0.813 |       -6.7 |      -20.2 |     59 | digest\[255\]$_DFFE_PN0P_/D
    1129+ |       0 |     191 |       34 |      0 |   113 |    +0.6% |   -0.813 |       -6.7 |      -20.2 |     59 | digest\[255\]$_DFFE_PN0P_/D
    1130+ |       0 |     191 |       34 |      0 |   113 |    +0.6% |   -0.813 |       -6.7 |      -20.2 |     59 | digest\[255\]$_DFFE_PN0P_/D
    1132+ |       0 |     193 |       34 |      0 |   113 |    +0.6% |   -0.813 |       -6.7 |      -20.1 |     59 | digest\[255\]$_DFFE_PN0P_/D
    1133+ |       0 |     193 |       34 |      0 |   113 |    +0.6% |   -0.813 |       -6.7 |      -20.1 |     59 | digest\[255\]$_DFFE_PN0P_/D
    1134+ |       0 |     193 |       34 |      0 |   113 |    +0.6% |   -0.813 |       -6.7 |      -20.1 |     59 | digest\[255\]$_DFFE_PN0P_/D
    1135+ |       0 |     193 |       34 |      0 |   113 |    +0.6% |   -0.813 |       -6.7 |      -20.1 |     59 | digest\[255\]$_DFFE_PN0P_/D
    1138+ |       0 |     195 |       34 |      0 |   113 |    +0.6% |   -0.813 |       -6.7 |      -20.1 |     59 | digest\[255\]$_DFFE_PN0P_/D
    1139+ |       0 |     195 |       34 |      0 |   113 |    +0.6% |   -0.813 |       -6.7 |      -20.1 |     59 | digest\[255\]$_DFFE_PN0P_/D
    1140+ |       0 |     195 |       34 |      0 |   113 |    +0.6% |   -0.813 |       -6.7 |      -20.1 |     59 | digest\[255\]$_DFFE_PN0P_/D
    1140+ |       0 |     195 |       34 |      0 |   113 |    +0.6% |   -0.813 |       -6.7 |      -20.1 |     59 | digest\[255\]$_DFFE_PN0P_/D
    1141+ |       0 |     195 |       34 |      0 |   113 |    +0.6% |   -0.813 |       -6.7 |      -20.1 |     59 | digest\[255\]$_DFFE_PN0P_/D
    1142+ |       0 |     195 |       34 |      0 |   113 |    +0.6% |   -0.813 |       -6.7 |      -20.1 |     59 | digest\[255\]$_DFFE_PN0P_/D
    1144+ |       0 |     196 |       34 |      0 |   113 |    +0.6% |   -0.813 |       -6.7 |      -20.1 |     59 | digest\[255\]$_DFFE_PN0P_/D
    1145+ |       0 |     196 |       34 |      0 |   113 |    +0.6% |   -0.813 |       -6.7 |      -20.1 |     59 | digest\[255\]$_DFFE_PN0P_/D
    1147+ |       0 |     197 |       34 |      0 |   113 |    +0.6% |   -0.813 |       -6.7 |      -20.0 |     59 | digest\[255\]$_DFFE_PN0P_/D
    1148+ |       0 |     197 |       34 |      0 |   113 |    +0.6% |   -0.813 |       -6.7 |      -20.0 |     59 | digest\[255\]$_DFFE_PN0P_/D
    1150+ |       0 |     198 |       34 |      0 |   113 |    +0.6% |   -0.813 |       -6.7 |      -20.0 |     59 | digest\[255\]$_DFFE_PN0P_/D
    1150+ |       0 |     198 |       34 |      0 |   113 |    +0.6% |   -0.813 |       -6.7 |      -20.0 |     59 | digest\[255\]$_DFFE_PN0P_/D
    1152+ |       0 |     199 |       34 |      0 |   113 |    +0.6% |   -0.813 |       -6.7 |      -20.0 |     59 | digest\[255\]$_DFFE_PN0P_/D
    1153+ |       0 |     199 |       34 |      0 |   113 |    +0.6% |   -0.813 |       -6.7 |      -20.0 |     59 | digest\[255\]$_DFFE_PN0P_/D
    1154+ |       0 |     199 |       34 |      0 |   113 |    +0.6% |   -0.813 |       -6.7 |      -20.0 |     59 | digest\[255\]$_DFFE_PN0P_/D
    1155+ |       0 |     199 |       34 |      0 |   113 |    +0.6% |   -0.813 |       -6.7 |      -20.0 |     59 | digest\[255\]$_DFFE_PN0P_/D
    1157+ |       0 |     199 |       34 |      0 |   114 |    +0.6% |   -0.813 |       -6.7 |      -20.0 |     59 | digest\[255\]$_DFFE_PN0P_/D
    1158+ |       0 |     199 |       34 |      0 |   114 |    +0.6% |   -0.813 |       -6.7 |      -20.0 |     59 | digest\[255\]$_DFFE_PN0P_/D
    1160+ |       0 |     200 |       34 |      0 |   114 |    +0.6% |   -0.813 |       -6.7 |      -20.0 |     59 | digest\[255\]$_DFFE_PN0P_/D
    1160+ |       0 |     200 |       34 |      0 |   114 |    +0.6% |   -0.813 |       -6.7 |      -20.0 |     59 | digest\[255\]$_DFFE_PN0P_/D
    1163+ |       0 |     202 |       34 |      0 |   114 |    +0.6% |   -0.813 |       -6.7 |      -19.9 |     59 | digest\[255\]$_DFFE_PN0P_/D
    1165+ |       0 |     203 |       34 |      0 |   114 |    +0.6% |   -0.813 |       -6.7 |      -19.9 |     59 | digest\[255\]$_DFFE_PN0P_/D
    1167+ |       0 |     204 |       34 |      0 |   114 |    +0.6% |   -0.813 |       -6.7 |      -19.9 |     59 | digest\[255\]$_DFFE_PN0P_/D
    1168+ |       0 |     204 |       34 |      0 |   114 |    +0.6% |   -0.813 |       -6.7 |      -19.9 |     59 | digest\[255\]$_DFFE_PN0P_/D
    1169+ |       0 |     204 |       34 |      0 |   114 |    +0.6% |   -0.813 |       -6.7 |      -19.9 |     59 | digest\[255\]$_DFFE_PN0P_/D
    1170+ |       0 |     204 |       34 |      0 |   114 |    +0.6% |   -0.813 |       -6.7 |      -19.9 |     59 | digest\[255\]$_DFFE_PN0P_/D
    1172+ |       0 |     206 |       34 |      0 |   114 |    +0.6% |   -0.813 |       -6.7 |      -19.9 |     59 | digest\[255\]$_DFFE_PN0P_/D
    1173+ |       0 |     206 |       34 |      0 |   114 |    +0.6% |   -0.813 |       -6.7 |      -19.9 |     59 | digest\[255\]$_DFFE_PN0P_/D
    1174+ |       0 |     206 |       34 |      0 |   114 |    +0.6% |   -0.813 |       -6.7 |      -19.9 |     59 | digest\[255\]$_DFFE_PN0P_/D
    1175+ |       0 |     206 |       34 |      0 |   114 |    +0.6% |   -0.813 |       -6.7 |      -19.9 |     59 | digest\[255\]$_DFFE_PN0P_/D
    1176+ |       0 |     206 |       34 |      0 |   114 |    +0.6% |   -0.813 |       -6.7 |      -19.9 |     59 | digest\[255\]$_DFFE_PN0P_/D
    1179+ |       0 |     208 |       34 |      0 |   114 |    +0.6% |   -0.813 |       -6.7 |      -19.8 |     59 | digest\[255\]$_DFFE_PN0P_/D
    1180+ |       0 |     208 |       34 |      0 |   114 |    +0.6% |   -0.813 |       -6.7 |      -19.8 |     59 | digest\[255\]$_DFFE_PN0P_/D
    1180+ |       0 |     208 |       34 |      0 |   114 |    +0.6% |   -0.813 |       -6.7 |      -19.8 |     59 | digest\[255\]$_DFFE_PN0P_/D
    1182+ |       0 |     209 |       34 |      0 |   114 |    +0.6% |   -0.813 |       -6.7 |      -19.8 |     59 | digest\[255\]$_DFFE_PN0P_/D
    1184+ |       0 |     210 |       34 |      0 |   114 |    +0.6% |   -0.813 |       -6.7 |      -19.8 |     59 | digest\[255\]$_DFFE_PN0P_/D
    1185+ |       0 |     210 |       34 |      0 |   114 |    +0.6% |   -0.813 |       -6.7 |      -19.8 |     59 | digest\[255\]$_DFFE_PN0P_/D
    1188+ |       0 |     212 |       34 |      0 |   114 |    +0.6% |   -0.813 |       -6.7 |      -19.8 |     59 | digest\[255\]$_DFFE_PN0P_/D
    1189+ |       0 |     212 |       34 |      0 |   114 |    +0.6% |   -0.813 |       -6.7 |      -19.8 |     59 | digest\[255\]$_DFFE_PN0P_/D
    1190+ |       0 |     212 |       34 |      0 |   114 |    +0.6% |   -0.813 |       -6.7 |      -19.8 |     59 | digest\[255\]$_DFFE_PN0P_/D
    1190+ |       0 |     212 |       34 |      0 |   114 |    +0.6% |   -0.813 |       -6.7 |      -19.8 |     59 | digest\[255\]$_DFFE_PN0P_/D
    1191+ |       0 |     212 |       34 |      0 |   114 |    +0.6% |   -0.813 |       -6.7 |      -19.8 |     59 | digest\[255\]$_DFFE_PN0P_/D
    1192+ |       0 |     212 |       34 |      0 |   114 |    +0.6% |   -0.813 |       -6.7 |      -19.8 |     59 | digest\[255\]$_DFFE_PN0P_/D
    1193+ |       0 |     212 |       34 |      0 |   114 |    +0.6% |   -0.813 |       -6.7 |      -19.8 |     59 | digest\[255\]$_DFFE_PN0P_/D
    1194+ |       0 |     212 |       34 |      0 |   114 |    +0.6% |   -0.813 |       -6.7 |      -19.8 |     59 | digest\[255\]$_DFFE_PN0P_/D
    1196+ |       0 |     213 |       34 |      0 |   115 |    +0.6% |   -0.813 |       -6.7 |      -19.8 |     59 | digest\[255\]$_DFFE_PN0P_/D
    final |       0 |     213 |       34 |      0 |   115 |    +0.6% |   -0.813 |       -6.7 |      -19.8 |     59 | digest\[255\]$_DFFE_PN0P_/D
------------------------------------------------------------------------------------------------------------------------------
[INFO RSZ-0040] Inserted 34 buffers.
[INFO RSZ-0051] Resized 213 instances: 213 up, 0 up match, 0 down, 0 VT
[INFO RSZ-0043] Swapped pins on 115 instances.
[WARNING RSZ-0062] Unable to repair all setup violations.
[INFO RSZ-0505] Runtime: 39.43s
[INFO RSZ-0033] No hold violations found.
[INFO RSZ-0506] Runtime: 0.07s
Took 40 seconds: repair_timing -setup_margin 0.25 -hold_margin 0 -repair_tns 100 -verbose
global_route -start_incremental
detailed_placement
[INFO DPL-0006] Core area: 330268.00 um^2
[INFO DPL-0007] Movable instances area: 197678.34 um^2
[INFO DPL-0008] Fixed instances area within core: 5462.74 um^2
[INFO DPL-0009] Utilization: 61.5%
[INFO DPL-0005] Diamond search max displacement: +/- 500 sites horizontally, +/- 100 rows vertically.
[INFO DPL-1102] Legalizing using negotiation legalizer.
[INFO DPL-1103] Negotiation base search window: +/-20 sites horizontally, +/-5 rows vertically 
	Automatic search window extension enabled.
	Search window extendable up to the max displacement cap of +/-500 sites, +/-100 rows near walls.
[INFO DPL-1104] NegotiationLegalizer DRC penalty: 5.
[INFO DPL-0392] Negotiation cell height distribution (1 unique row-count(s)):
[INFO DPL-0393]   height 1 row(s): 20986 cells
          |      Total |  Illegal |  Illegal
Iteration | Violations |    Cells |    Sites
---------------------------------------------
        0 |        147 |        25 |       122
        1 |         53 |         9 |        44
        2 |         43 |         5 |        38
        3 |          0 |         0 |         0
Negotiation phase 1 converged at iteration 3.
[INFO DPL-0500] Runtime: 0.12s
Placement Analysis
---------------------------------
total displacement        977.1 u
average displacement        0.0 u
max displacement           20.5 u
original HPWL          614441.2 u
legalized HPWL         615541.4 u
delta HPWL                    0 %

check_placement -verbose
global_route -end_incremental -congestion_report_file ./reports/sky130hd/chia_sha256_benchmark_corrupted/slot1/congestion_post_repair_timing.rpt
estimate_parasitics -global_routing
repair_timing -setup -sequence "vt_swap reroute" -skip_last_gasp -repair_tns 0 -verbose -setup_margin 0.25
[INFO RSZ-0100] Repair move sequence: RerouteMove 
[INFO RSZ-0094] Found 60 endpoints with setup violations.
[INFO RSZ-0099] Repairing 1 out of 60 (0.00%) violating endpoints...
   Iter   | Removed | Resized | Inserted | Cloned |  Pin  |   Area   |    WNS   |   StTNS    |   EnTNS    |  Viol  |  Worst  
          | Buffers |  Gates  | Buffers  |  Gates | Swaps |          |          |            |            | Endpts | St/EnPt 
------------------------------------------------------------------------------------------------------------------------------
       0* |       0 |       0 |        0 |      0 |     0 |    +0.0% |   -0.829 |       -7.2 |      -21.0 |     60 | digest\[255\]$_DFFE_PN0P_/D
       9* |       0 |       0 |        0 |      0 |     0 |    +0.0% |   -0.821 |       -7.2 |      -20.9 |     60 | digest\[255\]$_DFFE_PN0P_/D
       9* |       0 |       0 |        0 |      0 |     0 |    +0.0% |   -0.821 |       -7.2 |      -20.9 |     60 | digest\[255\]$_DFFE_PN0P_/D
    final |       0 |       0 |        0 |      0 |     0 |    +0.0% |   -0.821 |       -7.2 |      -20.9 |     60 | digest\[255\]$_DFFE_PN0P_/D
------------------------------------------------------------------------------------------------------------------------------
[INFO RSZ-0053] Rerouted 8 nets resistance-aware.
[WARNING RSZ-0062] Unable to repair all setup violations.
[INFO RSZ-0505] Runtime: 0.87s
Repair antennas...
[INFO GRT-0012] Found 157 antenna violations.
[INFO GRT-0302] Inserted 139 jumpers for 124 nets.
[INFO GRT-0012] Found 33 antenna violations.
[INFO DPL-0006] Core area: 330268.00 um^2
[INFO DPL-0007] Movable instances area: 197348.02 um^2
[INFO DPL-0008] Fixed instances area within core: 5875.64 um^2
[INFO DPL-0009] Utilization: 61.5%
[INFO DPL-0005] Diamond search max displacement: +/- 500 sites horizontally, +/- 100 rows vertically.
[INFO DPL-1102] Legalizing using negotiation legalizer.
[INFO DPL-1103] Negotiation base search window: +/-20 sites horizontally, +/-5 rows vertically 
	Automatic search window extension enabled.
	Search window extendable up to the max displacement cap of +/-500 sites, +/-100 rows near walls.
[INFO DPL-1104] NegotiationLegalizer DRC penalty: 5.
[INFO DPL-0392] Negotiation cell height distribution (1 unique row-count(s)):
[INFO DPL-0393]   height 1 row(s): 21019 cells
          |      Total |  Illegal |  Illegal
Iteration | Violations |    Cells |    Sites
---------------------------------------------
        0 |          4 |         2 |         2
        1 |          0 |         0 |         0
Negotiation phase 1 converged at iteration 1.
[INFO DPL-0500] Runtime: 0.09s
[INFO GRT-0015] Inserted 33 diodes.
[INFO GRT-0012] Found 1 antenna violations.
[INFO GRT-0302] Inserted 0 jumpers for 0 nets.
[INFO GRT-0012] Found 1 antenna violations.
[INFO DPL-0006] Core area: 330268.00 um^2
[INFO DPL-0007] Movable instances area: 197750.91 um^2
[INFO DPL-0008] Fixed instances area within core: 5475.25 um^2
[INFO DPL-0009] Utilization: 61.5%
[INFO DPL-0005] Diamond search max displacement: +/- 500 sites horizontally, +/- 100 rows vertically.
[INFO DPL-1102] Legalizing using negotiation legalizer.
[INFO DPL-1103] Negotiation base search window: +/-20 sites horizontally, +/-5 rows vertically 
	Automatic search window extension enabled.
	Search window extendable up to the max displacement cap of +/-500 sites, +/-100 rows near walls.
[INFO DPL-1104] NegotiationLegalizer DRC penalty: 5.
[INFO DPL-0392] Negotiation cell height distribution (1 unique row-count(s)):
[INFO DPL-0393]   height 1 row(s): 21020 cells
[INFO DPL-0500] Runtime: 0.08s
[INFO GRT-0015] Inserted 1 diodes.
[INFO GRT-0012] Found 0 antenna violations.
[INFO ANT-0002] Found 0 net violations.
[INFO ANT-0001] Found 0 pin violations.
Estimate parasitics...
estimate_parasitics -global_routing
Report metrics stage 5, global route...

==========================================================================
global route report_design_area
--------------------------------------------------------------------------
Design area 203226 um^2 62% utilization.
[INFO FLW-0007] clock core_clock period 12.500000
[WARNING FLW-0010] more than one clock found. Skipping sdc update.
[INFO FLW-0011] Path endpoint path count 5680
write_db ./results/sky130hd/chia_sha256_benchmark_corrupted/slot1/5_1_grt.odb
write_sdc -no_timestamp ./results/sky130hd/chia_sha256_benchmark_corrupted/slot1/5_1_grt.sdc
Log                       Ext     Elapsed/s Peak Memory/MB sha1sum result [0:20)
5_1_grt                   .odb          301            592 a922522e408175117b53
5_1_grt                   .sdc                             fbd418ede1419026c9bf
/root/OpenROAD-flow-scripts/flow/scripts/flow.sh 5_2_route detail_route
Running detail_route.tcl, stage 5_2_route
read_liberty /root/OpenROAD-flow-scripts/flow/platforms/sky130hd/lib/sky130_fd_sc_hd__tt_025C_1v80.lib
read_db ./results/sky130hd/chia_sha256_benchmark_corrupted/slot1/5_1_grt.odb
read_sdc ./results/sky130hd/chia_sha256_benchmark_corrupted/slot1/5_1_grt.sdc
source /root/OpenROAD-flow-scripts/flow/platforms/sky130hd/setRC.tcl
[WARNING STA-0450] virtual clock vclk can not be propagated.
detailed_route -output_drc ./reports/sky130hd/chia_sha256_benchmark_corrupted/slot1/5_route_drc.rpt -output_maze ./results/sky130hd/chia_sha256_benchmark_corrupted/slot1/maze.log -droute_end_iter 64 -verbose 1 -drc_report_iter_step 5
[INFO DRT-0149] Reading tech and libs.
[WARNING DRT-0349] LEF58_ENCLOSURE with no CUTCLASS is not supported. Skipping for layer mcon
[WARNING DRT-0349] LEF58_ENCLOSURE with no CUTCLASS is not supported. Skipping for layer mcon
[WARNING DRT-0349] LEF58_ENCLOSURE with no CUTCLASS is not supported. Skipping for layer via
[WARNING DRT-0349] LEF58_ENCLOSURE with no CUTCLASS is not supported. Skipping for layer via
[WARNING DRT-0349] LEF58_ENCLOSURE with no CUTCLASS is not supported. Skipping for layer via2
[WARNING DRT-0349] LEF58_ENCLOSURE with no CUTCLASS is not supported. Skipping for layer via2
[WARNING DRT-0349] LEF58_ENCLOSURE with no CUTCLASS is not supported. Skipping for layer via3
[WARNING DRT-0349] LEF58_ENCLOSURE with no CUTCLASS is not supported. Skipping for layer via3
[WARNING DRT-0349] LEF58_ENCLOSURE with no CUTCLASS is not supported. Skipping for layer via4
[WARNING DRT-0349] LEF58_ENCLOSURE with no CUTCLASS is not supported. Skipping for layer via4

Units:                1000
Number of layers:     13
Number of macros:     441
Number of vias:       29
Number of viarulegen: 25

[INFO DRT-0150] Reading design.
[WARNING DRT-0120] Large net net513 has 123 pins which may impact routing performance. Consider optimization.
[WARNING DRT-0120] Large net net3273 has 232 pins which may impact routing performance. Consider optimization.
[WARNING DRT-0120] Large net net3272 has 207 pins which may impact routing performance. Consider optimization.
[WARNING DRT-0120] Large net net3634 has 168 pins which may impact routing performance. Consider optimization.
[WARNING DRT-0120] Large net net3688 has 136 pins which may impact routing performance. Consider optimization.
[WARNING DRT-0120] Large net net3869 has 110 pins which may impact routing performance. Consider optimization.
[WARNING DRT-0120] Large net net3868 has 250 pins which may impact routing performance. Consider optimization.
[WARNING DRT-0120] Large net net3994 has 144 pins which may impact routing performance. Consider optimization.
[WARNING DRT-0120] Large net net3992 has 154 pins which may impact routing performance. Consider optimization.
[WARNING DRT-0120] Large net net3990 has 112 pins which may impact routing performance. Consider optimization.
[WARNING DRT-0120] Large net net3989 has 157 pins which may impact routing performance. Consider optimization.
[WARNING DRT-0120] Large net net3987 has 138 pins which may impact routing performance. Consider optimization.
[WARNING DRT-0120] Large net net3979 has 122 pins which may impact routing performance. Consider optimization.
[WARNING DRT-0120] Large net net3978 has 138 pins which may impact routing performance. Consider optimization.
[WARNING DRT-0120] Large net net3973 has 133 pins which may impact routing performance. Consider optimization.
[WARNING DRT-0120] Large net net3971 has 151 pins which may impact routing performance. Consider optimization.
[WARNING DRT-0120] Large net net3968 has 154 pins which may impact routing performance. Consider optimization.

Design:                   sha256
Die area:                 ( 0 0 ) ( 578080 578080 )
Number of track patterns: 12
Number of DEF vias:       0
Number of components:     21020
Number of terminals:      774
Number of snets:          2
Number of nets:           17223

[INFO DRT-0167] List of default vias:
  Layer via
    default via: M1M2_PR
  Layer via2
    default via: M2M3_PR
  Layer via3
    default via: M3M4_PR
  Layer via4
    default via: M4M5_PR
[INFO DRT-0162] Library cell analysis.
[INFO DRT-0163] Instance analysis.
[INFO DRT-0164] Number of unique instances = 257.
[INFO DRT-0168] Init region query.
[INFO DRT-0024]   Complete FR_MASTERSLICE.
[INFO DRT-0024]   Complete Fr_VIA.
[INFO DRT-0024]   Complete li1.
[INFO DRT-0024]   Complete mcon.
[INFO DRT-0024]   Complete met1.
[INFO DRT-0024]   Complete via.
[INFO DRT-0024]   Complete met2.
[INFO DRT-0024]   Complete via2.
[INFO DRT-0024]   Complete met3.
[INFO DRT-0024]   Complete via3.
[INFO DRT-0024]   Complete met4.
[INFO DRT-0024]   Complete via4.
[INFO DRT-0024]   Complete met5.
[INFO DRT-0033] FR_MASTERSLICE shape region query size = 0.
[INFO DRT-0033] FR_VIA shape region query size = 0.
[INFO DRT-0033] li1 shape region query size = 613831.
[INFO DRT-0033] mcon shape region query size = 365134.
[INFO DRT-0033] met1 shape region query size = 113716.
[INFO DRT-0033] via shape region query size = 22260.
[INFO DRT-0033] met2 shape region query size = 13742.
[INFO DRT-0033] via2 shape region query size = 17808.
[INFO DRT-0033] met3 shape region query size = 13742.
[INFO DRT-0033] via3 shape region query size = 17808.
[INFO DRT-0033] met4 shape region query size = 5376.
[INFO DRT-0033] via4 shape region query size = 882.
[INFO DRT-0033] met5 shape region query size = 966.
[INFO DRT-0165] Start pin access.
[INFO DRT-0076]   Complete 1000 pins.
[INFO DRT-0076]   Complete 2000 pins.
[INFO DRT-0078]   Complete 2046 pins.
[INFO DRT-0079]   Complete 100 unique inst patterns.
[INFO DRT-0079]   Complete 200 unique inst patterns.
[INFO DRT-0081]   Complete 257 unique inst patterns.
[INFO DRT-0082]   Complete 10000 groups.
[INFO DRT-0084]   Complete 11148 groups.
#scanned instances     = 21020
#unique  instances     = 257
#stdCellGenAp          = 9604
#stdCellValidPlanarAp  = 163
#stdCellValidViaAp     = 6089
#stdCellPinNoAp        = 10
#stdCellPinCnt         = 63109
#instTermValidViaApCnt = 0
#macroGenAp            = 0
#macroValidPlanarAp    = 0
#macroValidViaAp       = 0
#macroNoAp             = 0
[INFO DRT-0166] Complete pin access.
[INFO DRT-0267] cpu time = 00:03:10, elapsed time = 00:03:10, memory = 411.01 (MB), peak = 425.78 (MB)
[INFO DRT-0156] guideIn read 100000 guides.

[INFO DRT-0157] Number of guides:     157866

[INFO DRT-0169] Post process guides.
[INFO DRT-0176] GCELLGRID X 0 DO 83 STEP 6900 ;
[INFO DRT-0177] GCELLGRID Y 0 DO 83 STEP 6900 ;
[INFO DRT-0026]   Complete 100000 origin guides.
[INFO DRT-0028]   Complete FR_MASTERSLICE.
[INFO DRT-0028]   Complete Fr_VIA.
[INFO DRT-0028]   Complete li1.
[INFO DRT-0028]   Complete mcon.
[INFO DRT-0028]   Complete met1.
[INFO DRT-0028]   Complete via.
[INFO DRT-0028]   Complete met2.
[INFO DRT-0028]   Complete via2.
[INFO DRT-0028]   Complete met3.
[INFO DRT-0028]   Complete via3.
[INFO DRT-0028]   Complete met4.
[INFO DRT-0028]   Complete via4.
[INFO DRT-0028]   Complete met5.
[INFO DRT-0178] Init guide query.
[INFO DRT-0035]   Complete FR_MASTERSLICE (guide).
[INFO DRT-0035]   Complete Fr_VIA (guide).
[INFO DRT-0035]   Complete li1 (guide).
[INFO DRT-0035]   Complete mcon (guide).
[INFO DRT-0035]   Complete met1 (guide).
[INFO DRT-0035]   Complete via (guide).
[INFO DRT-0035]   Complete met2 (guide).
[INFO DRT-0035]   Complete via2 (guide).
[INFO DRT-0035]   Complete met3 (guide).
[INFO DRT-0035]   Complete via3 (guide).
[INFO DRT-0035]   Complete met4 (guide).
[INFO DRT-0035]   Complete via4 (guide).
[INFO DRT-0035]   Complete met5 (guide).
[INFO DRT-0036] FR_MASTERSLICE guide region query size = 0.
[INFO DRT-0036] FR_VIA guide region query size = 0.
[INFO DRT-0036] li1 guide region query size = 48464.
[INFO DRT-0036] mcon guide region query size = 0.
[INFO DRT-0036] met1 guide region query size = 46791.
[INFO DRT-0036] via guide region query size = 0.
[INFO DRT-0036] met2 guide region query size = 25275.
[INFO DRT-0036] via2 guide region query size = 0.
[INFO DRT-0036] met3 guide region query size = 3129.
[INFO DRT-0036] via3 guide region query size = 0.
[INFO DRT-0036] met4 guide region query size = 1372.
[INFO DRT-0036] via4 guide region query size = 0.
[INFO DRT-0036] met5 guide region query size = 70.
[INFO DRT-0179] Init gr pin query.
[INFO DRT-0267] cpu time = 00:00:00, elapsed time = 00:00:00, memory = 465.76 (MB), peak = 465.76 (MB)
[INFO DRT-0245] skipped writing guide updates to database.
[INFO DRT-0181] Start track assignment.
[INFO DRT-0184] Done with 75111 vertical wires in 2 frboxes and 49990 horizontal wires in 2 frboxes.
[INFO DRT-0186] Done with 11025 vertical wires in 2 frboxes and 18874 horizontal wires in 2 frboxes.
[INFO DRT-0182] Complete track assignment.
[INFO DRT-0267] cpu time = 00:00:05, elapsed time = 00:00:05, memory = 640.51 (MB), peak = 640.51 (MB)
[INFO DRT-0187] Start routing data preparation.
[INFO DRT-0267] cpu time = 00:00:00, elapsed time = 00:00:00, memory = 640.51 (MB), peak = 640.51 (MB)
[INFO DRT-0194] Start detail routing.
[INFO DRT-0195] Start 0th optimization iteration.
    Completing 10% with 0 violations.
    elapsed time = 00:00:48, memory = 804.96 (MB).
    Completing 20% with 0 violations.
    elapsed time = 00:01:27, memory = 1065.33 (MB).
    Completing 30% with 4927 violations.
    elapsed time = 00:02:19, memory = 1234.05 (MB).
    Completing 40% with 4927 violations.
    elapsed time = 00:03:03, memory = 1244.36 (MB).
    Completing 50% with 4927 violations.
    elapsed time = 00:03:52, memory = 1258.05 (MB).
    Completing 60% with 9619 violations.
    elapsed time = 00:04:55, memory = 1288.50 (MB).
    Completing 70% with 9619 violations.
    elapsed time = 00:05:48, memory = 1288.50 (MB).
    Completing 80% with 14733 violations.
    elapsed time = 00:06:41, memory = 1265.81 (MB).
    Completing 90% with 14733 violations.
    elapsed time = 00:07:25, memory = 1286.27 (MB).
    Completing 100% with 19288 violations.
    elapsed time = 00:08:08, memory = 1289.44 (MB).
[INFO DRT-0199]   Number of violations = 22093.
Viol/Layer         li1   mcon   met1    via   met2   met3   met4   via4   met5
Cut Spacing          0     42      0      2      0      0      0      0      0
Metal Spacing        0      0   2617      0   1118     26     11      0      0
Min Hole             0      0     16      0      0      0      0      0      0
Recheck             18      0   1762      0    862     71     89      0      3
Short                0      1  13346     49   1992     44     18      1      5
[INFO DRT-0267] cpu time = 00:08:09, elapsed time = 00:08:09, memory = 1321.69 (MB), peak = 1321.69 (MB)
Total wire length = 822937 um.
Total wire length on LAYER li1 = 0 um.
Total wire length on LAYER met1 = 331735 um.
Total wire length on LAYER met2 = 339680 um.
Total wire length on LAYER met3 = 82538 um.
Total wire length on LAYER met4 = 68307 um.
Total wire length on LAYER met5 = 676 um.
Total number of vias = 146193.
Up-via summary (total 146193):

-------------------------
 FR_MASTERSLICE         0
            li1     59062
           met1     77895
           met2      6783
           met3      2351
           met4       102
-------------------------
               146193


[INFO DRT-0195] Start 1st optimization iteration.
    Completing 10% with 22093 violations.
    elapsed time = 00:00:37, memory = 1333.93 (MB).
    Completing 20% with 22093 violations.
    elapsed time = 00:01:15, memory = 1344.06 (MB).
    Completing 30% with 20256 violations.
    elapsed time = 00:01:47, memory = 1313.08 (MB).
    Completing 40% with 20256 violations.
    elapsed time = 00:02:38, memory = 1318.17 (MB).
    Completing 50% with 20256 violations.
    elapsed time = 00:03:28, memory = 1316.09 (MB).
    Completing 60% with 18626 violations.
    elapsed time = 00:04:05, memory = 1316.09 (MB).
    Completing 70% with 18626 violations.
    elapsed time = 00:04:46, memory = 1316.09 (MB).
    Completing 80% with 15865 violations.
    elapsed time = 00:05:39, memory = 1339.38 (MB).
    Completing 90% with 15865 violations.
    elapsed time = 00:06:33, memory = 1318.95 (MB).
    Completing 100% with 13323 violations.
    elapsed time = 00:07:24, memory = 1315.76 (MB).
[INFO DRT-0199]   Number of violations = 13323.
Viol/Layer        mcon   met1    via   met2   met3   met4
Cut Spacing         36      0      2      0      0      0
Metal Spacing        0   1758      0    562     16      1
Min Hole             0      3      0      0      0      0
Short                0   9783      3   1149      5      5
[INFO DRT-0267] cpu time = 00:07:25, elapsed time = 00:07:25, memory = 1329.26 (MB), peak = 1372.02 (MB)
Total wire length = 815018 um.
Total wire length on LAYER li1 = 0 um.
Total wire length on LAYER met1 = 325617 um.
Total wire length on LAYER met2 = 336534 um.
Total wire length on LAYER met3 = 84199 um.
Total wire length on LAYER met4 = 68005 um.
Total wire length on LAYER met5 = 661 um.
Total number of vias = 144356.
Up-via summary (total 144356):

-------------------------
 FR_MASTERSLICE         0
            li1     59017
           met1     76152
           met2      6768
           met3      2319
           met4       100
-------------------------
               144356


[INFO DRT-0195] Start 2nd optimization iteration.
    Completing 10% with 13323 violations.
    elapsed time = 00:00:27, memory = 1316.34 (MB).
    Completing 20% with 13323 violations.
    elapsed time = 00:01:06, memory = 1320.64 (MB).
    Completing 30% with 13285 violations.
    elapsed time = 00:01:36, memory = 1328.79 (MB).
    Completing 40% with 13285 violations.
    elapsed time = 00:02:26, memory = 1321.87 (MB).
    Completing 50% with 13285 violations.
    elapsed time = 00:03:16, memory = 1300.50 (MB).
    Completing 60% with 13185 violations.
    elapsed time = 00:03:55, memory = 1340.23 (MB).
    Completing 70% with 13185 violations.
    elapsed time = 00:04:32, memory = 1316.71 (MB).
    Completing 80% with 12913 violations.
    elapsed time = 00:05:30, memory = 1313.60 (MB).
    Completing 90% with 12913 violations.
    elapsed time = 00:06:31, memory = 1322.12 (MB).
    Completing 100% with 12742 violations.
    elapsed time = 00:07:24, memory = 1353.71 (MB).
[INFO DRT-0199]   Number of violations = 12745.
Viol/Layer        mcon   met1    via   met2   met3   met4
Cut Spacing         25      0      1      0      0      0
Metal Spacing        0   1643      0    466     21      3
Recheck              0      3      0      0      0      0
Short                0   9551      1   1023      6      2
[INFO DRT-0267] cpu time = 00:07:25, elapsed time = 00:07:25, memory = 1353.71 (MB), peak = 1392.68 (MB)
Total wire length = 812699 um.
Total wire length on LAYER li1 = 0 um.
Total wire length on LAYER met1 = 323958 um.
Total wire length on LAYER met2 = 335817 um.
Total wire length on LAYER met3 = 84295 um.
Total wire length on LAYER met4 = 67933 um.
Total wire length on LAYER met5 = 695 um.
Total number of vias = 143578.
Up-via summary (total 143578):

-------------------------
 FR_MASTERSLICE         0
            li1     59054
           met1     75413
           met2      6710
           met3      2301
           met4       100
-------------------------
               143578


[INFO DRT-0195] Start 3rd optimization iteration.
    Completing 10% with 12745 violations.
    elapsed time = 00:00:47, memory = 1370.86 (MB).
    Completing 20% with 12745 violations.
    elapsed time = 00:01:20, memory = 1370.93 (MB).
    Completing 30% with 9787 violations.
    elapsed time = 00:02:04, memory = 1370.87 (MB).
    Completing 40% with 9787 violations.
    elapsed time = 00:02:38, memory = 1370.87 (MB).
    Completing 50% with 9787 violations.
    elapsed time = 00:03:34, memory = 1370.87 (MB).
    Completing 60% with 6932 violations.
    elapsed time = 00:04:22, memory = 1370.87 (MB).
    Completing 70% with 6932 violations.
    elapsed time = 00:05:00, memory = 1370.87 (MB).
    Completing 80% with 4267 violations.
    elapsed time = 00:05:35, memory = 1370.87 (MB).
    Completing 90% with 4267 violations.
    elapsed time = 00:06:07, memory = 1370.87 (MB).
    Completing 100% with 1796 violations.
    elapsed time = 00:06:33, memory = 1370.87 (MB).
[INFO DRT-0199]   Number of violations = 1799.
Viol/Layer        mcon   met1    via   met2   met3
Cut Spacing          2      0      2      0      0
Metal Spacing        0    516      0    107      7
Recheck              0      2      0      1      0
Short                0   1049      0    111      2
[INFO DRT-0267] cpu time = 00:06:34, elapsed time = 00:06:34, memory = 1370.87 (MB), peak = 1435.74 (MB)
Total wire length = 810598 um.
Total wire length on LAYER li1 = 0 um.
Total wire length on LAYER met1 = 287407 um.
Total wire length on LAYER met2 = 332757 um.
Total wire length on LAYER met3 = 118509 um.
Total wire length on LAYER met4 = 71216 um.
Total wire length on LAYER met5 = 707 um.
Total number of vias = 148210.
Up-via summary (total 148210):

-------------------------
 FR_MASTERSLICE         0
            li1     59054
           met1     75371
           met2     11041
           met3      2650
           met4        94
-------------------------
               148210


[INFO DRT-0195] Start 4th optimization iteration.
    Completing 10% with 1799 violations.
    elapsed time = 00:00:10, memory = 1370.87 (MB).
    Completing 20% with 1799 violations.
    elapsed time = 00:00:15, memory = 1370.87 (MB).
    Completing 30% with 1371 violations.
    elapsed time = 00:00:28, memory = 1370.87 (MB).
    Completing 40% with 1371 violations.
    elapsed time = 00:00:37, memory = 1370.87 (MB).
    Completing 50% with 1371 violations.
    elapsed time = 00:01:05, memory = 1370.87 (MB).
    Completing 60% with 1067 violations.
    elapsed time = 00:01:15, memory = 1370.93 (MB).
    Completing 70% with 1067 violations.
    elapsed time = 00:01:23, memory = 1370.87 (MB).
    Completing 80% with 667 violations.
    elapsed time = 00:01:36, memory = 1370.87 (MB).
    Completing 90% with 667 violations.
    elapsed time = 00:01:46, memory = 1370.87 (MB).
    Completing 100% with 105 violations.
    elapsed time = 00:01:56, memory = 1370.87 (MB).
[INFO DRT-0199]   Number of violations = 105.
Viol/Layer        mcon   met1   met2
Cut Spacing          1      0      0
Metal Spacing        0     52      1
Min Hole             0      1      0
NS Metal             0      1      0
Short                0     48      1
[INFO DRT-0267] cpu time = 00:01:57, elapsed time = 00:01:57, memory = 1370.87 (MB), peak = 1435.74 (MB)
Total wire length = 810447 um.
Total wire length on LAYER li1 = 0 um.
Total wire length on LAYER met1 = 285605 um.
Total wire length on LAYER met2 = 332539 um.
Total wire length on LAYER met3 = 120139 um.
Total wire length on LAYER met4 = 71454 um.
Total wire length on LAYER met5 = 707 um.
Total number of vias = 148318.
Up-via summary (total 148318):

-------------------------
 FR_MASTERSLICE         0
            li1     59053
           met1     75276
           met2     11230
           met3      2665
           met4        94
-------------------------
               148318


[INFO DRT-0195] Start 5th optimization iteration.
    Completing 10% with 105 violations.
    elapsed time = 00:00:02, memory = 1370.87 (MB).
    Completing 20% with 105 violations.
    elapsed time = 00:00:02, memory = 1370.87 (MB).
    Completing 30% with 63 violations.
    elapsed time = 00:00:04, memory = 1370.87 (MB).
    Completing 40% with 63 violations.
    elapsed time = 00:00:06, memory = 1371.02 (MB).
    Completing 50% with 63 violations.
    elapsed time = 00:00:07, memory = 1370.87 (MB).
    Completing 60% with 45 violations.
    elapsed time = 00:00:08, memory = 1370.87 (MB).
    Completing 70% with 45 violations.
    elapsed time = 00:00:09, memory = 1370.87 (MB).
    Completing 80% with 40 violations.
    elapsed time = 00:00:10, memory = 1370.87 (MB).
    Completing 90% with 40 violations.
    elapsed time = 00:00:13, memory = 1370.87 (MB).
    Completing 100% with 4 violations.
    elapsed time = 00:00:15, memory = 1370.87 (MB).
[INFO DRT-0199]   Number of violations = 4.
Viol/Layer        met1
Metal Spacing        4
[INFO DRT-0267] cpu time = 00:00:15, elapsed time = 00:00:15, memory = 1371.05 (MB), peak = 1435.74 (MB)
Total wire length = 810412 um.
Total wire length on LAYER li1 = 0 um.
Total wire length on LAYER met1 = 285514 um.
Total wire length on LAYER met2 = 332430 um.
Total wire length on LAYER met3 = 120258 um.
Total wire length on LAYER met4 = 71500 um.
Total wire length on LAYER met5 = 707 um.
Total number of vias = 148312.
Up-via summary (total 148312):

-------------------------
 FR_MASTERSLICE         0
            li1     59054
           met1     75252
           met2     11244
           met3      2668
           met4        94
-------------------------
               148312


[INFO DRT-0195] Start 6th guides tiles iteration.
    Completing 30% with 4 violations.
    elapsed time = 00:00:00, memory = 1371.05 (MB).
    Completing 60% with 4 violations.
    elapsed time = 00:00:00, memory = 1371.05 (MB).
    Completing 100% with 0 violations.
    elapsed time = 00:00:00, memory = 1371.05 (MB).
[INFO DRT-0199]   Number of violations = 0.
[INFO DRT-0267] cpu time = 00:00:00, elapsed time = 00:00:00, memory = 1371.05 (MB), peak = 1435.74 (MB)
Total wire length = 810417 um.
Total wire length on LAYER li1 = 0 um.
Total wire length on LAYER met1 = 285500 um.
Total wire length on LAYER met2 = 332431 um.
Total wire length on LAYER met3 = 120276 um.
Total wire length on LAYER met4 = 71500 um.
Total wire length on LAYER met5 = 707 um.
Total number of vias = 148318.
Up-via summary (total 148318):

-------------------------
 FR_MASTERSLICE         0
            li1     59054
           met1     75254
           met2     11248
           met3      2668
           met4        94
-------------------------
               148318


[INFO DRT-0198] Complete detail routing.
Total wire length = 810417 um.
Total wire length on LAYER li1 = 0 um.
Total wire length on LAYER met1 = 285500 um.
Total wire length on LAYER met2 = 332431 um.
Total wire length on LAYER met3 = 120276 um.
Total wire length on LAYER met4 = 71500 um.
Total wire length on LAYER met5 = 707 um.
Total number of vias = 148318.
Up-via summary (total 148318):

-------------------------
 FR_MASTERSLICE         0
            li1     59054
           met1     75254
           met2     11248
           met3      2668
           met4        94
-------------------------
               148318


[INFO DRT-0267] cpu time = 00:31:47, elapsed time = 00:31:47, memory = 1371.05 (MB), peak = 1435.74 (MB)

[INFO DRT-0180] Post processing.
[INFO DRT-0501] Runtime: 2105.10s
Took 2105 seconds: detailed_route -output_drc ./reports/sky130hd/chia_sha256_benchmark_corrupted/slot1/5_route_drc.rpt -output_maze ./results/sky130hd/chia_sha256_benchmark_corrupted/slot1/maze.log -droute_end_iter 64 -verbose 1 -drc_report_iter_step 5
[INFO GRT-0012] Found 37 antenna violations.
[INFO DPL-0006] Core area: 330268.00 um^2
[INFO DPL-0007] Movable instances area: 0.00 um^2
[INFO DPL-0008] Fixed instances area within core: 203336.27 um^2
[INFO DPL-0009] Utilization: 61.6%
[INFO DPL-0005] Diamond search max displacement: +/- 500 sites horizontally, +/- 100 rows vertically.
[INFO DPL-1102] Legalizing using negotiation legalizer.
[INFO DPL-1103] Negotiation base search window: +/-20 sites horizontally, +/-5 rows vertically 
	Automatic search window extension enabled.
	Search window extendable up to the max displacement cap of +/-500 sites, +/-100 rows near walls.
[INFO DPL-1104] NegotiationLegalizer DRC penalty: 5.
[INFO DPL-0392] Negotiation cell height distribution (1 unique row-count(s)):
[INFO DPL-0393]   height 1 row(s): 21064 cells
[INFO DPL-0500] Runtime: 0.05s
[INFO GRT-0015] Inserted 44 diodes.
[WARNING DRT-0120] Large net net513 has 123 pins which may impact routing performance. Consider optimization.
[WARNING DRT-0120] Large net net3273 has 232 pins which may impact routing performance. Consider optimization.
[WARNING DRT-0120] Large net net3272 has 207 pins which may impact routing performance. Consider optimization.
[WARNING DRT-0120] Large net net3634 has 168 pins which may impact routing performance. Consider optimization.
[WARNING DRT-0120] Large net net3688 has 136 pins which may impact routing performance. Consider optimization.
[WARNING DRT-0120] Large net net3869 has 110 pins which may impact routing performance. Consider optimization.
[WARNING DRT-0120] Large net net3868 has 250 pins which may impact routing performance. Consider optimization.
[WARNING DRT-0120] Large net net3994 has 144 pins which may impact routing performance. Consider optimization.
[WARNING DRT-0120] Large net net3992 has 154 pins which may impact routing performance. Consider optimization.
[WARNING DRT-0120] Large net net3990 has 112 pins which may impact routing performance. Consider optimization.
[WARNING DRT-0120] Large net net3989 has 157 pins which may impact routing performance. Consider optimization.
[WARNING DRT-0120] Large net net3987 has 138 pins which may impact routing performance. Consider optimization.
[WARNING DRT-0120] Large net net3979 has 122 pins which may impact routing performance. Consider optimization.
[WARNING DRT-0120] Large net net3978 has 138 pins which may impact routing performance. Consider optimization.
[WARNING DRT-0120] Large net net3973 has 133 pins which may impact routing performance. Consider optimization.
[WARNING DRT-0120] Large net net3971 has 151 pins which may impact routing performance. Consider optimization.
[WARNING DRT-0120] Large net net3968 has 154 pins which may impact routing performance. Consider optimization.
[INFO DRT-0024]   Complete FR_MASTERSLICE.
[INFO DRT-0024]   Complete Fr_VIA.
[INFO DRT-0024]   Complete li1.
[INFO DRT-0024]   Complete mcon.
[INFO DRT-0024]   Complete met1.
[INFO DRT-0024]   Complete via.
[INFO DRT-0024]   Complete met2.
[INFO DRT-0024]   Complete via2.
[INFO DRT-0024]   Complete met3.
[INFO DRT-0024]   Complete via3.
[INFO DRT-0024]   Complete met4.
[INFO DRT-0024]   Complete via4.
[INFO DRT-0024]   Complete met5.
[INFO DRT-0165] Start pin access.
[INFO DRT-0076]   Complete 1000 pins.
[INFO DRT-0076]   Complete 2000 pins.
[INFO DRT-0078]   Complete 2046 pins.
[INFO DRT-0079]   Complete 100 unique inst patterns.
[INFO DRT-0079]   Complete 200 unique inst patterns.
[INFO DRT-0081]   Complete 257 unique inst patterns.
[INFO DRT-0082]   Complete 10000 groups.
[INFO DRT-0084]   Complete 11152 groups.
#scanned instances     = 21064
#unique  instances     = 257
#stdCellGenAp          = 9604
#stdCellValidPlanarAp  = 163
#stdCellValidViaAp     = 6089
#stdCellPinNoAp        = 10
#stdCellPinCnt         = 63109
#instTermValidViaApCnt = 0
#macroGenAp            = 0
#macroValidPlanarAp    = 0
#macroValidViaAp       = 0
#macroNoAp             = 0
[INFO DRT-0166] Complete pin access.
[INFO DRT-0267] cpu time = 00:03:16, elapsed time = 00:03:16, memory = 1335.97 (MB), peak = 1435.74 (MB)
[INFO DRT-0156] guideIn read 100000 guides.

[INFO DRT-0157] Number of guides:     157534

[INFO DRT-0169] Post process guides.
[INFO DRT-0176] GCELLGRID X 0 DO 83 STEP 6900 ;
[INFO DRT-0177] GCELLGRID Y 0 DO 83 STEP 6900 ;
[INFO DRT-0026]   Complete 100000 origin guides.
[INFO DRT-0028]   Complete FR_MASTERSLICE.
[INFO DRT-0028]   Complete Fr_VIA.
[INFO DRT-0028]   Complete li1.
[INFO DRT-0028]   Complete mcon.
[INFO DRT-0028]   Complete met1.
[INFO DRT-0028]   Complete via.
[INFO DRT-0028]   Complete met2.
[INFO DRT-0028]   Complete via2.
[INFO DRT-0028]   Complete met3.
[INFO DRT-0028]   Complete via3.
[INFO DRT-0028]   Complete met4.
[INFO DRT-0028]   Complete via4.
[INFO DRT-0028]   Complete met5.
[INFO DRT-0178] Init guide query.
[INFO DRT-0035]   Complete FR_MASTERSLICE (guide).
[INFO DRT-0035]   Complete Fr_VIA (guide).
[INFO DRT-0035]   Complete li1 (guide).
[INFO DRT-0035]   Complete mcon (guide).
[INFO DRT-0035]   Complete met1 (guide).
[INFO DRT-0035]   Complete via (guide).
[INFO DRT-0035]   Complete met2 (guide).
[INFO DRT-0035]   Complete via2 (guide).
[INFO DRT-0035]   Complete met3 (guide).
[INFO DRT-0035]   Complete via3 (guide).
[INFO DRT-0035]   Complete met4 (guide).
[INFO DRT-0035]   Complete via4 (guide).
[INFO DRT-0035]   Complete met5 (guide).
[INFO DRT-0036] FR_MASTERSLICE guide region query size = 0.
[INFO DRT-0036] FR_VIA guide region query size = 0.
[INFO DRT-0036] li1 guide region query size = 48490.
[INFO DRT-0036] mcon guide region query size = 0.
[INFO DRT-0036] met1 guide region query size = 46799.
[INFO DRT-0036] via guide region query size = 0.
[INFO DRT-0036] met2 guide region query size = 25229.
[INFO DRT-0036] via2 guide region query size = 0.
[INFO DRT-0036] met3 guide region query size = 3018.
[INFO DRT-0036] via3 guide region query size = 0.
[INFO DRT-0036] met4 guide region query size = 1289.
[INFO DRT-0036] via4 guide region query size = 0.
[INFO DRT-0036] met5 guide region query size = 49.
[INFO DRT-0179] Init gr pin query.
[INFO DRT-0267] cpu time = 00:00:00, elapsed time = 00:00:00, memory = 1335.97 (MB), peak = 1435.74 (MB)
[INFO DRT-0245] skipped writing guide updates to database.
[INFO DRT-0181] Start track assignment.
[INFO DRT-0184] Done with 75008 vertical wires in 2 frboxes and 49866 horizontal wires in 2 frboxes.
[INFO DRT-0186] Done with 11058 vertical wires in 2 frboxes and 19008 horizontal wires in 2 frboxes.
[INFO DRT-0182] Complete track assignment.
[INFO DRT-0267] cpu time = 00:00:05, elapsed time = 00:00:05, memory = 1335.97 (MB), peak = 1435.74 (MB)
[INFO DRT-0187] Start routing data preparation.
[INFO DRT-0267] cpu time = 00:00:00, elapsed time = 00:00:00, memory = 1335.97 (MB), peak = 1435.74 (MB)
[INFO DRT-0194] Start detail routing.
[INFO DRT-0195] Start 0th optimization iteration.
    Completing 10% with 0 violations.
    elapsed time = 00:00:15, memory = 1353.36 (MB).
    Completing 20% with 0 violations.
    elapsed time = 00:00:26, memory = 1353.28 (MB).
    Completing 30% with 1426 violations.
    elapsed time = 00:00:37, memory = 1393.78 (MB).
    Completing 40% with 1426 violations.
    elapsed time = 00:00:49, memory = 1381.47 (MB).
    Completing 50% with 1426 violations.
    elapsed time = 00:01:00, memory = 1381.47 (MB).
    Completing 60% with 2517 violations.
    elapsed time = 00:01:18, memory = 1407.02 (MB).
    Completing 70% with 2517 violations.
    elapsed time = 00:01:28, memory = 1407.02 (MB).
    Completing 80% with 3841 violations.
    elapsed time = 00:01:40, memory = 1407.02 (MB).
    Completing 90% with 3841 violations.
    elapsed time = 00:01:53, memory = 1407.02 (MB).
    Completing 100% with 4820 violations.
    elapsed time = 00:02:00, memory = 1407.02 (MB).
[INFO DRT-0199]   Number of violations = 5377.
Viol/Layer        mcon   met1    via   met2   met3   met4
Cut Spacing          1      0      0      0      0      0
Metal Spacing        0    416      0    229     10      2
Min Hole             0      3      0      1      0      0
Recheck              0    307      0    218     15     17
Short                0   2873      4   1239     23     19
[INFO DRT-0267] cpu time = 00:02:00, elapsed time = 00:02:00, memory = 1407.02 (MB), peak = 1435.74 (MB)
Total wire length = 812323 um.
Total wire length on LAYER li1 = 0 um.
Total wire length on LAYER met1 = 294235 um.
Total wire length on LAYER met2 = 335231 um.
Total wire length on LAYER met3 = 112989 um.
Total wire length on LAYER met4 = 69217 um.
Total wire length on LAYER met5 = 650 um.
Total number of vias = 148373.
Up-via summary (total 148373):

-------------------------
 FR_MASTERSLICE         0
            li1     59116
           met1     75824
           met2     10777
           met3      2568
           met4        88
-------------------------
               148373


[INFO DRT-0195] Start 1st optimization iteration.
    Completing 10% with 5377 violations.
    elapsed time = 00:00:11, memory = 1407.02 (MB).
    Completing 20% with 5377 violations.
    elapsed time = 00:00:21, memory = 1407.02 (MB).
    Completing 30% with 4790 violations.
    elapsed time = 00:00:25, memory = 1407.02 (MB).
    Completing 40% with 4790 violations.
    elapsed time = 00:00:37, memory = 1407.02 (MB).
    Completing 50% with 4790 violations.
    elapsed time = 00:00:49, memory = 1351.42 (MB).
    Completing 60% with 4197 violations.
    elapsed time = 00:01:00, memory = 1371.17 (MB).
    Completing 70% with 4197 violations.
    elapsed time = 00:01:12, memory = 1379.55 (MB).
    Completing 80% with 3516 violations.
    elapsed time = 00:01:21, memory = 1381.58 (MB).
    Completing 90% with 3516 violations.
    elapsed time = 00:01:35, memory = 1385.88 (MB).
    Completing 100% with 2881 violations.
    elapsed time = 00:01:45, memory = 1379.29 (MB).
[INFO DRT-0199]   Number of violations = 2881.
Viol/Layer        met1   met2   met3   met4
Metal Spacing      299    141      2      0
Short             1959    479      0      1
[INFO DRT-0267] cpu time = 00:01:45, elapsed time = 00:01:45, memory = 1391.85 (MB), peak = 1435.74 (MB)
Total wire length = 811325 um.
Total wire length on LAYER li1 = 0 um.
Total wire length on LAYER met1 = 293370 um.
Total wire length on LAYER met2 = 334770 um.
Total wire length on LAYER met3 = 113223 um.
Total wire length on LAYER met4 = 69317 um.
Total wire length on LAYER met5 = 643 um.
Total number of vias = 148176.
Up-via summary (total 148176):

-------------------------
 FR_MASTERSLICE         0
            li1     59109
           met1     75592
           met2     10811
           met3      2576
           met4        88
-------------------------
               148176


[INFO DRT-0195] Start 2nd optimization iteration.
    Completing 10% with 2881 violations.
    elapsed time = 00:00:06, memory = 1400.48 (MB).
    Completing 20% with 2881 violations.
    elapsed time = 00:00:15, memory = 1349.04 (MB).
    Completing 30% with 2809 violations.
    elapsed time = 00:00:17, memory = 1369.90 (MB).
    Completing 40% with 2809 violations.
    elapsed time = 00:00:29, memory = 1378.93 (MB).
    Completing 50% with 2809 violations.
    elapsed time = 00:00:40, memory = 1379.26 (MB).
    Completing 60% with 2751 violations.
    elapsed time = 00:00:47, memory = 1379.83 (MB).
    Completing 70% with 2751 violations.
    elapsed time = 00:00:55, memory = 1379.83 (MB).
    Completing 80% with 2668 violations.
    elapsed time = 00:01:04, memory = 1379.83 (MB).
    Completing 90% with 2668 violations.
    elapsed time = 00:01:18, memory = 1379.83 (MB).
    Completing 100% with 2614 violations.
    elapsed time = 00:01:25, memory = 1383.06 (MB).
[INFO DRT-0199]   Number of violations = 2614.
Viol/Layer        met1   met2
Metal Spacing      247    128
Short             1811    428
[INFO DRT-0267] cpu time = 00:01:26, elapsed time = 00:01:26, memory = 1390.75 (MB), peak = 1435.74 (MB)
Total wire length = 811055 um.
Total wire length on LAYER li1 = 0 um.
Total wire length on LAYER met1 = 293087 um.
Total wire length on LAYER met2 = 334792 um.
Total wire length on LAYER met3 = 113245 um.
Total wire length on LAYER met4 = 69275 um.
Total wire length on LAYER met5 = 653 um.
Total number of vias = 148127.
Up-via summary (total 148127):

-------------------------
 FR_MASTERSLICE         0
            li1     59112
           met1     75557
           met2     10794
           met3      2576
           met4        88
-------------------------
               148127


[INFO DRT-0195] Start 3rd optimization iteration.
    Completing 10% with 2614 violations.
    elapsed time = 00:00:23, memory = 1348.99 (MB).
    Completing 20% with 2614 violations.
    elapsed time = 00:00:38, memory = 1399.47 (MB).
    Completing 30% with 2036 violations.
    elapsed time = 00:00:47, memory = 1399.47 (MB).
    Completing 40% with 2036 violations.
    elapsed time = 00:00:59, memory = 1395.16 (MB).
    Completing 50% with 2036 violations.
    elapsed time = 00:01:06, memory = 1400.22 (MB).
    Completing 60% with 1531 violations.
    elapsed time = 00:01:34, memory = 1405.25 (MB).
    Completing 70% with 1531 violations.
    elapsed time = 00:01:42, memory = 1405.25 (MB).
    Completing 80% with 1007 violations.
    elapsed time = 00:01:52, memory = 1405.25 (MB).
    Completing 90% with 1007 violations.
    elapsed time = 00:02:07, memory = 1392.24 (MB).
    Completing 100% with 522 violations.
    elapsed time = 00:02:10, memory = 1376.17 (MB).
[INFO DRT-0199]   Number of violations = 522.
Viol/Layer        mcon   met1    via   met2   met3
Cut Spacing          1      0      2      0      0
Metal Spacing        0    126      0     16      2
NS Metal             0      0      0      1      0
Short                0    309      0     65      0
[INFO DRT-0267] cpu time = 00:02:11, elapsed time = 00:02:11, memory = 1390.80 (MB), peak = 1435.74 (MB)
Total wire length = 810839 um.
Total wire length on LAYER li1 = 0 um.
Total wire length on LAYER met1 = 286736 um.
Total wire length on LAYER met2 = 333517 um.
Total wire length on LAYER met3 = 119332 um.
Total wire length on LAYER met4 = 70598 um.
Total wire length on LAYER met5 = 653 um.
Total number of vias = 148981.
Up-via summary (total 148981):

-------------------------
 FR_MASTERSLICE         0
            li1     59115
           met1     75590
           met2     11512
           met3      2676
           met4        88
-------------------------
               148981


[INFO DRT-0195] Start 4th optimization iteration.
    Completing 10% with 522 violations.
    elapsed time = 00:00:03, memory = 1392.30 (MB).
    Completing 20% with 522 violations.
    elapsed time = 00:00:05, memory = 1397.17 (MB).
    Completing 30% with 426 violations.
    elapsed time = 00:00:08, memory = 1397.17 (MB).
    Completing 40% with 426 violations.
    elapsed time = 00:00:10, memory = 1397.17 (MB).
    Completing 50% with 426 violations.
    elapsed time = 00:00:12, memory = 1397.17 (MB).
    Completing 60% with 331 violations.
    elapsed time = 00:00:21, memory = 1370.41 (MB).
    Completing 70% with 331 violations.
    elapsed time = 00:00:22, memory = 1370.41 (MB).
    Completing 80% with 171 violations.
    elapsed time = 00:00:24, memory = 1370.41 (MB).
    Completing 90% with 171 violations.
    elapsed time = 00:00:26, memory = 1380.16 (MB).
    Completing 100% with 54 violations.
    elapsed time = 00:00:26, memory = 1380.16 (MB).
[INFO DRT-0199]   Number of violations = 54.
Viol/Layer        met1   met2
Metal Spacing       20      2
Short               31      1
[INFO DRT-0267] cpu time = 00:00:26, elapsed time = 00:00:26, memory = 1390.85 (MB), peak = 1435.74 (MB)
Total wire length = 810719 um.
Total wire length on LAYER li1 = 0 um.
Total wire length on LAYER met1 = 285934 um.
Total wire length on LAYER met2 = 333094 um.
Total wire length on LAYER met3 = 120088 um.
Total wire length on LAYER met4 = 70947 um.
Total wire length on LAYER met5 = 653 um.
Total number of vias = 148989.
Up-via summary (total 148989):

-------------------------
 FR_MASTERSLICE         0
            li1     59116
           met1     75503
           met2     11578
           met3      2704
           met4        88
-------------------------
               148989


[INFO DRT-0195] Start 5th guides tiles iteration.
    Completing 10% with 54 violations.
    elapsed time = 00:00:00, memory = 1390.85 (MB).
    Completing 20% with 54 violations.
    elapsed time = 00:00:00, memory = 1390.85 (MB).
    Completing 40% with 54 violations.
    elapsed time = 00:00:00, memory = 1390.85 (MB).
    Completing 50% with 14 violations.
    elapsed time = 00:00:00, memory = 1390.85 (MB).
    Completing 70% with 14 violations.
    elapsed time = 00:00:00, memory = 1390.85 (MB).
    Completing 80% with 14 violations.
    elapsed time = 00:00:00, memory = 1390.85 (MB).
    Completing 100% with 1 violations.
    elapsed time = 00:00:00, memory = 1390.85 (MB).
[INFO DRT-0199]   Number of violations = 1.
Viol/Layer        met1
Metal Spacing        1
[INFO DRT-0267] cpu time = 00:00:00, elapsed time = 00:00:00, memory = 1390.85 (MB), peak = 1435.74 (MB)
Total wire length = 810742 um.
Total wire length on LAYER li1 = 0 um.
Total wire length on LAYER met1 = 285945 um.
Total wire length on LAYER met2 = 333111 um.
Total wire length on LAYER met3 = 120084 um.
Total wire length on LAYER met4 = 70947 um.
Total wire length on LAYER met5 = 653 um.
Total number of vias = 149000.
Up-via summary (total 149000):

-------------------------
 FR_MASTERSLICE         0
            li1     59116
           met1     75514
           met2     11578
           met3      2704
           met4        88
-------------------------
               149000


[INFO DRT-0195] Start 6th guides tiles iteration.
    Completing 100% with 0 violations.
    elapsed time = 00:00:00, memory = 1390.85 (MB).
[INFO DRT-0199]   Number of violations = 0.
[INFO DRT-0267] cpu time = 00:00:00, elapsed time = 00:00:00, memory = 1390.85 (MB), peak = 1435.74 (MB)
Total wire length = 810738 um.
Total wire length on LAYER li1 = 0 um.
Total wire length on LAYER met1 = 285946 um.
Total wire length on LAYER met2 = 333105 um.
Total wire length on LAYER met3 = 120084 um.
Total wire length on LAYER met4 = 70947 um.
Total wire length on LAYER met5 = 653 um.
Total number of vias = 148998.
Up-via summary (total 148998):

-------------------------
 FR_MASTERSLICE         0
            li1     59116
           met1     75512
           met2     11578
           met3      2704
           met4        88
-------------------------
               148998


[INFO DRT-0198] Complete detail routing.
Total wire length = 810738 um.
Total wire length on LAYER li1 = 0 um.
Total wire length on LAYER met1 = 285946 um.
Total wire length on LAYER met2 = 333105 um.
Total wire length on LAYER met3 = 120084 um.
Total wire length on LAYER met4 = 70947 um.
Total wire length on LAYER met5 = 653 um.
Total number of vias = 148998.
Up-via summary (total 148998):

-------------------------
 FR_MASTERSLICE         0
            li1     59116
           met1     75512
           met2     11578
           met3      2704
           met4        88
-------------------------
               148998


[INFO DRT-0267] cpu time = 00:07:51, elapsed time = 00:07:51, memory = 1390.85 (MB), peak = 1435.74 (MB)

[INFO DRT-0180] Post processing.
[INFO DRT-0501] Runtime: 674.89s
[INFO ANT-0002] Found 2 net violations.
[INFO ANT-0001] Found 4 pin violations.
[INFO GRT-0012] Found 2 antenna violations.
[INFO DPL-0006] Core area: 330268.00 um^2
[INFO DPL-0007] Movable instances area: 0.00 um^2
[INFO DPL-0008] Fixed instances area within core: 203346.28 um^2
[INFO DPL-0009] Utilization: 61.6%
[INFO DPL-0005] Diamond search max displacement: +/- 500 sites horizontally, +/- 100 rows vertically.
[INFO DPL-1102] Legalizing using negotiation legalizer.
[INFO DPL-1103] Negotiation base search window: +/-20 sites horizontally, +/-5 rows vertically 
	Automatic search window extension enabled.
	Search window extendable up to the max displacement cap of +/-500 sites, +/-100 rows near walls.
[INFO DPL-1104] NegotiationLegalizer DRC penalty: 5.
[INFO DPL-0392] Negotiation cell height distribution (1 unique row-count(s)):
[INFO DPL-0393]   height 1 row(s): 21068 cells
[INFO DPL-0500] Runtime: 0.07s
[INFO GRT-0015] Inserted 4 diodes.
[WARNING DRT-0120] Large net net513 has 123 pins which may impact routing performance. Consider optimization.
[WARNING DRT-0120] Large net net3273 has 232 pins which may impact routing performance. Consider optimization.
[WARNING DRT-0120] Large net net3272 has 207 pins which may impact routing performance. Consider optimization.
[WARNING DRT-0120] Large net net3634 has 168 pins which may impact routing performance. Consider optimization.
[WARNING DRT-0120] Large net net3688 has 136 pins which may impact routing performance. Consider optimization.
[WARNING DRT-0120] Large net net3869 has 110 pins which may impact routing performance. Consider optimization.
[WARNING DRT-0120] Large net net3868 has 250 pins which may impact routing performance. Consider optimization.
[WARNING DRT-0120] Large net net3994 has 144 pins which may impact routing performance. Consider optimization.
[WARNING DRT-0120] Large net net3992 has 154 pins which may impact routing performance. Consider optimization.
[WARNING DRT-0120] Large net net3990 has 112 pins which may impact routing performance. Consider optimization.
[WARNING DRT-0120] Large net net3989 has 157 pins which may impact routing performance. Consider optimization.
[WARNING DRT-0120] Large net net3987 has 138 pins which may impact routing performance. Consider optimization.
[WARNING DRT-0120] Large net net3979 has 122 pins which may impact routing performance. Consider optimization.
[WARNING DRT-0120] Large net net3978 has 138 pins which may impact routing performance. Consider optimization.
[WARNING DRT-0120] Large net net3973 has 133 pins which may impact routing performance. Consider optimization.
[WARNING DRT-0120] Large net net3971 has 151 pins which may impact routing performance. Consider optimization.
[WARNING DRT-0120] Large net net3968 has 154 pins which may impact routing performance. Consider optimization.
[INFO DRT-0024]   Complete FR_MASTERSLICE.
[INFO DRT-0024]   Complete Fr_VIA.
[INFO DRT-0024]   Complete li1.
[INFO DRT-0024]   Complete mcon.
[INFO DRT-0024]   Complete met1.
[INFO DRT-0024]   Complete via.
[INFO DRT-0024]   Complete met2.
[INFO DRT-0024]   Complete via2.
[INFO DRT-0024]   Complete met3.
[INFO DRT-0024]   Complete via3.
[INFO DRT-0024]   Complete met4.
[INFO DRT-0024]   Complete via4.
[INFO DRT-0024]   Complete met5.
[INFO DRT-0165] Start pin access.
[INFO DRT-0076]   Complete 1000 pins.
[INFO DRT-0076]   Complete 2000 pins.
[INFO DRT-0078]   Complete 2046 pins.
[INFO DRT-0079]   Complete 100 unique inst patterns.
[INFO DRT-0079]   Complete 200 unique inst patterns.
[INFO DRT-0081]   Complete 257 unique inst patterns.
[INFO DRT-0082]   Complete 10000 groups.
[INFO DRT-0084]   Complete 11152 groups.
#scanned instances     = 21068
#unique  instances     = 257
#stdCellGenAp          = 9604
#stdCellValidPlanarAp  = 163
#stdCellValidViaAp     = 6089
#stdCellPinNoAp        = 10
#stdCellPinCnt         = 63109
#instTermValidViaApCnt = 0
#macroGenAp            = 0
#macroValidPlanarAp    = 0
#macroValidViaAp       = 0
#macroNoAp             = 0
[INFO DRT-0166] Complete pin access.
[INFO DRT-0267] cpu time = 00:03:16, elapsed time = 00:03:16, memory = 1400.97 (MB), peak = 1435.74 (MB)
[INFO DRT-0156] guideIn read 100000 guides.

[INFO DRT-0157] Number of guides:     157526

[INFO DRT-0169] Post process guides.
[INFO DRT-0176] GCELLGRID X 0 DO 83 STEP 6900 ;
[INFO DRT-0177] GCELLGRID Y 0 DO 83 STEP 6900 ;
[INFO DRT-0026]   Complete 100000 origin guides.
[INFO DRT-0028]   Complete FR_MASTERSLICE.
[INFO DRT-0028]   Complete Fr_VIA.
[INFO DRT-0028]   Complete li1.
[INFO DRT-0028]   Complete mcon.
[INFO DRT-0028]   Complete met1.
[INFO DRT-0028]   Complete via.
[INFO DRT-0028]   Complete met2.
[INFO DRT-0028]   Complete via2.
[INFO DRT-0028]   Complete met3.
[INFO DRT-0028]   Complete via3.
[INFO DRT-0028]   Complete met4.
[INFO DRT-0028]   Complete via4.
[INFO DRT-0028]   Complete met5.
[INFO DRT-0178] Init guide query.
[INFO DRT-0035]   Complete FR_MASTERSLICE (guide).
[INFO DRT-0035]   Complete Fr_VIA (guide).
[INFO DRT-0035]   Complete li1 (guide).
[INFO DRT-0035]   Complete mcon (guide).
[INFO DRT-0035]   Complete met1 (guide).
[INFO DRT-0035]   Complete via (guide).
[INFO DRT-0035]   Complete met2 (guide).
[INFO DRT-0035]   Complete via2 (guide).
[INFO DRT-0035]   Complete met3 (guide).
[INFO DRT-0035]   Complete via3 (guide).
[INFO DRT-0035]   Complete met4 (guide).
[INFO DRT-0035]   Complete via4 (guide).
[INFO DRT-0035]   Complete met5 (guide).
[INFO DRT-0036] FR_MASTERSLICE guide region query size = 0.
[INFO DRT-0036] FR_VIA guide region query size = 0.
[INFO DRT-0036] li1 guide region query size = 48490.
[INFO DRT-0036] mcon guide region query size = 0.
[INFO DRT-0036] met1 guide region query size = 46799.
[INFO DRT-0036] via guide region query size = 0.
[INFO DRT-0036] met2 guide region query size = 25227.
[INFO DRT-0036] via2 guide region query size = 0.
[INFO DRT-0036] met3 guide region query size = 3014.
[INFO DRT-0036] via3 guide region query size = 0.
[INFO DRT-0036] met4 guide region query size = 1287.
[INFO DRT-0036] via4 guide region query size = 0.
[INFO DRT-0036] met5 guide region query size = 49.
[INFO DRT-0179] Init gr pin query.
[INFO DRT-0267] cpu time = 00:00:00, elapsed time = 00:00:00, memory = 1400.97 (MB), peak = 1435.74 (MB)
[INFO DRT-0245] skipped writing guide updates to database.
[INFO DRT-0181] Start track assignment.
[INFO DRT-0184] Done with 75004 vertical wires in 2 frboxes and 49862 horizontal wires in 2 frboxes.
[INFO DRT-0186] Done with 11145 vertical wires in 2 frboxes and 19061 horizontal wires in 2 frboxes.
[INFO DRT-0182] Complete track assignment.
[INFO DRT-0267] cpu time = 00:00:05, elapsed time = 00:00:05, memory = 1400.97 (MB), peak = 1435.74 (MB)
[INFO DRT-0187] Start routing data preparation.
[INFO DRT-0267] cpu time = 00:00:00, elapsed time = 00:00:00, memory = 1400.97 (MB), peak = 1435.74 (MB)
[INFO DRT-0194] Start detail routing.
[INFO DRT-0195] Start 0th optimization iteration.
    Completing 10% with 0 violations.
    elapsed time = 00:00:07, memory = 1418.84 (MB).
    Completing 20% with 0 violations.
    elapsed time = 00:00:12, memory = 1418.84 (MB).
    Completing 30% with 54 violations.
    elapsed time = 00:00:18, memory = 1449.30 (MB).
    Completing 40% with 54 violations.
    elapsed time = 00:00:24, memory = 1449.23 (MB).
    Completing 50% with 54 violations.
    elapsed time = 00:00:30, memory = 1449.23 (MB).
    Completing 60% with 71 violations.
    elapsed time = 00:00:38, memory = 1450.68 (MB).
    Completing 70% with 71 violations.
    elapsed time = 00:00:44, memory = 1450.68 (MB).
    Completing 80% with 169 violations.
    elapsed time = 00:00:50, memory = 1451.75 (MB).
    Completing 90% with 169 violations.
    elapsed time = 00:00:57, memory = 1451.75 (MB).
    Completing 100% with 228 violations.
    elapsed time = 00:01:03, memory = 1451.75 (MB).
[INFO DRT-0199]   Number of violations = 263.
Viol/Layer        met1   met2   met3   met4
Metal Spacing       12      8      0      1
Recheck             19     11      3      2
Short              105     98      2      2
[INFO DRT-0267] cpu time = 00:01:03, elapsed time = 00:01:03, memory = 1451.75 (MB), peak = 1494.61 (MB)
Total wire length = 810855 um.
Total wire length on LAYER li1 = 0 um.
Total wire length on LAYER met1 = 286381 um.
Total wire length on LAYER met2 = 333245 um.
Total wire length on LAYER met3 = 119703 um.
Total wire length on LAYER met4 = 70874 um.
Total wire length on LAYER met5 = 650 um.
Total number of vias = 148994.
Up-via summary (total 148994):

-------------------------
 FR_MASTERSLICE         0
            li1     59120
           met1     75527
           met2     11561
           met3      2698
           met4        88
-------------------------
               148994


[INFO DRT-0195] Start 1st optimization iteration.
    Completing 10% with 263 violations.
    elapsed time = 00:00:05, memory = 1451.75 (MB).
    Completing 20% with 263 violations.
    elapsed time = 00:00:11, memory = 1451.75 (MB).
    Completing 30% with 199 violations.
    elapsed time = 00:00:15, memory = 1451.75 (MB).
    Completing 40% with 199 violations.
    elapsed time = 00:00:21, memory = 1451.75 (MB).
    Completing 50% with 199 violations.
    elapsed time = 00:00:28, memory = 1451.89 (MB).
    Completing 60% with 163 violations.
    elapsed time = 00:00:33, memory = 1451.75 (MB).
    Completing 70% with 163 violations.
    elapsed time = 00:00:39, memory = 1451.75 (MB).
    Completing 80% with 105 violations.
    elapsed time = 00:00:45, memory = 1451.75 (MB).
    Completing 90% with 105 violations.
    elapsed time = 00:00:53, memory = 1451.75 (MB).
    Completing 100% with 55 violations.
    elapsed time = 00:01:00, memory = 1451.78 (MB).
[INFO DRT-0199]   Number of violations = 55.
Viol/Layer        met1   met2
Metal Spacing        1      5
Short               26     23
[INFO DRT-0267] cpu time = 00:01:01, elapsed time = 00:01:01, memory = 1452.71 (MB), peak = 1500.88 (MB)
Total wire length = 810787 um.
Total wire length on LAYER li1 = 0 um.
Total wire length on LAYER met1 = 286324 um.
Total wire length on LAYER met2 = 333194 um.
Total wire length on LAYER met3 = 119726 um.
Total wire length on LAYER met4 = 70892 um.
Total wire length on LAYER met5 = 650 um.
Total number of vias = 148979.
Up-via summary (total 148979):

-------------------------
 FR_MASTERSLICE         0
            li1     59120
           met1     75514
           met2     11559
           met3      2698
           met4        88
-------------------------
               148979


[INFO DRT-0195] Start 2nd optimization iteration.
    Completing 10% with 55 violations.
    elapsed time = 00:00:00, memory = 1452.71 (MB).
    Completing 20% with 55 violations.
    elapsed time = 00:00:02, memory = 1452.95 (MB).
    Completing 30% with 50 violations.
    elapsed time = 00:00:02, memory = 1452.95 (MB).
    Completing 40% with 50 violations.
    elapsed time = 00:00:02, memory = 1452.95 (MB).
    Completing 50% with 50 violations.
    elapsed time = 00:00:05, memory = 1452.77 (MB).
    Completing 60% with 41 violations.
    elapsed time = 00:00:05, memory = 1452.77 (MB).
    Completing 70% with 41 violations.
    elapsed time = 00:00:05, memory = 1452.77 (MB).
    Completing 80% with 36 violations.
    elapsed time = 00:00:05, memory = 1452.77 (MB).
    Completing 90% with 36 violations.
    elapsed time = 00:00:07, memory = 1452.93 (MB).
    Completing 100% with 43 violations.
    elapsed time = 00:00:08, memory = 1452.77 (MB).
[INFO DRT-0199]   Number of violations = 43.
Viol/Layer        met1   met2
Metal Spacing        0      6
Short               25     12
[INFO DRT-0267] cpu time = 00:00:08, elapsed time = 00:00:08, memory = 1452.77 (MB), peak = 1500.88 (MB)
Total wire length = 810789 um.
Total wire length on LAYER li1 = 0 um.
Total wire length on LAYER met1 = 286344 um.
Total wire length on LAYER met2 = 333169 um.
Total wire length on LAYER met3 = 119731 um.
Total wire length on LAYER met4 = 70893 um.
Total wire length on LAYER met5 = 650 um.
Total number of vias = 148972.
Up-via summary (total 148972):

-------------------------
 FR_MASTERSLICE         0
            li1     59119
           met1     75510
           met2     11557
           met3      2698
           met4        88
-------------------------
               148972


[INFO DRT-0195] Start 3rd guides tiles iteration.
    Completing 10% with 43 violations.
    elapsed time = 00:00:01, memory = 1452.77 (MB).
    Completing 20% with 43 violations.
    elapsed time = 00:00:01, memory = 1452.77 (MB).
    Completing 30% with 43 violations.
    elapsed time = 00:00:01, memory = 1452.77 (MB).
    Completing 40% with 43 violations.
    elapsed time = 00:00:01, memory = 1452.77 (MB).
    Completing 50% with 13 violations.
    elapsed time = 00:00:02, memory = 1452.77 (MB).
    Completing 60% with 13 violations.
    elapsed time = 00:00:02, memory = 1452.77 (MB).
    Completing 70% with 13 violations.
    elapsed time = 00:00:02, memory = 1452.77 (MB).
    Completing 80% with 13 violations.
    elapsed time = 00:00:02, memory = 1452.77 (MB).
    Completing 90% with 13 violations.
    elapsed time = 00:00:02, memory = 1452.77 (MB).
    Completing 100% with 6 violations.
    elapsed time = 00:00:02, memory = 1452.77 (MB).
[INFO DRT-0199]   Number of violations = 6.
Viol/Layer        met1
Metal Spacing        2
Short                4
[INFO DRT-0267] cpu time = 00:00:02, elapsed time = 00:00:02, memory = 1452.77 (MB), peak = 1514.27 (MB)
Total wire length = 810770 um.
Total wire length on LAYER li1 = 0 um.
Total wire length on LAYER met1 = 286104 um.
Total wire length on LAYER met2 = 333012 um.
Total wire length on LAYER met3 = 119967 um.
Total wire length on LAYER met4 = 71035 um.
Total wire length on LAYER met5 = 650 um.
Total number of vias = 149019.
Up-via summary (total 149019):

-------------------------
 FR_MASTERSLICE         0
            li1     59122
           met1     75514
           met2     11591
           met3      2704
           met4        88
-------------------------
               149019


[INFO DRT-0195] Start 4th guides tiles iteration.
    Completing 50% with 6 violations.
    elapsed time = 00:00:00, memory = 1453.89 (MB).
    Completing 100% with 0 violations.
    elapsed time = 00:00:00, memory = 1453.89 (MB).
[INFO DRT-0199]   Number of violations = 0.
[INFO DRT-0267] cpu time = 00:00:00, elapsed time = 00:00:00, memory = 1453.89 (MB), peak = 1514.27 (MB)
Total wire length = 810763 um.
Total wire length on LAYER li1 = 0 um.
Total wire length on LAYER met1 = 286035 um.
Total wire length on LAYER met2 = 333007 um.
Total wire length on LAYER met3 = 120034 um.
Total wire length on LAYER met4 = 71035 um.
Total wire length on LAYER met5 = 650 um.
Total number of vias = 149015.
Up-via summary (total 149015):

-------------------------
 FR_MASTERSLICE         0
            li1     59122
           met1     75504
           met2     11597
           met3      2704
           met4        88
-------------------------
               149015


[INFO DRT-0198] Complete detail routing.
Total wire length = 810763 um.
Total wire length on LAYER li1 = 0 um.
Total wire length on LAYER met1 = 286035 um.
Total wire length on LAYER met2 = 333007 um.
Total wire length on LAYER met3 = 120034 um.
Total wire length on LAYER met4 = 71035 um.
Total wire length on LAYER met5 = 650 um.
Total number of vias = 149015.
Up-via summary (total 149015):

-------------------------
 FR_MASTERSLICE         0
            li1     59122
           met1     75504
           met2     11597
           met3      2704
           met4        88
-------------------------
               149015


[INFO DRT-0267] cpu time = 00:02:16, elapsed time = 00:02:16, memory = 1453.89 (MB), peak = 1514.27 (MB)

[INFO DRT-0180] Post processing.
[INFO DRT-0501] Runtime: 339.54s
[INFO ANT-0002] Found 0 net violations.
[INFO ANT-0001] Found 0 pin violations.
[INFO ANT-0002] Found 0 net violations.
[INFO ANT-0001] Found 0 pin violations.
Design area 203346 um^2 62% utilization.
write_db ./results/sky130hd/chia_sha256_benchmark_corrupted/slot1/5_2_route.odb
Log                       Ext     Elapsed/s Peak Memory/MB sha1sum result [0:20)
5_2_route                 .odb         3233           1514 646d4e8669863a559a3a
/root/OpenROAD-flow-scripts/flow/scripts/flow.sh 5_3_fillcell fillcell
Running fillcell.tcl, stage 5_3_fillcell
read_liberty /root/OpenROAD-flow-scripts/flow/platforms/sky130hd/lib/sky130_fd_sc_hd__tt_025C_1v80.lib
read_db ./results/sky130hd/chia_sha256_benchmark_corrupted/slot1/5_2_route.odb
read_sdc ./results/sky130hd/chia_sha256_benchmark_corrupted/slot1/5_1_grt.sdc
source /root/OpenROAD-flow-scripts/flow/platforms/sky130hd/setRC.tcl
[WARNING STA-0450] virtual clock vclk can not be propagated.
filler_placement "sky130_fd_sc_hd__fill_1 sky130_fd_sc_hd__fill_2 sky130_fd_sc_hd__fill_4 sky130_fd_sc_hd__fill_8"
[INFO DPL-0001] Placed 26098 filler instances.
Design area 203346 um^2 62% utilization.
write_db ./results/sky130hd/chia_sha256_benchmark_corrupted/slot1/5_3_fillcell.odb
Log                       Ext     Elapsed/s Peak Memory/MB sha1sum result [0:20)
5_3_fillcell              .odb            0            216 62b5c4e0a29456704e8f
cp ./results/sky130hd/chia_sha256_benchmark_corrupted/slot1/5_3_fillcell.odb ./results/sky130hd/chia_sha256_benchmark_corrupted/slot1/5_route.odb
cp ./results/sky130hd/chia_sha256_benchmark_corrupted/slot1/5_1_grt.sdc ./results/sky130hd/chia_sha256_benchmark_corrupted/slot1/5_route.sdc
make: Leaving directory '/root/OpenROAD-flow-scripts/flow'

STDERR:
bash: /opt/miniconda/lib/libtinfo.so.6: no version information available (required by bash)
bash: /opt/miniconda/lib/libtinfo.so.6: no version information available (required by bash)
bash: /opt/miniconda/lib/libtinfo.so.6: no version information available (required by bash)
bash: /opt/miniconda/lib/libtinfo.so.6: no version information available (required by bash)
bash: /opt/miniconda/lib/libtinfo.so.6: no version information available (required by bash)
bash: /opt/miniconda/lib/libtinfo.so.6: no version information available (required by bash)
bash: /opt/miniconda/lib/libtinfo.so.6: no version information available (required by bash)
bash: /opt/miniconda/lib/libtinfo.so.6: no version information available (required by bash)
bash: /opt/miniconda/lib/libtinfo.so.6: no version information available (required by bash)
bash: /opt/miniconda/lib/libtinfo.so.6: no version information available (required by bash)
bash: /opt/miniconda/lib/libtinfo.so.6: no version information available (required by bash)
bash: /opt/miniconda/lib/libtinfo.so.6: no version information available (required by bash)
bash: /opt/miniconda/lib/libtinfo.so.6: no version information available (required by bash)
bash: /opt/miniconda/lib/libtinfo.so.6: no version information available (required by bash)
bash: /opt/miniconda/lib/libtinfo.so.6: no version information available (required by bash)
bash: /opt/miniconda/lib/libtinfo.so.6: no version information available (required by bash)
bash: /opt/miniconda/lib/libtinfo.so.6: no version information available (required by bash)
bash: /opt/miniconda/lib/libtinfo.so.6: no version information available (required by bash)
bash: /opt/miniconda/lib/libtinfo.so.6: no version information available (required by bash)
bash: /opt/miniconda/lib/libtinfo.so.6: no version information available (required by bash)
bash: /opt/miniconda/lib/libtinfo.so.6: no version information available (required by bash)
bash: /opt/miniconda/lib/libtinfo.so.6: no version information available (required by bash)
bash: /opt/miniconda/lib/libtinfo.so.6: no version information available (required by bash)
bash: /opt/miniconda/lib/libtinfo.so.6: no version information available (required by bash)
Elapsed time: 5:01.23[h:]min:sec. CPU time: user 300.92 sys 0.24 (99%). Peak memory: 606220KB.
bash: /opt/miniconda/lib/libtinfo.so.6: no version information available (required by bash)
bash: /opt/miniconda/lib/libtinfo.so.6: no version information available (required by bash)
bash: /opt/miniconda/lib/libtinfo.so.6: no version information available (required by bash)
bash: /opt/miniconda/lib/libtinfo.so.6: no version information available (required by bash)
bash: /opt/miniconda/lib/libtinfo.so.6: no version information available (required by bash)
bash: /opt/miniconda/lib/libtinfo.so.6: no version information available (required by bash)
bash: /opt/miniconda/lib/libtinfo.so.6: no version information available (required by bash)
bash: /opt/miniconda/lib/libtinfo.so.6: no version information available (required by bash)
bash: /opt/miniconda/lib/libtinfo.so.6: no version information available (required by bash)
bash: /opt/miniconda/lib/libtinfo.so.6: no version information available (required by bash)
bash: /opt/miniconda/lib/libtinfo.so.6: no version information available (required by bash)
bash: /opt/miniconda/lib/libtinfo.so.6: no version information available (required by bash)
bash: /opt/miniconda/lib/libtinfo.so.6: no version information available (required by bash)
bash: /opt/miniconda/lib/libtinfo.so.6: no version information available (required by bash)
Elapsed time: 53:53.09[h:]min:sec. CPU time: user 3222.01 sys 10.26 (99%). Peak memory: 1550612KB.
bash: /opt/miniconda/lib/libtinfo.so.6: no version information available (required by bash)
bash: /opt/miniconda/lib/libtinfo.so.6: no version information available (required by bash)
bash: /opt/miniconda/lib/libtinfo.so.6: no version information available (required by bash)
bash: /opt/miniconda/lib/libtinfo.so.6: no version information available (required by bash)
bash: /opt/miniconda/lib/libtinfo.so.6: no version information available (required by bash)
bash: /opt/miniconda/lib/libtinfo.so.6: no version information available (required by bash)
bash: /opt/miniconda/lib/libtinfo.so.6: no version information available (required by bash)
bash: /opt/miniconda/lib/libtinfo.so.6: no version information available (required by bash)
bash: /opt/miniconda/lib/libtinfo.so.6: no version information available (required by bash)
bash: /opt/miniconda/lib/libtinfo.so.6: no version information available (required by bash)
bash: /opt/miniconda/lib/libtinfo.so.6: no version information available (required by bash)
bash: /opt/miniconda/lib/libtinfo.so.6: no version information available (required by bash)
bash: /opt/miniconda/lib/libtinfo.so.6: no version information available (required by bash)
bash: /opt/miniconda/lib/libtinfo.so.6: no version information available (required by bash)
Elapsed time: 0:00.57[h:]min:sec. CPU time: user 0.47 sys 0.08 (96%). Peak memory: 221628KB.
bash: /opt/miniconda/lib/libtinfo.so.6: no version information available (required by bash)
bash: /opt/miniconda/lib/libtinfo.so.6: no version information available (required by bash)
bash: /opt/miniconda/lib/libtinfo.so.6: no version information available (required by bash)
bash: /opt/miniconda/lib/libtinfo.so.6: no version information available (required by bash)
bash: /opt/miniconda/lib/libtinfo.so.6: no version information available (required by bash)
bash: /opt/miniconda/lib/libtinfo.so.6: no version information available (required by bash)
bash: /opt/miniconda/lib/libtinfo.so.6: no version information available (required by bash)
bash: /opt/miniconda/lib/libtinfo.so.6: no version information available (required by bash)
bash: /opt/miniconda/lib/libtinfo.so.6: no version information available (required by bash)
bash: /opt/miniconda/lib/libtinfo.so.6: no version information available (required by bash)
bash: /opt/miniconda/lib/libtinfo.so.6: no version information available (required by bash)
bash: /opt/miniconda/lib/libtinfo.so.6: no version information available (required by bash)
bash: /opt/miniconda/lib/libtinfo.so.6: no version information available (required by bash)
bash: /opt/miniconda/lib/libtinfo.so.6: no version information available (required by bash)
bash: /opt/miniconda/lib/libtinfo.so.6: no version information available (required by bash)
bash: /opt/miniconda/lib/libtinfo.so.6: no version information available (required by bash)
bash: /opt/miniconda/lib/libtinfo.so.6: no version information available (required by bash)
bash: /opt/miniconda/lib/libtinfo.so.6: no version information available (required by bash)
bash: /opt/miniconda/lib/libtinfo.so.6: no version information available (required by bash)
bash: /opt/miniconda/lib/libtinfo.so.6: no version information available (required by bash)
bash: /opt/miniconda/lib/libtinfo.so.6: no version information available (required by bash)
bash: /opt/miniconda/lib/libtinfo.so.6: no version information available (required by bash)
bash: /opt/miniconda/lib/libtinfo.so.6: no version information available (required by bash)
bash: /opt/miniconda/lib/libtinfo.so.6: no version information available (required by bash)
bash: /opt/miniconda/lib/libtinfo.so.6: no version information available (required by bash)
bash: /opt/miniconda/lib/libtinfo.so.6: no version information available (required by bash)
