
Subcircuit summary:
Circuit 1: sky130_fd_sc_hd__dfrtp_1        |Circuit 2: sky130_fd_sc_hd__dfrtp_1        
-------------------------------------------|-------------------------------------------
pfet_01v8_hvt (14)                         |pfet_01v8_hvt (14)                         
nfet_01v8 (14)                             |nfet_01v8 (14)                             
Number of devices: 28                      |Number of devices: 28                      
Number of nets: 21                         |Number of nets: 21                         
---------------------------------------------------------------------------------------
Circuits match uniquely.
Netlists match uniquely.

Subcircuit pins:
Circuit 1: sky130_fd_sc_hd__dfrtp_1        |Circuit 2: sky130_fd_sc_hd__dfrtp_1        
-------------------------------------------|-------------------------------------------
RESET_B                                    |RESET_B                                    
VGND                                       |VGND                                       
VNB                                        |VNB                                        
VPB                                        |VPB                                        
VPWR                                       |VPWR                                       
Q                                          |Q                                          
CLK                                        |CLK                                        
D                                          |D                                          
---------------------------------------------------------------------------------------
Cell pin lists are equivalent.
Device classes sky130_fd_sc_hd__dfrtp_1 and sky130_fd_sc_hd__dfrtp_1 are equivalent.

Subcircuit summary:
Circuit 1: sky130_fd_sc_hd__buf_4          |Circuit 2: sky130_fd_sc_hd__buf_4          
-------------------------------------------|-------------------------------------------
pfet_01v8_hvt (2)                          |pfet_01v8_hvt (2)                          
nfet_01v8 (2)                              |nfet_01v8 (2)                              
Number of devices: 4                       |Number of devices: 4                       
Number of nets: 7                          |Number of nets: 7                          
---------------------------------------------------------------------------------------
Circuits match uniquely.
Netlists match uniquely.

Subcircuit pins:
Circuit 1: sky130_fd_sc_hd__buf_4          |Circuit 2: sky130_fd_sc_hd__buf_4          
-------------------------------------------|-------------------------------------------
A                                          |A                                          
VGND                                       |VGND                                       
VNB                                        |VNB                                        
X                                          |X                                          
VPWR                                       |VPWR                                       
VPB                                        |VPB                                        
---------------------------------------------------------------------------------------
Cell pin lists are equivalent.
Device classes sky130_fd_sc_hd__buf_4 and sky130_fd_sc_hd__buf_4 are equivalent.

Subcircuit summary:
Circuit 1: sky130_fd_sc_hd__buf_12         |Circuit 2: sky130_fd_sc_hd__buf_12         
-------------------------------------------|-------------------------------------------
pfet_01v8_hvt (2)                          |pfet_01v8_hvt (2)                          
nfet_01v8 (2)                              |nfet_01v8 (2)                              
Number of devices: 4                       |Number of devices: 4                       
Number of nets: 7                          |Number of nets: 7                          
---------------------------------------------------------------------------------------
Circuits match uniquely.
Netlists match uniquely.

Subcircuit pins:
Circuit 1: sky130_fd_sc_hd__buf_12         |Circuit 2: sky130_fd_sc_hd__buf_12         
-------------------------------------------|-------------------------------------------
A                                          |A                                          
VGND                                       |VGND                                       
VNB                                        |VNB                                        
X                                          |X                                          
VPWR                                       |VPWR                                       
VPB                                        |VPB                                        
---------------------------------------------------------------------------------------
Cell pin lists are equivalent.
Device classes sky130_fd_sc_hd__buf_12 and sky130_fd_sc_hd__buf_12 are equivalent.

Subcircuit summary:
Circuit 1: sky130_fd_sc_hd__nand2_1        |Circuit 2: sky130_fd_sc_hd__nand2_1        
-------------------------------------------|-------------------------------------------
pfet_01v8_hvt (2)                          |pfet_01v8_hvt (2)                          
nfet_01v8 (2)                              |nfet_01v8 (2)                              
Number of devices: 4                       |Number of devices: 4                       
Number of nets: 8                          |Number of nets: 8                          
---------------------------------------------------------------------------------------
Circuits match uniquely.
Netlists match uniquely.

Subcircuit pins:
Circuit 1: sky130_fd_sc_hd__nand2_1        |Circuit 2: sky130_fd_sc_hd__nand2_1        
-------------------------------------------|-------------------------------------------
VGND                                       |VGND                                       
A                                          |A                                          
VPWR                                       |VPWR                                       
VPB                                        |VPB                                        
B                                          |B                                          
VNB                                        |VNB                                        
Y                                          |Y                                          
---------------------------------------------------------------------------------------
Cell pin lists are equivalent.
Device classes sky130_fd_sc_hd__nand2_1 and sky130_fd_sc_hd__nand2_1 are equivalent.

Subcircuit summary:
Circuit 1: sky130_fd_sc_hd__o21ai_0        |Circuit 2: sky130_fd_sc_hd__o21ai_0        
-------------------------------------------|-------------------------------------------
pfet_01v8_hvt (3)                          |pfet_01v8_hvt (3)                          
nfet_01v8 (3)                              |nfet_01v8 (3)                              
Number of devices: 6                       |Number of devices: 6                       
Number of nets: 10                         |Number of nets: 10                         
---------------------------------------------------------------------------------------
Circuits match uniquely.
Netlists match uniquely.

Subcircuit pins:
Circuit 1: sky130_fd_sc_hd__o21ai_0        |Circuit 2: sky130_fd_sc_hd__o21ai_0        
-------------------------------------------|-------------------------------------------
VPB                                        |VPB                                        
Y                                          |Y                                          
VNB                                        |VNB                                        
A1                                         |A1                                         
VPWR                                       |VPWR                                       
A2                                         |A2                                         
B1                                         |B1                                         
VGND                                       |VGND                                       
---------------------------------------------------------------------------------------
Cell pin lists are equivalent.
Device classes sky130_fd_sc_hd__o21ai_0 and sky130_fd_sc_hd__o21ai_0 are equivalent.

Subcircuit summary:
Circuit 1: sky130_fd_sc_hd__clkinv_4       |Circuit 2: sky130_fd_sc_hd__clkinv_4       
-------------------------------------------|-------------------------------------------
pfet_01v8_hvt (1)                          |pfet_01v8_hvt (1)                          
nfet_01v8 (1)                              |nfet_01v8 (1)                              
Number of devices: 2                       |Number of devices: 2                       
Number of nets: 6                          |Number of nets: 6                          
---------------------------------------------------------------------------------------
Circuits match uniquely.
Netlists match uniquely.

Subcircuit pins:
Circuit 1: sky130_fd_sc_hd__clkinv_4       |Circuit 2: sky130_fd_sc_hd__clkinv_4       
-------------------------------------------|-------------------------------------------
VGND                                       |VGND                                       
VNB                                        |VNB                                        
VPWR                                       |VPWR                                       
VPB                                        |VPB                                        
A                                          |A                                          
(no matching pin)                          |Y                                          
---------------------------------------------------------------------------------------
Cell pin lists for sky130_fd_sc_hd__clkinv_4 and sky130_fd_sc_hd__clkinv_4 altered to match.

Subcircuit summary:
Circuit 1: sky130_fd_sc_hd__clkbuf_16      |Circuit 2: sky130_fd_sc_hd__clkbuf_16      
-------------------------------------------|-------------------------------------------
pfet_01v8_hvt (2)                          |pfet_01v8_hvt (2)                          
nfet_01v8 (2)                              |nfet_01v8 (2)                              
Number of devices: 4                       |Number of devices: 4                       
Number of nets: 7                          |Number of nets: 7                          
---------------------------------------------------------------------------------------
Circuits match uniquely.
Netlists match uniquely.

Subcircuit pins:
Circuit 1: sky130_fd_sc_hd__clkbuf_16      |Circuit 2: sky130_fd_sc_hd__clkbuf_16      
-------------------------------------------|-------------------------------------------
A                                          |A                                          
VGND                                       |VGND                                       
VNB                                        |VNB                                        
X                                          |X                                          
VPWR                                       |VPWR                                       
VPB                                        |VPB                                        
---------------------------------------------------------------------------------------
Cell pin lists are equivalent.
Device classes sky130_fd_sc_hd__clkbuf_16 and sky130_fd_sc_hd__clkbuf_16 are equivalent.

Subcircuit summary:
Circuit 1: sky130_fd_sc_hd__clkinv_2       |Circuit 2: sky130_fd_sc_hd__clkinv_2       
-------------------------------------------|-------------------------------------------
pfet_01v8_hvt (1)                          |pfet_01v8_hvt (1)                          
nfet_01v8 (1)                              |nfet_01v8 (1)                              
Number of devices: 2                       |Number of devices: 2                       
Number of nets: 6                          |Number of nets: 6                          
---------------------------------------------------------------------------------------
Circuits match uniquely.
Netlists match uniquely.

Subcircuit pins:
Circuit 1: sky130_fd_sc_hd__clkinv_2       |Circuit 2: sky130_fd_sc_hd__clkinv_2       
-------------------------------------------|-------------------------------------------
Y                                          |Y                                          
A                                          |A                                          
VGND                                       |VGND                                       
VNB                                        |VNB                                        
VPWR                                       |VPWR                                       
VPB                                        |VPB                                        
---------------------------------------------------------------------------------------
Cell pin lists are equivalent.
Device classes sky130_fd_sc_hd__clkinv_2 and sky130_fd_sc_hd__clkinv_2 are equivalent.

Subcircuit summary:
Circuit 1: sky130_fd_sc_hd__clkdlybuf4s50_ |Circuit 2: sky130_fd_sc_hd__clkdlybuf4s50_ 
-------------------------------------------|-------------------------------------------
pfet_01v8_hvt (4)                          |pfet_01v8_hvt (4)                          
nfet_01v8 (4)                              |nfet_01v8 (4)                              
Number of devices: 8                       |Number of devices: 8                       
Number of nets: 9                          |Number of nets: 9                          
---------------------------------------------------------------------------------------
Circuits match uniquely.
Netlists match uniquely.

Subcircuit pins:
Circuit 1: sky130_fd_sc_hd__clkdlybuf4s50_ |Circuit 2: sky130_fd_sc_hd__clkdlybuf4s50_ 
-------------------------------------------|-------------------------------------------
A                                          |A                                          
X                                          |X                                          
VGND                                       |VGND                                       
VNB                                        |VNB                                        
VPWR                                       |VPWR                                       
VPB                                        |VPB                                        
---------------------------------------------------------------------------------------
Cell pin lists are equivalent.
Device classes sky130_fd_sc_hd__clkdlybuf4s50_1 and sky130_fd_sc_hd__clkdlybuf4s50_1 are equivalent.

Subcircuit summary:
Circuit 1: sky130_fd_sc_hd__xor2_1         |Circuit 2: sky130_fd_sc_hd__xor2_1         
-------------------------------------------|-------------------------------------------
pfet_01v8_hvt (5)                          |pfet_01v8_hvt (5)                          
nfet_01v8 (5)                              |nfet_01v8 (5)                              
Number of devices: 10                      |Number of devices: 10                      
Number of nets: 11                         |Number of nets: 11                         
---------------------------------------------------------------------------------------
Circuits match uniquely.
Netlists match uniquely.

Subcircuit pins:
Circuit 1: sky130_fd_sc_hd__xor2_1         |Circuit 2: sky130_fd_sc_hd__xor2_1         
-------------------------------------------|-------------------------------------------
A                                          |A                                          
VGND                                       |VGND                                       
B                                          |B                                          
VNB                                        |VNB                                        
VPB                                        |VPB                                        
X                                          |X                                          
VPWR                                       |VPWR                                       
---------------------------------------------------------------------------------------
Cell pin lists are equivalent.
Device classes sky130_fd_sc_hd__xor2_1 and sky130_fd_sc_hd__xor2_1 are equivalent.

Subcircuit summary:
Circuit 1: sky130_fd_sc_hd__nor2_1         |Circuit 2: sky130_fd_sc_hd__nor2_1         
-------------------------------------------|-------------------------------------------
pfet_01v8_hvt (2)                          |pfet_01v8_hvt (2)                          
nfet_01v8 (2)                              |nfet_01v8 (2)                              
Number of devices: 4                       |Number of devices: 4                       
Number of nets: 8                          |Number of nets: 8                          
---------------------------------------------------------------------------------------
Circuits match uniquely.
Netlists match uniquely.

Subcircuit pins:
Circuit 1: sky130_fd_sc_hd__nor2_1         |Circuit 2: sky130_fd_sc_hd__nor2_1         
-------------------------------------------|-------------------------------------------
VPWR                                       |VPWR                                       
Y                                          |Y                                          
A                                          |A                                          
VPB                                        |VPB                                        
B                                          |B                                          
VGND                                       |VGND                                       
VNB                                        |VNB                                        
---------------------------------------------------------------------------------------
Cell pin lists are equivalent.
Device classes sky130_fd_sc_hd__nor2_1 and sky130_fd_sc_hd__nor2_1 are equivalent.

Subcircuit summary:
Circuit 1: sky130_fd_sc_hd__fa_1           |Circuit 2: sky130_fd_sc_hd__fa_1           
-------------------------------------------|-------------------------------------------
pfet_01v8_hvt (14)                         |pfet_01v8_hvt (14)                         
nfet_01v8 (14)                             |nfet_01v8 (14)                             
Number of devices: 28                      |Number of devices: 28                      
Number of nets: 21                         |Number of nets: 21                         
---------------------------------------------------------------------------------------
Circuits match uniquely.
Netlists match uniquely.

Subcircuit pins:
Circuit 1: sky130_fd_sc_hd__fa_1           |Circuit 2: sky130_fd_sc_hd__fa_1           
-------------------------------------------|-------------------------------------------
CIN                                        |CIN                                        
VNB                                        |VNB                                        
VPB                                        |VPB                                        
COUT                                       |COUT                                       
SUM                                        |SUM                                        
B                                          |B                                          
A                                          |A                                          
VGND                                       |VGND                                       
VPWR                                       |VPWR                                       
---------------------------------------------------------------------------------------
Cell pin lists are equivalent.
Device classes sky130_fd_sc_hd__fa_1 and sky130_fd_sc_hd__fa_1 are equivalent.

Subcircuit summary:
Circuit 1: sky130_fd_sc_hd__xnor2_1        |Circuit 2: sky130_fd_sc_hd__xnor2_1        
-------------------------------------------|-------------------------------------------
pfet_01v8_hvt (5)                          |pfet_01v8_hvt (5)                          
nfet_01v8 (5)                              |nfet_01v8 (5)                              
Number of devices: 10                      |Number of devices: 10                      
Number of nets: 11                         |Number of nets: 11                         
---------------------------------------------------------------------------------------
Circuits match uniquely.
Netlists match uniquely.

Subcircuit pins:
Circuit 1: sky130_fd_sc_hd__xnor2_1        |Circuit 2: sky130_fd_sc_hd__xnor2_1        
-------------------------------------------|-------------------------------------------
VGND                                       |VGND                                       
Y                                          |Y                                          
A                                          |A                                          
B                                          |B                                          
VPWR                                       |VPWR                                       
VNB                                        |VNB                                        
VPB                                        |VPB                                        
---------------------------------------------------------------------------------------
Cell pin lists are equivalent.
Device classes sky130_fd_sc_hd__xnor2_1 and sky130_fd_sc_hd__xnor2_1 are equivalent.

Subcircuit summary:
Circuit 1: sky130_fd_sc_hd__o21ai_1        |Circuit 2: sky130_fd_sc_hd__o21ai_1        
-------------------------------------------|-------------------------------------------
pfet_01v8_hvt (3)                          |pfet_01v8_hvt (3)                          
nfet_01v8 (3)                              |nfet_01v8 (3)                              
Number of devices: 6                       |Number of devices: 6                       
Number of nets: 10                         |Number of nets: 10                         
---------------------------------------------------------------------------------------
Circuits match uniquely.
Netlists match uniquely.

Subcircuit pins:
Circuit 1: sky130_fd_sc_hd__o21ai_1        |Circuit 2: sky130_fd_sc_hd__o21ai_1        
-------------------------------------------|-------------------------------------------
VPB                                        |VPB                                        
Y                                          |Y                                          
VNB                                        |VNB                                        
A1                                         |A1                                         
VPWR                                       |VPWR                                       
A2                                         |A2                                         
B1                                         |B1                                         
VGND                                       |VGND                                       
---------------------------------------------------------------------------------------
Cell pin lists are equivalent.
Device classes sky130_fd_sc_hd__o21ai_1 and sky130_fd_sc_hd__o21ai_1 are equivalent.

Subcircuit summary:
Circuit 1: sky130_fd_sc_hd__or3_1          |Circuit 2: sky130_fd_sc_hd__or3_1          
-------------------------------------------|-------------------------------------------
pfet_01v8_hvt (4)                          |pfet_01v8_hvt (4)                          
nfet_01v8 (4)                              |nfet_01v8 (4)                              
Number of devices: 8                       |Number of devices: 8                       
Number of nets: 11                         |Number of nets: 11                         
---------------------------------------------------------------------------------------
Circuits match uniquely.
Netlists match uniquely.

Subcircuit pins:
Circuit 1: sky130_fd_sc_hd__or3_1          |Circuit 2: sky130_fd_sc_hd__or3_1          
-------------------------------------------|-------------------------------------------
VPB                                        |VPB                                        
VGND                                       |VGND                                       
VNB                                        |VNB                                        
VPWR                                       |VPWR                                       
A                                          |A                                          
B                                          |B                                          
C                                          |C                                          
X                                          |X                                          
---------------------------------------------------------------------------------------
Cell pin lists are equivalent.
Device classes sky130_fd_sc_hd__or3_1 and sky130_fd_sc_hd__or3_1 are equivalent.

Subcircuit summary:
Circuit 1: sky130_fd_sc_hd__nand3_1        |Circuit 2: sky130_fd_sc_hd__nand3_1        
-------------------------------------------|-------------------------------------------
pfet_01v8_hvt (3)                          |pfet_01v8_hvt (3)                          
nfet_01v8 (3)                              |nfet_01v8 (3)                              
Number of devices: 6                       |Number of devices: 6                       
Number of nets: 10                         |Number of nets: 10                         
---------------------------------------------------------------------------------------
Circuits match uniquely.
Netlists match uniquely.

Subcircuit pins:
Circuit 1: sky130_fd_sc_hd__nand3_1        |Circuit 2: sky130_fd_sc_hd__nand3_1        
-------------------------------------------|-------------------------------------------
VGND                                       |VGND                                       
VPWR                                       |VPWR                                       
VPB                                        |VPB                                        
VNB                                        |VNB                                        
A                                          |A                                          
B                                          |B                                          
C                                          |C                                          
Y                                          |Y                                          
---------------------------------------------------------------------------------------
Cell pin lists are equivalent.
Device classes sky130_fd_sc_hd__nand3_1 and sky130_fd_sc_hd__nand3_1 are equivalent.

Subcircuit summary:
Circuit 1: sky130_fd_sc_hd__a21oi_1        |Circuit 2: sky130_fd_sc_hd__a21oi_1        
-------------------------------------------|-------------------------------------------
pfet_01v8_hvt (3)                          |pfet_01v8_hvt (3)                          
nfet_01v8 (3)                              |nfet_01v8 (3)                              
Number of devices: 6                       |Number of devices: 6                       
Number of nets: 10                         |Number of nets: 10                         
---------------------------------------------------------------------------------------
Circuits match uniquely.
Netlists match uniquely.

Subcircuit pins:
Circuit 1: sky130_fd_sc_hd__a21oi_1        |Circuit 2: sky130_fd_sc_hd__a21oi_1        
-------------------------------------------|-------------------------------------------
A1                                         |A1                                         
VPWR                                       |VPWR                                       
A2                                         |A2                                         
B1                                         |B1                                         
VGND                                       |VGND                                       
VPB                                        |VPB                                        
Y                                          |Y                                          
VNB                                        |VNB                                        
---------------------------------------------------------------------------------------
Cell pin lists are equivalent.
Device classes sky130_fd_sc_hd__a21oi_1 and sky130_fd_sc_hd__a21oi_1 are equivalent.

Subcircuit summary:
Circuit 1: sky130_fd_sc_hd__inv_1          |Circuit 2: sky130_fd_sc_hd__inv_1          
-------------------------------------------|-------------------------------------------
pfet_01v8_hvt (1)                          |pfet_01v8_hvt (1)                          
nfet_01v8 (1)                              |nfet_01v8 (1)                              
Number of devices: 2                       |Number of devices: 2                       
Number of nets: 6                          |Number of nets: 6                          
---------------------------------------------------------------------------------------
Circuits match uniquely.
Netlists match uniquely.

Subcircuit pins:
Circuit 1: sky130_fd_sc_hd__inv_1          |Circuit 2: sky130_fd_sc_hd__inv_1          
-------------------------------------------|-------------------------------------------
VGND                                       |VGND                                       
VNB                                        |VNB                                        
VPWR                                       |VPWR                                       
VPB                                        |VPB                                        
Y                                          |Y                                          
A                                          |A                                          
---------------------------------------------------------------------------------------
Cell pin lists are equivalent.
Device classes sky130_fd_sc_hd__inv_1 and sky130_fd_sc_hd__inv_1 are equivalent.

Subcircuit summary:
Circuit 1: sky130_fd_sc_hd__mux2i_1        |Circuit 2: sky130_fd_sc_hd__mux2i_1        
-------------------------------------------|-------------------------------------------
pfet_01v8_hvt (5)                          |pfet_01v8_hvt (5)                          
nfet_01v8 (5)                              |nfet_01v8 (5)                              
Number of devices: 10                      |Number of devices: 10                      
Number of nets: 13                         |Number of nets: 13                         
---------------------------------------------------------------------------------------
Circuits match uniquely.
Netlists match uniquely.

Subcircuit pins:
Circuit 1: sky130_fd_sc_hd__mux2i_1        |Circuit 2: sky130_fd_sc_hd__mux2i_1        
-------------------------------------------|-------------------------------------------
A0                                         |A0                                         
A1                                         |A1                                         
VNB                                        |VNB                                        
VPB                                        |VPB                                        
Y                                          |Y                                          
S                                          |S                                          
VGND                                       |VGND                                       
VPWR                                       |VPWR                                       
---------------------------------------------------------------------------------------
Cell pin lists are equivalent.
Device classes sky130_fd_sc_hd__mux2i_1 and sky130_fd_sc_hd__mux2i_1 are equivalent.

Subcircuit summary:
Circuit 1: sky130_fd_sc_hd__nand2b_1       |Circuit 2: sky130_fd_sc_hd__nand2b_1       
-------------------------------------------|-------------------------------------------
pfet_01v8_hvt (3)                          |pfet_01v8_hvt (3)                          
nfet_01v8 (3)                              |nfet_01v8 (3)                              
Number of devices: 6                       |Number of devices: 6                       
Number of nets: 9                          |Number of nets: 9                          
---------------------------------------------------------------------------------------
Circuits match uniquely.
Netlists match uniquely.

Subcircuit pins:
Circuit 1: sky130_fd_sc_hd__nand2b_1       |Circuit 2: sky130_fd_sc_hd__nand2b_1       
-------------------------------------------|-------------------------------------------
B                                          |B                                          
A_N                                        |A_N                                        
VGND                                       |VGND                                       
Y                                          |Y                                          
VPWR                                       |VPWR                                       
VPB                                        |VPB                                        
VNB                                        |VNB                                        
---------------------------------------------------------------------------------------
Cell pin lists are equivalent.
Device classes sky130_fd_sc_hd__nand2b_1 and sky130_fd_sc_hd__nand2b_1 are equivalent.

Subcircuit summary:
Circuit 1: sky130_fd_sc_hd__nor2b_4        |Circuit 2: sky130_fd_sc_hd__nor2b_4        
-------------------------------------------|-------------------------------------------
pfet_01v8_hvt (3)                          |pfet_01v8_hvt (3)                          
nfet_01v8 (3)                              |nfet_01v8 (3)                              
Number of devices: 6                       |Number of devices: 6                       
Number of nets: 9                          |Number of nets: 9                          
---------------------------------------------------------------------------------------
Circuits match uniquely.
Netlists match uniquely.

Subcircuit pins:
Circuit 1: sky130_fd_sc_hd__nor2b_4        |Circuit 2: sky130_fd_sc_hd__nor2b_4        
-------------------------------------------|-------------------------------------------
VPB                                        |VPB                                        
Y                                          |Y                                          
VGND                                       |VGND                                       
VNB                                        |VNB                                        
VPWR                                       |VPWR                                       
A                                          |A                                          
B_N                                        |B_N                                        
---------------------------------------------------------------------------------------
Cell pin lists are equivalent.
Device classes sky130_fd_sc_hd__nor2b_4 and sky130_fd_sc_hd__nor2b_4 are equivalent.

Subcircuit summary:
Circuit 1: sky130_fd_sc_hd__mux2_2         |Circuit 2: sky130_fd_sc_hd__mux2_2         
-------------------------------------------|-------------------------------------------
pfet_01v8_hvt (6)                          |pfet_01v8_hvt (6)                          
nfet_01v8 (6)                              |nfet_01v8 (6)                              
Number of devices: 12                      |Number of devices: 12                      
Number of nets: 14                         |Number of nets: 14                         
---------------------------------------------------------------------------------------
Circuits match uniquely.
Netlists match uniquely.

Subcircuit pins:
Circuit 1: sky130_fd_sc_hd__mux2_2         |Circuit 2: sky130_fd_sc_hd__mux2_2         
-------------------------------------------|-------------------------------------------
VGND                                       |VGND                                       
S                                          |S                                          
VPWR                                       |VPWR                                       
VNB                                        |VNB                                        
VPB                                        |VPB                                        
A0                                         |A0                                         
A1                                         |A1                                         
X                                          |X                                          
---------------------------------------------------------------------------------------
Cell pin lists are equivalent.
Device classes sky130_fd_sc_hd__mux2_2 and sky130_fd_sc_hd__mux2_2 are equivalent.

Subcircuit summary:
Circuit 1: sky130_fd_sc_hd__ha_1           |Circuit 2: sky130_fd_sc_hd__ha_1           
-------------------------------------------|-------------------------------------------
pfet_01v8_hvt (7)                          |pfet_01v8_hvt (7)                          
nfet_01v8 (7)                              |nfet_01v8 (7)                              
Number of devices: 14                      |Number of devices: 14                      
Number of nets: 13                         |Number of nets: 13                         
---------------------------------------------------------------------------------------
Circuits match uniquely.
Netlists match uniquely.

Subcircuit pins:
Circuit 1: sky130_fd_sc_hd__ha_1           |Circuit 2: sky130_fd_sc_hd__ha_1           
-------------------------------------------|-------------------------------------------
A                                          |A                                          
B                                          |B                                          
VNB                                        |VNB                                        
VPB                                        |VPB                                        
COUT                                       |COUT                                       
SUM                                        |SUM                                        
VGND                                       |VGND                                       
VPWR                                       |VPWR                                       
---------------------------------------------------------------------------------------
Cell pin lists are equivalent.
Device classes sky130_fd_sc_hd__ha_1 and sky130_fd_sc_hd__ha_1 are equivalent.

Subcircuit summary:
Circuit 1: sky130_fd_sc_hd__nor3_1         |Circuit 2: sky130_fd_sc_hd__nor3_1         
-------------------------------------------|-------------------------------------------
pfet_01v8_hvt (3)                          |pfet_01v8_hvt (3)                          
nfet_01v8 (3)                              |nfet_01v8 (3)                              
Number of devices: 6                       |Number of devices: 6                       
Number of nets: 10                         |Number of nets: 10                         
---------------------------------------------------------------------------------------
Circuits match uniquely.
Netlists match uniquely.

Subcircuit pins:
Circuit 1: sky130_fd_sc_hd__nor3_1         |Circuit 2: sky130_fd_sc_hd__nor3_1         
-------------------------------------------|-------------------------------------------
VPWR                                       |VPWR                                       
VPB                                        |VPB                                        
VGND                                       |VGND                                       
VNB                                        |VNB                                        
Y                                          |Y                                          
A                                          |A                                          
B                                          |B                                          
C                                          |C                                          
---------------------------------------------------------------------------------------
Cell pin lists are equivalent.
Device classes sky130_fd_sc_hd__nor3_1 and sky130_fd_sc_hd__nor3_1 are equivalent.

Subcircuit summary:
Circuit 1: sky130_fd_sc_hd__nor2b_1        |Circuit 2: sky130_fd_sc_hd__nor2b_1        
-------------------------------------------|-------------------------------------------
pfet_01v8_hvt (3)                          |pfet_01v8_hvt (3)                          
nfet_01v8 (3)                              |nfet_01v8 (3)                              
Number of devices: 6                       |Number of devices: 6                       
Number of nets: 9                          |Number of nets: 9                          
---------------------------------------------------------------------------------------
Circuits match uniquely.
Netlists match uniquely.

Subcircuit pins:
Circuit 1: sky130_fd_sc_hd__nor2b_1        |Circuit 2: sky130_fd_sc_hd__nor2b_1        
-------------------------------------------|-------------------------------------------
VPB                                        |VPB                                        
Y                                          |Y                                          
VGND                                       |VGND                                       
VNB                                        |VNB                                        
VPWR                                       |VPWR                                       
A                                          |A                                          
B_N                                        |B_N                                        
---------------------------------------------------------------------------------------
Cell pin lists are equivalent.
Device classes sky130_fd_sc_hd__nor2b_1 and sky130_fd_sc_hd__nor2b_1 are equivalent.

Subcircuit summary:
Circuit 1: sky130_fd_sc_hd__o21a_1         |Circuit 2: sky130_fd_sc_hd__o21a_1         
-------------------------------------------|-------------------------------------------
pfet_01v8_hvt (4)                          |pfet_01v8_hvt (4)                          
nfet_01v8 (4)                              |nfet_01v8 (4)                              
Number of devices: 8                       |Number of devices: 8                       
Number of nets: 11                         |Number of nets: 11                         
---------------------------------------------------------------------------------------
Circuits match uniquely.
Netlists match uniquely.

Subcircuit pins:
Circuit 1: sky130_fd_sc_hd__o21a_1         |Circuit 2: sky130_fd_sc_hd__o21a_1         
-------------------------------------------|-------------------------------------------
VPB                                        |VPB                                        
VNB                                        |VNB                                        
A1                                         |A1                                         
A2                                         |A2                                         
B1                                         |B1                                         
X                                          |X                                          
VPWR                                       |VPWR                                       
VGND                                       |VGND                                       
---------------------------------------------------------------------------------------
Cell pin lists are equivalent.
Device classes sky130_fd_sc_hd__o21a_1 and sky130_fd_sc_hd__o21a_1 are equivalent.

Subcircuit summary:
Circuit 1: sky130_fd_sc_hd__maj3_1         |Circuit 2: sky130_fd_sc_hd__maj3_1         
-------------------------------------------|-------------------------------------------
pfet_01v8_hvt (7)                          |pfet_01v8_hvt (7)                          
nfet_01v8 (7)                              |nfet_01v8 (7)                              
Number of devices: 14                      |Number of devices: 14                      
Number of nets: 15                         |Number of nets: 15                         
---------------------------------------------------------------------------------------
Circuits match uniquely.
Netlists match uniquely.

Subcircuit pins:
Circuit 1: sky130_fd_sc_hd__maj3_1         |Circuit 2: sky130_fd_sc_hd__maj3_1         
-------------------------------------------|-------------------------------------------
VNB                                        |VNB                                        
VPB                                        |VPB                                        
VGND                                       |VGND                                       
B                                          |B                                          
A                                          |A                                          
C                                          |C                                          
VPWR                                       |VPWR                                       
X                                          |X                                          
---------------------------------------------------------------------------------------
Cell pin lists are equivalent.
Device classes sky130_fd_sc_hd__maj3_1 and sky130_fd_sc_hd__maj3_1 are equivalent.

Subcircuit summary:
Circuit 1: sky130_fd_sc_hd__clkbuf_8       |Circuit 2: sky130_fd_sc_hd__clkbuf_8       
-------------------------------------------|-------------------------------------------
pfet_01v8_hvt (2)                          |pfet_01v8_hvt (2)                          
nfet_01v8 (2)                              |nfet_01v8 (2)                              
Number of devices: 4                       |Number of devices: 4                       
Number of nets: 7                          |Number of nets: 7                          
---------------------------------------------------------------------------------------
Circuits match uniquely.
Netlists match uniquely.

Subcircuit pins:
Circuit 1: sky130_fd_sc_hd__clkbuf_8       |Circuit 2: sky130_fd_sc_hd__clkbuf_8       
-------------------------------------------|-------------------------------------------
A                                          |A                                          
VGND                                       |VGND                                       
VNB                                        |VNB                                        
VPWR                                       |VPWR                                       
VPB                                        |VPB                                        
(no matching pin)                          |X                                          
---------------------------------------------------------------------------------------
Cell pin lists for sky130_fd_sc_hd__clkbuf_8 and sky130_fd_sc_hd__clkbuf_8 altered to match.

Subcircuit summary:
Circuit 1: sky130_fd_sc_hd__clkbuf_1       |Circuit 2: sky130_fd_sc_hd__clkbuf_1       
-------------------------------------------|-------------------------------------------
pfet_01v8_hvt (2)                          |pfet_01v8_hvt (2)                          
nfet_01v8 (2)                              |nfet_01v8 (2)                              
Number of devices: 4                       |Number of devices: 4                       
Number of nets: 7                          |Number of nets: 7                          
---------------------------------------------------------------------------------------
Circuits match uniquely.
Netlists match uniquely.

Subcircuit pins:
Circuit 1: sky130_fd_sc_hd__clkbuf_1       |Circuit 2: sky130_fd_sc_hd__clkbuf_1       
-------------------------------------------|-------------------------------------------
A                                          |A                                          
VGND                                       |VGND                                       
VNB                                        |VNB                                        
VPWR                                       |VPWR                                       
VPB                                        |VPB                                        
(no matching pin)                          |X                                          
---------------------------------------------------------------------------------------
Cell pin lists for sky130_fd_sc_hd__clkbuf_1 and sky130_fd_sc_hd__clkbuf_1 altered to match.

Subcircuit summary:
Circuit 1: sky130_fd_sc_hd__o31ai_1        |Circuit 2: sky130_fd_sc_hd__o31ai_1        
-------------------------------------------|-------------------------------------------
pfet_01v8_hvt (4)                          |pfet_01v8_hvt (4)                          
nfet_01v8 (4)                              |nfet_01v8 (4)                              
Number of devices: 8                       |Number of devices: 8                       
Number of nets: 12                         |Number of nets: 12                         
---------------------------------------------------------------------------------------
Circuits match uniquely.
Netlists match uniquely.

Subcircuit pins:
Circuit 1: sky130_fd_sc_hd__o31ai_1        |Circuit 2: sky130_fd_sc_hd__o31ai_1        
-------------------------------------------|-------------------------------------------
Y                                          |Y                                          
VGND                                       |VGND                                       
VPB                                        |VPB                                        
VNB                                        |VNB                                        
A2                                         |A2                                         
A1                                         |A1                                         
VPWR                                       |VPWR                                       
B1                                         |B1                                         
A3                                         |A3                                         
---------------------------------------------------------------------------------------
Cell pin lists are equivalent.
Device classes sky130_fd_sc_hd__o31ai_1 and sky130_fd_sc_hd__o31ai_1 are equivalent.

Subcircuit summary:
Circuit 1: sky130_fd_sc_hd__a22oi_1        |Circuit 2: sky130_fd_sc_hd__a22oi_1        
-------------------------------------------|-------------------------------------------
pfet_01v8_hvt (4)                          |pfet_01v8_hvt (4)                          
nfet_01v8 (4)                              |nfet_01v8 (4)                              
Number of devices: 8                       |Number of devices: 8                       
Number of nets: 12                         |Number of nets: 12                         
---------------------------------------------------------------------------------------
Circuits match uniquely.
Netlists match uniquely.

Subcircuit pins:
Circuit 1: sky130_fd_sc_hd__a22oi_1        |Circuit 2: sky130_fd_sc_hd__a22oi_1        
-------------------------------------------|-------------------------------------------
A1                                         |A1                                         
VPWR                                       |VPWR                                       
A2                                         |A2                                         
B1                                         |B1                                         
B2                                         |B2                                         
VGND                                       |VGND                                       
VPB                                        |VPB                                        
Y                                          |Y                                          
VNB                                        |VNB                                        
---------------------------------------------------------------------------------------
Cell pin lists are equivalent.
Device classes sky130_fd_sc_hd__a22oi_1 and sky130_fd_sc_hd__a22oi_1 are equivalent.

Subcircuit summary:
Circuit 1: sky130_fd_sc_hd__mux4_2         |Circuit 2: sky130_fd_sc_hd__mux4_2         
-------------------------------------------|-------------------------------------------
pfet_01v8_hvt (13)                         |pfet_01v8_hvt (13)                         
nfet_01v8 (13)                             |nfet_01v8 (13)                             
Number of devices: 26                      |Number of devices: 26                      
Number of nets: 24                         |Number of nets: 24                         
---------------------------------------------------------------------------------------
Circuits match uniquely.
Netlists match uniquely.

Subcircuit pins:
Circuit 1: sky130_fd_sc_hd__mux4_2         |Circuit 2: sky130_fd_sc_hd__mux4_2         
-------------------------------------------|-------------------------------------------
S1                                         |S1                                         
S0                                         |S0                                         
VNB                                        |VNB                                        
VPB                                        |VPB                                        
VGND                                       |VGND                                       
VPWR                                       |VPWR                                       
A2                                         |A2                                         
A0                                         |A0                                         
A3                                         |A3                                         
A1                                         |A1                                         
X                                          |X                                          
---------------------------------------------------------------------------------------
Cell pin lists are equivalent.
Device classes sky130_fd_sc_hd__mux4_2 and sky130_fd_sc_hd__mux4_2 are equivalent.

Subcircuit summary:
Circuit 1: sky130_fd_sc_hd__o22ai_1        |Circuit 2: sky130_fd_sc_hd__o22ai_1        
-------------------------------------------|-------------------------------------------
pfet_01v8_hvt (4)                          |pfet_01v8_hvt (4)                          
nfet_01v8 (4)                              |nfet_01v8 (4)                              
Number of devices: 8                       |Number of devices: 8                       
Number of nets: 12                         |Number of nets: 12                         
---------------------------------------------------------------------------------------
Circuits match uniquely.
Netlists match uniquely.

Subcircuit pins:
Circuit 1: sky130_fd_sc_hd__o22ai_1        |Circuit 2: sky130_fd_sc_hd__o22ai_1        
-------------------------------------------|-------------------------------------------
VPB                                        |VPB                                        
Y                                          |Y                                          
VNB                                        |VNB                                        
VPWR                                       |VPWR                                       
A1                                         |A1                                         
A2                                         |A2                                         
B1                                         |B1                                         
B2                                         |B2                                         
VGND                                       |VGND                                       
---------------------------------------------------------------------------------------
Cell pin lists are equivalent.
Device classes sky130_fd_sc_hd__o22ai_1 and sky130_fd_sc_hd__o22ai_1 are equivalent.

Subcircuit summary:
Circuit 1: sky130_fd_sc_hd__o221ai_1       |Circuit 2: sky130_fd_sc_hd__o221ai_1       
-------------------------------------------|-------------------------------------------
pfet_01v8_hvt (5)                          |pfet_01v8_hvt (5)                          
nfet_01v8 (5)                              |nfet_01v8 (5)                              
Number of devices: 10                      |Number of devices: 10                      
Number of nets: 14                         |Number of nets: 14                         
---------------------------------------------------------------------------------------
Circuits match uniquely.
Netlists match uniquely.

Subcircuit pins:
Circuit 1: sky130_fd_sc_hd__o221ai_1       |Circuit 2: sky130_fd_sc_hd__o221ai_1       
-------------------------------------------|-------------------------------------------
VPB                                        |VPB                                        
VNB                                        |VNB                                        
Y                                          |Y                                          
A1                                         |A1                                         
A2                                         |A2                                         
B1                                         |B1                                         
B2                                         |B2                                         
C1                                         |C1                                         
VGND                                       |VGND                                       
VPWR                                       |VPWR                                       
---------------------------------------------------------------------------------------
Cell pin lists are equivalent.
Device classes sky130_fd_sc_hd__o221ai_1 and sky130_fd_sc_hd__o221ai_1 are equivalent.

Subcircuit summary:
Circuit 1: sky130_fd_sc_hd__bufinv_16      |Circuit 2: sky130_fd_sc_hd__bufinv_16      
-------------------------------------------|-------------------------------------------
pfet_01v8_hvt (3)                          |pfet_01v8_hvt (3)                          
nfet_01v8 (3)                              |nfet_01v8 (3)                              
Number of devices: 6                       |Number of devices: 6                       
Number of nets: 8                          |Number of nets: 8                          
---------------------------------------------------------------------------------------
Circuits match uniquely.
Netlists match uniquely.

Subcircuit pins:
Circuit 1: sky130_fd_sc_hd__bufinv_16      |Circuit 2: sky130_fd_sc_hd__bufinv_16      
-------------------------------------------|-------------------------------------------
A                                          |A                                          
VGND                                       |VGND                                       
VNB                                        |VNB                                        
VPWR                                       |VPWR                                       
VPB                                        |VPB                                        
(no matching pin)                          |Y                                          
---------------------------------------------------------------------------------------
Cell pin lists for sky130_fd_sc_hd__bufinv_16 and sky130_fd_sc_hd__bufinv_16 altered to match.

Subcircuit summary:
Circuit 1: sky130_fd_sc_hd__nand2_2        |Circuit 2: sky130_fd_sc_hd__nand2_2        
-------------------------------------------|-------------------------------------------
pfet_01v8_hvt (2)                          |pfet_01v8_hvt (2)                          
nfet_01v8 (2)                              |nfet_01v8 (2)                              
Number of devices: 4                       |Number of devices: 4                       
Number of nets: 8                          |Number of nets: 8                          
---------------------------------------------------------------------------------------
Circuits match uniquely.
Netlists match uniquely.

Subcircuit pins:
Circuit 1: sky130_fd_sc_hd__nand2_2        |Circuit 2: sky130_fd_sc_hd__nand2_2        
-------------------------------------------|-------------------------------------------
VGND                                       |VGND                                       
A                                          |A                                          
VPWR                                       |VPWR                                       
VPB                                        |VPB                                        
B                                          |B                                          
VNB                                        |VNB                                        
Y                                          |Y                                          
---------------------------------------------------------------------------------------
Cell pin lists are equivalent.
Device classes sky130_fd_sc_hd__nand2_2 and sky130_fd_sc_hd__nand2_2 are equivalent.

Subcircuit summary:
Circuit 1: sky130_fd_sc_hd__xor2_4         |Circuit 2: sky130_fd_sc_hd__xor2_4         
-------------------------------------------|-------------------------------------------
pfet_01v8_hvt (5)                          |pfet_01v8_hvt (5)                          
nfet_01v8 (5)                              |nfet_01v8 (5)                              
Number of devices: 10                      |Number of devices: 10                      
Number of nets: 11                         |Number of nets: 11                         
---------------------------------------------------------------------------------------
Circuits match uniquely.
Netlists match uniquely.

Subcircuit pins:
Circuit 1: sky130_fd_sc_hd__xor2_4         |Circuit 2: sky130_fd_sc_hd__xor2_4         
-------------------------------------------|-------------------------------------------
A                                          |A                                          
VGND                                       |VGND                                       
B                                          |B                                          
VNB                                        |VNB                                        
VPB                                        |VPB                                        
X                                          |X                                          
VPWR                                       |VPWR                                       
---------------------------------------------------------------------------------------
Cell pin lists are equivalent.
Device classes sky130_fd_sc_hd__xor2_4 and sky130_fd_sc_hd__xor2_4 are equivalent.

Subcircuit summary:
Circuit 1: sky130_fd_sc_hd__inv_2          |Circuit 2: sky130_fd_sc_hd__inv_2          
-------------------------------------------|-------------------------------------------
pfet_01v8_hvt (1)                          |pfet_01v8_hvt (1)                          
nfet_01v8 (1)                              |nfet_01v8 (1)                              
Number of devices: 2                       |Number of devices: 2                       
Number of nets: 6                          |Number of nets: 6                          
---------------------------------------------------------------------------------------
Circuits match uniquely.
Netlists match uniquely.

Subcircuit pins:
Circuit 1: sky130_fd_sc_hd__inv_2          |Circuit 2: sky130_fd_sc_hd__inv_2          
-------------------------------------------|-------------------------------------------
VGND                                       |VGND                                       
VNB                                        |VNB                                        
VPWR                                       |VPWR                                       
VPB                                        |VPB                                        
Y                                          |Y                                          
A                                          |A                                          
---------------------------------------------------------------------------------------
Cell pin lists are equivalent.
Device classes sky130_fd_sc_hd__inv_2 and sky130_fd_sc_hd__inv_2 are equivalent.

Subcircuit summary:
Circuit 1: sky130_fd_sc_hd__xnor2_2        |Circuit 2: sky130_fd_sc_hd__xnor2_2        
-------------------------------------------|-------------------------------------------
pfet_01v8_hvt (5)                          |pfet_01v8_hvt (5)                          
nfet_01v8 (5)                              |nfet_01v8 (5)                              
Number of devices: 10                      |Number of devices: 10                      
Number of nets: 11                         |Number of nets: 11                         
---------------------------------------------------------------------------------------
Circuits match uniquely.
Netlists match uniquely.

Subcircuit pins:
Circuit 1: sky130_fd_sc_hd__xnor2_2        |Circuit 2: sky130_fd_sc_hd__xnor2_2        
-------------------------------------------|-------------------------------------------
A                                          |A                                          
B                                          |B                                          
VPWR                                       |VPWR                                       
VNB                                        |VNB                                        
VPB                                        |VPB                                        
VGND                                       |VGND                                       
Y                                          |Y                                          
---------------------------------------------------------------------------------------
Cell pin lists are equivalent.
Device classes sky130_fd_sc_hd__xnor2_2 and sky130_fd_sc_hd__xnor2_2 are equivalent.

Subcircuit summary:
Circuit 1: sky130_fd_sc_hd__buf_16         |Circuit 2: sky130_fd_sc_hd__buf_16         
-------------------------------------------|-------------------------------------------
pfet_01v8_hvt (2)                          |pfet_01v8_hvt (2)                          
nfet_01v8 (2)                              |nfet_01v8 (2)                              
Number of devices: 4                       |Number of devices: 4                       
Number of nets: 7                          |Number of nets: 7                          
---------------------------------------------------------------------------------------
Circuits match uniquely.
Netlists match uniquely.

Subcircuit pins:
Circuit 1: sky130_fd_sc_hd__buf_16         |Circuit 2: sky130_fd_sc_hd__buf_16         
-------------------------------------------|-------------------------------------------
A                                          |A                                          
VGND                                       |VGND                                       
VNB                                        |VNB                                        
X                                          |X                                          
VPWR                                       |VPWR                                       
VPB                                        |VPB                                        
---------------------------------------------------------------------------------------
Cell pin lists are equivalent.
Device classes sky130_fd_sc_hd__buf_16 and sky130_fd_sc_hd__buf_16 are equivalent.

Subcircuit summary:
Circuit 1: sky130_fd_sc_hd__ha_2           |Circuit 2: sky130_fd_sc_hd__ha_2           
-------------------------------------------|-------------------------------------------
pfet_01v8_hvt (7)                          |pfet_01v8_hvt (7)                          
nfet_01v8 (7)                              |nfet_01v8 (7)                              
Number of devices: 14                      |Number of devices: 14                      
Number of nets: 13                         |Number of nets: 13                         
---------------------------------------------------------------------------------------
Circuits match uniquely.
Netlists match uniquely.

Subcircuit pins:
Circuit 1: sky130_fd_sc_hd__ha_2           |Circuit 2: sky130_fd_sc_hd__ha_2           
-------------------------------------------|-------------------------------------------
A                                          |A                                          
B                                          |B                                          
VNB                                        |VNB                                        
VPB                                        |VPB                                        
VPWR                                       |VPWR                                       
VGND                                       |VGND                                       
COUT                                       |COUT                                       
SUM                                        |SUM                                        
---------------------------------------------------------------------------------------
Cell pin lists are equivalent.
Device classes sky130_fd_sc_hd__ha_2 and sky130_fd_sc_hd__ha_2 are equivalent.

Subcircuit summary:
Circuit 1: sky130_fd_sc_hd__dfrtp_4        |Circuit 2: sky130_fd_sc_hd__dfrtp_4        
-------------------------------------------|-------------------------------------------
pfet_01v8_hvt (14)                         |pfet_01v8_hvt (14)                         
nfet_01v8 (14)                             |nfet_01v8 (14)                             
Number of devices: 28                      |Number of devices: 28                      
Number of nets: 21                         |Number of nets: 21                         
---------------------------------------------------------------------------------------
Circuits match uniquely.
Netlists match uniquely.

Subcircuit pins:
Circuit 1: sky130_fd_sc_hd__dfrtp_4        |Circuit 2: sky130_fd_sc_hd__dfrtp_4        
-------------------------------------------|-------------------------------------------
RESET_B                                    |RESET_B                                    
VGND                                       |VGND                                       
VNB                                        |VNB                                        
VPB                                        |VPB                                        
VPWR                                       |VPWR                                       
Q                                          |Q                                          
CLK                                        |CLK                                        
D                                          |D                                          
---------------------------------------------------------------------------------------
Cell pin lists are equivalent.
Device classes sky130_fd_sc_hd__dfrtp_4 and sky130_fd_sc_hd__dfrtp_4 are equivalent.

Subcircuit summary:
Circuit 1: sky130_fd_sc_hd__a31oi_1        |Circuit 2: sky130_fd_sc_hd__a31oi_1        
-------------------------------------------|-------------------------------------------
pfet_01v8_hvt (4)                          |pfet_01v8_hvt (4)                          
nfet_01v8 (4)                              |nfet_01v8 (4)                              
Number of devices: 8                       |Number of devices: 8                       
Number of nets: 12                         |Number of nets: 12                         
---------------------------------------------------------------------------------------
Circuits match uniquely.
Netlists match uniquely.

Subcircuit pins:
Circuit 1: sky130_fd_sc_hd__a31oi_1        |Circuit 2: sky130_fd_sc_hd__a31oi_1        
-------------------------------------------|-------------------------------------------
VPWR                                       |VPWR                                       
Y                                          |Y                                          
A2                                         |A2                                         
A3                                         |A3                                         
B1                                         |B1                                         
A1                                         |A1                                         
VGND                                       |VGND                                       
VPB                                        |VPB                                        
VNB                                        |VNB                                        
---------------------------------------------------------------------------------------
Cell pin lists are equivalent.
Device classes sky130_fd_sc_hd__a31oi_1 and sky130_fd_sc_hd__a31oi_1 are equivalent.

Subcircuit summary:
Circuit 1: sky130_fd_sc_hd__o211ai_1       |Circuit 2: sky130_fd_sc_hd__o211ai_1       
-------------------------------------------|-------------------------------------------
pfet_01v8_hvt (4)                          |pfet_01v8_hvt (4)                          
nfet_01v8 (4)                              |nfet_01v8 (4)                              
Number of devices: 8                       |Number of devices: 8                       
Number of nets: 12                         |Number of nets: 12                         
---------------------------------------------------------------------------------------
Circuits match uniquely.
Netlists match uniquely.

Subcircuit pins:
Circuit 1: sky130_fd_sc_hd__o211ai_1       |Circuit 2: sky130_fd_sc_hd__o211ai_1       
-------------------------------------------|-------------------------------------------
VPB                                        |VPB                                        
Y                                          |Y                                          
VNB                                        |VNB                                        
VPWR                                       |VPWR                                       
A1                                         |A1                                         
A2                                         |A2                                         
B1                                         |B1                                         
C1                                         |C1                                         
VGND                                       |VGND                                       
---------------------------------------------------------------------------------------
Cell pin lists are equivalent.
Device classes sky130_fd_sc_hd__o211ai_1 and sky130_fd_sc_hd__o211ai_1 are equivalent.

Subcircuit summary:
Circuit 1: sky130_fd_sc_hd__a221oi_1       |Circuit 2: sky130_fd_sc_hd__a221oi_1       
-------------------------------------------|-------------------------------------------
pfet_01v8_hvt (5)                          |pfet_01v8_hvt (5)                          
nfet_01v8 (5)                              |nfet_01v8 (5)                              
Number of devices: 10                      |Number of devices: 10                      
Number of nets: 14                         |Number of nets: 14                         
---------------------------------------------------------------------------------------
Circuits match uniquely.
Netlists match uniquely.

Subcircuit pins:
Circuit 1: sky130_fd_sc_hd__a221oi_1       |Circuit 2: sky130_fd_sc_hd__a221oi_1       
-------------------------------------------|-------------------------------------------
VGND                                       |VGND                                       
VPB                                        |VPB                                        
VNB                                        |VNB                                        
A1                                         |A1                                         
VPWR                                       |VPWR                                       
A2                                         |A2                                         
B1                                         |B1                                         
B2                                         |B2                                         
C1                                         |C1                                         
Y                                          |Y                                          
---------------------------------------------------------------------------------------
Cell pin lists are equivalent.
Device classes sky130_fd_sc_hd__a221oi_1 and sky130_fd_sc_hd__a221oi_1 are equivalent.

Subcircuit summary:
Circuit 1: sky130_fd_sc_hd__a211oi_1       |Circuit 2: sky130_fd_sc_hd__a211oi_1       
-------------------------------------------|-------------------------------------------
pfet_01v8_hvt (4)                          |pfet_01v8_hvt (4)                          
nfet_01v8 (4)                              |nfet_01v8 (4)                              
Number of devices: 8                       |Number of devices: 8                       
Number of nets: 12                         |Number of nets: 12                         
---------------------------------------------------------------------------------------
Circuits match uniquely.
Netlists match uniquely.

Subcircuit pins:
Circuit 1: sky130_fd_sc_hd__a211oi_1       |Circuit 2: sky130_fd_sc_hd__a211oi_1       
-------------------------------------------|-------------------------------------------
VPB                                        |VPB                                        
Y                                          |Y                                          
VNB                                        |VNB                                        
VGND                                       |VGND                                       
A1                                         |A1                                         
VPWR                                       |VPWR                                       
A2                                         |A2                                         
B1                                         |B1                                         
C1                                         |C1                                         
---------------------------------------------------------------------------------------
Cell pin lists are equivalent.
Device classes sky130_fd_sc_hd__a211oi_1 and sky130_fd_sc_hd__a211oi_1 are equivalent.

Subcircuit summary:
Circuit 1: sky130_fd_sc_hd__and2_1         |Circuit 2: sky130_fd_sc_hd__and2_1         
-------------------------------------------|-------------------------------------------
pfet_01v8_hvt (3)                          |pfet_01v8_hvt (3)                          
nfet_01v8 (3)                              |nfet_01v8 (3)                              
Number of devices: 6                       |Number of devices: 6                       
Number of nets: 9                          |Number of nets: 9                          
---------------------------------------------------------------------------------------
Circuits match uniquely.
Netlists match uniquely.

Subcircuit pins:
Circuit 1: sky130_fd_sc_hd__and2_1         |Circuit 2: sky130_fd_sc_hd__and2_1         
-------------------------------------------|-------------------------------------------
VPWR                                       |VPWR                                       
VPB                                        |VPB                                        
VNB                                        |VNB                                        
A                                          |A                                          
B                                          |B                                          
X                                          |X                                          
VGND                                       |VGND                                       
---------------------------------------------------------------------------------------
Cell pin lists are equivalent.
Device classes sky130_fd_sc_hd__and2_1 and sky130_fd_sc_hd__and2_1 are equivalent.

Subcircuit summary:
Circuit 1: sky130_fd_sc_hd__nand2b_4       |Circuit 2: sky130_fd_sc_hd__nand2b_4       
-------------------------------------------|-------------------------------------------
pfet_01v8_hvt (3)                          |pfet_01v8_hvt (3)                          
nfet_01v8 (3)                              |nfet_01v8 (3)                              
Number of devices: 6                       |Number of devices: 6                       
Number of nets: 9                          |Number of nets: 9                          
---------------------------------------------------------------------------------------
Circuits match uniquely.
Netlists match uniquely.

Subcircuit pins:
Circuit 1: sky130_fd_sc_hd__nand2b_4       |Circuit 2: sky130_fd_sc_hd__nand2b_4       
-------------------------------------------|-------------------------------------------
B                                          |B                                          
A_N                                        |A_N                                        
VGND                                       |VGND                                       
Y                                          |Y                                          
VPWR                                       |VPWR                                       
VPB                                        |VPB                                        
VNB                                        |VNB                                        
---------------------------------------------------------------------------------------
Cell pin lists are equivalent.
Device classes sky130_fd_sc_hd__nand2b_4 and sky130_fd_sc_hd__nand2b_4 are equivalent.

Subcircuit summary:
Circuit 1: sky130_fd_sc_hd__nor2b_2        |Circuit 2: sky130_fd_sc_hd__nor2b_2        
-------------------------------------------|-------------------------------------------
pfet_01v8_hvt (3)                          |pfet_01v8_hvt (3)                          
nfet_01v8 (3)                              |nfet_01v8 (3)                              
Number of devices: 6                       |Number of devices: 6                       
Number of nets: 9                          |Number of nets: 9                          
---------------------------------------------------------------------------------------
Circuits match uniquely.
Netlists match uniquely.

Subcircuit pins:
Circuit 1: sky130_fd_sc_hd__nor2b_2        |Circuit 2: sky130_fd_sc_hd__nor2b_2        
-------------------------------------------|-------------------------------------------
VPB                                        |VPB                                        
Y                                          |Y                                          
VGND                                       |VGND                                       
VNB                                        |VNB                                        
VPWR                                       |VPWR                                       
A                                          |A                                          
B_N                                        |B_N                                        
---------------------------------------------------------------------------------------
Cell pin lists are equivalent.
Device classes sky130_fd_sc_hd__nor2b_2 and sky130_fd_sc_hd__nor2b_2 are equivalent.

Subcircuit summary:
Circuit 1: sky130_fd_sc_hd__clkbuf_4       |Circuit 2: sky130_fd_sc_hd__clkbuf_4       
-------------------------------------------|-------------------------------------------
pfet_01v8_hvt (2)                          |pfet_01v8_hvt (2)                          
nfet_01v8 (2)                              |nfet_01v8 (2)                              
Number of devices: 4                       |Number of devices: 4                       
Number of nets: 7                          |Number of nets: 7                          
---------------------------------------------------------------------------------------
Circuits match uniquely.
Netlists match uniquely.

Subcircuit pins:
Circuit 1: sky130_fd_sc_hd__clkbuf_4       |Circuit 2: sky130_fd_sc_hd__clkbuf_4       
-------------------------------------------|-------------------------------------------
A                                          |A                                          
VGND                                       |VGND                                       
VNB                                        |VNB                                        
X                                          |X                                          
VPWR                                       |VPWR                                       
VPB                                        |VPB                                        
---------------------------------------------------------------------------------------
Cell pin lists are equivalent.
Device classes sky130_fd_sc_hd__clkbuf_4 and sky130_fd_sc_hd__clkbuf_4 are equivalent.

Subcircuit summary:
Circuit 1: sky130_fd_sc_hd__nand4_1        |Circuit 2: sky130_fd_sc_hd__nand4_1        
-------------------------------------------|-------------------------------------------
pfet_01v8_hvt (4)                          |pfet_01v8_hvt (4)                          
nfet_01v8 (4)                              |nfet_01v8 (4)                              
Number of devices: 8                       |Number of devices: 8                       
Number of nets: 12                         |Number of nets: 12                         
---------------------------------------------------------------------------------------
Circuits match uniquely.
Netlists match uniquely.

Subcircuit pins:
Circuit 1: sky130_fd_sc_hd__nand4_1        |Circuit 2: sky130_fd_sc_hd__nand4_1        
-------------------------------------------|-------------------------------------------
VGND                                       |VGND                                       
VPWR                                       |VPWR                                       
VPB                                        |VPB                                        
VNB                                        |VNB                                        
A                                          |A                                          
D                                          |D                                          
B                                          |B                                          
C                                          |C                                          
Y                                          |Y                                          
---------------------------------------------------------------------------------------
Cell pin lists are equivalent.
Device classes sky130_fd_sc_hd__nand4_1 and sky130_fd_sc_hd__nand4_1 are equivalent.

Subcircuit summary:
Circuit 1: sky130_fd_sc_hd__o32ai_1        |Circuit 2: sky130_fd_sc_hd__o32ai_1        
-------------------------------------------|-------------------------------------------
pfet_01v8_hvt (5)                          |pfet_01v8_hvt (5)                          
nfet_01v8 (5)                              |nfet_01v8 (5)                              
Number of devices: 10                      |Number of devices: 10                      
Number of nets: 14                         |Number of nets: 14                         
---------------------------------------------------------------------------------------
Circuits match uniquely.
Netlists match uniquely.

Subcircuit pins:
Circuit 1: sky130_fd_sc_hd__o32ai_1        |Circuit 2: sky130_fd_sc_hd__o32ai_1        
-------------------------------------------|-------------------------------------------
VGND                                       |VGND                                       
Y                                          |Y                                          
VPB                                        |VPB                                        
VNB                                        |VNB                                        
VPWR                                       |VPWR                                       
A1                                         |A1                                         
A2                                         |A2                                         
A3                                         |A3                                         
B1                                         |B1                                         
B2                                         |B2                                         
---------------------------------------------------------------------------------------
Cell pin lists are equivalent.
Device classes sky130_fd_sc_hd__o32ai_1 and sky130_fd_sc_hd__o32ai_1 are equivalent.

Subcircuit summary:
Circuit 1: sky130_fd_sc_hd__and4_1         |Circuit 2: sky130_fd_sc_hd__and4_1         
-------------------------------------------|-------------------------------------------
pfet_01v8_hvt (5)                          |pfet_01v8_hvt (5)                          
nfet_01v8 (5)                              |nfet_01v8 (5)                              
Number of devices: 10                      |Number of devices: 10                      
Number of nets: 13                         |Number of nets: 13                         
---------------------------------------------------------------------------------------
Circuits match uniquely.
Netlists match uniquely.

Subcircuit pins:
Circuit 1: sky130_fd_sc_hd__and4_1         |Circuit 2: sky130_fd_sc_hd__and4_1         
-------------------------------------------|-------------------------------------------
VPWR                                       |VPWR                                       
VPB                                        |VPB                                        
VNB                                        |VNB                                        
A                                          |A                                          
D                                          |D                                          
C                                          |C                                          
B                                          |B                                          
X                                          |X                                          
VGND                                       |VGND                                       
---------------------------------------------------------------------------------------
Cell pin lists are equivalent.
Device classes sky130_fd_sc_hd__and4_1 and sky130_fd_sc_hd__and4_1 are equivalent.

Subcircuit summary:
Circuit 1: sky130_fd_sc_hd__and3_1         |Circuit 2: sky130_fd_sc_hd__and3_1         
-------------------------------------------|-------------------------------------------
pfet_01v8_hvt (4)                          |pfet_01v8_hvt (4)                          
nfet_01v8 (4)                              |nfet_01v8 (4)                              
Number of devices: 8                       |Number of devices: 8                       
Number of nets: 11                         |Number of nets: 11                         
---------------------------------------------------------------------------------------
Circuits match uniquely.
Netlists match uniquely.

Subcircuit pins:
Circuit 1: sky130_fd_sc_hd__and3_1         |Circuit 2: sky130_fd_sc_hd__and3_1         
-------------------------------------------|-------------------------------------------
A                                          |A                                          
C                                          |C                                          
B                                          |B                                          
X                                          |X                                          
VGND                                       |VGND                                       
VPWR                                       |VPWR                                       
VPB                                        |VPB                                        
VNB                                        |VNB                                        
---------------------------------------------------------------------------------------
Cell pin lists are equivalent.
Device classes sky130_fd_sc_hd__and3_1 and sky130_fd_sc_hd__and3_1 are equivalent.

Subcircuit summary:
Circuit 1: sky130_fd_sc_hd__o21bai_1       |Circuit 2: sky130_fd_sc_hd__o21bai_1       
-------------------------------------------|-------------------------------------------
pfet_01v8_hvt (4)                          |pfet_01v8_hvt (4)                          
nfet_01v8 (4)                              |nfet_01v8 (4)                              
Number of devices: 8                       |Number of devices: 8                       
Number of nets: 11                         |Number of nets: 11                         
---------------------------------------------------------------------------------------
Circuits match uniquely.
Netlists match uniquely.

Subcircuit pins:
Circuit 1: sky130_fd_sc_hd__o21bai_1       |Circuit 2: sky130_fd_sc_hd__o21bai_1       
-------------------------------------------|-------------------------------------------
VPWR                                       |VPWR                                       
Y                                          |Y                                          
VGND                                       |VGND                                       
A1                                         |A1                                         
A2                                         |A2                                         
B1_N                                       |B1_N                                       
VPB                                        |VPB                                        
VNB                                        |VNB                                        
---------------------------------------------------------------------------------------
Cell pin lists are equivalent.
Device classes sky130_fd_sc_hd__o21bai_1 and sky130_fd_sc_hd__o21bai_1 are equivalent.

Subcircuit summary:
Circuit 1: sky130_fd_sc_hd__or2_2          |Circuit 2: sky130_fd_sc_hd__or2_2          
-------------------------------------------|-------------------------------------------
pfet_01v8_hvt (3)                          |pfet_01v8_hvt (3)                          
nfet_01v8 (3)                              |nfet_01v8 (3)                              
Number of devices: 6                       |Number of devices: 6                       
Number of nets: 9                          |Number of nets: 9                          
---------------------------------------------------------------------------------------
Circuits match uniquely.
Netlists match uniquely.

Subcircuit pins:
Circuit 1: sky130_fd_sc_hd__or2_2          |Circuit 2: sky130_fd_sc_hd__or2_2          
-------------------------------------------|-------------------------------------------
VPB                                        |VPB                                        
VGND                                       |VGND                                       
VNB                                        |VNB                                        
VPWR                                       |VPWR                                       
A                                          |A                                          
B                                          |B                                          
X                                          |X                                          
---------------------------------------------------------------------------------------
Cell pin lists are equivalent.
Device classes sky130_fd_sc_hd__or2_2 and sky130_fd_sc_hd__or2_2 are equivalent.

Subcircuit summary:
Circuit 1: sky130_fd_sc_hd__a311o_1        |Circuit 2: sky130_fd_sc_hd__a311o_1        
-------------------------------------------|-------------------------------------------
pfet_01v8_hvt (6)                          |pfet_01v8_hvt (6)                          
nfet_01v8 (6)                              |nfet_01v8 (6)                              
Number of devices: 12                      |Number of devices: 12                      
Number of nets: 15                         |Number of nets: 15                         
---------------------------------------------------------------------------------------
Circuits match uniquely.
Netlists match uniquely.

Subcircuit pins:
Circuit 1: sky130_fd_sc_hd__a311o_1        |Circuit 2: sky130_fd_sc_hd__a311o_1        
-------------------------------------------|-------------------------------------------
A1                                         |A1                                         
A2                                         |A2                                         
A3                                         |A3                                         
B1                                         |B1                                         
C1                                         |C1                                         
X                                          |X                                          
VPB                                        |VPB                                        
VNB                                        |VNB                                        
VPWR                                       |VPWR                                       
VGND                                       |VGND                                       
---------------------------------------------------------------------------------------
Cell pin lists are equivalent.
Device classes sky130_fd_sc_hd__a311o_1 and sky130_fd_sc_hd__a311o_1 are equivalent.

Subcircuit summary:
Circuit 1: sky130_fd_sc_hd__a21o_1         |Circuit 2: sky130_fd_sc_hd__a21o_1         
-------------------------------------------|-------------------------------------------
pfet_01v8_hvt (4)                          |pfet_01v8_hvt (4)                          
nfet_01v8 (4)                              |nfet_01v8 (4)                              
Number of devices: 8                       |Number of devices: 8                       
Number of nets: 11                         |Number of nets: 11                         
---------------------------------------------------------------------------------------
Circuits match uniquely.
Netlists match uniquely.

Subcircuit pins:
Circuit 1: sky130_fd_sc_hd__a21o_1         |Circuit 2: sky130_fd_sc_hd__a21o_1         
-------------------------------------------|-------------------------------------------
VPB                                        |VPB                                        
VNB                                        |VNB                                        
A1                                         |A1                                         
A2                                         |A2                                         
B1                                         |B1                                         
X                                          |X                                          
VPWR                                       |VPWR                                       
VGND                                       |VGND                                       
---------------------------------------------------------------------------------------
Cell pin lists are equivalent.
Device classes sky130_fd_sc_hd__a21o_1 and sky130_fd_sc_hd__a21o_1 are equivalent.

Subcircuit summary:
Circuit 1: sky130_fd_sc_hd__nor3b_1        |Circuit 2: sky130_fd_sc_hd__nor3b_1        
-------------------------------------------|-------------------------------------------
pfet_01v8_hvt (4)                          |pfet_01v8_hvt (4)                          
nfet_01v8 (4)                              |nfet_01v8 (4)                              
Number of devices: 8                       |Number of devices: 8                       
Number of nets: 11                         |Number of nets: 11                         
---------------------------------------------------------------------------------------
Circuits match uniquely.
Netlists match uniquely.

Subcircuit pins:
Circuit 1: sky130_fd_sc_hd__nor3b_1        |Circuit 2: sky130_fd_sc_hd__nor3b_1        
-------------------------------------------|-------------------------------------------
VPWR                                       |VPWR                                       
A                                          |A                                          
B                                          |B                                          
C_N                                        |C_N                                        
VPB                                        |VPB                                        
Y                                          |Y                                          
VGND                                       |VGND                                       
VNB                                        |VNB                                        
---------------------------------------------------------------------------------------
Cell pin lists are equivalent.
Device classes sky130_fd_sc_hd__nor3b_1 and sky130_fd_sc_hd__nor3b_1 are equivalent.

Subcircuit summary:
Circuit 1: sky130_fd_sc_hd__a41oi_1        |Circuit 2: sky130_fd_sc_hd__a41oi_1        
-------------------------------------------|-------------------------------------------
pfet_01v8_hvt (5)                          |pfet_01v8_hvt (5)                          
nfet_01v8 (5)                              |nfet_01v8 (5)                              
Number of devices: 10                      |Number of devices: 10                      
Number of nets: 14                         |Number of nets: 14                         
---------------------------------------------------------------------------------------
Circuits match uniquely.
Netlists match uniquely.

Subcircuit pins:
Circuit 1: sky130_fd_sc_hd__a41oi_1        |Circuit 2: sky130_fd_sc_hd__a41oi_1        
-------------------------------------------|-------------------------------------------
VPWR                                       |VPWR                                       
Y                                          |Y                                          
A1                                         |A1                                         
A3                                         |A3                                         
A2                                         |A2                                         
A4                                         |A4                                         
B1                                         |B1                                         
VGND                                       |VGND                                       
VPB                                        |VPB                                        
VNB                                        |VNB                                        
---------------------------------------------------------------------------------------
Cell pin lists are equivalent.
Device classes sky130_fd_sc_hd__a41oi_1 and sky130_fd_sc_hd__a41oi_1 are equivalent.

Subcircuit summary:
Circuit 1: sky130_fd_sc_hd__ha_4           |Circuit 2: sky130_fd_sc_hd__ha_4           
-------------------------------------------|-------------------------------------------
pfet_01v8_hvt (9)                          |pfet_01v8_hvt (7) **Mismatch**             
nfet_01v8 (9)                              |nfet_01v8 (7) **Mismatch**                 
Number of devices: 18 **Mismatch**         |Number of devices: 14 **Mismatch**         
Number of nets: 15 **Mismatch**            |Number of nets: 13 **Mismatch**            
---------------------------------------------------------------------------------------
NET mismatches: Class fragments follow (with fanout counts):
Circuit 1: sky130_fd_sc_hd__ha_4           |Circuit 2: sky130_fd_sc_hd__ha_4           

---------------------------------------------------------------------------------------
Net: \$3                                   |Net: COUT                                  
  pfet_01v8_hvt/gate = 1                   |  nfet_01v8/(drain|source) = 1             
  pfet_01v8_hvt/(drain|source) = 3         |  pfet_01v8_hvt/(drain|source) = 1         
  nfet_01v8/gate = 1                       |                                           
  nfet_01v8/(drain|source) = 1             |                                           
                                           |                                           
Net: VGND                                  |Net: SUM                                   
  nfet_01v8/(drain|source) = 6             |  nfet_01v8/(drain|source) = 1             
                                           |  pfet_01v8_hvt/(drain|source) = 1         
                                           |                                           
Net: VPWR                                  |Net: sndNA                                 
  pfet_01v8_hvt/(drain|source) = 7         |  nfet_01v8/(drain|source) = 2             
                                           |                                           
Net: \$7                                   |Net: sndPA                                 
  pfet_01v8_hvt/gate = 2                   |  pfet_01v8_hvt/(drain|source) = 2         
  pfet_01v8_hvt/(drain|source) = 2         |                                           
  nfet_01v8/(drain|source) = 2             |                                           
  nfet_01v8/gate = 2                       |                                           
                                           |                                           
(no matching net)                          |Net: VPWR                                  
                                           |  pfet_01v8_hvt/(drain|source) = 6         
                                           |                                           
(no matching net)                          |Net: majb                                  
                                           |  nfet_01v8/gate = 2                       
                                           |  nfet_01v8/(drain|source) = 1             
                                           |  pfet_01v8_hvt/gate = 2                   
                                           |  pfet_01v8_hvt/(drain|source) = 2         
                                           |                                           
(no matching net)                          |Net: VNB                                   
                                           |  nfet_01v8/bulk = 7                       
                                           |                                           
(no matching net)                          |Net: VPB                                   
                                           |  pfet_01v8_hvt/bulk = 7                   
---------------------------------------------------------------------------------------

---------------------------------------------------------------------------------------
Net: B                                     |(no matching net)                          
  pfet_01v8_hvt/gate = 3                   |                                           
  nfet_01v8/gate = 3                       |                                           
                                           |                                           
Net: A                                     |(no matching net)                          
  pfet_01v8_hvt/gate = 3                   |                                           
  nfet_01v8/gate = 3                       |                                           
---------------------------------------------------------------------------------------

---------------------------------------------------------------------------------------
Net: \$10                                  |(no matching net)                          
  nfet_01v8/(drain|source) = 2             |                                           
                                           |                                           
Net: \$11                                  |(no matching net)                          
  nfet_01v8/(drain|source) = 2             |                                           
---------------------------------------------------------------------------------------

---------------------------------------------------------------------------------------
Net: \$14                                  |(no matching net)                          
  pfet_01v8_hvt/(drain|source) = 2         |                                           
                                           |                                           
Net: \$15                                  |(no matching net)                          
  pfet_01v8_hvt/(drain|source) = 2         |                                           
---------------------------------------------------------------------------------------

---------------------------------------------------------------------------------------
Net: COUT                                  |(no matching net)                          
  pfet_01v8_hvt/(drain|source) = 1         |                                           
  nfet_01v8/(drain|source) = 1             |                                           
                                           |                                           
Net: SUM                                   |(no matching net)                          
  pfet_01v8_hvt/(drain|source) = 1         |                                           
  nfet_01v8/(drain|source) = 1             |                                           
---------------------------------------------------------------------------------------

---------------------------------------------------------------------------------------
(no matching net)                          |Net: B                                     
                                           |  nfet_01v8/gate = 2                       
                                           |  pfet_01v8_hvt/gate = 2                   
                                           |                                           
(no matching net)                          |Net: A                                     
                                           |  nfet_01v8/gate = 2                       
                                           |  pfet_01v8_hvt/gate = 2                   
---------------------------------------------------------------------------------------

---------------------------------------------------------------------------------------
(no matching net)                          |Net: sumb                                  
                                           |  nfet_01v8/gate = 1                       
                                           |  nfet_01v8/(drain|source) = 1             
                                           |  pfet_01v8_hvt/gate = 1                   
                                           |  pfet_01v8_hvt/(drain|source) = 2         
                                           |                                           
(no matching net)                          |Net: VGND                                  
                                           |  nfet_01v8/(drain|source) = 5             
---------------------------------------------------------------------------------------

---------------------------------------------------------------------------------------
Net: VNB                                   |(no matching net)                          
  nfet_01v8/bulk = 9                       |                                           
                                           |                                           
Net: VPB                                   |(no matching net)                          
  pfet_01v8_hvt/bulk = 9                   |                                           
---------------------------------------------------------------------------------------
DEVICE mismatches: Class fragments follow (with node fanout counts):
Circuit 1: sky130_fd_sc_hd__ha_4           |Circuit 2: sky130_fd_sc_hd__ha_4           

---------------------------------------------------------------------------------------
Instance: pfet_01v8_hvt$5                  |Instance: pfet_01v8_hvtMIP2                
  (drain,source) = (7,6)                   |  (drain,source) = (6,2)                   
  gate = 8                                 |  gate = 7                                 
  bulk = 9                                 |  bulk = 7                                 
                                           |                                           
Instance: pfet_01v8_hvt$7                  |Instance: pfet_01v8_hvtMIP3                
  (drain,source) = (7,2)                   |  (drain,source) = (6,2)                   
  gate = 6                                 |  gate = 5                                 
  bulk = 9                                 |  bulk = 7                                 
                                           |                                           
Instance: pfet_01v8_hvt$8                  |Instance: pfet_01v8_hvtMPnand0             
  (drain,source) = (6,2)                   |  (drain,source) = (7,6)                   
  gate = 6                                 |  gate = 4                                 
  bulk = 9                                 |  bulk = 7                                 
                                           |                                           
Instance: pfet_01v8_hvt$9                  |Instance: pfet_01v8_hvtMPnand1             
  (drain,source) = (6,2)                   |  (drain,source) = (7,6)                   
  gate = 6                                 |  gate = 4                                 
  bulk = 9                                 |  bulk = 7                                 
                                           |                                           
Instance: pfet_01v8_hvt$10                 |Instance: pfet_01v8_hvtMPs20               
  (drain,source) = (7,2)                   |  (drain,source) = (6,2)                   
  gate = 6                                 |  gate = 4                                 
  bulk = 9                                 |  bulk = 7                                 
                                           |                                           
Instance: nfet_01v8$32                     |Instance: pfet_01v8_hvtMPs1                
  (drain,source) = (6,3)                   |  (drain,source) = (6,5)                   
  gate = 8                                 |  gate = 7                                 
  bulk = 9                                 |  bulk = 7                                 
                                           |                                           
Instance: nfet_01v8$20                     |Instance: pfet_01v8_hvtMPs21               
  (drain,source) = (6,2)                   |  (drain,source) = (5,2)                   
  gate = 6                                 |  gate = 4                                 
  bulk = 9                                 |  bulk = 7                                 
                                           |                                           
Instance: nfet_01v8$21                     |Instance: nfet_01v8MIN2                    
  (drain,source) = (8,2)                   |  (drain,source) = (5,2)                   
  gate = 6                                 |  gate = 7                                 
  bulk = 9                                 |  bulk = 7                                 
                                           |                                           
Instance: nfet_01v8$22                     |Instance: nfet_01v8MIN3                    
  (drain,source) = (8,2)                   |  (drain,source) = (5,2)                   
  gate = 6                                 |  gate = 5                                 
  bulk = 9                                 |  bulk = 7                                 
                                           |                                           
Instance: nfet_01v8$23                     |Instance: nfet_01v8MNnand0                 
  (drain,source) = (6,2)                   |  (drain,source) = (5,2)                   
  gate = 6                                 |  gate = 4                                 
  bulk = 9                                 |  bulk = 7                                 
                                           |                                           
(no matching instance)                     |Instance: nfet_01v8MNnand1                 
                                           |  (drain,source) = (7,2)                   
                                           |  gate = 4                                 
                                           |  bulk = 7                                 
                                           |                                           
                                           |                                           
(no matching instance)                     |Instance: nfet_01v8MNs1                    
                                           |  (drain,source) = (5,3)                   
                                           |  gate = 7                                 
                                           |  bulk = 7                                 
                                           |                                           
---------------------------------------------------------------------------------------

---------------------------------------------------------------------------------------
Instance: nfet_01v8$28                     |(no matching instance)                     
  (drain,source) = (6,2)                   |                                           
  gate = 6                                 |                                           
  bulk = 9                                 |                                           
                                           |                                           
                                           |                                           
Instance: nfet_01v8$24                     |(no matching instance)                     
  (drain,source) = (6,2)                   |                                           
  gate = 8                                 |                                           
  bulk = 9                                 |                                           
                                           |                                           
---------------------------------------------------------------------------------------

---------------------------------------------------------------------------------------
Instance: nfet_01v8$35                     |(no matching instance)                     
  (drain,source) = (6,3)                   |                                           
  gate = 6                                 |                                           
  bulk = 9                                 |                                           
                                           |                                           
                                           |                                           
Instance: nfet_01v8$19                     |(no matching instance)                     
  (drain,source) = (6,3)                   |                                           
  gate = 6                                 |                                           
  bulk = 9                                 |                                           
                                           |                                           
---------------------------------------------------------------------------------------

---------------------------------------------------------------------------------------
Instance: pfet_01v8_hvt$12                 |(no matching instance)                     
  (drain,source) = (8,7)                   |                                           
  gate = 6                                 |                                           
  bulk = 9                                 |                                           
                                           |                                           
                                           |                                           
Instance: pfet_01v8_hvt$11                 |(no matching instance)                     
  (drain,source) = (8,7)                   |                                           
  gate = 6                                 |                                           
  bulk = 9                                 |                                           
                                           |                                           
---------------------------------------------------------------------------------------

---------------------------------------------------------------------------------------
Instance: pfet_01v8_hvt$15                 |(no matching instance)                     
  (drain,source) = (7,2)                   |                                           
  gate = 8                                 |                                           
  bulk = 9                                 |                                           
                                           |                                           
                                           |                                           
Instance: pfet_01v8_hvt$1                  |(no matching instance)                     
  (drain,source) = (7,2)                   |                                           
  gate = 6                                 |                                           
  bulk = 9                                 |                                           
                                           |                                           
---------------------------------------------------------------------------------------

---------------------------------------------------------------------------------------
(no matching instance)                     |Instance: nfet_01v8MNs21                   
                                           |  (drain,source) = (5,3)                   
                                           |  gate = 4                                 
                                           |  bulk = 7                                 
                                           |                                           
                                           |                                           
(no matching instance)                     |Instance: nfet_01v8MNs20                   
                                           |  (drain,source) = (5,3)                   
                                           |  gate = 4                                 
                                           |  bulk = 7                                 
                                           |                                           
---------------------------------------------------------------------------------------
Netlists do not match.
  Flattening non-matched subcircuits sky130_fd_sc_hd__ha_4 sky130_fd_sc_hd__ha_4
Subcircuit summary:
Circuit 1: sky130_fd_sc_hd__a221o_1        |Circuit 2: sky130_fd_sc_hd__a221o_1        
-------------------------------------------|-------------------------------------------
pfet_01v8_hvt (6)                          |pfet_01v8_hvt (6)                          
nfet_01v8 (6)                              |nfet_01v8 (6)                              
Number of devices: 12                      |Number of devices: 12                      
Number of nets: 15                         |Number of nets: 15                         
---------------------------------------------------------------------------------------
Circuits match uniquely.
Netlists match uniquely.

Subcircuit pins:
Circuit 1: sky130_fd_sc_hd__a221o_1        |Circuit 2: sky130_fd_sc_hd__a221o_1        
-------------------------------------------|-------------------------------------------
VPB                                        |VPB                                        
VNB                                        |VNB                                        
VPWR                                       |VPWR                                       
B1                                         |B1                                         
A1                                         |A1                                         
B2                                         |B2                                         
A2                                         |A2                                         
C1                                         |C1                                         
X                                          |X                                          
VGND                                       |VGND                                       
---------------------------------------------------------------------------------------
Cell pin lists are equivalent.
Device classes sky130_fd_sc_hd__a221o_1 and sky130_fd_sc_hd__a221o_1 are equivalent.

Subcircuit summary:
Circuit 1: sky130_fd_sc_hd__o311ai_0       |Circuit 2: sky130_fd_sc_hd__o311ai_0       
-------------------------------------------|-------------------------------------------
pfet_01v8_hvt (5)                          |pfet_01v8_hvt (5)                          
nfet_01v8 (5)                              |nfet_01v8 (5)                              
Number of devices: 10                      |Number of devices: 10                      
Number of nets: 14                         |Number of nets: 14                         
---------------------------------------------------------------------------------------
Circuits match uniquely.
Netlists match uniquely.

Subcircuit pins:
Circuit 1: sky130_fd_sc_hd__o311ai_0       |Circuit 2: sky130_fd_sc_hd__o311ai_0       
-------------------------------------------|-------------------------------------------
Y                                          |Y                                          
VPB                                        |VPB                                        
VNB                                        |VNB                                        
VPWR                                       |VPWR                                       
VGND                                       |VGND                                       
A1                                         |A1                                         
A2                                         |A2                                         
A3                                         |A3                                         
C1                                         |C1                                         
B1                                         |B1                                         
---------------------------------------------------------------------------------------
Cell pin lists are equivalent.
Device classes sky130_fd_sc_hd__o311ai_0 and sky130_fd_sc_hd__o311ai_0 are equivalent.

Subcircuit summary:
Circuit 1: sky130_fd_sc_hd__clkinvlp_4     |Circuit 2: sky130_fd_sc_hd__clkinvlp_4     
-------------------------------------------|-------------------------------------------
pfet_01v8_hvt (1)                          |pfet_01v8_hvt (1)                          
nfet_01v8 (4)                              |nfet_01v8 (4)                              
Number of devices: 5                       |Number of devices: 5                       
Number of nets: 8                          |Number of nets: 8                          
---------------------------------------------------------------------------------------
Netlists match with 3 symmetries.
Circuits match correctly.

Subcircuit pins:
Circuit 1: sky130_fd_sc_hd__clkinvlp_4     |Circuit 2: sky130_fd_sc_hd__clkinvlp_4     
-------------------------------------------|-------------------------------------------
VNB                                        |VNB                                        
VGND                                       |VGND                                       
VPWR                                       |VPWR                                       
VPB                                        |VPB                                        
A                                          |A                                          
Y                                          |Y                                          
---------------------------------------------------------------------------------------
Cell pin lists are equivalent.
Device classes sky130_fd_sc_hd__clkinvlp_4 and sky130_fd_sc_hd__clkinvlp_4 are equivalent.

Subcircuit summary:
Circuit 1: sky130_fd_sc_hd__nor2_4         |Circuit 2: sky130_fd_sc_hd__nor2_4         
-------------------------------------------|-------------------------------------------
pfet_01v8_hvt (2)                          |pfet_01v8_hvt (2)                          
nfet_01v8 (2)                              |nfet_01v8 (2)                              
Number of devices: 4                       |Number of devices: 4                       
Number of nets: 8                          |Number of nets: 8                          
---------------------------------------------------------------------------------------
Circuits match uniquely.
Netlists match uniquely.

Subcircuit pins:
Circuit 1: sky130_fd_sc_hd__nor2_4         |Circuit 2: sky130_fd_sc_hd__nor2_4         
-------------------------------------------|-------------------------------------------
Y                                          |Y                                          
A                                          |A                                          
VPB                                        |VPB                                        
B                                          |B                                          
VGND                                       |VGND                                       
VNB                                        |VNB                                        
VPWR                                       |VPWR                                       
---------------------------------------------------------------------------------------
Cell pin lists are equivalent.
Device classes sky130_fd_sc_hd__nor2_4 and sky130_fd_sc_hd__nor2_4 are equivalent.

Subcircuit summary:
Circuit 1: sky130_fd_sc_hd__nor4_1         |Circuit 2: sky130_fd_sc_hd__nor4_1         
-------------------------------------------|-------------------------------------------
pfet_01v8_hvt (4)                          |pfet_01v8_hvt (4)                          
nfet_01v8 (4)                              |nfet_01v8 (4)                              
Number of devices: 8                       |Number of devices: 8                       
Number of nets: 12                         |Number of nets: 12                         
---------------------------------------------------------------------------------------
Circuits match uniquely.
Netlists match uniquely.

Subcircuit pins:
Circuit 1: sky130_fd_sc_hd__nor4_1         |Circuit 2: sky130_fd_sc_hd__nor4_1         
-------------------------------------------|-------------------------------------------
VPWR                                       |VPWR                                       
VPB                                        |VPB                                        
VGND                                       |VGND                                       
VNB                                        |VNB                                        
Y                                          |Y                                          
A                                          |A                                          
B                                          |B                                          
C                                          |C                                          
D                                          |D                                          
---------------------------------------------------------------------------------------
Cell pin lists are equivalent.
Device classes sky130_fd_sc_hd__nor4_1 and sky130_fd_sc_hd__nor4_1 are equivalent.

Subcircuit summary:
Circuit 1: sky130_fd_sc_hd__a21oi_4        |Circuit 2: sky130_fd_sc_hd__a21oi_4        
-------------------------------------------|-------------------------------------------
pfet_01v8_hvt (3)                          |pfet_01v8_hvt (3)                          
nfet_01v8 (3)                              |nfet_01v8 (3)                              
Number of devices: 6                       |Number of devices: 6                       
Number of nets: 10                         |Number of nets: 10                         
---------------------------------------------------------------------------------------
Circuits match uniquely.
Netlists match uniquely.

Subcircuit pins:
Circuit 1: sky130_fd_sc_hd__a21oi_4        |Circuit 2: sky130_fd_sc_hd__a21oi_4        
-------------------------------------------|-------------------------------------------
A1                                         |A1                                         
VPWR                                       |VPWR                                       
A2                                         |A2                                         
B1                                         |B1                                         
VGND                                       |VGND                                       
VPB                                        |VPB                                        
Y                                          |Y                                          
VNB                                        |VNB                                        
---------------------------------------------------------------------------------------
Cell pin lists are equivalent.
Device classes sky130_fd_sc_hd__a21oi_4 and sky130_fd_sc_hd__a21oi_4 are equivalent.

Subcircuit summary:
Circuit 1: sky130_fd_sc_hd__or2_4          |Circuit 2: sky130_fd_sc_hd__or2_4          
-------------------------------------------|-------------------------------------------
pfet_01v8_hvt (3)                          |pfet_01v8_hvt (3)                          
nfet_01v8 (3)                              |nfet_01v8 (3)                              
Number of devices: 6                       |Number of devices: 6                       
Number of nets: 9                          |Number of nets: 9                          
---------------------------------------------------------------------------------------
Circuits match uniquely.
Netlists match uniquely.

Subcircuit pins:
Circuit 1: sky130_fd_sc_hd__or2_4          |Circuit 2: sky130_fd_sc_hd__or2_4          
-------------------------------------------|-------------------------------------------
VPB                                        |VPB                                        
VGND                                       |VGND                                       
VNB                                        |VNB                                        
VPWR                                       |VPWR                                       
A                                          |A                                          
B                                          |B                                          
X                                          |X                                          
---------------------------------------------------------------------------------------
Cell pin lists are equivalent.
Device classes sky130_fd_sc_hd__or2_4 and sky130_fd_sc_hd__or2_4 are equivalent.

Subcircuit summary:
Circuit 1: sky130_fd_sc_hd__inv_16         |Circuit 2: sky130_fd_sc_hd__inv_16         
-------------------------------------------|-------------------------------------------
pfet_01v8_hvt (1)                          |pfet_01v8_hvt (1)                          
nfet_01v8 (1)                              |nfet_01v8 (1)                              
Number of devices: 2                       |Number of devices: 2                       
Number of nets: 6                          |Number of nets: 6                          
---------------------------------------------------------------------------------------
Circuits match uniquely.
Netlists match uniquely.

Subcircuit pins:
Circuit 1: sky130_fd_sc_hd__inv_16         |Circuit 2: sky130_fd_sc_hd__inv_16         
-------------------------------------------|-------------------------------------------
VGND                                       |VGND                                       
VNB                                        |VNB                                        
VPWR                                       |VPWR                                       
VPB                                        |VPB                                        
A                                          |A                                          
(no matching pin)                          |Y                                          
---------------------------------------------------------------------------------------
Cell pin lists for sky130_fd_sc_hd__inv_16 and sky130_fd_sc_hd__inv_16 altered to match.

Subcircuit summary:
Circuit 1: sky130_fd_sc_hd__clkinv_8       |Circuit 2: sky130_fd_sc_hd__clkinv_8       
-------------------------------------------|-------------------------------------------
pfet_01v8_hvt (1)                          |pfet_01v8_hvt (1)                          
nfet_01v8 (1)                              |nfet_01v8 (1)                              
Number of devices: 2                       |Number of devices: 2                       
Number of nets: 6                          |Number of nets: 6                          
---------------------------------------------------------------------------------------
Circuits match uniquely.
Netlists match uniquely.

Subcircuit pins:
Circuit 1: sky130_fd_sc_hd__clkinv_8       |Circuit 2: sky130_fd_sc_hd__clkinv_8       
-------------------------------------------|-------------------------------------------
VGND                                       |VGND                                       
VNB                                        |VNB                                        
VPWR                                       |VPWR                                       
VPB                                        |VPB                                        
A                                          |A                                          
(no matching pin)                          |Y                                          
---------------------------------------------------------------------------------------
Cell pin lists for sky130_fd_sc_hd__clkinv_8 and sky130_fd_sc_hd__clkinv_8 altered to match.

Subcircuit summary:
Circuit 1: sky130_fd_sc_hd__mux2i_2        |Circuit 2: sky130_fd_sc_hd__mux2i_2        
-------------------------------------------|-------------------------------------------
pfet_01v8_hvt (5)                          |pfet_01v8_hvt (5)                          
nfet_01v8 (5)                              |nfet_01v8 (5)                              
Number of devices: 10                      |Number of devices: 10                      
Number of nets: 13                         |Number of nets: 13                         
---------------------------------------------------------------------------------------
Circuits match uniquely.
Netlists match uniquely.

Subcircuit pins:
Circuit 1: sky130_fd_sc_hd__mux2i_2        |Circuit 2: sky130_fd_sc_hd__mux2i_2        
-------------------------------------------|-------------------------------------------
VGND                                       |VGND                                       
VPWR                                       |VPWR                                       
VNB                                        |VNB                                        
VPB                                        |VPB                                        
Y                                          |Y                                          
S                                          |S                                          
A0                                         |A0                                         
A1                                         |A1                                         
---------------------------------------------------------------------------------------
Cell pin lists are equivalent.
Device classes sky130_fd_sc_hd__mux2i_2 and sky130_fd_sc_hd__mux2i_2 are equivalent.

Subcircuit summary:
Circuit 1: sky130_fd_sc_hd__a311oi_1       |Circuit 2: sky130_fd_sc_hd__a311oi_1       
-------------------------------------------|-------------------------------------------
pfet_01v8_hvt (5)                          |pfet_01v8_hvt (5)                          
nfet_01v8 (5)                              |nfet_01v8 (5)                              
Number of devices: 10                      |Number of devices: 10                      
Number of nets: 14                         |Number of nets: 14                         
---------------------------------------------------------------------------------------
Circuits match uniquely.
Netlists match uniquely.

Subcircuit pins:
Circuit 1: sky130_fd_sc_hd__a311oi_1       |Circuit 2: sky130_fd_sc_hd__a311oi_1       
-------------------------------------------|-------------------------------------------
VPB                                        |VPB                                        
VNB                                        |VNB                                        
VPWR                                       |VPWR                                       
VGND                                       |VGND                                       
A1                                         |A1                                         
A2                                         |A2                                         
A3                                         |A3                                         
C1                                         |C1                                         
B1                                         |B1                                         
Y                                          |Y                                          
---------------------------------------------------------------------------------------
Cell pin lists are equivalent.
Device classes sky130_fd_sc_hd__a311oi_1 and sky130_fd_sc_hd__a311oi_1 are equivalent.

Subcircuit summary:
Circuit 1: sky130_fd_sc_hd__buf_6          |Circuit 2: sky130_fd_sc_hd__buf_6          
-------------------------------------------|-------------------------------------------
pfet_01v8_hvt (2)                          |pfet_01v8_hvt (2)                          
nfet_01v8 (2)                              |nfet_01v8 (2)                              
Number of devices: 4                       |Number of devices: 4                       
Number of nets: 7                          |Number of nets: 7                          
---------------------------------------------------------------------------------------
Circuits match uniquely.
Netlists match uniquely.

Subcircuit pins:
Circuit 1: sky130_fd_sc_hd__buf_6          |Circuit 2: sky130_fd_sc_hd__buf_6          
-------------------------------------------|-------------------------------------------
A                                          |A                                          
VGND                                       |VGND                                       
VNB                                        |VNB                                        
X                                          |X                                          
VPWR                                       |VPWR                                       
VPB                                        |VPB                                        
---------------------------------------------------------------------------------------
Cell pin lists are equivalent.
Device classes sky130_fd_sc_hd__buf_6 and sky130_fd_sc_hd__buf_6 are equivalent.

Subcircuit summary:
Circuit 1: sky130_fd_sc_hd__buf_8          |Circuit 2: sky130_fd_sc_hd__buf_8          
-------------------------------------------|-------------------------------------------
pfet_01v8_hvt (2)                          |pfet_01v8_hvt (2)                          
nfet_01v8 (2)                              |nfet_01v8 (2)                              
Number of devices: 4                       |Number of devices: 4                       
Number of nets: 7                          |Number of nets: 7                          
---------------------------------------------------------------------------------------
Circuits match uniquely.
Netlists match uniquely.

Subcircuit pins:
Circuit 1: sky130_fd_sc_hd__buf_8          |Circuit 2: sky130_fd_sc_hd__buf_8          
-------------------------------------------|-------------------------------------------
A                                          |A                                          
VGND                                       |VGND                                       
VNB                                        |VNB                                        
X                                          |X                                          
VPWR                                       |VPWR                                       
VPB                                        |VPB                                        
---------------------------------------------------------------------------------------
Cell pin lists are equivalent.
Device classes sky130_fd_sc_hd__buf_8 and sky130_fd_sc_hd__buf_8 are equivalent.

Subcircuit summary:
Circuit 1: sky130_fd_sc_hd__a32oi_1        |Circuit 2: sky130_fd_sc_hd__a32oi_1        
-------------------------------------------|-------------------------------------------
pfet_01v8_hvt (5)                          |pfet_01v8_hvt (5)                          
nfet_01v8 (5)                              |nfet_01v8 (5)                              
Number of devices: 10                      |Number of devices: 10                      
Number of nets: 14                         |Number of nets: 14                         
---------------------------------------------------------------------------------------
Circuits match uniquely.
Netlists match uniquely.

Subcircuit pins:
Circuit 1: sky130_fd_sc_hd__a32oi_1        |Circuit 2: sky130_fd_sc_hd__a32oi_1        
-------------------------------------------|-------------------------------------------
VPWR                                       |VPWR                                       
VPB                                        |VPB                                        
VNB                                        |VNB                                        
A1                                         |A1                                         
A3                                         |A3                                         
A2                                         |A2                                         
B1                                         |B1                                         
B2                                         |B2                                         
VGND                                       |VGND                                       
Y                                          |Y                                          
---------------------------------------------------------------------------------------
Cell pin lists are equivalent.
Device classes sky130_fd_sc_hd__a32oi_1 and sky130_fd_sc_hd__a32oi_1 are equivalent.

Subcircuit summary:
Circuit 1: sky130_fd_sc_hd__a222oi_1       |Circuit 2: sky130_fd_sc_hd__a222oi_1       
-------------------------------------------|-------------------------------------------
pfet_01v8_hvt (6)                          |pfet_01v8_hvt (6)                          
nfet_01v8 (6)                              |nfet_01v8 (6)                              
Number of devices: 12                      |Number of devices: 12                      
Number of nets: 16                         |Number of nets: 16                         
---------------------------------------------------------------------------------------
Circuits match uniquely.
Netlists match uniquely.

Subcircuit pins:
Circuit 1: sky130_fd_sc_hd__a222oi_1       |Circuit 2: sky130_fd_sc_hd__a222oi_1       
-------------------------------------------|-------------------------------------------
VGND                                       |VGND                                       
Y                                          |Y                                          
VPB                                        |VPB                                        
VNB                                        |VNB                                        
A1                                         |A1                                         
VPWR                                       |VPWR                                       
A2                                         |A2                                         
B1                                         |B1                                         
B2                                         |B2                                         
C1                                         |C1                                         
C2                                         |C2                                         
---------------------------------------------------------------------------------------
Cell pin lists are equivalent.
Device classes sky130_fd_sc_hd__a222oi_1 and sky130_fd_sc_hd__a222oi_1 are equivalent.

Subcircuit summary:
Circuit 1: sky130_fd_sc_hd__nand4b_1       |Circuit 2: sky130_fd_sc_hd__nand4b_1       
-------------------------------------------|-------------------------------------------
pfet_01v8_hvt (5)                          |pfet_01v8_hvt (5)                          
nfet_01v8 (5)                              |nfet_01v8 (5)                              
Number of devices: 10                      |Number of devices: 10                      
Number of nets: 13                         |Number of nets: 13                         
---------------------------------------------------------------------------------------
Circuits match uniquely.
Netlists match uniquely.

Subcircuit pins:
Circuit 1: sky130_fd_sc_hd__nand4b_1       |Circuit 2: sky130_fd_sc_hd__nand4b_1       
-------------------------------------------|-------------------------------------------
B                                          |B                                          
C                                          |C                                          
D                                          |D                                          
A_N                                        |A_N                                        
VGND                                       |VGND                                       
Y                                          |Y                                          
VPWR                                       |VPWR                                       
VPB                                        |VPB                                        
VNB                                        |VNB                                        
---------------------------------------------------------------------------------------
Cell pin lists are equivalent.
Device classes sky130_fd_sc_hd__nand4b_1 and sky130_fd_sc_hd__nand4b_1 are equivalent.

Subcircuit summary:
Circuit 1: sky130_fd_sc_hd__o41ai_1        |Circuit 2: sky130_fd_sc_hd__o41ai_1        
-------------------------------------------|-------------------------------------------
pfet_01v8_hvt (5)                          |pfet_01v8_hvt (5)                          
nfet_01v8 (5)                              |nfet_01v8 (5)                              
Number of devices: 10                      |Number of devices: 10                      
Number of nets: 14                         |Number of nets: 14                         
---------------------------------------------------------------------------------------
Circuits match uniquely.
Netlists match uniquely.

Subcircuit pins:
Circuit 1: sky130_fd_sc_hd__o41ai_1        |Circuit 2: sky130_fd_sc_hd__o41ai_1        
-------------------------------------------|-------------------------------------------
VGND                                       |VGND                                       
VPB                                        |VPB                                        
VNB                                        |VNB                                        
A2                                         |A2                                         
A1                                         |A1                                         
A3                                         |A3                                         
VPWR                                       |VPWR                                       
A4                                         |A4                                         
B1                                         |B1                                         
Y                                          |Y                                          
---------------------------------------------------------------------------------------
Cell pin lists are equivalent.
Device classes sky130_fd_sc_hd__o41ai_1 and sky130_fd_sc_hd__o41ai_1 are equivalent.

Subcircuit summary:
Circuit 1: sky130_fd_sc_hd__inv_8          |Circuit 2: sky130_fd_sc_hd__inv_8          
-------------------------------------------|-------------------------------------------
pfet_01v8_hvt (1)                          |pfet_01v8_hvt (1)                          
nfet_01v8 (1)                              |nfet_01v8 (1)                              
Number of devices: 2                       |Number of devices: 2                       
Number of nets: 6                          |Number of nets: 6                          
---------------------------------------------------------------------------------------
Circuits match uniquely.
Netlists match uniquely.

Subcircuit pins:
Circuit 1: sky130_fd_sc_hd__inv_8          |Circuit 2: sky130_fd_sc_hd__inv_8          
-------------------------------------------|-------------------------------------------
VPWR                                       |VPWR                                       
VPB                                        |VPB                                        
VGND                                       |VGND                                       
VNB                                        |VNB                                        
Y                                          |Y                                          
A                                          |A                                          
---------------------------------------------------------------------------------------
Cell pin lists are equivalent.
Device classes sky130_fd_sc_hd__inv_8 and sky130_fd_sc_hd__inv_8 are equivalent.

Subcircuit summary:
Circuit 1: sky130_fd_sc_hd__a21boi_0       |Circuit 2: sky130_fd_sc_hd__a21boi_0       
-------------------------------------------|-------------------------------------------
pfet_01v8_hvt (4)                          |pfet_01v8_hvt (4)                          
nfet_01v8 (4)                              |nfet_01v8 (4)                              
Number of devices: 8                       |Number of devices: 8                       
Number of nets: 11                         |Number of nets: 11                         
---------------------------------------------------------------------------------------
Circuits match uniquely.
Netlists match uniquely.

Subcircuit pins:
Circuit 1: sky130_fd_sc_hd__a21boi_0       |Circuit 2: sky130_fd_sc_hd__a21boi_0       
-------------------------------------------|-------------------------------------------
A2                                         |A2                                         
A1                                         |A1                                         
B1_N                                       |B1_N                                       
VPB                                        |VPB                                        
VNB                                        |VNB                                        
VPWR                                       |VPWR                                       
Y                                          |Y                                          
VGND                                       |VGND                                       
---------------------------------------------------------------------------------------
Cell pin lists are equivalent.
Device classes sky130_fd_sc_hd__a21boi_0 and sky130_fd_sc_hd__a21boi_0 are equivalent.

Subcircuit summary:
Circuit 1: sky130_fd_sc_hd__a21oi_2        |Circuit 2: sky130_fd_sc_hd__a21oi_2        
-------------------------------------------|-------------------------------------------
pfet_01v8_hvt (3)                          |pfet_01v8_hvt (3)                          
nfet_01v8 (5)                              |nfet_01v8 (3) **Mismatch**                 
Number of devices: 8 **Mismatch**          |Number of devices: 6 **Mismatch**          
Number of nets: 11 **Mismatch**            |Number of nets: 10 **Mismatch**            
---------------------------------------------------------------------------------------
NET mismatches: Class fragments follow (with fanout counts):
Circuit 1: sky130_fd_sc_hd__a21oi_2        |Circuit 2: sky130_fd_sc_hd__a21oi_2        

---------------------------------------------------------------------------------------
Net: B1                                    |Net: A1                                    
  pfet_01v8_hvt/gate = 1                   |  pfet_01v8_hvt/gate = 1                   
  nfet_01v8/gate = 1                       |  nfet_01v8/gate = 1                       
                                           |                                           
Net: VGND                                  |Net: A2                                    
  nfet_01v8/(drain|source) = 3             |  pfet_01v8_hvt/gate = 1                   
                                           |  nfet_01v8/gate = 1                       
                                           |                                           
Net: Y                                     |Net: B1                                    
  pfet_01v8_hvt/(drain|source) = 1         |  pfet_01v8_hvt/gate = 1                   
  nfet_01v8/(drain|source) = 3             |  nfet_01v8/gate = 1                       
                                           |                                           
Net: VNB                                   |Net: Y                                     
  nfet_01v8/bulk = 5                       |  pfet_01v8_hvt/(drain|source) = 1         
                                           |  nfet_01v8/(drain|source) = 2             
                                           |                                           
(no matching net)                          |Net: VNB                                   
                                           |  nfet_01v8/bulk = 3                       
---------------------------------------------------------------------------------------

---------------------------------------------------------------------------------------
Net: A1                                    |(no matching net)                          
  pfet_01v8_hvt/gate = 1                   |                                           
  nfet_01v8/gate = 2                       |                                           
                                           |                                           
Net: A2                                    |(no matching net)                          
  pfet_01v8_hvt/gate = 1                   |                                           
  nfet_01v8/gate = 2                       |                                           
---------------------------------------------------------------------------------------

---------------------------------------------------------------------------------------
Net: \$10                                  |(no matching net)                          
  nfet_01v8/(drain|source) = 2             |                                           
                                           |                                           
Net: \$11                                  |(no matching net)                          
  nfet_01v8/(drain|source) = 2             |                                           
---------------------------------------------------------------------------------------

---------------------------------------------------------------------------------------
(no matching net)                          |Net: sndA1                                 
                                           |  nfet_01v8/(drain|source) = 2             
                                           |                                           
(no matching net)                          |Net: VGND                                  
                                           |  nfet_01v8/(drain|source) = 2             
---------------------------------------------------------------------------------------
DEVICE mismatches: Class fragments follow (with node fanout counts):
Circuit 1: sky130_fd_sc_hd__a21oi_2        |Circuit 2: sky130_fd_sc_hd__a21oi_2        

---------------------------------------------------------------------------------------
Instance: nfet_01v8$7                      |Instance: nfet_01v8MNA1                    
  (drain,source) = (3,2)                   |  (drain,source) = (2,2)                   
  gate = 3                                 |  gate = 2                                 
  bulk = 5                                 |  bulk = 3                                 
                                           |                                           
Instance: nfet_01v8$8                      |(no matching instance)                     
  (drain,source) = (4,2)                   |                                           
  gate = 3                                 |                                           
  bulk = 5                                 |                                           
                                           |                                           
                                           |                                           
Instance: nfet_01v8$9                      |(no matching instance)                     
  (drain,source) = (4,2)                   |                                           
  gate = 3                                 |                                           
  bulk = 5                                 |                                           
                                           |                                           
                                           |                                           
Instance: nfet_01v8$10                     |(no matching instance)                     
  (drain,source) = (3,2)                   |                                           
  gate = 3                                 |                                           
  bulk = 5                                 |                                           
                                           |                                           
                                           |                                           
Instance: nfet_01v8$11                     |(no matching instance)                     
  (drain,source) = (4,3)                   |                                           
  gate = 2                                 |                                           
  bulk = 5                                 |                                           
                                           |                                           
---------------------------------------------------------------------------------------

---------------------------------------------------------------------------------------
(no matching instance)                     |Instance: nfet_01v8MNB0                    
                                           |  (drain,source) = (3,2)                   
                                           |  gate = 2                                 
                                           |  bulk = 3                                 
                                           |                                           
                                           |                                           
(no matching instance)                     |Instance: nfet_01v8MNA0                    
                                           |  (drain,source) = (3,2)                   
                                           |  gate = 2                                 
                                           |  bulk = 3                                 
                                           |                                           
---------------------------------------------------------------------------------------

---------------------------------------------------------------------------------------
(no matching instance)                     |Instance: pfet_01v8_hvtMPA1                
                                           |  (drain,source) = (3,2)                   
                                           |  gate = 2                                 
                                           |  bulk = 3                                 
                                           |                                           
                                           |                                           
(no matching instance)                     |Instance: pfet_01v8_hvtMPA0                
                                           |  (drain,source) = (3,2)                   
                                           |  gate = 2                                 
                                           |  bulk = 3                                 
                                           |                                           
---------------------------------------------------------------------------------------

---------------------------------------------------------------------------------------
Instance: pfet_01v8_hvt$2                  |(no matching instance)                     
  (drain,source) = (3,2)                   |                                           
  gate = 3                                 |                                           
  bulk = 3                                 |                                           
                                           |                                           
                                           |                                           
Instance: pfet_01v8_hvt$1                  |(no matching instance)                     
  (drain,source) = (3,2)                   |                                           
  gate = 3                                 |                                           
  bulk = 3                                 |                                           
                                           |                                           
---------------------------------------------------------------------------------------
Netlists do not match.
  Flattening non-matched subcircuits sky130_fd_sc_hd__a21oi_2 sky130_fd_sc_hd__a21oi_2
Subcircuit summary:
Circuit 1: sky130_fd_sc_hd__a31oi_2        |Circuit 2: sky130_fd_sc_hd__a31oi_2        
-------------------------------------------|-------------------------------------------
pfet_01v8_hvt (4)                          |pfet_01v8_hvt (4)                          
nfet_01v8 (4)                              |nfet_01v8 (4)                              
Number of devices: 8                       |Number of devices: 8                       
Number of nets: 12                         |Number of nets: 12                         
---------------------------------------------------------------------------------------
Circuits match uniquely.
Netlists match uniquely.

Subcircuit pins:
Circuit 1: sky130_fd_sc_hd__a31oi_2        |Circuit 2: sky130_fd_sc_hd__a31oi_2        
-------------------------------------------|-------------------------------------------
VPB                                        |VPB                                        
VNB                                        |VNB                                        
A2                                         |A2                                         
A3                                         |A3                                         
B1                                         |B1                                         
A1                                         |A1                                         
VGND                                       |VGND                                       
VPWR                                       |VPWR                                       
Y                                          |Y                                          
---------------------------------------------------------------------------------------
Cell pin lists are equivalent.
Device classes sky130_fd_sc_hd__a31oi_2 and sky130_fd_sc_hd__a31oi_2 are equivalent.

Subcircuit summary:
Circuit 1: sky130_fd_sc_hd__and2_4         |Circuit 2: sky130_fd_sc_hd__and2_4         
-------------------------------------------|-------------------------------------------
pfet_01v8_hvt (3)                          |pfet_01v8_hvt (3)                          
nfet_01v8 (3)                              |nfet_01v8 (3)                              
Number of devices: 6                       |Number of devices: 6                       
Number of nets: 9                          |Number of nets: 9                          
---------------------------------------------------------------------------------------
Circuits match uniquely.
Netlists match uniquely.

Subcircuit pins:
Circuit 1: sky130_fd_sc_hd__and2_4         |Circuit 2: sky130_fd_sc_hd__and2_4         
-------------------------------------------|-------------------------------------------
VPWR                                       |VPWR                                       
VPB                                        |VPB                                        
VNB                                        |VNB                                        
A                                          |A                                          
B                                          |B                                          
X                                          |X                                          
VGND                                       |VGND                                       
---------------------------------------------------------------------------------------
Cell pin lists are equivalent.
Device classes sky130_fd_sc_hd__and2_4 and sky130_fd_sc_hd__and2_4 are equivalent.

Subcircuit summary:
Circuit 1: sky130_fd_sc_hd__o21ba_2        |Circuit 2: sky130_fd_sc_hd__o21ba_2        
-------------------------------------------|-------------------------------------------
pfet_01v8_hvt (5)                          |pfet_01v8_hvt (5)                          
nfet_01v8 (5)                              |nfet_01v8 (5)                              
Number of devices: 10                      |Number of devices: 10                      
Number of nets: 12                         |Number of nets: 12                         
---------------------------------------------------------------------------------------
Circuits match uniquely.
Netlists match uniquely.

Subcircuit pins:
Circuit 1: sky130_fd_sc_hd__o21ba_2        |Circuit 2: sky130_fd_sc_hd__o21ba_2        
-------------------------------------------|-------------------------------------------
VPB                                        |VPB                                        
VNB                                        |VNB                                        
A1                                         |A1                                         
A2                                         |A2                                         
B1_N                                       |B1_N                                       
X                                          |X                                          
VPWR                                       |VPWR                                       
VGND                                       |VGND                                       
---------------------------------------------------------------------------------------
Cell pin lists are equivalent.
Device classes sky130_fd_sc_hd__o21ba_2 and sky130_fd_sc_hd__o21ba_2 are equivalent.

Subcircuit summary:
Circuit 1: sky130_fd_sc_hd__o32a_1         |Circuit 2: sky130_fd_sc_hd__o32a_1         
-------------------------------------------|-------------------------------------------
pfet_01v8_hvt (6)                          |pfet_01v8_hvt (6)                          
nfet_01v8 (6)                              |nfet_01v8 (6)                              
Number of devices: 12                      |Number of devices: 12                      
Number of nets: 15                         |Number of nets: 15                         
---------------------------------------------------------------------------------------
Circuits match uniquely.
Netlists match uniquely.

Subcircuit pins:
Circuit 1: sky130_fd_sc_hd__o32a_1         |Circuit 2: sky130_fd_sc_hd__o32a_1         
-------------------------------------------|-------------------------------------------
VGND                                       |VGND                                       
A1                                         |A1                                         
A2                                         |A2                                         
A3                                         |A3                                         
B1                                         |B1                                         
B2                                         |B2                                         
X                                          |X                                          
VPB                                        |VPB                                        
VNB                                        |VNB                                        
VPWR                                       |VPWR                                       
---------------------------------------------------------------------------------------
Cell pin lists are equivalent.
Device classes sky130_fd_sc_hd__o32a_1 and sky130_fd_sc_hd__o32a_1 are equivalent.

Subcircuit summary:
Circuit 1: sky130_fd_sc_hd__bufbuf_16      |Circuit 2: sky130_fd_sc_hd__bufbuf_16      
-------------------------------------------|-------------------------------------------
pfet_01v8_hvt (4)                          |pfet_01v8_hvt (4)                          
nfet_01v8 (4)                              |nfet_01v8 (4)                              
Number of devices: 8                       |Number of devices: 8                       
Number of nets: 9                          |Number of nets: 9                          
---------------------------------------------------------------------------------------
Circuits match uniquely.
Netlists match uniquely.

Subcircuit pins:
Circuit 1: sky130_fd_sc_hd__bufbuf_16      |Circuit 2: sky130_fd_sc_hd__bufbuf_16      
-------------------------------------------|-------------------------------------------
A                                          |A                                          
X                                          |X                                          
VGND                                       |VGND                                       
VNB                                        |VNB                                        
VPWR                                       |VPWR                                       
VPB                                        |VPB                                        
---------------------------------------------------------------------------------------
Cell pin lists are equivalent.
Device classes sky130_fd_sc_hd__bufbuf_16 and sky130_fd_sc_hd__bufbuf_16 are equivalent.

Subcircuit summary:
Circuit 1: sky130_fd_sc_hd__nor3_2         |Circuit 2: sky130_fd_sc_hd__nor3_2         
-------------------------------------------|-------------------------------------------
pfet_01v8_hvt (3)                          |pfet_01v8_hvt (3)                          
nfet_01v8 (3)                              |nfet_01v8 (3)                              
Number of devices: 6                       |Number of devices: 6                       
Number of nets: 10                         |Number of nets: 10                         
---------------------------------------------------------------------------------------
Circuits match uniquely.
Netlists match uniquely.

Subcircuit pins:
Circuit 1: sky130_fd_sc_hd__nor3_2         |Circuit 2: sky130_fd_sc_hd__nor3_2         
-------------------------------------------|-------------------------------------------
VPWR                                       |VPWR                                       
VPB                                        |VPB                                        
VGND                                       |VGND                                       
VNB                                        |VNB                                        
A                                          |A                                          
B                                          |B                                          
C                                          |C                                          
Y                                          |Y                                          
---------------------------------------------------------------------------------------
Cell pin lists are equivalent.
Device classes sky130_fd_sc_hd__nor3_2 and sky130_fd_sc_hd__nor3_2 are equivalent.

Subcircuit summary:
Circuit 1: sky130_fd_sc_hd__o31a_1         |Circuit 2: sky130_fd_sc_hd__o31a_1         
-------------------------------------------|-------------------------------------------
pfet_01v8_hvt (5)                          |pfet_01v8_hvt (5)                          
nfet_01v8 (5)                              |nfet_01v8 (5)                              
Number of devices: 10                      |Number of devices: 10                      
Number of nets: 13                         |Number of nets: 13                         
---------------------------------------------------------------------------------------
Circuits match uniquely.
Netlists match uniquely.

Subcircuit pins:
Circuit 1: sky130_fd_sc_hd__o31a_1         |Circuit 2: sky130_fd_sc_hd__o31a_1         
-------------------------------------------|-------------------------------------------
VGND                                       |VGND                                       
A1                                         |A1                                         
A2                                         |A2                                         
A3                                         |A3                                         
B1                                         |B1                                         
X                                          |X                                          
VPB                                        |VPB                                        
VNB                                        |VNB                                        
VPWR                                       |VPWR                                       
---------------------------------------------------------------------------------------
Cell pin lists are equivalent.
Device classes sky130_fd_sc_hd__o31a_1 and sky130_fd_sc_hd__o31a_1 are equivalent.

Subcircuit summary:
Circuit 1: sky130_fd_sc_hd__xnor2_4        |Circuit 2: sky130_fd_sc_hd__xnor2_4        
-------------------------------------------|-------------------------------------------
pfet_01v8_hvt (5)                          |pfet_01v8_hvt (5)                          
nfet_01v8 (5)                              |nfet_01v8 (5)                              
Number of devices: 10                      |Number of devices: 10                      
Number of nets: 11                         |Number of nets: 11                         
---------------------------------------------------------------------------------------
Circuits match uniquely.
Netlists match uniquely.

Subcircuit pins:
Circuit 1: sky130_fd_sc_hd__xnor2_4        |Circuit 2: sky130_fd_sc_hd__xnor2_4        
-------------------------------------------|-------------------------------------------
VGND                                       |VGND                                       
Y                                          |Y                                          
VNB                                        |VNB                                        
VPB                                        |VPB                                        
A                                          |A                                          
B                                          |B                                          
VPWR                                       |VPWR                                       
---------------------------------------------------------------------------------------
Cell pin lists are equivalent.
Device classes sky130_fd_sc_hd__xnor2_4 and sky130_fd_sc_hd__xnor2_4 are equivalent.

Subcircuit summary:
Circuit 1: sky130_fd_sc_hd__o22a_1         |Circuit 2: sky130_fd_sc_hd__o22a_1         
-------------------------------------------|-------------------------------------------
pfet_01v8_hvt (5)                          |pfet_01v8_hvt (5)                          
nfet_01v8 (5)                              |nfet_01v8 (5)                              
Number of devices: 10                      |Number of devices: 10                      
Number of nets: 13                         |Number of nets: 13                         
---------------------------------------------------------------------------------------
Circuits match uniquely.
Netlists match uniquely.

Subcircuit pins:
Circuit 1: sky130_fd_sc_hd__o22a_1         |Circuit 2: sky130_fd_sc_hd__o22a_1         
-------------------------------------------|-------------------------------------------
VPB                                        |VPB                                        
VNB                                        |VNB                                        
A1                                         |A1                                         
A2                                         |A2                                         
B1                                         |B1                                         
B2                                         |B2                                         
X                                          |X                                          
VPWR                                       |VPWR                                       
VGND                                       |VGND                                       
---------------------------------------------------------------------------------------
Cell pin lists are equivalent.
Device classes sky130_fd_sc_hd__o22a_1 and sky130_fd_sc_hd__o22a_1 are equivalent.

Subcircuit summary:
Circuit 1: sky130_fd_sc_hd__o2111ai_1      |Circuit 2: sky130_fd_sc_hd__o2111ai_1      
-------------------------------------------|-------------------------------------------
pfet_01v8_hvt (5)                          |pfet_01v8_hvt (5)                          
nfet_01v8 (5)                              |nfet_01v8 (5)                              
Number of devices: 10                      |Number of devices: 10                      
Number of nets: 14                         |Number of nets: 14                         
---------------------------------------------------------------------------------------
Circuits match uniquely.
Netlists match uniquely.

Subcircuit pins:
Circuit 1: sky130_fd_sc_hd__o2111ai_1      |Circuit 2: sky130_fd_sc_hd__o2111ai_1      
-------------------------------------------|-------------------------------------------
VPWR                                       |VPWR                                       
A1                                         |A1                                         
A2                                         |A2                                         
B1                                         |B1                                         
C1                                         |C1                                         
D1                                         |D1                                         
VGND                                       |VGND                                       
VPB                                        |VPB                                        
Y                                          |Y                                          
VNB                                        |VNB                                        
---------------------------------------------------------------------------------------
Cell pin lists are equivalent.
Device classes sky130_fd_sc_hd__o2111ai_1 and sky130_fd_sc_hd__o2111ai_1 are equivalent.

Subcircuit summary:
Circuit 1: sky130_fd_sc_hd__nor4_2         |Circuit 2: sky130_fd_sc_hd__nor4_2         
-------------------------------------------|-------------------------------------------
pfet_01v8_hvt (4)                          |pfet_01v8_hvt (4)                          
nfet_01v8 (4)                              |nfet_01v8 (4)                              
Number of devices: 8                       |Number of devices: 8                       
Number of nets: 12                         |Number of nets: 12                         
---------------------------------------------------------------------------------------
Circuits match uniquely.
Netlists match uniquely.

Subcircuit pins:
Circuit 1: sky130_fd_sc_hd__nor4_2         |Circuit 2: sky130_fd_sc_hd__nor4_2         
-------------------------------------------|-------------------------------------------
VPWR                                       |VPWR                                       
Y                                          |Y                                          
VPB                                        |VPB                                        
VGND                                       |VGND                                       
VNB                                        |VNB                                        
A                                          |A                                          
B                                          |B                                          
C                                          |C                                          
D                                          |D                                          
---------------------------------------------------------------------------------------
Cell pin lists are equivalent.
Device classes sky130_fd_sc_hd__nor4_2 and sky130_fd_sc_hd__nor4_2 are equivalent.

Subcircuit summary:
Circuit 1: sky130_fd_sc_hd__nor2_2         |Circuit 2: sky130_fd_sc_hd__nor2_2         
-------------------------------------------|-------------------------------------------
pfet_01v8_hvt (2)                          |pfet_01v8_hvt (2)                          
nfet_01v8 (2)                              |nfet_01v8 (2)                              
Number of devices: 4                       |Number of devices: 4                       
Number of nets: 8                          |Number of nets: 8                          
---------------------------------------------------------------------------------------
Circuits match uniquely.
Netlists match uniquely.

Subcircuit pins:
Circuit 1: sky130_fd_sc_hd__nor2_2         |Circuit 2: sky130_fd_sc_hd__nor2_2         
-------------------------------------------|-------------------------------------------
Y                                          |Y                                          
A                                          |A                                          
VPB                                        |VPB                                        
B                                          |B                                          
VGND                                       |VGND                                       
VNB                                        |VNB                                        
VPWR                                       |VPWR                                       
---------------------------------------------------------------------------------------
Cell pin lists are equivalent.
Device classes sky130_fd_sc_hd__nor2_2 and sky130_fd_sc_hd__nor2_2 are equivalent.

Subcircuit summary:
Circuit 1: sky130_fd_sc_hd__and3_2         |Circuit 2: sky130_fd_sc_hd__and3_2         
-------------------------------------------|-------------------------------------------
pfet_01v8_hvt (4)                          |pfet_01v8_hvt (4)                          
nfet_01v8 (4)                              |nfet_01v8 (4)                              
Number of devices: 8                       |Number of devices: 8                       
Number of nets: 11                         |Number of nets: 11                         
---------------------------------------------------------------------------------------
Circuits match uniquely.
Netlists match uniquely.

Subcircuit pins:
Circuit 1: sky130_fd_sc_hd__and3_2         |Circuit 2: sky130_fd_sc_hd__and3_2         
-------------------------------------------|-------------------------------------------
A                                          |A                                          
B                                          |B                                          
C                                          |C                                          
X                                          |X                                          
VGND                                       |VGND                                       
VPWR                                       |VPWR                                       
VPB                                        |VPB                                        
VNB                                        |VNB                                        
---------------------------------------------------------------------------------------
Cell pin lists are equivalent.
Device classes sky130_fd_sc_hd__and3_2 and sky130_fd_sc_hd__and3_2 are equivalent.

Subcircuit summary:
Circuit 1: sky130_fd_sc_hd__a2111oi_0      |Circuit 2: sky130_fd_sc_hd__a2111oi_0      
-------------------------------------------|-------------------------------------------
pfet_01v8_hvt (5)                          |pfet_01v8_hvt (5)                          
nfet_01v8 (5)                              |nfet_01v8 (5)                              
Number of devices: 10                      |Number of devices: 10                      
Number of nets: 14                         |Number of nets: 14                         
---------------------------------------------------------------------------------------
Circuits match uniquely.
Netlists match uniquely.

Subcircuit pins:
Circuit 1: sky130_fd_sc_hd__a2111oi_0      |Circuit 2: sky130_fd_sc_hd__a2111oi_0      
-------------------------------------------|-------------------------------------------
VGND                                       |VGND                                       
VPB                                        |VPB                                        
Y                                          |Y                                          
VNB                                        |VNB                                        
A1                                         |A1                                         
VPWR                                       |VPWR                                       
A2                                         |A2                                         
B1                                         |B1                                         
C1                                         |C1                                         
D1                                         |D1                                         
---------------------------------------------------------------------------------------
Cell pin lists are equivalent.
Device classes sky130_fd_sc_hd__a2111oi_0 and sky130_fd_sc_hd__a2111oi_0 are equivalent.

Subcircuit summary:
Circuit 1: sky130_fd_sc_hd__xor2_2         |Circuit 2: sky130_fd_sc_hd__xor2_2         
-------------------------------------------|-------------------------------------------
pfet_01v8_hvt (5)                          |pfet_01v8_hvt (5)                          
nfet_01v8 (5)                              |nfet_01v8 (5)                              
Number of devices: 10                      |Number of devices: 10                      
Number of nets: 11                         |Number of nets: 11                         
---------------------------------------------------------------------------------------
Circuits match uniquely.
Netlists match uniquely.

Subcircuit pins:
Circuit 1: sky130_fd_sc_hd__xor2_2         |Circuit 2: sky130_fd_sc_hd__xor2_2         
-------------------------------------------|-------------------------------------------
A                                          |A                                          
VGND                                       |VGND                                       
B                                          |B                                          
VNB                                        |VNB                                        
VPB                                        |VPB                                        
X                                          |X                                          
VPWR                                       |VPWR                                       
---------------------------------------------------------------------------------------
Cell pin lists are equivalent.
Device classes sky130_fd_sc_hd__xor2_2 and sky130_fd_sc_hd__xor2_2 are equivalent.

Subcircuit summary:
Circuit 1: sky130_fd_sc_hd__o211a_1        |Circuit 2: sky130_fd_sc_hd__o211a_1        
-------------------------------------------|-------------------------------------------
pfet_01v8_hvt (5)                          |pfet_01v8_hvt (5)                          
nfet_01v8 (5)                              |nfet_01v8 (5)                              
Number of devices: 10                      |Number of devices: 10                      
Number of nets: 13                         |Number of nets: 13                         
---------------------------------------------------------------------------------------
Circuits match uniquely.
Netlists match uniquely.

Subcircuit pins:
Circuit 1: sky130_fd_sc_hd__o211a_1        |Circuit 2: sky130_fd_sc_hd__o211a_1        
-------------------------------------------|-------------------------------------------
VGND                                       |VGND                                       
VPB                                        |VPB                                        
VNB                                        |VNB                                        
VPWR                                       |VPWR                                       
A1                                         |A1                                         
A2                                         |A2                                         
B1                                         |B1                                         
C1                                         |C1                                         
X                                          |X                                          
---------------------------------------------------------------------------------------
Cell pin lists are equivalent.
Device classes sky130_fd_sc_hd__o211a_1 and sky130_fd_sc_hd__o211a_1 are equivalent.

Subcircuit summary:
Circuit 1: sky130_fd_sc_hd__a21boi_1       |Circuit 2: sky130_fd_sc_hd__a21boi_1       
-------------------------------------------|-------------------------------------------
pfet_01v8_hvt (4)                          |pfet_01v8_hvt (4)                          
nfet_01v8 (4)                              |nfet_01v8 (4)                              
Number of devices: 8                       |Number of devices: 8                       
Number of nets: 11                         |Number of nets: 11                         
---------------------------------------------------------------------------------------
Circuits match uniquely.
Netlists match uniquely.

Subcircuit pins:
Circuit 1: sky130_fd_sc_hd__a21boi_1       |Circuit 2: sky130_fd_sc_hd__a21boi_1       
-------------------------------------------|-------------------------------------------
A2                                         |A2                                         
A1                                         |A1                                         
B1_N                                       |B1_N                                       
VPB                                        |VPB                                        
VNB                                        |VNB                                        
VPWR                                       |VPWR                                       
Y                                          |Y                                          
VGND                                       |VGND                                       
---------------------------------------------------------------------------------------
Cell pin lists are equivalent.
Device classes sky130_fd_sc_hd__a21boi_1 and sky130_fd_sc_hd__a21boi_1 are equivalent.

Subcircuit summary:
Circuit 1: sky130_fd_sc_hd__o41a_1         |Circuit 2: sky130_fd_sc_hd__o41a_1         
-------------------------------------------|-------------------------------------------
pfet_01v8_hvt (6)                          |pfet_01v8_hvt (6)                          
nfet_01v8 (6)                              |nfet_01v8 (6)                              
Number of devices: 12                      |Number of devices: 12                      
Number of nets: 15                         |Number of nets: 15                         
---------------------------------------------------------------------------------------
Circuits match uniquely.
Netlists match uniquely.

Subcircuit pins:
Circuit 1: sky130_fd_sc_hd__o41a_1         |Circuit 2: sky130_fd_sc_hd__o41a_1         
-------------------------------------------|-------------------------------------------
VPB                                        |VPB                                        
VNB                                        |VNB                                        
A1                                         |A1                                         
A2                                         |A2                                         
A3                                         |A3                                         
A4                                         |A4                                         
B1                                         |B1                                         
X                                          |X                                          
VGND                                       |VGND                                       
VPWR                                       |VPWR                                       
---------------------------------------------------------------------------------------
Cell pin lists are equivalent.
Device classes sky130_fd_sc_hd__o41a_1 and sky130_fd_sc_hd__o41a_1 are equivalent.

Subcircuit summary:
Circuit 1: sky130_fd_sc_hd__a21boi_2       |Circuit 2: sky130_fd_sc_hd__a21boi_2       
-------------------------------------------|-------------------------------------------
pfet_01v8_hvt (4)                          |pfet_01v8_hvt (4)                          
nfet_01v8 (6)                              |nfet_01v8 (4) **Mismatch**                 
Number of devices: 10 **Mismatch**         |Number of devices: 8 **Mismatch**          
Number of nets: 12 **Mismatch**            |Number of nets: 11 **Mismatch**            
---------------------------------------------------------------------------------------
NET mismatches: Class fragments follow (with fanout counts):
Circuit 1: sky130_fd_sc_hd__a21boi_2       |Circuit 2: sky130_fd_sc_hd__a21boi_2       

---------------------------------------------------------------------------------------
Net: Y                                     |Net: VPB                                   
  pfet_01v8_hvt/(drain|source) = 1         |  pfet_01v8_hvt/bulk = 4                   
  nfet_01v8/(drain|source) = 3             |                                           
                                           |                                           
Net: \$7                                   |Net: B1                                    
  pfet_01v8_hvt/gate = 1                   |  pfet_01v8_hvt/gate = 1                   
  pfet_01v8_hvt/(drain|source) = 1         |  pfet_01v8_hvt/(drain|source) = 1         
  nfet_01v8/(drain|source) = 1             |  nfet_01v8/gate = 1                       
  nfet_01v8/gate = 1                       |  nfet_01v8/(drain|source) = 1             
                                           |                                           
Net: VPB                                   |Net: VNB                                   
  pfet_01v8_hvt/bulk = 4                   |  nfet_01v8/bulk = 4                       
                                           |                                           
Net: VGND                                  |Net: B1_N                                  
  nfet_01v8/(drain|source) = 4             |  pfet_01v8_hvt/gate = 1                   
                                           |  nfet_01v8/gate = 1                       
                                           |                                           
Net: B1_N                                  |Net: sndA1                                 
  pfet_01v8_hvt/gate = 1                   |  nfet_01v8/(drain|source) = 2             
  nfet_01v8/gate = 1                       |                                           
                                           |                                           
Net: VNB                                   |(no matching net)                          
  nfet_01v8/bulk = 6                       |                                           
---------------------------------------------------------------------------------------

---------------------------------------------------------------------------------------
(no matching net)                          |Net: A2                                    
                                           |  pfet_01v8_hvt/gate = 1                   
                                           |  nfet_01v8/gate = 1                       
                                           |                                           
(no matching net)                          |Net: A1                                    
                                           |  pfet_01v8_hvt/gate = 1                   
                                           |  nfet_01v8/gate = 1                       
---------------------------------------------------------------------------------------

---------------------------------------------------------------------------------------
Net: \$11                                  |(no matching net)                          
  nfet_01v8/(drain|source) = 2             |                                           
                                           |                                           
Net: \$12                                  |(no matching net)                          
  nfet_01v8/(drain|source) = 2             |                                           
---------------------------------------------------------------------------------------

---------------------------------------------------------------------------------------
(no matching net)                          |Net: VGND                                  
                                           |  nfet_01v8/(drain|source) = 3             
                                           |                                           
(no matching net)                          |Net: Y                                     
                                           |  pfet_01v8_hvt/(drain|source) = 1         
                                           |  nfet_01v8/(drain|source) = 2             
                                           |                                           
(no matching net)                          |Net: VPWR                                  
                                           |  pfet_01v8_hvt/(drain|source) = 3         
                                           |                                           
(no matching net)                          |Net: net40                                 
                                           |  pfet_01v8_hvt/(drain|source) = 3         
---------------------------------------------------------------------------------------

---------------------------------------------------------------------------------------
Net: \$8                                   |(no matching net)                          
  pfet_01v8_hvt/(drain|source) = 3         |                                           
                                           |                                           
Net: VPWR                                  |(no matching net)                          
  pfet_01v8_hvt/(drain|source) = 3         |                                           
---------------------------------------------------------------------------------------

---------------------------------------------------------------------------------------
Net: A2                                    |(no matching net)                          
  pfet_01v8_hvt/gate = 1                   |                                           
  nfet_01v8/gate = 2                       |                                           
                                           |                                           
Net: A1                                    |(no matching net)                          
  pfet_01v8_hvt/gate = 1                   |                                           
  nfet_01v8/gate = 2                       |                                           
---------------------------------------------------------------------------------------
DEVICE mismatches: Class fragments follow (with node fanout counts):
Circuit 1: sky130_fd_sc_hd__a21boi_2       |Circuit 2: sky130_fd_sc_hd__a21boi_2       

---------------------------------------------------------------------------------------
Instance: nfet_01v8$11                     |Instance: nfet_01v8MINB1N                  
  (drain,source) = (4,2)                   |  (drain,source) = (4,3)                   
  gate = 3                                 |  gate = 2                                 
  bulk = 6                                 |  bulk = 4                                 
                                           |                                           
Instance: nfet_01v8$12                     |Instance: nfet_01v8MNB0                    
  (drain,source) = (4,2)                   |  (drain,source) = (3,3)                   
  gate = 3                                 |  gate = 4                                 
  bulk = 6                                 |  bulk = 4                                 
                                           |                                           
Instance: nfet_01v8$13                     |(no matching instance)                     
  (drain,source) = (4,2)                   |                                           
  gate = 3                                 |                                           
  bulk = 6                                 |                                           
                                           |                                           
                                           |                                           
Instance: nfet_01v8$14                     |(no matching instance)                     
  (drain,source) = (4,2)                   |                                           
  gate = 3                                 |                                           
  bulk = 6                                 |                                           
                                           |                                           
---------------------------------------------------------------------------------------

---------------------------------------------------------------------------------------
(no matching instance)                     |Instance: nfet_01v8MNA1                    
                                           |  (drain,source) = (3,2)                   
                                           |  gate = 2                                 
                                           |  bulk = 4                                 
                                           |                                           
                                           |                                           
(no matching instance)                     |Instance: nfet_01v8MNA0                    
                                           |  (drain,source) = (3,2)                   
                                           |  gate = 2                                 
                                           |  bulk = 4                                 
                                           |                                           
---------------------------------------------------------------------------------------

---------------------------------------------------------------------------------------
Instance: nfet_01v8$9                      |(no matching instance)                     
  (drain,source) = (4,4)                   |                                           
  gate = 4                                 |                                           
  bulk = 6                                 |                                           
                                           |                                           
                                           |                                           
Instance: nfet_01v8$8                      |(no matching instance)                     
  (drain,source) = (4,4)                   |                                           
  gate = 2                                 |                                           
  bulk = 6                                 |                                           
                                           |                                           
---------------------------------------------------------------------------------------

---------------------------------------------------------------------------------------
(no matching instance)                     |Instance: pfet_01v8_hvtMIPB1N              
                                           |  (drain,source) = (4,3)                   
                                           |  gate = 2                                 
                                           |  bulk = 4                                 
                                           |                                           
                                           |                                           
(no matching instance)                     |Instance: pfet_01v8_hvtMPB0                
                                           |  (drain,source) = (3,3)                   
                                           |  gate = 4                                 
                                           |  bulk = 4                                 
                                           |                                           
---------------------------------------------------------------------------------------

---------------------------------------------------------------------------------------
(no matching instance)                     |Instance: pfet_01v8_hvtMPA0                
                                           |  (drain,source) = (3,3)                   
                                           |  gate = 2                                 
                                           |  bulk = 4                                 
                                           |                                           
                                           |                                           
(no matching instance)                     |Instance: pfet_01v8_hvtMPA1                
                                           |  (drain,source) = (3,3)                   
                                           |  gate = 2                                 
                                           |  bulk = 4                                 
                                           |                                           
---------------------------------------------------------------------------------------

---------------------------------------------------------------------------------------
Instance: pfet_01v8_hvt$1                  |(no matching instance)                     
  (drain,source) = (4,3)                   |                                           
  gate = 4                                 |                                           
  bulk = 4                                 |                                           
                                           |                                           
                                           |                                           
Instance: pfet_01v8_hvt$7                  |(no matching instance)                     
  (drain,source) = (4,3)                   |                                           
  gate = 2                                 |                                           
  bulk = 4                                 |                                           
                                           |                                           
---------------------------------------------------------------------------------------

---------------------------------------------------------------------------------------
Instance: pfet_01v8_hvt$3                  |(no matching instance)                     
  (drain,source) = (3,3)                   |                                           
  gate = 3                                 |                                           
  bulk = 4                                 |                                           
                                           |                                           
                                           |                                           
Instance: pfet_01v8_hvt$4                  |(no matching instance)                     
  (drain,source) = (3,3)                   |                                           
  gate = 3                                 |                                           
  bulk = 4                                 |                                           
                                           |                                           
---------------------------------------------------------------------------------------
Netlists do not match.
  Flattening non-matched subcircuits sky130_fd_sc_hd__a21boi_2 sky130_fd_sc_hd__a21boi_2
Subcircuit summary:
Circuit 1: sky130_fd_sc_hd__o311a_1        |Circuit 2: sky130_fd_sc_hd__o311a_1        
-------------------------------------------|-------------------------------------------
pfet_01v8_hvt (6)                          |pfet_01v8_hvt (6)                          
nfet_01v8 (6)                              |nfet_01v8 (6)                              
Number of devices: 12                      |Number of devices: 12                      
Number of nets: 15                         |Number of nets: 15                         
---------------------------------------------------------------------------------------
Circuits match uniquely.
Netlists match uniquely.

Subcircuit pins:
Circuit 1: sky130_fd_sc_hd__o311a_1        |Circuit 2: sky130_fd_sc_hd__o311a_1        
-------------------------------------------|-------------------------------------------
A1                                         |A1                                         
A2                                         |A2                                         
A3                                         |A3                                         
B1                                         |B1                                         
C1                                         |C1                                         
X                                          |X                                          
VPB                                        |VPB                                        
VNB                                        |VNB                                        
VPWR                                       |VPWR                                       
VGND                                       |VGND                                       
---------------------------------------------------------------------------------------
Cell pin lists are equivalent.
Device classes sky130_fd_sc_hd__o311a_1 and sky130_fd_sc_hd__o311a_1 are equivalent.

Subcircuit summary:
Circuit 1: sky130_fd_sc_hd__or4_1          |Circuit 2: sky130_fd_sc_hd__or4_1          
-------------------------------------------|-------------------------------------------
pfet_01v8_hvt (5)                          |pfet_01v8_hvt (5)                          
nfet_01v8 (5)                              |nfet_01v8 (5)                              
Number of devices: 10                      |Number of devices: 10                      
Number of nets: 13                         |Number of nets: 13                         
---------------------------------------------------------------------------------------
Circuits match uniquely.
Netlists match uniquely.

Subcircuit pins:
Circuit 1: sky130_fd_sc_hd__or4_1          |Circuit 2: sky130_fd_sc_hd__or4_1          
-------------------------------------------|-------------------------------------------
VPB                                        |VPB                                        
VGND                                       |VGND                                       
VNB                                        |VNB                                        
VPWR                                       |VPWR                                       
A                                          |A                                          
B                                          |B                                          
C                                          |C                                          
D                                          |D                                          
X                                          |X                                          
---------------------------------------------------------------------------------------
Cell pin lists are equivalent.
Device classes sky130_fd_sc_hd__or4_1 and sky130_fd_sc_hd__or4_1 are equivalent.

Subcircuit summary:
Circuit 1: sky130_fd_sc_hd__o221a_2        |Circuit 2: sky130_fd_sc_hd__o221a_2        
-------------------------------------------|-------------------------------------------
pfet_01v8_hvt (6)                          |pfet_01v8_hvt (6)                          
nfet_01v8 (6)                              |nfet_01v8 (6)                              
Number of devices: 12                      |Number of devices: 12                      
Number of nets: 15                         |Number of nets: 15                         
---------------------------------------------------------------------------------------
Circuits match uniquely.
Netlists match uniquely.

Subcircuit pins:
Circuit 1: sky130_fd_sc_hd__o221a_2        |Circuit 2: sky130_fd_sc_hd__o221a_2        
-------------------------------------------|-------------------------------------------
VGND                                       |VGND                                       
VPB                                        |VPB                                        
VNB                                        |VNB                                        
A1                                         |A1                                         
B1                                         |B1                                         
A2                                         |A2                                         
B2                                         |B2                                         
C1                                         |C1                                         
X                                          |X                                          
VPWR                                       |VPWR                                       
---------------------------------------------------------------------------------------
Cell pin lists are equivalent.
Device classes sky130_fd_sc_hd__o221a_2 and sky130_fd_sc_hd__o221a_2 are equivalent.

Subcircuit summary:
Circuit 1: sky130_fd_sc_hd__inv_6          |Circuit 2: sky130_fd_sc_hd__inv_6          
-------------------------------------------|-------------------------------------------
pfet_01v8_hvt (1)                          |pfet_01v8_hvt (1)                          
nfet_01v8 (1)                              |nfet_01v8 (1)                              
Number of devices: 2                       |Number of devices: 2                       
Number of nets: 6                          |Number of nets: 6                          
---------------------------------------------------------------------------------------
Circuits match uniquely.
Netlists match uniquely.

Subcircuit pins:
Circuit 1: sky130_fd_sc_hd__inv_6          |Circuit 2: sky130_fd_sc_hd__inv_6          
-------------------------------------------|-------------------------------------------
VGND                                       |VGND                                       
VNB                                        |VNB                                        
VPWR                                       |VPWR                                       
VPB                                        |VPB                                        
A                                          |A                                          
(no matching pin)                          |Y                                          
---------------------------------------------------------------------------------------
Cell pin lists for sky130_fd_sc_hd__inv_6 and sky130_fd_sc_hd__inv_6 altered to match.

Subcircuit summary:
Circuit 1: sky130_fd_sc_hd__nand3b_1       |Circuit 2: sky130_fd_sc_hd__nand3b_1       
-------------------------------------------|-------------------------------------------
pfet_01v8_hvt (4)                          |pfet_01v8_hvt (4)                          
nfet_01v8 (4)                              |nfet_01v8 (4)                              
Number of devices: 8                       |Number of devices: 8                       
Number of nets: 11                         |Number of nets: 11                         
---------------------------------------------------------------------------------------
Circuits match uniquely.
Netlists match uniquely.

Subcircuit pins:
Circuit 1: sky130_fd_sc_hd__nand3b_1       |Circuit 2: sky130_fd_sc_hd__nand3b_1       
-------------------------------------------|-------------------------------------------
B                                          |B                                          
C                                          |C                                          
A_N                                        |A_N                                        
VGND                                       |VGND                                       
Y                                          |Y                                          
VPWR                                       |VPWR                                       
VPB                                        |VPB                                        
VNB                                        |VNB                                        
---------------------------------------------------------------------------------------
Cell pin lists are equivalent.
Device classes sky130_fd_sc_hd__nand3b_1 and sky130_fd_sc_hd__nand3b_1 are equivalent.

Subcircuit summary:
Circuit 1: sky130_fd_sc_hd__nand2_4        |Circuit 2: sky130_fd_sc_hd__nand2_4        
-------------------------------------------|-------------------------------------------
pfet_01v8_hvt (2)                          |pfet_01v8_hvt (2)                          
nfet_01v8 (2)                              |nfet_01v8 (2)                              
Number of devices: 4                       |Number of devices: 4                       
Number of nets: 8                          |Number of nets: 8                          
---------------------------------------------------------------------------------------
Circuits match uniquely.
Netlists match uniquely.

Subcircuit pins:
Circuit 1: sky130_fd_sc_hd__nand2_4        |Circuit 2: sky130_fd_sc_hd__nand2_4        
-------------------------------------------|-------------------------------------------
VGND                                       |VGND                                       
A                                          |A                                          
VPWR                                       |VPWR                                       
VPB                                        |VPB                                        
B                                          |B                                          
VNB                                        |VNB                                        
Y                                          |Y                                          
---------------------------------------------------------------------------------------
Cell pin lists are equivalent.
Device classes sky130_fd_sc_hd__nand2_4 and sky130_fd_sc_hd__nand2_4 are equivalent.

Subcircuit summary:
Circuit 1: sky130_fd_sc_hd__a2111o_1       |Circuit 2: sky130_fd_sc_hd__a2111o_1       
-------------------------------------------|-------------------------------------------
pfet_01v8_hvt (6)                          |pfet_01v8_hvt (6)                          
nfet_01v8 (6)                              |nfet_01v8 (6)                              
Number of devices: 12                      |Number of devices: 12                      
Number of nets: 15                         |Number of nets: 15                         
---------------------------------------------------------------------------------------
Circuits match uniquely.
Netlists match uniquely.

Subcircuit pins:
Circuit 1: sky130_fd_sc_hd__a2111o_1       |Circuit 2: sky130_fd_sc_hd__a2111o_1       
-------------------------------------------|-------------------------------------------
VGND                                       |VGND                                       
VPWR                                       |VPWR                                       
VPB                                        |VPB                                        
VNB                                        |VNB                                        
A1                                         |A1                                         
A2                                         |A2                                         
B1                                         |B1                                         
C1                                         |C1                                         
D1                                         |D1                                         
X                                          |X                                          
---------------------------------------------------------------------------------------
Cell pin lists are equivalent.
Device classes sky130_fd_sc_hd__a2111o_1 and sky130_fd_sc_hd__a2111o_1 are equivalent.

Subcircuit summary:
Circuit 1: sky130_fd_sc_hd__mux2i_4        |Circuit 2: sky130_fd_sc_hd__mux2i_4        
-------------------------------------------|-------------------------------------------
pfet_01v8_hvt (5)                          |pfet_01v8_hvt (5)                          
nfet_01v8 (5)                              |nfet_01v8 (5)                              
Number of devices: 10                      |Number of devices: 10                      
Number of nets: 13                         |Number of nets: 13                         
---------------------------------------------------------------------------------------
Circuits match uniquely.
Netlists match uniquely.

Subcircuit pins:
Circuit 1: sky130_fd_sc_hd__mux2i_4        |Circuit 2: sky130_fd_sc_hd__mux2i_4        
-------------------------------------------|-------------------------------------------
VNB                                        |VNB                                        
VPB                                        |VPB                                        
VGND                                       |VGND                                       
VPWR                                       |VPWR                                       
Y                                          |Y                                          
S                                          |S                                          
A0                                         |A0                                         
A1                                         |A1                                         
---------------------------------------------------------------------------------------
Cell pin lists are equivalent.
Device classes sky130_fd_sc_hd__mux2i_4 and sky130_fd_sc_hd__mux2i_4 are equivalent.

Subcircuit summary:
Circuit 1: sky130_fd_sc_hd__o21ai_4        |Circuit 2: sky130_fd_sc_hd__o21ai_4        
-------------------------------------------|-------------------------------------------
pfet_01v8_hvt (3)                          |pfet_01v8_hvt (3)                          
nfet_01v8 (3)                              |nfet_01v8 (3)                              
Number of devices: 6                       |Number of devices: 6                       
Number of nets: 10                         |Number of nets: 10                         
---------------------------------------------------------------------------------------
Circuits match uniquely.
Netlists match uniquely.

Subcircuit pins:
Circuit 1: sky130_fd_sc_hd__o21ai_4        |Circuit 2: sky130_fd_sc_hd__o21ai_4        
-------------------------------------------|-------------------------------------------
VPB                                        |VPB                                        
Y                                          |Y                                          
VNB                                        |VNB                                        
A1                                         |A1                                         
VPWR                                       |VPWR                                       
A2                                         |A2                                         
B1                                         |B1                                         
VGND                                       |VGND                                       
---------------------------------------------------------------------------------------
Cell pin lists are equivalent.
Device classes sky130_fd_sc_hd__o21ai_4 and sky130_fd_sc_hd__o21ai_4 are equivalent.

Subcircuit summary:
Circuit 1: sky130_fd_sc_hd__o311ai_1       |Circuit 2: sky130_fd_sc_hd__o311ai_1       
-------------------------------------------|-------------------------------------------
pfet_01v8_hvt (5)                          |pfet_01v8_hvt (5)                          
nfet_01v8 (5)                              |nfet_01v8 (5)                              
Number of devices: 10                      |Number of devices: 10                      
Number of nets: 14                         |Number of nets: 14                         
---------------------------------------------------------------------------------------
Circuits match uniquely.
Netlists match uniquely.

Subcircuit pins:
Circuit 1: sky130_fd_sc_hd__o311ai_1       |Circuit 2: sky130_fd_sc_hd__o311ai_1       
-------------------------------------------|-------------------------------------------
Y                                          |Y                                          
VPB                                        |VPB                                        
VNB                                        |VNB                                        
VPWR                                       |VPWR                                       
VGND                                       |VGND                                       
A1                                         |A1                                         
A2                                         |A2                                         
A3                                         |A3                                         
C1                                         |C1                                         
B1                                         |B1                                         
---------------------------------------------------------------------------------------
Cell pin lists are equivalent.
Device classes sky130_fd_sc_hd__o311ai_1 and sky130_fd_sc_hd__o311ai_1 are equivalent.

Subcircuit summary:
Circuit 1: sky130_fd_sc_hd__clkinv_16      |Circuit 2: sky130_fd_sc_hd__clkinv_16      
-------------------------------------------|-------------------------------------------
pfet_01v8_hvt (1)                          |pfet_01v8_hvt (1)                          
nfet_01v8 (1)                              |nfet_01v8 (1)                              
Number of devices: 2                       |Number of devices: 2                       
Number of nets: 6                          |Number of nets: 6                          
---------------------------------------------------------------------------------------
Circuits match uniquely.
Netlists match uniquely.

Subcircuit pins:
Circuit 1: sky130_fd_sc_hd__clkinv_16      |Circuit 2: sky130_fd_sc_hd__clkinv_16      
-------------------------------------------|-------------------------------------------
VGND                                       |VGND                                       
VNB                                        |VNB                                        
VPWR                                       |VPWR                                       
VPB                                        |VPB                                        
A                                          |A                                          
(no matching pin)                          |Y                                          
---------------------------------------------------------------------------------------
Cell pin lists for sky130_fd_sc_hd__clkinv_16 and sky130_fd_sc_hd__clkinv_16 altered to match.

Subcircuit summary:
Circuit 1: sky130_fd_sc_hd__nand3_2        |Circuit 2: sky130_fd_sc_hd__nand3_2        
-------------------------------------------|-------------------------------------------
pfet_01v8_hvt (3)                          |pfet_01v8_hvt (3)                          
nfet_01v8 (3)                              |nfet_01v8 (3)                              
Number of devices: 6                       |Number of devices: 6                       
Number of nets: 10                         |Number of nets: 10                         
---------------------------------------------------------------------------------------
Circuits match uniquely.
Netlists match uniquely.

Subcircuit pins:
Circuit 1: sky130_fd_sc_hd__nand3_2        |Circuit 2: sky130_fd_sc_hd__nand3_2        
-------------------------------------------|-------------------------------------------
VGND                                       |VGND                                       
VPWR                                       |VPWR                                       
VPB                                        |VPB                                        
VNB                                        |VNB                                        
A                                          |A                                          
B                                          |B                                          
C                                          |C                                          
Y                                          |Y                                          
---------------------------------------------------------------------------------------
Cell pin lists are equivalent.
Device classes sky130_fd_sc_hd__nand3_2 and sky130_fd_sc_hd__nand3_2 are equivalent.

Subcircuit summary:
Circuit 1: sky130_fd_sc_hd__and3b_1        |Circuit 2: sky130_fd_sc_hd__and3b_1        
-------------------------------------------|-------------------------------------------
pfet_01v8_hvt (5)                          |pfet_01v8_hvt (5)                          
nfet_01v8 (5)                              |nfet_01v8 (5)                              
Number of devices: 10                      |Number of devices: 10                      
Number of nets: 12                         |Number of nets: 12                         
---------------------------------------------------------------------------------------
Circuits match uniquely.
Netlists match uniquely.

Subcircuit pins:
Circuit 1: sky130_fd_sc_hd__and3b_1        |Circuit 2: sky130_fd_sc_hd__and3b_1        
-------------------------------------------|-------------------------------------------
VGND                                       |VGND                                       
B                                          |B                                          
C                                          |C                                          
A_N                                        |A_N                                        
X                                          |X                                          
VPWR                                       |VPWR                                       
VPB                                        |VPB                                        
VNB                                        |VNB                                        
---------------------------------------------------------------------------------------
Cell pin lists are equivalent.
Device classes sky130_fd_sc_hd__and3b_1 and sky130_fd_sc_hd__and3b_1 are equivalent.

Subcircuit summary:
Circuit 1: sky130_fd_sc_hd__and2_0         |Circuit 2: sky130_fd_sc_hd__and2_0         
-------------------------------------------|-------------------------------------------
pfet_01v8_hvt (3)                          |pfet_01v8_hvt (3)                          
nfet_01v8 (3)                              |nfet_01v8 (3)                              
Number of devices: 6                       |Number of devices: 6                       
Number of nets: 9                          |Number of nets: 9                          
---------------------------------------------------------------------------------------
Circuits match uniquely.
Netlists match uniquely.

Subcircuit pins:
Circuit 1: sky130_fd_sc_hd__and2_0         |Circuit 2: sky130_fd_sc_hd__and2_0         
-------------------------------------------|-------------------------------------------
VPWR                                       |VPWR                                       
VPB                                        |VPB                                        
VNB                                        |VNB                                        
A                                          |A                                          
B                                          |B                                          
X                                          |X                                          
VGND                                       |VGND                                       
---------------------------------------------------------------------------------------
Cell pin lists are equivalent.
Device classes sky130_fd_sc_hd__and2_0 and sky130_fd_sc_hd__and2_0 are equivalent.

Subcircuit summary:
Circuit 1: sky130_fd_sc_hd__a22o_1         |Circuit 2: sky130_fd_sc_hd__a22o_1         
-------------------------------------------|-------------------------------------------
pfet_01v8_hvt (5)                          |pfet_01v8_hvt (5)                          
nfet_01v8 (5)                              |nfet_01v8 (5)                              
Number of devices: 10                      |Number of devices: 10                      
Number of nets: 13                         |Number of nets: 13                         
---------------------------------------------------------------------------------------
Circuits match uniquely.
Netlists match uniquely.

Subcircuit pins:
Circuit 1: sky130_fd_sc_hd__a22o_1         |Circuit 2: sky130_fd_sc_hd__a22o_1         
-------------------------------------------|-------------------------------------------
VPB                                        |VPB                                        
VNB                                        |VNB                                        
VPWR                                       |VPWR                                       
VGND                                       |VGND                                       
A1                                         |A1                                         
A2                                         |A2                                         
B1                                         |B1                                         
B2                                         |B2                                         
X                                          |X                                          
---------------------------------------------------------------------------------------
Cell pin lists are equivalent.
Device classes sky130_fd_sc_hd__a22o_1 and sky130_fd_sc_hd__a22o_1 are equivalent.

Subcircuit summary:
Circuit 1: sky130_fd_sc_hd__a211o_1        |Circuit 2: sky130_fd_sc_hd__a211o_1        
-------------------------------------------|-------------------------------------------
pfet_01v8_hvt (5)                          |pfet_01v8_hvt (5)                          
nfet_01v8 (5)                              |nfet_01v8 (5)                              
Number of devices: 10                      |Number of devices: 10                      
Number of nets: 13                         |Number of nets: 13                         
---------------------------------------------------------------------------------------
Circuits match uniquely.
Netlists match uniquely.

Subcircuit pins:
Circuit 1: sky130_fd_sc_hd__a211o_1        |Circuit 2: sky130_fd_sc_hd__a211o_1        
-------------------------------------------|-------------------------------------------
VGND                                       |VGND                                       
VPB                                        |VPB                                        
VNB                                        |VNB                                        
A1                                         |A1                                         
A2                                         |A2                                         
B1                                         |B1                                         
C1                                         |C1                                         
X                                          |X                                          
VPWR                                       |VPWR                                       
---------------------------------------------------------------------------------------
Cell pin lists are equivalent.
Device classes sky130_fd_sc_hd__a211o_1 and sky130_fd_sc_hd__a211o_1 are equivalent.

Subcircuit summary:
Circuit 1: sky130_fd_sc_hd__or3b_2         |Circuit 2: sky130_fd_sc_hd__or3b_2         
-------------------------------------------|-------------------------------------------
pfet_01v8_hvt (5)                          |pfet_01v8_hvt (5)                          
nfet_01v8 (5)                              |nfet_01v8 (5)                              
Number of devices: 10                      |Number of devices: 10                      
Number of nets: 12                         |Number of nets: 12                         
---------------------------------------------------------------------------------------
Circuits match uniquely.
Netlists match uniquely.

Subcircuit pins:
Circuit 1: sky130_fd_sc_hd__or3b_2         |Circuit 2: sky130_fd_sc_hd__or3b_2         
-------------------------------------------|-------------------------------------------
VPB                                        |VPB                                        
VGND                                       |VGND                                       
VNB                                        |VNB                                        
VPWR                                       |VPWR                                       
A                                          |A                                          
B                                          |B                                          
C_N                                        |C_N                                        
X                                          |X                                          
---------------------------------------------------------------------------------------
Cell pin lists are equivalent.
Device classes sky130_fd_sc_hd__or3b_2 and sky130_fd_sc_hd__or3b_2 are equivalent.

Subcircuit summary:
Circuit 1: sky130_fd_sc_hd__a211oi_2       |Circuit 2: sky130_fd_sc_hd__a211oi_2       
-------------------------------------------|-------------------------------------------
pfet_01v8_hvt (4)                          |pfet_01v8_hvt (4)                          
nfet_01v8 (4)                              |nfet_01v8 (4)                              
Number of devices: 8                       |Number of devices: 8                       
Number of nets: 12                         |Number of nets: 12                         
---------------------------------------------------------------------------------------
Circuits match uniquely.
Netlists match uniquely.

Subcircuit pins:
Circuit 1: sky130_fd_sc_hd__a211oi_2       |Circuit 2: sky130_fd_sc_hd__a211oi_2       
-------------------------------------------|-------------------------------------------
VPB                                        |VPB                                        
Y                                          |Y                                          
VNB                                        |VNB                                        
A1                                         |A1                                         
VPWR                                       |VPWR                                       
A2                                         |A2                                         
B1                                         |B1                                         
C1                                         |C1                                         
VGND                                       |VGND                                       
---------------------------------------------------------------------------------------
Cell pin lists are equivalent.
Device classes sky130_fd_sc_hd__a211oi_2 and sky130_fd_sc_hd__a211oi_2 are equivalent.

Subcircuit summary:
Circuit 1: sky130_fd_sc_hd__a31o_2         |Circuit 2: sky130_fd_sc_hd__a31o_2         
-------------------------------------------|-------------------------------------------
pfet_01v8_hvt (5)                          |pfet_01v8_hvt (5)                          
nfet_01v8 (5)                              |nfet_01v8 (5)                              
Number of devices: 10                      |Number of devices: 10                      
Number of nets: 13                         |Number of nets: 13                         
---------------------------------------------------------------------------------------
Circuits match uniquely.
Netlists match uniquely.

Subcircuit pins:
Circuit 1: sky130_fd_sc_hd__a31o_2         |Circuit 2: sky130_fd_sc_hd__a31o_2         
-------------------------------------------|-------------------------------------------
VGND                                       |VGND                                       
VPWR                                       |VPWR                                       
VPB                                        |VPB                                        
VNB                                        |VNB                                        
A1                                         |A1                                         
A2                                         |A2                                         
A3                                         |A3                                         
B1                                         |B1                                         
X                                          |X                                          
---------------------------------------------------------------------------------------
Cell pin lists are equivalent.
Device classes sky130_fd_sc_hd__a31o_2 and sky130_fd_sc_hd__a31o_2 are equivalent.

Subcircuit summary:
Circuit 1: sky130_fd_sc_hd__o221ai_2       |Circuit 2: sky130_fd_sc_hd__o221ai_2       
-------------------------------------------|-------------------------------------------
pfet_01v8_hvt (5)                          |pfet_01v8_hvt (5)                          
nfet_01v8 (5)                              |nfet_01v8 (5)                              
Number of devices: 10                      |Number of devices: 10                      
Number of nets: 14                         |Number of nets: 14                         
---------------------------------------------------------------------------------------
Circuits match uniquely.
Netlists match uniquely.

Subcircuit pins:
Circuit 1: sky130_fd_sc_hd__o221ai_2       |Circuit 2: sky130_fd_sc_hd__o221ai_2       
-------------------------------------------|-------------------------------------------
VPB                                        |VPB                                        
VNB                                        |VNB                                        
VPWR                                       |VPWR                                       
A1                                         |A1                                         
A2                                         |A2                                         
B1                                         |B1                                         
B2                                         |B2                                         
C1                                         |C1                                         
VGND                                       |VGND                                       
Y                                          |Y                                          
---------------------------------------------------------------------------------------
Cell pin lists are equivalent.
Device classes sky130_fd_sc_hd__o221ai_2 and sky130_fd_sc_hd__o221ai_2 are equivalent.

Subcircuit summary:
Circuit 1: sky130_fd_sc_hd__o31ai_4        |Circuit 2: sky130_fd_sc_hd__o31ai_4        
-------------------------------------------|-------------------------------------------
pfet_01v8_hvt (4)                          |pfet_01v8_hvt (4)                          
nfet_01v8 (4)                              |nfet_01v8 (4)                              
Number of devices: 8                       |Number of devices: 8                       
Number of nets: 12                         |Number of nets: 12                         
---------------------------------------------------------------------------------------
Circuits match uniquely.
Netlists match uniquely.

Subcircuit pins:
Circuit 1: sky130_fd_sc_hd__o31ai_4        |Circuit 2: sky130_fd_sc_hd__o31ai_4        
-------------------------------------------|-------------------------------------------
VPB                                        |VPB                                        
VNB                                        |VNB                                        
Y                                          |Y                                          
VGND                                       |VGND                                       
A2                                         |A2                                         
A1                                         |A1                                         
VPWR                                       |VPWR                                       
B1                                         |B1                                         
A3                                         |A3                                         
---------------------------------------------------------------------------------------
Cell pin lists are equivalent.
Device classes sky130_fd_sc_hd__o31ai_4 and sky130_fd_sc_hd__o31ai_4 are equivalent.

Subcircuit summary:
Circuit 1: sky130_fd_sc_hd__fa_2           |Circuit 2: sky130_fd_sc_hd__fa_2           
-------------------------------------------|-------------------------------------------
pfet_01v8_hvt (14)                         |pfet_01v8_hvt (14)                         
nfet_01v8 (14)                             |nfet_01v8 (14)                             
Number of devices: 28                      |Number of devices: 28                      
Number of nets: 21                         |Number of nets: 21                         
---------------------------------------------------------------------------------------
Circuits match uniquely.
Netlists match uniquely.

Subcircuit pins:
Circuit 1: sky130_fd_sc_hd__fa_2           |Circuit 2: sky130_fd_sc_hd__fa_2           
-------------------------------------------|-------------------------------------------
COUT                                       |COUT                                       
SUM                                        |SUM                                        
CIN                                        |CIN                                        
VNB                                        |VNB                                        
VPB                                        |VPB                                        
VGND                                       |VGND                                       
VPWR                                       |VPWR                                       
B                                          |B                                          
A                                          |A                                          
---------------------------------------------------------------------------------------
Cell pin lists are equivalent.
Device classes sky130_fd_sc_hd__fa_2 and sky130_fd_sc_hd__fa_2 are equivalent.

Subcircuit summary:
Circuit 1: sky130_fd_sc_hd__o31a_2         |Circuit 2: sky130_fd_sc_hd__o31a_2         
-------------------------------------------|-------------------------------------------
pfet_01v8_hvt (5)                          |pfet_01v8_hvt (5)                          
nfet_01v8 (5)                              |nfet_01v8 (5)                              
Number of devices: 10                      |Number of devices: 10                      
Number of nets: 13                         |Number of nets: 13                         
---------------------------------------------------------------------------------------
Circuits match uniquely.
Netlists match uniquely.

Subcircuit pins:
Circuit 1: sky130_fd_sc_hd__o31a_2         |Circuit 2: sky130_fd_sc_hd__o31a_2         
-------------------------------------------|-------------------------------------------
VGND                                       |VGND                                       
VPWR                                       |VPWR                                       
VPB                                        |VPB                                        
VNB                                        |VNB                                        
A1                                         |A1                                         
A2                                         |A2                                         
A3                                         |A3                                         
B1                                         |B1                                         
X                                          |X                                          
---------------------------------------------------------------------------------------
Cell pin lists are equivalent.
Device classes sky130_fd_sc_hd__o31a_2 and sky130_fd_sc_hd__o31a_2 are equivalent.

Subcircuit summary:
Circuit 1: sky130_fd_sc_hd__a31oi_4        |Circuit 2: sky130_fd_sc_hd__a31oi_4        
-------------------------------------------|-------------------------------------------
pfet_01v8_hvt (4)                          |pfet_01v8_hvt (4)                          
nfet_01v8 (4)                              |nfet_01v8 (4)                              
Number of devices: 8                       |Number of devices: 8                       
Number of nets: 12                         |Number of nets: 12                         
---------------------------------------------------------------------------------------
Circuits match uniquely.
Netlists match uniquely.

Subcircuit pins:
Circuit 1: sky130_fd_sc_hd__a31oi_4        |Circuit 2: sky130_fd_sc_hd__a31oi_4        
-------------------------------------------|-------------------------------------------
VPB                                        |VPB                                        
VNB                                        |VNB                                        
A2                                         |A2                                         
A3                                         |A3                                         
B1                                         |B1                                         
A1                                         |A1                                         
VGND                                       |VGND                                       
VPWR                                       |VPWR                                       
Y                                          |Y                                          
---------------------------------------------------------------------------------------
Cell pin lists are equivalent.
Device classes sky130_fd_sc_hd__a31oi_4 and sky130_fd_sc_hd__a31oi_4 are equivalent.

Subcircuit summary:
Circuit 1: sky130_fd_sc_hd__a21bo_2        |Circuit 2: sky130_fd_sc_hd__a21bo_2        
-------------------------------------------|-------------------------------------------
pfet_01v8_hvt (5)                          |pfet_01v8_hvt (5)                          
nfet_01v8 (5)                              |nfet_01v8 (5)                              
Number of devices: 10                      |Number of devices: 10                      
Number of nets: 12                         |Number of nets: 12                         
---------------------------------------------------------------------------------------
Circuits match uniquely.
Netlists match uniquely.

Subcircuit pins:
Circuit 1: sky130_fd_sc_hd__a21bo_2        |Circuit 2: sky130_fd_sc_hd__a21bo_2        
-------------------------------------------|-------------------------------------------
A1                                         |A1                                         
A2                                         |A2                                         
B1_N                                       |B1_N                                       
X                                          |X                                          
VPB                                        |VPB                                        
VNB                                        |VNB                                        
VPWR                                       |VPWR                                       
VGND                                       |VGND                                       
---------------------------------------------------------------------------------------
Cell pin lists are equivalent.
Device classes sky130_fd_sc_hd__a21bo_2 and sky130_fd_sc_hd__a21bo_2 are equivalent.

Subcircuit summary:
Circuit 1: sky130_fd_sc_hd__inv_4          |Circuit 2: sky130_fd_sc_hd__inv_4          
-------------------------------------------|-------------------------------------------
pfet_01v8_hvt (1)                          |pfet_01v8_hvt (1)                          
nfet_01v8 (1)                              |nfet_01v8 (1)                              
Number of devices: 2                       |Number of devices: 2                       
Number of nets: 6                          |Number of nets: 6                          
---------------------------------------------------------------------------------------
Circuits match uniquely.
Netlists match uniquely.

Subcircuit pins:
Circuit 1: sky130_fd_sc_hd__inv_4          |Circuit 2: sky130_fd_sc_hd__inv_4          
-------------------------------------------|-------------------------------------------
VPWR                                       |VPWR                                       
VPB                                        |VPB                                        
VGND                                       |VGND                                       
VNB                                        |VNB                                        
Y                                          |Y                                          
A                                          |A                                          
---------------------------------------------------------------------------------------
Cell pin lists are equivalent.
Device classes sky130_fd_sc_hd__inv_4 and sky130_fd_sc_hd__inv_4 are equivalent.

Subcircuit summary:
Circuit 1: sha256                          |Circuit 2: sha256                          
-------------------------------------------|-------------------------------------------
sky130_fd_sc_hd__dfrtp_1 (2562)            |sky130_fd_sc_hd__dfrtp_1 (2562)            
sky130_fd_sc_hd__buf_4 (987)               |sky130_fd_sc_hd__buf_4 (987)               
sky130_fd_sc_hd__buf_12 (90)               |sky130_fd_sc_hd__buf_12 (90)               
sky130_fd_sc_hd__nand2_1 (2271)            |sky130_fd_sc_hd__nand2_1 (2271)            
sky130_fd_sc_hd__o21ai_0 (2635)            |sky130_fd_sc_hd__o21ai_0 (2635)            
sky130_fd_sc_hd__clkinv_4 (14)             |sky130_fd_sc_hd__clkinv_4 (14)             
sky130_fd_sc_hd__clkbuf_16 (337)           |sky130_fd_sc_hd__clkbuf_16 (337)           
sky130_fd_sc_hd__clkinv_2 (57)             |sky130_fd_sc_hd__clkinv_2 (57)             
sky130_fd_sc_hd__clkdlybuf4s50_1 (768)     |sky130_fd_sc_hd__clkdlybuf4s50_1 (768)     
sky130_fd_sc_hd__xor2_1 (143)              |sky130_fd_sc_hd__xor2_1 (143)              
sky130_fd_sc_hd__nor2_1 (428)              |sky130_fd_sc_hd__nor2_1 (428)              
sky130_fd_sc_hd__fa_1 (185)                |sky130_fd_sc_hd__fa_1 (185)                
sky130_fd_sc_hd__xnor2_1 (397)             |sky130_fd_sc_hd__xnor2_1 (397)             
sky130_fd_sc_hd__o21ai_1 (26)              |sky130_fd_sc_hd__o21ai_1 (26)              
sky130_fd_sc_hd__or3_1 (12)                |sky130_fd_sc_hd__or3_1 (12)                
sky130_fd_sc_hd__nand3_1 (73)              |sky130_fd_sc_hd__nand3_1 (73)              
sky130_fd_sc_hd__a21oi_1 (352)             |sky130_fd_sc_hd__a21oi_1 (352)             
sky130_fd_sc_hd__inv_1 (97)                |sky130_fd_sc_hd__inv_1 (97)                
sky130_fd_sc_hd__mux2i_1 (740)             |sky130_fd_sc_hd__mux2i_1 (740)             
sky130_fd_sc_hd__nand2b_1 (128)            |sky130_fd_sc_hd__nand2b_1 (128)            
sky130_fd_sc_hd__nor2b_4 (1)               |sky130_fd_sc_hd__nor2b_4 (1)               
sky130_fd_sc_hd__mux2_2 (33)               |sky130_fd_sc_hd__mux2_2 (33)               
sky130_fd_sc_hd__ha_1 (140)                |sky130_fd_sc_hd__ha_1 (140)                
sky130_fd_sc_hd__nor3_1 (76)               |sky130_fd_sc_hd__nor3_1 (76)               
sky130_fd_sc_hd__nor2b_1 (34)              |sky130_fd_sc_hd__nor2b_1 (34)              
sky130_fd_sc_hd__o21a_1 (24)               |sky130_fd_sc_hd__o21a_1 (24)               
sky130_fd_sc_hd__maj3_1 (32)               |sky130_fd_sc_hd__maj3_1 (32)               
sky130_fd_sc_hd__clkbuf_8 (51)             |sky130_fd_sc_hd__clkbuf_8 (51)             
sky130_fd_sc_hd__clkbuf_1 (46)             |sky130_fd_sc_hd__clkbuf_1 (46)             
sky130_fd_sc_hd__o31ai_1 (25)              |sky130_fd_sc_hd__o31ai_1 (25)              
sky130_fd_sc_hd__a22oi_1 (494)             |sky130_fd_sc_hd__a22oi_1 (494)             
sky130_fd_sc_hd__mux4_2 (1689)             |sky130_fd_sc_hd__mux4_2 (1689)             
sky130_fd_sc_hd__o22ai_1 (169)             |sky130_fd_sc_hd__o22ai_1 (169)             
sky130_fd_sc_hd__o221ai_1 (195)            |sky130_fd_sc_hd__o221ai_1 (195)            
sky130_fd_sc_hd__bufinv_16 (25)            |sky130_fd_sc_hd__bufinv_16 (25)            
sky130_fd_sc_hd__nand2_2 (33)              |sky130_fd_sc_hd__nand2_2 (33)              
sky130_fd_sc_hd__xor2_4 (3)                |sky130_fd_sc_hd__xor2_4 (3)                
sky130_fd_sc_hd__inv_2 (1)                 |sky130_fd_sc_hd__inv_2 (1)                 
sky130_fd_sc_hd__xnor2_2 (38)              |sky130_fd_sc_hd__xnor2_2 (38)              
sky130_fd_sc_hd__buf_16 (33)               |sky130_fd_sc_hd__buf_16 (33)               
sky130_fd_sc_hd__ha_2 (1)                  |sky130_fd_sc_hd__ha_2 (1)                  
sky130_fd_sc_hd__dfrtp_4 (6)               |sky130_fd_sc_hd__dfrtp_4 (6)               
sky130_fd_sc_hd__a31oi_1 (44)              |sky130_fd_sc_hd__a31oi_1 (44)              
sky130_fd_sc_hd__o211ai_1 (16)             |sky130_fd_sc_hd__o211ai_1 (16)             
sky130_fd_sc_hd__a221oi_1 (12)             |sky130_fd_sc_hd__a221oi_1 (12)             
sky130_fd_sc_hd__a211oi_1 (34)             |sky130_fd_sc_hd__a211oi_1 (34)             
sky130_fd_sc_hd__and2_1 (23)               |sky130_fd_sc_hd__and2_1 (23)               
sky130_fd_sc_hd__nand2b_4 (2)              |sky130_fd_sc_hd__nand2b_4 (2)              
sky130_fd_sc_hd__nor2b_2 (2)               |sky130_fd_sc_hd__nor2b_2 (2)               
sky130_fd_sc_hd__clkbuf_4 (1)              |sky130_fd_sc_hd__clkbuf_4 (1)              
sky130_fd_sc_hd__nand4_1 (15)              |sky130_fd_sc_hd__nand4_1 (15)              
sky130_fd_sc_hd__o32ai_1 (3)               |sky130_fd_sc_hd__o32ai_1 (3)               
sky130_fd_sc_hd__and4_1 (6)                |sky130_fd_sc_hd__and4_1 (6)                
sky130_fd_sc_hd__and3_1 (22)               |sky130_fd_sc_hd__and3_1 (22)               
sky130_fd_sc_hd__o21bai_1 (23)             |sky130_fd_sc_hd__o21bai_1 (23)             
sky130_fd_sc_hd__or2_2 (11)                |sky130_fd_sc_hd__or2_2 (11)                
sky130_fd_sc_hd__a311o_1 (1)               |sky130_fd_sc_hd__a311o_1 (1)               
sky130_fd_sc_hd__a21o_1 (63)               |sky130_fd_sc_hd__a21o_1 (63)               
sky130_fd_sc_hd__nor3b_1 (10)              |sky130_fd_sc_hd__nor3b_1 (10)              
sky130_fd_sc_hd__a41oi_1 (7)               |sky130_fd_sc_hd__a41oi_1 (7)               
pfet_01v8_hvt (88)                         |pfet_01v8_hvt (80) **Mismatch**            
nfet_01v8 (122)                            |nfet_01v8 (80) **Mismatch**                
sky130_fd_sc_hd__a221o_1 (6)               |sky130_fd_sc_hd__a221o_1 (6)               
sky130_fd_sc_hd__o311ai_0 (6)              |sky130_fd_sc_hd__o311ai_0 (6)              
sky130_fd_sc_hd__clkinvlp_4 (20)           |sky130_fd_sc_hd__clkinvlp_4 (20)           
sky130_fd_sc_hd__nor2_4 (2)                |sky130_fd_sc_hd__nor2_4 (2)                
sky130_fd_sc_hd__nor4_1 (15)               |sky130_fd_sc_hd__nor4_1 (15)               
sky130_fd_sc_hd__a21oi_4 (18)              |sky130_fd_sc_hd__a21oi_4 (18)              
sky130_fd_sc_hd__or2_4 (1)                 |sky130_fd_sc_hd__or2_4 (1)                 
sky130_fd_sc_hd__inv_16 (8)                |sky130_fd_sc_hd__inv_16 (8)                
sky130_fd_sc_hd__clkinv_8 (4)              |sky130_fd_sc_hd__clkinv_8 (4)              
sky130_fd_sc_hd__mux2i_2 (20)              |sky130_fd_sc_hd__mux2i_2 (20)              
sky130_fd_sc_hd__a311oi_1 (5)              |sky130_fd_sc_hd__a311oi_1 (5)              
sky130_fd_sc_hd__buf_6 (21)                |sky130_fd_sc_hd__buf_6 (21)                
sky130_fd_sc_hd__buf_8 (3)                 |sky130_fd_sc_hd__buf_8 (3)                 
sky130_fd_sc_hd__a32oi_1 (2)               |sky130_fd_sc_hd__a32oi_1 (2)               
sky130_fd_sc_hd__a222oi_1 (1)              |sky130_fd_sc_hd__a222oi_1 (1)              
sky130_fd_sc_hd__nand4b_1 (1)              |sky130_fd_sc_hd__nand4b_1 (1)              
sky130_fd_sc_hd__o41ai_1 (2)               |sky130_fd_sc_hd__o41ai_1 (2)               
sky130_fd_sc_hd__inv_8 (1)                 |sky130_fd_sc_hd__inv_8 (1)                 
sky130_fd_sc_hd__a21boi_0 (7)              |sky130_fd_sc_hd__a21boi_0 (7)              
sky130_fd_sc_hd__a31oi_2 (3)               |sky130_fd_sc_hd__a31oi_2 (3)               
sky130_fd_sc_hd__and2_4 (2)                |sky130_fd_sc_hd__and2_4 (2)                
sky130_fd_sc_hd__o21ba_2 (3)               |sky130_fd_sc_hd__o21ba_2 (3)               
sky130_fd_sc_hd__o32a_1 (2)                |sky130_fd_sc_hd__o32a_1 (2)                
sky130_fd_sc_hd__bufbuf_16 (1)             |sky130_fd_sc_hd__bufbuf_16 (1)             
sky130_fd_sc_hd__nor3_2 (4)                |sky130_fd_sc_hd__nor3_2 (4)                
sky130_fd_sc_hd__o31a_1 (4)                |sky130_fd_sc_hd__o31a_1 (4)                
sky130_fd_sc_hd__xnor2_4 (3)               |sky130_fd_sc_hd__xnor2_4 (3)               
sky130_fd_sc_hd__o22a_1 (3)                |sky130_fd_sc_hd__o22a_1 (3)                
sky130_fd_sc_hd__o2111ai_1 (8)             |sky130_fd_sc_hd__o2111ai_1 (8)             
sky130_fd_sc_hd__nor4_2 (3)                |sky130_fd_sc_hd__nor4_2 (3)                
sky130_fd_sc_hd__nor2_2 (3)                |sky130_fd_sc_hd__nor2_2 (3)                
sky130_fd_sc_hd__and3_2 (1)                |sky130_fd_sc_hd__and3_2 (1)                
sky130_fd_sc_hd__a2111oi_0 (6)             |sky130_fd_sc_hd__a2111oi_0 (6)             
sky130_fd_sc_hd__xor2_2 (1)                |sky130_fd_sc_hd__xor2_2 (1)                
sky130_fd_sc_hd__o211a_1 (5)               |sky130_fd_sc_hd__o211a_1 (5)               
sky130_fd_sc_hd__a21boi_1 (3)              |sky130_fd_sc_hd__a21boi_1 (3)              
sky130_fd_sc_hd__o41a_1 (2)                |sky130_fd_sc_hd__o41a_1 (2)                
sky130_fd_sc_hd__o311a_1 (4)               |sky130_fd_sc_hd__o311a_1 (4)               
sky130_fd_sc_hd__or4_1 (7)                 |sky130_fd_sc_hd__or4_1 (7)                 
sky130_fd_sc_hd__o221a_2 (1)               |sky130_fd_sc_hd__o221a_2 (1)               
sky130_fd_sc_hd__inv_6 (10)                |sky130_fd_sc_hd__inv_6 (10)                
sky130_fd_sc_hd__nand3b_1 (7)              |sky130_fd_sc_hd__nand3b_1 (7)              
sky130_fd_sc_hd__nand2_4 (34)              |sky130_fd_sc_hd__nand2_4 (34)              
sky130_fd_sc_hd__a2111o_1 (1)              |sky130_fd_sc_hd__a2111o_1 (1)              
sky130_fd_sc_hd__mux2i_4 (18)              |sky130_fd_sc_hd__mux2i_4 (18)              
sky130_fd_sc_hd__o21ai_4 (14)              |sky130_fd_sc_hd__o21ai_4 (14)              
sky130_fd_sc_hd__o311ai_1 (2)              |sky130_fd_sc_hd__o311ai_1 (2)              
sky130_fd_sc_hd__clkinv_16 (4)             |sky130_fd_sc_hd__clkinv_16 (4)             
sky130_fd_sc_hd__nand3_2 (1)               |sky130_fd_sc_hd__nand3_2 (1)               
sky130_fd_sc_hd__and3b_1 (1)               |sky130_fd_sc_hd__and3b_1 (1)               
sky130_fd_sc_hd__and2_0 (3)                |sky130_fd_sc_hd__and2_0 (3)                
sky130_fd_sc_hd__a22o_1 (3)                |sky130_fd_sc_hd__a22o_1 (3)                
sky130_fd_sc_hd__a211o_1 (3)               |sky130_fd_sc_hd__a211o_1 (3)               
sky130_fd_sc_hd__or3b_2 (1)                |sky130_fd_sc_hd__or3b_2 (1)                
sky130_fd_sc_hd__a211oi_2 (3)              |sky130_fd_sc_hd__a211oi_2 (3)              
sky130_fd_sc_hd__a31o_2 (2)                |sky130_fd_sc_hd__a31o_2 (2)                
sky130_fd_sc_hd__o221ai_2 (1)              |sky130_fd_sc_hd__o221ai_2 (1)              
sky130_fd_sc_hd__o31ai_4 (1)               |sky130_fd_sc_hd__o31ai_4 (1)               
sky130_fd_sc_hd__fa_2 (2)                  |sky130_fd_sc_hd__fa_2 (2)                  
sky130_fd_sc_hd__o31a_2 (1)                |sky130_fd_sc_hd__o31a_2 (1)                
sky130_fd_sc_hd__a31oi_4 (1)               |sky130_fd_sc_hd__a31oi_4 (1)               
sky130_fd_sc_hd__a21bo_2 (2)               |sky130_fd_sc_hd__a21bo_2 (2)               
sky130_fd_sc_hd__inv_4 (1)                 |sky130_fd_sc_hd__inv_4 (1)                 
Number of devices: 16284 **Mismatch**      |Number of devices: 16234 **Mismatch**      
Number of nets: 17025 **Mismatch**         |Number of nets: 16999 **Mismatch**         
---------------------------------------------------------------------------------------
NET mismatches: Class fragments follow (with fanout counts):
Circuit 1: sha256                          |Circuit 2: sha256                          

---------------------------------------------------------------------------------------
Net: VSS                                   |Net: round\[1\]                            
  sky130_fd_sc_hd__dfrtp_1/VGND = 2562     |  sky130_fd_sc_hd__clkinvlp_4/A = 1        
  sky130_fd_sc_hd__buf_4/VGND = 987        |  nfet_01v8/gate = 2                       
  sky130_fd_sc_hd__buf_12/VGND = 90        |  pfet_01v8_hvt/gate = 2                   
  sky130_fd_sc_hd__nand2_1/VGND = 2271     |  sky130_fd_sc_hd__dfrtp_4/Q = 1           
  sky130_fd_sc_hd__o21ai_0/VGND = 2635     |  sky130_fd_sc_hd__buf_4/A = 3             
  sky130_fd_sc_hd__clkinv_4/VGND = 14      |                                           
  sky130_fd_sc_hd__clkbuf_16/VGND = 337    |                                           
  sky130_fd_sc_hd__clkinv_2/VGND = 57      |                                           
  sky130_fd_sc_hd__clkdlybuf4s50_1/VGND =  |                                           
  sky130_fd_sc_hd__xor2_1/VGND = 143       |                                           
  sky130_fd_sc_hd__nor2_1/VGND = 428       |                                           
  sky130_fd_sc_hd__fa_1/VGND = 185         |                                           
  sky130_fd_sc_hd__xnor2_1/VGND = 397      |                                           
  sky130_fd_sc_hd__o21ai_1/VGND = 26       |                                           
  sky130_fd_sc_hd__or3_1/VGND = 12         |                                           
  sky130_fd_sc_hd__nand3_1/VGND = 73       |                                           
  sky130_fd_sc_hd__a21oi_1/VGND = 352      |                                           
  sky130_fd_sc_hd__inv_1/VGND = 97         |                                           
  sky130_fd_sc_hd__mux2i_1/VGND = 740      |                                           
  sky130_fd_sc_hd__nand2b_1/VGND = 128     |                                           
  sky130_fd_sc_hd__nor2b_4/VGND = 1        |                                           
  sky130_fd_sc_hd__mux2_2/VGND = 33        |                                           
  sky130_fd_sc_hd__ha_1/VGND = 140         |                                           
  sky130_fd_sc_hd__nor3_1/VGND = 76        |                                           
  sky130_fd_sc_hd__nor2b_1/VGND = 34       |                                           
  sky130_fd_sc_hd__o21a_1/VGND = 24        |                                           
  sky130_fd_sc_hd__maj3_1/VGND = 32        |                                           
  sky130_fd_sc_hd__clkbuf_8/VGND = 51      |                                           
  sky130_fd_sc_hd__clkbuf_1/VGND = 46      |                                           
  sky130_fd_sc_hd__o31ai_1/VGND = 25       |                                           
  sky130_fd_sc_hd__a22oi_1/VGND = 494      |                                           
  sky130_fd_sc_hd__mux4_2/VGND = 1689      |                                           
  sky130_fd_sc_hd__o22ai_1/VGND = 169      |                                           
  sky130_fd_sc_hd__o221ai_1/VGND = 195     |                                           
  sky130_fd_sc_hd__bufinv_16/VGND = 25     |                                           
  sky130_fd_sc_hd__nand2_2/VGND = 33       |                                           
  sky130_fd_sc_hd__xor2_4/VGND = 3         |                                           
  sky130_fd_sc_hd__inv_2/VGND = 1          |                                           
  sky130_fd_sc_hd__xnor2_2/VGND = 38       |                                           
  sky130_fd_sc_hd__buf_16/VGND = 33        |                                           
  sky130_fd_sc_hd__ha_2/VGND = 1           |                                           
  sky130_fd_sc_hd__dfrtp_4/VGND = 6        |                                           
  sky130_fd_sc_hd__a31oi_1/VGND = 44       |                                           
  sky130_fd_sc_hd__o211ai_1/VGND = 16      |                                           
  sky130_fd_sc_hd__a221oi_1/VGND = 12      |                                           
  sky130_fd_sc_hd__a211oi_1/VGND = 34      |                                           
  sky130_fd_sc_hd__and2_1/VGND = 23        |                                           
  sky130_fd_sc_hd__nand2b_4/VGND = 2       |                                           
  sky130_fd_sc_hd__nor2b_2/VGND = 2        |                                           
  sky130_fd_sc_hd__clkbuf_4/VGND = 1       |                                           
  sky130_fd_sc_hd__nand4_1/VGND = 15       |                                           
  sky130_fd_sc_hd__o32ai_1/VGND = 3        |                                           
  sky130_fd_sc_hd__and4_1/VGND = 6         |                                           
  sky130_fd_sc_hd__and3_1/VGND = 22        |                                           
  sky130_fd_sc_hd__o21bai_1/VGND = 23      |                                           
  sky130_fd_sc_hd__or2_2/VGND = 11         |                                           
  sky130_fd_sc_hd__a311o_1/VGND = 1        |                                           
  sky130_fd_sc_hd__a21o_1/VGND = 63        |                                           
  sky130_fd_sc_hd__nor3b_1/VGND = 10       |                                           
  sky130_fd_sc_hd__a41oi_1/VGND = 7        |                                           
  nfet_01v8/(drain|source) = 76            |                                           
  sky130_fd_sc_hd__a221o_1/VGND = 6        |                                           
  sky130_fd_sc_hd__o311ai_0/VGND = 6       |                                           
  sky130_fd_sc_hd__clkinvlp_4/VGND = 20    |                                           
  sky130_fd_sc_hd__nor2_4/VGND = 2         |                                           
  sky130_fd_sc_hd__nor4_1/VGND = 15        |                                           
  sky130_fd_sc_hd__a21oi_4/VGND = 18       |                                           
  sky130_fd_sc_hd__or2_4/VGND = 1          |                                           
  sky130_fd_sc_hd__inv_16/VGND = 8         |                                           
  sky130_fd_sc_hd__clkinv_8/VGND = 4       |                                           
  sky130_fd_sc_hd__mux2i_2/VGND = 20       |                                           
  sky130_fd_sc_hd__a311oi_1/VGND = 5       |                                           
  sky130_fd_sc_hd__buf_6/VGND = 21         |                                           
  sky130_fd_sc_hd__buf_8/VGND = 3          |                                           
  sky130_fd_sc_hd__a32oi_1/VGND = 2        |                                           
  sky130_fd_sc_hd__a222oi_1/VGND = 1       |                                           
  sky130_fd_sc_hd__nand4b_1/VGND = 1       |                                           
  sky130_fd_sc_hd__o41ai_1/VGND = 2        |                                           
  sky130_fd_sc_hd__inv_8/VGND = 1          |                                           
  sky130_fd_sc_hd__a21boi_0/VGND = 7       |                                           
  sky130_fd_sc_hd__a31oi_2/VGND = 3        |                                           
  sky130_fd_sc_hd__and2_4/VGND = 2         |                                           
  sky130_fd_sc_hd__o21ba_2/VGND = 3        |                                           
  sky130_fd_sc_hd__o32a_1/VGND = 2         |                                           
  sky130_fd_sc_hd__bufbuf_16/VGND = 1      |                                           
  sky130_fd_sc_hd__nor3_2/VGND = 4         |                                           
  sky130_fd_sc_hd__o31a_1/VGND = 4         |                                           
  sky130_fd_sc_hd__xnor2_4/VGND = 3        |                                           
  sky130_fd_sc_hd__o22a_1/VGND = 3         |                                           
  sky130_fd_sc_hd__o2111ai_1/VGND = 8      |                                           
  sky130_fd_sc_hd__nor4_2/VGND = 3         |                                           
  sky130_fd_sc_hd__nor2_2/VGND = 3         |                                           
  sky130_fd_sc_hd__and3_2/VGND = 1         |                                           
  sky130_fd_sc_hd__a2111oi_0/VGND = 6      |                                           
  sky130_fd_sc_hd__xor2_2/VGND = 1         |                                           
  sky130_fd_sc_hd__o211a_1/VGND = 5        |                                           
  sky130_fd_sc_hd__a21boi_1/VGND = 3       |                                           
  sky130_fd_sc_hd__o41a_1/VGND = 2         |                                           
  sky130_fd_sc_hd__o311a_1/VGND = 4        |                                           
  sky130_fd_sc_hd__or4_1/VGND = 7          |                                           
  sky130_fd_sc_hd__o221a_2/VGND = 1        |                                           
  sky130_fd_sc_hd__inv_6/VGND = 10         |                                           
  sky130_fd_sc_hd__nand3b_1/VGND = 7       |                                           
  sky130_fd_sc_hd__nand2_4/VGND = 34       |                                           
  sky130_fd_sc_hd__a2111o_1/VGND = 1       |                                           
  sky130_fd_sc_hd__mux2i_4/VGND = 18       |                                           
  sky130_fd_sc_hd__o21ai_4/VGND = 14       |                                           
  sky130_fd_sc_hd__o311ai_1/VGND = 2       |                                           
  sky130_fd_sc_hd__clkinv_16/VGND = 4      |                                           
  sky130_fd_sc_hd__nand3_2/VGND = 1        |                                           
  sky130_fd_sc_hd__and3b_1/VGND = 1        |                                           
  sky130_fd_sc_hd__and2_0/VGND = 3         |                                           
  sky130_fd_sc_hd__a22o_1/VGND = 3         |                                           
  sky130_fd_sc_hd__a211o_1/VGND = 3        |                                           
  sky130_fd_sc_hd__or3b_2/VGND = 1         |                                           
  sky130_fd_sc_hd__a211oi_2/VGND = 3       |                                           
  sky130_fd_sc_hd__a31o_2/VGND = 2         |                                           
  sky130_fd_sc_hd__o221ai_2/VGND = 1       |                                           
  sky130_fd_sc_hd__o31ai_4/VGND = 1        |                                           
  sky130_fd_sc_hd__fa_2/VGND = 2           |                                           
  sky130_fd_sc_hd__o31a_2/VGND = 1         |                                           
  sky130_fd_sc_hd__a31oi_4/VGND = 1        |                                           
  sky130_fd_sc_hd__a21bo_2/VGND = 2        |                                           
  sky130_fd_sc_hd__inv_4/VGND = 1          |                                           
                                           |                                           
Net: \$71321                               |Net: _00421_                               
  sky130_fd_sc_hd__o21ba_2/A1 = 1          |  sky130_fd_sc_hd__buf_4/A = 1             
  sky130_fd_sc_hd__and2_4/X = 1            |  pfet_01v8_hvt/gate = 1                   
  pfet_01v8_hvt/gate = 1                   |  nfet_01v8/gate = 1                       
  nfet_01v8/gate = 2                       |  sky130_fd_sc_hd__a21o_1/A1 = 1           
                                           |  sky130_fd_sc_hd__ha_1/SUM = 1            
                                           |                                           
Net: \$78662                               |Net: _09317_                               
  pfet_01v8_hvt/gate = 1                   |  sky130_fd_sc_hd__buf_4/A = 1             
  nfet_01v8/gate = 2                       |  pfet_01v8_hvt/(drain|source) = 1         
  sky130_fd_sc_hd__ha_1/SUM = 1            |  nfet_01v8/(drain|source) = 2             
  sky130_fd_sc_hd__buf_4/A = 1             |  sky130_fd_sc_hd__o211ai_1/A2 = 1         
                                           |                                           
Net: \$75441                               |Net: _09949_                               
  sky130_fd_sc_hd__ha_1/SUM = 1            |  pfet_01v8_hvt/(drain|source) = 1         
  pfet_01v8_hvt/gate = 1                   |  nfet_01v8/(drain|source) = 2             
  nfet_01v8/gate = 2                       |  sky130_fd_sc_hd__xnor2_1/B = 1           
  sky130_fd_sc_hd__buf_4/A = 1             |  sky130_fd_sc_hd__buf_4/A = 1             
                                           |                                           
Net: \$77448                               |Net: _00374_                               
  sky130_fd_sc_hd__ha_1/SUM = 1            |  sky130_fd_sc_hd__o21ai_0/B1 = 1          
  pfet_01v8_hvt/gate = 1                   |  pfet_01v8_hvt/gate = 1                   
  nfet_01v8/gate = 2                       |  nfet_01v8/gate = 1                       
  sky130_fd_sc_hd__buf_4/A = 1             |  sky130_fd_sc_hd__nor2_1/A = 1            
                                           |  sky130_fd_sc_hd__ha_1/SUM = 1            
                                           |                                           
Net: \$79276                               |Net: _04140_                               
  pfet_01v8_hvt/gate = 1                   |  sky130_fd_sc_hd__buf_4/A = 1             
  nfet_01v8/gate = 2                       |  pfet_01v8_hvt/(drain|source) = 1         
  sky130_fd_sc_hd__buf_4/A = 1             |  nfet_01v8/(drain|source) = 2             
  sky130_fd_sc_hd__ha_1/COUT = 1           |  sky130_fd_sc_hd__nand2_1/B = 1           
                                           |                                           
Net: \$75722                               |Net: _04311_                               
  pfet_01v8_hvt/gate = 1                   |  sky130_fd_sc_hd__buf_4/A = 1             
  nfet_01v8/gate = 2                       |  sky130_fd_sc_hd__xnor2_2/Y = 1           
  sky130_fd_sc_hd__buf_4/A = 1             |  sky130_fd_sc_hd__o21ai_1/B1 = 1          
  sky130_fd_sc_hd__ha_1/COUT = 1           |  pfet_01v8_hvt/gate = 1                   
                                           |  nfet_01v8/gate = 1                       
                                           |                                           
Net: \$77608                               |Net: _04307_                               
  pfet_01v8_hvt/gate = 1                   |  sky130_fd_sc_hd__buf_4/A = 1             
  nfet_01v8/gate = 2                       |  pfet_01v8_hvt/(drain|source) = 1         
  sky130_fd_sc_hd__ha_1/COUT = 1           |  nfet_01v8/(drain|source) = 2             
  sky130_fd_sc_hd__buf_4/A = 1             |  sky130_fd_sc_hd__o21ai_1/A2 = 1          
                                           |                                           
Net: \$79031                               |Net: _04339_                               
  sky130_fd_sc_hd__xnor2_1/B = 1           |  sky130_fd_sc_hd__buf_4/A = 1             
  pfet_01v8_hvt/(drain|source) = 1         |  pfet_01v8_hvt/(drain|source) = 1         
  nfet_01v8/(drain|source) = 3             |  nfet_01v8/(drain|source) = 2             
                                           |  sky130_fd_sc_hd__nor3_2/C = 1            
                                           |                                           
Net: \$42306                               |Net: _04105_                               
  pfet_01v8_hvt/(drain|source) = 1         |  sky130_fd_sc_hd__nor2_1/Y = 1            
  nfet_01v8/(drain|source) = 3             |  sky130_fd_sc_hd__nand4_1/A = 1           
  sky130_fd_sc_hd__xnor2_1/B = 1           |  pfet_01v8_hvt/gate = 1                   
                                           |  nfet_01v8/gate = 1                       
                                           |  sky130_fd_sc_hd__a21boi_1/B1_N = 1       
                                           |                                           
Net: \$73168                               |Net: _04130_                               
  sky130_fd_sc_hd__xnor2_1/B = 1           |  pfet_01v8_hvt/(drain|source) = 1         
  pfet_01v8_hvt/(drain|source) = 1         |  nfet_01v8/(drain|source) = 2             
  nfet_01v8/(drain|source) = 3             |  sky130_fd_sc_hd__o221ai_2/A2 = 1         
                                           |  sky130_fd_sc_hd__nor2b_1/B_N = 1         
                                           |                                           
Net: \$78677                               |Net: _04298_                               
  sky130_fd_sc_hd__xor2_1/X = 1            |  sky130_fd_sc_hd__and2_4/X = 1            
  sky130_fd_sc_hd__buf_4/A = 1             |  pfet_01v8_hvt/gate = 1                   
  pfet_01v8_hvt/gate = 1                   |  nfet_01v8/gate = 1                       
  nfet_01v8/gate = 2                       |  sky130_fd_sc_hd__a21oi_1/A1 = 1          
                                           |  sky130_fd_sc_hd__and2_1/A = 1            
                                           |                                           
Net: \$77011                               |Net: _12579_                               
  sky130_fd_sc_hd__xor2_2/A = 1            |  sky130_fd_sc_hd__fa_1/COUT = 1           
  sky130_fd_sc_hd__buf_4/X = 1             |  nfet_01v8/gate = 2                       
  pfet_01v8_hvt/gate = 1                   |  pfet_01v8_hvt/gate = 2                   
  nfet_01v8/gate = 2                       |                                           
                                           |                                           
Net: \$77470                               |Net: _12582_                               
  sky130_fd_sc_hd__xnor2_1/A = 1           |  sky130_fd_sc_hd__fa_2/SUM = 1            
  pfet_01v8_hvt/(drain|source) = 1         |  nfet_01v8/gate = 2                       
  nfet_01v8/(drain|source) = 3             |  pfet_01v8_hvt/gate = 2                   
                                           |                                           
Net: \$77605                               |Net: net3377                               
  sky130_fd_sc_hd__nor2b_1/A = 1           |  nfet_01v8/gate = 2                       
  pfet_01v8_hvt/(drain|source) = 1         |  pfet_01v8_hvt/gate = 2                   
  nfet_01v8/(drain|source) = 3             |  sky130_fd_sc_hd__buf_4/X = 1             
                                           |                                           
Net: sky130_fd_sc_hd__ha_4$4596/\$15       |Net: sky130_fd_sc_hd__ha_4_25406_/sumb     
  pfet_01v8_hvt/(drain|source) = 2         |  nfet_01v8/gate = 1                       
                                           |  nfet_01v8/(drain|source) = 1             
                                           |  pfet_01v8_hvt/gate = 1                   
                                           |  pfet_01v8_hvt/(drain|source) = 2         
                                           |                                           
Net: sky130_fd_sc_hd__ha_4$4596/\$14       |Net: sky130_fd_sc_hd__ha_4_25435_/sumb     
  pfet_01v8_hvt/(drain|source) = 2         |  nfet_01v8/gate = 1                       
                                           |  nfet_01v8/(drain|source) = 1             
                                           |  pfet_01v8_hvt/gate = 1                   
                                           |  pfet_01v8_hvt/(drain|source) = 2         
                                           |                                           
Net: sky130_fd_sc_hd__ha_4$6438/\$15       |Net: sky130_fd_sc_hd__ha_4_25477_/sumb     
  pfet_01v8_hvt/(drain|source) = 2         |  nfet_01v8/gate = 1                       
                                           |  nfet_01v8/(drain|source) = 1             
                                           |  pfet_01v8_hvt/gate = 1                   
                                           |  pfet_01v8_hvt/(drain|source) = 2         
                                           |                                           
Net: sky130_fd_sc_hd__ha_4$6438/\$14       |Net: sky130_fd_sc_hd__ha_4_25478_/sumb     
  pfet_01v8_hvt/(drain|source) = 2         |  nfet_01v8/gate = 1                       
                                           |  nfet_01v8/(drain|source) = 1             
                                           |  pfet_01v8_hvt/gate = 1                   
                                           |  pfet_01v8_hvt/(drain|source) = 2         
                                           |                                           
Net: sky130_fd_sc_hd__ha_4$6679/\$15       |Net: sky130_fd_sc_hd__ha_4_25406_/sndPA    
  pfet_01v8_hvt/(drain|source) = 2         |  pfet_01v8_hvt/(drain|source) = 2         
                                           |                                           
Net: sky130_fd_sc_hd__ha_4$6679/\$14       |Net: sky130_fd_sc_hd__ha_4_25435_/sndPA    
  pfet_01v8_hvt/(drain|source) = 2         |  pfet_01v8_hvt/(drain|source) = 2         
                                           |                                           
Net: sky130_fd_sc_hd__ha_4$34512/\$15      |Net: sky130_fd_sc_hd__ha_4_25477_/sndPA    
  pfet_01v8_hvt/(drain|source) = 2         |  pfet_01v8_hvt/(drain|source) = 2         
                                           |                                           
Net: sky130_fd_sc_hd__ha_4$34512/\$14      |Net: sky130_fd_sc_hd__ha_4_25478_/sndPA    
  pfet_01v8_hvt/(drain|source) = 2         |  pfet_01v8_hvt/(drain|source) = 2         
                                           |                                           
Net: sky130_fd_sc_hd__ha_4$4596/\$11       |Net: sky130_fd_sc_hd__ha_4_25406_/sndNA    
  nfet_01v8/(drain|source) = 2             |  nfet_01v8/(drain|source) = 2             
                                           |                                           
Net: sky130_fd_sc_hd__ha_4$4596/\$10       |Net: sky130_fd_sc_hd__ha_4_25435_/sndNA    
  nfet_01v8/(drain|source) = 2             |  nfet_01v8/(drain|source) = 2             
                                           |                                           
Net: sky130_fd_sc_hd__ha_4$6438/\$11       |Net: sky130_fd_sc_hd__ha_4_25477_/sndNA    
  nfet_01v8/(drain|source) = 2             |  nfet_01v8/(drain|source) = 2             
                                           |                                           
Net: sky130_fd_sc_hd__ha_4$6438/\$10       |Net: sky130_fd_sc_hd__ha_4_25478_/sndNA    
  nfet_01v8/(drain|source) = 2             |  nfet_01v8/(drain|source) = 2             
                                           |                                           
Net: sky130_fd_sc_hd__ha_4$6679/\$11       |Net: sky130_fd_sc_hd__a21oi_2_13844_/sndA1 
  nfet_01v8/(drain|source) = 2             |  nfet_01v8/(drain|source) = 2             
                                           |                                           
Net: sky130_fd_sc_hd__ha_4$6679/\$10       |Net: sky130_fd_sc_hd__a21oi_2_14292_/sndA1 
  nfet_01v8/(drain|source) = 2             |  nfet_01v8/(drain|source) = 2             
                                           |                                           
Net: sky130_fd_sc_hd__ha_4$34512/\$11      |Net: sky130_fd_sc_hd__a21oi_2_15349_/sndA1 
  nfet_01v8/(drain|source) = 2             |  nfet_01v8/(drain|source) = 2             
                                           |                                           
Net: sky130_fd_sc_hd__ha_4$34512/\$10      |Net: sky130_fd_sc_hd__a21oi_2_15356_/sndA1 
  nfet_01v8/(drain|source) = 2             |  nfet_01v8/(drain|source) = 2             
                                           |                                           
Net: sky130_fd_sc_hd__a21oi_2$7684/\$10    |Net: sky130_fd_sc_hd__a21oi_2_16522_/sndA1 
  nfet_01v8/(drain|source) = 2             |  nfet_01v8/(drain|source) = 2             
                                           |                                           
Net: sky130_fd_sc_hd__a21oi_2$7684/\$11    |Net: sky130_fd_sc_hd__a21oi_2_17752_/sndA1 
  nfet_01v8/(drain|source) = 2             |  nfet_01v8/(drain|source) = 2             
                                           |                                           
Net: sky130_fd_sc_hd__a21oi_2$8200/\$10    |Net: sky130_fd_sc_hd__a21oi_2_17765_/sndA1 
  nfet_01v8/(drain|source) = 2             |  nfet_01v8/(drain|source) = 2             
                                           |                                           
Net: sky130_fd_sc_hd__a21oi_2$8200/\$11    |Net: sky130_fd_sc_hd__a21oi_2_17782_/sndA1 
  nfet_01v8/(drain|source) = 2             |  nfet_01v8/(drain|source) = 2             
                                           |                                           
Net: sky130_fd_sc_hd__a21oi_2$8487/\$10    |Net: sky130_fd_sc_hd__a21oi_2_17792_/sndA1 
  nfet_01v8/(drain|source) = 2             |  nfet_01v8/(drain|source) = 2             
                                           |                                           
Net: sky130_fd_sc_hd__a21oi_2$8487/\$11    |Net: sky130_fd_sc_hd__a21oi_2_17912_/sndA1 
  nfet_01v8/(drain|source) = 2             |  nfet_01v8/(drain|source) = 2             
                                           |                                           
Net: sky130_fd_sc_hd__a21oi_2$10442/\$10   |Net: sky130_fd_sc_hd__a21oi_2_17924_/sndA1 
  nfet_01v8/(drain|source) = 2             |  nfet_01v8/(drain|source) = 2             
                                           |                                           
Net: sky130_fd_sc_hd__a21oi_2$10442/\$11   |Net: sky130_fd_sc_hd__a21boi_2_17992_/sndA 
  nfet_01v8/(drain|source) = 2             |  nfet_01v8/(drain|source) = 2             
                                           |                                           
Net: sky130_fd_sc_hd__a21oi_2$16906/\$10   |Net: sky130_fd_sc_hd__a21oi_2_13118_/sndA1 
  nfet_01v8/(drain|source) = 2             |  nfet_01v8/(drain|source) = 2             
                                           |                                           
Net: sky130_fd_sc_hd__a21oi_2$16906/\$11   |Net: sky130_fd_sc_hd__a21oi_2_13120_/sndA1 
  nfet_01v8/(drain|source) = 2             |  nfet_01v8/(drain|source) = 2             
                                           |                                           
Net: sky130_fd_sc_hd__a21oi_2$25382/\$10   |Net: sky130_fd_sc_hd__a21oi_2_13202_/sndA1 
  nfet_01v8/(drain|source) = 2             |  nfet_01v8/(drain|source) = 2             
                                           |                                           
Net: sky130_fd_sc_hd__a21oi_2$25382/\$11   |Net: round\[0\]                            
  nfet_01v8/(drain|source) = 2             |  nfet_01v8/gate = 4                       
                                           |  pfet_01v8_hvt/gate = 4                   
                                           |  sky130_fd_sc_hd__dfrtp_4/Q = 1           
                                           |  sky130_fd_sc_hd__buf_16/A = 2            
                                           |  sky130_fd_sc_hd__buf_4/A = 2             
                                           |  sky130_fd_sc_hd__buf_12/A = 1            
                                           |                                           
Net: sky130_fd_sc_hd__a21oi_2$34037/\$10   |Net: _00630_                               
  nfet_01v8/(drain|source) = 2             |  sky130_fd_sc_hd__buf_4/A = 1             
                                           |  pfet_01v8_hvt/gate = 1                   
                                           |  nfet_01v8/gate = 1                       
                                           |  sky130_fd_sc_hd__ha_1/COUT = 1           
                                           |                                           
Net: sky130_fd_sc_hd__a21oi_2$34037/\$11   |Net: _00428_                               
  nfet_01v8/(drain|source) = 2             |  sky130_fd_sc_hd__buf_4/A = 1             
                                           |  pfet_01v8_hvt/gate = 1                   
                                           |  nfet_01v8/gate = 1                       
                                           |  sky130_fd_sc_hd__ha_1/COUT = 1           
                                           |                                           
Net: sky130_fd_sc_hd__a21oi_2$38145/\$10   |Net: _00440_                               
  nfet_01v8/(drain|source) = 2             |  sky130_fd_sc_hd__buf_4/A = 1             
                                           |  pfet_01v8_hvt/gate = 1                   
                                           |  nfet_01v8/gate = 1                       
                                           |  sky130_fd_sc_hd__ha_1/COUT = 1           
                                           |                                           
Net: sky130_fd_sc_hd__a21oi_2$38145/\$11   |Net: _00506_                               
  nfet_01v8/(drain|source) = 2             |  sky130_fd_sc_hd__buf_4/A = 1             
                                           |  pfet_01v8_hvt/gate = 1                   
                                           |  nfet_01v8/gate = 1                       
                                           |  sky130_fd_sc_hd__ha_1/SUM = 1            
                                           |                                           
Net: sky130_fd_sc_hd__a21oi_2$47978/\$10   |Net: _00411_                               
  nfet_01v8/(drain|source) = 2             |  sky130_fd_sc_hd__buf_4/A = 1             
                                           |  pfet_01v8_hvt/gate = 1                   
                                           |  nfet_01v8/gate = 1                       
                                           |  sky130_fd_sc_hd__ha_1/SUM = 1            
                                           |                                           
Net: sky130_fd_sc_hd__a21oi_2$47978/\$11   |Net: _00425_                               
  nfet_01v8/(drain|source) = 2             |  sky130_fd_sc_hd__buf_4/A = 1             
                                           |  pfet_01v8_hvt/gate = 1                   
                                           |  nfet_01v8/gate = 1                       
                                           |  sky130_fd_sc_hd__ha_1/SUM = 1            
                                           |                                           
Net: sky130_fd_sc_hd__a21oi_2$47985/\$10   |Net: net2515                               
  nfet_01v8/(drain|source) = 2             |  sky130_fd_sc_hd__buf_4/X = 1             
                                           |  pfet_01v8_hvt/gate = 1                   
                                           |  nfet_01v8/gate = 1                       
                                           |  sky130_fd_sc_hd__xor2_2/A = 1            
                                           |                                           
Net: sky130_fd_sc_hd__a21oi_2$47985/\$11   |Net: _10388_                               
  nfet_01v8/(drain|source) = 2             |  pfet_01v8_hvt/(drain|source) = 1         
                                           |  nfet_01v8/(drain|source) = 2             
                                           |  sky130_fd_sc_hd__xnor2_1/B = 1           
                                           |                                           
Net: sky130_fd_sc_hd__a21oi_2$49615/\$10   |Net: _04272_                               
  nfet_01v8/(drain|source) = 2             |  pfet_01v8_hvt/(drain|source) = 1         
                                           |  nfet_01v8/(drain|source) = 2             
                                           |  sky130_fd_sc_hd__xnor2_1/B = 1           
                                           |                                           
Net: sky130_fd_sc_hd__a21oi_2$49615/\$11   |Net: _04319_                               
  nfet_01v8/(drain|source) = 2             |  pfet_01v8_hvt/(drain|source) = 1         
                                           |  nfet_01v8/(drain|source) = 2             
                                           |  sky130_fd_sc_hd__xnor2_1/B = 1           
                                           |                                           
Net: sky130_fd_sc_hd__a21boi_2$10379/\$12  |Net: _11400_                               
  nfet_01v8/(drain|source) = 2             |  pfet_01v8_hvt/(drain|source) = 1         
                                           |  nfet_01v8/(drain|source) = 2             
                                           |  sky130_fd_sc_hd__nor2b_1/A = 1           
                                           |                                           
Net: sky130_fd_sc_hd__a21boi_2$10379/\$11  |Net: _04149_                               
  nfet_01v8/(drain|source) = 2             |  sky130_fd_sc_hd__buf_4/A = 1             
                                           |  sky130_fd_sc_hd__xor2_1/X = 1            
                                           |  pfet_01v8_hvt/gate = 1                   
                                           |  nfet_01v8/gate = 1                       
                                           |                                           
Net: sky130_fd_sc_hd__a21oi_2$9875/\$10    |Net: _12484_                               
  nfet_01v8/(drain|source) = 2             |  pfet_01v8_hvt/(drain|source) = 1         
                                           |  nfet_01v8/(drain|source) = 2             
                                           |  sky130_fd_sc_hd__xnor2_1/A = 1           
                                           |                                           
Net: sky130_fd_sc_hd__a21oi_2$9875/\$11    |Net: _04136_                               
  nfet_01v8/(drain|source) = 2             |  sky130_fd_sc_hd__and2_4/X = 1            
                                           |  pfet_01v8_hvt/gate = 1                   
                                           |  nfet_01v8/gate = 1                       
                                           |  sky130_fd_sc_hd__o21ba_2/A1 = 1          
                                           |                                           
Net: sky130_fd_sc_hd__a21oi_2$34267/\$10   |Net: _09233_                               
  nfet_01v8/(drain|source) = 2             |  sky130_fd_sc_hd__a21o_1/X = 1            
                                           |  pfet_01v8_hvt/gate = 1                   
                                           |  nfet_01v8/gate = 1                       
                                           |                                           
Net: sky130_fd_sc_hd__a21oi_2$34267/\$11   |Net: _09316_                               
  nfet_01v8/(drain|source) = 2             |  sky130_fd_sc_hd__a21o_1/X = 1            
                                           |  pfet_01v8_hvt/gate = 1                   
                                           |  nfet_01v8/gate = 1                       
                                           |                                           
Net: VDD                                   |Net: _04129_                               
  sky130_fd_sc_hd__dfrtp_1/VPWR = 2562     |  sky130_fd_sc_hd__a21o_1/X = 1            
  sky130_fd_sc_hd__dfrtp_1/VPB = 2562      |  pfet_01v8_hvt/gate = 1                   
  sky130_fd_sc_hd__buf_4/VPB = 987         |  nfet_01v8/gate = 1                       
  sky130_fd_sc_hd__buf_4/VPWR = 987        |                                           
  sky130_fd_sc_hd__buf_12/VPWR = 90        |                                           
  sky130_fd_sc_hd__buf_12/VPB = 90         |                                           
  sky130_fd_sc_hd__nand2_1/VPB = 2271      |                                           
  sky130_fd_sc_hd__nand2_1/VPWR = 2271     |                                           
  sky130_fd_sc_hd__o21ai_0/VPB = 2635      |                                           
  sky130_fd_sc_hd__o21ai_0/VPWR = 2635     |                                           
  sky130_fd_sc_hd__clkinv_4/VPB = 14       |                                           
  sky130_fd_sc_hd__clkinv_4/VPWR = 14      |                                           
  sky130_fd_sc_hd__clkbuf_16/VPWR = 337    |                                           
  sky130_fd_sc_hd__clkbuf_16/VPB = 337     |                                           
  sky130_fd_sc_hd__clkinv_2/VPB = 57       |                                           
  sky130_fd_sc_hd__clkinv_2/VPWR = 57      |                                           
  sky130_fd_sc_hd__clkdlybuf4s50_1/VPB = 7 |                                           
  sky130_fd_sc_hd__clkdlybuf4s50_1/VPWR =  |                                           
  sky130_fd_sc_hd__xor2_1/VPB = 143        |                                           
  sky130_fd_sc_hd__xor2_1/VPWR = 143       |                                           
  sky130_fd_sc_hd__nor2_1/VPB = 428        |                                           
  sky130_fd_sc_hd__nor2_1/VPWR = 428       |                                           
  sky130_fd_sc_hd__fa_1/VPWR = 185         |                                           
  sky130_fd_sc_hd__fa_1/VPB = 185          |                                           
  sky130_fd_sc_hd__xnor2_1/VPB = 397       |                                           
  sky130_fd_sc_hd__xnor2_1/VPWR = 397      |                                           
  sky130_fd_sc_hd__o21ai_1/VPB = 26        |                                           
  sky130_fd_sc_hd__o21ai_1/VPWR = 26       |                                           
  sky130_fd_sc_hd__or3_1/VPB = 12          |                                           
  sky130_fd_sc_hd__or3_1/VPWR = 12         |                                           
  sky130_fd_sc_hd__nand3_1/VPB = 73        |                                           
  sky130_fd_sc_hd__nand3_1/VPWR = 73       |                                           
  sky130_fd_sc_hd__a21oi_1/VPB = 352       |                                           
  sky130_fd_sc_hd__a21oi_1/VPWR = 352      |                                           
  sky130_fd_sc_hd__inv_1/VPB = 97          |                                           
  sky130_fd_sc_hd__inv_1/VPWR = 97         |                                           
  sky130_fd_sc_hd__mux2i_1/VPB = 740       |                                           
  sky130_fd_sc_hd__mux2i_1/VPWR = 740      |                                           
  sky130_fd_sc_hd__nand2b_1/VPB = 128      |                                           
  sky130_fd_sc_hd__nand2b_1/VPWR = 128     |                                           
  sky130_fd_sc_hd__nor2b_4/VPWR = 1        |                                           
  sky130_fd_sc_hd__nor2b_4/VPB = 1         |                                           
  sky130_fd_sc_hd__mux2_2/VPWR = 33        |                                           
  sky130_fd_sc_hd__mux2_2/VPB = 33         |                                           
  sky130_fd_sc_hd__ha_1/VPWR = 140         |                                           
  sky130_fd_sc_hd__ha_1/VPB = 140          |                                           
  sky130_fd_sc_hd__nor3_1/VPB = 76         |                                           
  sky130_fd_sc_hd__nor3_1/VPWR = 76        |                                           
  sky130_fd_sc_hd__nor2b_1/VPB = 34        |                                           
  sky130_fd_sc_hd__nor2b_1/VPWR = 34       |                                           
  sky130_fd_sc_hd__o21a_1/VPB = 24         |                                           
  sky130_fd_sc_hd__o21a_1/VPWR = 24        |                                           
  sky130_fd_sc_hd__maj3_1/VPB = 32         |                                           
  sky130_fd_sc_hd__maj3_1/VPWR = 32        |                                           
  sky130_fd_sc_hd__clkbuf_8/VPWR = 51      |                                           
  sky130_fd_sc_hd__clkbuf_8/VPB = 51       |                                           
  sky130_fd_sc_hd__clkbuf_1/VPB = 46       |                                           
  sky130_fd_sc_hd__clkbuf_1/VPWR = 46      |                                           
  sky130_fd_sc_hd__o31ai_1/VPB = 25        |                                           
  sky130_fd_sc_hd__o31ai_1/VPWR = 25       |                                           
  sky130_fd_sc_hd__a22oi_1/VPB = 494       |                                           
  sky130_fd_sc_hd__a22oi_1/VPWR = 494      |                                           
  sky130_fd_sc_hd__mux4_2/VPWR = 1689      |                                           
  sky130_fd_sc_hd__mux4_2/VPB = 1689       |                                           
  sky130_fd_sc_hd__o22ai_1/VPB = 169       |                                           
  sky130_fd_sc_hd__o22ai_1/VPWR = 169      |                                           
  sky130_fd_sc_hd__o221ai_1/VPB = 195      |                                           
  sky130_fd_sc_hd__o221ai_1/VPWR = 195     |                                           
  sky130_fd_sc_hd__bufinv_16/VPWR = 25     |                                           
  sky130_fd_sc_hd__bufinv_16/VPB = 25      |                                           
  sky130_fd_sc_hd__nand2_2/VPB = 33        |                                           
  sky130_fd_sc_hd__nand2_2/VPWR = 33       |                                           
  sky130_fd_sc_hd__xor2_4/VPWR = 3         |                                           
  sky130_fd_sc_hd__xor2_4/VPB = 3          |                                           
  sky130_fd_sc_hd__inv_2/VPB = 1           |                                           
  sky130_fd_sc_hd__inv_2/VPWR = 1          |                                           
  sky130_fd_sc_hd__xnor2_2/VPWR = 38       |                                           
  sky130_fd_sc_hd__xnor2_2/VPB = 38        |                                           
  sky130_fd_sc_hd__buf_16/VPWR = 33        |                                           
  sky130_fd_sc_hd__buf_16/VPB = 33         |                                           
  sky130_fd_sc_hd__ha_2/VPWR = 1           |                                           
  sky130_fd_sc_hd__ha_2/VPB = 1            |                                           
  sky130_fd_sc_hd__dfrtp_4/VPWR = 6        |                                           
  sky130_fd_sc_hd__dfrtp_4/VPB = 6         |                                           
  sky130_fd_sc_hd__a31oi_1/VPB = 44        |                                           
  sky130_fd_sc_hd__a31oi_1/VPWR = 44       |                                           
  sky130_fd_sc_hd__o211ai_1/VPB = 16       |                                           
  sky130_fd_sc_hd__o211ai_1/VPWR = 16      |                                           
  sky130_fd_sc_hd__a221oi_1/VPB = 12       |                                           
  sky130_fd_sc_hd__a221oi_1/VPWR = 12      |                                           
  sky130_fd_sc_hd__a211oi_1/VPB = 34       |                                           
  sky130_fd_sc_hd__a211oi_1/VPWR = 34      |                                           
  sky130_fd_sc_hd__and2_1/VPB = 23         |                                           
  sky130_fd_sc_hd__and2_1/VPWR = 23        |                                           
  sky130_fd_sc_hd__nand2b_4/VPWR = 2       |                                           
  sky130_fd_sc_hd__nand2b_4/VPB = 2        |                                           
  sky130_fd_sc_hd__nor2b_2/VPB = 2         |                                           
  sky130_fd_sc_hd__nor2b_2/VPWR = 2        |                                           
  sky130_fd_sc_hd__clkbuf_4/VPB = 1        |                                           
  sky130_fd_sc_hd__clkbuf_4/VPWR = 1       |                                           
  sky130_fd_sc_hd__nand4_1/VPB = 15        |                                           
  sky130_fd_sc_hd__nand4_1/VPWR = 15       |                                           
  sky130_fd_sc_hd__o32ai_1/VPB = 3         |                                           
  sky130_fd_sc_hd__o32ai_1/VPWR = 3        |                                           
  sky130_fd_sc_hd__and4_1/VPB = 6          |                                           
  sky130_fd_sc_hd__and4_1/VPWR = 6         |                                           
  sky130_fd_sc_hd__and3_1/VPB = 22         |                                           
  sky130_fd_sc_hd__and3_1/VPWR = 22        |                                           
  sky130_fd_sc_hd__o21bai_1/VPB = 23       |                                           
  sky130_fd_sc_hd__o21bai_1/VPWR = 23      |                                           
  sky130_fd_sc_hd__or2_2/VPB = 11          |                                           
  sky130_fd_sc_hd__or2_2/VPWR = 11         |                                           
  sky130_fd_sc_hd__a311o_1/VPB = 1         |                                           
  sky130_fd_sc_hd__a311o_1/VPWR = 1        |                                           
  sky130_fd_sc_hd__a21o_1/VPB = 63         |                                           
  sky130_fd_sc_hd__a21o_1/VPWR = 63        |                                           
  sky130_fd_sc_hd__nor3b_1/VPB = 10        |                                           
  sky130_fd_sc_hd__nor3b_1/VPWR = 10       |                                           
  sky130_fd_sc_hd__a41oi_1/VPB = 7         |                                           
  sky130_fd_sc_hd__a41oi_1/VPWR = 7        |                                           
  pfet_01v8_hvt/(drain|source) = 63        |                                           
  pfet_01v8_hvt/bulk = 88                  |                                           
  sky130_fd_sc_hd__a221o_1/VPB = 6         |                                           
  sky130_fd_sc_hd__a221o_1/VPWR = 6        |                                           
  sky130_fd_sc_hd__o311ai_0/VPB = 6        |                                           
  sky130_fd_sc_hd__o311ai_0/VPWR = 6       |                                           
  sky130_fd_sc_hd__clkinvlp_4/VPB = 20     |                                           
  sky130_fd_sc_hd__clkinvlp_4/VPWR = 20    |                                           
  sky130_fd_sc_hd__nor2_4/VPWR = 2         |                                           
  sky130_fd_sc_hd__nor2_4/VPB = 2          |                                           
  sky130_fd_sc_hd__nor4_1/VPB = 15         |                                           
  sky130_fd_sc_hd__nor4_1/VPWR = 15        |                                           
  sky130_fd_sc_hd__a21oi_4/VPWR = 18       |                                           
  sky130_fd_sc_hd__a21oi_4/VPB = 18        |                                           
  sky130_fd_sc_hd__or2_4/VPB = 1           |                                           
  sky130_fd_sc_hd__or2_4/VPWR = 1          |                                           
  sky130_fd_sc_hd__inv_16/VPWR = 8         |                                           
  sky130_fd_sc_hd__inv_16/VPB = 8          |                                           
  sky130_fd_sc_hd__clkinv_8/VPWR = 4       |                                           
  sky130_fd_sc_hd__clkinv_8/VPB = 4        |                                           
  sky130_fd_sc_hd__mux2i_2/VPWR = 20       |                                           
  sky130_fd_sc_hd__mux2i_2/VPB = 20        |                                           
  sky130_fd_sc_hd__a311oi_1/VPB = 5        |                                           
  sky130_fd_sc_hd__a311oi_1/VPWR = 5       |                                           
  sky130_fd_sc_hd__buf_6/VPWR = 21         |                                           
  sky130_fd_sc_hd__buf_6/VPB = 21          |                                           
  sky130_fd_sc_hd__buf_8/VPWR = 3          |                                           
  sky130_fd_sc_hd__buf_8/VPB = 3           |                                           
  sky130_fd_sc_hd__a32oi_1/VPB = 2         |                                           
  sky130_fd_sc_hd__a32oi_1/VPWR = 2        |                                           
  sky130_fd_sc_hd__a222oi_1/VPB = 1        |                                           
  sky130_fd_sc_hd__a222oi_1/VPWR = 1       |                                           
  sky130_fd_sc_hd__nand4b_1/VPB = 1        |                                           
  sky130_fd_sc_hd__nand4b_1/VPWR = 1       |                                           
  sky130_fd_sc_hd__o41ai_1/VPB = 2         |                                           
  sky130_fd_sc_hd__o41ai_1/VPWR = 2        |                                           
  sky130_fd_sc_hd__inv_8/VPWR = 1          |                                           
  sky130_fd_sc_hd__inv_8/VPB = 1           |                                           
  sky130_fd_sc_hd__a21boi_0/VPB = 7        |                                           
  sky130_fd_sc_hd__a21boi_0/VPWR = 7       |                                           
  sky130_fd_sc_hd__a31oi_2/VPWR = 3        |                                           
  sky130_fd_sc_hd__a31oi_2/VPB = 3         |                                           
  sky130_fd_sc_hd__and2_4/VPB = 2          |                                           
  sky130_fd_sc_hd__and2_4/VPWR = 2         |                                           
  sky130_fd_sc_hd__o21ba_2/VPB = 3         |                                           
  sky130_fd_sc_hd__o21ba_2/VPWR = 3        |                                           
  sky130_fd_sc_hd__o32a_1/VPB = 2          |                                           
  sky130_fd_sc_hd__o32a_1/VPWR = 2         |                                           
  sky130_fd_sc_hd__bufbuf_16/VPWR = 1      |                                           
  sky130_fd_sc_hd__bufbuf_16/VPB = 1       |                                           
  sky130_fd_sc_hd__nor3_2/VPB = 4          |                                           
  sky130_fd_sc_hd__nor3_2/VPWR = 4         |                                           
  sky130_fd_sc_hd__o31a_1/VPB = 4          |                                           
  sky130_fd_sc_hd__o31a_1/VPWR = 4         |                                           
  sky130_fd_sc_hd__xnor2_4/VPWR = 3        |                                           
  sky130_fd_sc_hd__xnor2_4/VPB = 3         |                                           
  sky130_fd_sc_hd__o22a_1/VPB = 3          |                                           
  sky130_fd_sc_hd__o22a_1/VPWR = 3         |                                           
  sky130_fd_sc_hd__o2111ai_1/VPB = 8       |                                           
  sky130_fd_sc_hd__o2111ai_1/VPWR = 8      |                                           
  sky130_fd_sc_hd__nor4_2/VPWR = 3         |                                           
  sky130_fd_sc_hd__nor4_2/VPB = 3          |                                           
  sky130_fd_sc_hd__nor2_2/VPB = 3          |                                           
  sky130_fd_sc_hd__nor2_2/VPWR = 3         |                                           
  sky130_fd_sc_hd__and3_2/VPB = 1          |                                           
  sky130_fd_sc_hd__and3_2/VPWR = 1         |                                           
  sky130_fd_sc_hd__a2111oi_0/VPB = 6       |                                           
  sky130_fd_sc_hd__a2111oi_0/VPWR = 6      |                                           
  sky130_fd_sc_hd__xor2_2/VPWR = 1         |                                           
  sky130_fd_sc_hd__xor2_2/VPB = 1          |                                           
  sky130_fd_sc_hd__o211a_1/VPB = 5         |                                           
  sky130_fd_sc_hd__o211a_1/VPWR = 5        |                                           
  sky130_fd_sc_hd__a21boi_1/VPB = 3        |                                           
  sky130_fd_sc_hd__a21boi_1/VPWR = 3       |                                           
  sky130_fd_sc_hd__o41a_1/VPWR = 2         |                                           
  sky130_fd_sc_hd__o41a_1/VPB = 2          |                                           
  sky130_fd_sc_hd__o311a_1/VPWR = 4        |                                           
  sky130_fd_sc_hd__o311a_1/VPB = 4         |                                           
  sky130_fd_sc_hd__or4_1/VPB = 7           |                                           
  sky130_fd_sc_hd__or4_1/VPWR = 7          |                                           
  sky130_fd_sc_hd__o221a_2/VPWR = 1        |                                           
  sky130_fd_sc_hd__o221a_2/VPB = 1         |                                           
  sky130_fd_sc_hd__inv_6/VPB = 10          |                                           
  sky130_fd_sc_hd__inv_6/VPWR = 10         |                                           
  sky130_fd_sc_hd__nand3b_1/VPB = 7        |                                           
  sky130_fd_sc_hd__nand3b_1/VPWR = 7       |                                           
  sky130_fd_sc_hd__nand2_4/VPWR = 34       |                                           
  sky130_fd_sc_hd__nand2_4/VPB = 34        |                                           
  sky130_fd_sc_hd__a2111o_1/VPWR = 1       |                                           
  sky130_fd_sc_hd__a2111o_1/VPB = 1        |                                           
  sky130_fd_sc_hd__mux2i_4/VPWR = 18       |                                           
  sky130_fd_sc_hd__mux2i_4/VPB = 18        |                                           
  sky130_fd_sc_hd__o21ai_4/VPWR = 14       |                                           
  sky130_fd_sc_hd__o21ai_4/VPB = 14        |                                           
  sky130_fd_sc_hd__o311ai_1/VPB = 2        |                                           
  sky130_fd_sc_hd__o311ai_1/VPWR = 2       |                                           
  sky130_fd_sc_hd__clkinv_16/VPWR = 4      |                                           
  sky130_fd_sc_hd__clkinv_16/VPB = 4       |                                           
  sky130_fd_sc_hd__nand3_2/VPWR = 1        |                                           
  sky130_fd_sc_hd__nand3_2/VPB = 1         |                                           
  sky130_fd_sc_hd__and3b_1/VPB = 1         |                                           
  sky130_fd_sc_hd__and3b_1/VPWR = 1        |                                           
  sky130_fd_sc_hd__and2_0/VPB = 3          |                                           
  sky130_fd_sc_hd__and2_0/VPWR = 3         |                                           
  sky130_fd_sc_hd__a22o_1/VPB = 3          |                                           
  sky130_fd_sc_hd__a22o_1/VPWR = 3         |                                           
  sky130_fd_sc_hd__a211o_1/VPB = 3         |                                           
  sky130_fd_sc_hd__a211o_1/VPWR = 3        |                                           
  sky130_fd_sc_hd__or3b_2/VPB = 1          |                                           
  sky130_fd_sc_hd__or3b_2/VPWR = 1         |                                           
  sky130_fd_sc_hd__a211oi_2/VPWR = 3       |                                           
  sky130_fd_sc_hd__a211oi_2/VPB = 3        |                                           
  sky130_fd_sc_hd__a31o_2/VPB = 2          |                                           
  sky130_fd_sc_hd__a31o_2/VPWR = 2         |                                           
  sky130_fd_sc_hd__o221ai_2/VPWR = 1       |                                           
  sky130_fd_sc_hd__o221ai_2/VPB = 1        |                                           
  sky130_fd_sc_hd__o31ai_4/VPWR = 1        |                                           
  sky130_fd_sc_hd__o31ai_4/VPB = 1         |                                           
  sky130_fd_sc_hd__fa_2/VPWR = 2           |                                           
  sky130_fd_sc_hd__fa_2/VPB = 2            |                                           
  sky130_fd_sc_hd__o31a_2/VPB = 1          |                                           
  sky130_fd_sc_hd__o31a_2/VPWR = 1         |                                           
  sky130_fd_sc_hd__a31oi_4/VPWR = 1        |                                           
  sky130_fd_sc_hd__a31oi_4/VPB = 1         |                                           
  sky130_fd_sc_hd__a21bo_2/VPB = 2         |                                           
  sky130_fd_sc_hd__a21bo_2/VPWR = 2        |                                           
  sky130_fd_sc_hd__inv_4/VPB = 1           |                                           
  sky130_fd_sc_hd__inv_4/VPWR = 1          |                                           
                                           |                                           
Net: VNB                                   |Net: _04259_                               
  sky130_fd_sc_hd__dfrtp_1/VNB = 2562      |  sky130_fd_sc_hd__a21o_1/X = 1            
  sky130_fd_sc_hd__buf_4/VNB = 987         |  pfet_01v8_hvt/gate = 1                   
  sky130_fd_sc_hd__buf_12/VNB = 90         |  nfet_01v8/gate = 1                       
  sky130_fd_sc_hd__nand2_1/VNB = 2271      |                                           
  sky130_fd_sc_hd__o21ai_0/VNB = 2635      |                                           
  sky130_fd_sc_hd__clkinv_4/VNB = 14       |                                           
  sky130_fd_sc_hd__clkbuf_16/VNB = 337     |                                           
  sky130_fd_sc_hd__clkinv_2/VNB = 57       |                                           
  sky130_fd_sc_hd__clkdlybuf4s50_1/VNB = 7 |                                           
  sky130_fd_sc_hd__xor2_1/VNB = 143        |                                           
  sky130_fd_sc_hd__nor2_1/VNB = 428        |                                           
  sky130_fd_sc_hd__fa_1/VNB = 185          |                                           
  sky130_fd_sc_hd__xnor2_1/VNB = 397       |                                           
  sky130_fd_sc_hd__o21ai_1/VNB = 26        |                                           
  sky130_fd_sc_hd__or3_1/VNB = 12          |                                           
  sky130_fd_sc_hd__nand3_1/VNB = 73        |                                           
  sky130_fd_sc_hd__a21oi_1/VNB = 352       |                                           
  sky130_fd_sc_hd__inv_1/VNB = 97          |                                           
  sky130_fd_sc_hd__mux2i_1/VNB = 740       |                                           
  sky130_fd_sc_hd__nand2b_1/VNB = 128      |                                           
  sky130_fd_sc_hd__nor2b_4/VNB = 1         |                                           
  sky130_fd_sc_hd__mux2_2/VNB = 33         |                                           
  sky130_fd_sc_hd__ha_1/VNB = 140          |                                           
  sky130_fd_sc_hd__nor3_1/VNB = 76         |                                           
  sky130_fd_sc_hd__nor2b_1/VNB = 34        |                                           
  sky130_fd_sc_hd__o21a_1/VNB = 24         |                                           
  sky130_fd_sc_hd__maj3_1/VNB = 32         |                                           
  sky130_fd_sc_hd__clkbuf_8/VNB = 51       |                                           
  sky130_fd_sc_hd__clkbuf_1/VNB = 46       |                                           
  sky130_fd_sc_hd__o31ai_1/VNB = 25        |                                           
  sky130_fd_sc_hd__a22oi_1/VNB = 494       |                                           
  sky130_fd_sc_hd__mux4_2/VNB = 1689       |                                           
  sky130_fd_sc_hd__o22ai_1/VNB = 169       |                                           
  sky130_fd_sc_hd__o221ai_1/VNB = 195      |                                           
  sky130_fd_sc_hd__bufinv_16/VNB = 25      |                                           
  sky130_fd_sc_hd__nand2_2/VNB = 33        |                                           
  sky130_fd_sc_hd__xor2_4/VNB = 3          |                                           
  sky130_fd_sc_hd__inv_2/VNB = 1           |                                           
  sky130_fd_sc_hd__xnor2_2/VNB = 38        |                                           
  sky130_fd_sc_hd__buf_16/VNB = 33         |                                           
  sky130_fd_sc_hd__ha_2/VNB = 1            |                                           
  sky130_fd_sc_hd__dfrtp_4/VNB = 6         |                                           
  sky130_fd_sc_hd__a31oi_1/VNB = 44        |                                           
  sky130_fd_sc_hd__o211ai_1/VNB = 16       |                                           
  sky130_fd_sc_hd__a221oi_1/VNB = 12       |                                           
  sky130_fd_sc_hd__a211oi_1/VNB = 34       |                                           
  sky130_fd_sc_hd__and2_1/VNB = 23         |                                           
  sky130_fd_sc_hd__nand2b_4/VNB = 2        |                                           
  sky130_fd_sc_hd__nor2b_2/VNB = 2         |                                           
  sky130_fd_sc_hd__clkbuf_4/VNB = 1        |                                           
  sky130_fd_sc_hd__nand4_1/VNB = 15        |                                           
  sky130_fd_sc_hd__o32ai_1/VNB = 3         |                                           
  sky130_fd_sc_hd__and4_1/VNB = 6          |                                           
  sky130_fd_sc_hd__and3_1/VNB = 22         |                                           
  sky130_fd_sc_hd__o21bai_1/VNB = 23       |                                           
  sky130_fd_sc_hd__or2_2/VNB = 11          |                                           
  sky130_fd_sc_hd__a311o_1/VNB = 1         |                                           
  sky130_fd_sc_hd__a21o_1/VNB = 63         |                                           
  sky130_fd_sc_hd__nor3b_1/VNB = 10        |                                           
  sky130_fd_sc_hd__a41oi_1/VNB = 7         |                                           
  nfet_01v8/bulk = 122                     |                                           
  sky130_fd_sc_hd__a221o_1/VNB = 6         |                                           
  sky130_fd_sc_hd__o311ai_0/VNB = 6        |                                           
  sky130_fd_sc_hd__clkinvlp_4/VNB = 20     |                                           
  sky130_fd_sc_hd__nor2_4/VNB = 2          |                                           
  sky130_fd_sc_hd__nor4_1/VNB = 15         |                                           
  sky130_fd_sc_hd__a21oi_4/VNB = 18        |                                           
  sky130_fd_sc_hd__or2_4/VNB = 1           |                                           
  sky130_fd_sc_hd__inv_16/VNB = 8          |                                           
  sky130_fd_sc_hd__clkinv_8/VNB = 4        |                                           
  sky130_fd_sc_hd__mux2i_2/VNB = 20        |                                           
  sky130_fd_sc_hd__a311oi_1/VNB = 5        |                                           
  sky130_fd_sc_hd__buf_6/VNB = 21          |                                           
  sky130_fd_sc_hd__buf_8/VNB = 3           |                                           
  sky130_fd_sc_hd__a32oi_1/VNB = 2         |                                           
  sky130_fd_sc_hd__a222oi_1/VNB = 1        |                                           
  sky130_fd_sc_hd__nand4b_1/VNB = 1        |                                           
  sky130_fd_sc_hd__o41ai_1/VNB = 2         |                                           
  sky130_fd_sc_hd__inv_8/VNB = 1           |                                           
  sky130_fd_sc_hd__a21boi_0/VNB = 7        |                                           
  sky130_fd_sc_hd__a31oi_2/VNB = 3         |                                           
  sky130_fd_sc_hd__and2_4/VNB = 2          |                                           
  sky130_fd_sc_hd__o21ba_2/VNB = 3         |                                           
  sky130_fd_sc_hd__o32a_1/VNB = 2          |                                           
  sky130_fd_sc_hd__bufbuf_16/VNB = 1       |                                           
  sky130_fd_sc_hd__nor3_2/VNB = 4          |                                           
  sky130_fd_sc_hd__o31a_1/VNB = 4          |                                           
  sky130_fd_sc_hd__xnor2_4/VNB = 3         |                                           
  sky130_fd_sc_hd__o22a_1/VNB = 3          |                                           
  sky130_fd_sc_hd__o2111ai_1/VNB = 8       |                                           
  sky130_fd_sc_hd__nor4_2/VNB = 3          |                                           
  sky130_fd_sc_hd__nor2_2/VNB = 3          |                                           
  sky130_fd_sc_hd__and3_2/VNB = 1          |                                           
  sky130_fd_sc_hd__a2111oi_0/VNB = 6       |                                           
  sky130_fd_sc_hd__xor2_2/VNB = 1          |                                           
  sky130_fd_sc_hd__o211a_1/VNB = 5         |                                           
  sky130_fd_sc_hd__a21boi_1/VNB = 3        |                                           
  sky130_fd_sc_hd__o41a_1/VNB = 2          |                                           
  sky130_fd_sc_hd__o311a_1/VNB = 4         |                                           
  sky130_fd_sc_hd__or4_1/VNB = 7           |                                           
  sky130_fd_sc_hd__o221a_2/VNB = 1         |                                           
  sky130_fd_sc_hd__inv_6/VNB = 10          |                                           
  sky130_fd_sc_hd__nand3b_1/VNB = 7        |                                           
  sky130_fd_sc_hd__nand2_4/VNB = 34        |                                           
  sky130_fd_sc_hd__a2111o_1/VNB = 1        |                                           
  sky130_fd_sc_hd__mux2i_4/VNB = 18        |                                           
  sky130_fd_sc_hd__o21ai_4/VNB = 14        |                                           
  sky130_fd_sc_hd__o311ai_1/VNB = 2        |                                           
  sky130_fd_sc_hd__clkinv_16/VNB = 4       |                                           
  sky130_fd_sc_hd__nand3_2/VNB = 1         |                                           
  sky130_fd_sc_hd__and3b_1/VNB = 1         |                                           
  sky130_fd_sc_hd__and2_0/VNB = 3          |                                           
  sky130_fd_sc_hd__a22o_1/VNB = 3          |                                           
  sky130_fd_sc_hd__a211o_1/VNB = 3         |                                           
  sky130_fd_sc_hd__or3b_2/VNB = 1          |                                           
  sky130_fd_sc_hd__a211oi_2/VNB = 3        |                                           
  sky130_fd_sc_hd__a31o_2/VNB = 2          |                                           
  sky130_fd_sc_hd__o221ai_2/VNB = 1        |                                           
  sky130_fd_sc_hd__o31ai_4/VNB = 1         |                                           
  sky130_fd_sc_hd__fa_2/VNB = 2            |                                           
  sky130_fd_sc_hd__o31a_2/VNB = 1          |                                           
  sky130_fd_sc_hd__a31oi_4/VNB = 1         |                                           
  sky130_fd_sc_hd__a21bo_2/VNB = 2         |                                           
  sky130_fd_sc_hd__inv_4/VNB = 1           |                                           
                                           |                                           
Net: \$54889                               |Net: _09235_                               
  sky130_fd_sc_hd__dfrtp_4/Q = 1           |  sky130_fd_sc_hd__o21bai_1/Y = 1          
  sky130_fd_sc_hd__buf_4/A = 3             |  pfet_01v8_hvt/gate = 1                   
  sky130_fd_sc_hd__clkinvlp_4/A = 1        |  nfet_01v8/gate = 1                       
  pfet_01v8_hvt/gate = 3                   |                                           
  nfet_01v8/gate = 3                       |                                           
                                           |                                           
Net: \$72556                               |Net: _09948_                               
  sky130_fd_sc_hd__a21o_1/X = 1            |  sky130_fd_sc_hd__o21bai_1/Y = 1          
  pfet_01v8_hvt/gate = 1                   |  pfet_01v8_hvt/gate = 1                   
  nfet_01v8/gate = 2                       |  nfet_01v8/gate = 1                       
                                           |                                           
Net: \$70962                               |Net: _11392_                               
  pfet_01v8_hvt/gate = 1                   |  sky130_fd_sc_hd__o21bai_1/Y = 1          
  nfet_01v8/gate = 2                       |  pfet_01v8_hvt/gate = 1                   
  sky130_fd_sc_hd__a21o_1/X = 1            |  nfet_01v8/gate = 1                       
                                           |                                           
Net: \$36530                               |Net: _10387_                               
  sky130_fd_sc_hd__a21o_1/X = 1            |  sky130_fd_sc_hd__nand2b_1/Y = 1          
  pfet_01v8_hvt/gate = 1                   |  pfet_01v8_hvt/gate = 1                   
  nfet_01v8/gate = 2                       |  nfet_01v8/gate = 1                       
                                           |                                           
Net: \$35939                               |Net: _12483_                               
  pfet_01v8_hvt/gate = 1                   |  sky130_fd_sc_hd__nor2_1/Y = 1            
  nfet_01v8/gate = 2                       |  pfet_01v8_hvt/gate = 1                   
  sky130_fd_sc_hd__a21o_1/X = 1            |  nfet_01v8/gate = 1                       
                                           |                                           
Net: \$74627                               |Net: _04271_                               
  pfet_01v8_hvt/gate = 1                   |  sky130_fd_sc_hd__a211o_1/X = 1           
  nfet_01v8/gate = 2                       |  pfet_01v8_hvt/gate = 1                   
  sky130_fd_sc_hd__a21oi_1/Y = 1           |  nfet_01v8/gate = 1                       
                                           |                                           
Net: \$77012                               |Net: _04331_                               
  pfet_01v8_hvt/gate = 1                   |  sky130_fd_sc_hd__a21oi_1/Y = 1           
  nfet_01v8/gate = 2                       |  pfet_01v8_hvt/gate = 1                   
  sky130_fd_sc_hd__nor2_1/Y = 1            |  nfet_01v8/gate = 1                       
                                           |                                           
Net: \$41590                               |Net: _00387_                               
  sky130_fd_sc_hd__nand2b_1/Y = 1          |  sky130_fd_sc_hd__buf_4/A = 1             
  pfet_01v8_hvt/gate = 1                   |  sky130_fd_sc_hd__nand4_1/D = 1           
  nfet_01v8/gate = 2                       |  pfet_01v8_hvt/gate = 1                   
                                           |  nfet_01v8/gate = 1                       
                                           |  sky130_fd_sc_hd__nand2_1/B = 1           
                                           |  sky130_fd_sc_hd__a21oi_1/A1 = 1          
                                           |  sky130_fd_sc_hd__ha_1/SUM = 1            
                                           |                                           
Net: \$81664                               |Net: _00443_                               
  pfet_01v8_hvt/gate = 1                   |  sky130_fd_sc_hd__buf_4/A = 1             
  nfet_01v8/gate = 2                       |  sky130_fd_sc_hd__nand4_1/A = 1           
  sky130_fd_sc_hd__o21bai_1/Y = 1          |  sky130_fd_sc_hd__or2_2/A = 1             
                                           |  pfet_01v8_hvt/gate = 1                   
                                           |  nfet_01v8/gate = 1                       
                                           |  sky130_fd_sc_hd__a21oi_1/A1 = 1          
                                           |  sky130_fd_sc_hd__ha_1/SUM = 1            
                                           |                                           
Net: \$43233                               |Net: _04260_                               
  sky130_fd_sc_hd__o21bai_1/Y = 1          |  pfet_01v8_hvt/(drain|source) = 1         
  pfet_01v8_hvt/gate = 1                   |  nfet_01v8/(drain|source) = 2             
  nfet_01v8/gate = 2                       |  sky130_fd_sc_hd__nand2_1/B = 1           
                                           |  sky130_fd_sc_hd__a21o_1/A2 = 1           
                                           |  sky130_fd_sc_hd__a211oi_1/A2 = 1         
                                           |  sky130_fd_sc_hd__a21boi_1/A2 = 1         
                                           |                                           
Net: \$37587                               |Net: sky130_fd_sc_hd__ha_4_25406_/majb     
  sky130_fd_sc_hd__o21bai_1/Y = 1          |  nfet_01v8/gate = 2                       
  pfet_01v8_hvt/gate = 1                   |  nfet_01v8/(drain|source) = 1             
  nfet_01v8/gate = 2                       |  pfet_01v8_hvt/gate = 2                   
                                           |  pfet_01v8_hvt/(drain|source) = 2         
                                           |                                           
Net: \$71032                               |Net: sky130_fd_sc_hd__ha_4_25435_/majb     
  pfet_01v8_hvt/gate = 1                   |  nfet_01v8/gate = 2                       
  nfet_01v8/gate = 2                       |  nfet_01v8/(drain|source) = 1             
  sky130_fd_sc_hd__a211o_1/X = 1           |  pfet_01v8_hvt/gate = 2                   
                                           |  pfet_01v8_hvt/(drain|source) = 2         
                                           |                                           
Net: \$52298                               |Net: sky130_fd_sc_hd__ha_4_25477_/majb     
  sky130_fd_sc_hd__buf_12/A = 1            |  nfet_01v8/gate = 2                       
  pfet_01v8_hvt/gate = 3                   |  nfet_01v8/(drain|source) = 1             
  nfet_01v8/gate = 3                       |  pfet_01v8_hvt/gate = 2                   
  sky130_fd_sc_hd__inv_8/Y = 1             |  pfet_01v8_hvt/(drain|source) = 2         
                                           |                                           
Net: \$51944                               |Net: sky130_fd_sc_hd__ha_4_25478_/majb     
  pfet_01v8_hvt/gate = 3                   |  nfet_01v8/gate = 2                       
  nfet_01v8/gate = 3                       |  nfet_01v8/(drain|source) = 1             
  sky130_fd_sc_hd__clkinvlp_4/Y = 1        |  pfet_01v8_hvt/gate = 2                   
  sky130_fd_sc_hd__buf_4/A = 1             |  pfet_01v8_hvt/(drain|source) = 2         
                                           |                                           
Net: \$71914                               |Net: _09067_                               
  pfet_01v8_hvt/gate = 1                   |  sky130_fd_sc_hd__clkinvlp_4/Y = 1        
  nfet_01v8/gate = 2                       |  sky130_fd_sc_hd__buf_4/A = 1             
  sky130_fd_sc_hd__buf_4/A = 1             |  nfet_01v8/gate = 2                       
  sky130_fd_sc_hd__a21oi_1/A1 = 1          |  pfet_01v8_hvt/gate = 2                   
  sky130_fd_sc_hd__nand2_1/B = 1           |                                           
  sky130_fd_sc_hd__nand4_1/D = 1           |                                           
  sky130_fd_sc_hd__ha_1/SUM = 1            |                                           
                                           |                                           
Net: \$71316                               |Net: net2667                               
  sky130_fd_sc_hd__nand2_1/B = 1           |  sky130_fd_sc_hd__buf_4/X = 1             
  pfet_01v8_hvt/(drain|source) = 1         |  sky130_fd_sc_hd__nand3_1/C = 1           
  nfet_01v8/(drain|source) = 3             |  sky130_fd_sc_hd__a31o_2/A1 = 1           
  sky130_fd_sc_hd__a21o_1/A2 = 1           |  pfet_01v8_hvt/gate = 1                   
  sky130_fd_sc_hd__a211oi_1/A2 = 1         |  nfet_01v8/gate = 1                       
  sky130_fd_sc_hd__a21boi_1/A2 = 1         |  sky130_fd_sc_hd__xor2_1/A = 1            
                                           |                                           
Net: \$70676                               |Net: _09118_                               
  sky130_fd_sc_hd__buf_4/A = 1             |  sky130_fd_sc_hd__inv_8/Y = 1             
  pfet_01v8_hvt/gate = 1                   |  nfet_01v8/gate = 2                       
  nfet_01v8/gate = 2                       |  pfet_01v8_hvt/gate = 2                   
  sky130_fd_sc_hd__or2_2/A = 1             |  sky130_fd_sc_hd__buf_12/A = 1            
  sky130_fd_sc_hd__nand4_1/A = 1           |                                           
  sky130_fd_sc_hd__a21oi_1/A1 = 1          |                                           
  sky130_fd_sc_hd__ha_1/SUM = 1            |                                           
                                           |                                           
Net: sky130_fd_sc_hd__ha_4$4596/\$7        |Net: _00484_                               
  pfet_01v8_hvt/gate = 2                   |  sky130_fd_sc_hd__inv_1/A = 1             
  pfet_01v8_hvt/(drain|source) = 2         |  sky130_fd_sc_hd__a21o_1/A1 = 1           
  nfet_01v8/(drain|source) = 2             |  pfet_01v8_hvt/gate = 1                   
  nfet_01v8/gate = 2                       |  nfet_01v8/gate = 1                       
                                           |  sky130_fd_sc_hd__xnor2_1/A = 1           
                                           |  sky130_fd_sc_hd__ha_1/SUM = 1            
                                           |                                           
Net: sky130_fd_sc_hd__ha_4$6438/\$7        |Net: _11393_                               
  pfet_01v8_hvt/gate = 2                   |  sky130_fd_sc_hd__buf_4/A = 1             
  pfet_01v8_hvt/(drain|source) = 2         |  pfet_01v8_hvt/(drain|source) = 1         
  nfet_01v8/(drain|source) = 2             |  nfet_01v8/(drain|source) = 2             
  nfet_01v8/gate = 2                       |  sky130_fd_sc_hd__o211ai_1/A2 = 1         
                                           |  sky130_fd_sc_hd__nor2_1/B = 1            
                                           |                                           
Net: sky130_fd_sc_hd__ha_4$6679/\$7        |Net: _04113_                               
  pfet_01v8_hvt/gate = 2                   |  sky130_fd_sc_hd__buf_4/A = 1             
  pfet_01v8_hvt/(drain|source) = 2         |  pfet_01v8_hvt/(drain|source) = 1         
  nfet_01v8/(drain|source) = 2             |  nfet_01v8/(drain|source) = 2             
  nfet_01v8/gate = 2                       |  sky130_fd_sc_hd__nor3b_1/C_N = 1         
                                           |  sky130_fd_sc_hd__o21ai_0/B1 = 1          
                                           |                                           
Net: sky130_fd_sc_hd__ha_4$34512/\$7       |Net: net2333                               
  pfet_01v8_hvt/gate = 2                   |  sky130_fd_sc_hd__buf_4/X = 1             
  pfet_01v8_hvt/(drain|source) = 2         |  pfet_01v8_hvt/gate = 1                   
  nfet_01v8/(drain|source) = 2             |  nfet_01v8/gate = 1                       
  nfet_01v8/gate = 2                       |  sky130_fd_sc_hd__inv_1/A = 1             
                                           |  sky130_fd_sc_hd__and3_1/B = 1            
                                           |  sky130_fd_sc_hd__nand2_1/B = 1           
                                           |                                           
Net: \$54253                               |Net: _04100_                               
  pfet_01v8_hvt/gate = 3                   |  pfet_01v8_hvt/(drain|source) = 1         
  nfet_01v8/gate = 3                       |  nfet_01v8/(drain|source) = 2             
  sky130_fd_sc_hd__buf_4/X = 1             |  sky130_fd_sc_hd__nand2_1/B = 1           
                                           |  sky130_fd_sc_hd__a21oi_1/A2 = 1          
                                           |  sky130_fd_sc_hd__o21ai_0/B1 = 1          
                                           |                                           
Net: \$72574                               |Net: VSS                                   
  sky130_fd_sc_hd__inv_1/A = 1             |  sky130_fd_sc_hd__dfrtp_1/VGND = 2562     
  sky130_fd_sc_hd__nand2_1/B = 1           |  sky130_fd_sc_hd__dfrtp_1/VNB = 2562      
  sky130_fd_sc_hd__buf_4/X = 1             |  sky130_fd_sc_hd__buf_4/VGND = 987        
  pfet_01v8_hvt/gate = 1                   |  sky130_fd_sc_hd__buf_4/VNB = 987         
  nfet_01v8/gate = 2                       |  sky130_fd_sc_hd__xnor2_1/VGND = 397      
  sky130_fd_sc_hd__and3_1/B = 1            |  sky130_fd_sc_hd__xnor2_1/VNB = 397       
                                           |  sky130_fd_sc_hd__clkinvlp_4/VGND = 20    
                                           |  sky130_fd_sc_hd__clkinvlp_4/VNB = 20     
                                           |  sky130_fd_sc_hd__nand2_4/VGND = 34       
                                           |  sky130_fd_sc_hd__nand2_4/VNB = 34        
                                           |  sky130_fd_sc_hd__mux2i_1/VGND = 740      
                                           |  sky130_fd_sc_hd__mux2i_1/VNB = 740       
                                           |  sky130_fd_sc_hd__o221ai_1/VGND = 195     
                                           |  sky130_fd_sc_hd__o221ai_1/VNB = 195      
                                           |  sky130_fd_sc_hd__mux4_2/VGND = 1689      
                                           |  sky130_fd_sc_hd__mux4_2/VNB = 1689       
                                           |  sky130_fd_sc_hd__inv_4/VGND = 1          
                                           |  sky130_fd_sc_hd__inv_4/VNB = 1           
                                           |  sky130_fd_sc_hd__o22ai_1/VGND = 169      
                                           |  sky130_fd_sc_hd__o22ai_1/VNB = 169       
                                           |  sky130_fd_sc_hd__inv_8/VGND = 1          
                                           |  sky130_fd_sc_hd__inv_8/VNB = 1           
                                           |  sky130_fd_sc_hd__a21oi_1/VGND = 352      
                                           |  sky130_fd_sc_hd__a21oi_1/VNB = 352       
                                           |  sky130_fd_sc_hd__nor2_1/VGND = 428       
                                           |  sky130_fd_sc_hd__nor2_1/VNB = 428        
                                           |  sky130_fd_sc_hd__buf_12/VGND = 90        
                                           |  sky130_fd_sc_hd__buf_12/VNB = 90         
                                           |  sky130_fd_sc_hd__nand2_2/VGND = 33       
                                           |  sky130_fd_sc_hd__nand2_2/VNB = 33        
                                           |  sky130_fd_sc_hd__nand3_1/VGND = 73       
                                           |  sky130_fd_sc_hd__nand3_1/VNB = 73        
                                           |  sky130_fd_sc_hd__o21ai_0/VGND = 2635     
                                           |  sky130_fd_sc_hd__o21ai_0/VNB = 2635      
                                           |  sky130_fd_sc_hd__clkinv_2/VGND = 57      
                                           |  sky130_fd_sc_hd__clkinv_2/VNB = 57       
                                           |  sky130_fd_sc_hd__nand2_1/VGND = 2271     
                                           |  sky130_fd_sc_hd__nand2_1/VNB = 2271      
                                           |  sky130_fd_sc_hd__inv_1/VGND = 97         
                                           |  sky130_fd_sc_hd__inv_1/VNB = 97          
                                           |  sky130_fd_sc_hd__a21o_1/VGND = 63        
                                           |  sky130_fd_sc_hd__a21o_1/VNB = 63         
                                           |  sky130_fd_sc_hd__o21bai_1/VGND = 23      
                                           |  sky130_fd_sc_hd__o21bai_1/VNB = 23       
                                           |  nfet_01v8/bulk = 80                      
                                           |  nfet_01v8/(drain|source) = 55            
                                           |  sky130_fd_sc_hd__o21ai_1/VGND = 26       
                                           |  sky130_fd_sc_hd__o21ai_1/VNB = 26        
                                           |  sky130_fd_sc_hd__a31oi_4/VGND = 1        
                                           |  sky130_fd_sc_hd__a31oi_4/VNB = 1         
                                           |  sky130_fd_sc_hd__or4_1/VGND = 7          
                                           |  sky130_fd_sc_hd__or4_1/VNB = 7           
                                           |  sky130_fd_sc_hd__or3_1/VGND = 12         
                                           |  sky130_fd_sc_hd__or3_1/VNB = 12          
                                           |  sky130_fd_sc_hd__a221o_1/VGND = 6        
                                           |  sky130_fd_sc_hd__a221o_1/VNB = 6         
                                           |  sky130_fd_sc_hd__and3_1/VGND = 22        
                                           |  sky130_fd_sc_hd__and3_1/VNB = 22         
                                           |  sky130_fd_sc_hd__a21bo_2/VGND = 2        
                                           |  sky130_fd_sc_hd__a21bo_2/VNB = 2         
                                           |  sky130_fd_sc_hd__nand2b_4/VGND = 2       
                                           |  sky130_fd_sc_hd__nand2b_4/VNB = 2        
                                           |  sky130_fd_sc_hd__mux2i_4/VGND = 18       
                                           |  sky130_fd_sc_hd__mux2i_4/VNB = 18        
                                           |  sky130_fd_sc_hd__o211ai_1/VGND = 16      
                                           |  sky130_fd_sc_hd__o211ai_1/VNB = 16       
                                           |  sky130_fd_sc_hd__o31ai_1/VGND = 25       
                                           |  sky130_fd_sc_hd__o31ai_1/VNB = 25        
                                           |  sky130_fd_sc_hd__nor3_1/VGND = 76        
                                           |  sky130_fd_sc_hd__nor3_1/VNB = 76         
                                           |  sky130_fd_sc_hd__a211oi_1/VGND = 34      
                                           |  sky130_fd_sc_hd__a211oi_1/VNB = 34       
                                           |  sky130_fd_sc_hd__a221oi_1/VGND = 12      
                                           |  sky130_fd_sc_hd__a221oi_1/VNB = 12       
                                           |  sky130_fd_sc_hd__a22o_1/VGND = 3         
                                           |  sky130_fd_sc_hd__a22o_1/VNB = 3          
                                           |  sky130_fd_sc_hd__nor2b_2/VGND = 2        
                                           |  sky130_fd_sc_hd__nor2b_2/VNB = 2         
                                           |  sky130_fd_sc_hd__o31a_2/VGND = 1         
                                           |  sky130_fd_sc_hd__o31a_2/VNB = 1          
                                           |  sky130_fd_sc_hd__clkbuf_16/VGND = 337    
                                           |  sky130_fd_sc_hd__clkbuf_16/VNB = 337     
                                           |  sky130_fd_sc_hd__buf_6/VGND = 21         
                                           |  sky130_fd_sc_hd__buf_6/VNB = 21          
                                           |  sky130_fd_sc_hd__o21ai_4/VGND = 14       
                                           |  sky130_fd_sc_hd__o21ai_4/VNB = 14        
                                           |  sky130_fd_sc_hd__a21boi_1/VGND = 3       
                                           |  sky130_fd_sc_hd__a21boi_1/VNB = 3        
                                           |  sky130_fd_sc_hd__a211o_1/VGND = 3        
                                           |  sky130_fd_sc_hd__a211o_1/VNB = 3         
                                           |  sky130_fd_sc_hd__a31oi_2/VGND = 3        
                                           |  sky130_fd_sc_hd__a31oi_2/VNB = 3         
                                           |  sky130_fd_sc_hd__o21a_1/VGND = 24        
                                           |  sky130_fd_sc_hd__o21a_1/VNB = 24         
                                           |  sky130_fd_sc_hd__and2_1/VGND = 23        
                                           |  sky130_fd_sc_hd__and2_1/VNB = 23         
                                           |  sky130_fd_sc_hd__a31oi_1/VGND = 44       
                                           |  sky130_fd_sc_hd__a31oi_1/VNB = 44        
                                           |  sky130_fd_sc_hd__and2_0/VGND = 3         
                                           |  sky130_fd_sc_hd__and2_0/VNB = 3          
                                           |  sky130_fd_sc_hd__a32oi_1/VGND = 2        
                                           |  sky130_fd_sc_hd__a32oi_1/VNB = 2         
                                           |  sky130_fd_sc_hd__xor2_1/VGND = 143       
                                           |  sky130_fd_sc_hd__xor2_1/VNB = 143        
                                           |  sky130_fd_sc_hd__nor3_2/VGND = 4         
                                           |  sky130_fd_sc_hd__nor3_2/VNB = 4          
                                           |  sky130_fd_sc_hd__a21oi_4/VGND = 18       
                                           |  sky130_fd_sc_hd__a21oi_4/VNB = 18        
                                           |  sky130_fd_sc_hd__a31o_2/VGND = 2         
                                           |  sky130_fd_sc_hd__a31o_2/VNB = 2          
                                           |  sky130_fd_sc_hd__nand2b_1/VGND = 128     
                                           |  sky130_fd_sc_hd__nand2b_1/VNB = 128      
                                           |  sky130_fd_sc_hd__xnor2_2/VGND = 38       
                                           |  sky130_fd_sc_hd__xnor2_2/VNB = 38        
                                           |  sky130_fd_sc_hd__inv_2/VGND = 1          
                                           |  sky130_fd_sc_hd__inv_2/VNB = 1           
                                           |  sky130_fd_sc_hd__mux2_2/VGND = 33        
                                           |  sky130_fd_sc_hd__mux2_2/VNB = 33         
                                           |  sky130_fd_sc_hd__nor2b_1/VGND = 34       
                                           |  sky130_fd_sc_hd__nor2b_1/VNB = 34        
                                           |  sky130_fd_sc_hd__o311ai_0/VGND = 6       
                                           |  sky130_fd_sc_hd__o311ai_0/VNB = 6        
                                           |  sky130_fd_sc_hd__or2_2/VGND = 11         
                                           |  sky130_fd_sc_hd__or2_2/VNB = 11          
                                           |  sky130_fd_sc_hd__a22oi_1/VGND = 494      
                                           |  sky130_fd_sc_hd__a22oi_1/VNB = 494       
                                           |  sky130_fd_sc_hd__o32a_1/VGND = 2         
                                           |  sky130_fd_sc_hd__o32a_1/VNB = 2          
                                           |  sky130_fd_sc_hd__a21boi_0/VGND = 7       
                                           |  sky130_fd_sc_hd__a21boi_0/VNB = 7        
                                           |  sky130_fd_sc_hd__o32ai_1/VGND = 3        
                                           |  sky130_fd_sc_hd__o32ai_1/VNB = 3         
                                           |  sky130_fd_sc_hd__a222oi_1/VGND = 1       
                                           |  sky130_fd_sc_hd__a222oi_1/VNB = 1        
                                           |  sky130_fd_sc_hd__a311oi_1/VGND = 5       
                                           |  sky130_fd_sc_hd__a311oi_1/VNB = 5        
                                           |  sky130_fd_sc_hd__a41oi_1/VGND = 7        
                                           |  sky130_fd_sc_hd__a41oi_1/VNB = 7         
                                           |  sky130_fd_sc_hd__o211a_1/VGND = 5        
                                           |  sky130_fd_sc_hd__o211a_1/VNB = 5         
                                           |  sky130_fd_sc_hd__o221a_2/VGND = 1        
                                           |  sky130_fd_sc_hd__o221a_2/VNB = 1         
                                           |  sky130_fd_sc_hd__nor4_1/VGND = 15        
                                           |  sky130_fd_sc_hd__nor4_1/VNB = 15         
                                           |  sky130_fd_sc_hd__a211oi_2/VGND = 3       
                                           |  sky130_fd_sc_hd__a211oi_2/VNB = 3        
                                           |  sky130_fd_sc_hd__and4_1/VGND = 6         
                                           |  sky130_fd_sc_hd__and4_1/VNB = 6          
                                           |  sky130_fd_sc_hd__o311a_1/VGND = 4        
                                           |  sky130_fd_sc_hd__o311a_1/VNB = 4         
                                           |  sky130_fd_sc_hd__nor2_2/VGND = 3         
                                           |  sky130_fd_sc_hd__nor2_2/VNB = 3          
                                           |  sky130_fd_sc_hd__nand4_1/VGND = 15       
                                           |  sky130_fd_sc_hd__nand4_1/VNB = 15        
                                           |  sky130_fd_sc_hd__nor4_2/VGND = 3         
                                           |  sky130_fd_sc_hd__nor4_2/VNB = 3          
                                           |  sky130_fd_sc_hd__and3_2/VGND = 1         
                                           |  sky130_fd_sc_hd__and3_2/VNB = 1          
                                           |  sky130_fd_sc_hd__maj3_1/VGND = 32        
                                           |  sky130_fd_sc_hd__maj3_1/VNB = 32         
                                           |  sky130_fd_sc_hd__xor2_4/VGND = 3         
                                           |  sky130_fd_sc_hd__xor2_4/VNB = 3          
                                           |  sky130_fd_sc_hd__xnor2_4/VGND = 3        
                                           |  sky130_fd_sc_hd__xnor2_4/VNB = 3         
                                           |  sky130_fd_sc_hd__mux2i_2/VGND = 20       
                                           |  sky130_fd_sc_hd__mux2i_2/VNB = 20        
                                           |  sky130_fd_sc_hd__o2111ai_1/VGND = 8      
                                           |  sky130_fd_sc_hd__o2111ai_1/VNB = 8       
                                           |  sky130_fd_sc_hd__o31a_1/VGND = 4         
                                           |  sky130_fd_sc_hd__o31a_1/VNB = 4          
                                           |  sky130_fd_sc_hd__xor2_2/VGND = 1         
                                           |  sky130_fd_sc_hd__xor2_2/VNB = 1          
                                           |  sky130_fd_sc_hd__buf_16/VGND = 33        
                                           |  sky130_fd_sc_hd__buf_16/VNB = 33         
                                           |  sky130_fd_sc_hd__buf_8/VGND = 3          
                                           |  sky130_fd_sc_hd__buf_8/VNB = 3           
                                           |  sky130_fd_sc_hd__nor3b_1/VGND = 10       
                                           |  sky130_fd_sc_hd__nor3b_1/VNB = 10        
                                           |  sky130_fd_sc_hd__nand3b_1/VGND = 7       
                                           |  sky130_fd_sc_hd__nand3b_1/VNB = 7        
                                           |  sky130_fd_sc_hd__a2111oi_0/VGND = 6      
                                           |  sky130_fd_sc_hd__a2111oi_0/VNB = 6       
                                           |  sky130_fd_sc_hd__a2111o_1/VGND = 1       
                                           |  sky130_fd_sc_hd__a2111o_1/VNB = 1        
                                           |  sky130_fd_sc_hd__o311ai_1/VGND = 2       
                                           |  sky130_fd_sc_hd__o311ai_1/VNB = 2        
                                           |  sky130_fd_sc_hd__nor2b_4/VGND = 1        
                                           |  sky130_fd_sc_hd__nor2b_4/VNB = 1         
                                           |  sky130_fd_sc_hd__o41ai_1/VGND = 2        
                                           |  sky130_fd_sc_hd__o41ai_1/VNB = 2         
                                           |  sky130_fd_sc_hd__nand4b_1/VGND = 1       
                                           |  sky130_fd_sc_hd__nand4b_1/VNB = 1        
                                           |  sky130_fd_sc_hd__clkdlybuf4s50_1/VGND =  
                                           |  sky130_fd_sc_hd__clkdlybuf4s50_1/VNB = 7 
                                           |  sky130_fd_sc_hd__or2_4/VGND = 1          
                                           |  sky130_fd_sc_hd__or2_4/VNB = 1           
                                           |  sky130_fd_sc_hd__o22a_1/VGND = 3         
                                           |  sky130_fd_sc_hd__o22a_1/VNB = 3          
                                           |  sky130_fd_sc_hd__o221ai_2/VGND = 1       
                                           |  sky130_fd_sc_hd__o221ai_2/VNB = 1        
                                           |  sky130_fd_sc_hd__and2_4/VGND = 2         
                                           |  sky130_fd_sc_hd__and2_4/VNB = 2          
                                           |  sky130_fd_sc_hd__o41a_1/VGND = 2         
                                           |  sky130_fd_sc_hd__o41a_1/VNB = 2          
                                           |  sky130_fd_sc_hd__o21ba_2/VGND = 3        
                                           |  sky130_fd_sc_hd__o21ba_2/VNB = 3         
                                           |  sky130_fd_sc_hd__o31ai_4/VGND = 1        
                                           |  sky130_fd_sc_hd__o31ai_4/VNB = 1         
                                           |  sky130_fd_sc_hd__nor2_4/VGND = 2         
                                           |  sky130_fd_sc_hd__nor2_4/VNB = 2          
                                           |  sky130_fd_sc_hd__a311o_1/VGND = 1        
                                           |  sky130_fd_sc_hd__a311o_1/VNB = 1         
                                           |  sky130_fd_sc_hd__and3b_1/VGND = 1        
                                           |  sky130_fd_sc_hd__and3b_1/VNB = 1         
                                           |  sky130_fd_sc_hd__nand3_2/VGND = 1        
                                           |  sky130_fd_sc_hd__nand3_2/VNB = 1         
                                           |  sky130_fd_sc_hd__or3b_2/VGND = 1         
                                           |  sky130_fd_sc_hd__or3b_2/VNB = 1          
                                           |  sky130_fd_sc_hd__fa_1/VGND = 185         
                                           |  sky130_fd_sc_hd__fa_1/VNB = 185          
                                           |  sky130_fd_sc_hd__fa_2/VGND = 2           
                                           |  sky130_fd_sc_hd__fa_2/VNB = 2            
                                           |  sky130_fd_sc_hd__ha_1/VGND = 140         
                                           |  sky130_fd_sc_hd__ha_1/VNB = 140          
                                           |  sky130_fd_sc_hd__ha_2/VGND = 1           
                                           |  sky130_fd_sc_hd__ha_2/VNB = 1            
                                           |  sky130_fd_sc_hd__dfrtp_4/VGND = 6        
                                           |  sky130_fd_sc_hd__dfrtp_4/VNB = 6         
                                           |  sky130_fd_sc_hd__inv_6/VGND = 10         
                                           |  sky130_fd_sc_hd__inv_6/VNB = 10          
                                           |  sky130_fd_sc_hd__clkinv_8/VGND = 4       
                                           |  sky130_fd_sc_hd__clkinv_8/VNB = 4        
                                           |  sky130_fd_sc_hd__inv_16/VGND = 8         
                                           |  sky130_fd_sc_hd__inv_16/VNB = 8          
                                           |  sky130_fd_sc_hd__clkinv_16/VGND = 4      
                                           |  sky130_fd_sc_hd__clkinv_16/VNB = 4       
                                           |  sky130_fd_sc_hd__clkbuf_8/VGND = 51      
                                           |  sky130_fd_sc_hd__clkbuf_8/VNB = 51       
                                           |  sky130_fd_sc_hd__clkbuf_1/VGND = 46      
                                           |  sky130_fd_sc_hd__clkbuf_1/VNB = 46       
                                           |  sky130_fd_sc_hd__bufinv_16/VGND = 25     
                                           |  sky130_fd_sc_hd__bufinv_16/VNB = 25      
                                           |  sky130_fd_sc_hd__clkinv_4/VGND = 14      
                                           |  sky130_fd_sc_hd__clkinv_4/VNB = 14       
                                           |  sky130_fd_sc_hd__bufbuf_16/VGND = 1      
                                           |  sky130_fd_sc_hd__bufbuf_16/VNB = 1       
                                           |  sky130_fd_sc_hd__clkbuf_4/VGND = 1       
                                           |  sky130_fd_sc_hd__clkbuf_4/VNB = 1        
                                           |                                           
Net: \$77226                               |Net: VDD                                   
  pfet_01v8_hvt/(drain|source) = 1         |  sky130_fd_sc_hd__dfrtp_1/VPWR = 2562     
  nfet_01v8/(drain|source) = 3             |  sky130_fd_sc_hd__dfrtp_1/VPB = 2562      
  sky130_fd_sc_hd__nor3b_1/C_N = 1         |  sky130_fd_sc_hd__buf_4/VPB = 987         
  sky130_fd_sc_hd__o21ai_0/B1 = 1          |  sky130_fd_sc_hd__buf_4/VPWR = 987        
  sky130_fd_sc_hd__buf_4/A = 1             |  sky130_fd_sc_hd__xnor2_1/VPB = 397       
                                           |  sky130_fd_sc_hd__xnor2_1/VPWR = 397      
                                           |  sky130_fd_sc_hd__clkinvlp_4/VPB = 20     
                                           |  sky130_fd_sc_hd__clkinvlp_4/VPWR = 20    
                                           |  sky130_fd_sc_hd__nand2_4/VPWR = 34       
                                           |  sky130_fd_sc_hd__nand2_4/VPB = 34        
                                           |  sky130_fd_sc_hd__mux2i_1/VPB = 740       
                                           |  sky130_fd_sc_hd__mux2i_1/VPWR = 740      
                                           |  sky130_fd_sc_hd__o221ai_1/VPB = 195      
                                           |  sky130_fd_sc_hd__o221ai_1/VPWR = 195     
                                           |  sky130_fd_sc_hd__mux4_2/VPWR = 1689      
                                           |  sky130_fd_sc_hd__mux4_2/VPB = 1689       
                                           |  sky130_fd_sc_hd__inv_4/VPB = 1           
                                           |  sky130_fd_sc_hd__inv_4/VPWR = 1          
                                           |  sky130_fd_sc_hd__o22ai_1/VPB = 169       
                                           |  sky130_fd_sc_hd__o22ai_1/VPWR = 169      
                                           |  sky130_fd_sc_hd__inv_8/VPWR = 1          
                                           |  sky130_fd_sc_hd__inv_8/VPB = 1           
                                           |  sky130_fd_sc_hd__a21oi_1/VPB = 352       
                                           |  sky130_fd_sc_hd__a21oi_1/VPWR = 352      
                                           |  sky130_fd_sc_hd__nor2_1/VPB = 428        
                                           |  sky130_fd_sc_hd__nor2_1/VPWR = 428       
                                           |  sky130_fd_sc_hd__buf_12/VPWR = 90        
                                           |  sky130_fd_sc_hd__buf_12/VPB = 90         
                                           |  sky130_fd_sc_hd__nand2_2/VPB = 33        
                                           |  sky130_fd_sc_hd__nand2_2/VPWR = 33       
                                           |  sky130_fd_sc_hd__nand3_1/VPB = 73        
                                           |  sky130_fd_sc_hd__nand3_1/VPWR = 73       
                                           |  sky130_fd_sc_hd__o21ai_0/VPB = 2635      
                                           |  sky130_fd_sc_hd__o21ai_0/VPWR = 2635     
                                           |  sky130_fd_sc_hd__clkinv_2/VPB = 57       
                                           |  sky130_fd_sc_hd__clkinv_2/VPWR = 57      
                                           |  sky130_fd_sc_hd__nand2_1/VPB = 2271      
                                           |  sky130_fd_sc_hd__nand2_1/VPWR = 2271     
                                           |  sky130_fd_sc_hd__inv_1/VPB = 97          
                                           |  sky130_fd_sc_hd__inv_1/VPWR = 97         
                                           |  sky130_fd_sc_hd__a21o_1/VPB = 63         
                                           |  sky130_fd_sc_hd__a21o_1/VPWR = 63        
                                           |  sky130_fd_sc_hd__o21bai_1/VPB = 23       
                                           |  sky130_fd_sc_hd__o21bai_1/VPWR = 23      
                                           |  pfet_01v8_hvt/(drain|source) = 59        
                                           |  pfet_01v8_hvt/bulk = 80                  
                                           |  sky130_fd_sc_hd__o21ai_1/VPB = 26        
                                           |  sky130_fd_sc_hd__o21ai_1/VPWR = 26       
                                           |  sky130_fd_sc_hd__a31oi_4/VPWR = 1        
                                           |  sky130_fd_sc_hd__a31oi_4/VPB = 1         
                                           |  sky130_fd_sc_hd__or4_1/VPB = 7           
                                           |  sky130_fd_sc_hd__or4_1/VPWR = 7          
                                           |  sky130_fd_sc_hd__or3_1/VPB = 12          
                                           |  sky130_fd_sc_hd__or3_1/VPWR = 12         
                                           |  sky130_fd_sc_hd__a221o_1/VPB = 6         
                                           |  sky130_fd_sc_hd__a221o_1/VPWR = 6        
                                           |  sky130_fd_sc_hd__and3_1/VPB = 22         
                                           |  sky130_fd_sc_hd__and3_1/VPWR = 22        
                                           |  sky130_fd_sc_hd__a21bo_2/VPB = 2         
                                           |  sky130_fd_sc_hd__a21bo_2/VPWR = 2        
                                           |  sky130_fd_sc_hd__nand2b_4/VPWR = 2       
                                           |  sky130_fd_sc_hd__nand2b_4/VPB = 2        
                                           |  sky130_fd_sc_hd__mux2i_4/VPWR = 18       
                                           |  sky130_fd_sc_hd__mux2i_4/VPB = 18        
                                           |  sky130_fd_sc_hd__o211ai_1/VPB = 16       
                                           |  sky130_fd_sc_hd__o211ai_1/VPWR = 16      
                                           |  sky130_fd_sc_hd__o31ai_1/VPB = 25        
                                           |  sky130_fd_sc_hd__o31ai_1/VPWR = 25       
                                           |  sky130_fd_sc_hd__nor3_1/VPB = 76         
                                           |  sky130_fd_sc_hd__nor3_1/VPWR = 76        
                                           |  sky130_fd_sc_hd__a211oi_1/VPB = 34       
                                           |  sky130_fd_sc_hd__a211oi_1/VPWR = 34      
                                           |  sky130_fd_sc_hd__a221oi_1/VPB = 12       
                                           |  sky130_fd_sc_hd__a221oi_1/VPWR = 12      
                                           |  sky130_fd_sc_hd__a22o_1/VPB = 3          
                                           |  sky130_fd_sc_hd__a22o_1/VPWR = 3         
                                           |  sky130_fd_sc_hd__nor2b_2/VPB = 2         
                                           |  sky130_fd_sc_hd__nor2b_2/VPWR = 2        
                                           |  sky130_fd_sc_hd__o31a_2/VPB = 1          
                                           |  sky130_fd_sc_hd__o31a_2/VPWR = 1         
                                           |  sky130_fd_sc_hd__clkbuf_16/VPWR = 337    
                                           |  sky130_fd_sc_hd__clkbuf_16/VPB = 337     
                                           |  sky130_fd_sc_hd__buf_6/VPWR = 21         
                                           |  sky130_fd_sc_hd__buf_6/VPB = 21          
                                           |  sky130_fd_sc_hd__o21ai_4/VPWR = 14       
                                           |  sky130_fd_sc_hd__o21ai_4/VPB = 14        
                                           |  sky130_fd_sc_hd__a21boi_1/VPB = 3        
                                           |  sky130_fd_sc_hd__a21boi_1/VPWR = 3       
                                           |  sky130_fd_sc_hd__a211o_1/VPB = 3         
                                           |  sky130_fd_sc_hd__a211o_1/VPWR = 3        
                                           |  sky130_fd_sc_hd__a31oi_2/VPWR = 3        
                                           |  sky130_fd_sc_hd__a31oi_2/VPB = 3         
                                           |  sky130_fd_sc_hd__o21a_1/VPB = 24         
                                           |  sky130_fd_sc_hd__o21a_1/VPWR = 24        
                                           |  sky130_fd_sc_hd__and2_1/VPB = 23         
                                           |  sky130_fd_sc_hd__and2_1/VPWR = 23        
                                           |  sky130_fd_sc_hd__a31oi_1/VPB = 44        
                                           |  sky130_fd_sc_hd__a31oi_1/VPWR = 44       
                                           |  sky130_fd_sc_hd__and2_0/VPB = 3          
                                           |  sky130_fd_sc_hd__and2_0/VPWR = 3         
                                           |  sky130_fd_sc_hd__a32oi_1/VPB = 2         
                                           |  sky130_fd_sc_hd__a32oi_1/VPWR = 2        
                                           |  sky130_fd_sc_hd__xor2_1/VPB = 143        
                                           |  sky130_fd_sc_hd__xor2_1/VPWR = 143       
                                           |  sky130_fd_sc_hd__nor3_2/VPB = 4          
                                           |  sky130_fd_sc_hd__nor3_2/VPWR = 4         
                                           |  sky130_fd_sc_hd__a21oi_4/VPWR = 18       
                                           |  sky130_fd_sc_hd__a21oi_4/VPB = 18        
                                           |  sky130_fd_sc_hd__a31o_2/VPB = 2          
                                           |  sky130_fd_sc_hd__a31o_2/VPWR = 2         
                                           |  sky130_fd_sc_hd__nand2b_1/VPB = 128      
                                           |  sky130_fd_sc_hd__nand2b_1/VPWR = 128     
                                           |  sky130_fd_sc_hd__xnor2_2/VPWR = 38       
                                           |  sky130_fd_sc_hd__xnor2_2/VPB = 38        
                                           |  sky130_fd_sc_hd__inv_2/VPB = 1           
                                           |  sky130_fd_sc_hd__inv_2/VPWR = 1          
                                           |  sky130_fd_sc_hd__mux2_2/VPWR = 33        
                                           |  sky130_fd_sc_hd__mux2_2/VPB = 33         
                                           |  sky130_fd_sc_hd__nor2b_1/VPB = 34        
                                           |  sky130_fd_sc_hd__nor2b_1/VPWR = 34       
                                           |  sky130_fd_sc_hd__o311ai_0/VPB = 6        
                                           |  sky130_fd_sc_hd__o311ai_0/VPWR = 6       
                                           |  sky130_fd_sc_hd__or2_2/VPB = 11          
                                           |  sky130_fd_sc_hd__or2_2/VPWR = 11         
                                           |  sky130_fd_sc_hd__a22oi_1/VPB = 494       
                                           |  sky130_fd_sc_hd__a22oi_1/VPWR = 494      
                                           |  sky130_fd_sc_hd__o32a_1/VPB = 2          
                                           |  sky130_fd_sc_hd__o32a_1/VPWR = 2         
                                           |  sky130_fd_sc_hd__a21boi_0/VPB = 7        
                                           |  sky130_fd_sc_hd__a21boi_0/VPWR = 7       
                                           |  sky130_fd_sc_hd__o32ai_1/VPB = 3         
                                           |  sky130_fd_sc_hd__o32ai_1/VPWR = 3        
                                           |  sky130_fd_sc_hd__a222oi_1/VPB = 1        
                                           |  sky130_fd_sc_hd__a222oi_1/VPWR = 1       
                                           |  sky130_fd_sc_hd__a311oi_1/VPB = 5        
                                           |  sky130_fd_sc_hd__a311oi_1/VPWR = 5       
                                           |  sky130_fd_sc_hd__a41oi_1/VPB = 7         
                                           |  sky130_fd_sc_hd__a41oi_1/VPWR = 7        
                                           |  sky130_fd_sc_hd__o211a_1/VPB = 5         
                                           |  sky130_fd_sc_hd__o211a_1/VPWR = 5        
                                           |  sky130_fd_sc_hd__o221a_2/VPWR = 1        
                                           |  sky130_fd_sc_hd__o221a_2/VPB = 1         
                                           |  sky130_fd_sc_hd__nor4_1/VPB = 15         
                                           |  sky130_fd_sc_hd__nor4_1/VPWR = 15        
                                           |  sky130_fd_sc_hd__a211oi_2/VPWR = 3       
                                           |  sky130_fd_sc_hd__a211oi_2/VPB = 3        
                                           |  sky130_fd_sc_hd__and4_1/VPB = 6          
                                           |  sky130_fd_sc_hd__and4_1/VPWR = 6         
                                           |  sky130_fd_sc_hd__o311a_1/VPWR = 4        
                                           |  sky130_fd_sc_hd__o311a_1/VPB = 4         
                                           |  sky130_fd_sc_hd__nor2_2/VPB = 3          
                                           |  sky130_fd_sc_hd__nor2_2/VPWR = 3         
                                           |  sky130_fd_sc_hd__nand4_1/VPB = 15        
                                           |  sky130_fd_sc_hd__nand4_1/VPWR = 15       
                                           |  sky130_fd_sc_hd__nor4_2/VPWR = 3         
                                           |  sky130_fd_sc_hd__nor4_2/VPB = 3          
                                           |  sky130_fd_sc_hd__and3_2/VPB = 1          
                                           |  sky130_fd_sc_hd__and3_2/VPWR = 1         
                                           |  sky130_fd_sc_hd__maj3_1/VPB = 32         
                                           |  sky130_fd_sc_hd__maj3_1/VPWR = 32        
                                           |  sky130_fd_sc_hd__xor2_4/VPWR = 3         
                                           |  sky130_fd_sc_hd__xor2_4/VPB = 3          
                                           |  sky130_fd_sc_hd__xnor2_4/VPWR = 3        
                                           |  sky130_fd_sc_hd__xnor2_4/VPB = 3         
                                           |  sky130_fd_sc_hd__mux2i_2/VPWR = 20       
                                           |  sky130_fd_sc_hd__mux2i_2/VPB = 20        
                                           |  sky130_fd_sc_hd__o2111ai_1/VPB = 8       
                                           |  sky130_fd_sc_hd__o2111ai_1/VPWR = 8      
                                           |  sky130_fd_sc_hd__o31a_1/VPB = 4          
                                           |  sky130_fd_sc_hd__o31a_1/VPWR = 4         
                                           |  sky130_fd_sc_hd__xor2_2/VPWR = 1         
                                           |  sky130_fd_sc_hd__xor2_2/VPB = 1          
                                           |  sky130_fd_sc_hd__buf_16/VPWR = 33        
                                           |  sky130_fd_sc_hd__buf_16/VPB = 33         
                                           |  sky130_fd_sc_hd__buf_8/VPWR = 3          
                                           |  sky130_fd_sc_hd__buf_8/VPB = 3           
                                           |  sky130_fd_sc_hd__nor3b_1/VPB = 10        
                                           |  sky130_fd_sc_hd__nor3b_1/VPWR = 10       
                                           |  sky130_fd_sc_hd__nand3b_1/VPB = 7        
                                           |  sky130_fd_sc_hd__nand3b_1/VPWR = 7       
                                           |  sky130_fd_sc_hd__a2111oi_0/VPB = 6       
                                           |  sky130_fd_sc_hd__a2111oi_0/VPWR = 6      
                                           |  sky130_fd_sc_hd__a2111o_1/VPWR = 1       
                                           |  sky130_fd_sc_hd__a2111o_1/VPB = 1        
                                           |  sky130_fd_sc_hd__o311ai_1/VPB = 2        
                                           |  sky130_fd_sc_hd__o311ai_1/VPWR = 2       
                                           |  sky130_fd_sc_hd__nor2b_4/VPWR = 1        
                                           |  sky130_fd_sc_hd__nor2b_4/VPB = 1         
                                           |  sky130_fd_sc_hd__o41ai_1/VPB = 2         
                                           |  sky130_fd_sc_hd__o41ai_1/VPWR = 2        
                                           |  sky130_fd_sc_hd__nand4b_1/VPB = 1        
                                           |  sky130_fd_sc_hd__nand4b_1/VPWR = 1       
                                           |  sky130_fd_sc_hd__clkdlybuf4s50_1/VPB = 7 
                                           |  sky130_fd_sc_hd__clkdlybuf4s50_1/VPWR =  
                                           |  sky130_fd_sc_hd__or2_4/VPB = 1           
                                           |  sky130_fd_sc_hd__or2_4/VPWR = 1          
                                           |  sky130_fd_sc_hd__o22a_1/VPB = 3          
                                           |  sky130_fd_sc_hd__o22a_1/VPWR = 3         
                                           |  sky130_fd_sc_hd__o221ai_2/VPWR = 1       
                                           |  sky130_fd_sc_hd__o221ai_2/VPB = 1        
                                           |  sky130_fd_sc_hd__and2_4/VPB = 2          
                                           |  sky130_fd_sc_hd__and2_4/VPWR = 2         
                                           |  sky130_fd_sc_hd__o41a_1/VPWR = 2         
                                           |  sky130_fd_sc_hd__o41a_1/VPB = 2          
                                           |  sky130_fd_sc_hd__o21ba_2/VPB = 3         
                                           |  sky130_fd_sc_hd__o21ba_2/VPWR = 3        
                                           |  sky130_fd_sc_hd__o31ai_4/VPWR = 1        
                                           |  sky130_fd_sc_hd__o31ai_4/VPB = 1         
                                           |  sky130_fd_sc_hd__nor2_4/VPWR = 2         
                                           |  sky130_fd_sc_hd__nor2_4/VPB = 2          
                                           |  sky130_fd_sc_hd__a311o_1/VPB = 1         
                                           |  sky130_fd_sc_hd__a311o_1/VPWR = 1        
                                           |  sky130_fd_sc_hd__and3b_1/VPB = 1         
                                           |  sky130_fd_sc_hd__and3b_1/VPWR = 1        
                                           |  sky130_fd_sc_hd__nand3_2/VPWR = 1        
                                           |  sky130_fd_sc_hd__nand3_2/VPB = 1         
                                           |  sky130_fd_sc_hd__or3b_2/VPB = 1          
                                           |  sky130_fd_sc_hd__or3b_2/VPWR = 1         
                                           |  sky130_fd_sc_hd__fa_1/VPWR = 185         
                                           |  sky130_fd_sc_hd__fa_1/VPB = 185          
                                           |  sky130_fd_sc_hd__fa_2/VPWR = 2           
                                           |  sky130_fd_sc_hd__fa_2/VPB = 2            
                                           |  sky130_fd_sc_hd__ha_1/VPWR = 140         
                                           |  sky130_fd_sc_hd__ha_1/VPB = 140          
                                           |  sky130_fd_sc_hd__ha_2/VPWR = 1           
                                           |  sky130_fd_sc_hd__ha_2/VPB = 1            
                                           |  sky130_fd_sc_hd__dfrtp_4/VPWR = 6        
                                           |  sky130_fd_sc_hd__dfrtp_4/VPB = 6         
                                           |  sky130_fd_sc_hd__inv_6/VPB = 10          
                                           |  sky130_fd_sc_hd__inv_6/VPWR = 10         
                                           |  sky130_fd_sc_hd__clkinv_8/VPWR = 4       
                                           |  sky130_fd_sc_hd__clkinv_8/VPB = 4        
                                           |  sky130_fd_sc_hd__inv_16/VPWR = 8         
                                           |  sky130_fd_sc_hd__inv_16/VPB = 8          
                                           |  sky130_fd_sc_hd__clkinv_16/VPWR = 4      
                                           |  sky130_fd_sc_hd__clkinv_16/VPB = 4       
                                           |  sky130_fd_sc_hd__clkbuf_8/VPWR = 51      
                                           |  sky130_fd_sc_hd__clkbuf_8/VPB = 51       
                                           |  sky130_fd_sc_hd__clkbuf_1/VPB = 46       
                                           |  sky130_fd_sc_hd__clkbuf_1/VPWR = 46      
                                           |  sky130_fd_sc_hd__bufinv_16/VPWR = 25     
                                           |  sky130_fd_sc_hd__bufinv_16/VPB = 25      
                                           |  sky130_fd_sc_hd__clkinv_4/VPB = 14       
                                           |  sky130_fd_sc_hd__clkinv_4/VPWR = 14      
                                           |  sky130_fd_sc_hd__bufbuf_16/VPWR = 1      
                                           |  sky130_fd_sc_hd__bufbuf_16/VPB = 1       
                                           |  sky130_fd_sc_hd__clkbuf_4/VPB = 1        
                                           |  sky130_fd_sc_hd__clkbuf_4/VPWR = 1       
                                           |                                           
Net: \$79878                               |(no matching net)                          
  sky130_fd_sc_hd__o211ai_1/A2 = 1         |                                           
  sky130_fd_sc_hd__nor2_1/B = 1            |                                           
  pfet_01v8_hvt/(drain|source) = 1         |                                           
  nfet_01v8/(drain|source) = 3             |                                           
  sky130_fd_sc_hd__buf_4/A = 1             |                                           
                                           |                                           
Net: \$70125                               |(no matching net)                          
  sky130_fd_sc_hd__fa_1/COUT = 1           |                                           
  pfet_01v8_hvt/gate = 3                   |                                           
  nfet_01v8/gate = 3                       |                                           
                                           |                                           
Net: \$41732                               |(no matching net)                          
  sky130_fd_sc_hd__ha_1/SUM = 1            |                                           
  sky130_fd_sc_hd__inv_1/A = 1             |                                           
  sky130_fd_sc_hd__xnor2_1/A = 1           |                                           
  sky130_fd_sc_hd__a21o_1/A1 = 1           |                                           
  pfet_01v8_hvt/gate = 1                   |                                           
  nfet_01v8/gate = 2                       |                                           
                                           |                                           
Net: \$39110                               |(no matching net)                          
  pfet_01v8_hvt/gate = 1                   |                                           
  nfet_01v8/gate = 2                       |                                           
  sky130_fd_sc_hd__xor2_1/A = 1            |                                           
  sky130_fd_sc_hd__nand3_1/C = 1           |                                           
  sky130_fd_sc_hd__buf_4/X = 1             |                                           
  sky130_fd_sc_hd__a31o_2/A1 = 1           |                                           
                                           |                                           
Net: \$74657                               |(no matching net)                          
  sky130_fd_sc_hd__o21ai_0/B1 = 1          |                                           
  pfet_01v8_hvt/(drain|source) = 1         |                                           
  nfet_01v8/(drain|source) = 3             |                                           
  sky130_fd_sc_hd__a21oi_1/A2 = 1          |                                           
  sky130_fd_sc_hd__nand2_1/B = 1           |                                           
                                           |                                           
Net: \$70126                               |(no matching net)                          
  pfet_01v8_hvt/gate = 3                   |                                           
  nfet_01v8/gate = 3                       |                                           
  sky130_fd_sc_hd__fa_2/SUM = 1            |                                           
                                           |                                           
Net: \$70397                               |(no matching net)                          
  pfet_01v8_hvt/(drain|source) = 1         |                                           
  nfet_01v8/(drain|source) = 3             |                                           
  sky130_fd_sc_hd__nor2b_1/B_N = 1         |                                           
  sky130_fd_sc_hd__o221ai_2/A2 = 1         |                                           
                                           |                                           
Net: \$72565                               |(no matching net)                          
  sky130_fd_sc_hd__and2_1/A = 1            |                                           
  sky130_fd_sc_hd__and2_4/X = 1            |                                           
  sky130_fd_sc_hd__a21oi_1/A1 = 1          |                                           
  pfet_01v8_hvt/gate = 1                   |                                           
  nfet_01v8/gate = 2                       |                                           
                                           |                                           
Net: \$76973                               |(no matching net)                          
  sky130_fd_sc_hd__nor3_2/C = 1            |                                           
  sky130_fd_sc_hd__buf_4/A = 1             |                                           
  pfet_01v8_hvt/(drain|source) = 1         |                                           
  nfet_01v8/(drain|source) = 3             |                                           
                                           |                                           
Net: \$74936                               |(no matching net)                          
  pfet_01v8_hvt/gate = 1                   |                                           
  nfet_01v8/gate = 2                       |                                           
  sky130_fd_sc_hd__buf_4/A = 1             |                                           
  sky130_fd_sc_hd__o21ai_1/B1 = 1          |                                           
  sky130_fd_sc_hd__xnor2_2/Y = 1           |                                           
                                           |                                           
Net: \$81662                               |(no matching net)                          
  sky130_fd_sc_hd__o21ai_0/B1 = 1          |                                           
  pfet_01v8_hvt/gate = 1                   |                                           
  nfet_01v8/gate = 2                       |                                           
  sky130_fd_sc_hd__ha_1/SUM = 1            |                                           
  sky130_fd_sc_hd__nor2_1/A = 1            |                                           
                                           |                                           
Net: \$74939                               |(no matching net)                          
  sky130_fd_sc_hd__nand4_1/A = 1           |                                           
  sky130_fd_sc_hd__a21boi_1/B1_N = 1       |                                           
  sky130_fd_sc_hd__nor2_1/Y = 1            |                                           
  pfet_01v8_hvt/gate = 1                   |                                           
  nfet_01v8/gate = 2                       |                                           
                                           |                                           
Net: \$42792                               |(no matching net)                          
  sky130_fd_sc_hd__xnor2_1/B = 1           |                                           
  sky130_fd_sc_hd__buf_4/A = 1             |                                           
  pfet_01v8_hvt/(drain|source) = 1         |                                           
  nfet_01v8/(drain|source) = 3             |                                           
                                           |                                           
Net: \$36913                               |(no matching net)                          
  sky130_fd_sc_hd__o211ai_1/A2 = 1         |                                           
  sky130_fd_sc_hd__buf_4/A = 1             |                                           
  pfet_01v8_hvt/(drain|source) = 1         |                                           
  nfet_01v8/(drain|source) = 3             |                                           
                                           |                                           
Net: \$74092                               |(no matching net)                          
  pfet_01v8_hvt/(drain|source) = 1         |                                           
  nfet_01v8/(drain|source) = 3             |                                           
  sky130_fd_sc_hd__buf_4/A = 1             |                                           
  sky130_fd_sc_hd__o21ai_1/A2 = 1          |                                           
                                           |                                           
Net: \$36896                               |(no matching net)                          
  sky130_fd_sc_hd__ha_1/SUM = 1            |                                           
  pfet_01v8_hvt/gate = 1                   |                                           
  nfet_01v8/gate = 2                       |                                           
  sky130_fd_sc_hd__buf_4/A = 1             |                                           
  sky130_fd_sc_hd__a21o_1/A1 = 1           |                                           
                                           |                                           
Net: \$75268                               |(no matching net)                          
  pfet_01v8_hvt/(drain|source) = 1         |                                           
  nfet_01v8/(drain|source) = 3             |                                           
  sky130_fd_sc_hd__buf_4/A = 1             |                                           
  sky130_fd_sc_hd__nand2_1/B = 1           |                                           
                                           |                                           
Net: sky130_fd_sc_hd__ha_4$4596/\$3        |(no matching net)                          
  pfet_01v8_hvt/gate = 1                   |                                           
  pfet_01v8_hvt/(drain|source) = 3         |                                           
  nfet_01v8/gate = 1                       |                                           
  nfet_01v8/(drain|source) = 1             |                                           
                                           |                                           
Net: sky130_fd_sc_hd__ha_4$6438/\$3        |(no matching net)                          
  pfet_01v8_hvt/gate = 1                   |                                           
  pfet_01v8_hvt/(drain|source) = 3         |                                           
  nfet_01v8/gate = 1                       |                                           
  nfet_01v8/(drain|source) = 1             |                                           
                                           |                                           
Net: sky130_fd_sc_hd__ha_4$6679/\$3        |(no matching net)                          
  pfet_01v8_hvt/gate = 1                   |                                           
  pfet_01v8_hvt/(drain|source) = 3         |                                           
  nfet_01v8/gate = 1                       |                                           
  nfet_01v8/(drain|source) = 1             |                                           
                                           |                                           
Net: sky130_fd_sc_hd__ha_4$34512/\$3       |(no matching net)                          
  pfet_01v8_hvt/gate = 1                   |                                           
  pfet_01v8_hvt/(drain|source) = 3         |                                           
  nfet_01v8/gate = 1                       |                                           
  nfet_01v8/(drain|source) = 1             |                                           
                                           |                                           
Net: \$54885                               |(no matching net)                          
  sky130_fd_sc_hd__dfrtp_4/Q = 1           |                                           
  sky130_fd_sc_hd__buf_16/A = 2            |                                           
  pfet_01v8_hvt/gate = 6                   |                                           
  nfet_01v8/gate = 6                       |                                           
  sky130_fd_sc_hd__buf_12/A = 1            |                                           
  sky130_fd_sc_hd__buf_4/A = 2             |                                           
---------------------------------------------------------------------------------------

---------------------------------------------------------------------------------------
(no matching net)                          |Net: sky130_fd_sc_hd__a21oi_2_17971_/sndA1 
                                           |  nfet_01v8/(drain|source) = 2             
                                           |                                           
(no matching net)                          |Net: sky130_fd_sc_hd__a21oi_2_17959_/sndA1 
                                           |  nfet_01v8/(drain|source) = 2             
---------------------------------------------------------------------------------------

---------------------------------------------------------------------------------------
Net: sky130_fd_sc_hd__a21oi_2$36251/\$11   |(no matching net)                          
  nfet_01v8/(drain|source) = 2             |                                           
                                           |                                           
Net: sky130_fd_sc_hd__a21oi_2$36251/\$10   |(no matching net)                          
  nfet_01v8/(drain|source) = 2             |                                           
---------------------------------------------------------------------------------------

---------------------------------------------------------------------------------------
Net: sky130_fd_sc_hd__a21oi_2$36241/\$11   |(no matching net)                          
  nfet_01v8/(drain|source) = 2             |                                           
                                           |                                           
Net: sky130_fd_sc_hd__a21oi_2$36241/\$10   |(no matching net)                          
  nfet_01v8/(drain|source) = 2             |                                           
---------------------------------------------------------------------------------------

---------------------------------------------------------------------------------------
Net: sky130_fd_sc_hd__a21oi_2$36239/\$11   |(no matching net)                          
  nfet_01v8/(drain|source) = 2             |                                           
                                           |                                           
Net: sky130_fd_sc_hd__a21oi_2$36239/\$10   |(no matching net)                          
  nfet_01v8/(drain|source) = 2             |                                           
---------------------------------------------------------------------------------------

---------------------------------------------------------------------------------------
Net: \$36917                               |(no matching net)                          
  sky130_fd_sc_hd__o21bai_1/A2 = 1         |                                           
  sky130_fd_sc_hd__buf_4/A = 1             |                                           
  pfet_01v8_hvt/(drain|source) = 1         |                                           
  nfet_01v8/(drain|source) = 3             |                                           
                                           |                                           
Net: \$36529                               |(no matching net)                          
  sky130_fd_sc_hd__o21bai_1/A2 = 1         |                                           
  sky130_fd_sc_hd__buf_4/A = 1             |                                           
  pfet_01v8_hvt/(drain|source) = 1         |                                           
  nfet_01v8/(drain|source) = 3             |                                           
---------------------------------------------------------------------------------------

---------------------------------------------------------------------------------------
Net: sky130_fd_sc_hd__a21oi_2$36251/\$7    |Net: sky130_fd_sc_hd__a21oi_2_17971_/pndA  
  pfet_01v8_hvt/(drain|source) = 3         |  pfet_01v8_hvt/(drain|source) = 3         
                                           |                                           
Net: sky130_fd_sc_hd__a21oi_2$36241/\$7    |Net: sky130_fd_sc_hd__a21oi_2_17959_/pndA  
  pfet_01v8_hvt/(drain|source) = 3         |  pfet_01v8_hvt/(drain|source) = 3         
                                           |                                           
Net: sky130_fd_sc_hd__a21oi_2$36239/\$7    |Net: sky130_fd_sc_hd__a21oi_2_13202_/pndA  
  pfet_01v8_hvt/(drain|source) = 3         |  pfet_01v8_hvt/(drain|source) = 3         
                                           |                                           
Net: sky130_fd_sc_hd__a21oi_2$34267/\$7    |Net: sky130_fd_sc_hd__a21oi_2_13120_/pndA  
  pfet_01v8_hvt/(drain|source) = 3         |  pfet_01v8_hvt/(drain|source) = 3         
                                           |                                           
Net: sky130_fd_sc_hd__a21oi_2$9875/\$7     |Net: sky130_fd_sc_hd__a21oi_2_13118_/pndA  
  pfet_01v8_hvt/(drain|source) = 3         |  pfet_01v8_hvt/(drain|source) = 3         
---------------------------------------------------------------------------------------

---------------------------------------------------------------------------------------
Net: \$37708                               |Net: _09231_                               
  sky130_fd_sc_hd__o21bai_1/A1 = 1         |  sky130_fd_sc_hd__inv_1/Y = 1             
  sky130_fd_sc_hd__inv_1/Y = 1             |  sky130_fd_sc_hd__o21bai_1/A1 = 1         
  sky130_fd_sc_hd__buf_4/A = 1             |  sky130_fd_sc_hd__buf_4/A = 1             
                                           |                                           
Net: \$37567                               |Net: _09232_                               
  sky130_fd_sc_hd__o21bai_1/A1 = 1         |  sky130_fd_sc_hd__buf_4/A = 1             
  sky130_fd_sc_hd__buf_4/A = 1             |  sky130_fd_sc_hd__inv_1/Y = 1             
  sky130_fd_sc_hd__inv_1/Y = 1             |  sky130_fd_sc_hd__o21bai_1/A1 = 1         
---------------------------------------------------------------------------------------

---------------------------------------------------------------------------------------
(no matching net)                          |Net: net2238                               
                                           |  sky130_fd_sc_hd__buf_4/A = 1             
                                           |  sky130_fd_sc_hd__buf_4/X = 1             
                                           |  pfet_01v8_hvt/gate = 1                   
                                           |  nfet_01v8/gate = 1                       
                                           |                                           
(no matching net)                          |Net: net2272                               
                                           |  sky130_fd_sc_hd__buf_4/A = 1             
                                           |  sky130_fd_sc_hd__buf_4/X = 1             
                                           |  pfet_01v8_hvt/gate = 1                   
                                           |  nfet_01v8/gate = 1                       
---------------------------------------------------------------------------------------

---------------------------------------------------------------------------------------
(no matching net)                          |Net: _00518_                               
                                           |  pfet_01v8_hvt/gate = 1                   
                                           |  nfet_01v8/gate = 1                       
                                           |  sky130_fd_sc_hd__inv_1/A = 1             
                                           |  sky130_fd_sc_hd__ha_1/SUM = 1            
                                           |                                           
(no matching net)                          |Net: _00393_                               
                                           |  sky130_fd_sc_hd__inv_1/A = 1             
                                           |  pfet_01v8_hvt/gate = 1                   
                                           |  nfet_01v8/gate = 1                       
                                           |  sky130_fd_sc_hd__ha_1/SUM = 1            
---------------------------------------------------------------------------------------

---------------------------------------------------------------------------------------
Net: \$35936                               |Net: _00392_                               
  sky130_fd_sc_hd__o21bai_1/B1_N = 1       |  sky130_fd_sc_hd__o21bai_1/B1_N = 1       
  pfet_01v8_hvt/gate = 1                   |  pfet_01v8_hvt/gate = 1                   
  nfet_01v8/gate = 1                       |  nfet_01v8/gate = 1                       
  sky130_fd_sc_hd__ha_1/COUT = 1           |  sky130_fd_sc_hd__ha_1/COUT = 1           
---------------------------------------------------------------------------------------

---------------------------------------------------------------------------------------
Net: \$37540                               |Net: _10593_                               
  sky130_fd_sc_hd__xnor2_1/Y = 1           |  sky130_fd_sc_hd__xnor2_1/Y = 1           
  sky130_fd_sc_hd__nand2_1/B = 1           |  sky130_fd_sc_hd__nand2_1/B = 1           
                                           |                                           
Net: \$38277                               |Net: _10688_                               
  sky130_fd_sc_hd__xnor2_1/Y = 1           |  sky130_fd_sc_hd__xnor2_1/Y = 1           
  sky130_fd_sc_hd__nand2_1/B = 1           |  sky130_fd_sc_hd__nand2_1/B = 1           
---------------------------------------------------------------------------------------

---------------------------------------------------------------------------------------
Net: \$75694                               |Net: _04312_                               
  sky130_fd_sc_hd__buf_4/A = 1             |  sky130_fd_sc_hd__buf_4/A = 1             
  sky130_fd_sc_hd__o21ai_1/Y = 1           |  sky130_fd_sc_hd__o21ai_1/Y = 1           
---------------------------------------------------------------------------------------

---------------------------------------------------------------------------------------
(no matching net)                          |Net: net2657                               
                                           |  sky130_fd_sc_hd__xnor2_1/A = 1           
                                           |  sky130_fd_sc_hd__buf_4/X = 1             
                                           |                                           
(no matching net)                          |Net: net2676                               
                                           |  sky130_fd_sc_hd__buf_4/X = 1             
                                           |  sky130_fd_sc_hd__xnor2_1/A = 1           
---------------------------------------------------------------------------------------

---------------------------------------------------------------------------------------
Net: \$38714                               |(no matching net)                          
  sky130_fd_sc_hd__buf_4/X = 1             |                                           
  sky130_fd_sc_hd__xnor2_1/A = 1           |                                           
                                           |                                           
Net: \$37564                               |(no matching net)                          
  sky130_fd_sc_hd__buf_4/X = 1             |                                           
  sky130_fd_sc_hd__xnor2_1/A = 1           |                                           
---------------------------------------------------------------------------------------

---------------------------------------------------------------------------------------
Net: \$35792                               |Net: _12886_                               
  sky130_fd_sc_hd__fa_1/SUM = 1            |  sky130_fd_sc_hd__fa_1/SUM = 1            
  sky130_fd_sc_hd__ha_1/A = 1              |  sky130_fd_sc_hd__ha_1/A = 1              
                                           |                                           
Net: \$34798                               |Net: _12872_                               
  sky130_fd_sc_hd__fa_1/SUM = 1            |  sky130_fd_sc_hd__fa_1/SUM = 1            
  sky130_fd_sc_hd__ha_1/A = 1              |  sky130_fd_sc_hd__ha_1/A = 1              
---------------------------------------------------------------------------------------

---------------------------------------------------------------------------------------
Net: \$74016                               |Net: _04263_                               
  sky130_fd_sc_hd__o21ai_0/Y = 1           |  sky130_fd_sc_hd__buf_4/A = 1             
  sky130_fd_sc_hd__buf_4/A = 1             |  sky130_fd_sc_hd__o21ai_0/Y = 1           
---------------------------------------------------------------------------------------

---------------------------------------------------------------------------------------
Net: \$79047                               |Net: net2237                               
  sky130_fd_sc_hd__buf_4/X = 1             |  sky130_fd_sc_hd__buf_4/X = 1             
  sky130_fd_sc_hd__xnor2_1/B = 1           |  sky130_fd_sc_hd__xnor2_1/B = 1           
---------------------------------------------------------------------------------------

---------------------------------------------------------------------------------------
Net: \$37562                               |(no matching net)                          
  sky130_fd_sc_hd__xnor2_1/B = 1           |                                           
  sky130_fd_sc_hd__buf_4/X = 1             |                                           
                                           |                                           
Net: \$38056                               |(no matching net)                          
  sky130_fd_sc_hd__buf_4/X = 1             |                                           
  sky130_fd_sc_hd__xnor2_1/B = 1           |                                           
---------------------------------------------------------------------------------------

---------------------------------------------------------------------------------------
(no matching net)                          |Net: net2656                               
                                           |  sky130_fd_sc_hd__buf_4/X = 1             
                                           |  sky130_fd_sc_hd__xnor2_1/B = 1           
                                           |                                           
(no matching net)                          |Net: net2649                               
                                           |  sky130_fd_sc_hd__xnor2_1/B = 1           
                                           |  sky130_fd_sc_hd__buf_4/X = 1             
---------------------------------------------------------------------------------------

---------------------------------------------------------------------------------------
Net: \$36356                               |Net: _12903_                               
  sky130_fd_sc_hd__ha_1/B = 1              |  sky130_fd_sc_hd__fa_1/COUT = 1           
  sky130_fd_sc_hd__fa_1/COUT = 1           |  sky130_fd_sc_hd__ha_1/B = 1              
                                           |                                           
Net: \$35793                               |Net: _12885_                               
  sky130_fd_sc_hd__fa_1/COUT = 1           |  sky130_fd_sc_hd__fa_1/COUT = 1           
  sky130_fd_sc_hd__ha_1/B = 1              |  sky130_fd_sc_hd__ha_1/B = 1              
---------------------------------------------------------------------------------------

---------------------------------------------------------------------------------------
(no matching net)                          |Net: _09236_                               
                                           |  pfet_01v8_hvt/(drain|source) = 1         
                                           |  nfet_01v8/(drain|source) = 2             
                                           |  sky130_fd_sc_hd__o21bai_1/A2 = 1         
                                           |  sky130_fd_sc_hd__buf_4/A = 1             
                                           |                                           
(no matching net)                          |Net: _09234_                               
                                           |  sky130_fd_sc_hd__buf_4/A = 1             
                                           |  pfet_01v8_hvt/(drain|source) = 1         
                                           |  nfet_01v8/(drain|source) = 2             
                                           |  sky130_fd_sc_hd__o21bai_1/A2 = 1         
---------------------------------------------------------------------------------------

---------------------------------------------------------------------------------------
Net: \$36360                               |(no matching net)                          
  pfet_01v8_hvt/gate = 1                   |                                           
  nfet_01v8/gate = 2                       |                                           
  sky130_fd_sc_hd__inv_1/A = 1             |                                           
  sky130_fd_sc_hd__ha_1/SUM = 1            |                                           
                                           |                                           
Net: \$36384                               |(no matching net)                          
  sky130_fd_sc_hd__inv_1/A = 1             |                                           
  pfet_01v8_hvt/gate = 1                   |                                           
  nfet_01v8/gate = 2                       |                                           
  sky130_fd_sc_hd__ha_1/SUM = 1            |                                           
---------------------------------------------------------------------------------------

---------------------------------------------------------------------------------------
Net: \$73159                               |(no matching net)                          
  sky130_fd_sc_hd__buf_4/A = 1             |                                           
  sky130_fd_sc_hd__buf_4/X = 1             |                                           
  pfet_01v8_hvt/gate = 1                   |                                           
  nfet_01v8/gate = 2                       |                                           
                                           |                                           
Net: \$78679                               |(no matching net)                          
  pfet_01v8_hvt/gate = 1                   |                                           
  nfet_01v8/gate = 2                       |                                           
  sky130_fd_sc_hd__buf_4/A = 1             |                                           
  sky130_fd_sc_hd__buf_4/X = 1             |                                           
---------------------------------------------------------------------------------------
DEVICE mismatches: Class fragments follow (with node fanout counts):
Circuit 1: sha256                          |Circuit 2: sha256                          

---------------------------------------------------------------------------------------
Instance: sky130_fd_sc_hd__ha_4$4596/pfet_ |Instance: sky130_fd_sc_hd__ha_4_25406_/pfe 
  (drain,source) = (32299,6)               |  (drain,source) = (32287,7)               
  gate = 8                                 |  gate = 5                                 
  bulk = 32299                             |  bulk = 32287                             
                                           |                                           
Instance: sky130_fd_sc_hd__ha_4$4596/pfet_ |Instance: sky130_fd_sc_hd__ha_4_25406_/pfe 
  (drain,source) = (32299,2)               |  (drain,source) = (32287,7)               
  gate = 8                                 |  gate = 5                                 
  bulk = 32299                             |  bulk = 32287                             
                                           |                                           
Instance: sky130_fd_sc_hd__ha_4$4596/pfet_ |Instance: sky130_fd_sc_hd__ha_4_25406_/pfe 
  (drain,source) = (6,2)                   |  (drain,source) = (32287,5)               
  gate = 8                                 |  gate = 7                                 
  bulk = 32299                             |  bulk = 32287                             
                                           |                                           
Instance: sky130_fd_sc_hd__ha_4$4596/pfet_ |Instance: sky130_fd_sc_hd__ha_4_25406_/pfe 
  (drain,source) = (6,2)                   |  (drain,source) = (32287,2)               
  gate = 8                                 |  gate = 5                                 
  bulk = 32299                             |  bulk = 32287                             
                                           |                                           
Instance: sky130_fd_sc_hd__ha_4$4596/pfet_ |Instance: sky130_fd_sc_hd__ha_4_25406_/pfe 
  (drain,source) = (32299,2)               |  (drain,source) = (5,2)                   
  gate = 8                                 |  gate = 5                                 
  bulk = 32299                             |  bulk = 32287                             
                                           |                                           
Instance: sky130_fd_sc_hd__ha_4$4596/pfet_ |Instance: sky130_fd_sc_hd__ha_4_25435_/pfe 
  (drain,source) = (32299,8)               |  (drain,source) = (32287,7)               
  gate = 8                                 |  gate = 6                                 
  bulk = 32299                             |  bulk = 32287                             
                                           |                                           
Instance: sky130_fd_sc_hd__ha_4$4596/pfet_ |Instance: sky130_fd_sc_hd__ha_4_25435_/pfe 
  (drain,source) = (32299,8)               |  (drain,source) = (32287,7)               
  gate = 8                                 |  gate = 6                                 
  bulk = 32299                             |  bulk = 32287                             
                                           |                                           
Instance: sky130_fd_sc_hd__ha_4$6438/pfet_ |Instance: sky130_fd_sc_hd__ha_4_25435_/pfe 
  (drain,source) = (32299,6)               |  (drain,source) = (32287,5)               
  gate = 8                                 |  gate = 7                                 
  bulk = 32299                             |  bulk = 32287                             
                                           |                                           
Instance: sky130_fd_sc_hd__ha_4$6438/pfet_ |Instance: sky130_fd_sc_hd__ha_4_25435_/pfe 
  (drain,source) = (32299,2)               |  (drain,source) = (32287,2)               
  gate = 18                                |  gate = 6                                 
  bulk = 32299                             |  bulk = 32287                             
                                           |                                           
Instance: sky130_fd_sc_hd__ha_4$6438/pfet_ |Instance: sky130_fd_sc_hd__ha_4_25435_/pfe 
  (drain,source) = (6,2)                   |  (drain,source) = (5,2)                   
  gate = 7                                 |  gate = 6                                 
  bulk = 32299                             |  bulk = 32287                             
                                           |                                           
Instance: sky130_fd_sc_hd__ha_4$6438/pfet_ |Instance: sky130_fd_sc_hd__ha_4_25477_/pfe 
  (drain,source) = (6,2)                   |  (drain,source) = (32287,7)               
  gate = 7                                 |  gate = 9                                 
  bulk = 32299                             |  bulk = 32287                             
                                           |                                           
Instance: sky130_fd_sc_hd__ha_4$6438/pfet_ |Instance: sky130_fd_sc_hd__ha_4_25477_/pfe 
  (drain,source) = (32299,2)               |  (drain,source) = (32287,7)               
  gate = 18                                |  gate = 14                                
  bulk = 32299                             |  bulk = 32287                             
                                           |                                           
Instance: sky130_fd_sc_hd__ha_4$6438/pfet_ |Instance: sky130_fd_sc_hd__ha_4_25477_/pfe 
  (drain,source) = (32299,8)               |  (drain,source) = (32287,5)               
  gate = 18                                |  gate = 7                                 
  bulk = 32299                             |  bulk = 32287                             
                                           |                                           
Instance: sky130_fd_sc_hd__ha_4$6438/pfet_ |Instance: sky130_fd_sc_hd__ha_4_25477_/pfe 
  (drain,source) = (32299,8)               |  (drain,source) = (32287,2)               
  gate = 7                                 |  gate = 9                                 
  bulk = 32299                             |  bulk = 32287                             
                                           |                                           
Instance: sky130_fd_sc_hd__ha_4$6679/pfet_ |Instance: sky130_fd_sc_hd__ha_4_25477_/pfe 
  (drain,source) = (32299,6)               |  (drain,source) = (5,2)                   
  gate = 8                                 |  gate = 14                                
  bulk = 32299                             |  bulk = 32287                             
                                           |                                           
Instance: sky130_fd_sc_hd__ha_4$6679/pfet_ |Instance: sky130_fd_sc_hd__ha_4_25478_/pfe 
  (drain,source) = (32299,2)               |  (drain,source) = (32287,7)               
  gate = 11                                |  gate = 14                                
  bulk = 32299                             |  bulk = 32287                             
                                           |                                           
Instance: sky130_fd_sc_hd__ha_4$6679/pfet_ |Instance: sky130_fd_sc_hd__ha_4_25478_/pfe 
  (drain,source) = (6,2)                   |  (drain,source) = (32287,7)               
  gate = 18                                |  gate = 5                                 
  bulk = 32299                             |  bulk = 32287                             
                                           |                                           
Instance: sky130_fd_sc_hd__ha_4$6679/pfet_ |Instance: sky130_fd_sc_hd__ha_4_25478_/pfe 
  (drain,source) = (6,2)                   |  (drain,source) = (32287,5)               
  gate = 18                                |  gate = 7                                 
  bulk = 32299                             |  bulk = 32287                             
                                           |                                           
Instance: sky130_fd_sc_hd__ha_4$6679/pfet_ |Instance: sky130_fd_sc_hd__ha_4_25478_/pfe 
  (drain,source) = (32299,2)               |  (drain,source) = (32287,2)               
  gate = 11                                |  gate = 14                                
  bulk = 32299                             |  bulk = 32287                             
                                           |                                           
Instance: sky130_fd_sc_hd__ha_4$6679/pfet_ |Instance: sky130_fd_sc_hd__ha_4_25478_/pfe 
  (drain,source) = (32299,8)               |  (drain,source) = (5,2)                   
  gate = 11                                |  gate = 5                                 
  bulk = 32299                             |  bulk = 32287                             
                                           |                                           
Instance: sky130_fd_sc_hd__ha_4$6679/pfet_ |Instance: sky130_fd_sc_hd__a21oi_2_13118_/ 
  (drain,source) = (32299,8)               |  (drain,source) = (5,3)                   
  gate = 18                                |  gate = 4                                 
  bulk = 32299                             |  bulk = 32287                             
                                           |                                           
Instance: sky130_fd_sc_hd__ha_4$34512/pfet |Instance: sky130_fd_sc_hd__a21oi_2_13120_/ 
  (drain,source) = (32299,6)               |  (drain,source) = (5,3)                   
  gate = 8                                 |  gate = 5                                 
  bulk = 32299                             |  bulk = 32287                             
                                           |                                           
Instance: sky130_fd_sc_hd__ha_4$34512/pfet |Instance: sky130_fd_sc_hd__a21oi_2_13118_/ 
  (drain,source) = (32299,2)               |  (drain,source) = (32283,2)               
  gate = 7                                 |  gate = 3                                 
  bulk = 32299                             |  bulk = 32283                             
                                           |                                           
Instance: sky130_fd_sc_hd__ha_4$34512/pfet |Instance: sky130_fd_sc_hd__a21oi_2_13202_/ 
  (drain,source) = (6,2)                   |  (drain,source) = (32283,2)               
  gate = 7                                 |  gate = 3                                 
  bulk = 32299                             |  bulk = 32283                             
                                           |                                           
Instance: sky130_fd_sc_hd__ha_4$34512/pfet |Instance: sky130_fd_sc_hd__a21oi_2_13844_/ 
  (drain,source) = (6,2)                   |  (drain,source) = (5,2)                   
  gate = 7                                 |  gate = 6                                 
  bulk = 32299                             |  bulk = 32283                             
                                           |                                           
Instance: sky130_fd_sc_hd__ha_4$34512/pfet |Instance: sky130_fd_sc_hd__a21oi_2_13844_/ 
  (drain,source) = (32299,2)               |  (drain,source) = (32283,2)               
  gate = 7                                 |  gate = 3                                 
  bulk = 32299                             |  bulk = 32283                             
                                           |                                           
Instance: sky130_fd_sc_hd__ha_4$34512/pfet |Instance: sky130_fd_sc_hd__a21oi_2_14292_/ 
  (drain,source) = (32299,8)               |  (drain,source) = (4,2)                   
  gate = 7                                 |  gate = 6                                 
  bulk = 32299                             |  bulk = 32283                             
                                           |                                           
Instance: sky130_fd_sc_hd__ha_4$34512/pfet |Instance: sky130_fd_sc_hd__a21oi_2_14292_/ 
  (drain,source) = (32299,8)               |  (drain,source) = (32283,2)               
  gate = 7                                 |  gate = 3                                 
  bulk = 32299                             |  bulk = 32283                             
                                           |                                           
Instance: sky130_fd_sc_hd__a21oi_2$36239/p |Instance: sky130_fd_sc_hd__a21oi_2_15349_/ 
  (drain,source) = (6,3)                   |  (drain,source) = (6,2)                   
  gate = 5                                 |  gate = 5                                 
  bulk = 32299                             |  bulk = 32283                             
                                           |                                           
Instance: sky130_fd_sc_hd__a21oi_2$36251/p |Instance: sky130_fd_sc_hd__a21oi_2_15349_/ 
  (drain,source) = (6,3)                   |  (drain,source) = (32283,2)               
  gate = 4                                 |  gate = 3                                 
  bulk = 32299                             |  bulk = 32283                             
                                           |                                           
Instance: sky130_fd_sc_hd__ha_4$4596/nfet_ |Instance: sky130_fd_sc_hd__a21oi_2_15356_/ 
  (drain,source) = (16150,2)               |  (drain,source) = (4,2)                   
  gate = 8                                 |  gate = 4                                 
  bulk = 16196                             |  bulk = 32283                             
                                           |                                           
Instance: sky130_fd_sc_hd__ha_4$4596/nfet_ |Instance: sky130_fd_sc_hd__a21oi_2_15356_/ 
  (drain,source) = (8,2)                   |  (drain,source) = (32283,2)               
  gate = 8                                 |  gate = 4                                 
  bulk = 16196                             |  bulk = 32283                             
                                           |                                           
Instance: sky130_fd_sc_hd__ha_4$4596/nfet_ |Instance: sky130_fd_sc_hd__a21oi_2_16522_/ 
  (drain,source) = (8,2)                   |  (drain,source) = (4,2)                   
  gate = 8                                 |  gate = 3                                 
  bulk = 16196                             |  bulk = 32283                             
                                           |                                           
Instance: sky130_fd_sc_hd__ha_4$4596/nfet_ |Instance: sky130_fd_sc_hd__a21oi_2_16522_/ 
  (drain,source) = (16150,2)               |  (drain,source) = (32283,2)               
  gate = 8                                 |  gate = 4                                 
  bulk = 16196                             |  bulk = 32283                             
                                           |                                           
Instance: sky130_fd_sc_hd__ha_4$6438/nfet_ |Instance: sky130_fd_sc_hd__a21oi_2_17752_/ 
  (drain,source) = (16150,2)               |  (drain,source) = (6,2)                   
  gate = 18                                |  gate = 4                                 
  bulk = 16196                             |  bulk = 32283                             
                                           |                                           
Instance: sky130_fd_sc_hd__ha_4$6438/nfet_ |Instance: sky130_fd_sc_hd__a21oi_2_17752_/ 
  (drain,source) = (8,2)                   |  (drain,source) = (32283,2)               
  gate = 7                                 |  gate = 4                                 
  bulk = 16196                             |  bulk = 32283                             
                                           |                                           
Instance: sky130_fd_sc_hd__ha_4$6438/nfet_ |Instance: sky130_fd_sc_hd__a21oi_2_17765_/ 
  (drain,source) = (8,2)                   |  (drain,source) = (6,2)                   
  gate = 7                                 |  gate = 4                                 
  bulk = 16196                             |  bulk = 32283                             
                                           |                                           
Instance: sky130_fd_sc_hd__ha_4$6438/nfet_ |Instance: sky130_fd_sc_hd__a21oi_2_17765_/ 
  (drain,source) = (16150,2)               |  (drain,source) = (32283,2)               
  gate = 18                                |  gate = 4                                 
  bulk = 16196                             |  bulk = 32283                             
                                           |                                           
Instance: sky130_fd_sc_hd__ha_4$6679/nfet_ |Instance: sky130_fd_sc_hd__a21oi_2_17782_/ 
  (drain,source) = (16150,2)               |  (drain,source) = (5,2)                   
  gate = 11                                |  gate = 7                                 
  bulk = 16196                             |  bulk = 32283                             
                                           |                                           
Instance: sky130_fd_sc_hd__ha_4$6679/nfet_ |Instance: sky130_fd_sc_hd__a21oi_2_17782_/ 
  (drain,source) = (8,2)                   |  (drain,source) = (32283,2)               
  gate = 18                                |  gate = 3                                 
  bulk = 16196                             |  bulk = 32283                             
                                           |                                           
Instance: sky130_fd_sc_hd__ha_4$6679/nfet_ |Instance: sky130_fd_sc_hd__a21oi_2_17792_/ 
  (drain,source) = (8,2)                   |  (drain,source) = (5,2)                   
  gate = 18                                |  gate = 5                                 
  bulk = 16196                             |  bulk = 32283                             
                                           |                                           
Instance: sky130_fd_sc_hd__ha_4$6679/nfet_ |Instance: sky130_fd_sc_hd__a21oi_2_17792_/ 
  (drain,source) = (16150,2)               |  (drain,source) = (32283,2)               
  gate = 11                                |  gate = 4                                 
  bulk = 16196                             |  bulk = 32283                             
                                           |                                           
Instance: sky130_fd_sc_hd__a21oi_2$7684/nf |Instance: sky130_fd_sc_hd__a21oi_2_17912_/ 
  (drain,source) = (16150,2)               |  (drain,source) = (7,2)                   
  gate = 4                                 |  gate = 7                                 
  bulk = 16196                             |  bulk = 32283                             
                                           |                                           
Instance: sky130_fd_sc_hd__a21oi_2$7684/nf |Instance: sky130_fd_sc_hd__a21oi_2_17912_/ 
  (drain,source) = (6,2)                   |  (drain,source) = (32283,2)               
  gate = 8                                 |  gate = 3                                 
  bulk = 16196                             |  bulk = 32283                             
                                           |                                           
Instance: sky130_fd_sc_hd__a21oi_2$7684/nf |Instance: sky130_fd_sc_hd__a21oi_2_17924_/ 
  (drain,source) = (6,2)                   |  (drain,source) = (4,2)                   
  gate = 8                                 |  gate = 6                                 
  bulk = 16196                             |  bulk = 32283                             
                                           |                                           
Instance: sky130_fd_sc_hd__a21oi_2$7684/nf |Instance: sky130_fd_sc_hd__a21oi_2_17924_/ 
  (drain,source) = (16150,2)               |  (drain,source) = (32283,2)               
  gate = 4                                 |  gate = 3                                 
  bulk = 16196                             |  bulk = 32283                             
                                           |                                           
Instance: sky130_fd_sc_hd__a21oi_2$8200/nf |Instance: sky130_fd_sc_hd__a21boi_2_17992_ 
  (drain,source) = (16150,2)               |  (drain,source) = (5,2)                   
  gate = 4                                 |  gate = 5                                 
  bulk = 16196                             |  bulk = 32283                             
                                           |                                           
Instance: sky130_fd_sc_hd__a21oi_2$8200/nf |Instance: sky130_fd_sc_hd__a21boi_2_17992_ 
  (drain,source) = (8,2)                   |  (drain,source) = (32283,2)               
  gate = 8                                 |  gate = 3                                 
  bulk = 16196                             |  bulk = 32283                             
                                           |                                           
Instance: sky130_fd_sc_hd__a21oi_2$8200/nf |Instance: sky130_fd_sc_hd__ha_4_25406_/nfe 
  (drain,source) = (8,2)                   |  (drain,source) = (32283,2)               
  gate = 8                                 |  gate = 5                                 
  bulk = 16196                             |  bulk = 32283                             
                                           |                                           
Instance: sky130_fd_sc_hd__a21oi_2$8200/nf |Instance: sky130_fd_sc_hd__ha_4_25406_/nfe 
  (drain,source) = (16150,2)               |  (drain,source) = (7,2)                   
  gate = 4                                 |  gate = 5                                 
  bulk = 16196                             |  bulk = 32283                             
                                           |                                           
Instance: sky130_fd_sc_hd__a21oi_2$8487/nf |Instance: sky130_fd_sc_hd__ha_4_25435_/nfe 
  (drain,source) = (16150,2)               |  (drain,source) = (32283,2)               
  gate = 5                                 |  gate = 6                                 
  bulk = 16196                             |  bulk = 32283                             
                                           |                                           
Instance: sky130_fd_sc_hd__a21oi_2$8487/nf |Instance: sky130_fd_sc_hd__ha_4_25435_/nfe 
  (drain,source) = (7,2)                   |  (drain,source) = (7,2)                   
  gate = 5                                 |  gate = 6                                 
  bulk = 16196                             |  bulk = 32283                             
                                           |                                           
Instance: sky130_fd_sc_hd__a21oi_2$8487/nf |Instance: sky130_fd_sc_hd__ha_4_25477_/nfe 
  (drain,source) = (7,2)                   |  (drain,source) = (32283,2)               
  gate = 5                                 |  gate = 9                                 
  bulk = 16196                             |  bulk = 32283                             
                                           |                                           
Instance: sky130_fd_sc_hd__a21oi_2$8487/nf |Instance: sky130_fd_sc_hd__ha_4_25477_/nfe 
  (drain,source) = (16150,2)               |  (drain,source) = (7,2)                   
  gate = 5                                 |  gate = 14                                
  bulk = 16196                             |  bulk = 32283                             
                                           |                                           
Instance: sky130_fd_sc_hd__a21oi_2$9875/nf |Instance: sky130_fd_sc_hd__ha_4_25478_/nfe 
  (drain,source) = (5,2)                   |  (drain,source) = (32283,2)               
  gate = 5                                 |  gate = 14                                
  bulk = 16196                             |  bulk = 32283                             
                                           |                                           
Instance: sky130_fd_sc_hd__a21oi_2$9875/nf |Instance: sky130_fd_sc_hd__ha_4_25478_/nfe 
  (drain,source) = (5,2)                   |  (drain,source) = (7,2)                   
  gate = 5                                 |  gate = 5                                 
  bulk = 16196                             |  bulk = 32283                             
                                           |                                           
Instance: sky130_fd_sc_hd__a21boi_2$10379/ |Instance: sky130_fd_sc_hd__a21oi_2_13118_/ 
  (drain,source) = (16150,2)               |  (drain,source) = (32283,5)               
  gate = 4                                 |  gate = 4                                 
  bulk = 16196                             |  bulk = 32283                             
                                           |                                           
Instance: sky130_fd_sc_hd__a21boi_2$10379/ |Instance: sky130_fd_sc_hd__a21oi_2_13120_/ 
  (drain,source) = (6,2)                   |  (drain,source) = (32283,5)               
  gate = 6                                 |  gate = 5                                 
  bulk = 16196                             |  bulk = 32283                             
                                           |                                           
Instance: sky130_fd_sc_hd__a21boi_2$10379/ |(no matching instance)                     
  (drain,source) = (6,2)                   |                                           
  gate = 6                                 |                                           
  bulk = 16196                             |                                           
                                           |                                           
                                           |                                           
Instance: sky130_fd_sc_hd__a21boi_2$10379/ |(no matching instance)                     
  (drain,source) = (16150,2)               |                                           
  gate = 4                                 |                                           
  bulk = 16196                             |                                           
                                           |                                           
                                           |                                           
Instance: sky130_fd_sc_hd__a21oi_2$10442/n |(no matching instance)                     
  (drain,source) = (16150,2)               |                                           
  gate = 5                                 |                                           
  bulk = 16196                             |                                           
                                           |                                           
                                           |                                           
Instance: sky130_fd_sc_hd__a21oi_2$10442/n |(no matching instance)                     
  (drain,source) = (5,2)                   |                                           
  gate = 4                                 |                                           
  bulk = 16196                             |                                           
                                           |                                           
                                           |                                           
Instance: sky130_fd_sc_hd__a21oi_2$10442/n |(no matching instance)                     
  (drain,source) = (5,2)                   |                                           
  gate = 4                                 |                                           
  bulk = 16196                             |                                           
                                           |                                           
                                           |                                           
Instance: sky130_fd_sc_hd__a21oi_2$10442/n |(no matching instance)                     
  (drain,source) = (16150,2)               |                                           
  gate = 5                                 |                                           
  bulk = 16196                             |                                           
                                           |                                           
                                           |                                           
Instance: sky130_fd_sc_hd__a21oi_2$16906/n |(no matching instance)                     
  (drain,source) = (16150,2)               |                                           
  gate = 4                                 |                                           
  bulk = 16196                             |                                           
                                           |                                           
                                           |                                           
Instance: sky130_fd_sc_hd__a21oi_2$16906/n |(no matching instance)                     
  (drain,source) = (5,2)                   |                                           
  gate = 7                                 |                                           
  bulk = 16196                             |                                           
                                           |                                           
                                           |                                           
Instance: sky130_fd_sc_hd__a21oi_2$16906/n |(no matching instance)                     
  (drain,source) = (5,2)                   |                                           
  gate = 7                                 |                                           
  bulk = 16196                             |                                           
                                           |                                           
                                           |                                           
Instance: sky130_fd_sc_hd__a21oi_2$16906/n |(no matching instance)                     
  (drain,source) = (16150,2)               |                                           
  gate = 4                                 |                                           
  bulk = 16196                             |                                           
                                           |                                           
                                           |                                           
Instance: sky130_fd_sc_hd__a21oi_2$25382/n |(no matching instance)                     
  (drain,source) = (16150,2)               |                                           
  gate = 4                                 |                                           
  bulk = 16196                             |                                           
                                           |                                           
                                           |                                           
Instance: sky130_fd_sc_hd__a21oi_2$25382/n |(no matching instance)                     
  (drain,source) = (7,2)                   |                                           
  gate = 6                                 |                                           
  bulk = 16196                             |                                           
                                           |                                           
                                           |                                           
Instance: sky130_fd_sc_hd__a21oi_2$25382/n |(no matching instance)                     
  (drain,source) = (7,2)                   |                                           
  gate = 6                                 |                                           
  bulk = 16196                             |                                           
                                           |                                           
                                           |                                           
Instance: sky130_fd_sc_hd__a21oi_2$25382/n |(no matching instance)                     
  (drain,source) = (16150,2)               |                                           
  gate = 4                                 |                                           
  bulk = 16196                             |                                           
                                           |                                           
                                           |                                           
Instance: sky130_fd_sc_hd__a21oi_2$34037/n |(no matching instance)                     
  (drain,source) = (16150,2)               |                                           
  gate = 4                                 |                                           
  bulk = 16196                             |                                           
                                           |                                           
                                           |                                           
Instance: sky130_fd_sc_hd__a21oi_2$34037/n |(no matching instance)                     
  (drain,source) = (5,2)                   |                                           
  gate = 7                                 |                                           
  bulk = 16196                             |                                           
                                           |                                           
                                           |                                           
Instance: sky130_fd_sc_hd__a21oi_2$34037/n |(no matching instance)                     
  (drain,source) = (5,2)                   |                                           
  gate = 7                                 |                                           
  bulk = 16196                             |                                           
                                           |                                           
                                           |                                           
Instance: sky130_fd_sc_hd__a21oi_2$34037/n |(no matching instance)                     
  (drain,source) = (16150,2)               |                                           
  gate = 4                                 |                                           
  bulk = 16196                             |                                           
                                           |                                           
                                           |                                           
Instance: sky130_fd_sc_hd__a21oi_2$34267/n |(no matching instance)                     
  (drain,source) = (16150,2)               |                                           
  gate = 6                                 |                                           
  bulk = 16196                             |                                           
                                           |                                           
                                           |                                           
Instance: sky130_fd_sc_hd__a21oi_2$34267/n |(no matching instance)                     
  (drain,source) = (16150,2)               |                                           
  gate = 6                                 |                                           
  bulk = 16196                             |                                           
                                           |                                           
                                           |                                           
Instance: sky130_fd_sc_hd__ha_4$34512/nfet |(no matching instance)                     
  (drain,source) = (16150,2)               |                                           
  gate = 7                                 |                                           
  bulk = 16196                             |                                           
                                           |                                           
                                           |                                           
Instance: sky130_fd_sc_hd__ha_4$34512/nfet |(no matching instance)                     
  (drain,source) = (8,2)                   |                                           
  gate = 7                                 |                                           
  bulk = 16196                             |                                           
                                           |                                           
                                           |                                           
Instance: sky130_fd_sc_hd__ha_4$34512/nfet |(no matching instance)                     
  (drain,source) = (8,2)                   |                                           
  gate = 7                                 |                                           
  bulk = 16196                             |                                           
                                           |                                           
                                           |                                           
Instance: sky130_fd_sc_hd__ha_4$34512/nfet |(no matching instance)                     
  (drain,source) = (16150,2)               |                                           
  gate = 7                                 |                                           
  bulk = 16196                             |                                           
                                           |                                           
                                           |                                           
Instance: sky130_fd_sc_hd__a21oi_2$38145/n |(no matching instance)                     
  (drain,source) = (16150,2)               |                                           
  gate = 4                                 |                                           
  bulk = 16196                             |                                           
                                           |                                           
                                           |                                           
Instance: sky130_fd_sc_hd__a21oi_2$38145/n |(no matching instance)                     
  (drain,source) = (6,2)                   |                                           
  gate = 7                                 |                                           
  bulk = 16196                             |                                           
                                           |                                           
                                           |                                           
Instance: sky130_fd_sc_hd__a21oi_2$38145/n |(no matching instance)                     
  (drain,source) = (6,2)                   |                                           
  gate = 7                                 |                                           
  bulk = 16196                             |                                           
                                           |                                           
                                           |                                           
Instance: sky130_fd_sc_hd__a21oi_2$38145/n |(no matching instance)                     
  (drain,source) = (16150,2)               |                                           
  gate = 4                                 |                                           
  bulk = 16196                             |                                           
                                           |                                           
                                           |                                           
Instance: sky130_fd_sc_hd__a21oi_2$47978/n |(no matching instance)                     
  (drain,source) = (16150,2)               |                                           
  gate = 5                                 |                                           
  bulk = 16196                             |                                           
                                           |                                           
                                           |                                           
Instance: sky130_fd_sc_hd__a21oi_2$47978/n |(no matching instance)                     
  (drain,source) = (6,2)                   |                                           
  gate = 6                                 |                                           
  bulk = 16196                             |                                           
                                           |                                           
                                           |                                           
Instance: sky130_fd_sc_hd__a21oi_2$47978/n |(no matching instance)                     
  (drain,source) = (6,2)                   |                                           
  gate = 6                                 |                                           
  bulk = 16196                             |                                           
                                           |                                           
                                           |                                           
Instance: sky130_fd_sc_hd__a21oi_2$47978/n |(no matching instance)                     
  (drain,source) = (16150,2)               |                                           
  gate = 5                                 |                                           
  bulk = 16196                             |                                           
                                           |                                           
                                           |                                           
Instance: sky130_fd_sc_hd__a21oi_2$47985/n |(no matching instance)                     
  (drain,source) = (16150,2)               |                                           
  gate = 5                                 |                                           
  bulk = 16196                             |                                           
                                           |                                           
                                           |                                           
Instance: sky130_fd_sc_hd__a21oi_2$47985/n |(no matching instance)                     
  (drain,source) = (7,2)                   |                                           
  gate = 5                                 |                                           
  bulk = 16196                             |                                           
                                           |                                           
                                           |                                           
Instance: sky130_fd_sc_hd__a21oi_2$47985/n |(no matching instance)                     
  (drain,source) = (7,2)                   |                                           
  gate = 5                                 |                                           
  bulk = 16196                             |                                           
                                           |                                           
                                           |                                           
Instance: sky130_fd_sc_hd__a21oi_2$47985/n |(no matching instance)                     
  (drain,source) = (16150,2)               |                                           
  gate = 5                                 |                                           
  bulk = 16196                             |                                           
                                           |                                           
                                           |                                           
Instance: sky130_fd_sc_hd__a21oi_2$49615/n |(no matching instance)                     
  (drain,source) = (16150,2)               |                                           
  gate = 5                                 |                                           
  bulk = 16196                             |                                           
                                           |                                           
                                           |                                           
Instance: sky130_fd_sc_hd__a21oi_2$49615/n |(no matching instance)                     
  (drain,source) = (5,2)                   |                                           
  gate = 5                                 |                                           
  bulk = 16196                             |                                           
                                           |                                           
                                           |                                           
Instance: sky130_fd_sc_hd__a21oi_2$49615/n |(no matching instance)                     
  (drain,source) = (5,2)                   |                                           
  gate = 5                                 |                                           
  bulk = 16196                             |                                           
                                           |                                           
                                           |                                           
Instance: sky130_fd_sc_hd__a21oi_2$49615/n |(no matching instance)                     
  (drain,source) = (16150,2)               |                                           
  gate = 5                                 |                                           
  bulk = 16196                             |                                           
                                           |                                           
                                           |                                           
Instance: sky130_fd_sc_hd__a21oi_2$9875/nf |(no matching instance)                     
  (drain,source) = (16150,2)               |                                           
  gate = 5                                 |                                           
  bulk = 16196                             |                                           
                                           |                                           
                                           |                                           
Instance: sky130_fd_sc_hd__a21oi_2$9875/nf |(no matching instance)                     
  (drain,source) = (16150,2)               |                                           
  gate = 5                                 |                                           
  bulk = 16196                             |                                           
                                           |                                           
                                           |                                           
Instance: sky130_fd_sc_hd__a21oi_2$34267/n |(no matching instance)                     
  (drain,source) = (6,2)                   |                                           
  gate = 5                                 |                                           
  bulk = 16196                             |                                           
                                           |                                           
                                           |                                           
Instance: sky130_fd_sc_hd__a21oi_2$34267/n |(no matching instance)                     
  (drain,source) = (6,2)                   |                                           
  gate = 5                                 |                                           
  bulk = 16196                             |                                           
                                           |                                           
                                           |                                           
Instance: sky130_fd_sc_hd__a21oi_2$36239/n |(no matching instance)                     
  (drain,source) = (16150,6)               |                                           
  gate = 5                                 |                                           
  bulk = 16196                             |                                           
                                           |                                           
                                           |                                           
Instance: sky130_fd_sc_hd__a21oi_2$36251/n |(no matching instance)                     
  (drain,source) = (16150,6)               |                                           
  gate = 4                                 |                                           
  bulk = 16196                             |                                           
                                           |                                           
---------------------------------------------------------------------------------------

---------------------------------------------------------------------------------------
Instance: sky130_fd_sc_hd__a21oi_2$36251/n |(no matching instance)                     
  (drain,source) = (6,2)                   |                                           
  gate = 6                                 |                                           
  bulk = 16196                             |                                           
                                           |                                           
                                           |                                           
Instance: sky130_fd_sc_hd__a21oi_2$36251/n |(no matching instance)                     
  (drain,source) = (6,2)                   |                                           
  gate = 6                                 |                                           
  bulk = 16196                             |                                           
                                           |                                           
---------------------------------------------------------------------------------------

---------------------------------------------------------------------------------------
Instance: sky130_fd_sc_hd__a21oi_2$36239/n |(no matching instance)                     
  (drain,source) = (6,2)                   |                                           
  gate = 4                                 |                                           
  bulk = 16196                             |                                           
                                           |                                           
                                           |                                           
Instance: sky130_fd_sc_hd__a21oi_2$36239/n |(no matching instance)                     
  (drain,source) = (6,2)                   |                                           
  gate = 4                                 |                                           
  bulk = 16196                             |                                           
                                           |                                           
---------------------------------------------------------------------------------------

---------------------------------------------------------------------------------------
Instance: sky130_fd_sc_hd__a21oi_2$36241/n |(no matching instance)                     
  (drain,source) = (6,2)                   |                                           
  gate = 5                                 |                                           
  bulk = 16196                             |                                           
                                           |                                           
                                           |                                           
Instance: sky130_fd_sc_hd__a21oi_2$36241/n |(no matching instance)                     
  (drain,source) = (6,2)                   |                                           
  gate = 5                                 |                                           
  bulk = 16196                             |                                           
                                           |                                           
---------------------------------------------------------------------------------------

---------------------------------------------------------------------------------------
Instance: sky130_fd_sc_hd__a21oi_2$36239/n |(no matching instance)                     
  (drain,source) = (16150,2)               |                                           
  gate = 5                                 |                                           
  bulk = 16196                             |                                           
                                           |                                           
                                           |                                           
Instance: sky130_fd_sc_hd__a21oi_2$36239/n |(no matching instance)                     
  (drain,source) = (16150,2)               |                                           
  gate = 5                                 |                                           
  bulk = 16196                             |                                           
                                           |                                           
---------------------------------------------------------------------------------------

---------------------------------------------------------------------------------------
(no matching instance)                     |Instance: sky130_fd_sc_hd__a21oi_2_17971_/ 
                                           |  (drain,source) = (4,2)                   
                                           |  gate = 4                                 
                                           |  bulk = 32283                             
                                           |                                           
                                           |                                           
(no matching instance)                     |Instance: sky130_fd_sc_hd__a21oi_2_17959_/ 
                                           |  (drain,source) = (32283,2)               
                                           |  gate = 5                                 
                                           |  bulk = 32283                             
                                           |                                           
---------------------------------------------------------------------------------------

---------------------------------------------------------------------------------------
Instance: sky130_fd_sc_hd__a21oi_2$36251/n |(no matching instance)                     
  (drain,source) = (16150,2)               |                                           
  gate = 4                                 |                                           
  bulk = 16196                             |                                           
                                           |                                           
                                           |                                           
Instance: sky130_fd_sc_hd__a21oi_2$36251/n |(no matching instance)                     
  (drain,source) = (16150,2)               |                                           
  gate = 4                                 |                                           
  bulk = 16196                             |                                           
                                           |                                           
---------------------------------------------------------------------------------------

---------------------------------------------------------------------------------------
Instance: sky130_fd_sc_hd__a21oi_2$36241/n |(no matching instance)                     
  (drain,source) = (16150,2)               |                                           
  gate = 4                                 |                                           
  bulk = 16196                             |                                           
                                           |                                           
                                           |                                           
Instance: sky130_fd_sc_hd__a21oi_2$36241/n |(no matching instance)                     
  (drain,source) = (16150,2)               |                                           
  gate = 4                                 |                                           
  bulk = 16196                             |                                           
                                           |                                           
---------------------------------------------------------------------------------------

---------------------------------------------------------------------------------------
(no matching instance)                     |Instance: sky130_fd_sc_hd__a21oi_2_17971_/ 
                                           |  (drain,source) = (32283,2)               
                                           |  gate = 4                                 
                                           |  bulk = 32283                             
                                           |                                           
                                           |                                           
(no matching instance)                     |Instance: sky130_fd_sc_hd__a21oi_2_17959_/ 
                                           |  (drain,source) = (5,2)                   
                                           |  gate = 4                                 
                                           |  bulk = 32283                             
                                           |                                           
---------------------------------------------------------------------------------------

---------------------------------------------------------------------------------------
(no matching instance)                     |Instance: sky130_fd_sc_hd__a21oi_2_13202_/ 
                                           |  (drain,source) = (5,2)                   
                                           |  gate = 4                                 
                                           |  bulk = 32283                             
                                           |                                           
                                           |                                           
(no matching instance)                     |Instance: sky130_fd_sc_hd__a21oi_2_13120_/ 
                                           |  (drain,source) = (32283,2)               
                                           |  gate = 4                                 
                                           |  bulk = 32283                             
                                           |                                           
---------------------------------------------------------------------------------------

---------------------------------------------------------------------------------------
(no matching instance)                     |Instance: sky130_fd_sc_hd__a21oi_2_13120_/ 
                                           |  (drain,source) = (5,2)                   
                                           |  gate = 3                                 
                                           |  bulk = 32283                             
                                           |                                           
                                           |                                           
(no matching instance)                     |Instance: sky130_fd_sc_hd__a21oi_2_13118_/ 
                                           |  (drain,source) = (5,2)                   
                                           |  gate = 5                                 
                                           |  bulk = 32283                             
                                           |                                           
---------------------------------------------------------------------------------------

---------------------------------------------------------------------------------------
(no matching instance)                     |Instance: sky130_fd_sc_hd__a21oi_2_17971_/ 
                                           |  (drain,source) = (32287,3)               
                                           |  gate = 4                                 
                                           |  bulk = 32287                             
                                           |                                           
                                           |                                           
(no matching instance)                     |Instance: sky130_fd_sc_hd__a21oi_2_17959_/ 
                                           |  (drain,source) = (32287,3)               
                                           |  gate = 4                                 
                                           |  bulk = 32287                             
                                           |                                           
---------------------------------------------------------------------------------------

---------------------------------------------------------------------------------------
(no matching instance)                     |Instance: sky130_fd_sc_hd__a21oi_2_13202_/ 
                                           |  (drain,source) = (32287,3)               
                                           |  gate = 4                                 
                                           |  bulk = 32287                             
                                           |                                           
                                           |                                           
(no matching instance)                     |Instance: sky130_fd_sc_hd__a21oi_2_13120_/ 
                                           |  (drain,source) = (32287,3)               
                                           |  gate = 4                                 
                                           |  bulk = 32287                             
                                           |                                           
---------------------------------------------------------------------------------------

---------------------------------------------------------------------------------------
Instance: sky130_fd_sc_hd__a21oi_2$36241/p |(no matching instance)                     
  (drain,source) = (32299,3)               |                                           
  gate = 5                                 |                                           
  bulk = 32299                             |                                           
                                           |                                           
                                           |                                           
Instance: sky130_fd_sc_hd__a21oi_2$36239/p |(no matching instance)                     
  (drain,source) = (32299,3)               |                                           
  gate = 5                                 |                                           
  bulk = 32299                             |                                           
                                           |                                           
---------------------------------------------------------------------------------------

---------------------------------------------------------------------------------------
Instance: sky130_fd_sc_hd__a21oi_2$34267/p |(no matching instance)                     
  (drain,source) = (32299,3)               |                                           
  gate = 5                                 |                                           
  bulk = 32299                             |                                           
                                           |                                           
                                           |                                           
Instance: sky130_fd_sc_hd__a21oi_2$9875/pf |(no matching instance)                     
  (drain,source) = (32299,3)               |                                           
  gate = 5                                 |                                           
  bulk = 32299                             |                                           
                                           |                                           
---------------------------------------------------------------------------------------

---------------------------------------------------------------------------------------
Instance: sky130_fd_sc_hd__o21bai_1$27833  |Instance: sky130_fd_sc_hd__o21bai_1_13119_ 
  VPB = 32299                              |  VPB = 32287                              
  B1_N = 4                                 |  B1_N = 4                                 
  A1 = 3                                   |  A1 = 3                                   
  A2 = 6                                   |  A2 = 5                                   
  VPWR = 32299                             |  VPWR = 32287                             
  VGND = 16150                             |  VGND = 32283                             
  Y = 4                                    |  Y = 3                                    
  VNB = 16196                              |  VNB = 32283                              
                                           |                                           
Instance: sky130_fd_sc_hd__o21bai_1$28052  |Instance: sky130_fd_sc_hd__o21bai_1_13121_ 
  VPB = 32299                              |  VPB = 32287                              
  B1_N = 5                                 |  B1_N = 5                                 
  A1 = 3                                   |  A1 = 3                                   
  A2 = 6                                   |  A2 = 5                                   
  VPWR = 32299                             |  VPWR = 32287                             
  VGND = 16150                             |  VGND = 32283                             
  Y = 2                                    |  Y = 2                                    
  VNB = 16196                              |  VNB = 32283                              
---------------------------------------------------------------------------------------

---------------------------------------------------------------------------------------
Instance: sky130_fd_sc_hd__ha_1$37662      |Instance: sky130_fd_sc_hd__ha_1_25405_     
  VGND = 16150                             |  VGND = 32283                             
  SUM = 5                                  |  SUM = 4                                  
  COUT = 5                                 |  COUT = 4                                 
  A = 2                                    |  A = 2                                    
  VPWR = 32299                             |  VPWR = 32287                             
  B = 2                                    |  B = 2                                    
  VPB = 32299                              |  VPB = 32287                              
  VNB = 16196                              |  VNB = 32283                              
                                           |                                           
Instance: sky130_fd_sc_hd__ha_1$37667      |Instance: sky130_fd_sc_hd__ha_1_25473_     
  VGND = 16150                             |  VGND = 32283                             
  SUM = 5                                  |  SUM = 4                                  
  COUT = 4                                 |  COUT = 5                                 
  A = 2                                    |  A = 2                                    
  VPWR = 32299                             |  VPWR = 32287                             
  B = 2                                    |  B = 2                                    
  VPB = 32299                              |  VPB = 32287                              
  VNB = 16196                              |  VNB = 32283                              
---------------------------------------------------------------------------------------

---------------------------------------------------------------------------------------
Instance: sky130_fd_sc_hd__inv_1$29569     |Instance: sky130_fd_sc_hd__inv_1_13116_    
  VPB = 32299                              |  VPB = 32287                              
  A = 5                                    |  A = 4                                    
  VPWR = 32299                             |  VPWR = 32287                             
  VGND = 16150                             |  VGND = 32283                             
  Y = 3                                    |  Y = 3                                    
  VNB = 16196                              |  VNB = 32283                              
                                           |                                           
Instance: sky130_fd_sc_hd__inv_1$36243     |Instance: sky130_fd_sc_hd__inv_1_13200_    
  VPB = 32299                              |  VPB = 32287                              
  A = 5                                    |  A = 4                                    
  VPWR = 32299                             |  VPWR = 32287                             
  VGND = 16150                             |  VGND = 32283                             
  Y = 3                                    |  Y = 3                                    
  VNB = 16196                              |  VNB = 32283                              
---------------------------------------------------------------------------------------

---------------------------------------------------------------------------------------
Instance: sky130_fd_sc_hd__xnor2_1$27838   |(no matching instance)                     
  VPB = 32299                              |                                           
  B = 2                                    |                                           
  A = 2                                    |                                           
  Y = 2                                    |                                           
  VPWR = 32299                             |                                           
  VGND = 16150                             |                                           
  VNB = 16196                              |                                           
                                           |                                           
Instance: sky130_fd_sc_hd__xnor2_1$29572   |(no matching instance)                     
  VPB = 32299                              |                                           
  B = 2                                    |                                           
  A = 2                                    |                                           
  Y = 2                                    |                                           
  VPWR = 32299                             |                                           
  VGND = 16150                             |                                           
  VNB = 16196                              |                                           
---------------------------------------------------------------------------------------

---------------------------------------------------------------------------------------
(no matching instance)                     |Instance: sky130_fd_sc_hd__xnor2_1_14501_  
                                           |  VPB = 32287                              
                                           |  B = 2                                    
                                           |  A = 2                                    
                                           |  Y = 2                                    
                                           |  VPWR = 32287                             
                                           |  VGND = 32283                             
                                           |  VNB = 32283                              
                                           |                                           
(no matching instance)                     |Instance: sky130_fd_sc_hd__xnor2_1_14598_  
                                           |  VPB = 32287                              
                                           |  B = 2                                    
                                           |  A = 2                                    
                                           |  Y = 2                                    
                                           |  VPWR = 32287                             
                                           |  VGND = 32283                             
                                           |  VNB = 32283                              
---------------------------------------------------------------------------------------

---------------------------------------------------------------------------------------
Instance: sky130_fd_sc_hd__buf_4$9878      |Instance: sky130_fd_sc_hd__buf_4place2272  
  VPB = 32299                              |  VPB = 32287                              
  A = 5                                    |  A = 4                                    
  VPWR = 32299                             |  VPWR = 32287                             
  VGND = 16150                             |  VGND = 32283                             
  X = 2                                    |  X = 4                                    
  VNB = 16196                              |  VNB = 32283                              
                                           |                                           
Instance: sky130_fd_sc_hd__buf_4$10380     |Instance: sky130_fd_sc_hd__buf_4place2273  
  VPB = 32299                              |  VPB = 32287                              
  A = 2                                    |  A = 2                                    
  VPWR = 32299                             |  VPWR = 32287                             
  VGND = 16150                             |  VGND = 32283                             
  X = 5                                    |  X = 4                                    
  VNB = 16196                              |  VNB = 32283                              
                                           |                                           
Instance: sky130_fd_sc_hd__buf_4$34021     |Instance: sky130_fd_sc_hd__buf_4place2238  
  VPB = 32299                              |  VPB = 32287                              
  A = 5                                    |  A = 4                                    
  VPWR = 32299                             |  VPWR = 32287                             
  VGND = 16150                             |  VGND = 32283                             
  X = 4                                    |  X = 2                                    
  VNB = 16196                              |  VNB = 32283                              
                                           |                                           
Instance: sky130_fd_sc_hd__buf_4$34234     |Instance: sky130_fd_sc_hd__buf_4place2239  
  VPB = 32299                              |  VPB = 32287                              
  A = 2                                    |  A = 2                                    
  VPWR = 32299                             |  VPWR = 32287                             
  VGND = 16150                             |  VGND = 32283                             
  X = 5                                    |  X = 4                                    
  VNB = 16196                              |  VNB = 32283                              
---------------------------------------------------------------------------------------

---------------------------------------------------------------------------------------
(no matching instance)                     |Instance: sky130_fd_sc_hd__buf_4place2650  
                                           |  VPB = 32287                              
                                           |  A = 5                                    
                                           |  VPWR = 32287                             
                                           |  VGND = 32283                             
                                           |  X = 2                                    
                                           |  VNB = 32283                              
                                           |                                           
(no matching instance)                     |Instance: sky130_fd_sc_hd__buf_4place2657  
                                           |  VPB = 32287                              
                                           |  A = 5                                    
                                           |  VPWR = 32287                             
                                           |  VGND = 32283                             
                                           |  X = 2                                    
                                           |  VNB = 32283                              
---------------------------------------------------------------------------------------

---------------------------------------------------------------------------------------
Instance: sky130_fd_sc_hd__buf_4$36248     |(no matching instance)                     
  VPB = 32299                              |                                           
  A = 6                                    |                                           
  VPWR = 32299                             |                                           
  VGND = 16150                             |                                           
  X = 2                                    |                                           
  VNB = 16196                              |                                           
                                           |                                           
Instance: sky130_fd_sc_hd__buf_4$28055     |(no matching instance)                     
  VPB = 32299                              |                                           
  A = 6                                    |                                           
  VPWR = 32299                             |                                           
  VGND = 16150                             |                                           
  X = 2                                    |                                           
  VNB = 16196                              |                                           
---------------------------------------------------------------------------------------

---------------------------------------------------------------------------------------
(no matching instance)                     |Instance: sky130_fd_sc_hd__buf_4place2658  
                                           |  VPB = 32287                              
                                           |  A = 3                                    
                                           |  VPWR = 32287                             
                                           |  VGND = 32283                             
                                           |  X = 2                                    
                                           |  VNB = 32283                              
                                           |                                           
(no matching instance)                     |Instance: sky130_fd_sc_hd__buf_4place2677  
                                           |  VPB = 32287                              
                                           |  A = 3                                    
                                           |  VPWR = 32287                             
                                           |  VGND = 32283                             
                                           |  X = 2                                    
                                           |  VNB = 32283                              
---------------------------------------------------------------------------------------

---------------------------------------------------------------------------------------
Instance: sky130_fd_sc_hd__buf_4$29571     |(no matching instance)                     
  VPB = 32299                              |                                           
  A = 3                                    |                                           
  VPWR = 32299                             |                                           
  VGND = 16150                             |                                           
  X = 2                                    |                                           
  VNB = 16196                              |                                           
                                           |                                           
Instance: sky130_fd_sc_hd__buf_4$27835     |(no matching instance)                     
  VPB = 32299                              |                                           
  A = 3                                    |                                           
  VPWR = 32299                             |                                           
  VGND = 16150                             |                                           
  X = 2                                    |                                           
  VNB = 16196                              |                                           
---------------------------------------------------------------------------------------
Netlists do not match.
Netlists do not match.
