==============================================================================
Starting run14
Time          : 2026-09-10T17:29:32+05:30
Project       : /home/auralab/nwark/chia_sept7_for_multi_rtl_with_multi_llm/for_multiple_rtl_updation_generalized
Design config : pipeline/designs/fifo.yaml
Design        : fifo
Max iterations: 25
Run log       : /home/auralab/nwark/chia_sept7_for_multi_rtl_with_multi_llm/for_multiple_rtl_updation_generalized/generated/designs/fifo/results/verification_improvement/logs/run_20260910_172932.log
==============================================================================

=========================================================
 CHIA verification run: fifo
=========================================================
  RTL:          benchmarks/fifo/fifo.sv
  Specification:benchmarks/fifo/spec.md
  Reference:    benchmarks/fifo/ref_model.py
  Generated TB: generated/designs/fifo/tb
  Plan:         generated/designs/fifo/plans/verification_plan.yaml
2026-09-10 17:29:32,524	INFO worker.py:1810 -- Connecting to existing Ray cluster at address: 172.16.36.107:6379...
2026-09-10 17:29:32,549	INFO worker.py:2004 -- Connected to Ray cluster. View the dashboard at [1m[32m127.0.0.1:8265 [39m[22m
/home/auralab/miniconda3/envs/chia_env/lib/python3.10/site-packages/ray/_private/worker.py:2052: FutureWarning: Tip: In future versions of Ray, Ray will no longer override accelerator visible devices env var if num_gpus=0 or num_gpus=None (default). To enable this behavior and turn off this error message, set RAY_ACCEL_ENV_VAR_OVERRIDE_ON_ZERO=0
  warnings.warn(

✓ Found existing verification plan and rtl_info.json — skipping extraction, generation, and review.
  Plan:     /home/auralab/nwark/chia_sept7_for_multi_rtl_with_multi_llm/for_multiple_rtl_updation_generalized/generated/designs/fifo/plans/verification_plan.yaml
  RTL info: /home/auralab/nwark/chia_sept7_for_multi_rtl_with_multi_llm/for_multiple_rtl_updation_generalized/generated/designs/fifo/rtl/rtl_info.json
/home/auralab/miniconda3/envs/chia_env/lib/python3.10/site-packages/pydantic_settings/sources/utils.py:47: IncompleteFieldDefinitionWarning: Field 'lifespan' has an incomplete definition: its annotation contains an unresolved forward reference, so settings sources may fail to correctly resolve its value. Call `model_rebuild()` on the model where the field is defined, once all the referenced types are defined.
  warnings.warn(
[36m(_ToolServerActor pid=20315)[0m INFO:     Started server process [20315]
[36m(_ToolServerActor pid=20315)[0m INFO:     Waiting for application startup.
[36m(_ToolServerActor pid=20315)[0m INFO:     Application startup complete.
[36m(_ToolServerActor pid=20315)[0m INFO:     Uvicorn running on http://172.16.36.107:8000 (Press CTRL+C to quit)
verification_workspace started at 172.16.36.107:8000 on node 221820a386e2b780fe593d4059ab055ef4f6162ea9f3758bc72c6a71
OpenCodeLLM is experimental: only exercised by unit tests so far, not validated in production.

[4/4] Generating cocotb+pyuvm environment (staged)...

✓ Skipping UVM sub-stage 'contract': checkpoint found (/home/auralab/nwark/chia_sept7_for_multi_rtl_with_multi_llm/for_multiple_rtl_updation_generalized/generated/designs/fifo/checkpoints/uvm_contract.done), already completed in a previous run.

✓ Skipping UVM sub-stage 'stimulus': checkpoint found (/home/auralab/nwark/chia_sept7_for_multi_rtl_with_multi_llm/for_multiple_rtl_updation_generalized/generated/designs/fifo/checkpoints/uvm_stimulus.done), already completed in a previous run.

✓ Skipping UVM sub-stage 'observation': checkpoint found (/home/auralab/nwark/chia_sept7_for_multi_rtl_with_multi_llm/for_multiple_rtl_updation_generalized/generated/designs/fifo/checkpoints/uvm_observation.done), already completed in a previous run.

✓ Skipping UVM sub-stage 'scoreboard': checkpoint found (/home/auralab/nwark/chia_sept7_for_multi_rtl_with_multi_llm/for_multiple_rtl_updation_generalized/generated/designs/fifo/checkpoints/uvm_scoreboard.done), already completed in a previous run.

✓ Skipping UVM sub-stage 'coverage_assertions': checkpoint found (/home/auralab/nwark/chia_sept7_for_multi_rtl_with_multi_llm/for_multiple_rtl_updation_generalized/generated/designs/fifo/checkpoints/uvm_coverage_assertions.done), already completed in a previous run.

✓ Skipping UVM sub-stage 'integration': checkpoint found (/home/auralab/nwark/chia_sept7_for_multi_rtl_with_multi_llm/for_multiple_rtl_updation_generalized/generated/designs/fifo/checkpoints/uvm_integration.done), already completed in a previous run.

✓ cocotb+pyuvm environment generated directly under /workspace/generated/designs/fifo/tb.
✓ Directed scenario IDs validated against the accepted plan.
[36m(_ToolServerActor pid=20315)[0m INFO:     Shutting down

✓ Skipping TB validation: checkpoint found (/home/auralab/nwark/chia_sept7_for_multi_rtl_with_multi_llm/for_multiple_rtl_updation_generalized/generated/designs/fifo/checkpoints/tb_validated.done) — the generated cocotb+pyuvm environment already passed simulation in a previous run.

↻ Resuming verification improvement: last accepted iteration=23, next iteration=26, quality=81.88

===== RTL VERIFICATION (iteration 1) =====
  Accepted RTL snapshot: /home/auralab/nwark/chia_sept7_for_multi_rtl_with_multi_llm/for_multiple_rtl_updation_generalized/generated/designs/fifo/rtl_verification/accepted/fifo.sv
  Benchmark RTL (read-only): /home/auralab/nwark/chia_sept7_for_multi_rtl_with_multi_llm/for_multiple_rtl_updation_generalized/benchmarks/fifo/fifo.sv
[36m(_ToolServerActor pid=20315)[0m INFO:     Waiting for application shutdown.
[36m(_ToolServerActor pid=20315)[0m INFO:     Application shutdown complete.
[36m(_ToolServerActor pid=20315)[0m INFO:     Finished server process [20315]
{
  "verdict": "generation_bug",
  "detail": {
    "status": "functional_failure",
    "tests": {
      "FifoTC001Test": {
        "status": "runtime_error",
        "category": "runtime_error",
        "timed_out": false,
        "watchdog_expired": false,
        "returncode": 2,
        "counts": {
          "uvm_errors": 0,
          "uvm_fatals": 0,
          "uvm_warnings": 0,
          "scoreboard_mismatches": 0,
          "assertion_failures": 0
        },
        "clean_exit": false,
        "log": "-I.  -MMD -I/usr/local/share/verilator/include -I/usr/local/share/verilator/include/vltstd -DVERILATOR=1 -DVM_COVERAGE=0 -DVM_SC=0 -DVM_TIMING=0 -DVM_TRACE=0 -DVM_TRACE_FST=0 -DVM_TRACE_VCD=0 -DVM_TRACE_SAIF=0 -faligned-new -fcf-protection=none -Wno-bool-operation -Wno-int-in-bool-context -Wno-shadow -Wno-sign-compare -Wno-subobject-linkage -Wno-tautological-compare -Wno-uninitialized -Wno-unused-but-set-parameter -Wno-unused-but-set-variable -Wno-unused-parameter -Wno-unused-variable      -Os  -c -o verilator.o /home/ray/anaconda3/lib/python3.10/site-packages/cocotb/share/lib/verilator/verilator.cpp\ng++ -Os  -I.  -MMD -I/usr/local/share/verilator/include -I/usr/local/share/verilator/include/vltstd -DVERILATOR=1 -DVM_COVERAGE=0 -DVM_SC=0 -DVM_TIMING=0 -DVM_TRACE=0 -DVM_TRACE_FST=0 -DVM_TRACE_VCD=0 -DVM_TRACE_SAIF=0 -faligned-new -fcf-protection=none -Wno-bool-operation -Wno-int-in-bool-context -Wno-shadow -Wno-sign-compare -Wno-subobject-linkage -Wno-tautological-compare -Wno-uninitialized -Wno-unused-but-set-parameter -Wno-unused-but-set-variable -Wno-unused-parameter -Wno-unused-variable      -c -o verilated.o /usr/local/share/verilator/include/verilated.cpp\ng++ -Os  -I.  -MMD -I/usr/local/share/verilator/include -I/usr/local/share/verilator/include/vltstd -DVERILATOR=1 -DVM_COVERAGE=0 -DVM_SC=0 -DVM_TIMING=0 -DVM_TRACE=0 -DVM_TRACE_FST=0 -DVM_TRACE_VCD=0 -DVM_TRACE_SAIF=0 -faligned-new -fcf-protection=none -Wno-bool-operation -Wno-int-in-bool-context -Wno-shadow -Wno-sign-compare -Wno-subobject-linkage -Wno-tautological-compare -Wno-uninitialized -Wno-unused-but-set-parameter -Wno-unused-but-set-variable -Wno-unused-parameter -Wno-unused-variable      -c -o verilated_dpi.o /usr/local/share/verilator/include/verilated_dpi.cpp\ng++ -Os  -I.  -MMD -I/usr/local/share/verilator/include -I/usr/local/share/verilator/include/vltstd -DVERILATOR=1 -DVM_COVERAGE=0 -DVM_SC=0 -DVM_TIMING=0 -DVM_TRACE=0 -DVM_TRACE_FST=0 -DVM_TRACE_VCD=0 -DVM_TRACE_SAIF=0 -faligned-new -fcf-protection=none -Wno-bool-operation -Wno-int-in-bool-context -Wno-shadow -Wno-sign-compare -Wno-subobject-linkage -Wno-tautological-compare -Wno-uninitialized -Wno-unused-but-set-parameter -Wno-unused-but-set-variable -Wno-unused-parameter -Wno-unused-variable      -c -o verilated_vpi.o /usr/local/share/verilator/include/verilated_vpi.cpp\ng++ -Os  -I.  -MMD -I/usr/local/share/verilator/include -I/usr/local/share/verilator/include/vltstd -DVERILATOR=1 -DVM_COVERAGE=0 -DVM_SC=0 -DVM_TIMING=0 -DVM_TRACE=0 -DVM_TRACE_FST=0 -DVM_TRACE_VCD=0 -DVM_TRACE_SAIF=0 -faligned-new -fcf-protection=none -Wno-bool-operation -Wno-int-in-bool-context -Wno-shadow -Wno-sign-compare -Wno-subobject-linkage -Wno-tautological-compare -Wno-uninitialized -Wno-unused-but-set-parameter -Wno-unused-but-set-variable -Wno-unused-parameter -Wno-unused-variable      -c -o verilated_threads.o /usr/local/share/verilator/include/verilated_threads.cpp\npython3 /usr/local/share/verilator/bin/verilator_includer -DVL_INCLUDE_OPT=include Vtop.cpp Vtop___024root__0.cpp Vtop__Dpi.cpp Vtop___024root__Slow.cpp Vtop___024root__0__Slow.cpp Vtop__Syms.cpp > Vtop__ALL.cpp\necho \"\" > Vtop__ALL.verilator_deplist.tmp\ng++ -Os  -I.  -MMD -I/usr/local/share/verilator/include -I/usr/local/share/verilator/include/vltstd -DVERILATOR=1 -DVM_COVERAGE=0 -DVM_SC=0 -DVM_TIMING=0 -DVM_TRACE=0 -DVM_TRACE_FST=0 -DVM_TRACE_VCD=0 -DVM_TRACE_SAIF=0 -faligned-new -fcf-protection=none -Wno-bool-operation -Wno-int-in-bool-context -Wno-shadow -Wno-sign-compare -Wno-subobject-linkage -Wno-tautological-compare -Wno-uninitialized -Wno-unused-but-set-parameter -Wno-unused-but-set-variable -Wno-unused-parameter -Wno-unused-variable      -c -o Vtop__ALL.o Vtop__ALL.cpp\ng++    verilator.o verilated.o verilated_dpi.o verilated_vpi.o verilated_threads.o Vtop__ALL.a   -Wl,-rpath,/home/ray/anaconda3/lib/python3.10/site-packages/cocotb/libs -L/home/ray/anaconda3/lib/python3.10/site-packages/cocotb/libs -lcocotbvpi_verilator  -pthread -lpthread -latomic   -o Vtop\nrm Vtop__ALL.verilator_deplist.tmp\nmake[1]: Leaving directory '/workspace/generated/designs/fifo/tb/.chia_sim/build/8c5aeec62e4d'\nrm -f /workspace/generated/designs/fifo/tb/.chia_sim/FifoTC001Test.xml\nCOCOTB_TEST_MODULES=test_top COCOTB_TESTCASE=  COCOTB_TOPLEVEL=fifo TOPLEVEL_LANG=verilog       \\\n         /workspace/generated/designs/fifo/tb/.chia_sim/build/8c5aeec62e4d/Vtop     \n     -.--ns INFO     gpi                                ../gpi/GpiCommon.cpp:242  in gpi_load_users                  Loaded entry library: '/home/ray/anaconda3/lib/libpython3.10.so.1.0'\n     -.--ns INFO     gpi                                ../gpi/GpiCommon.cpp:233  in gpi_load_users                  Running entry func 'initialize' from loaded library '/home/ray/anaconda3/lib/python3.10/site-packages/cocotb/simulator.cpython-310-x86_64-linux-gnu.so'\n     -.--ns INFO     pygpi                              ..ib/pygpi/embed.cpp:114  in initialize                      Using Python 3.10.19 interpreter at /home/ray/anaconda3/bin/python3\n     -.--ns INFO     gpi                                ../gpi/GpiCommon.cpp:74   in gpi_print_registered_impl       GPI: VPI support registered\n     0.00ns INFO     cocotb.initialize                  Seeding Python random module with 1789041576\n     0.00ns INFO     cocotb.initialize                  Initialized cocotb v2.1.0 from /home/ray/anaconda3/lib/python3.10/site-packages/cocotb\n     0.00ns INFO     cocotb.initialize                  Running on Verilator version 5.042 2025-11-02\n     0.00ns INFO     cocotb.regression                  Running tests\n     0.00ns INFO     cocotb.regression                  running test_top.fifo_tb_top (1/1)\n                                                            Single cocotb entry point \u2014 mirrors SV UVM's ``+UVM_TESTNAME`` flow.\n     0.00ns INFO     cocotb.fifo                        fifo_tb_top: UVM_TESTNAME=FifoTC001Test  DATA_WIDTH=8  DEPTH=4  CLK_HALF_PERIOD_NS=5  WATCHDOG_MAX_CYCLES=2000\n     0.00ns WARNING  py.warnings                        /workspace/generated/designs/fifo/tb/test_top.py:132: DeprecationWarning: Use `handle.set(Immediate(...))` or `handle.value = Immediate(...)` instead.\n                                                          dut.rst_n.setimmediatevalue(0)\n     0.00ns WARNING  py.warnings                        /workspace/generated/designs/fifo/tb/test_top.py:133: DeprecationWarning: Use `handle.set(Immediate(...))` or `handle.value = Immediate(...)` instead.\n                                                          dut.wr_en.setimmediatevalue(0)\n     0.00ns WARNING  py.warnings                        /workspace/generated/designs/fifo/tb/test_top.py:134: DeprecationWarning: Use `handle.set(Immediate(...))` or `handle.value = Immediate(...)` instead.\n                                                          dut.rd_en.setimmediatevalue(0)\n     0.00ns WARNING  py.warnings                        /workspace/generated/designs/fifo/tb/test_top.py:135: DeprecationWarning: Use `handle.set(Immediate(...))` or `handle.value = Immediate(...)` instead.\n                                                          dut.din.setimmediatevalue(0)\n    20.00ns WARNING  py.warnings                        /workspace/generated/designs/fifo/tb/test_top.py:137: DeprecationWarning: Use `handle.set(Immediate(...))` or `handle.value = Immediate(...)` instead.\n                                                          dut.rst_n.setimmediatevalue(1)\n    40.00ns INFO     ..ated/designs/fifo/tb/test.py(72) [uvm_test_top]: uvm_test_top: FifoEnv created\n    40.00ns INFO     ..rated/designs/fifo/tb/env.py(52) [uvm_test_top.fifo_env]: FifoEnv build_phase complete\n    40.00ns INFO     ..signs/fifo/tb/scoreboard.py(111) [uvm_test_top.fifo_env.fifo_scoreboard]: FifoScoreboard built (DATA_WIDTH=8, DEPTH=4)\n    40.00ns INFO     ..designs/fifo/tb/coverage.py(321) [uvm_test_top.fifo_env.fifo_coverage]: FifoCoverage built (DATA_WIDTH=8, DEPTH=4, count reachable=True)\n    40.00ns INFO     ..rated/designs/fifo/tb/env.py(67) [uvm_test_top.fifo_env]: FifoEnv connect_phase: agent.ap -> scoreboard + coverage\n    40.00ns INFO     ../designs/fifo/tb/monitor.py(115) [uvm_test_top.fifo_env.fifo_agent.fifo_monitor]: FifoMonitor started (DATA_WIDTH=8, DEPTH=4)\n    40.00ns WARNING  py.warnings                        /workspace/generated/designs/fifo/tb/dut_helper.py:115: DeprecationWarning: Use `handle.set(Immediate(...))` or `handle.value = Immediate(...)` instead.\n                                                          self.dut.wr_en.setimmediatevalue(int(wr_en) & 0x1)\n    40.00ns WARNING  py.warnings                        /workspace/generated/designs/fifo/tb/dut_helper.py:116: DeprecationWarning: Use `handle.set(Immediate(...))` or `handle.value = Immediate(...)` instead.\n                                                          self.dut.rd_en.setimmediatevalue(int(rd_en) & 0x1)\n    40.00ns WARNING  py.warnings                        /workspace/generated/designs/fifo/tb/dut_helper.py:118: DeprecationWarning: Use `handle.set(Immediate(...))` or `handle.value = Immediate(...)` instead.\n                                                          self.dut.din.setimmediatevalue(int(din) & mask)\n    40.00ns INFO     ..signs/fifo/tb/scoreboard.py(120) [uvm_test_top.fifo_env.fifo_scoreboard]: FifoScoreboard run_phase started\n    40.00ns WARNING  py.warnings                        /workspace/generated/designs/fifo/tb/sequences.py:112: DeprecationWarning: Use `handle.set(Immediate(...))` or `handle.value = Immediate(...)` instead.\n                                                          self.dut.rst_n.setimmediatevalue(0)\n    50.00ns WARNING  cocotb.regression                  test_top.fifo_tb_top failed\n                                                        Traceback (most recent call last):\n                                                          File \"/workspace/generated/designs/fifo/tb/assertions.py\", line 188, in check_reset_clean_state\n                                                            assert dout == 0, (\n                                                        AssertionError: reset_clean_state violated at cycle 0: rst_n asserted but dout=0xff (expected 0)\n                                                        assert 255 == 0\n    50.00ns INFO     cocotb.regression                  **************************************************************************************\n                                                        ** TEST                          STATUS  SIM TIME (ns)  REAL TIME (s)  RATIO (ns/s) **\n                                                        **************************************************************************************\n                                                        ** test_top.fifo_tb_top           FAIL          50.00           0.01       4608.46  **\n                                                        **************************************************************************************\n                                                        ** TESTS=1 PASS=0 FAIL=1 SKIP=0                 50.00           0.01       4489.32  **\n                                                        **************************************************************************************\n- :0: Verilog $finish\n%Warning-MODDUP: /workspace/generated/designs/fifo/rtl_verification/accepted/fifo.sv:1:8: Duplicate declaration of module: 'fifo'\n    1 | module fifo #(\n      |        ^~~~\n                 /workspace/benchmarks/fifo/fifo.sv:1:8: ... Location of original declaration\n    1 | module fifo #(\n      |        ^~~~\n                 ... For warning description see https://verilator.org/warn/MODDUP?v=5.042\n                 ... Use \"/* verilator lint_off MODDUP */\" and lint_on around source to disable this message.\nmake: *** [/home/ray/anaconda3/lib/python3.10/site-packages/cocotb_tools/makefiles/simulators/Makefile.verilator:74: /workspace/generated/designs/fifo/tb/.chia_sim/FifoTC001Test.xml] Error 1\n",
        "command": [
          "timeout",
          "--signal=TERM",
          "--kill-after=5",
          "60",
          "make",
          "-f",
          "/workspace/generated/designs/fifo/tb/.chia_sim/Makefile",
          "SIM=verilator",
          "TOPLEVEL_LANG=verilog",
          "TOPLEVEL=fifo",
          "COCOTB_TOPLEVEL=fifo",
          "MODULE=test_top",
          "COCOTB_TEST_MODULES=test_top",
          "VERILOG_SOURCES=/workspace/benchmarks/fifo/fifo.sv /workspace/generated/designs/fifo/rtl_verification/accepted/fifo.sv",
          "SIM_BUILD=/workspace/generated/designs/fifo/tb/.chia_sim/build/8c5aeec62e4d",
          "COCOTB_RESULTS_FILE=/workspace/generated/designs/fifo/tb/.chia_sim/FifoTC001Test.xml",
          "COCOTB_HDL_TIMEUNIT=1ns",
          "COCOTB_HDL_TIMEPRECISION=1ps",
          "BUILD_ARGS=-j 4"
        ],
        "test_name": "FifoTC001Test",
        "test_module": "test_top",
        "results_file": "/workspace/generated/designs/fifo/tb/.chia_sim/FifoTC001Test.xml",
        "results_file_exists": true
      },
      "FifoTC002Test": {
        "status": "runtime_error",
        "category": "runtime_error",
        "timed_out": false,
        "watchdog_expired": false,
        "returncode": 2,
        "counts": {
          "uvm_errors": 0,
          "uvm_fatals": 0,
          "uvm_warnings": 0,
          "scoreboard_mismatches": 0,
          "assertion_failures": 0
        },
        "clean_exit": false,
        "log": "rm -f /workspace/generated/designs/fifo/tb/.chia_sim/FifoTC002Test.xml\nrm -f /workspace/generated/designs/fifo/tb/.chia_sim/FifoTC002Test.xml\nCOCOTB_TEST_MODULES=test_top COCOTB_TESTCASE=  COCOTB_TOPLEVEL=fifo TOPLEVEL_LANG=verilog       \\\n         /workspace/generated/designs/fifo/tb/.chia_sim/build/8c5aeec62e4d/Vtop     \n     -.--ns INFO     gpi                                ../gpi/GpiCommon.cpp:242  in gpi_load_users                  Loaded entry library: '/home/ray/anaconda3/lib/libpython3.10.so.1.0'\n     -.--ns INFO     gpi                                ../gpi/GpiCommon.cpp:233  in gpi_load_users                  Running entry func 'initialize' from loaded library '/home/ray/anaconda3/lib/python3.10/site-packages/cocotb/simulator.cpython-310-x86_64-linux-gnu.so'\n     -.--ns INFO     pygpi                              ..ib/pygpi/embed.cpp:114  in initialize                      Using Python 3.10.19 interpreter at /home/ray/anaconda3/bin/python3\n     -.--ns INFO     gpi                                ../gpi/GpiCommon.cpp:74   in gpi_print_registered_impl       GPI: VPI support registered\n     0.00ns INFO     cocotb.initialize                  Seeding Python random module with 1789041576\n     0.00ns INFO     cocotb.initialize                  Initialized cocotb v2.1.0 from /home/ray/anaconda3/lib/python3.10/site-packages/cocotb\n     0.00ns INFO     cocotb.initialize                  Running on Verilator version 5.042 2025-11-02\n     0.00ns INFO     cocotb.regression                  Running tests\n     0.00ns INFO     cocotb.regression                  running test_top.fifo_tb_top (1/1)\n                                                            Single cocotb entry point \u2014 mirrors SV UVM's ``+UVM_TESTNAME`` flow.\n     0.00ns INFO     cocotb.fifo                        fifo_tb_top: UVM_TESTNAME=FifoTC002Test  DATA_WIDTH=8  DEPTH=4  CLK_HALF_PERIOD_NS=5  WATCHDOG_MAX_CYCLES=2000\n     0.00ns WARNING  py.warnings                        /workspace/generated/designs/fifo/tb/test_top.py:132: DeprecationWarning: Use `handle.set(Immediate(...))` or `handle.value = Immediate(...)` instead.\n                                                          dut.rst_n.setimmediatevalue(0)\n     0.00ns WARNING  py.warnings                        /workspace/generated/designs/fifo/tb/test_top.py:133: DeprecationWarning: Use `handle.set(Immediate(...))` or `handle.value = Immediate(...)` instead.\n                                                          dut.wr_en.setimmediatevalue(0)\n     0.00ns WARNING  py.warnings                        /workspace/generated/designs/fifo/tb/test_top.py:134: DeprecationWarning: Use `handle.set(Immediate(...))` or `handle.value = Immediate(...)` instead.\n                                                          dut.rd_en.setimmediatevalue(0)\n     0.00ns WARNING  py.warnings                        /workspace/generated/designs/fifo/tb/test_top.py:135: DeprecationWarning: Use `handle.set(Immediate(...))` or `handle.value = Immediate(...)` instead.\n                                                          dut.din.setimmediatevalue(0)\n    20.00ns WARNING  py.warnings                        /workspace/generated/designs/fifo/tb/test_top.py:137: DeprecationWarning: Use `handle.set(Immediate(...))` or `handle.value = Immediate(...)` instead.\n                                                          dut.rst_n.setimmediatevalue(1)\n    40.00ns INFO     ..ated/designs/fifo/tb/test.py(72) [uvm_test_top]: uvm_test_top: FifoEnv created\n    40.00ns INFO     ..rated/designs/fifo/tb/env.py(52) [uvm_test_top.fifo_env]: FifoEnv build_phase complete\n    40.00ns INFO     ..signs/fifo/tb/scoreboard.py(111) [uvm_test_top.fifo_env.fifo_scoreboard]: FifoScoreboard built (DATA_WIDTH=8, DEPTH=4)\n    40.00ns INFO     ..designs/fifo/tb/coverage.py(321) [uvm_test_top.fifo_env.fifo_coverage]: FifoCoverage built (DATA_WIDTH=8, DEPTH=4, count reachable=True)\n    40.00ns INFO     ..rated/designs/fifo/tb/env.py(67) [uvm_test_top.fifo_env]: FifoEnv connect_phase: agent.ap -> scoreboard + coverage\n    40.00ns INFO     ../designs/fifo/tb/monitor.py(115) [uvm_test_top.fifo_env.fifo_agent.fifo_monitor]: FifoMonitor started (DATA_WIDTH=8, DEPTH=4)\n    40.00ns WARNING  py.warnings                        /workspace/generated/designs/fifo/tb/dut_helper.py:115: DeprecationWarning: Use `handle.set(Immediate(...))` or `handle.value = Immediate(...)` instead.\n                                                          self.dut.wr_en.setimmediatevalue(int(wr_en) & 0x1)\n    40.00ns WARNING  py.warnings                        /workspace/generated/designs/fifo/tb/dut_helper.py:116: DeprecationWarning: Use `handle.set(Immediate(...))` or `handle.value = Immediate(...)` instead.\n                                                          self.dut.rd_en.setimmediatevalue(int(rd_en) & 0x1)\n    40.00ns WARNING  py.warnings                        /workspace/generated/designs/fifo/tb/dut_helper.py:118: DeprecationWarning: Use `handle.set(Immediate(...))` or `handle.value = Immediate(...)` instead.\n                                                          self.dut.din.setimmediatevalue(int(din) & mask)\n    40.00ns INFO     ..signs/fifo/tb/scoreboard.py(120) [uvm_test_top.fifo_env.fifo_scoreboard]: FifoScoreboard run_phase started\n    40.00ns WARNING  py.warnings                        /workspace/generated/designs/fifo/tb/sequences.py:112: DeprecationWarning: Use `handle.set(Immediate(...))` or `handle.value = Immediate(...)` instead.\n                                                          self.dut.rst_n.setimmediatevalue(0)\n    50.00ns WARNING  cocotb.regression                  test_top.fifo_tb_top failed\n                                                        Traceback (most recent call last):\n                                                          File \"/workspace/generated/designs/fifo/tb/assertions.py\", line 188, in check_reset_clean_state\n                                                            assert dout == 0, (\n                                                        AssertionError: reset_clean_state violated at cycle 0: rst_n asserted but dout=0xff (expected 0)\n                                                        assert 255 == 0\n    50.00ns INFO     cocotb.regression                  **************************************************************************************\n                                                        ** TEST                          STATUS  SIM TIME (ns)  REAL TIME (s)  RATIO (ns/s) **\n                                                        **************************************************************************************\n                                                        ** test_top.fifo_tb_top           FAIL          50.00           0.01       4474.13  **\n                                                        **************************************************************************************\n                                                        ** TESTS=1 PASS=0 FAIL=1 SKIP=0                 50.00           0.01       4346.10  **\n                                                        **************************************************************************************\n- :0: Verilog $finish\nmake: *** [/home/ray/anaconda3/lib/python3.10/site-packages/cocotb_tools/makefiles/simulators/Makefile.verilator:74: /workspace/generated/designs/fifo/tb/.chia_sim/FifoTC002Test.xml] Error 1\n",
        "command": [
          "timeout",
          "--signal=TERM",
          "--kill-after=5",
          "60",
          "make",
          "-f",
          "/workspace/generated/designs/fifo/tb/.chia_sim/Makefile",
          "SIM=verilator",
          "TOPLEVEL_LANG=verilog",
          "TOPLEVEL=fifo",
          "COCOTB_TOPLEVEL=fifo",
          "MODULE=test_top",
          "COCOTB_TEST_MODULES=test_top",
          "VERILOG_SOURCES=/workspace/benchmarks/fifo/fifo.sv /workspace/generated/designs/fifo/rtl_verification/accepted/fifo.sv",
          "SIM_BUILD=/workspace/generated/designs/fifo/tb/.chia_sim/build/8c5aeec62e4d",
          "COCOTB_RESULTS_FILE=/workspace/generated/designs/fifo/tb/.chia_sim/FifoTC002Test.xml",
          "COCOTB_HDL_TIMEUNIT=1ns",
          "COCOTB_HDL_TIMEPRECISION=1ps",
          "BUILD_ARGS=-j 4"
        ],
        "test_name": "FifoTC002Test",
        "test_module": "test_top",
        "results_file": "/workspace/generated/designs/fifo/tb/.chia_sim/FifoTC002Test.xml",
        "results_file_exists": true
      },
      "FifoTC003Test": {
        "status": "runtime_error",
        "category": "runtime_error",
        "timed_out": false,
        "watchdog_expired": false,
        "returncode": 2,
        "counts": {
          "uvm_errors": 0,
          "uvm_fatals": 0,
          "uvm_warnings": 0,
          "scoreboard_mismatches": 0,
          "assertion_failures": 0
        },
        "clean_exit": false,
        "log": "rm -f /workspace/generated/designs/fifo/tb/.chia_sim/FifoTC003Test.xml\nrm -f /workspace/generated/designs/fifo/tb/.chia_sim/FifoTC003Test.xml\nCOCOTB_TEST_MODULES=test_top COCOTB_TESTCASE=  COCOTB_TOPLEVEL=fifo TOPLEVEL_LANG=verilog       \\\n         /workspace/generated/designs/fifo/tb/.chia_sim/build/8c5aeec62e4d/Vtop     \n     -.--ns INFO     gpi                                ../gpi/GpiCommon.cpp:242  in gpi_load_users                  Loaded entry library: '/home/ray/anaconda3/lib/libpython3.10.so.1.0'\n     -.--ns INFO     gpi                                ../gpi/GpiCommon.cpp:233  in gpi_load_users                  Running entry func 'initialize' from loaded library '/home/ray/anaconda3/lib/python3.10/site-packages/cocotb/simulator.cpython-310-x86_64-linux-gnu.so'\n     -.--ns INFO     pygpi                              ..ib/pygpi/embed.cpp:114  in initialize                      Using Python 3.10.19 interpreter at /home/ray/anaconda3/bin/python3\n     -.--ns INFO     gpi                                ../gpi/GpiCommon.cpp:74   in gpi_print_registered_impl       GPI: VPI support registered\n     0.00ns INFO     cocotb.initialize                  Seeding Python random module with 1789041577\n     0.00ns INFO     cocotb.initialize                  Initialized cocotb v2.1.0 from /home/ray/anaconda3/lib/python3.10/site-packages/cocotb\n     0.00ns INFO     cocotb.initialize                  Running on Verilator version 5.042 2025-11-02\n     0.00ns INFO     cocotb.regression                  Running tests\n     0.00ns INFO     cocotb.regression                  running test_top.fifo_tb_top (1/1)\n                                                            Single cocotb entry point \u2014 mirrors SV UVM's ``+UVM_TESTNAME`` flow.\n     0.00ns INFO     cocotb.fifo                        fifo_tb_top: UVM_TESTNAME=FifoTC003Test  DATA_WIDTH=8  DEPTH=4  CLK_HALF_PERIOD_NS=5  WATCHDOG_MAX_CYCLES=2000\n     0.00ns WARNING  py.warnings                        /workspace/generated/designs/fifo/tb/test_top.py:132: DeprecationWarning: Use `handle.set(Immediate(...))` or `handle.value = Immediate(...)` instead.\n                                                          dut.rst_n.setimmediatevalue(0)\n     0.00ns WARNING  py.warnings                        /workspace/generated/designs/fifo/tb/test_top.py:133: DeprecationWarning: Use `handle.set(Immediate(...))` or `handle.value = Immediate(...)` instead.\n                                                          dut.wr_en.setimmediatevalue(0)\n     0.00ns WARNING  py.warnings                        /workspace/generated/designs/fifo/tb/test_top.py:134: DeprecationWarning: Use `handle.set(Immediate(...))` or `handle.value = Immediate(...)` instead.\n                                                          dut.rd_en.setimmediatevalue(0)\n     0.00ns WARNING  py.warnings                        /workspace/generated/designs/fifo/tb/test_top.py:135: DeprecationWarning: Use `handle.set(Immediate(...))` or `handle.value = Immediate(...)` instead.\n                                                          dut.din.setimmediatevalue(0)\n    20.00ns WARNING  py.warnings                        /workspace/generated/designs/fifo/tb/test_top.py:137: DeprecationWarning: Use `handle.set(Immediate(...))` or `handle.value = Immediate(...)` instead.\n                                                          dut.rst_n.setimmediatevalue(1)\n    40.00ns INFO     ..ated/designs/fifo/tb/test.py(72) [uvm_test_top]: uvm_test_top: FifoEnv created\n    40.00ns INFO     ..rated/designs/fifo/tb/env.py(52) [uvm_test_top.fifo_env]: FifoEnv build_phase complete\n    40.00ns INFO     ..signs/fifo/tb/scoreboard.py(111) [uvm_test_top.fifo_env.fifo_scoreboard]: FifoScoreboard built (DATA_WIDTH=8, DEPTH=4)\n    40.00ns INFO     ..designs/fifo/tb/coverage.py(321) [uvm_test_top.fifo_env.fifo_coverage]: FifoCoverage built (DATA_WIDTH=8, DEPTH=4, count reachable=True)\n    40.00ns INFO     ..rated/designs/fifo/tb/env.py(67) [uvm_test_top.fifo_env]: FifoEnv connect_phase: agent.ap -> scoreboard + coverage\n    40.00ns INFO     ../designs/fifo/tb/monitor.py(115) [uvm_test_top.fifo_env.fifo_agent.fifo_monitor]: FifoMonitor started (DATA_WIDTH=8, DEPTH=4)\n    40.00ns WARNING  py.warnings                        /workspace/generated/designs/fifo/tb/dut_helper.py:115: DeprecationWarning: Use `handle.set(Immediate(...))` or `handle.value = Immediate(...)` instead.\n                                                          self.dut.wr_en.setimmediatevalue(int(wr_en) & 0x1)\n    40.00ns WARNING  py.warnings                        /workspace/generated/designs/fifo/tb/dut_helper.py:116: DeprecationWarning: Use `handle.set(Immediate(...))` or `handle.value = Immediate(...)` instead.\n                                                          self.dut.rd_en.setimmediatevalue(int(rd_en) & 0x1)\n    40.00ns WARNING  py.warnings                        /workspace/generated/designs/fifo/tb/dut_helper.py:118: DeprecationWarning: Use `handle.set(Immediate(...))` or `handle.value = Immediate(...)` instead.\n                                                          self.dut.din.setimmediatevalue(int(din) & mask)\n    40.00ns INFO     ..signs/fifo/tb/scoreboard.py(120) [uvm_test_top.fifo_env.fifo_scoreboard]: FifoScoreboard run_phase started\n    40.00ns WARNING  py.warnings                        /workspace/generated/designs/fifo/tb/sequences.py:112: DeprecationWarning: Use `handle.set(Immediate(...))` or `handle.value = Immediate(...)` instead.\n                                                          self.dut.rst_n.setimmediatevalue(0)\n    50.00ns WARNING  cocotb.regression                  test_top.fifo_tb_top failed\n                                                        Traceback (most recent call last):\n                                                          File \"/workspace/generated/designs/fifo/tb/assertions.py\", line 188, in check_reset_clean_state\n                                                            assert dout == 0, (\n                                                        AssertionError: reset_clean_state violated at cycle 0: rst_n asserted but dout=0xff (expected 0)\n                                                        assert 255 == 0\n    50.00ns INFO     cocotb.regression                  **************************************************************************************\n                                                        ** TEST                          STATUS  SIM TIME (ns)  REAL TIME (s)  RATIO (ns/s) **\n                                                        **************************************************************************************\n                                                        ** test_top.fifo_tb_top           FAIL          50.00           0.01       4560.97  **\n                                                        **************************************************************************************\n                                                        ** TESTS=1 PASS=0 FAIL=1 SKIP=0                 50.00           0.01       4435.54  **\n                                                        **************************************************************************************\n- :0: Verilog $finish\nmake: *** [/home/ray/anaconda3/lib/python3.10/site-packages/cocotb_tools/makefiles/simulators/Makefile.verilator:74: /workspace/generated/designs/fifo/tb/.chia_sim/FifoTC003Test.xml] Error 1\n",
        "command": [
          "timeout",
          "--signal=TERM",
          "--kill-after=5",
          "60",
          "make",
          "-f",
          "/workspace/generated/designs/fifo/tb/.chia_sim/Makefile",
          "SIM=verilator",
          "TOPLEVEL_LANG=verilog",
          "TOPLEVEL=fifo",
          "COCOTB_TOPLEVEL=fifo",
          "MODULE=test_top",
          "COCOTB_TEST_MODULES=test_top",
          "VERILOG_SOURCES=/workspace/benchmarks/fifo/fifo.sv /workspace/generated/designs/fifo/rtl_verification/accepted/fifo.sv",
          "SIM_BUILD=/workspace/generated/designs/fifo/tb/.chia_sim/build/8c5aeec62e4d",
          "COCOTB_RESULTS_FILE=/workspace/generated/designs/fifo/tb/.chia_sim/FifoTC003Test.xml",
          "COCOTB_HDL_TIMEUNIT=1ns",
          "COCOTB_HDL_TIMEPRECISION=1ps",
          "BUILD_ARGS=-j 4"
        ],
        "test_name": "FifoTC003Test",
        "test_module": "test_top",
        "results_file": "/workspace/generated/designs/fifo/tb/.chia_sim/FifoTC003Test.xml",
        "results_file_exists": true
      },
      "FifoTC004Test": {
        "status": "runtime_error",
        "category": "runtime_error",
        "timed_out": false,
        "watchdog_expired": false,
        "returncode": 2,
        "counts": {
          "uvm_errors": 0,
          "uvm_fatals": 0,
          "uvm_warnings": 0,
          "scoreboard_mismatches": 0,
          "assertion_failures": 0
        },
        "clean_exit": false,
        "log": "rm -f /workspace/generated/designs/fifo/tb/.chia_sim/FifoTC004Test.xml\nrm -f /workspace/generated/designs/fifo/tb/.chia_sim/FifoTC004Test.xml\nCOCOTB_TEST_MODULES=test_top COCOTB_TESTCASE=  COCOTB_TOPLEVEL=fifo TOPLEVEL_LANG=verilog       \\\n         /workspace/generated/designs/fifo/tb/.chia_sim/build/8c5aeec62e4d/Vtop     \n     -.--ns INFO     gpi                                ../gpi/GpiCommon.cpp:242  in gpi_load_users                  Loaded entry library: '/home/ray/anaconda3/lib/libpython3.10.so.1.0'\n     -.--ns INFO     gpi                                ../gpi/GpiCommon.cpp:233  in gpi_load_users                  Running entry func 'initialize' from loaded library '/home/ray/anaconda3/lib/python3.10/site-packages/cocotb/simulator.cpython-310-x86_64-linux-gnu.so'\n     -.--ns INFO     pygpi                              ..ib/pygpi/embed.cpp:114  in initialize                      Using Python 3.10.19 interpreter at /home/ray/anaconda3/bin/python3\n     -.--ns INFO     gpi                                ../gpi/GpiCommon.cpp:74   in gpi_print_registered_impl       GPI: VPI support registered\n     0.00ns INFO     cocotb.initialize                  Seeding Python random module with 1789041578\n     0.00ns INFO     cocotb.initialize                  Initialized cocotb v2.1.0 from /home/ray/anaconda3/lib/python3.10/site-packages/cocotb\n     0.00ns INFO     cocotb.initialize                  Running on Verilator version 5.042 2025-11-02\n     0.00ns INFO     cocotb.regression                  Running tests\n     0.00ns INFO     cocotb.regression                  running test_top.fifo_tb_top (1/1)\n                                                            Single cocotb entry point \u2014 mirrors SV UVM's ``+UVM_TESTNAME`` flow.\n     0.00ns INFO     cocotb.fifo                        fifo_tb_top: UVM_TESTNAME=FifoTC004Test  DATA_WIDTH=8  DEPTH=4  CLK_HALF_PERIOD_NS=5  WATCHDOG_MAX_CYCLES=2000\n     0.00ns WARNING  py.warnings                        /workspace/generated/designs/fifo/tb/test_top.py:132: DeprecationWarning: Use `handle.set(Immediate(...))` or `handle.value = Immediate(...)` instead.\n                                                          dut.rst_n.setimmediatevalue(0)\n     0.00ns WARNING  py.warnings                        /workspace/generated/designs/fifo/tb/test_top.py:133: DeprecationWarning: Use `handle.set(Immediate(...))` or `handle.value = Immediate(...)` instead.\n                                                          dut.wr_en.setimmediatevalue(0)\n     0.00ns WARNING  py.warnings                        /workspace/generated/designs/fifo/tb/test_top.py:134: DeprecationWarning: Use `handle.set(Immediate(...))` or `handle.value = Immediate(...)` instead.\n                                                          dut.rd_en.setimmediatevalue(0)\n     0.00ns WARNING  py.warnings                        /workspace/generated/designs/fifo/tb/test_top.py:135: DeprecationWarning: Use `handle.set(Immediate(...))` or `handle.value = Immediate(...)` instead.\n                                                          dut.din.setimmediatevalue(0)\n    20.00ns WARNING  py.warnings                        /workspace/generated/designs/fifo/tb/test_top.py:137: DeprecationWarning: Use `handle.set(Immediate(...))` or `handle.value = Immediate(...)` instead.\n                                                          dut.rst_n.setimmediatevalue(1)\n    40.00ns INFO     ..ated/designs/fifo/tb/test.py(72) [uvm_test_top]: uvm_test_top: FifoEnv created\n    40.00ns INFO     ..rated/designs/fifo/tb/env.py(52) [uvm_test_top.fifo_env]: FifoEnv build_phase complete\n    40.00ns INFO     ..signs/fifo/tb/scoreboard.py(111) [uvm_test_top.fifo_env.fifo_scoreboard]: FifoScoreboard built (DATA_WIDTH=8, DEPTH=4)\n    40.00ns INFO     ..designs/fifo/tb/coverage.py(321) [uvm_test_top.fifo_env.fifo_coverage]: FifoCoverage built (DATA_WIDTH=8, DEPTH=4, count reachable=True)\n    40.00ns INFO     ..rated/designs/fifo/tb/env.py(67) [uvm_test_top.fifo_env]: FifoEnv connect_phase: agent.ap -> scoreboard + coverage\n    40.00ns INFO     ../designs/fifo/tb/monitor.py(115) [uvm_test_top.fifo_env.fifo_agent.fifo_monitor]: FifoMonitor started (DATA_WIDTH=8, DEPTH=4)\n    40.00ns WARNING  py.warnings                        /workspace/generated/designs/fifo/tb/dut_helper.py:115: DeprecationWarning: Use `handle.set(Immediate(...))` or `handle.value = Immediate(...)` instead.\n                                                          self.dut.wr_en.setimmediatevalue(int(wr_en) & 0x1)\n    40.00ns WARNING  py.warnings                        /workspace/generated/designs/fifo/tb/dut_helper.py:116: DeprecationWarning: Use `handle.set(Immediate(...))` or `handle.value = Immediate(...)` instead.\n                                                          self.dut.rd_en.setimmediatevalue(int(rd_en) & 0x1)\n    40.00ns WARNING  py.warnings                        /workspace/generated/designs/fifo/tb/dut_helper.py:118: DeprecationWarning: Use `handle.set(Immediate(...))` or `handle.value = Immediate(...)` instead.\n                                                          self.dut.din.setimmediatevalue(int(din) & mask)\n    40.00ns INFO     ..signs/fifo/tb/scoreboard.py(120) [uvm_test_top.fifo_env.fifo_scoreboard]: FifoScoreboard run_phase started\n    40.00ns WARNING  py.warnings                        /workspace/generated/designs/fifo/tb/sequences.py:112: DeprecationWarning: Use `handle.set(Immediate(...))` or `handle.value = Immediate(...)` instead.\n                                                          self.dut.rst_n.setimmediatevalue(0)\n    50.00ns WARNING  cocotb.regression                  test_top.fifo_tb_top failed\n                                                        Traceback (most recent call last):\n                                                          File \"/workspace/generated/designs/fifo/tb/assertions.py\", line 188, in check_reset_clean_state\n                                                            assert dout == 0, (\n                                                        AssertionError: reset_clean_state violated at cycle 0: rst_n asserted but dout=0xff (expected 0)\n                                                        assert 255 == 0\n    50.00ns INFO     cocotb.regression                  **************************************************************************************\n                                                        ** TEST                          STATUS  SIM TIME (ns)  REAL TIME (s)  RATIO (ns/s) **\n                                                        **************************************************************************************\n                                                        ** test_top.fifo_tb_top           FAIL          50.00           0.01       4425.65  **\n                                                        **************************************************************************************\n                                                        ** TESTS=1 PASS=0 FAIL=1 SKIP=0                 50.00           0.01       4299.70  **\n                                                        **************************************************************************************\n- :0: Verilog $finish\nmake: *** [/home/ray/anaconda3/lib/python3.10/site-packages/cocotb_tools/makefiles/simulators/Makefile.verilator:74: /workspace/generated/designs/fifo/tb/.chia_sim/FifoTC004Test.xml] Error 1\n",
        "command": [
          "timeout",
          "--signal=TERM",
          "--kill-after=5",
          "60",
          "make",
          "-f",
          "/workspace/generated/designs/fifo/tb/.chia_sim/Makefile",
          "SIM=verilator",
          "TOPLEVEL_LANG=verilog",
          "TOPLEVEL=fifo",
          "COCOTB_TOPLEVEL=fifo",
          "MODULE=test_top",
          "COCOTB_TEST_MODULES=test_top",
          "VERILOG_SOURCES=/workspace/benchmarks/fifo/fifo.sv /workspace/generated/designs/fifo/rtl_verification/accepted/fifo.sv",
          "SIM_BUILD=/workspace/generated/designs/fifo/tb/.chia_sim/build/8c5aeec62e4d",
          "COCOTB_RESULTS_FILE=/workspace/generated/designs/fifo/tb/.chia_sim/FifoTC004Test.xml",
          "COCOTB_HDL_TIMEUNIT=1ns",
          "COCOTB_HDL_TIMEPRECISION=1ps",
          "BUILD_ARGS=-j 4"
        ],
        "test_name": "FifoTC004Test",
        "test_module": "test_top",
        "results_file": "/workspace/generated/designs/fifo/tb/.chia_sim/FifoTC004Test.xml",
        "results_file_exists": true
      },
      "FifoTC005Test": {
        "status": "runtime_error",
        "category": "runtime_error",
        "timed_out": false,
        "watchdog_expired": false,
        "returncode": 2,
        "counts": {
          "uvm_errors": 0,
          "uvm_fatals": 0,
          "uvm_warnings": 0,
          "scoreboard_mismatches": 0,
          "assertion_failures": 0
        },
        "clean_exit": false,
        "log": "rm -f /workspace/generated/designs/fifo/tb/.chia_sim/FifoTC005Test.xml\nrm -f /workspace/generated/designs/fifo/tb/.chia_sim/FifoTC005Test.xml\nCOCOTB_TEST_MODULES=test_top COCOTB_TESTCASE=  COCOTB_TOPLEVEL=fifo TOPLEVEL_LANG=verilog       \\\n         /workspace/generated/designs/fifo/tb/.chia_sim/build/8c5aeec62e4d/Vtop     \n     -.--ns INFO     gpi                                ../gpi/GpiCommon.cpp:242  in gpi_load_users                  Loaded entry library: '/home/ray/anaconda3/lib/libpython3.10.so.1.0'\n     -.--ns INFO     gpi                                ../gpi/GpiCommon.cpp:233  in gpi_load_users                  Running entry func 'initialize' from loaded library '/home/ray/anaconda3/lib/python3.10/site-packages/cocotb/simulator.cpython-310-x86_64-linux-gnu.so'\n     -.--ns INFO     pygpi                              ..ib/pygpi/embed.cpp:114  in initialize                      Using Python 3.10.19 interpreter at /home/ray/anaconda3/bin/python3\n     -.--ns INFO     gpi                                ../gpi/GpiCommon.cpp:74   in gpi_print_registered_impl       GPI: VPI support registered\n     0.00ns INFO     cocotb.initialize                  Seeding Python random module with 1789041578\n     0.00ns INFO     cocotb.initialize                  Initialized cocotb v2.1.0 from /home/ray/anaconda3/lib/python3.10/site-packages/cocotb\n     0.00ns INFO     cocotb.initialize                  Running on Verilator version 5.042 2025-11-02\n     0.00ns INFO     cocotb.regression                  Running tests\n     0.00ns INFO     cocotb.regression                  running test_top.fifo_tb_top (1/1)\n                                                            Single cocotb entry point \u2014 mirrors SV UVM's ``+UVM_TESTNAME`` flow.\n     0.00ns INFO     cocotb.fifo                        fifo_tb_top: UVM_TESTNAME=FifoTC005Test  DATA_WIDTH=8  DEPTH=4  CLK_HALF_PERIOD_NS=5  WATCHDOG_MAX_CYCLES=2000\n     0.00ns WARNING  py.warnings                        /workspace/generated/designs/fifo/tb/test_top.py:132: DeprecationWarning: Use `handle.set(Immediate(...))` or `handle.value = Immediate(...)` instead.\n                                                          dut.rst_n.setimmediatevalue(0)\n     0.00ns WARNING  py.warnings                        /workspace/generated/designs/fifo/tb/test_top.py:133: DeprecationWarning: Use `handle.set(Immediate(...))` or `handle.value = Immediate(...)` instead.\n                                                          dut.wr_en.setimmediatevalue(0)\n     0.00ns WARNING  py.warnings                        /workspace/generated/designs/fifo/tb/test_top.py:134: DeprecationWarning: Use `handle.set(Immediate(...))` or `handle.value = Immediate(...)` instead.\n                                                          dut.rd_en.setimmediatevalue(0)\n     0.00ns WARNING  py.warnings                        /workspace/generated/designs/fifo/tb/test_top.py:135: DeprecationWarning: Use `handle.set(Immediate(...))` or `handle.value = Immediate(...)` instead.\n                                                          dut.din.setimmediatevalue(0)\n    20.00ns WARNING  py.warnings                        /workspace/generated/designs/fifo/tb/test_top.py:137: DeprecationWarning: Use `handle.set(Immediate(...))` or `handle.value = Immediate(...)` instead.\n                                                          dut.rst_n.setimmediatevalue(1)\n    40.00ns INFO     ..ated/designs/fifo/tb/test.py(72) [uvm_test_top]: uvm_test_top: FifoEnv created\n    40.00ns INFO     ..rated/designs/fifo/tb/env.py(52) [uvm_test_top.fifo_env]: FifoEnv build_phase complete\n    40.00ns INFO     ..signs/fifo/tb/scoreboard.py(111) [uvm_test_top.fifo_env.fifo_scoreboard]: FifoScoreboard built (DATA_WIDTH=8, DEPTH=4)\n    40.00ns INFO     ..designs/fifo/tb/coverage.py(321) [uvm_test_top.fifo_env.fifo_coverage]: FifoCoverage built (DATA_WIDTH=8, DEPTH=4, count reachable=True)\n    40.00ns INFO     ..rated/designs/fifo/tb/env.py(67) [uvm_test_top.fifo_env]: FifoEnv connect_phase: agent.ap -> scoreboard + coverage\n    40.00ns INFO     ../designs/fifo/tb/monitor.py(115) [uvm_test_top.fifo_env.fifo_agent.fifo_monitor]: FifoMonitor started (DATA_WIDTH=8, DEPTH=4)\n    40.00ns WARNING  py.warnings                        /workspace/generated/designs/fifo/tb/dut_helper.py:115: DeprecationWarning: Use `handle.set(Immediate(...))` or `handle.value = Immediate(...)` instead.\n                                                          self.dut.wr_en.setimmediatevalue(int(wr_en) & 0x1)\n    40.00ns WARNING  py.warnings                        /workspace/generated/designs/fifo/tb/dut_helper.py:116: DeprecationWarning: Use `handle.set(Immediate(...))` or `handle.value = Immediate(...)` instead.\n                                                          self.dut.rd_en.setimmediatevalue(int(rd_en) & 0x1)\n    40.00ns WARNING  py.warnings                        /workspace/generated/designs/fifo/tb/dut_helper.py:118: DeprecationWarning: Use `handle.set(Immediate(...))` or `handle.value = Immediate(...)` instead.\n                                                          self.dut.din.setimmediatevalue(int(din) & mask)\n    40.00ns INFO     ..signs/fifo/tb/scoreboard.py(120) [uvm_test_top.fifo_env.fifo_scoreboard]: FifoScoreboard run_phase started\n    40.00ns WARNING  py.warnings                        /workspace/generated/designs/fifo/tb/sequences.py:112: DeprecationWarning: Use `handle.set(Immediate(...))` or `handle.value = Immediate(...)` instead.\n                                                          self.dut.rst_n.setimmediatevalue(0)\n    50.00ns WARNING  cocotb.regression                  test_top.fifo_tb_top failed\n                                                        Traceback (most recent call last):\n                                                          File \"/workspace/generated/designs/fifo/tb/assertions.py\", line 188, in check_reset_clean_state\n                                                            assert dout == 0, (\n                                                        AssertionError: reset_clean_state violated at cycle 0: rst_n asserted but dout=0xff (expected 0)\n                                                        assert 255 == 0\n    50.00ns INFO     cocotb.regression                  **************************************************************************************\n                                                        ** TEST                          STATUS  SIM TIME (ns)  REAL TIME (s)  RATIO (ns/s) **\n                                                        **************************************************************************************\n                                                        ** test_top.fifo_tb_top           FAIL          50.00           0.01       4543.01  **\n                                                        **************************************************************************************\n                                                        ** TESTS=1 PASS=0 FAIL=1 SKIP=0                 50.00           0.01       4416.66  **\n                                                        **************************************************************************************\n- :0: Verilog $finish\nmake: *** [/home/ray/anaconda3/lib/python3.10/site-packages/cocotb_tools/makefiles/simulators/Makefile.verilator:74: /workspace/generated/designs/fifo/tb/.chia_sim/FifoTC005Test.xml] Error 1\n",
        "command": [
          "timeout",
          "--signal=TERM",
          "--kill-after=5",
          "60",
          "make",
          "-f",
          "/workspace/generated/designs/fifo/tb/.chia_sim/Makefile",
          "SIM=verilator",
          "TOPLEVEL_LANG=verilog",
          "TOPLEVEL=fifo",
          "COCOTB_TOPLEVEL=fifo",
          "MODULE=test_top",
          "COCOTB_TEST_MODULES=test_top",
          "VERILOG_SOURCES=/workspace/benchmarks/fifo/fifo.sv /workspace/generated/designs/fifo/rtl_verification/accepted/fifo.sv",
          "SIM_BUILD=/workspace/generated/designs/fifo/tb/.chia_sim/build/8c5aeec62e4d",
          "COCOTB_RESULTS_FILE=/workspace/generated/designs/fifo/tb/.chia_sim/FifoTC005Test.xml",
          "COCOTB_HDL_TIMEUNIT=1ns",
          "COCOTB_HDL_TIMEPRECISION=1ps",
          "BUILD_ARGS=-j 4"
        ],
        "test_name": "FifoTC005Test",
        "test_module": "test_top",
        "results_file": "/workspace/generated/designs/fifo/tb/.chia_sim/FifoTC005Test.xml",
        "results_file_exists": true
      },
      "FifoTC006Test": {
        "status": "runtime_error",
        "category": "runtime_error",
        "timed_out": false,
        "watchdog_expired": false,
        "returncode": 2,
        "counts": {
          "uvm_errors": 0,
          "uvm_fatals": 0,
          "uvm_warnings": 0,
          "scoreboard_mismatches": 0,
          "assertion_failures": 0
        },
        "clean_exit": false,
        "log": "rm -f /workspace/generated/designs/fifo/tb/.chia_sim/FifoTC006Test.xml\nrm -f /workspace/generated/designs/fifo/tb/.chia_sim/FifoTC006Test.xml\nCOCOTB_TEST_MODULES=test_top COCOTB_TESTCASE=  COCOTB_TOPLEVEL=fifo TOPLEVEL_LANG=verilog       \\\n         /workspace/generated/designs/fifo/tb/.chia_sim/build/8c5aeec62e4d/Vtop     \n     -.--ns INFO     gpi                                ../gpi/GpiCommon.cpp:242  in gpi_load_users                  Loaded entry library: '/home/ray/anaconda3/lib/libpython3.10.so.1.0'\n     -.--ns INFO     gpi                                ../gpi/GpiCommon.cpp:233  in gpi_load_users                  Running entry func 'initialize' from loaded library '/home/ray/anaconda3/lib/python3.10/site-packages/cocotb/simulator.cpython-310-x86_64-linux-gnu.so'\n     -.--ns INFO     pygpi                              ..ib/pygpi/embed.cpp:114  in initialize                      Using Python 3.10.19 interpreter at /home/ray/anaconda3/bin/python3\n     -.--ns INFO     gpi                                ../gpi/GpiCommon.cpp:74   in gpi_print_registered_impl       GPI: VPI support registered\n     0.00ns INFO     cocotb.initialize                  Seeding Python random module with 1789041579\n     0.00ns INFO     cocotb.initialize                  Initialized cocotb v2.1.0 from /home/ray/anaconda3/lib/python3.10/site-packages/cocotb\n     0.00ns INFO     cocotb.initialize                  Running on Verilator version 5.042 2025-11-02\n     0.00ns INFO     cocotb.regression                  Running tests\n     0.00ns INFO     cocotb.regression                  running test_top.fifo_tb_top (1/1)\n                                                            Single cocotb entry point \u2014 mirrors SV UVM's ``+UVM_TESTNAME`` flow.\n     0.00ns INFO     cocotb.fifo                        fifo_tb_top: UVM_TESTNAME=FifoTC006Test  DATA_WIDTH=8  DEPTH=4  CLK_HALF_PERIOD_NS=5  WATCHDOG_MAX_CYCLES=2000\n     0.00ns WARNING  py.warnings                        /workspace/generated/designs/fifo/tb/test_top.py:132: DeprecationWarning: Use `handle.set(Immediate(...))` or `handle.value = Immediate(...)` instead.\n                                                          dut.rst_n.setimmediatevalue(0)\n     0.00ns WARNING  py.warnings                        /workspace/generated/designs/fifo/tb/test_top.py:133: DeprecationWarning: Use `handle.set(Immediate(...))` or `handle.value = Immediate(...)` instead.\n                                                          dut.wr_en.setimmediatevalue(0)\n     0.00ns WARNING  py.warnings                        /workspace/generated/designs/fifo/tb/test_top.py:134: DeprecationWarning: Use `handle.set(Immediate(...))` or `handle.value = Immediate(...)` instead.\n                                                          dut.rd_en.setimmediatevalue(0)\n     0.00ns WARNING  py.warnings                        /workspace/generated/designs/fifo/tb/test_top.py:135: DeprecationWarning: Use `handle.set(Immediate(...))` or `handle.value = Immediate(...)` instead.\n                                                          dut.din.setimmediatevalue(0)\n    20.00ns WARNING  py.warnings                        /workspace/generated/designs/fifo/tb/test_top.py:137: DeprecationWarning: Use `handle.set(Immediate(...))` or `handle.value = Immediate(...)` instead.\n                                                          dut.rst_n.setimmediatevalue(1)\n    40.00ns INFO     ..ated/designs/fifo/tb/test.py(72) [uvm_test_top]: uvm_test_top: FifoEnv created\n    40.00ns INFO     ..rated/designs/fifo/tb/env.py(52) [uvm_test_top.fifo_env]: FifoEnv build_phase complete\n    40.00ns INFO     ..signs/fifo/tb/scoreboard.py(111) [uvm_test_top.fifo_env.fifo_scoreboard]: FifoScoreboard built (DATA_WIDTH=8, DEPTH=4)\n    40.00ns INFO     ..designs/fifo/tb/coverage.py(321) [uvm_test_top.fifo_env.fifo_coverage]: FifoCoverage built (DATA_WIDTH=8, DEPTH=4, count reachable=True)\n    40.00ns INFO     ..rated/designs/fifo/tb/env.py(67) [uvm_test_top.fifo_env]: FifoEnv connect_phase: agent.ap -> scoreboard + coverage\n    40.00ns INFO     ../designs/fifo/tb/monitor.py(115) [uvm_test_top.fifo_env.fifo_agent.fifo_monitor]: FifoMonitor started (DATA_WIDTH=8, DEPTH=4)\n    40.00ns WARNING  py.warnings                        /workspace/generated/designs/fifo/tb/dut_helper.py:115: DeprecationWarning: Use `handle.set(Immediate(...))` or `handle.value = Immediate(...)` instead.\n                                                          self.dut.wr_en.setimmediatevalue(int(wr_en) & 0x1)\n    40.00ns WARNING  py.warnings                        /workspace/generated/designs/fifo/tb/dut_helper.py:116: DeprecationWarning: Use `handle.set(Immediate(...))` or `handle.value = Immediate(...)` instead.\n                                                          self.dut.rd_en.setimmediatevalue(int(rd_en) & 0x1)\n    40.00ns WARNING  py.warnings                        /workspace/generated/designs/fifo/tb/dut_helper.py:118: DeprecationWarning: Use `handle.set(Immediate(...))` or `handle.value = Immediate(...)` instead.\n                                                          self.dut.din.setimmediatevalue(int(din) & mask)\n    40.00ns INFO     ..signs/fifo/tb/scoreboard.py(120) [uvm_test_top.fifo_env.fifo_scoreboard]: FifoScoreboard run_phase started\n    40.00ns WARNING  py.warnings                        /workspace/generated/designs/fifo/tb/sequences.py:112: DeprecationWarning: Use `handle.set(Immediate(...))` or `handle.value = Immediate(...)` instead.\n                                                          self.dut.rst_n.setimmediatevalue(0)\n    50.00ns WARNING  cocotb.regression                  test_top.fifo_tb_top failed\n                                                        Traceback (most recent call last):\n                                                          File \"/workspace/generated/designs/fifo/tb/assertions.py\", line 188, in check_reset_clean_state\n                                                            assert dout == 0, (\n                                                        AssertionError: reset_clean_state violated at cycle 0: rst_n asserted but dout=0xff (expected 0)\n                                                        assert 255 == 0\n    50.00ns INFO     cocotb.regression                  **************************************************************************************\n                                                        ** TEST                          STATUS  SIM TIME (ns)  REAL TIME (s)  RATIO (ns/s) **\n                                                        **************************************************************************************\n                                                        ** test_top.fifo_tb_top           FAIL          50.00           0.01       4569.67  **\n                                                        **************************************************************************************\n                                                        ** TESTS=1 PASS=0 FAIL=1 SKIP=0                 50.00           0.01       4445.56  **\n                                                        **************************************************************************************\n- :0: Verilog $finish\nmake: *** [/home/ray/anaconda3/lib/python3.10/site-packages/cocotb_tools/makefiles/simulators/Makefile.verilator:74: /workspace/generated/designs/fifo/tb/.chia_sim/FifoTC006Test.xml] Error 1\n",
        "command": [
          "timeout",
          "--signal=TERM",
          "--kill-after=5",
          "60",
          "make",
          "-f",
          "/workspace/generated/designs/fifo/tb/.chia_sim/Makefile",
          "SIM=verilator",
          "TOPLEVEL_LANG=verilog",
          "TOPLEVEL=fifo",
          "COCOTB_TOPLEVEL=fifo",
          "MODULE=test_top",
          "COCOTB_TEST_MODULES=test_top",
          "VERILOG_SOURCES=/workspace/benchmarks/fifo/fifo.sv /workspace/generated/designs/fifo/rtl_verification/accepted/fifo.sv",
          "SIM_BUILD=/workspace/generated/designs/fifo/tb/.chia_sim/build/8c5aeec62e4d",
          "COCOTB_RESULTS_FILE=/workspace/generated/designs/fifo/tb/.chia_sim/FifoTC006Test.xml",
          "COCOTB_HDL_TIMEUNIT=1ns",
          "COCOTB_HDL_TIMEPRECISION=1ps",
          "BUILD_ARGS=-j 4"
        ],
        "test_name": "FifoTC006Test",
        "test_module": "test_top",
        "results_file": "/workspace/generated/designs/fifo/tb/.chia_sim/FifoTC006Test.xml",
        "results_file_exists": true
      },
      "FifoTC007Test": {
        "status": "runtime_error",
        "category": "runtime_error",
        "timed_out": false,
        "watchdog_expired": false,
        "returncode": 2,
        "counts": {
          "uvm_errors": 0,
          "uvm_fatals": 0,
          "uvm_warnings": 0,
          "scoreboard_mismatches": 0,
          "assertion_failures": 0
        },
        "clean_exit": false,
        "log": "rm -f /workspace/generated/designs/fifo/tb/.chia_sim/FifoTC007Test.xml\nrm -f /workspace/generated/designs/fifo/tb/.chia_sim/FifoTC007Test.xml\nCOCOTB_TEST_MODULES=test_top COCOTB_TESTCASE=  COCOTB_TOPLEVEL=fifo TOPLEVEL_LANG=verilog       \\\n         /workspace/generated/designs/fifo/tb/.chia_sim/build/8c5aeec62e4d/Vtop     \n     -.--ns INFO     gpi                                ../gpi/GpiCommon.cpp:242  in gpi_load_users                  Loaded entry library: '/home/ray/anaconda3/lib/libpython3.10.so.1.0'\n     -.--ns INFO     gpi                                ../gpi/GpiCommon.cpp:233  in gpi_load_users                  Running entry func 'initialize' from loaded library '/home/ray/anaconda3/lib/python3.10/site-packages/cocotb/simulator.cpython-310-x86_64-linux-gnu.so'\n     -.--ns INFO     pygpi                              ..ib/pygpi/embed.cpp:114  in initialize                      Using Python 3.10.19 interpreter at /home/ray/anaconda3/bin/python3\n     -.--ns INFO     gpi                                ../gpi/GpiCommon.cpp:74   in gpi_print_registered_impl       GPI: VPI support registered\n     0.00ns INFO     cocotb.initialize                  Seeding Python random module with 1789041579\n     0.00ns INFO     cocotb.initialize                  Initialized cocotb v2.1.0 from /home/ray/anaconda3/lib/python3.10/site-packages/cocotb\n     0.00ns INFO     cocotb.initialize                  Running on Verilator version 5.042 2025-11-02\n     0.00ns INFO     cocotb.regression                  Running tests\n     0.00ns INFO     cocotb.regression                  running test_top.fifo_tb_top (1/1)\n                                                            Single cocotb entry point \u2014 mirrors SV UVM's ``+UVM_TESTNAME`` flow.\n     0.00ns INFO     cocotb.fifo                        fifo_tb_top: UVM_TESTNAME=FifoTC007Test  DATA_WIDTH=8  DEPTH=4  CLK_HALF_PERIOD_NS=5  WATCHDOG_MAX_CYCLES=2000\n     0.00ns WARNING  py.warnings                        /workspace/generated/designs/fifo/tb/test_top.py:132: DeprecationWarning: Use `handle.set(Immediate(...))` or `handle.value = Immediate(...)` instead.\n                                                          dut.rst_n.setimmediatevalue(0)\n     0.00ns WARNING  py.warnings                        /workspace/generated/designs/fifo/tb/test_top.py:133: DeprecationWarning: Use `handle.set(Immediate(...))` or `handle.value = Immediate(...)` instead.\n                                                          dut.wr_en.setimmediatevalue(0)\n     0.00ns WARNING  py.warnings                        /workspace/generated/designs/fifo/tb/test_top.py:134: DeprecationWarning: Use `handle.set(Immediate(...))` or `handle.value = Immediate(...)` instead.\n                                                          dut.rd_en.setimmediatevalue(0)\n     0.00ns WARNING  py.warnings                        /workspace/generated/designs/fifo/tb/test_top.py:135: DeprecationWarning: Use `handle.set(Immediate(...))` or `handle.value = Immediate(...)` instead.\n                                                          dut.din.setimmediatevalue(0)\n    20.00ns WARNING  py.warnings                        /workspace/generated/designs/fifo/tb/test_top.py:137: DeprecationWarning: Use `handle.set(Immediate(...))` or `handle.value = Immediate(...)` instead.\n                                                          dut.rst_n.setimmediatevalue(1)\n    40.00ns INFO     ..ated/designs/fifo/tb/test.py(72) [uvm_test_top]: uvm_test_top: FifoEnv created\n    40.00ns INFO     ..rated/designs/fifo/tb/env.py(52) [uvm_test_top.fifo_env]: FifoEnv build_phase complete\n    40.00ns INFO     ..signs/fifo/tb/scoreboard.py(111) [uvm_test_top.fifo_env.fifo_scoreboard]: FifoScoreboard built (DATA_WIDTH=8, DEPTH=4)\n    40.00ns INFO     ..designs/fifo/tb/coverage.py(321) [uvm_test_top.fifo_env.fifo_coverage]: FifoCoverage built (DATA_WIDTH=8, DEPTH=4, count reachable=True)\n    40.00ns INFO     ..rated/designs/fifo/tb/env.py(67) [uvm_test_top.fifo_env]: FifoEnv connect_phase: agent.ap -> scoreboard + coverage\n    40.00ns INFO     ../designs/fifo/tb/monitor.py(115) [uvm_test_top.fifo_env.fifo_agent.fifo_monitor]: FifoMonitor started (DATA_WIDTH=8, DEPTH=4)\n    40.00ns WARNING  py.warnings                        /workspace/generated/designs/fifo/tb/dut_helper.py:115: DeprecationWarning: Use `handle.set(Immediate(...))` or `handle.value = Immediate(...)` instead.\n                                                          self.dut.wr_en.setimmediatevalue(int(wr_en) & 0x1)\n    40.00ns WARNING  py.warnings                        /workspace/generated/designs/fifo/tb/dut_helper.py:116: DeprecationWarning: Use `handle.set(Immediate(...))` or `handle.value = Immediate(...)` instead.\n                                                          self.dut.rd_en.setimmediatevalue(int(rd_en) & 0x1)\n    40.00ns WARNING  py.warnings                        /workspace/generated/designs/fifo/tb/dut_helper.py:118: DeprecationWarning: Use `handle.set(Immediate(...))` or `handle.value = Immediate(...)` instead.\n                                                          self.dut.din.setimmediatevalue(int(din) & mask)\n    40.00ns INFO     ..signs/fifo/tb/scoreboard.py(120) [uvm_test_top.fifo_env.fifo_scoreboard]: FifoScoreboard run_phase started\n    40.00ns WARNING  py.warnings                        /workspace/generated/designs/fifo/tb/sequences.py:112: DeprecationWarning: Use `handle.set(Immediate(...))` or `handle.value = Immediate(...)` instead.\n                                                          self.dut.rst_n.setimmediatevalue(0)\n    50.00ns WARNING  cocotb.regression                  test_top.fifo_tb_top failed\n                                                        Traceback (most recent call last):\n                                                          File \"/workspace/generated/designs/fifo/tb/assertions.py\", line 188, in check_reset_clean_state\n                                                            assert dout == 0, (\n                                                        AssertionError: reset_clean_state violated at cycle 0: rst_n asserted but dout=0xff (expected 0)\n                                                        assert 255 == 0\n    50.00ns INFO     cocotb.regression                  **************************************************************************************\n                                                        ** TEST                          STATUS  SIM TIME (ns)  REAL TIME (s)  RATIO (ns/s) **\n                                                        **************************************************************************************\n                                                        ** test_top.fifo_tb_top           FAIL          50.00           0.01       4547.06  **\n                                                        **************************************************************************************\n                                                        ** TESTS=1 PASS=0 FAIL=1 SKIP=0                 50.00           0.01       4423.42  **\n                                                        **************************************************************************************\n- :0: Verilog $finish\nmake: *** [/home/ray/anaconda3/lib/python3.10/site-packages/cocotb_tools/makefiles/simulators/Makefile.verilator:74: /workspace/generated/designs/fifo/tb/.chia_sim/FifoTC007Test.xml] Error 1\n",
        "command": [
          "timeout",
          "--signal=TERM",
          "--kill-after=5",
          "60",
          "make",
          "-f",
          "/workspace/generated/designs/fifo/tb/.chia_sim/Makefile",
          "SIM=verilator",
          "TOPLEVEL_LANG=verilog",
          "TOPLEVEL=fifo",
          "COCOTB_TOPLEVEL=fifo",
          "MODULE=test_top",
          "COCOTB_TEST_MODULES=test_top",
          "VERILOG_SOURCES=/workspace/benchmarks/fifo/fifo.sv /workspace/generated/designs/fifo/rtl_verification/accepted/fifo.sv",
          "SIM_BUILD=/workspace/generated/designs/fifo/tb/.chia_sim/build/8c5aeec62e4d",
          "COCOTB_RESULTS_FILE=/workspace/generated/designs/fifo/tb/.chia_sim/FifoTC007Test.xml",
          "COCOTB_HDL_TIMEUNIT=1ns",
          "COCOTB_HDL_TIMEPRECISION=1ps",
          "BUILD_ARGS=-j 4"
        ],
        "test_name": "FifoTC007Test",
        "test_module": "test_top",
        "results_file": "/workspace/generated/designs/fifo/tb/.chia_sim/FifoTC007Test.xml",
        "results_file_exists": true
      },
      "FifoTC008Test": {
        "status": "runtime_error",
        "category": "runtime_error",
        "timed_out": false,
        "watchdog_expired": false,
        "returncode": 2,
        "counts": {
          "uvm_errors": 0,
          "uvm_fatals": 0,
          "uvm_warnings": 0,
          "scoreboard_mismatches": 0,
          "assertion_failures": 0
        },
        "clean_exit": false,
        "log": "rm -f /workspace/generated/designs/fifo/tb/.chia_sim/FifoTC008Test.xml\nrm -f /workspace/generated/designs/fifo/tb/.chia_sim/FifoTC008Test.xml\nCOCOTB_TEST_MODULES=test_top COCOTB_TESTCASE=  COCOTB_TOPLEVEL=fifo TOPLEVEL_LANG=verilog       \\\n         /workspace/generated/designs/fifo/tb/.chia_sim/build/8c5aeec62e4d/Vtop     \n     -.--ns INFO     gpi                                ../gpi/GpiCommon.cpp:242  in gpi_load_users                  Loaded entry library: '/home/ray/anaconda3/lib/libpython3.10.so.1.0'\n     -.--ns INFO     gpi                                ../gpi/GpiCommon.cpp:233  in gpi_load_users                  Running entry func 'initialize' from loaded library '/home/ray/anaconda3/lib/python3.10/site-packages/cocotb/simulator.cpython-310-x86_64-linux-gnu.so'\n     -.--ns INFO     pygpi                              ..ib/pygpi/embed.cpp:114  in initialize                      Using Python 3.10.19 interpreter at /home/ray/anaconda3/bin/python3\n     -.--ns INFO     gpi                                ../gpi/GpiCommon.cpp:74   in gpi_print_registered_impl       GPI: VPI support registered\n     0.00ns INFO     cocotb.initialize                  Seeding Python random module with 1789041580\n     0.00ns INFO     cocotb.initialize                  Initialized cocotb v2.1.0 from /home/ray/anaconda3/lib/python3.10/site-packages/cocotb\n     0.00ns INFO     cocotb.initialize                  Running on Verilator version 5.042 2025-11-02\n     0.00ns INFO     cocotb.regression                  Running tests\n     0.00ns INFO     cocotb.regression                  running test_top.fifo_tb_top (1/1)\n                                                            Single cocotb entry point \u2014 mirrors SV UVM's ``+UVM_TESTNAME`` flow.\n     0.00ns INFO     cocotb.fifo                        fifo_tb_top: UVM_TESTNAME=FifoTC008Test  DATA_WIDTH=8  DEPTH=4  CLK_HALF_PERIOD_NS=5  WATCHDOG_MAX_CYCLES=2000\n     0.00ns WARNING  py.warnings                        /workspace/generated/designs/fifo/tb/test_top.py:132: DeprecationWarning: Use `handle.set(Immediate(...))` or `handle.value = Immediate(...)` instead.\n                                                          dut.rst_n.setimmediatevalue(0)\n     0.00ns WARNING  py.warnings                        /workspace/generated/designs/fifo/tb/test_top.py:133: DeprecationWarning: Use `handle.set(Immediate(...))` or `handle.value = Immediate(...)` instead.\n                                                          dut.wr_en.setimmediatevalue(0)\n     0.00ns WARNING  py.warnings                        /workspace/generated/designs/fifo/tb/test_top.py:134: DeprecationWarning: Use `handle.set(Immediate(...))` or `handle.value = Immediate(...)` instead.\n                                                          dut.rd_en.setimmediatevalue(0)\n     0.00ns WARNING  py.warnings                        /workspace/generated/designs/fifo/tb/test_top.py:135: DeprecationWarning: Use `handle.set(Immediate(...))` or `handle.value = Immediate(...)` instead.\n                                                          dut.din.setimmediatevalue(0)\n    20.00ns WARNING  py.warnings                        /workspace/generated/designs/fifo/tb/test_top.py:137: DeprecationWarning: Use `handle.set(Immediate(...))` or `handle.value = Immediate(...)` instead.\n                                                          dut.rst_n.setimmediatevalue(1)\n    40.00ns INFO     ..ated/designs/fifo/tb/test.py(72) [uvm_test_top]: uvm_test_top: FifoEnv created\n    40.00ns INFO     ..rated/designs/fifo/tb/env.py(52) [uvm_test_top.fifo_env]: FifoEnv build_phase complete\n    40.00ns INFO     ..signs/fifo/tb/scoreboard.py(111) [uvm_test_top.fifo_env.fifo_scoreboard]: FifoScoreboard built (DATA_WIDTH=8, DEPTH=4)\n    40.00ns INFO     ..designs/fifo/tb/coverage.py(321) [uvm_test_top.fifo_env.fifo_coverage]: FifoCoverage built (DATA_WIDTH=8, DEPTH=4, count reachable=True)\n    40.00ns INFO     ..rated/designs/fifo/tb/env.py(67) [uvm_test_top.fifo_env]: FifoEnv connect_phase: agent.ap -> scoreboard + coverage\n    40.00ns INFO     ../designs/fifo/tb/monitor.py(115) [uvm_test_top.fifo_env.fifo_agent.fifo_monitor]: FifoMonitor started (DATA_WIDTH=8, DEPTH=4)\n    40.00ns WARNING  py.warnings                        /workspace/generated/designs/fifo/tb/dut_helper.py:115: DeprecationWarning: Use `handle.set(Immediate(...))` or `handle.value = Immediate(...)` instead.\n                                                          self.dut.wr_en.setimmediatevalue(int(wr_en) & 0x1)\n    40.00ns WARNING  py.warnings                        /workspace/generated/designs/fifo/tb/dut_helper.py:116: DeprecationWarning: Use `handle.set(Immediate(...))` or `handle.value = Immediate(...)` instead.\n                                                          self.dut.rd_en.setimmediatevalue(int(rd_en) & 0x1)\n    40.00ns WARNING  py.warnings                        /workspace/generated/designs/fifo/tb/dut_helper.py:118: DeprecationWarning: Use `handle.set(Immediate(...))` or `handle.value = Immediate(...)` instead.\n                                                          self.dut.din.setimmediatevalue(int(din) & mask)\n    40.00ns INFO     ..signs/fifo/tb/scoreboard.py(120) [uvm_test_top.fifo_env.fifo_scoreboard]: FifoScoreboard run_phase started\n    40.00ns WARNING  py.warnings                        /workspace/generated/designs/fifo/tb/sequences.py:112: DeprecationWarning: Use `handle.set(Immediate(...))` or `handle.value = Immediate(...)` instead.\n                                                          self.dut.rst_n.setimmediatevalue(0)\n    50.00ns WARNING  cocotb.regression                  test_top.fifo_tb_top failed\n                                                        Traceback (most recent call last):\n                                                          File \"/workspace/generated/designs/fifo/tb/assertions.py\", line 188, in check_reset_clean_state\n                                                            assert dout == 0, (\n                                                        AssertionError: reset_clean_state violated at cycle 0: rst_n asserted but dout=0xff (expected 0)\n                                                        assert 255 == 0\n    50.00ns INFO     cocotb.regression                  **************************************************************************************\n                                                        ** TEST                          STATUS  SIM TIME (ns)  REAL TIME (s)  RATIO (ns/s) **\n                                                        **************************************************************************************\n                                                        ** test_top.fifo_tb_top           FAIL          50.00           0.01       4517.22  **\n                                                        **************************************************************************************\n                                                        ** TESTS=1 PASS=0 FAIL=1 SKIP=0                 50.00           0.01       4393.02  **\n                                                        **************************************************************************************\n- :0: Verilog $finish\nmake: *** [/home/ray/anaconda3/lib/python3.10/site-packages/cocotb_tools/makefiles/simulators/Makefile.verilator:74: /workspace/generated/designs/fifo/tb/.chia_sim/FifoTC008Test.xml] Error 1\n",
        "command": [
          "timeout",
          "--signal=TERM",
          "--kill-after=5",
          "60",
          "make",
          "-f",
          "/workspace/generated/designs/fifo/tb/.chia_sim/Makefile",
          "SIM=verilator",
          "TOPLEVEL_LANG=verilog",
          "TOPLEVEL=fifo",
          "COCOTB_TOPLEVEL=fifo",
          "MODULE=test_top",
          "COCOTB_TEST_MODULES=test_top",
          "VERILOG_SOURCES=/workspace/benchmarks/fifo/fifo.sv /workspace/generated/designs/fifo/rtl_verification/accepted/fifo.sv",
          "SIM_BUILD=/workspace/generated/designs/fifo/tb/.chia_sim/build/8c5aeec62e4d",
          "COCOTB_RESULTS_FILE=/workspace/generated/designs/fifo/tb/.chia_sim/FifoTC008Test.xml",
          "COCOTB_HDL_TIMEUNIT=1ns",
          "COCOTB_HDL_TIMEPRECISION=1ps",
          "BUILD_ARGS=-j 4"
        ],
        "test_name": "FifoTC008Test",
        "test_module": "test_top",
        "results_file": "/workspace/generated/designs/fifo/tb/.chia_sim/FifoTC008Test.xml",
        "results_file_exists": true
      },
      "FifoTC009Test": {
        "status": "runtime_error",
        "category": "runtime_error",
        "timed_out": false,
        "watchdog_expired": false,
        "returncode": 2,
        "counts": {
          "uvm_errors": 0,
          "uvm_fatals": 0,
          "uvm_warnings": 0,
          "scoreboard_mismatches": 0,
          "assertion_failures": 0
        },
        "clean_exit": false,
        "log": "rm -f /workspace/generated/designs/fifo/tb/.chia_sim/FifoTC009Test.xml\nrm -f /workspace/generated/designs/fifo/tb/.chia_sim/FifoTC009Test.xml\nCOCOTB_TEST_MODULES=test_top COCOTB_TESTCASE=  COCOTB_TOPLEVEL=fifo TOPLEVEL_LANG=verilog       \\\n         /workspace/generated/designs/fifo/tb/.chia_sim/build/8c5aeec62e4d/Vtop     \n     -.--ns INFO     gpi                                ../gpi/GpiCommon.cpp:242  in gpi_load_users                  Loaded entry library: '/home/ray/anaconda3/lib/libpython3.10.so.1.0'\n     -.--ns INFO     gpi                                ../gpi/GpiCommon.cpp:233  in gpi_load_users                  Running entry func 'initialize' from loaded library '/home/ray/anaconda3/lib/python3.10/site-packages/cocotb/simulator.cpython-310-x86_64-linux-gnu.so'\n     -.--ns INFO     pygpi                              ..ib/pygpi/embed.cpp:114  in initialize                      Using Python 3.10.19 interpreter at /home/ray/anaconda3/bin/python3\n     -.--ns INFO     gpi                                ../gpi/GpiCommon.cpp:74   in gpi_print_registered_impl       GPI: VPI support registered\n     0.00ns INFO     cocotb.initialize                  Seeding Python random module with 1789041580\n     0.00ns INFO     cocotb.initialize                  Initialized cocotb v2.1.0 from /home/ray/anaconda3/lib/python3.10/site-packages/cocotb\n     0.00ns INFO     cocotb.initialize                  Running on Verilator version 5.042 2025-11-02\n     0.00ns INFO     cocotb.regression                  Running tests\n     0.00ns INFO     cocotb.regression                  running test_top.fifo_tb_top (1/1)\n                                                            Single cocotb entry point \u2014 mirrors SV UVM's ``+UVM_TESTNAME`` flow.\n     0.00ns INFO     cocotb.fifo                        fifo_tb_top: UVM_TESTNAME=FifoTC009Test  DATA_WIDTH=8  DEPTH=4  CLK_HALF_PERIOD_NS=5  WATCHDOG_MAX_CYCLES=2000\n     0.00ns WARNING  py.warnings                        /workspace/generated/designs/fifo/tb/test_top.py:132: DeprecationWarning: Use `handle.set(Immediate(...))` or `handle.value = Immediate(...)` instead.\n                                                          dut.rst_n.setimmediatevalue(0)\n     0.00ns WARNING  py.warnings                        /workspace/generated/designs/fifo/tb/test_top.py:133: DeprecationWarning: Use `handle.set(Immediate(...))` or `handle.value = Immediate(...)` instead.\n                                                          dut.wr_en.setimmediatevalue(0)\n     0.00ns WARNING  py.warnings                        /workspace/generated/designs/fifo/tb/test_top.py:134: DeprecationWarning: Use `handle.set(Immediate(...))` or `handle.value = Immediate(...)` instead.\n                                                          dut.rd_en.setimmediatevalue(0)\n     0.00ns WARNING  py.warnings                        /workspace/generated/designs/fifo/tb/test_top.py:135: DeprecationWarning: Use `handle.set(Immediate(...))` or `handle.value = Immediate(...)` instead.\n                                                          dut.din.setimmediatevalue(0)\n    20.00ns WARNING  py.warnings                        /workspace/generated/designs/fifo/tb/test_top.py:137: DeprecationWarning: Use `handle.set(Immediate(...))` or `handle.value = Immediate(...)` instead.\n                                                          dut.rst_n.setimmediatevalue(1)\n    40.00ns INFO     ..ated/designs/fifo/tb/test.py(72) [uvm_test_top]: uvm_test_top: FifoEnv created\n    40.00ns INFO     ..rated/designs/fifo/tb/env.py(52) [uvm_test_top.fifo_env]: FifoEnv build_phase complete\n    40.00ns INFO     ..signs/fifo/tb/scoreboard.py(111) [uvm_test_top.fifo_env.fifo_scoreboard]: FifoScoreboard built (DATA_WIDTH=8, DEPTH=4)\n    40.00ns INFO     ..designs/fifo/tb/coverage.py(321) [uvm_test_top.fifo_env.fifo_coverage]: FifoCoverage built (DATA_WIDTH=8, DEPTH=4, count reachable=True)\n    40.00ns INFO     ..rated/designs/fifo/tb/env.py(67) [uvm_test_top.fifo_env]: FifoEnv connect_phase: agent.ap -> scoreboard + coverage\n    40.00ns INFO     ../designs/fifo/tb/monitor.py(115) [uvm_test_top.fifo_env.fifo_agent.fifo_monitor]: FifoMonitor started (DATA_WIDTH=8, DEPTH=4)\n    40.00ns WARNING  py.warnings                        /workspace/generated/designs/fifo/tb/dut_helper.py:115: DeprecationWarning: Use `handle.set(Immediate(...))` or `handle.value = Immediate(...)` instead.\n                                                          self.dut.wr_en.setimmediatevalue(int(wr_en) & 0x1)\n    40.00ns WARNING  py.warnings                        /workspace/generated/designs/fifo/tb/dut_helper.py:116: DeprecationWarning: Use `handle.set(Immediate(...))` or `handle.value = Immediate(...)` instead.\n                                                          self.dut.rd_en.setimmediatevalue(int(rd_en) & 0x1)\n    40.00ns WARNING  py.warnings                        /workspace/generated/designs/fifo/tb/dut_helper.py:118: DeprecationWarning: Use `handle.set(Immediate(...))` or `handle.value = Immediate(...)` instead.\n                                                          self.dut.din.setimmediatevalue(int(din) & mask)\n    40.00ns INFO     ..signs/fifo/tb/scoreboard.py(120) [uvm_test_top.fifo_env.fifo_scoreboard]: FifoScoreboard run_phase started\n    40.00ns WARNING  py.warnings                        /workspace/generated/designs/fifo/tb/sequences.py:112: DeprecationWarning: Use `handle.set(Immediate(...))` or `handle.value = Immediate(...)` instead.\n                                                          self.dut.rst_n.setimmediatevalue(0)\n    50.00ns WARNING  cocotb.regression                  test_top.fifo_tb_top failed\n                                                        Traceback (most recent call last):\n                                                          File \"/workspace/generated/designs/fifo/tb/assertions.py\", line 188, in check_reset_clean_state\n                                                            assert dout == 0, (\n                                                        AssertionError: reset_clean_state violated at cycle 0: rst_n asserted but dout=0xff (expected 0)\n                                                        assert 255 == 0\n    50.00ns INFO     cocotb.regression                  **************************************************************************************\n                                                        ** TEST                          STATUS  SIM TIME (ns)  REAL TIME (s)  RATIO (ns/s) **\n                                                        **************************************************************************************\n                                                        ** test_top.fifo_tb_top           FAIL          50.00           0.01       4425.02  **\n                                                        **************************************************************************************\n                                                        ** TESTS=1 PASS=0 FAIL=1 SKIP=0                 50.00           0.01       4303.20  **\n                                                        **************************************************************************************\n- :0: Verilog $finish\nmake: *** [/home/ray/anaconda3/lib/python3.10/site-packages/cocotb_tools/makefiles/simulators/Makefile.verilator:74: /workspace/generated/designs/fifo/tb/.chia_sim/FifoTC009Test.xml] Error 1\n",
        "command": [
          "timeout",
          "--signal=TERM",
          "--kill-after=5",
          "60",
          "make",
          "-f",
          "/workspace/generated/designs/fifo/tb/.chia_sim/Makefile",
          "SIM=verilator",
          "TOPLEVEL_LANG=verilog",
          "TOPLEVEL=fifo",
          "COCOTB_TOPLEVEL=fifo",
          "MODULE=test_top",
          "COCOTB_TEST_MODULES=test_top",
          "VERILOG_SOURCES=/workspace/benchmarks/fifo/fifo.sv /workspace/generated/designs/fifo/rtl_verification/accepted/fifo.sv",
          "SIM_BUILD=/workspace/generated/designs/fifo/tb/.chia_sim/build/8c5aeec62e4d",
          "COCOTB_RESULTS_FILE=/workspace/generated/designs/fifo/tb/.chia_sim/FifoTC009Test.xml",
          "COCOTB_HDL_TIMEUNIT=1ns",
          "COCOTB_HDL_TIMEPRECISION=1ps",
          "BUILD_ARGS=-j 4"
        ],
        "test_name": "FifoTC009Test",
        "test_module": "test_top",
        "results_file": "/workspace/generated/designs/fifo/tb/.chia_sim/FifoTC009Test.xml",
        "results_file_exists": true
      },
      "FifoTC010Test": {
        "status": "runtime_error",
        "category": "runtime_error",
        "timed_out": false,
        "watchdog_expired": false,
        "returncode": 2,
        "counts": {
          "uvm_errors": 0,
          "uvm_fatals": 0,
          "uvm_warnings": 0,
          "scoreboard_mismatches": 0,
          "assertion_failures": 0
        },
        "clean_exit": false,
        "log": "rm -f /workspace/generated/designs/fifo/tb/.chia_sim/FifoTC010Test.xml\nrm -f /workspace/generated/designs/fifo/tb/.chia_sim/FifoTC010Test.xml\nCOCOTB_TEST_MODULES=test_top COCOTB_TESTCASE=  COCOTB_TOPLEVEL=fifo TOPLEVEL_LANG=verilog       \\\n         /workspace/generated/designs/fifo/tb/.chia_sim/build/8c5aeec62e4d/Vtop     \n     -.--ns INFO     gpi                                ../gpi/GpiCommon.cpp:242  in gpi_load_users                  Loaded entry library: '/home/ray/anaconda3/lib/libpython3.10.so.1.0'\n     -.--ns INFO     gpi                                ../gpi/GpiCommon.cpp:233  in gpi_load_users                  Running entry func 'initialize' from loaded library '/home/ray/anaconda3/lib/python3.10/site-packages/cocotb/simulator.cpython-310-x86_64-linux-gnu.so'\n     -.--ns INFO     pygpi                              ..ib/pygpi/embed.cpp:114  in initialize                      Using Python 3.10.19 interpreter at /home/ray/anaconda3/bin/python3\n     -.--ns INFO     gpi                                ../gpi/GpiCommon.cpp:74   in gpi_print_registered_impl       GPI: VPI support registered\n     0.00ns INFO     cocotb.initialize                  Seeding Python random module with 1789041581\n     0.00ns INFO     cocotb.initialize                  Initialized cocotb v2.1.0 from /home/ray/anaconda3/lib/python3.10/site-packages/cocotb\n     0.00ns INFO     cocotb.initialize                  Running on Verilator version 5.042 2025-11-02\n     0.00ns INFO     cocotb.regression                  Running tests\n     0.00ns INFO     cocotb.regression                  running test_top.fifo_tb_top (1/1)\n                                                            Single cocotb entry point \u2014 mirrors SV UVM's ``+UVM_TESTNAME`` flow.\n     0.00ns INFO     cocotb.fifo                        fifo_tb_top: UVM_TESTNAME=FifoTC010Test  DATA_WIDTH=8  DEPTH=4  CLK_HALF_PERIOD_NS=5  WATCHDOG_MAX_CYCLES=2000\n     0.00ns WARNING  py.warnings                        /workspace/generated/designs/fifo/tb/test_top.py:132: DeprecationWarning: Use `handle.set(Immediate(...))` or `handle.value = Immediate(...)` instead.\n                                                          dut.rst_n.setimmediatevalue(0)\n     0.00ns WARNING  py.warnings                        /workspace/generated/designs/fifo/tb/test_top.py:133: DeprecationWarning: Use `handle.set(Immediate(...))` or `handle.value = Immediate(...)` instead.\n                                                          dut.wr_en.setimmediatevalue(0)\n     0.00ns WARNING  py.warnings                        /workspace/generated/designs/fifo/tb/test_top.py:134: DeprecationWarning: Use `handle.set(Immediate(...))` or `handle.value = Immediate(...)` instead.\n                                                          dut.rd_en.setimmediatevalue(0)\n     0.00ns WARNING  py.warnings                        /workspace/generated/designs/fifo/tb/test_top.py:135: DeprecationWarning: Use `handle.set(Immediate(...))` or `handle.value = Immediate(...)` instead.\n                                                          dut.din.setimmediatevalue(0)\n    20.00ns WARNING  py.warnings                        /workspace/generated/designs/fifo/tb/test_top.py:137: DeprecationWarning: Use `handle.set(Immediate(...))` or `handle.value = Immediate(...)` instead.\n                                                          dut.rst_n.setimmediatevalue(1)\n    40.00ns INFO     ..ated/designs/fifo/tb/test.py(72) [uvm_test_top]: uvm_test_top: FifoEnv created\n    40.00ns INFO     ..rated/designs/fifo/tb/env.py(52) [uvm_test_top.fifo_env]: FifoEnv build_phase complete\n    40.00ns INFO     ..signs/fifo/tb/scoreboard.py(111) [uvm_test_top.fifo_env.fifo_scoreboard]: FifoScoreboard built (DATA_WIDTH=8, DEPTH=4)\n    40.00ns INFO     ..designs/fifo/tb/coverage.py(321) [uvm_test_top.fifo_env.fifo_coverage]: FifoCoverage built (DATA_WIDTH=8, DEPTH=4, count reachable=True)\n    40.00ns INFO     ..rated/designs/fifo/tb/env.py(67) [uvm_test_top.fifo_env]: FifoEnv connect_phase: agent.ap -> scoreboard + coverage\n    40.00ns INFO     ../designs/fifo/tb/monitor.py(115) [uvm_test_top.fifo_env.fifo_agent.fifo_monitor]: FifoMonitor started (DATA_WIDTH=8, DEPTH=4)\n    40.00ns WARNING  py.warnings                        /workspace/generated/designs/fifo/tb/dut_helper.py:115: DeprecationWarning: Use `handle.set(Immediate(...))` or `handle.value = Immediate(...)` instead.\n                                                          self.dut.wr_en.setimmediatevalue(int(wr_en) & 0x1)\n    40.00ns WARNING  py.warnings                        /workspace/generated/designs/fifo/tb/dut_helper.py:116: DeprecationWarning: Use `handle.set(Immediate(...))` or `handle.value = Immediate(...)` instead.\n                                                          self.dut.rd_en.setimmediatevalue(int(rd_en) & 0x1)\n    40.00ns WARNING  py.warnings                        /workspace/generated/designs/fifo/tb/dut_helper.py:118: DeprecationWarning: Use `handle.set(Immediate(...))` or `handle.value = Immediate(...)` instead.\n                                                          self.dut.din.setimmediatevalue(int(din) & mask)\n    40.00ns INFO     ..signs/fifo/tb/scoreboard.py(120) [uvm_test_top.fifo_env.fifo_scoreboard]: FifoScoreboard run_phase started\n    40.00ns WARNING  py.warnings                        /workspace/generated/designs/fifo/tb/sequences.py:112: DeprecationWarning: Use `handle.set(Immediate(...))` or `handle.value = Immediate(...)` instead.\n                                                          self.dut.rst_n.setimmediatevalue(0)\n    50.00ns WARNING  cocotb.regression                  test_top.fifo_tb_top failed\n                                                        Traceback (most recent call last):\n                                                          File \"/workspace/generated/designs/fifo/tb/assertions.py\", line 188, in check_reset_clean_state\n                                                            assert dout == 0, (\n                                                        AssertionError: reset_clean_state violated at cycle 0: rst_n asserted but dout=0xff (expected 0)\n                                                        assert 255 == 0\n    50.00ns INFO     cocotb.regression                  **************************************************************************************\n                                                        ** TEST                          STATUS  SIM TIME (ns)  REAL TIME (s)  RATIO (ns/s) **\n                                                        **************************************************************************************\n                                                        ** test_top.fifo_tb_top           FAIL          50.00           0.01       4609.66  **\n                                                        **************************************************************************************\n                                                        ** TESTS=1 PASS=0 FAIL=1 SKIP=0                 50.00           0.01       4484.08  **\n                                                        **************************************************************************************\n- :0: Verilog $finish\nmake: *** [/home/ray/anaconda3/lib/python3.10/site-packages/cocotb_tools/makefiles/simulators/Makefile.verilator:74: /workspace/generated/designs/fifo/tb/.chia_sim/FifoTC010Test.xml] Error 1\n",
        "command": [
          "timeout",
          "--signal=TERM",
          "--kill-after=5",
          "60",
          "make",
          "-f",
          "/workspace/generated/designs/fifo/tb/.chia_sim/Makefile",
          "SIM=verilator",
          "TOPLEVEL_LANG=verilog",
          "TOPLEVEL=fifo",
          "COCOTB_TOPLEVEL=fifo",
          "MODULE=test_top",
          "COCOTB_TEST_MODULES=test_top",
          "VERILOG_SOURCES=/workspace/benchmarks/fifo/fifo.sv /workspace/generated/designs/fifo/rtl_verification/accepted/fifo.sv",
          "SIM_BUILD=/workspace/generated/designs/fifo/tb/.chia_sim/build/8c5aeec62e4d",
          "COCOTB_RESULTS_FILE=/workspace/generated/designs/fifo/tb/.chia_sim/FifoTC010Test.xml",
          "COCOTB_HDL_TIMEUNIT=1ns",
          "COCOTB_HDL_TIMEPRECISION=1ps",
          "BUILD_ARGS=-j 4"
        ],
        "test_name": "FifoTC010Test",
        "test_module": "test_top",
        "results_file": "/workspace/generated/designs/fifo/tb/.chia_sim/FifoTC010Test.xml",
        "results_file_exists": true
      },
      "FifoCornerTest": {
        "status": "runtime_error",
        "category": "runtime_error",
        "timed_out": false,
        "watchdog_expired": false,
        "returncode": 2,
        "counts": {
          "uvm_errors": 0,
          "uvm_fatals": 0,
          "uvm_warnings": 0,
          "scoreboard_mismatches": 0,
          "assertion_failures": 0
        },
        "clean_exit": false,
        "log": "rm -f /workspace/generated/designs/fifo/tb/.chia_sim/FifoCornerTest.xml\nrm -f /workspace/generated/designs/fifo/tb/.chia_sim/FifoCornerTest.xml\nCOCOTB_TEST_MODULES=test_top COCOTB_TESTCASE=  COCOTB_TOPLEVEL=fifo TOPLEVEL_LANG=verilog       \\\n         /workspace/generated/designs/fifo/tb/.chia_sim/build/8c5aeec62e4d/Vtop     \n     -.--ns INFO     gpi                                ../gpi/GpiCommon.cpp:242  in gpi_load_users                  Loaded entry library: '/home/ray/anaconda3/lib/libpython3.10.so.1.0'\n     -.--ns INFO     gpi                                ../gpi/GpiCommon.cpp:233  in gpi_load_users                  Running entry func 'initialize' from loaded library '/home/ray/anaconda3/lib/python3.10/site-packages/cocotb/simulator.cpython-310-x86_64-linux-gnu.so'\n     -.--ns INFO     pygpi                              ..ib/pygpi/embed.cpp:114  in initialize                      Using Python 3.10.19 interpreter at /home/ray/anaconda3/bin/python3\n     -.--ns INFO     gpi                                ../gpi/GpiCommon.cpp:74   in gpi_print_registered_impl       GPI: VPI support registered\n     0.00ns INFO     cocotb.initialize                  Seeding Python random module with 1789041581\n     0.00ns INFO     cocotb.initialize                  Initialized cocotb v2.1.0 from /home/ray/anaconda3/lib/python3.10/site-packages/cocotb\n     0.00ns INFO     cocotb.initialize                  Running on Verilator version 5.042 2025-11-02\n     0.00ns INFO     cocotb.regression                  Running tests\n     0.00ns INFO     cocotb.regression                  running test_top.fifo_tb_top (1/1)\n                                                            Single cocotb entry point \u2014 mirrors SV UVM's ``+UVM_TESTNAME`` flow.\n     0.00ns INFO     cocotb.fifo                        fifo_tb_top: UVM_TESTNAME=FifoCornerTest  DATA_WIDTH=8  DEPTH=4  CLK_HALF_PERIOD_NS=5  WATCHDOG_MAX_CYCLES=2000\n     0.00ns WARNING  py.warnings                        /workspace/generated/designs/fifo/tb/test_top.py:132: DeprecationWarning: Use `handle.set(Immediate(...))` or `handle.value = Immediate(...)` instead.\n                                                          dut.rst_n.setimmediatevalue(0)\n     0.00ns WARNING  py.warnings                        /workspace/generated/designs/fifo/tb/test_top.py:133: DeprecationWarning: Use `handle.set(Immediate(...))` or `handle.value = Immediate(...)` instead.\n                                                          dut.wr_en.setimmediatevalue(0)\n     0.00ns WARNING  py.warnings                        /workspace/generated/designs/fifo/tb/test_top.py:134: DeprecationWarning: Use `handle.set(Immediate(...))` or `handle.value = Immediate(...)` instead.\n                                                          dut.rd_en.setimmediatevalue(0)\n     0.00ns WARNING  py.warnings                        /workspace/generated/designs/fifo/tb/test_top.py:135: DeprecationWarning: Use `handle.set(Immediate(...))` or `handle.value = Immediate(...)` instead.\n                                                          dut.din.setimmediatevalue(0)\n    20.00ns WARNING  py.warnings                        /workspace/generated/designs/fifo/tb/test_top.py:137: DeprecationWarning: Use `handle.set(Immediate(...))` or `handle.value = Immediate(...)` instead.\n                                                          dut.rst_n.setimmediatevalue(1)\n    40.00ns INFO     ..ated/designs/fifo/tb/test.py(72) [uvm_test_top]: uvm_test_top: FifoEnv created\n    40.00ns INFO     ..rated/designs/fifo/tb/env.py(52) [uvm_test_top.fifo_env]: FifoEnv build_phase complete\n    40.00ns INFO     ..signs/fifo/tb/scoreboard.py(111) [uvm_test_top.fifo_env.fifo_scoreboard]: FifoScoreboard built (DATA_WIDTH=8, DEPTH=4)\n    40.00ns INFO     ..designs/fifo/tb/coverage.py(321) [uvm_test_top.fifo_env.fifo_coverage]: FifoCoverage built (DATA_WIDTH=8, DEPTH=4, count reachable=True)\n    40.00ns INFO     ..rated/designs/fifo/tb/env.py(67) [uvm_test_top.fifo_env]: FifoEnv connect_phase: agent.ap -> scoreboard + coverage\n    40.00ns INFO     ../designs/fifo/tb/monitor.py(115) [uvm_test_top.fifo_env.fifo_agent.fifo_monitor]: FifoMonitor started (DATA_WIDTH=8, DEPTH=4)\n    40.00ns WARNING  py.warnings                        /workspace/generated/designs/fifo/tb/dut_helper.py:115: DeprecationWarning: Use `handle.set(Immediate(...))` or `handle.value = Immediate(...)` instead.\n                                                          self.dut.wr_en.setimmediatevalue(int(wr_en) & 0x1)\n    40.00ns WARNING  py.warnings                        /workspace/generated/designs/fifo/tb/dut_helper.py:116: DeprecationWarning: Use `handle.set(Immediate(...))` or `handle.value = Immediate(...)` instead.\n                                                          self.dut.rd_en.setimmediatevalue(int(rd_en) & 0x1)\n    40.00ns WARNING  py.warnings                        /workspace/generated/designs/fifo/tb/dut_helper.py:118: DeprecationWarning: Use `handle.set(Immediate(...))` or `handle.value = Immediate(...)` instead.\n                                                          self.dut.din.setimmediatevalue(int(din) & mask)\n    40.00ns INFO     ..signs/fifo/tb/scoreboard.py(120) [uvm_test_top.fifo_env.fifo_scoreboard]: FifoScoreboard run_phase started\n    40.00ns WARNING  py.warnings                        /workspace/generated/designs/fifo/tb/sequences.py:112: DeprecationWarning: Use `handle.set(Immediate(...))` or `handle.value = Immediate(...)` instead.\n                                                          self.dut.rst_n.setimmediatevalue(0)\n    50.00ns WARNING  cocotb.regression                  test_top.fifo_tb_top failed\n                                                        Traceback (most recent call last):\n                                                          File \"/workspace/generated/designs/fifo/tb/assertions.py\", line 188, in check_reset_clean_state\n                                                            assert dout == 0, (\n                                                        AssertionError: reset_clean_state violated at cycle 0: rst_n asserted but dout=0xff (expected 0)\n                                                        assert 255 == 0\n    50.00ns INFO     cocotb.regression                  **************************************************************************************\n                                                        ** TEST                          STATUS  SIM TIME (ns)  REAL TIME (s)  RATIO (ns/s) **\n                                                        **************************************************************************************\n                                                        ** test_top.fifo_tb_top           FAIL          50.00           0.01       4503.82  **\n                                                        **************************************************************************************\n                                                        ** TESTS=1 PASS=0 FAIL=1 SKIP=0                 50.00           0.01       4373.18  **\n                                                        **************************************************************************************\n- :0: Verilog $finish\nmake: *** [/home/ray/anaconda3/lib/python3.10/site-packages/cocotb_tools/makefiles/simulators/Makefile.verilator:74: /workspace/generated/designs/fifo/tb/.chia_sim/FifoCornerTest.xml] Error 1\n",
        "command": [
          "timeout",
          "--signal=TERM",
          "--kill-after=5",
          "60",
          "make",
          "-f",
          "/workspace/generated/designs/fifo/tb/.chia_sim/Makefile",
          "SIM=verilator",
          "TOPLEVEL_LANG=verilog",
          "TOPLEVEL=fifo",
          "COCOTB_TOPLEVEL=fifo",
          "MODULE=test_top",
          "COCOTB_TEST_MODULES=test_top",
          "VERILOG_SOURCES=/workspace/benchmarks/fifo/fifo.sv /workspace/generated/designs/fifo/rtl_verification/accepted/fifo.sv",
          "SIM_BUILD=/workspace/generated/designs/fifo/tb/.chia_sim/build/8c5aeec62e4d",
          "COCOTB_RESULTS_FILE=/workspace/generated/designs/fifo/tb/.chia_sim/FifoCornerTest.xml",
          "COCOTB_HDL_TIMEUNIT=1ns",
          "COCOTB_HDL_TIMEPRECISION=1ps",
          "BUILD_ARGS=-j 4"
        ],
        "test_name": "FifoCornerTest",
        "test_module": "test_top",
        "results_file": "/workspace/generated/designs/fifo/tb/.chia_sim/FifoCornerTest.xml",
        "results_file_exists": true
      },
      "FifoBackToBackTest": {
        "status": "runtime_error",
        "category": "runtime_error",
        "timed_out": false,
        "watchdog_expired": false,
        "returncode": 2,
        "counts": {
          "uvm_errors": 0,
          "uvm_fatals": 0,
          "uvm_warnings": 0,
          "scoreboard_mismatches": 0,
          "assertion_failures": 0
        },
        "clean_exit": false,
        "log": "rm -f /workspace/generated/designs/fifo/tb/.chia_sim/FifoBackToBackTest.xml\nrm -f /workspace/generated/designs/fifo/tb/.chia_sim/FifoBackToBackTest.xml\nCOCOTB_TEST_MODULES=test_top COCOTB_TESTCASE=  COCOTB_TOPLEVEL=fifo TOPLEVEL_LANG=verilog       \\\n         /workspace/generated/designs/fifo/tb/.chia_sim/build/8c5aeec62e4d/Vtop     \n     -.--ns INFO     gpi                                ../gpi/GpiCommon.cpp:242  in gpi_load_users                  Loaded entry library: '/home/ray/anaconda3/lib/libpython3.10.so.1.0'\n     -.--ns INFO     gpi                                ../gpi/GpiCommon.cpp:233  in gpi_load_users                  Running entry func 'initialize' from loaded library '/home/ray/anaconda3/lib/python3.10/site-packages/cocotb/simulator.cpython-310-x86_64-linux-gnu.so'\n     -.--ns INFO     pygpi                              ..ib/pygpi/embed.cpp:114  in initialize                      Using Python 3.10.19 interpreter at /home/ray/anaconda3/bin/python3\n     -.--ns INFO     gpi                                ../gpi/GpiCommon.cpp:74   in gpi_print_registered_impl       GPI: VPI support registered\n     0.00ns INFO     cocotb.initialize                  Seeding Python random module with 1789041582\n     0.00ns INFO     cocotb.initialize                  Initialized cocotb v2.1.0 from /home/ray/anaconda3/lib/python3.10/site-packages/cocotb\n     0.00ns INFO     cocotb.initialize                  Running on Verilator version 5.042 2025-11-02\n     0.00ns INFO     cocotb.regression                  Running tests\n     0.00ns INFO     cocotb.regression                  running test_top.fifo_tb_top (1/1)\n                                                            Single cocotb entry point \u2014 mirrors SV UVM's ``+UVM_TESTNAME`` flow.\n     0.00ns INFO     cocotb.fifo                        fifo_tb_top: UVM_TESTNAME=FifoBackToBackTest  DATA_WIDTH=8  DEPTH=4  CLK_HALF_PERIOD_NS=5  WATCHDOG_MAX_CYCLES=2000\n     0.00ns WARNING  py.warnings                        /workspace/generated/designs/fifo/tb/test_top.py:132: DeprecationWarning: Use `handle.set(Immediate(...))` or `handle.value = Immediate(...)` instead.\n                                                          dut.rst_n.setimmediatevalue(0)\n     0.00ns WARNING  py.warnings                        /workspace/generated/designs/fifo/tb/test_top.py:133: DeprecationWarning: Use `handle.set(Immediate(...))` or `handle.value = Immediate(...)` instead.\n                                                          dut.wr_en.setimmediatevalue(0)\n     0.00ns WARNING  py.warnings                        /workspace/generated/designs/fifo/tb/test_top.py:134: DeprecationWarning: Use `handle.set(Immediate(...))` or `handle.value = Immediate(...)` instead.\n                                                          dut.rd_en.setimmediatevalue(0)\n     0.00ns WARNING  py.warnings                        /workspace/generated/designs/fifo/tb/test_top.py:135: DeprecationWarning: Use `handle.set(Immediate(...))` or `handle.value = Immediate(...)` instead.\n                                                          dut.din.setimmediatevalue(0)\n    20.00ns WARNING  py.warnings                        /workspace/generated/designs/fifo/tb/test_top.py:137: DeprecationWarning: Use `handle.set(Immediate(...))` or `handle.value = Immediate(...)` instead.\n                                                          dut.rst_n.setimmediatevalue(1)\n    40.00ns INFO     ..ated/designs/fifo/tb/test.py(72) [uvm_test_top]: uvm_test_top: FifoEnv created\n    40.00ns INFO     ..rated/designs/fifo/tb/env.py(52) [uvm_test_top.fifo_env]: FifoEnv build_phase complete\n    40.00ns INFO     ..signs/fifo/tb/scoreboard.py(111) [uvm_test_top.fifo_env.fifo_scoreboard]: FifoScoreboard built (DATA_WIDTH=8, DEPTH=4)\n    40.00ns INFO     ..designs/fifo/tb/coverage.py(321) [uvm_test_top.fifo_env.fifo_coverage]: FifoCoverage built (DATA_WIDTH=8, DEPTH=4, count reachable=True)\n    40.00ns INFO     ..rated/designs/fifo/tb/env.py(67) [uvm_test_top.fifo_env]: FifoEnv connect_phase: agent.ap -> scoreboard + coverage\n    40.00ns INFO     ../designs/fifo/tb/monitor.py(115) [uvm_test_top.fifo_env.fifo_agent.fifo_monitor]: FifoMonitor started (DATA_WIDTH=8, DEPTH=4)\n    40.00ns WARNING  py.warnings                        /workspace/generated/designs/fifo/tb/dut_helper.py:115: DeprecationWarning: Use `handle.set(Immediate(...))` or `handle.value = Immediate(...)` instead.\n                                                          self.dut.wr_en.setimmediatevalue(int(wr_en) & 0x1)\n    40.00ns WARNING  py.warnings                        /workspace/generated/designs/fifo/tb/dut_helper.py:116: DeprecationWarning: Use `handle.set(Immediate(...))` or `handle.value = Immediate(...)` instead.\n                                                          self.dut.rd_en.setimmediatevalue(int(rd_en) & 0x1)\n    40.00ns WARNING  py.warnings                        /workspace/generated/designs/fifo/tb/dut_helper.py:118: DeprecationWarning: Use `handle.set(Immediate(...))` or `handle.value = Immediate(...)` instead.\n                                                          self.dut.din.setimmediatevalue(int(din) & mask)\n    40.00ns INFO     ..signs/fifo/tb/scoreboard.py(120) [uvm_test_top.fifo_env.fifo_scoreboard]: FifoScoreboard run_phase started\n    40.00ns WARNING  py.warnings                        /workspace/generated/designs/fifo/tb/sequences.py:112: DeprecationWarning: Use `handle.set(Immediate(...))` or `handle.value = Immediate(...)` instead.\n                                                          self.dut.rst_n.setimmediatevalue(0)\n    50.00ns WARNING  cocotb.regression                  test_top.fifo_tb_top failed\n                                                        Traceback (most recent call last):\n                                                          File \"/workspace/generated/designs/fifo/tb/assertions.py\", line 188, in check_reset_clean_state\n                                                            assert dout == 0, (\n                                                        AssertionError: reset_clean_state violated at cycle 0: rst_n asserted but dout=0xff (expected 0)\n                                                        assert 255 == 0\n    50.00ns INFO     cocotb.regression                  **************************************************************************************\n                                                        ** TEST                          STATUS  SIM TIME (ns)  REAL TIME (s)  RATIO (ns/s) **\n                                                        **************************************************************************************\n                                                        ** test_top.fifo_tb_top           FAIL          50.00           0.01       4593.22  **\n                                                        **************************************************************************************\n                                                        ** TESTS=1 PASS=0 FAIL=1 SKIP=0                 50.00           0.01       4465.92  **\n                                                        **************************************************************************************\n- :0: Verilog $finish\nmake: *** [/home/ray/anaconda3/lib/python3.10/site-packages/cocotb_tools/makefiles/simulators/Makefile.verilator:74: /workspace/generated/designs/fifo/tb/.chia_sim/FifoBackToBackTest.xml] Error 1\n",
        "command": [
          "timeout",
          "--signal=TERM",
          "--kill-after=5",
          "60",
          "make",
          "-f",
          "/workspace/generated/designs/fifo/tb/.chia_sim/Makefile",
          "SIM=verilator",
          "TOPLEVEL_LANG=verilog",
          "TOPLEVEL=fifo",
          "COCOTB_TOPLEVEL=fifo",
          "MODULE=test_top",
          "COCOTB_TEST_MODULES=test_top",
          "VERILOG_SOURCES=/workspace/benchmarks/fifo/fifo.sv /workspace/generated/designs/fifo/rtl_verification/accepted/fifo.sv",
          "SIM_BUILD=/workspace/generated/designs/fifo/tb/.chia_sim/build/8c5aeec62e4d",
          "COCOTB_RESULTS_FILE=/workspace/generated/designs/fifo/tb/.chia_sim/FifoBackToBackTest.xml",
          "COCOTB_HDL_TIMEUNIT=1ns",
          "COCOTB_HDL_TIMEPRECISION=1ps",
          "BUILD_ARGS=-j 4"
        ],
        "test_name": "FifoBackToBackTest",
        "test_module": "test_top",
        "results_file": "/workspace/generated/designs/fifo/tb/.chia_sim/FifoBackToBackTest.xml",
        "results_file_exists": true
      },
      "FifoRandomizedTest": {
        "status": "runtime_error",
        "category": "runtime_error",
        "timed_out": false,
        "watchdog_expired": false,
        "returncode": 2,
        "counts": {
          "uvm_errors": 0,
          "uvm_fatals": 0,
          "uvm_warnings": 0,
          "scoreboard_mismatches": 0,
          "assertion_failures": 0
        },
        "clean_exit": false,
        "log": "rm -f /workspace/generated/designs/fifo/tb/.chia_sim/FifoRandomizedTest.xml\nrm -f /workspace/generated/designs/fifo/tb/.chia_sim/FifoRandomizedTest.xml\nCOCOTB_TEST_MODULES=test_top COCOTB_TESTCASE=  COCOTB_TOPLEVEL=fifo TOPLEVEL_LANG=verilog       \\\n         /workspace/generated/designs/fifo/tb/.chia_sim/build/8c5aeec62e4d/Vtop     \n     -.--ns INFO     gpi                                ../gpi/GpiCommon.cpp:242  in gpi_load_users                  Loaded entry library: '/home/ray/anaconda3/lib/libpython3.10.so.1.0'\n     -.--ns INFO     gpi                                ../gpi/GpiCommon.cpp:233  in gpi_load_users                  Running entry func 'initialize' from loaded library '/home/ray/anaconda3/lib/python3.10/site-packages/cocotb/simulator.cpython-310-x86_64-linux-gnu.so'\n     -.--ns INFO     pygpi                              ..ib/pygpi/embed.cpp:114  in initialize                      Using Python 3.10.19 interpreter at /home/ray/anaconda3/bin/python3\n     -.--ns INFO     gpi                                ../gpi/GpiCommon.cpp:74   in gpi_print_registered_impl       GPI: VPI support registered\n     0.00ns INFO     cocotb.initialize                  Seeding Python random module with 1789041582\n     0.00ns INFO     cocotb.initialize                  Initialized cocotb v2.1.0 from /home/ray/anaconda3/lib/python3.10/site-packages/cocotb\n     0.00ns INFO     cocotb.initialize                  Running on Verilator version 5.042 2025-11-02\n     0.00ns INFO     cocotb.regression                  Running tests\n     0.00ns INFO     cocotb.regression                  running test_top.fifo_tb_top (1/1)\n                                                            Single cocotb entry point \u2014 mirrors SV UVM's ``+UVM_TESTNAME`` flow.\n     0.00ns INFO     cocotb.fifo                        fifo_tb_top: UVM_TESTNAME=FifoRandomizedTest  DATA_WIDTH=8  DEPTH=4  CLK_HALF_PERIOD_NS=5  WATCHDOG_MAX_CYCLES=2000\n     0.00ns WARNING  py.warnings                        /workspace/generated/designs/fifo/tb/test_top.py:132: DeprecationWarning: Use `handle.set(Immediate(...))` or `handle.value = Immediate(...)` instead.\n                                                          dut.rst_n.setimmediatevalue(0)\n     0.00ns WARNING  py.warnings                        /workspace/generated/designs/fifo/tb/test_top.py:133: DeprecationWarning: Use `handle.set(Immediate(...))` or `handle.value = Immediate(...)` instead.\n                                                          dut.wr_en.setimmediatevalue(0)\n     0.00ns WARNING  py.warnings                        /workspace/generated/designs/fifo/tb/test_top.py:134: DeprecationWarning: Use `handle.set(Immediate(...))` or `handle.value = Immediate(...)` instead.\n                                                          dut.rd_en.setimmediatevalue(0)\n     0.00ns WARNING  py.warnings                        /workspace/generated/designs/fifo/tb/test_top.py:135: DeprecationWarning: Use `handle.set(Immediate(...))` or `handle.value = Immediate(...)` instead.\n                                                          dut.din.setimmediatevalue(0)\n    20.00ns WARNING  py.warnings                        /workspace/generated/designs/fifo/tb/test_top.py:137: DeprecationWarning: Use `handle.set(Immediate(...))` or `handle.value = Immediate(...)` instead.\n                                                          dut.rst_n.setimmediatevalue(1)\n    40.00ns INFO     ..ated/designs/fifo/tb/test.py(72) [uvm_test_top]: uvm_test_top: FifoEnv created\n    40.00ns INFO     ..rated/designs/fifo/tb/env.py(52) [uvm_test_top.fifo_env]: FifoEnv build_phase complete\n    40.00ns INFO     ..signs/fifo/tb/scoreboard.py(111) [uvm_test_top.fifo_env.fifo_scoreboard]: FifoScoreboard built (DATA_WIDTH=8, DEPTH=4)\n    40.00ns INFO     ..designs/fifo/tb/coverage.py(321) [uvm_test_top.fifo_env.fifo_coverage]: FifoCoverage built (DATA_WIDTH=8, DEPTH=4, count reachable=True)\n    40.00ns INFO     ..rated/designs/fifo/tb/env.py(67) [uvm_test_top.fifo_env]: FifoEnv connect_phase: agent.ap -> scoreboard + coverage\n    40.00ns INFO     ../designs/fifo/tb/monitor.py(115) [uvm_test_top.fifo_env.fifo_agent.fifo_monitor]: FifoMonitor started (DATA_WIDTH=8, DEPTH=4)\n    40.00ns WARNING  py.warnings                        /workspace/generated/designs/fifo/tb/dut_helper.py:115: DeprecationWarning: Use `handle.set(Immediate(...))` or `handle.value = Immediate(...)` instead.\n                                                          self.dut.wr_en.setimmediatevalue(int(wr_en) & 0x1)\n    40.00ns WARNING  py.warnings                        /workspace/generated/designs/fifo/tb/dut_helper.py:116: DeprecationWarning: Use `handle.set(Immediate(...))` or `handle.value = Immediate(...)` instead.\n                                                          self.dut.rd_en.setimmediatevalue(int(rd_en) & 0x1)\n    40.00ns WARNING  py.warnings                        /workspace/generated/designs/fifo/tb/dut_helper.py:118: DeprecationWarning: Use `handle.set(Immediate(...))` or `handle.value = Immediate(...)` instead.\n                                                          self.dut.din.setimmediatevalue(int(din) & mask)\n    40.00ns INFO     ..signs/fifo/tb/scoreboard.py(120) [uvm_test_top.fifo_env.fifo_scoreboard]: FifoScoreboard run_phase started\n    40.00ns WARNING  py.warnings                        /workspace/generated/designs/fifo/tb/sequences.py:112: DeprecationWarning: Use `handle.set(Immediate(...))` or `handle.value = Immediate(...)` instead.\n                                                          self.dut.rst_n.setimmediatevalue(0)\n    50.00ns WARNING  cocotb.regression                  test_top.fifo_tb_top failed\n                                                        Traceback (most recent call last):\n                                                          File \"/workspace/generated/designs/fifo/tb/assertions.py\", line 188, in check_reset_clean_state\n                                                            assert dout == 0, (\n                                                        AssertionError: reset_clean_state violated at cycle 0: rst_n asserted but dout=0xff (expected 0)\n                                                        assert 255 == 0\n    50.00ns INFO     cocotb.regression                  **************************************************************************************\n                                                        ** TEST                          STATUS  SIM TIME (ns)  REAL TIME (s)  RATIO (ns/s) **\n                                                        **************************************************************************************\n                                                        ** test_top.fifo_tb_top           FAIL          50.00           0.01       4491.36  **\n                                                        **************************************************************************************\n                                                        ** TESTS=1 PASS=0 FAIL=1 SKIP=0                 50.00           0.01       4355.97  **\n                                                        **************************************************************************************\n- :0: Verilog $finish\nmake: *** [/home/ray/anaconda3/lib/python3.10/site-packages/cocotb_tools/makefiles/simulators/Makefile.verilator:74: /workspace/generated/designs/fifo/tb/.chia_sim/FifoRandomizedTest.xml] Error 1\n",
        "command": [
          "timeout",
          "--signal=TERM",
          "--kill-after=5",
          "60",
          "make",
          "-f",
          "/workspace/generated/designs/fifo/tb/.chia_sim/Makefile",
          "SIM=verilator",
          "TOPLEVEL_LANG=verilog",
          "TOPLEVEL=fifo",
          "COCOTB_TOPLEVEL=fifo",
          "MODULE=test_top",
          "COCOTB_TEST_MODULES=test_top",
          "VERILOG_SOURCES=/workspace/benchmarks/fifo/fifo.sv /workspace/generated/designs/fifo/rtl_verification/accepted/fifo.sv",
          "SIM_BUILD=/workspace/generated/designs/fifo/tb/.chia_sim/build/8c5aeec62e4d",
          "COCOTB_RESULTS_FILE=/workspace/generated/designs/fifo/tb/.chia_sim/FifoRandomizedTest.xml",
          "COCOTB_HDL_TIMEUNIT=1ns",
          "COCOTB_HDL_TIMEPRECISION=1ps",
          "BUILD_ARGS=-j 4"
        ],
        "test_name": "FifoRandomizedTest",
        "test_module": "test_top",
        "results_file": "/workspace/generated/designs/fifo/tb/.chia_sim/FifoRandomizedTest.xml",
        "results_file_exists": true
      }
    }
  }
}
[36m(simulate pid=288)[0m Wrote /workspace/generated/designs/fifo/rtl_verification/results/iteration_01.json
[36m(_ToolServerActor pid=20377)[0m INFO:     Started server process [20377]
[36m(_ToolServerActor pid=20377)[0m INFO:     Waiting for application startup.
[36m(_ToolServerActor pid=20377)[0m INFO:     Application startup complete.
[36m(_ToolServerActor pid=20377)[0m INFO:     Uvicorn running on http://172.16.36.107:8000 (Press CTRL+C to quit)
verification_improvement_workspace started at 172.16.36.107:8000 on node 221820a386e2b780fe593d4059ab055ef4f6162ea9f3758bc72c6a71
OpenCodeLLM is experimental: only exercised by unit tests so far, not validated in production.
[36m(_ToolServerActor pid=20377)[0m INFO:     172.16.36.107:37394 - "POST /verification_improvement_workspace/mcp HTTP/1.1" 200 OK
[36m(_ToolServerActor pid=20377)[0m INFO:     172.16.36.107:37394 - "POST /verification_improvement_workspace/mcp HTTP/1.1" 202 Accepted
[36m(_ToolServerActor pid=20377)[0m INFO:     172.16.36.107:37394 - "GET /verification_improvement_workspace/mcp HTTP/1.1" 200 OK
[36m(_ToolServerActor pid=20377)[0m INFO:     172.16.36.107:37408 - "POST /verification_improvement_workspace/mcp HTTP/1.1" 200 OK
[36m(_ToolServerActor pid=20377)[0m INFO:     Shutting down

===== RTL REPAIR DECISION =====
schema_version: '1.0'
action: repair
root_cause: RTL resets dout to all-ones ('1) instead of clearing it to zero, violating
  the specification, reference model, and verification plan.
evidence:
- 'TC001 XML assertion failure: ''reset_clean_state violated at cycle 0: rst_n asserted
  but dout=0xff (expected 0); assert 255 == 0'''
- 'RTL line 25: ''dout <= ''1'' sets dout to all-ones (0xFF for DATA_WIDTH=8) during
  asynchronous reset'
- "Specification states: 'Reset asynchronously clears the FIFO state, makes empty=1,\
  \ full=0, and clears dout' \u2014 'clears' means dout=0"
- Verification plan reset_value for dout is 0
- 'Reference model reset() returns {''queue'': deque(), ''dout'': 0}'
- All 13 tests fail identically with runtime_error/returncode=2 because the cocotb
  assertion checker fires on every test's first reset phase, before any FIFO operations
  occur
- No scoreboard mismatches or UVM errors occur because the cocotb assertion check
  in assertions.py aborts the test before UVM run_phase logic executes
confidence: high
changes:
- file: rtl.sv
  action: modify
  instructions:
  - 'Line 25: Change ''dout   <= ''1;'' to ''dout   <= ''0;'' to clear dout to zero
    on reset, matching the specification, verification plan, and reference model'

[36m(_ToolServerActor pid=20377)[0m INFO:     Waiting for application shutdown.
[36m(_ToolServerActor pid=20377)[0m INFO:     Application shutdown complete.
[36m(_ToolServerActor pid=20377)[0m INFO:     Finished server process [20377]
[36m(_ToolServerActor pid=20437)[0m INFO:     Started server process [20437]
[36m(_ToolServerActor pid=20437)[0m INFO:     Waiting for application startup.
[36m(_ToolServerActor pid=20437)[0m INFO:     Application startup complete.
[36m(_ToolServerActor pid=20437)[0m INFO:     Uvicorn running on http://172.16.36.107:8000 (Press CTRL+C to quit)
verification_improvement_workspace started at 172.16.36.107:8000 on node 221820a386e2b780fe593d4059ab055ef4f6162ea9f3758bc72c6a71
OpenCodeLLM is experimental: only exercised by unit tests so far, not validated in production.
[36m(_ToolServerActor pid=20437)[0m INFO:     172.16.36.107:60094 - "POST /verification_improvement_workspace/mcp HTTP/1.1" 200 OK
[36m(_ToolServerActor pid=20437)[0m INFO:     172.16.36.107:60094 - "POST /verification_improvement_workspace/mcp HTTP/1.1" 202 Accepted
[36m(_ToolServerActor pid=20437)[0m INFO:     172.16.36.107:60094 - "GET /verification_improvement_workspace/mcp HTTP/1.1" 200 OK
[36m(_ToolServerActor pid=20437)[0m INFO:     172.16.36.107:60108 - "POST /verification_improvement_workspace/mcp HTTP/1.1" 200 OK
[36m(_ToolServerActor pid=20437)[0m INFO:     Shutting down

===== RTL CANDIDATE VERIFICATION =====
  Candidate RTL: /home/auralab/nwark/chia_sept7_for_multi_rtl_with_multi_llm/for_multiple_rtl_updation_generalized/generated/designs/fifo/rtl_verification/candidates/iteration_01/fifo.sv
  Benchmark RTL remains untouched: /home/auralab/nwark/chia_sept7_for_multi_rtl_with_multi_llm/for_multiple_rtl_updation_generalized/benchmarks/fifo/fifo.sv
[36m(_ToolServerActor pid=20437)[0m INFO:     Waiting for application shutdown.
[36m(_ToolServerActor pid=20437)[0m INFO:     Application shutdown complete.
[36m(_ToolServerActor pid=20437)[0m INFO:     Finished server process [20437]
[36m(simulate pid=288)[0m Wrote /workspace/generated/designs/fifo/rtl_verification/results/candidate_01.json

✗ RTL repair rejected at iteration 1; accepted RTL snapshot remains unchanged.
✓ Original benchmark RTL was not modified.

===== RTL VERIFICATION (iteration 2) =====
  Accepted RTL snapshot: /home/auralab/nwark/chia_sept7_for_multi_rtl_with_multi_llm/for_multiple_rtl_updation_generalized/generated/designs/fifo/rtl_verification/accepted/fifo.sv
  Benchmark RTL (read-only): /home/auralab/nwark/chia_sept7_for_multi_rtl_with_multi_llm/for_multiple_rtl_updation_generalized/benchmarks/fifo/fifo.sv
{
  "verdict": "generation_bug",
  "detail": {
    "status": "functional_failure",
    "tests": {
      "FifoTC001Test": {
        "status": "runtime_error",
        "category": "runtime_error",
        "timed_out": false,
        "watchdog_expired": false,
        "returncode": 2,
        "counts": {
          "uvm_errors": 0,
          "uvm_fatals": 0,
          "uvm_warnings": 0,
          "scoreboard_mismatches": 0,
          "assertion_failures": 0
        },
        "clean_exit": false,
        "log": "rm -f /workspace/generated/designs/fifo/tb/.chia_sim/FifoTC001Test.xml\nrm -f /workspace/generated/designs/fifo/tb/.chia_sim/FifoTC001Test.xml\nCOCOTB_TEST_MODULES=test_top COCOTB_TESTCASE=  COCOTB_TOPLEVEL=fifo TOPLEVEL_LANG=verilog       \\\n         /workspace/generated/designs/fifo/tb/.chia_sim/build/8c5aeec62e4d/Vtop     \n     -.--ns INFO     gpi                                ../gpi/GpiCommon.cpp:242  in gpi_load_users                  Loaded entry library: '/home/ray/anaconda3/lib/libpython3.10.so.1.0'\n     -.--ns INFO     gpi                                ../gpi/GpiCommon.cpp:233  in gpi_load_users                  Running entry func 'initialize' from loaded library '/home/ray/anaconda3/lib/python3.10/site-packages/cocotb/simulator.cpython-310-x86_64-linux-gnu.so'\n     -.--ns INFO     pygpi                              ..ib/pygpi/embed.cpp:114  in initialize                      Using Python 3.10.19 interpreter at /home/ray/anaconda3/bin/python3\n     -.--ns INFO     gpi                                ../gpi/GpiCommon.cpp:74   in gpi_print_registered_impl       GPI: VPI support registered\n     0.00ns INFO     cocotb.initialize                  Seeding Python random module with 1789041975\n     0.00ns INFO     cocotb.initialize                  Initialized cocotb v2.1.0 from /home/ray/anaconda3/lib/python3.10/site-packages/cocotb\n     0.00ns INFO     cocotb.initialize                  Running on Verilator version 5.042 2025-11-02\n     0.00ns INFO     cocotb.regression                  Running tests\n     0.00ns INFO     cocotb.regression                  running test_top.fifo_tb_top (1/1)\n                                                            Single cocotb entry point \u2014 mirrors SV UVM's ``+UVM_TESTNAME`` flow.\n     0.00ns INFO     cocotb.fifo                        fifo_tb_top: UVM_TESTNAME=FifoTC001Test  DATA_WIDTH=8  DEPTH=4  CLK_HALF_PERIOD_NS=5  WATCHDOG_MAX_CYCLES=2000\n     0.00ns WARNING  py.warnings                        /workspace/generated/designs/fifo/tb/test_top.py:132: DeprecationWarning: Use `handle.set(Immediate(...))` or `handle.value = Immediate(...)` instead.\n                                                          dut.rst_n.setimmediatevalue(0)\n     0.00ns WARNING  py.warnings                        /workspace/generated/designs/fifo/tb/test_top.py:133: DeprecationWarning: Use `handle.set(Immediate(...))` or `handle.value = Immediate(...)` instead.\n                                                          dut.wr_en.setimmediatevalue(0)\n     0.00ns WARNING  py.warnings                        /workspace/generated/designs/fifo/tb/test_top.py:134: DeprecationWarning: Use `handle.set(Immediate(...))` or `handle.value = Immediate(...)` instead.\n                                                          dut.rd_en.setimmediatevalue(0)\n     0.00ns WARNING  py.warnings                        /workspace/generated/designs/fifo/tb/test_top.py:135: DeprecationWarning: Use `handle.set(Immediate(...))` or `handle.value = Immediate(...)` instead.\n                                                          dut.din.setimmediatevalue(0)\n    20.00ns WARNING  py.warnings                        /workspace/generated/designs/fifo/tb/test_top.py:137: DeprecationWarning: Use `handle.set(Immediate(...))` or `handle.value = Immediate(...)` instead.\n                                                          dut.rst_n.setimmediatevalue(1)\n    40.00ns INFO     ..ated/designs/fifo/tb/test.py(72) [uvm_test_top]: uvm_test_top: FifoEnv created\n    40.00ns INFO     ..rated/designs/fifo/tb/env.py(52) [uvm_test_top.fifo_env]: FifoEnv build_phase complete\n    40.00ns INFO     ..signs/fifo/tb/scoreboard.py(111) [uvm_test_top.fifo_env.fifo_scoreboard]: FifoScoreboard built (DATA_WIDTH=8, DEPTH=4)\n    40.00ns INFO     ..designs/fifo/tb/coverage.py(321) [uvm_test_top.fifo_env.fifo_coverage]: FifoCoverage built (DATA_WIDTH=8, DEPTH=4, count reachable=True)\n    40.00ns INFO     ..rated/designs/fifo/tb/env.py(67) [uvm_test_top.fifo_env]: FifoEnv connect_phase: agent.ap -> scoreboard + coverage\n    40.00ns INFO     ../designs/fifo/tb/monitor.py(115) [uvm_test_top.fifo_env.fifo_agent.fifo_monitor]: FifoMonitor started (DATA_WIDTH=8, DEPTH=4)\n    40.00ns WARNING  py.warnings                        /workspace/generated/designs/fifo/tb/dut_helper.py:115: DeprecationWarning: Use `handle.set(Immediate(...))` or `handle.value = Immediate(...)` instead.\n                                                          self.dut.wr_en.setimmediatevalue(int(wr_en) & 0x1)\n    40.00ns WARNING  py.warnings                        /workspace/generated/designs/fifo/tb/dut_helper.py:116: DeprecationWarning: Use `handle.set(Immediate(...))` or `handle.value = Immediate(...)` instead.\n                                                          self.dut.rd_en.setimmediatevalue(int(rd_en) & 0x1)\n    40.00ns WARNING  py.warnings                        /workspace/generated/designs/fifo/tb/dut_helper.py:118: DeprecationWarning: Use `handle.set(Immediate(...))` or `handle.value = Immediate(...)` instead.\n                                                          self.dut.din.setimmediatevalue(int(din) & mask)\n    40.00ns INFO     ..signs/fifo/tb/scoreboard.py(120) [uvm_test_top.fifo_env.fifo_scoreboard]: FifoScoreboard run_phase started\n    40.00ns WARNING  py.warnings                        /workspace/generated/designs/fifo/tb/sequences.py:112: DeprecationWarning: Use `handle.set(Immediate(...))` or `handle.value = Immediate(...)` instead.\n                                                          self.dut.rst_n.setimmediatevalue(0)\n    50.00ns WARNING  cocotb.regression                  test_top.fifo_tb_top failed\n                                                        Traceback (most recent call last):\n                                                          File \"/workspace/generated/designs/fifo/tb/assertions.py\", line 188, in check_reset_clean_state\n                                                            assert dout == 0, (\n                                                        AssertionError: reset_clean_state violated at cycle 0: rst_n asserted but dout=0xff (expected 0)\n                                                        assert 255 == 0\n    50.00ns INFO     cocotb.regression                  **************************************************************************************\n                                                        ** TEST                          STATUS  SIM TIME (ns)  REAL TIME (s)  RATIO (ns/s) **\n                                                        **************************************************************************************\n                                                        ** test_top.fifo_tb_top           FAIL          50.00           0.01       4135.91  **\n                                                        **************************************************************************************\n                                                        ** TESTS=1 PASS=0 FAIL=1 SKIP=0                 50.00           0.01       4008.56  **\n                                                        **************************************************************************************\n- :0: Verilog $finish\nmake: *** [/home/ray/anaconda3/lib/python3.10/site-packages/cocotb_tools/makefiles/simulators/Makefile.verilator:74: /workspace/generated/designs/fifo/tb/.chia_sim/FifoTC001Test.xml] Error 1\n",
        "command": [
          "timeout",
          "--signal=TERM",
          "--kill-after=5",
          "60",
          "make",
          "-f",
          "/workspace/generated/designs/fifo/tb/.chia_sim/Makefile",
          "SIM=verilator",
          "TOPLEVEL_LANG=verilog",
          "TOPLEVEL=fifo",
          "COCOTB_TOPLEVEL=fifo",
          "MODULE=test_top",
          "COCOTB_TEST_MODULES=test_top",
          "VERILOG_SOURCES=/workspace/benchmarks/fifo/fifo.sv /workspace/generated/designs/fifo/rtl_verification/accepted/fifo.sv",
          "SIM_BUILD=/workspace/generated/designs/fifo/tb/.chia_sim/build/8c5aeec62e4d",
          "COCOTB_RESULTS_FILE=/workspace/generated/designs/fifo/tb/.chia_sim/FifoTC001Test.xml",
          "COCOTB_HDL_TIMEUNIT=1ns",
          "COCOTB_HDL_TIMEPRECISION=1ps",
          "BUILD_ARGS=-j 4"
        ],
        "test_name": "FifoTC001Test",
        "test_module": "test_top",
        "results_file": "/workspace/generated/designs/fifo/tb/.chia_sim/FifoTC001Test.xml",
        "results_file_exists": true
      },
      "FifoTC002Test": {
        "status": "runtime_error",
        "category": "runtime_error",
        "timed_out": false,
        "watchdog_expired": false,
        "returncode": 2,
        "counts": {
          "uvm_errors": 0,
          "uvm_fatals": 0,
          "uvm_warnings": 0,
          "scoreboard_mismatches": 0,
          "assertion_failures": 0
        },
        "clean_exit": false,
        "log": "rm -f /workspace/generated/designs/fifo/tb/.chia_sim/FifoTC002Test.xml\nrm -f /workspace/generated/designs/fifo/tb/.chia_sim/FifoTC002Test.xml\nCOCOTB_TEST_MODULES=test_top COCOTB_TESTCASE=  COCOTB_TOPLEVEL=fifo TOPLEVEL_LANG=verilog       \\\n         /workspace/generated/designs/fifo/tb/.chia_sim/build/8c5aeec62e4d/Vtop     \n     -.--ns INFO     gpi                                ../gpi/GpiCommon.cpp:242  in gpi_load_users                  Loaded entry library: '/home/ray/anaconda3/lib/libpython3.10.so.1.0'\n     -.--ns INFO     gpi                                ../gpi/GpiCommon.cpp:233  in gpi_load_users                  Running entry func 'initialize' from loaded library '/home/ray/anaconda3/lib/python3.10/site-packages/cocotb/simulator.cpython-310-x86_64-linux-gnu.so'\n     -.--ns INFO     pygpi                              ..ib/pygpi/embed.cpp:114  in initialize                      Using Python 3.10.19 interpreter at /home/ray/anaconda3/bin/python3\n     -.--ns INFO     gpi                                ../gpi/GpiCommon.cpp:74   in gpi_print_registered_impl       GPI: VPI support registered\n     0.00ns INFO     cocotb.initialize                  Seeding Python random module with 1789041975\n     0.00ns INFO     cocotb.initialize                  Initialized cocotb v2.1.0 from /home/ray/anaconda3/lib/python3.10/site-packages/cocotb\n     0.00ns INFO     cocotb.initialize                  Running on Verilator version 5.042 2025-11-02\n     0.00ns INFO     cocotb.regression                  Running tests\n     0.00ns INFO     cocotb.regression                  running test_top.fifo_tb_top (1/1)\n                                                            Single cocotb entry point \u2014 mirrors SV UVM's ``+UVM_TESTNAME`` flow.\n     0.00ns INFO     cocotb.fifo                        fifo_tb_top: UVM_TESTNAME=FifoTC002Test  DATA_WIDTH=8  DEPTH=4  CLK_HALF_PERIOD_NS=5  WATCHDOG_MAX_CYCLES=2000\n     0.00ns WARNING  py.warnings                        /workspace/generated/designs/fifo/tb/test_top.py:132: DeprecationWarning: Use `handle.set(Immediate(...))` or `handle.value = Immediate(...)` instead.\n                                                          dut.rst_n.setimmediatevalue(0)\n     0.00ns WARNING  py.warnings                        /workspace/generated/designs/fifo/tb/test_top.py:133: DeprecationWarning: Use `handle.set(Immediate(...))` or `handle.value = Immediate(...)` instead.\n                                                          dut.wr_en.setimmediatevalue(0)\n     0.00ns WARNING  py.warnings                        /workspace/generated/designs/fifo/tb/test_top.py:134: DeprecationWarning: Use `handle.set(Immediate(...))` or `handle.value = Immediate(...)` instead.\n                                                          dut.rd_en.setimmediatevalue(0)\n     0.00ns WARNING  py.warnings                        /workspace/generated/designs/fifo/tb/test_top.py:135: DeprecationWarning: Use `handle.set(Immediate(...))` or `handle.value = Immediate(...)` instead.\n                                                          dut.din.setimmediatevalue(0)\n    20.00ns WARNING  py.warnings                        /workspace/generated/designs/fifo/tb/test_top.py:137: DeprecationWarning: Use `handle.set(Immediate(...))` or `handle.value = Immediate(...)` instead.\n                                                          dut.rst_n.setimmediatevalue(1)\n    40.00ns INFO     ..ated/designs/fifo/tb/test.py(72) [uvm_test_top]: uvm_test_top: FifoEnv created\n    40.00ns INFO     ..rated/designs/fifo/tb/env.py(52) [uvm_test_top.fifo_env]: FifoEnv build_phase complete\n    40.00ns INFO     ..signs/fifo/tb/scoreboard.py(111) [uvm_test_top.fifo_env.fifo_scoreboard]: FifoScoreboard built (DATA_WIDTH=8, DEPTH=4)\n    40.00ns INFO     ..designs/fifo/tb/coverage.py(321) [uvm_test_top.fifo_env.fifo_coverage]: FifoCoverage built (DATA_WIDTH=8, DEPTH=4, count reachable=True)\n    40.00ns INFO     ..rated/designs/fifo/tb/env.py(67) [uvm_test_top.fifo_env]: FifoEnv connect_phase: agent.ap -> scoreboard + coverage\n    40.00ns INFO     ../designs/fifo/tb/monitor.py(115) [uvm_test_top.fifo_env.fifo_agent.fifo_monitor]: FifoMonitor started (DATA_WIDTH=8, DEPTH=4)\n    40.00ns WARNING  py.warnings                        /workspace/generated/designs/fifo/tb/dut_helper.py:115: DeprecationWarning: Use `handle.set(Immediate(...))` or `handle.value = Immediate(...)` instead.\n                                                          self.dut.wr_en.setimmediatevalue(int(wr_en) & 0x1)\n    40.00ns WARNING  py.warnings                        /workspace/generated/designs/fifo/tb/dut_helper.py:116: DeprecationWarning: Use `handle.set(Immediate(...))` or `handle.value = Immediate(...)` instead.\n                                                          self.dut.rd_en.setimmediatevalue(int(rd_en) & 0x1)\n    40.00ns WARNING  py.warnings                        /workspace/generated/designs/fifo/tb/dut_helper.py:118: DeprecationWarning: Use `handle.set(Immediate(...))` or `handle.value = Immediate(...)` instead.\n                                                          self.dut.din.setimmediatevalue(int(din) & mask)\n    40.00ns INFO     ..signs/fifo/tb/scoreboard.py(120) [uvm_test_top.fifo_env.fifo_scoreboard]: FifoScoreboard run_phase started\n    40.00ns WARNING  py.warnings                        /workspace/generated/designs/fifo/tb/sequences.py:112: DeprecationWarning: Use `handle.set(Immediate(...))` or `handle.value = Immediate(...)` instead.\n                                                          self.dut.rst_n.setimmediatevalue(0)\n    50.00ns WARNING  cocotb.regression                  test_top.fifo_tb_top failed\n                                                        Traceback (most recent call last):\n                                                          File \"/workspace/generated/designs/fifo/tb/assertions.py\", line 188, in check_reset_clean_state\n                                                            assert dout == 0, (\n                                                        AssertionError: reset_clean_state violated at cycle 0: rst_n asserted but dout=0xff (expected 0)\n                                                        assert 255 == 0\n    50.00ns INFO     cocotb.regression                  **************************************************************************************\n                                                        ** TEST                          STATUS  SIM TIME (ns)  REAL TIME (s)  RATIO (ns/s) **\n                                                        **************************************************************************************\n                                                        ** test_top.fifo_tb_top           FAIL          50.00           0.01       4266.22  **\n                                                        **************************************************************************************\n                                                        ** TESTS=1 PASS=0 FAIL=1 SKIP=0                 50.00           0.01       4135.39  **\n                                                        **************************************************************************************\n- :0: Verilog $finish\nmake: *** [/home/ray/anaconda3/lib/python3.10/site-packages/cocotb_tools/makefiles/simulators/Makefile.verilator:74: /workspace/generated/designs/fifo/tb/.chia_sim/FifoTC002Test.xml] Error 1\n",
        "command": [
          "timeout",
          "--signal=TERM",
          "--kill-after=5",
          "60",
          "make",
          "-f",
          "/workspace/generated/designs/fifo/tb/.chia_sim/Makefile",
          "SIM=verilator",
          "TOPLEVEL_LANG=verilog",
          "TOPLEVEL=fifo",
          "COCOTB_TOPLEVEL=fifo",
          "MODULE=test_top",
          "COCOTB_TEST_MODULES=test_top",
          "VERILOG_SOURCES=/workspace/benchmarks/fifo/fifo.sv /workspace/generated/designs/fifo/rtl_verification/accepted/fifo.sv",
          "SIM_BUILD=/workspace/generated/designs/fifo/tb/.chia_sim/build/8c5aeec62e4d",
          "COCOTB_RESULTS_FILE=/workspace/generated/designs/fifo/tb/.chia_sim/FifoTC002Test.xml",
          "COCOTB_HDL_TIMEUNIT=1ns",
          "COCOTB_HDL_TIMEPRECISION=1ps",
          "BUILD_ARGS=-j 4"
        ],
        "test_name": "FifoTC002Test",
        "test_module": "test_top",
        "results_file": "/workspace/generated/designs/fifo/tb/.chia_sim/FifoTC002Test.xml",
        "results_file_exists": true
      },
      "FifoTC003Test": {
        "status": "runtime_error",
        "category": "runtime_error",
        "timed_out": false,
        "watchdog_expired": false,
        "returncode": 2,
        "counts": {
          "uvm_errors": 0,
          "uvm_fatals": 0,
          "uvm_warnings": 0,
          "scoreboard_mismatches": 0,
          "assertion_failures": 0
        },
        "clean_exit": false,
        "log": "rm -f /workspace/generated/designs/fifo/tb/.chia_sim/FifoTC003Test.xml\nrm -f /workspace/generated/designs/fifo/tb/.chia_sim/FifoTC003Test.xml\nCOCOTB_TEST_MODULES=test_top COCOTB_TESTCASE=  COCOTB_TOPLEVEL=fifo TOPLEVEL_LANG=verilog       \\\n         /workspace/generated/designs/fifo/tb/.chia_sim/build/8c5aeec62e4d/Vtop     \n     -.--ns INFO     gpi                                ../gpi/GpiCommon.cpp:242  in gpi_load_users                  Loaded entry library: '/home/ray/anaconda3/lib/libpython3.10.so.1.0'\n     -.--ns INFO     gpi                                ../gpi/GpiCommon.cpp:233  in gpi_load_users                  Running entry func 'initialize' from loaded library '/home/ray/anaconda3/lib/python3.10/site-packages/cocotb/simulator.cpython-310-x86_64-linux-gnu.so'\n     -.--ns INFO     pygpi                              ..ib/pygpi/embed.cpp:114  in initialize                      Using Python 3.10.19 interpreter at /home/ray/anaconda3/bin/python3\n     -.--ns INFO     gpi                                ../gpi/GpiCommon.cpp:74   in gpi_print_registered_impl       GPI: VPI support registered\n     0.00ns INFO     cocotb.initialize                  Seeding Python random module with 1789041976\n     0.00ns INFO     cocotb.initialize                  Initialized cocotb v2.1.0 from /home/ray/anaconda3/lib/python3.10/site-packages/cocotb\n     0.00ns INFO     cocotb.initialize                  Running on Verilator version 5.042 2025-11-02\n     0.00ns INFO     cocotb.regression                  Running tests\n     0.00ns INFO     cocotb.regression                  running test_top.fifo_tb_top (1/1)\n                                                            Single cocotb entry point \u2014 mirrors SV UVM's ``+UVM_TESTNAME`` flow.\n     0.00ns INFO     cocotb.fifo                        fifo_tb_top: UVM_TESTNAME=FifoTC003Test  DATA_WIDTH=8  DEPTH=4  CLK_HALF_PERIOD_NS=5  WATCHDOG_MAX_CYCLES=2000\n     0.00ns WARNING  py.warnings                        /workspace/generated/designs/fifo/tb/test_top.py:132: DeprecationWarning: Use `handle.set(Immediate(...))` or `handle.value = Immediate(...)` instead.\n                                                          dut.rst_n.setimmediatevalue(0)\n     0.00ns WARNING  py.warnings                        /workspace/generated/designs/fifo/tb/test_top.py:133: DeprecationWarning: Use `handle.set(Immediate(...))` or `handle.value = Immediate(...)` instead.\n                                                          dut.wr_en.setimmediatevalue(0)\n     0.00ns WARNING  py.warnings                        /workspace/generated/designs/fifo/tb/test_top.py:134: DeprecationWarning: Use `handle.set(Immediate(...))` or `handle.value = Immediate(...)` instead.\n                                                          dut.rd_en.setimmediatevalue(0)\n     0.00ns WARNING  py.warnings                        /workspace/generated/designs/fifo/tb/test_top.py:135: DeprecationWarning: Use `handle.set(Immediate(...))` or `handle.value = Immediate(...)` instead.\n                                                          dut.din.setimmediatevalue(0)\n    20.00ns WARNING  py.warnings                        /workspace/generated/designs/fifo/tb/test_top.py:137: DeprecationWarning: Use `handle.set(Immediate(...))` or `handle.value = Immediate(...)` instead.\n                                                          dut.rst_n.setimmediatevalue(1)\n    40.00ns INFO     ..ated/designs/fifo/tb/test.py(72) [uvm_test_top]: uvm_test_top: FifoEnv created\n    40.00ns INFO     ..rated/designs/fifo/tb/env.py(52) [uvm_test_top.fifo_env]: FifoEnv build_phase complete\n    40.00ns INFO     ..signs/fifo/tb/scoreboard.py(111) [uvm_test_top.fifo_env.fifo_scoreboard]: FifoScoreboard built (DATA_WIDTH=8, DEPTH=4)\n    40.00ns INFO     ..designs/fifo/tb/coverage.py(321) [uvm_test_top.fifo_env.fifo_coverage]: FifoCoverage built (DATA_WIDTH=8, DEPTH=4, count reachable=True)\n    40.00ns INFO     ..rated/designs/fifo/tb/env.py(67) [uvm_test_top.fifo_env]: FifoEnv connect_phase: agent.ap -> scoreboard + coverage\n    40.00ns INFO     ../designs/fifo/tb/monitor.py(115) [uvm_test_top.fifo_env.fifo_agent.fifo_monitor]: FifoMonitor started (DATA_WIDTH=8, DEPTH=4)\n    40.00ns WARNING  py.warnings                        /workspace/generated/designs/fifo/tb/dut_helper.py:115: DeprecationWarning: Use `handle.set(Immediate(...))` or `handle.value = Immediate(...)` instead.\n                                                          self.dut.wr_en.setimmediatevalue(int(wr_en) & 0x1)\n    40.00ns WARNING  py.warnings                        /workspace/generated/designs/fifo/tb/dut_helper.py:116: DeprecationWarning: Use `handle.set(Immediate(...))` or `handle.value = Immediate(...)` instead.\n                                                          self.dut.rd_en.setimmediatevalue(int(rd_en) & 0x1)\n    40.00ns WARNING  py.warnings                        /workspace/generated/designs/fifo/tb/dut_helper.py:118: DeprecationWarning: Use `handle.set(Immediate(...))` or `handle.value = Immediate(...)` instead.\n                                                          self.dut.din.setimmediatevalue(int(din) & mask)\n    40.00ns INFO     ..signs/fifo/tb/scoreboard.py(120) [uvm_test_top.fifo_env.fifo_scoreboard]: FifoScoreboard run_phase started\n    40.00ns WARNING  py.warnings                        /workspace/generated/designs/fifo/tb/sequences.py:112: DeprecationWarning: Use `handle.set(Immediate(...))` or `handle.value = Immediate(...)` instead.\n                                                          self.dut.rst_n.setimmediatevalue(0)\n    50.00ns WARNING  cocotb.regression                  test_top.fifo_tb_top failed\n                                                        Traceback (most recent call last):\n                                                          File \"/workspace/generated/designs/fifo/tb/assertions.py\", line 188, in check_reset_clean_state\n                                                            assert dout == 0, (\n                                                        AssertionError: reset_clean_state violated at cycle 0: rst_n asserted but dout=0xff (expected 0)\n                                                        assert 255 == 0\n    50.00ns INFO     cocotb.regression                  **************************************************************************************\n                                                        ** TEST                          STATUS  SIM TIME (ns)  REAL TIME (s)  RATIO (ns/s) **\n                                                        **************************************************************************************\n                                                        ** test_top.fifo_tb_top           FAIL          50.00           0.01       4454.84  **\n                                                        **************************************************************************************\n                                                        ** TESTS=1 PASS=0 FAIL=1 SKIP=0                 50.00           0.01       4329.91  **\n                                                        **************************************************************************************\n- :0: Verilog $finish\nmake: *** [/home/ray/anaconda3/lib/python3.10/site-packages/cocotb_tools/makefiles/simulators/Makefile.verilator:74: /workspace/generated/designs/fifo/tb/.chia_sim/FifoTC003Test.xml] Error 1\n",
        "command": [
          "timeout",
          "--signal=TERM",
          "--kill-after=5",
          "60",
          "make",
          "-f",
          "/workspace/generated/designs/fifo/tb/.chia_sim/Makefile",
          "SIM=verilator",
          "TOPLEVEL_LANG=verilog",
          "TOPLEVEL=fifo",
          "COCOTB_TOPLEVEL=fifo",
          "MODULE=test_top",
          "COCOTB_TEST_MODULES=test_top",
          "VERILOG_SOURCES=/workspace/benchmarks/fifo/fifo.sv /workspace/generated/designs/fifo/rtl_verification/accepted/fifo.sv",
          "SIM_BUILD=/workspace/generated/designs/fifo/tb/.chia_sim/build/8c5aeec62e4d",
          "COCOTB_RESULTS_FILE=/workspace/generated/designs/fifo/tb/.chia_sim/FifoTC003Test.xml",
          "COCOTB_HDL_TIMEUNIT=1ns",
          "COCOTB_HDL_TIMEPRECISION=1ps",
          "BUILD_ARGS=-j 4"
        ],
        "test_name": "FifoTC003Test",
        "test_module": "test_top",
        "results_file": "/workspace/generated/designs/fifo/tb/.chia_sim/FifoTC003Test.xml",
        "results_file_exists": true
      },
      "FifoTC004Test": {
        "status": "runtime_error",
        "category": "runtime_error",
        "timed_out": false,
        "watchdog_expired": false,
        "returncode": 2,
        "counts": {
          "uvm_errors": 0,
          "uvm_fatals": 0,
          "uvm_warnings": 0,
          "scoreboard_mismatches": 0,
          "assertion_failures": 0
        },
        "clean_exit": false,
        "log": "rm -f /workspace/generated/designs/fifo/tb/.chia_sim/FifoTC004Test.xml\nrm -f /workspace/generated/designs/fifo/tb/.chia_sim/FifoTC004Test.xml\nCOCOTB_TEST_MODULES=test_top COCOTB_TESTCASE=  COCOTB_TOPLEVEL=fifo TOPLEVEL_LANG=verilog       \\\n         /workspace/generated/designs/fifo/tb/.chia_sim/build/8c5aeec62e4d/Vtop     \n     -.--ns INFO     gpi                                ../gpi/GpiCommon.cpp:242  in gpi_load_users                  Loaded entry library: '/home/ray/anaconda3/lib/libpython3.10.so.1.0'\n     -.--ns INFO     gpi                                ../gpi/GpiCommon.cpp:233  in gpi_load_users                  Running entry func 'initialize' from loaded library '/home/ray/anaconda3/lib/python3.10/site-packages/cocotb/simulator.cpython-310-x86_64-linux-gnu.so'\n     -.--ns INFO     pygpi                              ..ib/pygpi/embed.cpp:114  in initialize                      Using Python 3.10.19 interpreter at /home/ray/anaconda3/bin/python3\n     -.--ns INFO     gpi                                ../gpi/GpiCommon.cpp:74   in gpi_print_registered_impl       GPI: VPI support registered\n     0.00ns INFO     cocotb.initialize                  Seeding Python random module with 1789041977\n     0.00ns INFO     cocotb.initialize                  Initialized cocotb v2.1.0 from /home/ray/anaconda3/lib/python3.10/site-packages/cocotb\n     0.00ns INFO     cocotb.initialize                  Running on Verilator version 5.042 2025-11-02\n     0.00ns INFO     cocotb.regression                  Running tests\n     0.00ns INFO     cocotb.regression                  running test_top.fifo_tb_top (1/1)\n                                                            Single cocotb entry point \u2014 mirrors SV UVM's ``+UVM_TESTNAME`` flow.\n     0.00ns INFO     cocotb.fifo                        fifo_tb_top: UVM_TESTNAME=FifoTC004Test  DATA_WIDTH=8  DEPTH=4  CLK_HALF_PERIOD_NS=5  WATCHDOG_MAX_CYCLES=2000\n     0.00ns WARNING  py.warnings                        /workspace/generated/designs/fifo/tb/test_top.py:132: DeprecationWarning: Use `handle.set(Immediate(...))` or `handle.value = Immediate(...)` instead.\n                                                          dut.rst_n.setimmediatevalue(0)\n     0.00ns WARNING  py.warnings                        /workspace/generated/designs/fifo/tb/test_top.py:133: DeprecationWarning: Use `handle.set(Immediate(...))` or `handle.value = Immediate(...)` instead.\n                                                          dut.wr_en.setimmediatevalue(0)\n     0.00ns WARNING  py.warnings                        /workspace/generated/designs/fifo/tb/test_top.py:134: DeprecationWarning: Use `handle.set(Immediate(...))` or `handle.value = Immediate(...)` instead.\n                                                          dut.rd_en.setimmediatevalue(0)\n     0.00ns WARNING  py.warnings                        /workspace/generated/designs/fifo/tb/test_top.py:135: DeprecationWarning: Use `handle.set(Immediate(...))` or `handle.value = Immediate(...)` instead.\n                                                          dut.din.setimmediatevalue(0)\n    20.00ns WARNING  py.warnings                        /workspace/generated/designs/fifo/tb/test_top.py:137: DeprecationWarning: Use `handle.set(Immediate(...))` or `handle.value = Immediate(...)` instead.\n                                                          dut.rst_n.setimmediatevalue(1)\n    40.00ns INFO     ..ated/designs/fifo/tb/test.py(72) [uvm_test_top]: uvm_test_top: FifoEnv created\n    40.00ns INFO     ..rated/designs/fifo/tb/env.py(52) [uvm_test_top.fifo_env]: FifoEnv build_phase complete\n    40.00ns INFO     ..signs/fifo/tb/scoreboard.py(111) [uvm_test_top.fifo_env.fifo_scoreboard]: FifoScoreboard built (DATA_WIDTH=8, DEPTH=4)\n    40.00ns INFO     ..designs/fifo/tb/coverage.py(321) [uvm_test_top.fifo_env.fifo_coverage]: FifoCoverage built (DATA_WIDTH=8, DEPTH=4, count reachable=True)\n    40.00ns INFO     ..rated/designs/fifo/tb/env.py(67) [uvm_test_top.fifo_env]: FifoEnv connect_phase: agent.ap -> scoreboard + coverage\n    40.00ns INFO     ../designs/fifo/tb/monitor.py(115) [uvm_test_top.fifo_env.fifo_agent.fifo_monitor]: FifoMonitor started (DATA_WIDTH=8, DEPTH=4)\n    40.00ns WARNING  py.warnings                        /workspace/generated/designs/fifo/tb/dut_helper.py:115: DeprecationWarning: Use `handle.set(Immediate(...))` or `handle.value = Immediate(...)` instead.\n                                                          self.dut.wr_en.setimmediatevalue(int(wr_en) & 0x1)\n    40.00ns WARNING  py.warnings                        /workspace/generated/designs/fifo/tb/dut_helper.py:116: DeprecationWarning: Use `handle.set(Immediate(...))` or `handle.value = Immediate(...)` instead.\n                                                          self.dut.rd_en.setimmediatevalue(int(rd_en) & 0x1)\n    40.00ns WARNING  py.warnings                        /workspace/generated/designs/fifo/tb/dut_helper.py:118: DeprecationWarning: Use `handle.set(Immediate(...))` or `handle.value = Immediate(...)` instead.\n                                                          self.dut.din.setimmediatevalue(int(din) & mask)\n    40.00ns INFO     ..signs/fifo/tb/scoreboard.py(120) [uvm_test_top.fifo_env.fifo_scoreboard]: FifoScoreboard run_phase started\n    40.00ns WARNING  py.warnings                        /workspace/generated/designs/fifo/tb/sequences.py:112: DeprecationWarning: Use `handle.set(Immediate(...))` or `handle.value = Immediate(...)` instead.\n                                                          self.dut.rst_n.setimmediatevalue(0)\n    50.00ns WARNING  cocotb.regression                  test_top.fifo_tb_top failed\n                                                        Traceback (most recent call last):\n                                                          File \"/workspace/generated/designs/fifo/tb/assertions.py\", line 188, in check_reset_clean_state\n                                                            assert dout == 0, (\n                                                        AssertionError: reset_clean_state violated at cycle 0: rst_n asserted but dout=0xff (expected 0)\n                                                        assert 255 == 0\n    50.00ns INFO     cocotb.regression                  **************************************************************************************\n                                                        ** TEST                          STATUS  SIM TIME (ns)  REAL TIME (s)  RATIO (ns/s) **\n                                                        **************************************************************************************\n                                                        ** test_top.fifo_tb_top           FAIL          50.00           0.01       4466.55  **\n                                                        **************************************************************************************\n                                                        ** TESTS=1 PASS=0 FAIL=1 SKIP=0                 50.00           0.01       4334.60  **\n                                                        **************************************************************************************\n- :0: Verilog $finish\nmake: *** [/home/ray/anaconda3/lib/python3.10/site-packages/cocotb_tools/makefiles/simulators/Makefile.verilator:74: /workspace/generated/designs/fifo/tb/.chia_sim/FifoTC004Test.xml] Error 1\n",
        "command": [
          "timeout",
          "--signal=TERM",
          "--kill-after=5",
          "60",
          "make",
          "-f",
          "/workspace/generated/designs/fifo/tb/.chia_sim/Makefile",
          "SIM=verilator",
          "TOPLEVEL_LANG=verilog",
          "TOPLEVEL=fifo",
          "COCOTB_TOPLEVEL=fifo",
          "MODULE=test_top",
          "COCOTB_TEST_MODULES=test_top",
          "VERILOG_SOURCES=/workspace/benchmarks/fifo/fifo.sv /workspace/generated/designs/fifo/rtl_verification/accepted/fifo.sv",
          "SIM_BUILD=/workspace/generated/designs/fifo/tb/.chia_sim/build/8c5aeec62e4d",
          "COCOTB_RESULTS_FILE=/workspace/generated/designs/fifo/tb/.chia_sim/FifoTC004Test.xml",
          "COCOTB_HDL_TIMEUNIT=1ns",
          "COCOTB_HDL_TIMEPRECISION=1ps",
          "BUILD_ARGS=-j 4"
        ],
        "test_name": "FifoTC004Test",
        "test_module": "test_top",
        "results_file": "/workspace/generated/designs/fifo/tb/.chia_sim/FifoTC004Test.xml",
        "results_file_exists": true
      },
      "FifoTC005Test": {
        "status": "runtime_error",
        "category": "runtime_error",
        "timed_out": false,
        "watchdog_expired": false,
        "returncode": 2,
        "counts": {
          "uvm_errors": 0,
          "uvm_fatals": 0,
          "uvm_warnings": 0,
          "scoreboard_mismatches": 0,
          "assertion_failures": 0
        },
        "clean_exit": false,
        "log": "rm -f /workspace/generated/designs/fifo/tb/.chia_sim/FifoTC005Test.xml\nrm -f /workspace/generated/designs/fifo/tb/.chia_sim/FifoTC005Test.xml\nCOCOTB_TEST_MODULES=test_top COCOTB_TESTCASE=  COCOTB_TOPLEVEL=fifo TOPLEVEL_LANG=verilog       \\\n         /workspace/generated/designs/fifo/tb/.chia_sim/build/8c5aeec62e4d/Vtop     \n     -.--ns INFO     gpi                                ../gpi/GpiCommon.cpp:242  in gpi_load_users                  Loaded entry library: '/home/ray/anaconda3/lib/libpython3.10.so.1.0'\n     -.--ns INFO     gpi                                ../gpi/GpiCommon.cpp:233  in gpi_load_users                  Running entry func 'initialize' from loaded library '/home/ray/anaconda3/lib/python3.10/site-packages/cocotb/simulator.cpython-310-x86_64-linux-gnu.so'\n     -.--ns INFO     pygpi                              ..ib/pygpi/embed.cpp:114  in initialize                      Using Python 3.10.19 interpreter at /home/ray/anaconda3/bin/python3\n     -.--ns INFO     gpi                                ../gpi/GpiCommon.cpp:74   in gpi_print_registered_impl       GPI: VPI support registered\n     0.00ns INFO     cocotb.initialize                  Seeding Python random module with 1789041977\n     0.00ns INFO     cocotb.initialize                  Initialized cocotb v2.1.0 from /home/ray/anaconda3/lib/python3.10/site-packages/cocotb\n     0.00ns INFO     cocotb.initialize                  Running on Verilator version 5.042 2025-11-02\n     0.00ns INFO     cocotb.regression                  Running tests\n     0.00ns INFO     cocotb.regression                  running test_top.fifo_tb_top (1/1)\n                                                            Single cocotb entry point \u2014 mirrors SV UVM's ``+UVM_TESTNAME`` flow.\n     0.00ns INFO     cocotb.fifo                        fifo_tb_top: UVM_TESTNAME=FifoTC005Test  DATA_WIDTH=8  DEPTH=4  CLK_HALF_PERIOD_NS=5  WATCHDOG_MAX_CYCLES=2000\n     0.00ns WARNING  py.warnings                        /workspace/generated/designs/fifo/tb/test_top.py:132: DeprecationWarning: Use `handle.set(Immediate(...))` or `handle.value = Immediate(...)` instead.\n                                                          dut.rst_n.setimmediatevalue(0)\n     0.00ns WARNING  py.warnings                        /workspace/generated/designs/fifo/tb/test_top.py:133: DeprecationWarning: Use `handle.set(Immediate(...))` or `handle.value = Immediate(...)` instead.\n                                                          dut.wr_en.setimmediatevalue(0)\n     0.00ns WARNING  py.warnings                        /workspace/generated/designs/fifo/tb/test_top.py:134: DeprecationWarning: Use `handle.set(Immediate(...))` or `handle.value = Immediate(...)` instead.\n                                                          dut.rd_en.setimmediatevalue(0)\n     0.00ns WARNING  py.warnings                        /workspace/generated/designs/fifo/tb/test_top.py:135: DeprecationWarning: Use `handle.set(Immediate(...))` or `handle.value = Immediate(...)` instead.\n                                                          dut.din.setimmediatevalue(0)\n    20.00ns WARNING  py.warnings                        /workspace/generated/designs/fifo/tb/test_top.py:137: DeprecationWarning: Use `handle.set(Immediate(...))` or `handle.value = Immediate(...)` instead.\n                                                          dut.rst_n.setimmediatevalue(1)\n    40.00ns INFO     ..ated/designs/fifo/tb/test.py(72) [uvm_test_top]: uvm_test_top: FifoEnv created\n    40.00ns INFO     ..rated/designs/fifo/tb/env.py(52) [uvm_test_top.fifo_env]: FifoEnv build_phase complete\n    40.00ns INFO     ..signs/fifo/tb/scoreboard.py(111) [uvm_test_top.fifo_env.fifo_scoreboard]: FifoScoreboard built (DATA_WIDTH=8, DEPTH=4)\n    40.00ns INFO     ..designs/fifo/tb/coverage.py(321) [uvm_test_top.fifo_env.fifo_coverage]: FifoCoverage built (DATA_WIDTH=8, DEPTH=4, count reachable=True)\n    40.00ns INFO     ..rated/designs/fifo/tb/env.py(67) [uvm_test_top.fifo_env]: FifoEnv connect_phase: agent.ap -> scoreboard + coverage\n    40.00ns INFO     ../designs/fifo/tb/monitor.py(115) [uvm_test_top.fifo_env.fifo_agent.fifo_monitor]: FifoMonitor started (DATA_WIDTH=8, DEPTH=4)\n    40.00ns WARNING  py.warnings                        /workspace/generated/designs/fifo/tb/dut_helper.py:115: DeprecationWarning: Use `handle.set(Immediate(...))` or `handle.value = Immediate(...)` instead.\n                                                          self.dut.wr_en.setimmediatevalue(int(wr_en) & 0x1)\n    40.00ns WARNING  py.warnings                        /workspace/generated/designs/fifo/tb/dut_helper.py:116: DeprecationWarning: Use `handle.set(Immediate(...))` or `handle.value = Immediate(...)` instead.\n                                                          self.dut.rd_en.setimmediatevalue(int(rd_en) & 0x1)\n    40.00ns WARNING  py.warnings                        /workspace/generated/designs/fifo/tb/dut_helper.py:118: DeprecationWarning: Use `handle.set(Immediate(...))` or `handle.value = Immediate(...)` instead.\n                                                          self.dut.din.setimmediatevalue(int(din) & mask)\n    40.00ns INFO     ..signs/fifo/tb/scoreboard.py(120) [uvm_test_top.fifo_env.fifo_scoreboard]: FifoScoreboard run_phase started\n    40.00ns WARNING  py.warnings                        /workspace/generated/designs/fifo/tb/sequences.py:112: DeprecationWarning: Use `handle.set(Immediate(...))` or `handle.value = Immediate(...)` instead.\n                                                          self.dut.rst_n.setimmediatevalue(0)\n    50.00ns WARNING  cocotb.regression                  test_top.fifo_tb_top failed\n                                                        Traceback (most recent call last):\n                                                          File \"/workspace/generated/designs/fifo/tb/assertions.py\", line 188, in check_reset_clean_state\n                                                            assert dout == 0, (\n                                                        AssertionError: reset_clean_state violated at cycle 0: rst_n asserted but dout=0xff (expected 0)\n                                                        assert 255 == 0\n    50.00ns INFO     cocotb.regression                  **************************************************************************************\n                                                        ** TEST                          STATUS  SIM TIME (ns)  REAL TIME (s)  RATIO (ns/s) **\n                                                        **************************************************************************************\n                                                        ** test_top.fifo_tb_top           FAIL          50.00           0.01       4356.92  **\n                                                        **************************************************************************************\n                                                        ** TESTS=1 PASS=0 FAIL=1 SKIP=0                 50.00           0.01       4235.08  **\n                                                        **************************************************************************************\n- :0: Verilog $finish\nmake: *** [/home/ray/anaconda3/lib/python3.10/site-packages/cocotb_tools/makefiles/simulators/Makefile.verilator:74: /workspace/generated/designs/fifo/tb/.chia_sim/FifoTC005Test.xml] Error 1\n",
        "command": [
          "timeout",
          "--signal=TERM",
          "--kill-after=5",
          "60",
          "make",
          "-f",
          "/workspace/generated/designs/fifo/tb/.chia_sim/Makefile",
          "SIM=verilator",
          "TOPLEVEL_LANG=verilog",
          "TOPLEVEL=fifo",
          "COCOTB_TOPLEVEL=fifo",
          "MODULE=test_top",
          "COCOTB_TEST_MODULES=test_top",
          "VERILOG_SOURCES=/workspace/benchmarks/fifo/fifo.sv /workspace/generated/designs/fifo/rtl_verification/accepted/fifo.sv",
          "SIM_BUILD=/workspace/generated/designs/fifo/tb/.chia_sim/build/8c5aeec62e4d",
          "COCOTB_RESULTS_FILE=/workspace/generated/designs/fifo/tb/.chia_sim/FifoTC005Test.xml",
          "COCOTB_HDL_TIMEUNIT=1ns",
          "COCOTB_HDL_TIMEPRECISION=1ps",
          "BUILD_ARGS=-j 4"
        ],
        "test_name": "FifoTC005Test",
        "test_module": "test_top",
        "results_file": "/workspace/generated/designs/fifo/tb/.chia_sim/FifoTC005Test.xml",
        "results_file_exists": true
      },
      "FifoTC006Test": {
        "status": "runtime_error",
        "category": "runtime_error",
        "timed_out": false,
        "watchdog_expired": false,
        "returncode": 2,
        "counts": {
          "uvm_errors": 0,
          "uvm_fatals": 0,
          "uvm_warnings": 0,
          "scoreboard_mismatches": 0,
          "assertion_failures": 0
        },
        "clean_exit": false,
        "log": "rm -f /workspace/generated/designs/fifo/tb/.chia_sim/FifoTC006Test.xml\nrm -f /workspace/generated/designs/fifo/tb/.chia_sim/FifoTC006Test.xml\nCOCOTB_TEST_MODULES=test_top COCOTB_TESTCASE=  COCOTB_TOPLEVEL=fifo TOPLEVEL_LANG=verilog       \\\n         /workspace/generated/designs/fifo/tb/.chia_sim/build/8c5aeec62e4d/Vtop     \n     -.--ns INFO     gpi                                ../gpi/GpiCommon.cpp:242  in gpi_load_users                  Loaded entry library: '/home/ray/anaconda3/lib/libpython3.10.so.1.0'\n     -.--ns INFO     gpi                                ../gpi/GpiCommon.cpp:233  in gpi_load_users                  Running entry func 'initialize' from loaded library '/home/ray/anaconda3/lib/python3.10/site-packages/cocotb/simulator.cpython-310-x86_64-linux-gnu.so'\n     -.--ns INFO     pygpi                              ..ib/pygpi/embed.cpp:114  in initialize                      Using Python 3.10.19 interpreter at /home/ray/anaconda3/bin/python3\n     -.--ns INFO     gpi                                ../gpi/GpiCommon.cpp:74   in gpi_print_registered_impl       GPI: VPI support registered\n     0.00ns INFO     cocotb.initialize                  Seeding Python random module with 1789041978\n     0.00ns INFO     cocotb.initialize                  Initialized cocotb v2.1.0 from /home/ray/anaconda3/lib/python3.10/site-packages/cocotb\n     0.00ns INFO     cocotb.initialize                  Running on Verilator version 5.042 2025-11-02\n     0.00ns INFO     cocotb.regression                  Running tests\n     0.00ns INFO     cocotb.regression                  running test_top.fifo_tb_top (1/1)\n                                                            Single cocotb entry point \u2014 mirrors SV UVM's ``+UVM_TESTNAME`` flow.\n     0.00ns INFO     cocotb.fifo                        fifo_tb_top: UVM_TESTNAME=FifoTC006Test  DATA_WIDTH=8  DEPTH=4  CLK_HALF_PERIOD_NS=5  WATCHDOG_MAX_CYCLES=2000\n     0.00ns WARNING  py.warnings                        /workspace/generated/designs/fifo/tb/test_top.py:132: DeprecationWarning: Use `handle.set(Immediate(...))` or `handle.value = Immediate(...)` instead.\n                                                          dut.rst_n.setimmediatevalue(0)\n     0.00ns WARNING  py.warnings                        /workspace/generated/designs/fifo/tb/test_top.py:133: DeprecationWarning: Use `handle.set(Immediate(...))` or `handle.value = Immediate(...)` instead.\n                                                          dut.wr_en.setimmediatevalue(0)\n     0.00ns WARNING  py.warnings                        /workspace/generated/designs/fifo/tb/test_top.py:134: DeprecationWarning: Use `handle.set(Immediate(...))` or `handle.value = Immediate(...)` instead.\n                                                          dut.rd_en.setimmediatevalue(0)\n     0.00ns WARNING  py.warnings                        /workspace/generated/designs/fifo/tb/test_top.py:135: DeprecationWarning: Use `handle.set(Immediate(...))` or `handle.value = Immediate(...)` instead.\n                                                          dut.din.setimmediatevalue(0)\n    20.00ns WARNING  py.warnings                        /workspace/generated/designs/fifo/tb/test_top.py:137: DeprecationWarning: Use `handle.set(Immediate(...))` or `handle.value = Immediate(...)` instead.\n                                                          dut.rst_n.setimmediatevalue(1)\n    40.00ns INFO     ..ated/designs/fifo/tb/test.py(72) [uvm_test_top]: uvm_test_top: FifoEnv created\n    40.00ns INFO     ..rated/designs/fifo/tb/env.py(52) [uvm_test_top.fifo_env]: FifoEnv build_phase complete\n    40.00ns INFO     ..signs/fifo/tb/scoreboard.py(111) [uvm_test_top.fifo_env.fifo_scoreboard]: FifoScoreboard built (DATA_WIDTH=8, DEPTH=4)\n    40.00ns INFO     ..designs/fifo/tb/coverage.py(321) [uvm_test_top.fifo_env.fifo_coverage]: FifoCoverage built (DATA_WIDTH=8, DEPTH=4, count reachable=True)\n    40.00ns INFO     ..rated/designs/fifo/tb/env.py(67) [uvm_test_top.fifo_env]: FifoEnv connect_phase: agent.ap -> scoreboard + coverage\n    40.00ns INFO     ../designs/fifo/tb/monitor.py(115) [uvm_test_top.fifo_env.fifo_agent.fifo_monitor]: FifoMonitor started (DATA_WIDTH=8, DEPTH=4)\n    40.00ns WARNING  py.warnings                        /workspace/generated/designs/fifo/tb/dut_helper.py:115: DeprecationWarning: Use `handle.set(Immediate(...))` or `handle.value = Immediate(...)` instead.\n                                                          self.dut.wr_en.setimmediatevalue(int(wr_en) & 0x1)\n    40.00ns WARNING  py.warnings                        /workspace/generated/designs/fifo/tb/dut_helper.py:116: DeprecationWarning: Use `handle.set(Immediate(...))` or `handle.value = Immediate(...)` instead.\n                                                          self.dut.rd_en.setimmediatevalue(int(rd_en) & 0x1)\n    40.00ns WARNING  py.warnings                        /workspace/generated/designs/fifo/tb/dut_helper.py:118: DeprecationWarning: Use `handle.set(Immediate(...))` or `handle.value = Immediate(...)` instead.\n                                                          self.dut.din.setimmediatevalue(int(din) & mask)\n    40.00ns INFO     ..signs/fifo/tb/scoreboard.py(120) [uvm_test_top.fifo_env.fifo_scoreboard]: FifoScoreboard run_phase started\n    40.00ns WARNING  py.warnings                        /workspace/generated/designs/fifo/tb/sequences.py:112: DeprecationWarning: Use `handle.set(Immediate(...))` or `handle.value = Immediate(...)` instead.\n                                                          self.dut.rst_n.setimmediatevalue(0)\n    50.00ns WARNING  cocotb.regression                  test_top.fifo_tb_top failed\n                                                        Traceback (most recent call last):\n                                                          File \"/workspace/generated/designs/fifo/tb/assertions.py\", line 188, in check_reset_clean_state\n                                                            assert dout == 0, (\n                                                        AssertionError: reset_clean_state violated at cycle 0: rst_n asserted but dout=0xff (expected 0)\n                                                        assert 255 == 0\n    50.00ns INFO     cocotb.regression                  **************************************************************************************\n                                                        ** TEST                          STATUS  SIM TIME (ns)  REAL TIME (s)  RATIO (ns/s) **\n                                                        **************************************************************************************\n                                                        ** test_top.fifo_tb_top           FAIL          50.00           0.01       4501.70  **\n                                                        **************************************************************************************\n                                                        ** TESTS=1 PASS=0 FAIL=1 SKIP=0                 50.00           0.01       4381.57  **\n                                                        **************************************************************************************\n- :0: Verilog $finish\nmake: *** [/home/ray/anaconda3/lib/python3.10/site-packages/cocotb_tools/makefiles/simulators/Makefile.verilator:74: /workspace/generated/designs/fifo/tb/.chia_sim/FifoTC006Test.xml] Error 1\n",
        "command": [
          "timeout",
          "--signal=TERM",
          "--kill-after=5",
          "60",
          "make",
          "-f",
          "/workspace/generated/designs/fifo/tb/.chia_sim/Makefile",
          "SIM=verilator",
          "TOPLEVEL_LANG=verilog",
          "TOPLEVEL=fifo",
          "COCOTB_TOPLEVEL=fifo",
          "MODULE=test_top",
          "COCOTB_TEST_MODULES=test_top",
          "VERILOG_SOURCES=/workspace/benchmarks/fifo/fifo.sv /workspace/generated/designs/fifo/rtl_verification/accepted/fifo.sv",
          "SIM_BUILD=/workspace/generated/designs/fifo/tb/.chia_sim/build/8c5aeec62e4d",
          "COCOTB_RESULTS_FILE=/workspace/generated/designs/fifo/tb/.chia_sim/FifoTC006Test.xml",
          "COCOTB_HDL_TIMEUNIT=1ns",
          "COCOTB_HDL_TIMEPRECISION=1ps",
          "BUILD_ARGS=-j 4"
        ],
        "test_name": "FifoTC006Test",
        "test_module": "test_top",
        "results_file": "/workspace/generated/designs/fifo/tb/.chia_sim/FifoTC006Test.xml",
        "results_file_exists": true
      },
      "FifoTC007Test": {
        "status": "runtime_error",
        "category": "runtime_error",
        "timed_out": false,
        "watchdog_expired": false,
        "returncode": 2,
        "counts": {
          "uvm_errors": 0,
          "uvm_fatals": 0,
          "uvm_warnings": 0,
          "scoreboard_mismatches": 0,
          "assertion_failures": 0
        },
        "clean_exit": false,
        "log": "rm -f /workspace/generated/designs/fifo/tb/.chia_sim/FifoTC007Test.xml\nrm -f /workspace/generated/designs/fifo/tb/.chia_sim/FifoTC007Test.xml\nCOCOTB_TEST_MODULES=test_top COCOTB_TESTCASE=  COCOTB_TOPLEVEL=fifo TOPLEVEL_LANG=verilog       \\\n         /workspace/generated/designs/fifo/tb/.chia_sim/build/8c5aeec62e4d/Vtop     \n     -.--ns INFO     gpi                                ../gpi/GpiCommon.cpp:242  in gpi_load_users                  Loaded entry library: '/home/ray/anaconda3/lib/libpython3.10.so.1.0'\n     -.--ns INFO     gpi                                ../gpi/GpiCommon.cpp:233  in gpi_load_users                  Running entry func 'initialize' from loaded library '/home/ray/anaconda3/lib/python3.10/site-packages/cocotb/simulator.cpython-310-x86_64-linux-gnu.so'\n     -.--ns INFO     pygpi                              ..ib/pygpi/embed.cpp:114  in initialize                      Using Python 3.10.19 interpreter at /home/ray/anaconda3/bin/python3\n     -.--ns INFO     gpi                                ../gpi/GpiCommon.cpp:74   in gpi_print_registered_impl       GPI: VPI support registered\n     0.00ns INFO     cocotb.initialize                  Seeding Python random module with 1789041978\n     0.00ns INFO     cocotb.initialize                  Initialized cocotb v2.1.0 from /home/ray/anaconda3/lib/python3.10/site-packages/cocotb\n     0.00ns INFO     cocotb.initialize                  Running on Verilator version 5.042 2025-11-02\n     0.00ns INFO     cocotb.regression                  Running tests\n     0.00ns INFO     cocotb.regression                  running test_top.fifo_tb_top (1/1)\n                                                            Single cocotb entry point \u2014 mirrors SV UVM's ``+UVM_TESTNAME`` flow.\n     0.00ns INFO     cocotb.fifo                        fifo_tb_top: UVM_TESTNAME=FifoTC007Test  DATA_WIDTH=8  DEPTH=4  CLK_HALF_PERIOD_NS=5  WATCHDOG_MAX_CYCLES=2000\n     0.00ns WARNING  py.warnings                        /workspace/generated/designs/fifo/tb/test_top.py:132: DeprecationWarning: Use `handle.set(Immediate(...))` or `handle.value = Immediate(...)` instead.\n                                                          dut.rst_n.setimmediatevalue(0)\n     0.00ns WARNING  py.warnings                        /workspace/generated/designs/fifo/tb/test_top.py:133: DeprecationWarning: Use `handle.set(Immediate(...))` or `handle.value = Immediate(...)` instead.\n                                                          dut.wr_en.setimmediatevalue(0)\n     0.00ns WARNING  py.warnings                        /workspace/generated/designs/fifo/tb/test_top.py:134: DeprecationWarning: Use `handle.set(Immediate(...))` or `handle.value = Immediate(...)` instead.\n                                                          dut.rd_en.setimmediatevalue(0)\n     0.00ns WARNING  py.warnings                        /workspace/generated/designs/fifo/tb/test_top.py:135: DeprecationWarning: Use `handle.set(Immediate(...))` or `handle.value = Immediate(...)` instead.\n                                                          dut.din.setimmediatevalue(0)\n    20.00ns WARNING  py.warnings                        /workspace/generated/designs/fifo/tb/test_top.py:137: DeprecationWarning: Use `handle.set(Immediate(...))` or `handle.value = Immediate(...)` instead.\n                                                          dut.rst_n.setimmediatevalue(1)\n    40.00ns INFO     ..ated/designs/fifo/tb/test.py(72) [uvm_test_top]: uvm_test_top: FifoEnv created\n    40.00ns INFO     ..rated/designs/fifo/tb/env.py(52) [uvm_test_top.fifo_env]: FifoEnv build_phase complete\n    40.00ns INFO     ..signs/fifo/tb/scoreboard.py(111) [uvm_test_top.fifo_env.fifo_scoreboard]: FifoScoreboard built (DATA_WIDTH=8, DEPTH=4)\n    40.00ns INFO     ..designs/fifo/tb/coverage.py(321) [uvm_test_top.fifo_env.fifo_coverage]: FifoCoverage built (DATA_WIDTH=8, DEPTH=4, count reachable=True)\n    40.00ns INFO     ..rated/designs/fifo/tb/env.py(67) [uvm_test_top.fifo_env]: FifoEnv connect_phase: agent.ap -> scoreboard + coverage\n    40.00ns INFO     ../designs/fifo/tb/monitor.py(115) [uvm_test_top.fifo_env.fifo_agent.fifo_monitor]: FifoMonitor started (DATA_WIDTH=8, DEPTH=4)\n    40.00ns WARNING  py.warnings                        /workspace/generated/designs/fifo/tb/dut_helper.py:115: DeprecationWarning: Use `handle.set(Immediate(...))` or `handle.value = Immediate(...)` instead.\n                                                          self.dut.wr_en.setimmediatevalue(int(wr_en) & 0x1)\n    40.00ns WARNING  py.warnings                        /workspace/generated/designs/fifo/tb/dut_helper.py:116: DeprecationWarning: Use `handle.set(Immediate(...))` or `handle.value = Immediate(...)` instead.\n                                                          self.dut.rd_en.setimmediatevalue(int(rd_en) & 0x1)\n    40.00ns WARNING  py.warnings                        /workspace/generated/designs/fifo/tb/dut_helper.py:118: DeprecationWarning: Use `handle.set(Immediate(...))` or `handle.value = Immediate(...)` instead.\n                                                          self.dut.din.setimmediatevalue(int(din) & mask)\n    40.00ns INFO     ..signs/fifo/tb/scoreboard.py(120) [uvm_test_top.fifo_env.fifo_scoreboard]: FifoScoreboard run_phase started\n    40.00ns WARNING  py.warnings                        /workspace/generated/designs/fifo/tb/sequences.py:112: DeprecationWarning: Use `handle.set(Immediate(...))` or `handle.value = Immediate(...)` instead.\n                                                          self.dut.rst_n.setimmediatevalue(0)\n    50.00ns WARNING  cocotb.regression                  test_top.fifo_tb_top failed\n                                                        Traceback (most recent call last):\n                                                          File \"/workspace/generated/designs/fifo/tb/assertions.py\", line 188, in check_reset_clean_state\n                                                            assert dout == 0, (\n                                                        AssertionError: reset_clean_state violated at cycle 0: rst_n asserted but dout=0xff (expected 0)\n                                                        assert 255 == 0\n    50.00ns INFO     cocotb.regression                  **************************************************************************************\n                                                        ** TEST                          STATUS  SIM TIME (ns)  REAL TIME (s)  RATIO (ns/s) **\n                                                        **************************************************************************************\n                                                        ** test_top.fifo_tb_top           FAIL          50.00           0.01       4485.30  **\n                                                        **************************************************************************************\n                                                        ** TESTS=1 PASS=0 FAIL=1 SKIP=0                 50.00           0.01       4364.95  **\n                                                        **************************************************************************************\n- :0: Verilog $finish\nmake: *** [/home/ray/anaconda3/lib/python3.10/site-packages/cocotb_tools/makefiles/simulators/Makefile.verilator:74: /workspace/generated/designs/fifo/tb/.chia_sim/FifoTC007Test.xml] Error 1\n",
        "command": [
          "timeout",
          "--signal=TERM",
          "--kill-after=5",
          "60",
          "make",
          "-f",
          "/workspace/generated/designs/fifo/tb/.chia_sim/Makefile",
          "SIM=verilator",
          "TOPLEVEL_LANG=verilog",
          "TOPLEVEL=fifo",
          "COCOTB_TOPLEVEL=fifo",
          "MODULE=test_top",
          "COCOTB_TEST_MODULES=test_top",
          "VERILOG_SOURCES=/workspace/benchmarks/fifo/fifo.sv /workspace/generated/designs/fifo/rtl_verification/accepted/fifo.sv",
          "SIM_BUILD=/workspace/generated/designs/fifo/tb/.chia_sim/build/8c5aeec62e4d",
          "COCOTB_RESULTS_FILE=/workspace/generated/designs/fifo/tb/.chia_sim/FifoTC007Test.xml",
          "COCOTB_HDL_TIMEUNIT=1ns",
          "COCOTB_HDL_TIMEPRECISION=1ps",
          "BUILD_ARGS=-j 4"
        ],
        "test_name": "FifoTC007Test",
        "test_module": "test_top",
        "results_file": "/workspace/generated/designs/fifo/tb/.chia_sim/FifoTC007Test.xml",
        "results_file_exists": true
      },
      "FifoTC008Test": {
        "status": "runtime_error",
        "category": "runtime_error",
        "timed_out": false,
        "watchdog_expired": false,
        "returncode": 2,
        "counts": {
          "uvm_errors": 0,
          "uvm_fatals": 0,
          "uvm_warnings": 0,
          "scoreboard_mismatches": 0,
          "assertion_failures": 0
        },
        "clean_exit": false,
        "log": "rm -f /workspace/generated/designs/fifo/tb/.chia_sim/FifoTC008Test.xml\nrm -f /workspace/generated/designs/fifo/tb/.chia_sim/FifoTC008Test.xml\nCOCOTB_TEST_MODULES=test_top COCOTB_TESTCASE=  COCOTB_TOPLEVEL=fifo TOPLEVEL_LANG=verilog       \\\n         /workspace/generated/designs/fifo/tb/.chia_sim/build/8c5aeec62e4d/Vtop     \n     -.--ns INFO     gpi                                ../gpi/GpiCommon.cpp:242  in gpi_load_users                  Loaded entry library: '/home/ray/anaconda3/lib/libpython3.10.so.1.0'\n     -.--ns INFO     gpi                                ../gpi/GpiCommon.cpp:233  in gpi_load_users                  Running entry func 'initialize' from loaded library '/home/ray/anaconda3/lib/python3.10/site-packages/cocotb/simulator.cpython-310-x86_64-linux-gnu.so'\n     -.--ns INFO     pygpi                              ..ib/pygpi/embed.cpp:114  in initialize                      Using Python 3.10.19 interpreter at /home/ray/anaconda3/bin/python3\n     -.--ns INFO     gpi                                ../gpi/GpiCommon.cpp:74   in gpi_print_registered_impl       GPI: VPI support registered\n     0.00ns INFO     cocotb.initialize                  Seeding Python random module with 1789041979\n     0.00ns INFO     cocotb.initialize                  Initialized cocotb v2.1.0 from /home/ray/anaconda3/lib/python3.10/site-packages/cocotb\n     0.00ns INFO     cocotb.initialize                  Running on Verilator version 5.042 2025-11-02\n     0.00ns INFO     cocotb.regression                  Running tests\n     0.00ns INFO     cocotb.regression                  running test_top.fifo_tb_top (1/1)\n                                                            Single cocotb entry point \u2014 mirrors SV UVM's ``+UVM_TESTNAME`` flow.\n     0.00ns INFO     cocotb.fifo                        fifo_tb_top: UVM_TESTNAME=FifoTC008Test  DATA_WIDTH=8  DEPTH=4  CLK_HALF_PERIOD_NS=5  WATCHDOG_MAX_CYCLES=2000\n     0.00ns WARNING  py.warnings                        /workspace/generated/designs/fifo/tb/test_top.py:132: DeprecationWarning: Use `handle.set(Immediate(...))` or `handle.value = Immediate(...)` instead.\n                                                          dut.rst_n.setimmediatevalue(0)\n     0.00ns WARNING  py.warnings                        /workspace/generated/designs/fifo/tb/test_top.py:133: DeprecationWarning: Use `handle.set(Immediate(...))` or `handle.value = Immediate(...)` instead.\n                                                          dut.wr_en.setimmediatevalue(0)\n     0.00ns WARNING  py.warnings                        /workspace/generated/designs/fifo/tb/test_top.py:134: DeprecationWarning: Use `handle.set(Immediate(...))` or `handle.value = Immediate(...)` instead.\n                                                          dut.rd_en.setimmediatevalue(0)\n     0.00ns WARNING  py.warnings                        /workspace/generated/designs/fifo/tb/test_top.py:135: DeprecationWarning: Use `handle.set(Immediate(...))` or `handle.value = Immediate(...)` instead.\n                                                          dut.din.setimmediatevalue(0)\n    20.00ns WARNING  py.warnings                        /workspace/generated/designs/fifo/tb/test_top.py:137: DeprecationWarning: Use `handle.set(Immediate(...))` or `handle.value = Immediate(...)` instead.\n                                                          dut.rst_n.setimmediatevalue(1)\n    40.00ns INFO     ..ated/designs/fifo/tb/test.py(72) [uvm_test_top]: uvm_test_top: FifoEnv created\n    40.00ns INFO     ..rated/designs/fifo/tb/env.py(52) [uvm_test_top.fifo_env]: FifoEnv build_phase complete\n    40.00ns INFO     ..signs/fifo/tb/scoreboard.py(111) [uvm_test_top.fifo_env.fifo_scoreboard]: FifoScoreboard built (DATA_WIDTH=8, DEPTH=4)\n    40.00ns INFO     ..designs/fifo/tb/coverage.py(321) [uvm_test_top.fifo_env.fifo_coverage]: FifoCoverage built (DATA_WIDTH=8, DEPTH=4, count reachable=True)\n    40.00ns INFO     ..rated/designs/fifo/tb/env.py(67) [uvm_test_top.fifo_env]: FifoEnv connect_phase: agent.ap -> scoreboard + coverage\n    40.00ns INFO     ../designs/fifo/tb/monitor.py(115) [uvm_test_top.fifo_env.fifo_agent.fifo_monitor]: FifoMonitor started (DATA_WIDTH=8, DEPTH=4)\n    40.00ns WARNING  py.warnings                        /workspace/generated/designs/fifo/tb/dut_helper.py:115: DeprecationWarning: Use `handle.set(Immediate(...))` or `handle.value = Immediate(...)` instead.\n                                                          self.dut.wr_en.setimmediatevalue(int(wr_en) & 0x1)\n    40.00ns WARNING  py.warnings                        /workspace/generated/designs/fifo/tb/dut_helper.py:116: DeprecationWarning: Use `handle.set(Immediate(...))` or `handle.value = Immediate(...)` instead.\n                                                          self.dut.rd_en.setimmediatevalue(int(rd_en) & 0x1)\n    40.00ns WARNING  py.warnings                        /workspace/generated/designs/fifo/tb/dut_helper.py:118: DeprecationWarning: Use `handle.set(Immediate(...))` or `handle.value = Immediate(...)` instead.\n                                                          self.dut.din.setimmediatevalue(int(din) & mask)\n    40.00ns INFO     ..signs/fifo/tb/scoreboard.py(120) [uvm_test_top.fifo_env.fifo_scoreboard]: FifoScoreboard run_phase started\n    40.00ns WARNING  py.warnings                        /workspace/generated/designs/fifo/tb/sequences.py:112: DeprecationWarning: Use `handle.set(Immediate(...))` or `handle.value = Immediate(...)` instead.\n                                                          self.dut.rst_n.setimmediatevalue(0)\n    50.00ns WARNING  cocotb.regression                  test_top.fifo_tb_top failed\n                                                        Traceback (most recent call last):\n                                                          File \"/workspace/generated/designs/fifo/tb/assertions.py\", line 188, in check_reset_clean_state\n                                                            assert dout == 0, (\n                                                        AssertionError: reset_clean_state violated at cycle 0: rst_n asserted but dout=0xff (expected 0)\n                                                        assert 255 == 0\n    50.00ns INFO     cocotb.regression                  **************************************************************************************\n                                                        ** TEST                          STATUS  SIM TIME (ns)  REAL TIME (s)  RATIO (ns/s) **\n                                                        **************************************************************************************\n                                                        ** test_top.fifo_tb_top           FAIL          50.00           0.01       4511.62  **\n                                                        **************************************************************************************\n                                                        ** TESTS=1 PASS=0 FAIL=1 SKIP=0                 50.00           0.01       4389.90  **\n                                                        **************************************************************************************\n- :0: Verilog $finish\nmake: *** [/home/ray/anaconda3/lib/python3.10/site-packages/cocotb_tools/makefiles/simulators/Makefile.verilator:74: /workspace/generated/designs/fifo/tb/.chia_sim/FifoTC008Test.xml] Error 1\n",
        "command": [
          "timeout",
          "--signal=TERM",
          "--kill-after=5",
          "60",
          "make",
          "-f",
          "/workspace/generated/designs/fifo/tb/.chia_sim/Makefile",
          "SIM=verilator",
          "TOPLEVEL_LANG=verilog",
          "TOPLEVEL=fifo",
          "COCOTB_TOPLEVEL=fifo",
          "MODULE=test_top",
          "COCOTB_TEST_MODULES=test_top",
          "VERILOG_SOURCES=/workspace/benchmarks/fifo/fifo.sv /workspace/generated/designs/fifo/rtl_verification/accepted/fifo.sv",
          "SIM_BUILD=/workspace/generated/designs/fifo/tb/.chia_sim/build/8c5aeec62e4d",
          "COCOTB_RESULTS_FILE=/workspace/generated/designs/fifo/tb/.chia_sim/FifoTC008Test.xml",
          "COCOTB_HDL_TIMEUNIT=1ns",
          "COCOTB_HDL_TIMEPRECISION=1ps",
          "BUILD_ARGS=-j 4"
        ],
        "test_name": "FifoTC008Test",
        "test_module": "test_top",
        "results_file": "/workspace/generated/designs/fifo/tb/.chia_sim/FifoTC008Test.xml",
        "results_file_exists": true
      },
      "FifoTC009Test": {
        "status": "runtime_error",
        "category": "runtime_error",
        "timed_out": false,
        "watchdog_expired": false,
        "returncode": 2,
        "counts": {
          "uvm_errors": 0,
          "uvm_fatals": 0,
          "uvm_warnings": 0,
          "scoreboard_mismatches": 0,
          "assertion_failures": 0
        },
        "clean_exit": false,
        "log": "rm -f /workspace/generated/designs/fifo/tb/.chia_sim/FifoTC009Test.xml\nrm -f /workspace/generated/designs/fifo/tb/.chia_sim/FifoTC009Test.xml\nCOCOTB_TEST_MODULES=test_top COCOTB_TESTCASE=  COCOTB_TOPLEVEL=fifo TOPLEVEL_LANG=verilog       \\\n         /workspace/generated/designs/fifo/tb/.chia_sim/build/8c5aeec62e4d/Vtop     \n     -.--ns INFO     gpi                                ../gpi/GpiCommon.cpp:242  in gpi_load_users                  Loaded entry library: '/home/ray/anaconda3/lib/libpython3.10.so.1.0'\n     -.--ns INFO     gpi                                ../gpi/GpiCommon.cpp:233  in gpi_load_users                  Running entry func 'initialize' from loaded library '/home/ray/anaconda3/lib/python3.10/site-packages/cocotb/simulator.cpython-310-x86_64-linux-gnu.so'\n     -.--ns INFO     pygpi                              ..ib/pygpi/embed.cpp:114  in initialize                      Using Python 3.10.19 interpreter at /home/ray/anaconda3/bin/python3\n     -.--ns INFO     gpi                                ../gpi/GpiCommon.cpp:74   in gpi_print_registered_impl       GPI: VPI support registered\n     0.00ns INFO     cocotb.initialize                  Seeding Python random module with 1789041979\n     0.00ns INFO     cocotb.initialize                  Initialized cocotb v2.1.0 from /home/ray/anaconda3/lib/python3.10/site-packages/cocotb\n     0.00ns INFO     cocotb.initialize                  Running on Verilator version 5.042 2025-11-02\n     0.00ns INFO     cocotb.regression                  Running tests\n     0.00ns INFO     cocotb.regression                  running test_top.fifo_tb_top (1/1)\n                                                            Single cocotb entry point \u2014 mirrors SV UVM's ``+UVM_TESTNAME`` flow.\n     0.00ns INFO     cocotb.fifo                        fifo_tb_top: UVM_TESTNAME=FifoTC009Test  DATA_WIDTH=8  DEPTH=4  CLK_HALF_PERIOD_NS=5  WATCHDOG_MAX_CYCLES=2000\n     0.00ns WARNING  py.warnings                        /workspace/generated/designs/fifo/tb/test_top.py:132: DeprecationWarning: Use `handle.set(Immediate(...))` or `handle.value = Immediate(...)` instead.\n                                                          dut.rst_n.setimmediatevalue(0)\n     0.00ns WARNING  py.warnings                        /workspace/generated/designs/fifo/tb/test_top.py:133: DeprecationWarning: Use `handle.set(Immediate(...))` or `handle.value = Immediate(...)` instead.\n                                                          dut.wr_en.setimmediatevalue(0)\n     0.00ns WARNING  py.warnings                        /workspace/generated/designs/fifo/tb/test_top.py:134: DeprecationWarning: Use `handle.set(Immediate(...))` or `handle.value = Immediate(...)` instead.\n                                                          dut.rd_en.setimmediatevalue(0)\n     0.00ns WARNING  py.warnings                        /workspace/generated/designs/fifo/tb/test_top.py:135: DeprecationWarning: Use `handle.set(Immediate(...))` or `handle.value = Immediate(...)` instead.\n                                                          dut.din.setimmediatevalue(0)\n    20.00ns WARNING  py.warnings                        /workspace/generated/designs/fifo/tb/test_top.py:137: DeprecationWarning: Use `handle.set(Immediate(...))` or `handle.value = Immediate(...)` instead.\n                                                          dut.rst_n.setimmediatevalue(1)\n    40.00ns INFO     ..ated/designs/fifo/tb/test.py(72) [uvm_test_top]: uvm_test_top: FifoEnv created\n    40.00ns INFO     ..rated/designs/fifo/tb/env.py(52) [uvm_test_top.fifo_env]: FifoEnv build_phase complete\n    40.00ns INFO     ..signs/fifo/tb/scoreboard.py(111) [uvm_test_top.fifo_env.fifo_scoreboard]: FifoScoreboard built (DATA_WIDTH=8, DEPTH=4)\n    40.00ns INFO     ..designs/fifo/tb/coverage.py(321) [uvm_test_top.fifo_env.fifo_coverage]: FifoCoverage built (DATA_WIDTH=8, DEPTH=4, count reachable=True)\n    40.00ns INFO     ..rated/designs/fifo/tb/env.py(67) [uvm_test_top.fifo_env]: FifoEnv connect_phase: agent.ap -> scoreboard + coverage\n    40.00ns INFO     ../designs/fifo/tb/monitor.py(115) [uvm_test_top.fifo_env.fifo_agent.fifo_monitor]: FifoMonitor started (DATA_WIDTH=8, DEPTH=4)\n    40.00ns WARNING  py.warnings                        /workspace/generated/designs/fifo/tb/dut_helper.py:115: DeprecationWarning: Use `handle.set(Immediate(...))` or `handle.value = Immediate(...)` instead.\n                                                          self.dut.wr_en.setimmediatevalue(int(wr_en) & 0x1)\n    40.00ns WARNING  py.warnings                        /workspace/generated/designs/fifo/tb/dut_helper.py:116: DeprecationWarning: Use `handle.set(Immediate(...))` or `handle.value = Immediate(...)` instead.\n                                                          self.dut.rd_en.setimmediatevalue(int(rd_en) & 0x1)\n    40.00ns WARNING  py.warnings                        /workspace/generated/designs/fifo/tb/dut_helper.py:118: DeprecationWarning: Use `handle.set(Immediate(...))` or `handle.value = Immediate(...)` instead.\n                                                          self.dut.din.setimmediatevalue(int(din) & mask)\n    40.00ns INFO     ..signs/fifo/tb/scoreboard.py(120) [uvm_test_top.fifo_env.fifo_scoreboard]: FifoScoreboard run_phase started\n    40.00ns WARNING  py.warnings                        /workspace/generated/designs/fifo/tb/sequences.py:112: DeprecationWarning: Use `handle.set(Immediate(...))` or `handle.value = Immediate(...)` instead.\n                                                          self.dut.rst_n.setimmediatevalue(0)\n    50.00ns WARNING  cocotb.regression                  test_top.fifo_tb_top failed\n                                                        Traceback (most recent call last):\n                                                          File \"/workspace/generated/designs/fifo/tb/assertions.py\", line 188, in check_reset_clean_state\n                                                            assert dout == 0, (\n                                                        AssertionError: reset_clean_state violated at cycle 0: rst_n asserted but dout=0xff (expected 0)\n                                                        assert 255 == 0\n    50.00ns INFO     cocotb.regression                  **************************************************************************************\n                                                        ** TEST                          STATUS  SIM TIME (ns)  REAL TIME (s)  RATIO (ns/s) **\n                                                        **************************************************************************************\n                                                        ** test_top.fifo_tb_top           FAIL          50.00           0.01       4283.68  **\n                                                        **************************************************************************************\n                                                        ** TESTS=1 PASS=0 FAIL=1 SKIP=0                 50.00           0.01       4170.58  **\n                                                        **************************************************************************************\n- :0: Verilog $finish\nmake: *** [/home/ray/anaconda3/lib/python3.10/site-packages/cocotb_tools/makefiles/simulators/Makefile.verilator:74: /workspace/generated/designs/fifo/tb/.chia_sim/FifoTC009Test.xml] Error 1\n",
        "command": [
          "timeout",
          "--signal=TERM",
          "--kill-after=5",
          "60",
          "make",
          "-f",
          "/workspace/generated/designs/fifo/tb/.chia_sim/Makefile",
          "SIM=verilator",
          "TOPLEVEL_LANG=verilog",
          "TOPLEVEL=fifo",
          "COCOTB_TOPLEVEL=fifo",
          "MODULE=test_top",
          "COCOTB_TEST_MODULES=test_top",
          "VERILOG_SOURCES=/workspace/benchmarks/fifo/fifo.sv /workspace/generated/designs/fifo/rtl_verification/accepted/fifo.sv",
          "SIM_BUILD=/workspace/generated/designs/fifo/tb/.chia_sim/build/8c5aeec62e4d",
          "COCOTB_RESULTS_FILE=/workspace/generated/designs/fifo/tb/.chia_sim/FifoTC009Test.xml",
          "COCOTB_HDL_TIMEUNIT=1ns",
          "COCOTB_HDL_TIMEPRECISION=1ps",
          "BUILD_ARGS=-j 4"
        ],
        "test_name": "FifoTC009Test",
        "test_module": "test_top",
        "results_file": "/workspace/generated/designs/fifo/tb/.chia_sim/FifoTC009Test.xml",
        "results_file_exists": true
      },
      "FifoTC010Test": {
        "status": "runtime_error",
        "category": "runtime_error",
        "timed_out": false,
        "watchdog_expired": false,
        "returncode": 2,
        "counts": {
          "uvm_errors": 0,
          "uvm_fatals": 0,
          "uvm_warnings": 0,
          "scoreboard_mismatches": 0,
          "assertion_failures": 0
        },
        "clean_exit": false,
        "log": "rm -f /workspace/generated/designs/fifo/tb/.chia_sim/FifoTC010Test.xml\nrm -f /workspace/generated/designs/fifo/tb/.chia_sim/FifoTC010Test.xml\nCOCOTB_TEST_MODULES=test_top COCOTB_TESTCASE=  COCOTB_TOPLEVEL=fifo TOPLEVEL_LANG=verilog       \\\n         /workspace/generated/designs/fifo/tb/.chia_sim/build/8c5aeec62e4d/Vtop     \n     -.--ns INFO     gpi                                ../gpi/GpiCommon.cpp:242  in gpi_load_users                  Loaded entry library: '/home/ray/anaconda3/lib/libpython3.10.so.1.0'\n     -.--ns INFO     gpi                                ../gpi/GpiCommon.cpp:233  in gpi_load_users                  Running entry func 'initialize' from loaded library '/home/ray/anaconda3/lib/python3.10/site-packages/cocotb/simulator.cpython-310-x86_64-linux-gnu.so'\n     -.--ns INFO     pygpi                              ..ib/pygpi/embed.cpp:114  in initialize                      Using Python 3.10.19 interpreter at /home/ray/anaconda3/bin/python3\n     -.--ns INFO     gpi                                ../gpi/GpiCommon.cpp:74   in gpi_print_registered_impl       GPI: VPI support registered\n     0.00ns INFO     cocotb.initialize                  Seeding Python random module with 1789041980\n     0.00ns INFO     cocotb.initialize                  Initialized cocotb v2.1.0 from /home/ray/anaconda3/lib/python3.10/site-packages/cocotb\n     0.00ns INFO     cocotb.initialize                  Running on Verilator version 5.042 2025-11-02\n     0.00ns INFO     cocotb.regression                  Running tests\n     0.00ns INFO     cocotb.regression                  running test_top.fifo_tb_top (1/1)\n                                                            Single cocotb entry point \u2014 mirrors SV UVM's ``+UVM_TESTNAME`` flow.\n     0.00ns INFO     cocotb.fifo                        fifo_tb_top: UVM_TESTNAME=FifoTC010Test  DATA_WIDTH=8  DEPTH=4  CLK_HALF_PERIOD_NS=5  WATCHDOG_MAX_CYCLES=2000\n     0.00ns WARNING  py.warnings                        /workspace/generated/designs/fifo/tb/test_top.py:132: DeprecationWarning: Use `handle.set(Immediate(...))` or `handle.value = Immediate(...)` instead.\n                                                          dut.rst_n.setimmediatevalue(0)\n     0.00ns WARNING  py.warnings                        /workspace/generated/designs/fifo/tb/test_top.py:133: DeprecationWarning: Use `handle.set(Immediate(...))` or `handle.value = Immediate(...)` instead.\n                                                          dut.wr_en.setimmediatevalue(0)\n     0.00ns WARNING  py.warnings                        /workspace/generated/designs/fifo/tb/test_top.py:134: DeprecationWarning: Use `handle.set(Immediate(...))` or `handle.value = Immediate(...)` instead.\n                                                          dut.rd_en.setimmediatevalue(0)\n     0.00ns WARNING  py.warnings                        /workspace/generated/designs/fifo/tb/test_top.py:135: DeprecationWarning: Use `handle.set(Immediate(...))` or `handle.value = Immediate(...)` instead.\n                                                          dut.din.setimmediatevalue(0)\n    20.00ns WARNING  py.warnings                        /workspace/generated/designs/fifo/tb/test_top.py:137: DeprecationWarning: Use `handle.set(Immediate(...))` or `handle.value = Immediate(...)` instead.\n                                                          dut.rst_n.setimmediatevalue(1)\n    40.00ns INFO     ..ated/designs/fifo/tb/test.py(72) [uvm_test_top]: uvm_test_top: FifoEnv created\n    40.00ns INFO     ..rated/designs/fifo/tb/env.py(52) [uvm_test_top.fifo_env]: FifoEnv build_phase complete\n    40.00ns INFO     ..signs/fifo/tb/scoreboard.py(111) [uvm_test_top.fifo_env.fifo_scoreboard]: FifoScoreboard built (DATA_WIDTH=8, DEPTH=4)\n    40.00ns INFO     ..designs/fifo/tb/coverage.py(321) [uvm_test_top.fifo_env.fifo_coverage]: FifoCoverage built (DATA_WIDTH=8, DEPTH=4, count reachable=True)\n    40.00ns INFO     ..rated/designs/fifo/tb/env.py(67) [uvm_test_top.fifo_env]: FifoEnv connect_phase: agent.ap -> scoreboard + coverage\n    40.00ns INFO     ../designs/fifo/tb/monitor.py(115) [uvm_test_top.fifo_env.fifo_agent.fifo_monitor]: FifoMonitor started (DATA_WIDTH=8, DEPTH=4)\n    40.00ns WARNING  py.warnings                        /workspace/generated/designs/fifo/tb/dut_helper.py:115: DeprecationWarning: Use `handle.set(Immediate(...))` or `handle.value = Immediate(...)` instead.\n                                                          self.dut.wr_en.setimmediatevalue(int(wr_en) & 0x1)\n    40.00ns WARNING  py.warnings                        /workspace/generated/designs/fifo/tb/dut_helper.py:116: DeprecationWarning: Use `handle.set(Immediate(...))` or `handle.value = Immediate(...)` instead.\n                                                          self.dut.rd_en.setimmediatevalue(int(rd_en) & 0x1)\n    40.00ns WARNING  py.warnings                        /workspace/generated/designs/fifo/tb/dut_helper.py:118: DeprecationWarning: Use `handle.set(Immediate(...))` or `handle.value = Immediate(...)` instead.\n                                                          self.dut.din.setimmediatevalue(int(din) & mask)\n    40.00ns INFO     ..signs/fifo/tb/scoreboard.py(120) [uvm_test_top.fifo_env.fifo_scoreboard]: FifoScoreboard run_phase started\n    40.00ns WARNING  py.warnings                        /workspace/generated/designs/fifo/tb/sequences.py:112: DeprecationWarning: Use `handle.set(Immediate(...))` or `handle.value = Immediate(...)` instead.\n                                                          self.dut.rst_n.setimmediatevalue(0)\n    50.00ns WARNING  cocotb.regression                  test_top.fifo_tb_top failed\n                                                        Traceback (most recent call last):\n                                                          File \"/workspace/generated/designs/fifo/tb/assertions.py\", line 188, in check_reset_clean_state\n                                                            assert dout == 0, (\n                                                        AssertionError: reset_clean_state violated at cycle 0: rst_n asserted but dout=0xff (expected 0)\n                                                        assert 255 == 0\n    50.00ns INFO     cocotb.regression                  **************************************************************************************\n                                                        ** TEST                          STATUS  SIM TIME (ns)  REAL TIME (s)  RATIO (ns/s) **\n                                                        **************************************************************************************\n                                                        ** test_top.fifo_tb_top           FAIL          50.00           0.01       4503.44  **\n                                                        **************************************************************************************\n                                                        ** TESTS=1 PASS=0 FAIL=1 SKIP=0                 50.00           0.01       4376.14  **\n                                                        **************************************************************************************\n- :0: Verilog $finish\nmake: *** [/home/ray/anaconda3/lib/python3.10/site-packages/cocotb_tools/makefiles/simulators/Makefile.verilator:74: /workspace/generated/designs/fifo/tb/.chia_sim/FifoTC010Test.xml] Error 1\n",
        "command": [
          "timeout",
          "--signal=TERM",
          "--kill-after=5",
          "60",
          "make",
          "-f",
          "/workspace/generated/designs/fifo/tb/.chia_sim/Makefile",
          "SIM=verilator",
          "TOPLEVEL_LANG=verilog",
          "TOPLEVEL=fifo",
          "COCOTB_TOPLEVEL=fifo",
          "MODULE=test_top",
          "COCOTB_TEST_MODULES=test_top",
          "VERILOG_SOURCES=/workspace/benchmarks/fifo/fifo.sv /workspace/generated/designs/fifo/rtl_verification/accepted/fifo.sv",
          "SIM_BUILD=/workspace/generated/designs/fifo/tb/.chia_sim/build/8c5aeec62e4d",
          "COCOTB_RESULTS_FILE=/workspace/generated/designs/fifo/tb/.chia_sim/FifoTC010Test.xml",
          "COCOTB_HDL_TIMEUNIT=1ns",
          "COCOTB_HDL_TIMEPRECISION=1ps",
          "BUILD_ARGS=-j 4"
        ],
        "test_name": "FifoTC010Test",
        "test_module": "test_top",
        "results_file": "/workspace/generated/designs/fifo/tb/.chia_sim/FifoTC010Test.xml",
        "results_file_exists": true
      },
      "FifoCornerTest": {
        "status": "runtime_error",
        "category": "runtime_error",
        "timed_out": false,
        "watchdog_expired": false,
        "returncode": 2,
        "counts": {
          "uvm_errors": 0,
          "uvm_fatals": 0,
          "uvm_warnings": 0,
          "scoreboard_mismatches": 0,
          "assertion_failures": 0
        },
        "clean_exit": false,
        "log": "rm -f /workspace/generated/designs/fifo/tb/.chia_sim/FifoCornerTest.xml\nrm -f /workspace/generated/designs/fifo/tb/.chia_sim/FifoCornerTest.xml\nCOCOTB_TEST_MODULES=test_top COCOTB_TESTCASE=  COCOTB_TOPLEVEL=fifo TOPLEVEL_LANG=verilog       \\\n         /workspace/generated/designs/fifo/tb/.chia_sim/build/8c5aeec62e4d/Vtop     \n     -.--ns INFO     gpi                                ../gpi/GpiCommon.cpp:242  in gpi_load_users                  Loaded entry library: '/home/ray/anaconda3/lib/libpython3.10.so.1.0'\n     -.--ns INFO     gpi                                ../gpi/GpiCommon.cpp:233  in gpi_load_users                  Running entry func 'initialize' from loaded library '/home/ray/anaconda3/lib/python3.10/site-packages/cocotb/simulator.cpython-310-x86_64-linux-gnu.so'\n     -.--ns INFO     pygpi                              ..ib/pygpi/embed.cpp:114  in initialize                      Using Python 3.10.19 interpreter at /home/ray/anaconda3/bin/python3\n     -.--ns INFO     gpi                                ../gpi/GpiCommon.cpp:74   in gpi_print_registered_impl       GPI: VPI support registered\n     0.00ns INFO     cocotb.initialize                  Seeding Python random module with 1789041980\n     0.00ns INFO     cocotb.initialize                  Initialized cocotb v2.1.0 from /home/ray/anaconda3/lib/python3.10/site-packages/cocotb\n     0.00ns INFO     cocotb.initialize                  Running on Verilator version 5.042 2025-11-02\n     0.00ns INFO     cocotb.regression                  Running tests\n     0.00ns INFO     cocotb.regression                  running test_top.fifo_tb_top (1/1)\n                                                            Single cocotb entry point \u2014 mirrors SV UVM's ``+UVM_TESTNAME`` flow.\n     0.00ns INFO     cocotb.fifo                        fifo_tb_top: UVM_TESTNAME=FifoCornerTest  DATA_WIDTH=8  DEPTH=4  CLK_HALF_PERIOD_NS=5  WATCHDOG_MAX_CYCLES=2000\n     0.00ns WARNING  py.warnings                        /workspace/generated/designs/fifo/tb/test_top.py:132: DeprecationWarning: Use `handle.set(Immediate(...))` or `handle.value = Immediate(...)` instead.\n                                                          dut.rst_n.setimmediatevalue(0)\n     0.00ns WARNING  py.warnings                        /workspace/generated/designs/fifo/tb/test_top.py:133: DeprecationWarning: Use `handle.set(Immediate(...))` or `handle.value = Immediate(...)` instead.\n                                                          dut.wr_en.setimmediatevalue(0)\n     0.00ns WARNING  py.warnings                        /workspace/generated/designs/fifo/tb/test_top.py:134: DeprecationWarning: Use `handle.set(Immediate(...))` or `handle.value = Immediate(...)` instead.\n                                                          dut.rd_en.setimmediatevalue(0)\n     0.00ns WARNING  py.warnings                        /workspace/generated/designs/fifo/tb/test_top.py:135: DeprecationWarning: Use `handle.set(Immediate(...))` or `handle.value = Immediate(...)` instead.\n                                                          dut.din.setimmediatevalue(0)\n    20.00ns WARNING  py.warnings                        /workspace/generated/designs/fifo/tb/test_top.py:137: DeprecationWarning: Use `handle.set(Immediate(...))` or `handle.value = Immediate(...)` instead.\n                                                          dut.rst_n.setimmediatevalue(1)\n    40.00ns INFO     ..ated/designs/fifo/tb/test.py(72) [uvm_test_top]: uvm_test_top: FifoEnv created\n    40.00ns INFO     ..rated/designs/fifo/tb/env.py(52) [uvm_test_top.fifo_env]: FifoEnv build_phase complete\n    40.00ns INFO     ..signs/fifo/tb/scoreboard.py(111) [uvm_test_top.fifo_env.fifo_scoreboard]: FifoScoreboard built (DATA_WIDTH=8, DEPTH=4)\n    40.00ns INFO     ..designs/fifo/tb/coverage.py(321) [uvm_test_top.fifo_env.fifo_coverage]: FifoCoverage built (DATA_WIDTH=8, DEPTH=4, count reachable=True)\n    40.00ns INFO     ..rated/designs/fifo/tb/env.py(67) [uvm_test_top.fifo_env]: FifoEnv connect_phase: agent.ap -> scoreboard + coverage\n    40.00ns INFO     ../designs/fifo/tb/monitor.py(115) [uvm_test_top.fifo_env.fifo_agent.fifo_monitor]: FifoMonitor started (DATA_WIDTH=8, DEPTH=4)\n    40.00ns WARNING  py.warnings                        /workspace/generated/designs/fifo/tb/dut_helper.py:115: DeprecationWarning: Use `handle.set(Immediate(...))` or `handle.value = Immediate(...)` instead.\n                                                          self.dut.wr_en.setimmediatevalue(int(wr_en) & 0x1)\n    40.00ns WARNING  py.warnings                        /workspace/generated/designs/fifo/tb/dut_helper.py:116: DeprecationWarning: Use `handle.set(Immediate(...))` or `handle.value = Immediate(...)` instead.\n                                                          self.dut.rd_en.setimmediatevalue(int(rd_en) & 0x1)\n    40.00ns WARNING  py.warnings                        /workspace/generated/designs/fifo/tb/dut_helper.py:118: DeprecationWarning: Use `handle.set(Immediate(...))` or `handle.value = Immediate(...)` instead.\n                                                          self.dut.din.setimmediatevalue(int(din) & mask)\n    40.00ns INFO     ..signs/fifo/tb/scoreboard.py(120) [uvm_test_top.fifo_env.fifo_scoreboard]: FifoScoreboard run_phase started\n    40.00ns WARNING  py.warnings                        /workspace/generated/designs/fifo/tb/sequences.py:112: DeprecationWarning: Use `handle.set(Immediate(...))` or `handle.value = Immediate(...)` instead.\n                                                          self.dut.rst_n.setimmediatevalue(0)\n    50.00ns WARNING  cocotb.regression                  test_top.fifo_tb_top failed\n                                                        Traceback (most recent call last):\n                                                          File \"/workspace/generated/designs/fifo/tb/assertions.py\", line 188, in check_reset_clean_state\n                                                            assert dout == 0, (\n                                                        AssertionError: reset_clean_state violated at cycle 0: rst_n asserted but dout=0xff (expected 0)\n                                                        assert 255 == 0\n    50.00ns INFO     cocotb.regression                  **************************************************************************************\n                                                        ** TEST                          STATUS  SIM TIME (ns)  REAL TIME (s)  RATIO (ns/s) **\n                                                        **************************************************************************************\n                                                        ** test_top.fifo_tb_top           FAIL          50.00           0.01       4548.39  **\n                                                        **************************************************************************************\n                                                        ** TESTS=1 PASS=0 FAIL=1 SKIP=0                 50.00           0.01       4416.01  **\n                                                        **************************************************************************************\n- :0: Verilog $finish\nmake: *** [/home/ray/anaconda3/lib/python3.10/site-packages/cocotb_tools/makefiles/simulators/Makefile.verilator:74: /workspace/generated/designs/fifo/tb/.chia_sim/FifoCornerTest.xml] Error 1\n",
        "command": [
          "timeout",
          "--signal=TERM",
          "--kill-after=5",
          "60",
          "make",
          "-f",
          "/workspace/generated/designs/fifo/tb/.chia_sim/Makefile",
          "SIM=verilator",
          "TOPLEVEL_LANG=verilog",
          "TOPLEVEL=fifo",
          "COCOTB_TOPLEVEL=fifo",
          "MODULE=test_top",
          "COCOTB_TEST_MODULES=test_top",
          "VERILOG_SOURCES=/workspace/benchmarks/fifo/fifo.sv /workspace/generated/designs/fifo/rtl_verification/accepted/fifo.sv",
          "SIM_BUILD=/workspace/generated/designs/fifo/tb/.chia_sim/build/8c5aeec62e4d",
          "COCOTB_RESULTS_FILE=/workspace/generated/designs/fifo/tb/.chia_sim/FifoCornerTest.xml",
          "COCOTB_HDL_TIMEUNIT=1ns",
          "COCOTB_HDL_TIMEPRECISION=1ps",
          "BUILD_ARGS=-j 4"
        ],
        "test_name": "FifoCornerTest",
        "test_module": "test_top",
        "results_file": "/workspace/generated/designs/fifo/tb/.chia_sim/FifoCornerTest.xml",
        "results_file_exists": true
      },
      "FifoBackToBackTest": {
        "status": "runtime_error",
        "category": "runtime_error",
        "timed_out": false,
        "watchdog_expired": false,
        "returncode": 2,
        "counts": {
          "uvm_errors": 0,
          "uvm_fatals": 0,
          "uvm_warnings": 0,
          "scoreboard_mismatches": 0,
          "assertion_failures": 0
        },
        "clean_exit": false,
        "log": "rm -f /workspace/generated/designs/fifo/tb/.chia_sim/FifoBackToBackTest.xml\nrm -f /workspace/generated/designs/fifo/tb/.chia_sim/FifoBackToBackTest.xml\nCOCOTB_TEST_MODULES=test_top COCOTB_TESTCASE=  COCOTB_TOPLEVEL=fifo TOPLEVEL_LANG=verilog       \\\n         /workspace/generated/designs/fifo/tb/.chia_sim/build/8c5aeec62e4d/Vtop     \n     -.--ns INFO     gpi                                ../gpi/GpiCommon.cpp:242  in gpi_load_users                  Loaded entry library: '/home/ray/anaconda3/lib/libpython3.10.so.1.0'\n     -.--ns INFO     gpi                                ../gpi/GpiCommon.cpp:233  in gpi_load_users                  Running entry func 'initialize' from loaded library '/home/ray/anaconda3/lib/python3.10/site-packages/cocotb/simulator.cpython-310-x86_64-linux-gnu.so'\n     -.--ns INFO     pygpi                              ..ib/pygpi/embed.cpp:114  in initialize                      Using Python 3.10.19 interpreter at /home/ray/anaconda3/bin/python3\n     -.--ns INFO     gpi                                ../gpi/GpiCommon.cpp:74   in gpi_print_registered_impl       GPI: VPI support registered\n     0.00ns INFO     cocotb.initialize                  Seeding Python random module with 1789041981\n     0.00ns INFO     cocotb.initialize                  Initialized cocotb v2.1.0 from /home/ray/anaconda3/lib/python3.10/site-packages/cocotb\n     0.00ns INFO     cocotb.initialize                  Running on Verilator version 5.042 2025-11-02\n     0.00ns INFO     cocotb.regression                  Running tests\n     0.00ns INFO     cocotb.regression                  running test_top.fifo_tb_top (1/1)\n                                                            Single cocotb entry point \u2014 mirrors SV UVM's ``+UVM_TESTNAME`` flow.\n     0.00ns INFO     cocotb.fifo                        fifo_tb_top: UVM_TESTNAME=FifoBackToBackTest  DATA_WIDTH=8  DEPTH=4  CLK_HALF_PERIOD_NS=5  WATCHDOG_MAX_CYCLES=2000\n     0.00ns WARNING  py.warnings                        /workspace/generated/designs/fifo/tb/test_top.py:132: DeprecationWarning: Use `handle.set(Immediate(...))` or `handle.value = Immediate(...)` instead.\n                                                          dut.rst_n.setimmediatevalue(0)\n     0.00ns WARNING  py.warnings                        /workspace/generated/designs/fifo/tb/test_top.py:133: DeprecationWarning: Use `handle.set(Immediate(...))` or `handle.value = Immediate(...)` instead.\n                                                          dut.wr_en.setimmediatevalue(0)\n     0.00ns WARNING  py.warnings                        /workspace/generated/designs/fifo/tb/test_top.py:134: DeprecationWarning: Use `handle.set(Immediate(...))` or `handle.value = Immediate(...)` instead.\n                                                          dut.rd_en.setimmediatevalue(0)\n     0.00ns WARNING  py.warnings                        /workspace/generated/designs/fifo/tb/test_top.py:135: DeprecationWarning: Use `handle.set(Immediate(...))` or `handle.value = Immediate(...)` instead.\n                                                          dut.din.setimmediatevalue(0)\n    20.00ns WARNING  py.warnings                        /workspace/generated/designs/fifo/tb/test_top.py:137: DeprecationWarning: Use `handle.set(Immediate(...))` or `handle.value = Immediate(...)` instead.\n                                                          dut.rst_n.setimmediatevalue(1)\n    40.00ns INFO     ..ated/designs/fifo/tb/test.py(72) [uvm_test_top]: uvm_test_top: FifoEnv created\n    40.00ns INFO     ..rated/designs/fifo/tb/env.py(52) [uvm_test_top.fifo_env]: FifoEnv build_phase complete\n    40.00ns INFO     ..signs/fifo/tb/scoreboard.py(111) [uvm_test_top.fifo_env.fifo_scoreboard]: FifoScoreboard built (DATA_WIDTH=8, DEPTH=4)\n    40.00ns INFO     ..designs/fifo/tb/coverage.py(321) [uvm_test_top.fifo_env.fifo_coverage]: FifoCoverage built (DATA_WIDTH=8, DEPTH=4, count reachable=True)\n    40.00ns INFO     ..rated/designs/fifo/tb/env.py(67) [uvm_test_top.fifo_env]: FifoEnv connect_phase: agent.ap -> scoreboard + coverage\n    40.00ns INFO     ../designs/fifo/tb/monitor.py(115) [uvm_test_top.fifo_env.fifo_agent.fifo_monitor]: FifoMonitor started (DATA_WIDTH=8, DEPTH=4)\n    40.00ns WARNING  py.warnings                        /workspace/generated/designs/fifo/tb/dut_helper.py:115: DeprecationWarning: Use `handle.set(Immediate(...))` or `handle.value = Immediate(...)` instead.\n                                                          self.dut.wr_en.setimmediatevalue(int(wr_en) & 0x1)\n    40.00ns WARNING  py.warnings                        /workspace/generated/designs/fifo/tb/dut_helper.py:116: DeprecationWarning: Use `handle.set(Immediate(...))` or `handle.value = Immediate(...)` instead.\n                                                          self.dut.rd_en.setimmediatevalue(int(rd_en) & 0x1)\n    40.00ns WARNING  py.warnings                        /workspace/generated/designs/fifo/tb/dut_helper.py:118: DeprecationWarning: Use `handle.set(Immediate(...))` or `handle.value = Immediate(...)` instead.\n                                                          self.dut.din.setimmediatevalue(int(din) & mask)\n    40.00ns INFO     ..signs/fifo/tb/scoreboard.py(120) [uvm_test_top.fifo_env.fifo_scoreboard]: FifoScoreboard run_phase started\n    40.00ns WARNING  py.warnings                        /workspace/generated/designs/fifo/tb/sequences.py:112: DeprecationWarning: Use `handle.set(Immediate(...))` or `handle.value = Immediate(...)` instead.\n                                                          self.dut.rst_n.setimmediatevalue(0)\n    50.00ns WARNING  cocotb.regression                  test_top.fifo_tb_top failed\n                                                        Traceback (most recent call last):\n                                                          File \"/workspace/generated/designs/fifo/tb/assertions.py\", line 188, in check_reset_clean_state\n                                                            assert dout == 0, (\n                                                        AssertionError: reset_clean_state violated at cycle 0: rst_n asserted but dout=0xff (expected 0)\n                                                        assert 255 == 0\n    50.00ns INFO     cocotb.regression                  **************************************************************************************\n                                                        ** TEST                          STATUS  SIM TIME (ns)  REAL TIME (s)  RATIO (ns/s) **\n                                                        **************************************************************************************\n                                                        ** test_top.fifo_tb_top           FAIL          50.00           0.01       4564.70  **\n                                                        **************************************************************************************\n                                                        ** TESTS=1 PASS=0 FAIL=1 SKIP=0                 50.00           0.01       4445.78  **\n                                                        **************************************************************************************\n- :0: Verilog $finish\nmake: *** [/home/ray/anaconda3/lib/python3.10/site-packages/cocotb_tools/makefiles/simulators/Makefile.verilator:74: /workspace/generated/designs/fifo/tb/.chia_sim/FifoBackToBackTest.xml] Error 1\n",
        "command": [
          "timeout",
          "--signal=TERM",
          "--kill-after=5",
          "60",
          "make",
          "-f",
          "/workspace/generated/designs/fifo/tb/.chia_sim/Makefile",
          "SIM=verilator",
          "TOPLEVEL_LANG=verilog",
          "TOPLEVEL=fifo",
          "COCOTB_TOPLEVEL=fifo",
          "MODULE=test_top",
          "COCOTB_TEST_MODULES=test_top",
          "VERILOG_SOURCES=/workspace/benchmarks/fifo/fifo.sv /workspace/generated/designs/fifo/rtl_verification/accepted/fifo.sv",
          "SIM_BUILD=/workspace/generated/designs/fifo/tb/.chia_sim/build/8c5aeec62e4d",
          "COCOTB_RESULTS_FILE=/workspace/generated/designs/fifo/tb/.chia_sim/FifoBackToBackTest.xml",
          "COCOTB_HDL_TIMEUNIT=1ns",
          "COCOTB_HDL_TIMEPRECISION=1ps",
          "BUILD_ARGS=-j 4"
        ],
        "test_name": "FifoBackToBackTest",
        "test_module": "test_top",
        "results_file": "/workspace/generated/designs/fifo/tb/.chia_sim/FifoBackToBackTest.xml",
        "results_file_exists": true
      },
      "FifoRandomizedTest": {
        "status": "runtime_error",
        "category": "runtime_error",
        "timed_out": false,
        "watchdog_expired": false,
        "returncode": 2,
        "counts": {
          "uvm_errors": 0,
          "uvm_fatals": 0,
          "uvm_warnings": 0,
          "scoreboard_mismatches": 0,
          "assertion_failures": 0
        },
        "clean_exit": false,
        "log": "rm -f /workspace/generated/designs/fifo/tb/.chia_sim/FifoRandomizedTest.xml\nrm -f /workspace/generated/designs/fifo/tb/.chia_sim/FifoRandomizedTest.xml\nCOCOTB_TEST_MODULES=test_top COCOTB_TESTCASE=  COCOTB_TOPLEVEL=fifo TOPLEVEL_LANG=verilog       \\\n         /workspace/generated/designs/fifo/tb/.chia_sim/build/8c5aeec62e4d/Vtop     \n     -.--ns INFO     gpi                                ../gpi/GpiCommon.cpp:242  in gpi_load_users                  Loaded entry library: '/home/ray/anaconda3/lib/libpython3.10.so.1.0'\n     -.--ns INFO     gpi                                ../gpi/GpiCommon.cpp:233  in gpi_load_users                  Running entry func 'initialize' from loaded library '/home/ray/anaconda3/lib/python3.10/site-packages/cocotb/simulator.cpython-310-x86_64-linux-gnu.so'\n     -.--ns INFO     pygpi                              ..ib/pygpi/embed.cpp:114  in initialize                      Using Python 3.10.19 interpreter at /home/ray/anaconda3/bin/python3\n     -.--ns INFO     gpi                                ../gpi/GpiCommon.cpp:74   in gpi_print_registered_impl       GPI: VPI support registered\n     0.00ns INFO     cocotb.initialize                  Seeding Python random module with 1789041981\n     0.00ns INFO     cocotb.initialize                  Initialized cocotb v2.1.0 from /home/ray/anaconda3/lib/python3.10/site-packages/cocotb\n     0.00ns INFO     cocotb.initialize                  Running on Verilator version 5.042 2025-11-02\n     0.00ns INFO     cocotb.regression                  Running tests\n     0.00ns INFO     cocotb.regression                  running test_top.fifo_tb_top (1/1)\n                                                            Single cocotb entry point \u2014 mirrors SV UVM's ``+UVM_TESTNAME`` flow.\n     0.00ns INFO     cocotb.fifo                        fifo_tb_top: UVM_TESTNAME=FifoRandomizedTest  DATA_WIDTH=8  DEPTH=4  CLK_HALF_PERIOD_NS=5  WATCHDOG_MAX_CYCLES=2000\n     0.00ns WARNING  py.warnings                        /workspace/generated/designs/fifo/tb/test_top.py:132: DeprecationWarning: Use `handle.set(Immediate(...))` or `handle.value = Immediate(...)` instead.\n                                                          dut.rst_n.setimmediatevalue(0)\n     0.00ns WARNING  py.warnings                        /workspace/generated/designs/fifo/tb/test_top.py:133: DeprecationWarning: Use `handle.set(Immediate(...))` or `handle.value = Immediate(...)` instead.\n                                                          dut.wr_en.setimmediatevalue(0)\n     0.00ns WARNING  py.warnings                        /workspace/generated/designs/fifo/tb/test_top.py:134: DeprecationWarning: Use `handle.set(Immediate(...))` or `handle.value = Immediate(...)` instead.\n                                                          dut.rd_en.setimmediatevalue(0)\n     0.00ns WARNING  py.warnings                        /workspace/generated/designs/fifo/tb/test_top.py:135: DeprecationWarning: Use `handle.set(Immediate(...))` or `handle.value = Immediate(...)` instead.\n                                                          dut.din.setimmediatevalue(0)\n    20.00ns WARNING  py.warnings                        /workspace/generated/designs/fifo/tb/test_top.py:137: DeprecationWarning: Use `handle.set(Immediate(...))` or `handle.value = Immediate(...)` instead.\n                                                          dut.rst_n.setimmediatevalue(1)\n    40.00ns INFO     ..ated/designs/fifo/tb/test.py(72) [uvm_test_top]: uvm_test_top: FifoEnv created\n    40.00ns INFO     ..rated/designs/fifo/tb/env.py(52) [uvm_test_top.fifo_env]: FifoEnv build_phase complete\n    40.00ns INFO     ..signs/fifo/tb/scoreboard.py(111) [uvm_test_top.fifo_env.fifo_scoreboard]: FifoScoreboard built (DATA_WIDTH=8, DEPTH=4)\n    40.00ns INFO     ..designs/fifo/tb/coverage.py(321) [uvm_test_top.fifo_env.fifo_coverage]: FifoCoverage built (DATA_WIDTH=8, DEPTH=4, count reachable=True)\n    40.00ns INFO     ..rated/designs/fifo/tb/env.py(67) [uvm_test_top.fifo_env]: FifoEnv connect_phase: agent.ap -> scoreboard + coverage\n    40.00ns INFO     ../designs/fifo/tb/monitor.py(115) [uvm_test_top.fifo_env.fifo_agent.fifo_monitor]: FifoMonitor started (DATA_WIDTH=8, DEPTH=4)\n    40.00ns WARNING  py.warnings                        /workspace/generated/designs/fifo/tb/dut_helper.py:115: DeprecationWarning: Use `handle.set(Immediate(...))` or `handle.value = Immediate(...)` instead.\n                                                          self.dut.wr_en.setimmediatevalue(int(wr_en) & 0x1)\n    40.00ns WARNING  py.warnings                        /workspace/generated/designs/fifo/tb/dut_helper.py:116: DeprecationWarning: Use `handle.set(Immediate(...))` or `handle.value = Immediate(...)` instead.\n                                                          self.dut.rd_en.setimmediatevalue(int(rd_en) & 0x1)\n    40.00ns WARNING  py.warnings                        /workspace/generated/designs/fifo/tb/dut_helper.py:118: DeprecationWarning: Use `handle.set(Immediate(...))` or `handle.value = Immediate(...)` instead.\n                                                          self.dut.din.setimmediatevalue(int(din) & mask)\n    40.00ns INFO     ..signs/fifo/tb/scoreboard.py(120) [uvm_test_top.fifo_env.fifo_scoreboard]: FifoScoreboard run_phase started\n    40.00ns WARNING  py.warnings                        /workspace/generated/designs/fifo/tb/sequences.py:112: DeprecationWarning: Use `handle.set(Immediate(...))` or `handle.value = Immediate(...)` instead.\n                                                          self.dut.rst_n.setimmediatevalue(0)\n    50.00ns WARNING  cocotb.regression                  test_top.fifo_tb_top failed\n                                                        Traceback (most recent call last):\n                                                          File \"/workspace/generated/designs/fifo/tb/assertions.py\", line 188, in check_reset_clean_state\n                                                            assert dout == 0, (\n                                                        AssertionError: reset_clean_state violated at cycle 0: rst_n asserted but dout=0xff (expected 0)\n                                                        assert 255 == 0\n    50.00ns INFO     cocotb.regression                  **************************************************************************************\n                                                        ** TEST                          STATUS  SIM TIME (ns)  REAL TIME (s)  RATIO (ns/s) **\n                                                        **************************************************************************************\n                                                        ** test_top.fifo_tb_top           FAIL          50.00           0.01       4564.19  **\n                                                        **************************************************************************************\n                                                        ** TESTS=1 PASS=0 FAIL=1 SKIP=0                 50.00           0.01       4439.86  **\n                                                        **************************************************************************************\n- :0: Verilog $finish\nmake: *** [/home/ray/anaconda3/lib/python3.10/site-packages/cocotb_tools/makefiles/simulators/Makefile.verilator:74: /workspace/generated/designs/fifo/tb/.chia_sim/FifoRandomizedTest.xml] Error 1\n",
        "command": [
          "timeout",
          "--signal=TERM",
          "--kill-after=5",
          "60",
          "make",
          "-f",
          "/workspace/generated/designs/fifo/tb/.chia_sim/Makefile",
          "SIM=verilator",
          "TOPLEVEL_LANG=verilog",
          "TOPLEVEL=fifo",
          "COCOTB_TOPLEVEL=fifo",
          "MODULE=test_top",
          "COCOTB_TEST_MODULES=test_top",
          "VERILOG_SOURCES=/workspace/benchmarks/fifo/fifo.sv /workspace/generated/designs/fifo/rtl_verification/accepted/fifo.sv",
          "SIM_BUILD=/workspace/generated/designs/fifo/tb/.chia_sim/build/8c5aeec62e4d",
          "COCOTB_RESULTS_FILE=/workspace/generated/designs/fifo/tb/.chia_sim/FifoRandomizedTest.xml",
          "COCOTB_HDL_TIMEUNIT=1ns",
          "COCOTB_HDL_TIMEPRECISION=1ps",
          "BUILD_ARGS=-j 4"
        ],
        "test_name": "FifoRandomizedTest",
        "test_module": "test_top",
        "results_file": "/workspace/generated/designs/fifo/tb/.chia_sim/FifoRandomizedTest.xml",
        "results_file_exists": true
      }
    }
  }
}
[36m(simulate pid=288)[0m Wrote /workspace/generated/designs/fifo/rtl_verification/results/iteration_02.json
[36m(_ToolServerActor pid=20910)[0m INFO:     Started server process [20910]
[36m(_ToolServerActor pid=20910)[0m INFO:     Waiting for application startup.
[36m(_ToolServerActor pid=20910)[0m INFO:     Application startup complete.
[36m(_ToolServerActor pid=20910)[0m INFO:     Uvicorn running on http://172.16.36.107:8000 (Press CTRL+C to quit)
verification_improvement_workspace started at 172.16.36.107:8000 on node 221820a386e2b780fe593d4059ab055ef4f6162ea9f3758bc72c6a71
OpenCodeLLM is experimental: only exercised by unit tests so far, not validated in production.
[36m(_ToolServerActor pid=20910)[0m INFO:     172.16.36.107:37060 - "POST /verification_improvement_workspace/mcp HTTP/1.1" 200 OK
[36m(_ToolServerActor pid=20910)[0m INFO:     172.16.36.107:37060 - "POST /verification_improvement_workspace/mcp HTTP/1.1" 202 Accepted
[36m(_ToolServerActor pid=20910)[0m INFO:     172.16.36.107:37060 - "GET /verification_improvement_workspace/mcp HTTP/1.1" 200 OK
[36m(_ToolServerActor pid=20910)[0m INFO:     172.16.36.107:37066 - "POST /verification_improvement_workspace/mcp HTTP/1.1" 200 OK
------------------------------------------------------------------------------
run14 exit status: 130
Time: 2026-09-10T17:41:29+05:30
Status: STOPPED BY USER
Supervisor: stopping.
------------------------------------------------------------------------------

