make: Entering directory '/root/OpenROAD-flow-scripts/flow'
/root/OpenROAD-flow-scripts/flow/scripts/flow.sh 5_1_grt global_route
Running global_route.tcl, stage 5_1_grt
read_liberty /root/OpenROAD-flow-scripts/flow/platforms/sky130hd/lib/sky130_fd_sc_hd__tt_025C_1v80.lib
read_db ./results/sky130hd/chia_sha256_benchmark_corrupted/slot2/4_cts.odb
read_sdc ./results/sky130hd/chia_sha256_benchmark_corrupted/slot2/4_cts.sdc
source /root/OpenROAD-flow-scripts/flow/platforms/sky130hd/setRC.tcl
pin_access
[INFO DRT-0149] Reading tech and libs.
[WARNING DRT-0349] LEF58_ENCLOSURE with no CUTCLASS is not supported. Skipping for layer mcon
[WARNING DRT-0349] LEF58_ENCLOSURE with no CUTCLASS is not supported. Skipping for layer mcon
[WARNING DRT-0349] LEF58_ENCLOSURE with no CUTCLASS is not supported. Skipping for layer via
[WARNING DRT-0349] LEF58_ENCLOSURE with no CUTCLASS is not supported. Skipping for layer via
[WARNING DRT-0349] LEF58_ENCLOSURE with no CUTCLASS is not supported. Skipping for layer via2
[WARNING DRT-0349] LEF58_ENCLOSURE with no CUTCLASS is not supported. Skipping for layer via2
[WARNING DRT-0349] LEF58_ENCLOSURE with no CUTCLASS is not supported. Skipping for layer via3
[WARNING DRT-0349] LEF58_ENCLOSURE with no CUTCLASS is not supported. Skipping for layer via3
[WARNING DRT-0349] LEF58_ENCLOSURE with no CUTCLASS is not supported. Skipping for layer via4
[WARNING DRT-0349] LEF58_ENCLOSURE with no CUTCLASS is not supported. Skipping for layer via4

Units:                1000
Number of layers:     13
Number of macros:     441
Number of vias:       29
Number of viarulegen: 25

[INFO DRT-0150] Reading design.
[WARNING DRT-0120] Large net net3239 has 117 pins which may impact routing performance. Consider optimization.
[WARNING DRT-0120] Large net net3862 has 250 pins which may impact routing performance. Consider optimization.
[WARNING DRT-0120] Large net net3598 has 183 pins which may impact routing performance. Consider optimization.
[WARNING DRT-0120] Large net net3640 has 135 pins which may impact routing performance. Consider optimization.
[WARNING DRT-0120] Large net net513 has 112 pins which may impact routing performance. Consider optimization.
[WARNING DRT-0120] Large net net3235 has 123 pins which may impact routing performance. Consider optimization.
[WARNING DRT-0120] Large net net3599 has 209 pins which may impact routing performance. Consider optimization.
[WARNING DRT-0120] Large net net3664 has 110 pins which may impact routing performance. Consider optimization.
[WARNING DRT-0120] Large net net3864 has 111 pins which may impact routing performance. Consider optimization.
[WARNING DRT-0120] Large net net3989 has 103 pins which may impact routing performance. Consider optimization.
[WARNING DRT-0120] Large net net3988 has 129 pins which may impact routing performance. Consider optimization.
[WARNING DRT-0120] Large net net3986 has 138 pins which may impact routing performance. Consider optimization.
[WARNING DRT-0120] Large net net3985 has 133 pins which may impact routing performance. Consider optimization.
[WARNING DRT-0120] Large net net3982 has 154 pins which may impact routing performance. Consider optimization.
[WARNING DRT-0120] Large net net3977 has 161 pins which may impact routing performance. Consider optimization.
[WARNING DRT-0120] Large net net3975 has 108 pins which may impact routing performance. Consider optimization.
[WARNING DRT-0120] Large net net3974 has 128 pins which may impact routing performance. Consider optimization.
[WARNING DRT-0120] Large net net3973 has 171 pins which may impact routing performance. Consider optimization.
[WARNING DRT-0120] Large net net3972 has 165 pins which may impact routing performance. Consider optimization.
[WARNING DRT-0120] Large net net3968 has 141 pins which may impact routing performance. Consider optimization.
[WARNING DRT-0120] Large net net3967 has 155 pins which may impact routing performance. Consider optimization.

Design:                   sha256
Die area:                 ( 0 0 ) ( 551270 551270 )
Number of track patterns: 12
Number of DEF vias:       0
Number of components:     20470
Number of terminals:      774
Number of snets:          2
Number of nets:           17132

[INFO DRT-0167] List of default vias:
  Layer via
    default via: M1M2_PR
  Layer via2
    default via: M2M3_PR
  Layer via3
    default via: M3M4_PR
  Layer via4
    default via: M4M5_PR
[INFO DRT-0162] Library cell analysis.
[INFO DRT-0163] Instance analysis.
[INFO DRT-0164] Number of unique instances = 261.
[INFO DRT-0168] Init region query.
[INFO DRT-0024]   Complete FR_MASTERSLICE.
[INFO DRT-0024]   Complete Fr_VIA.
[INFO DRT-0024]   Complete li1.
[INFO DRT-0024]   Complete mcon.
[INFO DRT-0024]   Complete met1.
[INFO DRT-0024]   Complete via.
[INFO DRT-0024]   Complete met2.
[INFO DRT-0024]   Complete via2.
[INFO DRT-0024]   Complete met3.
[INFO DRT-0024]   Complete via3.
[INFO DRT-0024]   Complete met4.
[INFO DRT-0024]   Complete via4.
[INFO DRT-0024]   Complete met5.
[INFO DRT-0033] FR_MASTERSLICE shape region query size = 0.
[INFO DRT-0033] FR_VIA shape region query size = 0.
[INFO DRT-0033] li1 shape region query size = 607095.
[INFO DRT-0033] mcon shape region query size = 360402.
[INFO DRT-0033] met1 shape region query size = 112222.
[INFO DRT-0033] via shape region query size = 20200.
[INFO DRT-0033] met2 shape region query size = 12570.
[INFO DRT-0033] via2 shape region query size = 16160.
[INFO DRT-0033] met3 shape region query size = 12442.
[INFO DRT-0033] via3 shape region query size = 16160.
[INFO DRT-0033] met4 shape region query size = 4880.
[INFO DRT-0033] via4 shape region query size = 800.
[INFO DRT-0033] met5 shape region query size = 880.
[INFO DRT-0165] Start pin access.
[INFO DRT-0076]   Complete 1000 pins.
[INFO DRT-0076]   Complete 2000 pins.
[INFO DRT-0078]   Complete 2095 pins.
[INFO DRT-0079]   Complete 100 unique inst patterns.
[INFO DRT-0079]   Complete 200 unique inst patterns.
[INFO DRT-0081]   Complete 261 unique inst patterns.
[INFO DRT-0082]   Complete 10000 groups.
[INFO DRT-0084]   Complete 10488 groups.
#scanned instances     = 20470
#unique  instances     = 261
#stdCellGenAp          = 9786
#stdCellValidPlanarAp  = 163
#stdCellValidViaAp     = 6276
#stdCellPinNoAp        = 10
#stdCellPinCnt         = 62910
#instTermValidViaApCnt = 0
#macroGenAp            = 0
#macroValidPlanarAp    = 0
#macroValidViaAp       = 0
#macroNoAp             = 0
[INFO DRT-0166] Complete pin access.
[INFO DRT-0267] cpu time = 00:03:00, elapsed time = 00:03:00, memory = 248.70 (MB), peak = 262.47 (MB)
Took 181 seconds: pin_access
global_route -congestion_report_file ./reports/sky130hd/chia_sha256_benchmark_corrupted/slot2/congestion.rpt -congestion_iterations 30 -congestion_report_iter_step 5 -verbose
[INFO GRT-0020] Min routing layer: met1
[INFO GRT-0021] Max routing layer: met5
[INFO GRT-0022] Global adjustment: 0%
[INFO GRT-0023] Grid origin: (0, 0)
[INFO GRT-0088] Layer li1     Track-Pitch = 0.4600  line-2-Via Pitch: 0.3400
[INFO GRT-0088] Layer met1    Track-Pitch = 0.3400  line-2-Via Pitch: 0.3400
[INFO GRT-0088] Layer met2    Track-Pitch = 0.4600  line-2-Via Pitch: 0.3500
[INFO GRT-0088] Layer met3    Track-Pitch = 0.6800  line-2-Via Pitch: 0.6150
[INFO GRT-0088] Layer met4    Track-Pitch = 0.9200  line-2-Via Pitch: 1.0400
[INFO GRT-0088] Layer met5    Track-Pitch = 3.4000  line-2-Via Pitch: 3.1100
[INFO GRT-0003] Macros: 0
[INFO GRT-0004] Blockages: 62907
[INFO GRT-0019] Found 297 clock nets.
[INFO GRT-0001] Minimum degree: 2
[INFO GRT-0002] Maximum degree: 250

[INFO GRT-0053] Routing resources analysis:
          Routing      Original      Derated      Resource
Layer     Direction    Resources     Resources    Reduction (%)
---------------------------------------------------------------
li1        Vertical            0             0          0.00%
met1       Horizontal      88481         68515          22.57%
met2       Vertical        80340         61698          23.20%
met3       Horizontal      60099         47190          21.48%
met4       Vertical        39546         27768          29.78%
met5       Horizontal       8970          6396          28.70%
---------------------------------------------------------------

[INFO GRT-0101] Running extra iterations to remove congestion.
[INFO GRT-0102] Start extra iteration 1/30
[INFO GRT-0102] Start extra iteration 2/30
[INFO GRT-0102] Start extra iteration 3/30
[INFO GRT-0102] Start extra iteration 4/30
[INFO GRT-0197] Via related to pin nodes: 111512
[INFO GRT-0198] Via related Steiner nodes: 3409
[INFO GRT-0199] Via filling finished.
[INFO GRT-0111] Final number of vias: 145286
[INFO GRT-0112] Final usage 3D: 546213

[INFO GRT-0096] Final congestion report:
Layer         Resource        Demand        Usage (%)    Max H / Max V / Total Congestion
---------------------------------------------------------------------------------------
li1                  0             0            0.00%             0 /  0 /  0
met1             68515         43894           64.06%             0 /  0 /  0
met2             61698         43835           71.05%             0 /  0 /  0
met3             47190         10741           22.76%             0 /  0 /  0
met4             27768         11869           42.74%             0 /  0 /  0
met5              6396            16            0.25%             0 /  0 /  0
---------------------------------------------------------------------------------------
Total           211567        110355           52.16%             0 /  0 /  0

[INFO GRT-0018] Total wirelength: 1111065 um
[INFO GRT-0014] Routed nets: 17122
[INFO GRT-0303] Global routing runtime = 00:00:02
[WARNING STA-0450] virtual clock vclk can not be propagated.
estimate_parasitics -global_routing
Perform buffer insertion and gate resizing...
repair_design -verbose
Iteration |   Area    | Resized | Buffers | Nets repaired | Remaining
---------------------------------------------------------------------
        0 |     +0.0% |       0 |       0 |             0 |     17360
     1000 |     +0.0% |       0 |       0 |             0 |     16360
     2000 |     +0.0% |       0 |       0 |             0 |     15360
     3000 |     +0.0% |       0 |       0 |             0 |     14360
     4000 |     +0.0% |       0 |       0 |             0 |     13360
     5000 |     +0.0% |       0 |       0 |             0 |     12360
     6000 |     +0.0% |       0 |       0 |             0 |     11360
     7000 |     +0.0% |       0 |       0 |             0 |     10360
     8000 |     +0.0% |       0 |       0 |             0 |      9360
     9000 |     +0.0% |       0 |       0 |             0 |      8360
    10000 |     +0.0% |       0 |       0 |             0 |      7360
[WARNING RSZ-0104] Net _12921_ only has one pin. Check if it is intended to be dangling.
[WARNING RSZ-0104] Net _12920_ only has one pin. Check if it is intended to be dangling.
    11000 |     +0.0% |       0 |       0 |             0 |      6360
[WARNING RSZ-0104] Net _12926_ only has one pin. Check if it is intended to be dangling.
[WARNING RSZ-0104] Net _12925_ only has one pin. Check if it is intended to be dangling.
[WARNING RSZ-0104] Net _12922_ only has one pin. Check if it is intended to be dangling.
[WARNING RSZ-0104] Net _12927_ only has one pin. Check if it is intended to be dangling.
[WARNING RSZ-0104] Net _12924_ only has one pin. Check if it is intended to be dangling.
    12000 |     +0.0% |       0 |       0 |             0 |      5360
[WARNING RSZ-0104] Net _12930_ only has one pin. Check if it is intended to be dangling.
[WARNING RSZ-0104] Net _12928_ only has one pin. Check if it is intended to be dangling.
[WARNING RSZ-0104] Net _12923_ only has one pin. Check if it is intended to be dangling.
    13000 |     +0.0% |       0 |       0 |             0 |      4360
    14000 |     +0.0% |       0 |       0 |             0 |      3360
    15000 |     +0.0% |       0 |       0 |             0 |      2360
    16000 |     +0.0% |       0 |       0 |             0 |      1360
    17000 |     +0.0% |       0 |       0 |             0 |       360
    final |     +0.0% |       0 |       0 |             0 |         0
---------------------------------------------------------------------
[INFO RSZ-0504] Runtime: 0.84s
global_route -start_incremental
detailed_placement
[INFO DPL-0006] Core area: 300029.00 um^2
[INFO DPL-0007] Movable instances area: 195301.06 um^2
[INFO DPL-0008] Fixed instances area within core: 4952.25 um^2
[INFO DPL-0009] Utilization: 66.7%
[INFO DPL-0005] Diamond search max displacement: +/- 500 sites horizontally, +/- 100 rows vertically.
[INFO DPL-1102] Legalizing using negotiation legalizer.
[INFO DPL-1103] Negotiation base search window: +/-20 sites horizontally, +/-5 rows vertically 
	Automatic search window extension enabled.
	Search window extendable up to the max displacement cap of +/-500 sites, +/-100 rows near walls.
[INFO DPL-1104] NegotiationLegalizer DRC penalty: 5.
[INFO DPL-0392] Negotiation cell height distribution (1 unique row-count(s)):
[INFO DPL-0393]   height 1 row(s): 20470 cells
[INFO DPL-0500] Runtime: 0.07s
Placement Analysis
---------------------------------
total displacement          0.0 u
average displacement        0.0 u
max displacement            0.0 u
original HPWL          609222.6 u
legalized HPWL         609222.6 u
delta HPWL                    0 %

global_route -end_incremental -congestion_report_file ./reports/sky130hd/chia_sha256_benchmark_corrupted/slot2/congestion_post_repair_design.rpt
Repair setup and hold violations...
estimate_parasitics -global_routing
repair_timing -setup_margin 0.5 -hold_margin 0 -repair_tns 100 -verbose
[INFO RSZ-0100] Repair move sequence: UnbufferMove SizeUpMove SwapPinsMove BufferMove CloneMove SplitLoadMove 
[INFO RSZ-0094] Found 66 endpoints with setup violations.
[INFO RSZ-0099] Repairing 66 out of 66 (100.00%) violating endpoints...
   Iter   | Removed | Resized | Inserted | Cloned |  Pin  |   Area   |    WNS   |   StTNS    |   EnTNS    |  Viol  |  Worst  
          | Buffers |  Gates  | Buffers  |  Gates | Swaps |          |          |            |            | Endpts | St/EnPt 
------------------------------------------------------------------------------------------------------------------------------
       0* |       0 |       0 |        0 |      0 |     0 |    +0.0% |   -0.782 |       -3.8 |      -14.8 |     66 | digest\[255\]$_DFFE_PN0P_/D
      10* |       0 |       5 |        1 |      0 |     3 |    +0.0% |   -0.696 |       -2.9 |      -11.8 |     66 | digest\[255\]$_DFFE_PN0P_/D
      20* |       0 |      10 |        1 |      0 |     8 |    +0.0% |   -0.703 |       -3.2 |      -11.9 |     66 | digest\[255\]$_DFFE_PN0P_/D
      30* |       0 |      16 |        3 |      0 |    10 |    +0.1% |   -0.682 |       -2.7 |      -12.0 |     66 | digest\[255\]$_DFFE_PN0P_/D
      40* |       0 |      20 |        6 |      0 |    14 |    +0.1% |   -0.707 |       -3.3 |      -12.5 |     66 | digest\[255\]$_DFFE_PN0P_/D
      50* |       0 |      21 |        7 |      0 |    22 |    +0.1% |   -0.731 |       -4.0 |      -13.4 |     66 | digest\[255\]$_DFFE_PN0P_/D
      60* |       0 |      23 |        9 |      0 |    28 |    +0.1% |   -0.754 |       -4.3 |      -14.5 |     66 | digest\[255\]$_DFFE_PN0P_/D
      70* |       0 |      24 |       10 |      0 |    36 |    +0.1% |   -0.813 |       -7.0 |      -15.7 |     66 | digest\[255\]$_DFFE_PN0P_/D
      77* |       0 |      15 |        2 |      0 |     9 |    +0.1% |   -0.653 |       -2.4 |      -11.3 |     66 | digest\[255\]$_DFFE_PN0P_/D
      80* |       0 |      17 |        2 |      0 |     9 |    +0.1% |   -0.662 |       -2.5 |      -11.3 |     66 | digest\[255\]$_DFFE_PN0P_/D
      90* |       0 |      21 |        3 |      0 |    14 |    +0.1% |   -0.664 |       -2.5 |      -10.7 |     66 | digest\[255\]$_DFFE_PN0P_/D
     100* |       0 |      27 |        6 |      0 |    16 |    +0.1% |   -0.659 |       -2.5 |      -10.8 |     66 | digest\[255\]$_DFFE_PN0P_/D
     110* |       0 |      32 |        7 |      0 |    20 |    +0.1% |   -0.667 |       -2.6 |      -10.9 |     66 | digest\[255\]$_DFFE_PN0P_/D
     120* |       0 |      35 |        7 |      0 |    27 |    +0.1% |   -0.671 |       -2.7 |      -10.9 |     66 | digest\[255\]$_DFFE_PN0P_/D
     130* |       0 |      36 |       10 |      0 |    33 |    +0.1% |   -0.716 |       -3.5 |      -14.2 |     66 | digest\[255\]$_DFFE_PN0P_/D
     140* |       0 |      37 |       12 |      1 |    39 |    +0.2% |   -0.705 |       -3.3 |      -14.0 |     66 | digest\[255\]$_DFFE_PN0P_/D
     150* |       0 |      41 |       14 |      1 |    43 |    +0.2% |   -0.656 |       -2.6 |      -12.4 |     66 | digest\[255\]$_DFFE_PN0P_/D
     160* |       0 |      43 |       17 |      1 |    48 |    +0.2% |   -0.717 |       -3.9 |      -14.7 |     66 | digest\[255\]$_DFFE_PN0P_/D
     167* |       0 |      34 |        7 |      0 |    25 |    +0.1% |   -0.635 |       -2.1 |      -10.0 |     66 | digest\[255\]$_DFFE_PN0P_/D
     170* |       0 |      35 |        7 |      0 |    26 |    +0.1% |   -0.644 |       -2.2 |      -10.1 |     66 | digest\[255\]$_DFFE_PN0P_/D
     175* |       0 |      34 |        7 |      0 |    25 |    +0.1% |   -0.635 |       -2.1 |      -10.0 |     66 | digest\[255\]$_DFFE_PN0P_/D
     178* |       0 |      34 |        7 |      0 |    27 |    +0.1% |   -0.635 |       -2.1 |      -10.0 |     66 | digest\[255\]$_DFFE_PN0P_/D
     180* |       0 |      34 |        7 |      0 |    28 |    +0.1% |   -0.634 |       -2.1 |      -10.0 |     66 | digest\[255\]$_DFFE_PN0P_/D
     190* |       0 |      38 |        9 |      0 |    32 |    +0.1% |   -0.652 |       -2.5 |      -10.3 |     66 | digest\[255\]$_DFFE_PN0P_/D
     200* |       0 |      42 |       10 |      0 |    37 |    +0.2% |   -0.612 |       -2.1 |       -9.7 |     66 | digest\[255\]$_DFFE_PN0P_/D
     210* |       0 |      46 |       13 |      0 |    40 |    +0.2% |   -0.601 |       -2.0 |       -9.7 |     66 | digest\[255\]$_DFFE_PN0P_/D
     220* |       0 |      52 |       13 |      2 |    42 |    +0.2% |   -0.630 |       -2.0 |      -10.6 |     66 | digest\[255\]$_DFFE_PN0P_/D
     230* |       0 |      57 |       17 |      3 |    43 |    +0.3% |   -0.640 |       -2.3 |      -10.9 |     66 | digest\[255\]$_DFFE_PN0P_/D
     240* |       0 |      59 |       18 |      3 |    50 |    +0.3% |   -0.611 |       -2.1 |      -10.7 |     66 | digest\[255\]$_DFFE_PN0P_/D
     250* |       0 |      62 |       22 |      3 |    55 |    +0.3% |   -0.658 |       -2.4 |      -11.7 |     66 | digest\[255\]$_DFFE_PN0P_/D
     260* |       0 |      65 |       25 |      3 |    60 |    +0.3% |   -0.642 |       -2.3 |      -11.2 |     66 | digest\[255\]$_DFFE_PN0P_/D
     270* |       0 |      67 |       28 |      3 |    66 |    +0.3% |   -0.626 |       -2.2 |      -10.8 |     66 | digest\[255\]$_DFFE_PN0P_/D
     274* |       0 |      55 |       15 |      2 |    42 |    +0.2% |   -0.596 |       -2.0 |       -9.8 |     66 | digest\[255\]$_DFFE_PN0P_/D
     280* |       0 |      57 |       16 |      3 |    43 |    +0.3% |   -0.600 |       -2.0 |       -9.9 |     66 | digest\[255\]$_DFFE_PN0P_/D
     285* |       0 |      55 |       15 |      2 |    42 |    +0.2% |   -0.596 |       -2.0 |       -9.8 |     66 | digest\[255\]$_DFFE_PN0P_/D
     290* |       0 |      55 |       15 |      2 |    46 |    +0.2% |   -0.596 |       -2.0 |       -9.8 |     66 | digest\[255\]$_DFFE_PN0P_/D
     290* |       0 |      55 |       15 |      2 |    44 |    +0.2% |   -0.596 |       -2.0 |       -9.8 |     66 | digest\[255\]$_DFFE_PN0P_/D
     300* |       0 |      56 |       18 |      2 |    49 |    +0.2% |   -0.653 |       -2.5 |      -10.1 |     66 | digest\[255\]$_DFFE_PN0P_/D
     310* |       0 |      61 |       20 |      3 |    51 |    +0.3% |   -0.659 |       -2.5 |      -10.3 |     66 | digest\[255\]$_DFFE_PN0P_/D
     320* |       0 |      69 |       20 |      3 |    53 |    +0.3% |   -0.660 |       -2.5 |      -10.1 |     66 | digest\[255\]$_DFFE_PN0P_/D
     330* |       0 |      77 |       21 |      3 |    54 |    +0.3% |   -0.617 |       -2.1 |       -9.9 |     66 | digest\[255\]$_DFFE_PN0P_/D
     340* |       0 |      84 |       21 |      3 |    57 |    +0.3% |   -0.630 |       -2.2 |       -9.9 |     66 | digest\[255\]$_DFFE_PN0P_/D
     341* |       0 |      55 |       15 |      2 |    44 |    +0.2% |   -0.596 |       -2.0 |       -9.8 |     66 | digest\[255\]$_DFFE_PN0P_/D
     344* |       0 |      56 |       16 |      2 |    44 |    +0.2% |   -0.596 |       -2.0 |       -9.9 |     66 | digest\[255\]$_DFFE_PN0P_/D
     345* |       0 |      56 |       16 |      2 |    44 |    +0.2% |   -0.596 |       -2.0 |       -9.9 |     66 | digest\[255\]$_DFFE_PN0P_/D
     350* |       0 |      57 |       17 |      2 |    46 |    +0.2% |   -0.637 |       -2.3 |      -10.2 |     66 | digest\[255\]$_DFFE_PN0P_/D
     360* |       0 |      63 |       19 |      3 |    47 |    +0.3% |   -0.596 |       -2.0 |      -10.1 |     66 | digest\[255\]$_DFFE_PN0P_/D
     369* |       0 |      57 |       17 |      2 |    45 |    +0.2% |   -0.596 |       -2.0 |      -10.0 |     66 | digest\[255\]$_DFFE_PN0P_/D
     370* |       0 |      57 |       17 |      2 |    45 |    +0.2% |   -0.596 |       -2.0 |      -10.0 |     66 | digest\[255\]$_DFFE_PN0P_/D
     380* |       0 |      62 |       20 |      3 |    46 |    +0.3% |   -0.600 |       -2.0 |      -10.2 |     66 | digest\[255\]$_DFFE_PN0P_/D
     390* |       0 |      62 |       24 |      3 |    52 |    +0.3% |   -0.680 |       -2.9 |      -13.7 |     66 | digest\[255\]$_DFFE_PN0P_/D
     400* |       0 |      64 |       26 |      3 |    59 |    +0.3% |   -0.716 |       -3.8 |      -15.1 |     66 | digest\[255\]$_DFFE_PN0P_/D
     410* |       0 |      68 |       27 |      3 |    64 |    +0.3% |   -0.657 |       -2.8 |      -13.3 |     66 | digest\[255\]$_DFFE_PN0P_/D
     420* |       0 |      73 |       29 |      3 |    67 |    +0.4% |   -0.651 |       -2.3 |      -12.6 |     66 | digest\[255\]$_DFFE_PN0P_/D
     425* |       0 |      60 |       19 |      2 |    45 |    +0.3% |   -0.596 |       -2.0 |      -10.1 |     66 | digest\[255\]$_DFFE_PN0P_/D
     430* |       0 |      62 |       20 |      3 |    45 |    +0.3% |   -0.600 |       -2.0 |      -10.2 |     66 | digest\[255\]$_DFFE_PN0P_/D
     440* |       0 |      68 |       23 |      3 |    46 |    +0.3% |   -0.600 |       -2.0 |      -10.2 |     66 | digest\[255\]$_DFFE_PN0P_/D
     450* |       0 |      75 |       25 |      3 |    47 |    +0.3% |   -0.621 |       -2.1 |      -10.6 |     66 | digest\[255\]$_DFFE_PN0P_/D
     460* |       0 |      80 |       26 |      3 |    51 |    +0.4% |   -0.624 |       -2.1 |      -10.7 |     66 | digest\[255\]$_DFFE_PN0P_/D
     470* |       0 |      84 |       26 |      3 |    57 |    +0.4% |   -0.671 |       -2.6 |      -11.0 |     66 | digest\[255\]$_DFFE_PN0P_/D
     476* |       0 |      60 |       19 |      2 |    45 |    +0.3% |   -0.596 |       -2.0 |      -10.1 |     66 | digest\[255\]$_DFFE_PN0P_/D
     480* |       0 |      61 |       20 |      3 |    45 |    +0.3% |   -0.600 |       -2.0 |      -10.2 |     66 | digest\[255\]$_DFFE_PN0P_/D
     490* |       0 |      63 |       25 |      3 |    48 |    +0.3% |   -0.600 |       -2.0 |      -10.4 |     66 | digest\[255\]$_DFFE_PN0P_/D
     500* |       0 |      71 |       27 |      3 |    48 |    +0.3% |   -0.594 |       -2.0 |      -10.0 |     66 | digest\[255\]$_DFFE_PN0P_/D
     506* |       0 |      74 |       27 |      3 |    50 |    +0.3% |   -0.594 |       -2.0 |      -10.0 |     66 | digest\[255\]$_DFFE_PN0P_/D
     510* |       0 |      76 |       27 |      3 |    51 |    +0.4% |   -0.594 |       -2.0 |      -10.1 |     66 | digest\[255\]$_DFFE_PN0P_/D
     520* |       0 |      79 |       29 |      3 |    56 |    +0.4% |   -0.594 |       -2.0 |      -10.1 |     66 | digest\[255\]$_DFFE_PN0P_/D
     529* |       0 |      81 |       30 |      3 |    60 |    +0.4% |   -0.594 |       -2.0 |       -9.9 |     66 | digest\[255\]$_DFFE_PN0P_/D
     530* |       0 |      81 |       30 |      3 |    60 |    +0.4% |   -0.594 |       -2.0 |       -9.9 |     66 | digest\[255\]$_DFFE_PN0P_/D
     540* |       0 |      85 |       32 |      3 |    64 |    +0.4% |   -0.594 |       -2.0 |      -11.5 |     66 | digest\[255\]$_DFFE_PN0P_/D
     546* |       0 |      83 |       30 |      3 |    62 |    +0.4% |   -0.594 |       -2.0 |       -9.7 |     66 | digest\[255\]$_DFFE_PN0P_/D
     550* |       0 |      84 |       31 |      3 |    63 |    +0.4% |   -0.594 |       -2.0 |      -10.3 |     66 | digest\[255\]$_DFFE_PN0P_/D
     560* |       0 |      86 |       33 |      3 |    69 |    +0.4% |   -0.594 |       -2.0 |      -11.2 |     66 | digest\[255\]$_DFFE_PN0P_/D
     565* |       0 |      84 |       30 |      3 |    63 |    +0.4% |   -0.594 |       -2.0 |       -9.6 |     66 | digest\[255\]$_DFFE_PN0P_/D
     568* |       0 |      85 |       30 |      3 |    64 |    +0.4% |   -0.594 |       -2.0 |       -9.6 |     66 | digest\[255\]$_DFFE_PN0P_/D
     570* |       0 |      85 |       30 |      3 |    65 |    +0.4% |   -0.594 |       -2.0 |       -9.6 |     66 | digest\[255\]$_DFFE_PN0P_/D
     580* |       0 |      88 |       32 |      3 |    70 |    +0.4% |   -0.594 |       -2.0 |      -11.2 |     66 | digest\[255\]$_DFFE_PN0P_/D
     580* |       0 |      85 |       30 |      3 |    67 |    +0.4% |   -0.594 |       -2.0 |       -9.5 |     66 | digest\[255\]$_DFFE_PN0P_/D
     590* |       0 |      90 |       32 |      3 |    69 |    +0.4% |   -0.594 |       -2.0 |      -11.1 |     66 | digest\[255\]$_DFFE_PN0P_/D
     594* |       0 |      85 |       30 |      3 |    67 |    +0.4% |   -0.594 |       -2.0 |       -9.5 |     66 | digest\[255\]$_DFFE_PN0P_/D
     598* |       0 |      87 |       30 |      3 |    67 |    +0.4% |   -0.594 |       -2.0 |       -9.5 |     66 | digest\[255\]$_DFFE_PN0P_/D
     600* |       0 |      87 |       30 |      3 |    68 |    +0.4% |   -0.594 |       -2.0 |       -9.5 |     66 | digest\[255\]$_DFFE_PN0P_/D
     610* |       0 |      95 |       31 |      3 |    69 |    +0.4% |   -0.615 |       -2.1 |      -10.0 |     66 | digest\[255\]$_DFFE_PN0P_/D
     617* |       0 |      88 |       31 |      3 |    68 |    +0.4% |   -0.594 |       -2.0 |       -9.4 |     66 | digest\[255\]$_DFFE_PN0P_/D
     620* |       0 |      89 |       31 |      3 |    69 |    +0.4% |   -0.594 |       -2.0 |       -9.5 |     66 | digest\[255\]$_DFFE_PN0P_/D
     630* |       0 |      95 |       31 |      3 |    73 |    +0.4% |   -0.594 |       -2.0 |       -9.2 |     66 | digest\[255\]$_DFFE_PN0P_/D
     640* |       0 |      99 |       34 |      3 |    76 |    +0.4% |   -0.594 |       -2.0 |      -10.9 |     66 | digest\[255\]$_DFFE_PN0P_/D
     641* |       0 |      97 |       32 |      3 |    75 |    +0.4% |   -0.594 |       -2.0 |       -9.2 |     66 | digest\[255\]$_DFFE_PN0P_/D
     650* |       0 |     102 |       35 |      3 |    75 |    +0.4% |   -0.594 |       -2.0 |      -11.0 |     66 | digest\[255\]$_DFFE_PN0P_/D
     653* |       0 |      97 |       32 |      3 |    75 |    +0.4% |   -0.594 |       -2.0 |       -9.2 |     66 | digest\[255\]$_DFFE_PN0P_/D
     660* |       0 |     100 |       34 |      3 |    76 |    +0.4% |   -0.594 |       -2.0 |      -11.1 |     66 | digest\[255\]$_DFFE_PN0P_/D
     665* |       0 |      97 |       32 |      3 |    75 |    +0.4% |   -0.594 |       -2.0 |       -9.2 |     66 | digest\[255\]$_DFFE_PN0P_/D
     670* |       0 |     100 |       32 |      3 |    76 |    +0.4% |   -0.594 |       -2.0 |       -9.1 |     66 | digest\[255\]$_DFFE_PN0P_/D
     680* |       0 |     105 |       33 |      3 |    80 |    +0.5% |   -0.608 |       -2.0 |       -9.4 |     66 | digest\[255\]$_DFFE_PN0P_/D
     690* |       0 |     109 |       35 |      3 |    84 |    +0.5% |   -0.608 |       -2.0 |       -9.9 |     66 | digest\[255\]$_DFFE_PN0P_/D
     700* |       0 |     116 |       36 |      3 |    86 |    +0.5% |   -0.608 |       -2.0 |       -9.7 |     66 | digest\[255\]$_DFFE_PN0P_/D
     710* |       0 |     121 |       42 |      3 |    88 |    +0.5% |   -0.611 |       -2.1 |       -9.7 |     66 | digest\[255\]$_DFFE_PN0P_/D
     712* |       0 |     100 |       32 |      3 |    76 |    +0.4% |   -0.594 |       -2.0 |       -9.1 |     66 | digest\[255\]$_DFFE_PN0P_/D
     720* |       0 |     103 |       33 |      3 |    79 |    +0.5% |   -0.594 |       -2.0 |       -9.1 |     66 | digest\[255\]$_DFFE_PN0P_/D
     730* |       0 |     106 |       35 |      3 |    84 |    +0.5% |   -0.594 |       -2.0 |       -9.8 |     66 | digest\[255\]$_DFFE_PN0P_/D
     733* |       0 |     105 |       34 |      3 |    82 |    +0.5% |   -0.594 |       -2.0 |       -9.3 |     66 | digest\[255\]$_DFFE_PN0P_/D
     740* |       0 |     108 |       36 |      3 |    83 |    +0.5% |   -0.594 |       -2.0 |       -9.6 |     66 | digest\[255\]$_DFFE_PN0P_/D
     750* |       0 |     113 |       36 |      3 |    88 |    +0.5% |   -0.615 |       -2.1 |       -9.9 |     66 | digest\[255\]$_DFFE_PN0P_/D
     760* |       0 |     120 |       37 |      3 |    90 |    +0.5% |   -0.615 |       -2.1 |       -9.9 |     66 | digest\[255\]$_DFFE_PN0P_/D
     767* |       0 |     106 |       34 |      3 |    83 |    +0.5% |   -0.594 |       -2.0 |       -9.3 |     66 | digest\[255\]$_DFFE_PN0P_/D
     770* |       0 |     106 |       34 |      3 |    85 |    +0.5% |   -0.594 |       -2.0 |       -9.1 |     66 | digest\[255\]$_DFFE_PN0P_/D
     780* |       0 |     112 |       35 |      3 |    88 |    +0.5% |   -0.594 |       -2.0 |       -9.2 |     66 | digest\[255\]$_DFFE_PN0P_/D
     790* |       0 |     118 |       36 |      3 |    91 |    +0.5% |   -0.594 |       -2.0 |       -9.2 |     66 | digest\[255\]$_DFFE_PN0P_/D
     792* |       0 |     112 |       34 |      3 |    88 |    +0.5% |   -0.594 |       -2.0 |       -9.1 |     66 | digest\[255\]$_DFFE_PN0P_/D
     800* |       0 |     116 |       35 |      3 |    90 |    +0.5% |   -0.594 |       -2.0 |       -9.7 |     66 | digest\[255\]$_DFFE_PN0P_/D
     810* |       0 |     121 |       37 |      3 |    93 |    +0.5% |   -0.615 |       -2.1 |      -10.0 |     66 | digest\[255\]$_DFFE_PN0P_/D
     820* |       0 |     129 |       38 |      3 |    94 |    +0.5% |   -0.633 |       -2.2 |       -9.9 |     66 | digest\[255\]$_DFFE_PN0P_/D
     830* |       0 |     133 |       41 |      3 |    97 |    +0.5% |   -0.633 |       -2.1 |      -10.1 |     66 | digest\[255\]$_DFFE_PN0P_/D
     837* |       0 |     116 |       34 |      3 |    89 |    +0.5% |   -0.594 |       -2.0 |       -9.0 |     66 | digest\[255\]$_DFFE_PN0P_/D
     840* |       0 |     117 |       35 |      3 |    89 |    +0.5% |   -0.594 |       -2.0 |       -9.1 |     66 | digest\[255\]$_DFFE_PN0P_/D
     850* |       0 |     125 |       36 |      3 |    90 |    +0.5% |   -0.615 |       -2.1 |       -9.6 |     66 | digest\[255\]$_DFFE_PN0P_/D
     860* |       0 |     133 |       38 |      3 |    90 |    +0.5% |   -0.615 |       -2.1 |      -10.0 |     66 | digest\[255\]$_DFFE_PN0P_/D
     864* |       0 |     116 |       34 |      3 |    89 |    +0.5% |   -0.594 |       -2.0 |       -9.0 |     66 | digest\[255\]$_DFFE_PN0P_/D
     870* |       0 |     121 |       34 |      3 |    89 |    +0.5% |   -0.594 |       -2.0 |       -8.9 |     66 | digest\[255\]$_DFFE_PN0P_/D
     880* |       0 |     125 |       35 |      3 |    94 |    +0.5% |   -0.594 |       -2.0 |       -8.9 |     66 | digest\[255\]$_DFFE_PN0P_/D
     890* |       0 |     131 |       36 |      3 |    97 |    +0.5% |   -0.594 |       -2.0 |       -8.9 |     66 | digest\[255\]$_DFFE_PN0P_/D
     900* |       0 |     135 |       40 |      3 |   101 |    +0.6% |   -0.611 |       -2.1 |       -9.0 |     66 | digest\[255\]$_DFFE_PN0P_/D
     910* |       0 |     142 |       42 |      3 |   102 |    +0.6% |   -0.615 |       -2.1 |       -9.5 |     66 | digest\[255\]$_DFFE_PN0P_/D
     920* |       0 |     147 |       45 |      3 |   104 |    +0.6% |   -0.615 |       -2.1 |       -9.5 |     66 | digest\[255\]$_DFFE_PN0P_/D
     930* |       0 |     153 |       48 |      3 |   105 |    +0.6% |   -0.615 |       -2.1 |      -11.6 |     66 | digest\[255\]$_DFFE_PN0P_/D
     931* |       0 |     130 |       36 |      3 |    95 |    +0.5% |   -0.594 |       -2.0 |       -8.9 |     66 | digest\[255\]$_DFFE_PN0P_/D
     940* |       0 |     134 |       37 |      3 |    98 |    +0.6% |   -0.594 |       -2.0 |       -8.9 |     66 | digest\[255\]$_DFFE_PN0P_/D
     945* |       0 |     136 |       38 |      3 |    98 |    +0.6% |   -0.594 |       -2.0 |       -8.9 |     66 | digest\[255\]$_DFFE_PN0P_/D
     950* |       0 |     137 |       39 |      3 |   100 |    +0.6% |   -0.594 |       -2.0 |       -9.7 |     66 | digest\[255\]$_DFFE_PN0P_/D
     960* |       0 |     145 |       41 |      3 |   100 |    +0.6% |   -0.594 |       -2.0 |       -9.8 |     66 | digest\[255\]$_DFFE_PN0P_/D
     964* |       0 |     146 |       41 |      3 |   100 |    +0.6% |   -0.594 |       -2.0 |       -9.8 |     66 | digest\[255\]$_DFFE_PN0P_/D
     970* |       0 |     147 |       45 |      3 |   101 |    +0.6% |   -0.594 |       -2.0 |      -10.0 |     66 | digest\[255\]$_DFFE_PN0P_/D
     974* |       0 |     146 |       42 |      3 |   100 |    +0.6% |   -0.594 |       -2.0 |      -10.0 |     66 | digest\[255\]$_DFFE_PN0P_/D
     980* |       0 |     150 |       43 |      3 |   100 |    +0.6% |   -0.595 |       -2.0 |      -11.0 |     66 | digest\[255\]$_DFFE_PN0P_/D
     982* |       0 |     148 |       42 |      3 |   100 |    +0.6% |   -0.594 |       -2.0 |      -10.0 |     66 | digest\[255\]$_DFFE_PN0P_/D
     990* |       0 |     153 |       45 |      3 |   100 |    +0.6% |   -0.594 |       -2.0 |      -10.0 |     66 | digest\[255\]$_DFFE_PN0P_/D
    1000* |       0 |     159 |       48 |      3 |   102 |    +0.7% |   -0.595 |       -2.0 |      -10.1 |     66 | digest\[255\]$_DFFE_PN0P_/D
    1010* |       0 |     166 |       51 |      3 |   102 |    +0.7% |   -0.595 |       -2.0 |      -10.1 |     66 | digest\[255\]$_DFFE_PN0P_/D
    1016* |       0 |     149 |       42 |      3 |   100 |    +0.6% |   -0.594 |       -2.0 |      -10.0 |     66 | digest\[255\]$_DFFE_PN0P_/D
    1020* |       0 |     151 |       42 |      3 |   101 |    +0.6% |   -0.594 |       -2.0 |      -10.0 |     66 | digest\[255\]$_DFFE_PN0P_/D
    1028* |       0 |     152 |       42 |      3 |   102 |    +0.6% |   -0.594 |       -2.0 |       -9.9 |     66 | digest\[255\]$_DFFE_PN0P_/D
    1030* |       0 |     152 |       42 |      3 |   103 |    +0.6% |   -0.594 |       -2.0 |       -9.9 |     66 | digest\[255\]$_DFFE_PN0P_/D
    1040* |       0 |     156 |       43 |      3 |   108 |    +0.6% |   -0.594 |       -2.0 |       -9.9 |     66 | digest\[255\]$_DFFE_PN0P_/D
    1050* |       0 |     164 |       44 |      3 |   109 |    +0.7% |   -0.625 |       -2.1 |      -10.8 |     66 | digest\[255\]$_DFFE_PN0P_/D
    1060* |       0 |     171 |       45 |      3 |   111 |    +0.7% |   -0.625 |       -2.1 |      -10.7 |     66 | digest\[255\]$_DFFE_PN0P_/D
    1070* |       0 |     177 |       46 |      3 |   114 |    +0.7% |   -0.625 |       -2.1 |      -10.7 |     66 | digest\[255\]$_DFFE_PN0P_/D
    1071* |       0 |     156 |       43 |      3 |   108 |    +0.6% |   -0.594 |       -2.0 |       -9.9 |     66 | digest\[255\]$_DFFE_PN0P_/D
    1080* |       0 |     161 |       43 |      3 |   111 |    +0.6% |   -0.625 |       -2.2 |      -10.8 |     66 | digest\[255\]$_DFFE_PN0P_/D
    1090* |       0 |     167 |       46 |      3 |   112 |    +0.7% |   -0.615 |       -2.1 |      -11.5 |     66 | digest\[255\]$_DFFE_PN0P_/D
    1098* |       0 |     159 |       43 |      3 |   111 |    +0.6% |   -0.594 |       -2.0 |       -9.9 |     66 | digest\[255\]$_DFFE_PN0P_/D
    1100* |       0 |     159 |       44 |      3 |   111 |    +0.6% |   -0.594 |       -2.0 |       -9.9 |     66 | digest\[255\]$_DFFE_PN0P_/D
    1110* |       0 |     163 |       48 |      3 |   113 |    +0.7% |   -0.598 |       -2.0 |      -10.2 |     66 | digest\[255\]$_DFFE_PN0P_/D
    1120* |       0 |     169 |       52 |      3 |   114 |    +0.7% |   -0.598 |       -2.0 |      -10.1 |     66 | digest\[255\]$_DFFE_PN0P_/D
    1121* |       0 |     159 |       43 |      3 |   111 |    +0.6% |   -0.594 |       -2.0 |       -9.9 |     66 | digest\[255\]$_DFFE_PN0P_/D
    1130* |       0 |     166 |       43 |      3 |   112 |    +0.7% |   -0.625 |       -2.1 |      -10.8 |     66 | digest\[255\]$_DFFE_PN0P_/D
    1140* |       0 |     172 |       46 |      3 |   113 |    +0.7% |   -0.625 |       -2.1 |      -11.0 |     66 | digest\[255\]$_DFFE_PN0P_/D
    1140* |       0 |     161 |       43 |      3 |   112 |    +0.6% |   -0.594 |       -2.0 |       -9.9 |     66 | digest\[255\]$_DFFE_PN0P_/D
    1150* |       0 |     169 |       44 |      3 |   112 |    +0.7% |   -0.625 |       -2.1 |      -10.9 |     66 | digest\[255\]$_DFFE_PN0P_/D
    1160* |       0 |     176 |       47 |      3 |   112 |    +0.7% |   -0.625 |       -2.1 |      -11.0 |     66 | digest\[255\]$_DFFE_PN0P_/D
    1170* |       0 |     183 |       49 |      3 |   113 |    +0.7% |   -0.625 |       -2.1 |      -10.9 |     66 | digest\[255\]$_DFFE_PN0P_/D
    1171* |       0 |     165 |       43 |      3 |   112 |    +0.6% |   -0.594 |       -2.0 |       -9.9 |     66 | digest\[255\]$_DFFE_PN0P_/D
    1180* |       0 |     172 |       43 |      3 |   113 |    +0.7% |   -0.615 |       -2.1 |      -10.4 |     66 | digest\[255\]$_DFFE_PN0P_/D
    1190* |       0 |     181 |       44 |      3 |   113 |    +0.7% |   -0.625 |       -2.1 |      -10.8 |     66 | digest\[255\]$_DFFE_PN0P_/D
    1199* |       0 |     170 |       43 |      3 |   113 |    +0.7% |   -0.594 |       -2.0 |       -9.9 |     66 | digest\[255\]$_DFFE_PN0P_/D
    1200* |       0 |     170 |       43 |      3 |   113 |    +0.7% |   -0.594 |       -2.0 |       -9.9 |     66 | digest\[255\]$_DFFE_PN0P_/D
    1210* |       0 |     179 |       43 |      3 |   114 |    +0.7% |   -0.625 |       -2.1 |      -10.8 |     66 | digest\[255\]$_DFFE_PN0P_/D
    1220* |       0 |     187 |       45 |      3 |   114 |    +0.7% |   -0.625 |       -2.1 |      -10.4 |     66 | digest\[255\]$_DFFE_PN0P_/D
    1230* |       0 |     195 |       46 |      3 |   115 |    +0.7% |   -0.625 |       -2.1 |      -10.6 |     66 | digest\[255\]$_DFFE_PN0P_/D
    1232* |       0 |     171 |       43 |      3 |   114 |    +0.7% |   -0.594 |       -2.0 |       -9.9 |     66 | digest\[255\]$_DFFE_PN0P_/D
    1240* |       0 |     175 |       45 |      3 |   115 |    +0.7% |   -0.595 |       -2.0 |      -10.9 |     66 | digest\[255\]$_DFFE_PN0P_/D
    1247* |       0 |     171 |       43 |      3 |   114 |    +0.7% |   -0.594 |       -2.0 |       -9.9 |     66 | digest\[255\]$_DFFE_PN0P_/D
    1250* |       0 |     173 |       43 |      3 |   114 |    +0.7% |   -0.594 |       -2.0 |       -9.9 |     66 | digest\[255\]$_DFFE_PN0P_/D
    1260* |       0 |     181 |       45 |      3 |   114 |    +0.7% |   -0.615 |       -2.1 |      -10.4 |     66 | digest\[255\]$_DFFE_PN0P_/D
    1270* |       0 |     188 |       48 |      3 |   114 |    +0.7% |   -0.615 |       -2.1 |      -10.6 |     66 | digest\[255\]$_DFFE_PN0P_/D
    1274* |       0 |     179 |       43 |      3 |   114 |    +0.7% |   -0.594 |       -2.0 |       -9.9 |     66 | digest\[255\]$_DFFE_PN0P_/D
    1280* |       0 |     182 |       43 |      3 |   116 |    +0.7% |   -0.594 |       -2.0 |       -9.9 |     66 | digest\[255\]$_DFFE_PN0P_/D
    1282* |       0 |     182 |       43 |      3 |   116 |    +0.7% |   -0.594 |       -2.0 |       -9.9 |     66 | digest\[255\]$_DFFE_PN0P_/D
    1290* |       0 |     188 |       45 |      3 |   116 |    +0.7% |   -0.608 |       -2.0 |      -10.0 |     66 | digest\[255\]$_DFFE_PN0P_/D
    1300* |       0 |     195 |       47 |      3 |   117 |    +0.7% |   -0.611 |       -2.1 |      -10.4 |     66 | digest\[255\]$_DFFE_PN0P_/D
    1300* |       0 |     186 |       45 |      3 |   116 |    +0.7% |   -0.594 |       -2.0 |       -9.9 |     66 | digest\[255\]$_DFFE_PN0P_/D
    1310* |       0 |     194 |       45 |      3 |   117 |    +0.7% |   -0.631 |       -2.1 |      -10.9 |     66 | digest\[255\]$_DFFE_PN0P_/D
    1320* |       0 |     202 |       47 |      3 |   117 |    +0.7% |   -0.631 |       -2.1 |      -10.7 |     66 | digest\[255\]$_DFFE_PN0P_/D
    1327* |       0 |     189 |       45 |      3 |   116 |    +0.7% |   -0.594 |       -2.0 |       -9.9 |     66 | digest\[255\]$_DFFE_PN0P_/D
    1330* |       0 |     191 |       45 |      3 |   116 |    +0.7% |   -0.594 |       -2.0 |       -9.9 |     66 | digest\[255\]$_DFFE_PN0P_/D
    1340* |       0 |     196 |       49 |      3 |   117 |    +0.7% |   -0.594 |       -2.0 |      -10.1 |     66 | digest\[255\]$_DFFE_PN0P_/D
    1343* |       0 |     191 |       45 |      3 |   116 |    +0.7% |   -0.594 |       -2.0 |       -9.9 |     66 | digest\[255\]$_DFFE_PN0P_/D
    1350* |       0 |     195 |       46 |      3 |   117 |    +0.7% |   -0.605 |       -2.0 |      -10.3 |     66 | digest\[255\]$_DFFE_PN0P_/D
    1360* |       0 |     202 |       49 |      3 |   118 |    +0.8% |   -0.625 |       -2.2 |      -10.8 |     66 | digest\[255\]$_DFFE_PN0P_/D
    1360* |       0 |     194 |       45 |      3 |   117 |    +0.7% |   -0.594 |       -2.0 |       -9.9 |     66 | digest\[255\]$_DFFE_PN0P_/D
    1370* |       0 |     201 |       47 |      3 |   117 |    +0.7% |   -0.594 |       -2.0 |      -10.2 |     66 | digest\[255\]$_DFFE_PN0P_/D
    1375* |       0 |     195 |       45 |      3 |   117 |    +0.7% |   -0.594 |       -2.0 |       -9.9 |     66 | digest\[255\]$_DFFE_PN0P_/D
    1380* |       0 |     198 |       46 |      3 |   117 |    +0.7% |   -0.594 |       -2.0 |       -9.9 |     66 | digest\[255\]$_DFFE_PN0P_/D
    1390* |       0 |     204 |       51 |      3 |   117 |    +0.8% |   -0.598 |       -2.0 |      -10.3 |     66 | digest\[255\]$_DFFE_PN0P_/D
    1392* |       0 |     198 |       46 |      3 |   117 |    +0.7% |   -0.594 |       -2.0 |       -9.9 |     66 | digest\[255\]$_DFFE_PN0P_/D
    1396* |       0 |     200 |       47 |      3 |   117 |    +0.7% |   -0.594 |       -2.0 |       -9.9 |     66 | digest\[255\]$_DFFE_PN0P_/D
    1397* |       0 |     200 |       47 |      3 |   117 |    +0.7% |   -0.594 |       -2.0 |       -9.9 |     66 | digest\[255\]$_DFFE_PN0P_/D
    1400* |       0 |     201 |       48 |      3 |   117 |    +0.7% |   -0.594 |       -2.0 |       -9.9 |     66 | digest\[255\]$_DFFE_PN0P_/D
    1410* |       0 |     208 |       50 |      3 |   118 |    +0.8% |   -0.594 |       -2.0 |       -9.9 |     66 | digest\[255\]$_DFFE_PN0P_/D
    1420* |       0 |     216 |       52 |      3 |   118 |    +0.8% |   -0.631 |       -2.1 |      -10.9 |     66 | digest\[255\]$_DFFE_PN0P_/D
    1430* |       0 |     223 |       54 |      3 |   119 |    +0.8% |   -0.631 |       -2.1 |      -10.9 |     66 | digest\[255\]$_DFFE_PN0P_/D
    1440* |       0 |     231 |       56 |      3 |   119 |    +0.8% |   -0.631 |       -2.1 |      -10.5 |     66 | digest\[255\]$_DFFE_PN0P_/D
    1447* |       0 |     203 |       48 |      3 |   118 |    +0.8% |   -0.594 |       -2.0 |       -9.9 |     66 | digest\[255\]$_DFFE_PN0P_/D
    1450* |       0 |     205 |       48 |      3 |   118 |    +0.8% |   -0.594 |       -2.0 |       -9.7 |     66 | digest\[255\]$_DFFE_PN0P_/D
    1460* |       0 |     211 |       52 |      3 |   118 |    +0.8% |   -0.615 |       -2.1 |      -10.3 |     66 | digest\[255\]$_DFFE_PN0P_/D
    1462* |       0 |     208 |       50 |      3 |   118 |    +0.8% |   -0.594 |       -2.0 |       -9.9 |     66 | digest\[255\]$_DFFE_PN0P_/D
    1470* |       0 |     212 |       51 |      3 |   120 |    +0.8% |   -0.595 |       -2.0 |       -9.9 |     66 | digest\[255\]$_DFFE_PN0P_/D
    1480* |       0 |     220 |       53 |      3 |   120 |    +0.8% |   -0.647 |       -2.2 |      -10.4 |     66 | digest\[255\]$_DFFE_PN0P_/D
    1490* |       0 |     230 |       53 |      3 |   120 |    +0.8% |   -0.647 |       -2.2 |      -10.5 |     66 | digest\[255\]$_DFFE_PN0P_/D
    1500* |       0 |     235 |       54 |      3 |   124 |    +0.8% |   -0.647 |       -2.2 |      -10.5 |     66 | digest\[255\]$_DFFE_PN0P_/D
    1500* |       0 |     208 |       50 |      3 |   118 |    +0.8% |   -0.594 |       -2.0 |       -9.9 |     66 | digest\[255\]$_DFFE_PN0P_/D
    1510* |       0 |     216 |       50 |      3 |   119 |    +0.8% |   -0.646 |       -2.2 |      -10.6 |     66 | digest\[255\]$_DFFE_PN0P_/D
    1510* |       0 |     211 |       50 |      3 |   119 |    +0.8% |   -0.594 |       -2.0 |       -9.8 |     66 | digest\[255\]$_DFFE_PN0P_/D
    1520* |       0 |     219 |       50 |      3 |   120 |    +0.8% |   -0.646 |       -2.2 |      -10.6 |     66 | digest\[255\]$_DFFE_PN0P_/D
    1520* |       0 |     215 |       50 |      3 |   120 |    +0.8% |   -0.594 |       -2.0 |       -9.8 |     66 | digest\[255\]$_DFFE_PN0P_/D
    1522* |       0 |     216 |       50 |      3 |   120 |    +0.8% |   -0.594 |       -2.0 |       -9.8 |     66 | digest\[255\]$_DFFE_PN0P_/D
    1523* |       0 |     216 |       50 |      3 |   120 |    +0.8% |   -0.594 |       -2.0 |       -9.8 |     66 | digest\[255\]$_DFFE_PN0P_/D
    1524* |       0 |     216 |       50 |      3 |   120 |    +0.8% |   -0.594 |       -2.0 |       -9.8 |     66 | digest\[255\]$_DFFE_PN0P_/D
    1527* |       0 |     217 |       51 |      3 |   120 |    +0.8% |   -0.594 |       -2.0 |       -9.8 |     66 | digest\[255\]$_DFFE_PN0P_/D
    1528* |       0 |     217 |       51 |      3 |   120 |    +0.8% |   -0.594 |       -2.0 |       -9.8 |     66 | digest\[255\]$_DFFE_PN0P_/D
    1528* |       0 |     217 |       51 |      3 |   120 |    +0.8% |   -0.594 |       -2.0 |       -9.8 |     66 | digest\[255\]$_DFFE_PN0P_/D
    1530+ |       0 |     218 |       51 |      3 |   120 |    +0.8% |   -0.590 |       -2.0 |       -9.7 |     59 | digest\[255\]$_DFFE_PN0P_/D
    1531+ |       0 |     219 |       51 |      3 |   120 |    +0.8% |   -0.588 |       -2.0 |       -9.7 |     59 | digest\[255\]$_DFFE_PN0P_/D
    1532+ |       0 |     219 |       51 |      3 |   120 |    +0.8% |   -0.588 |       -2.0 |       -9.7 |     59 | digest\[255\]$_DFFE_PN0P_/D
    1533+ |       0 |     219 |       51 |      3 |   120 |    +0.8% |   -0.588 |       -2.0 |       -9.7 |     59 | digest\[255\]$_DFFE_PN0P_/D
    1534+ |       0 |     219 |       51 |      3 |   120 |    +0.8% |   -0.588 |       -2.0 |       -9.7 |     59 | digest\[255\]$_DFFE_PN0P_/D
    1535+ |       0 |     219 |       51 |      3 |   120 |    +0.8% |   -0.588 |       -2.0 |       -9.7 |     59 | digest\[255\]$_DFFE_PN0P_/D
    1536+ |       0 |     219 |       51 |      3 |   120 |    +0.8% |   -0.588 |       -2.0 |       -9.7 |     59 | digest\[255\]$_DFFE_PN0P_/D
    1537+ |       0 |     219 |       51 |      3 |   120 |    +0.8% |   -0.588 |       -2.0 |       -9.7 |     59 | digest\[255\]$_DFFE_PN0P_/D
    1538+ |       0 |     219 |       51 |      3 |   120 |    +0.8% |   -0.588 |       -2.0 |       -9.7 |     59 | digest\[255\]$_DFFE_PN0P_/D
    1539+ |       0 |     219 |       51 |      3 |   120 |    +0.8% |   -0.588 |       -2.0 |       -9.7 |     59 | digest\[255\]$_DFFE_PN0P_/D
    1540+ |       0 |     219 |       51 |      3 |   120 |    +0.8% |   -0.588 |       -2.0 |       -9.7 |     59 | digest\[255\]$_DFFE_PN0P_/D
    1540+ |       0 |     219 |       51 |      3 |   120 |    +0.8% |   -0.588 |       -2.0 |       -9.7 |     59 | digest\[255\]$_DFFE_PN0P_/D
    1541+ |       0 |     219 |       51 |      3 |   120 |    +0.8% |   -0.588 |       -2.0 |       -9.7 |     59 | digest\[255\]$_DFFE_PN0P_/D
    1542+ |       0 |     219 |       51 |      3 |   120 |    +0.8% |   -0.588 |       -2.0 |       -9.7 |     59 | digest\[255\]$_DFFE_PN0P_/D
    1544+ |       0 |     220 |       51 |      3 |   120 |    +0.8% |   -0.588 |       -2.0 |       -9.7 |     59 | digest\[255\]$_DFFE_PN0P_/D
    1546+ |       0 |     221 |       51 |      3 |   120 |    +0.8% |   -0.588 |       -2.0 |       -9.6 |     59 | digest\[255\]$_DFFE_PN0P_/D
    1547+ |       0 |     221 |       51 |      3 |   120 |    +0.8% |   -0.588 |       -2.0 |       -9.6 |     59 | digest\[255\]$_DFFE_PN0P_/D
    1548+ |       0 |     221 |       51 |      3 |   120 |    +0.8% |   -0.588 |       -2.0 |       -9.6 |     59 | digest\[255\]$_DFFE_PN0P_/D
    1549+ |       0 |     221 |       51 |      3 |   120 |    +0.8% |   -0.588 |       -2.0 |       -9.6 |     59 | digest\[255\]$_DFFE_PN0P_/D
    1550+ |       0 |     221 |       51 |      3 |   120 |    +0.8% |   -0.588 |       -2.0 |       -9.6 |     59 | digest\[255\]$_DFFE_PN0P_/D
    1551+ |       0 |     222 |       51 |      3 |   120 |    +0.8% |   -0.588 |       -2.0 |       -9.6 |     59 | digest\[255\]$_DFFE_PN0P_/D
    1552+ |       0 |     222 |       51 |      3 |   120 |    +0.8% |   -0.588 |       -2.0 |       -9.6 |     59 | digest\[255\]$_DFFE_PN0P_/D
    1553+ |       0 |     222 |       51 |      3 |   120 |    +0.8% |   -0.588 |       -2.0 |       -9.6 |     59 | digest\[255\]$_DFFE_PN0P_/D
    1555+ |       0 |     223 |       51 |      3 |   120 |    +0.8% |   -0.588 |       -2.0 |       -9.6 |     59 | digest\[255\]$_DFFE_PN0P_/D
    1556+ |       0 |     223 |       51 |      3 |   120 |    +0.8% |   -0.588 |       -2.0 |       -9.6 |     59 | digest\[255\]$_DFFE_PN0P_/D
    1557+ |       0 |     223 |       51 |      3 |   120 |    +0.8% |   -0.588 |       -2.0 |       -9.6 |     59 | digest\[255\]$_DFFE_PN0P_/D
    1558+ |       0 |     223 |       51 |      3 |   120 |    +0.8% |   -0.588 |       -2.0 |       -9.6 |     59 | digest\[255\]$_DFFE_PN0P_/D
    1560+ |       0 |     224 |       51 |      3 |   120 |    +0.8% |   -0.588 |       -2.0 |       -9.6 |     59 | digest\[255\]$_DFFE_PN0P_/D
    1560+ |       0 |     224 |       51 |      3 |   120 |    +0.8% |   -0.588 |       -2.0 |       -9.6 |     59 | digest\[255\]$_DFFE_PN0P_/D
    1562+ |       0 |     225 |       51 |      3 |   120 |    +0.8% |   -0.588 |       -2.0 |       -9.6 |     59 | digest\[255\]$_DFFE_PN0P_/D
    1563+ |       0 |     225 |       51 |      3 |   120 |    +0.8% |   -0.588 |       -2.0 |       -9.6 |     59 | digest\[255\]$_DFFE_PN0P_/D
    1564+ |       0 |     225 |       51 |      3 |   120 |    +0.8% |   -0.588 |       -2.0 |       -9.6 |     59 | digest\[255\]$_DFFE_PN0P_/D
    1565+ |       0 |     225 |       51 |      3 |   120 |    +0.8% |   -0.588 |       -2.0 |       -9.6 |     59 | digest\[255\]$_DFFE_PN0P_/D
    1566+ |       0 |     225 |       51 |      3 |   120 |    +0.8% |   -0.588 |       -2.0 |       -9.6 |     59 | digest\[255\]$_DFFE_PN0P_/D
    1569+ |       0 |     227 |       51 |      3 |   120 |    +0.8% |   -0.588 |       -2.0 |       -9.6 |     59 | digest\[255\]$_DFFE_PN0P_/D
    1570+ |       0 |     227 |       51 |      3 |   120 |    +0.8% |   -0.588 |       -2.0 |       -9.6 |     59 | digest\[255\]$_DFFE_PN0P_/D
    1570+ |       0 |     227 |       51 |      3 |   120 |    +0.8% |   -0.588 |       -2.0 |       -9.6 |     59 | digest\[255\]$_DFFE_PN0P_/D
    1571+ |       0 |     227 |       51 |      3 |   120 |    +0.8% |   -0.588 |       -2.0 |       -9.6 |     59 | digest\[255\]$_DFFE_PN0P_/D
    1580+ |       0 |     234 |       51 |      3 |   121 |    +0.8% |   -0.588 |       -2.0 |       -9.6 |     59 | digest\[255\]$_DFFE_PN0P_/D
    1581+ |       0 |     236 |       51 |      3 |   121 |    +0.8% |   -0.588 |       -2.0 |       -9.6 |     59 | digest\[255\]$_DFFE_PN0P_/D
    1582+ |       0 |     236 |       51 |      3 |   121 |    +0.8% |   -0.588 |       -2.0 |       -9.6 |     59 | digest\[255\]$_DFFE_PN0P_/D
    1585+ |       0 |     238 |       51 |      3 |   121 |    +0.8% |   -0.588 |       -2.0 |       -9.6 |     59 | digest\[255\]$_DFFE_PN0P_/D
    1586+ |       0 |     238 |       51 |      3 |   121 |    +0.8% |   -0.588 |       -2.0 |       -9.6 |     59 | digest\[255\]$_DFFE_PN0P_/D
    1587+ |       0 |     238 |       51 |      3 |   121 |    +0.8% |   -0.588 |       -2.0 |       -9.6 |     59 | digest\[255\]$_DFFE_PN0P_/D
    1588+ |       0 |     238 |       51 |      3 |   121 |    +0.8% |   -0.588 |       -2.0 |       -9.6 |     59 | digest\[255\]$_DFFE_PN0P_/D
    1589+ |       0 |     238 |       51 |      3 |   121 |    +0.8% |   -0.588 |       -2.0 |       -9.6 |     59 | digest\[255\]$_DFFE_PN0P_/D
    1590+ |       0 |     238 |       51 |      3 |   121 |    +0.8% |   -0.588 |       -2.0 |       -9.6 |     59 | digest\[255\]$_DFFE_PN0P_/D
    1590+ |       0 |     238 |       51 |      3 |   121 |    +0.8% |   -0.588 |       -2.0 |       -9.6 |     59 | digest\[255\]$_DFFE_PN0P_/D
    1591+ |       0 |     238 |       51 |      3 |   121 |    +0.8% |   -0.588 |       -2.0 |       -9.6 |     59 | digest\[255\]$_DFFE_PN0P_/D
    1592+ |       0 |     238 |       51 |      3 |   121 |    +0.8% |   -0.588 |       -2.0 |       -9.6 |     59 | digest\[255\]$_DFFE_PN0P_/D
    1593+ |       0 |     238 |       51 |      3 |   121 |    +0.8% |   -0.588 |       -2.0 |       -9.6 |     59 | digest\[255\]$_DFFE_PN0P_/D
    1594+ |       0 |     238 |       51 |      3 |   121 |    +0.8% |   -0.588 |       -2.0 |       -9.6 |     59 | digest\[255\]$_DFFE_PN0P_/D
    1596+ |       0 |     239 |       51 |      3 |   121 |    +0.8% |   -0.588 |       -2.0 |       -9.6 |     59 | digest\[255\]$_DFFE_PN0P_/D
    1598+ |       0 |     240 |       51 |      3 |   121 |    +0.8% |   -0.588 |       -2.0 |       -9.6 |     59 | digest\[255\]$_DFFE_PN0P_/D
    1599+ |       0 |     240 |       51 |      3 |   121 |    +0.8% |   -0.588 |       -2.0 |       -9.6 |     59 | digest\[255\]$_DFFE_PN0P_/D
    1600+ |       0 |     240 |       51 |      3 |   121 |    +0.8% |   -0.588 |       -2.0 |       -9.6 |     59 | digest\[255\]$_DFFE_PN0P_/D
    1601+ |       0 |     240 |       51 |      3 |   121 |    +0.8% |   -0.588 |       -2.0 |       -9.6 |     59 | digest\[255\]$_DFFE_PN0P_/D
    1603+ |       0 |     240 |       51 |      3 |   122 |    +0.8% |   -0.588 |       -2.0 |       -9.6 |     59 | digest\[255\]$_DFFE_PN0P_/D
    1604+ |       0 |     240 |       51 |      3 |   122 |    +0.8% |   -0.588 |       -2.0 |       -9.6 |     59 | digest\[255\]$_DFFE_PN0P_/D
    1605+ |       0 |     240 |       51 |      3 |   122 |    +0.8% |   -0.588 |       -2.0 |       -9.6 |     59 | digest\[255\]$_DFFE_PN0P_/D
    1606+ |       0 |     240 |       51 |      3 |   122 |    +0.8% |   -0.588 |       -2.0 |       -9.6 |     59 | digest\[255\]$_DFFE_PN0P_/D
    1609+ |       0 |     242 |       51 |      3 |   122 |    +0.9% |   -0.588 |       -2.0 |       -9.6 |     59 | digest\[255\]$_DFFE_PN0P_/D
    1610+ |       0 |     242 |       51 |      3 |   122 |    +0.9% |   -0.588 |       -2.0 |       -9.6 |     59 | digest\[255\]$_DFFE_PN0P_/D
    1610+ |       0 |     242 |       51 |      3 |   122 |    +0.9% |   -0.588 |       -2.0 |       -9.6 |     59 | digest\[255\]$_DFFE_PN0P_/D
    1611+ |       0 |     242 |       51 |      3 |   122 |    +0.9% |   -0.588 |       -2.0 |       -9.6 |     59 | digest\[255\]$_DFFE_PN0P_/D
    1612+ |       0 |     242 |       51 |      3 |   122 |    +0.9% |   -0.588 |       -2.0 |       -9.6 |     59 | digest\[255\]$_DFFE_PN0P_/D
    1613+ |       0 |     242 |       51 |      3 |   122 |    +0.9% |   -0.588 |       -2.0 |       -9.6 |     59 | digest\[255\]$_DFFE_PN0P_/D
    final |       0 |     242 |       51 |      3 |   122 |    +0.9% |   -0.588 |       -2.0 |       -9.6 |     59 | digest\[255\]$_DFFE_PN0P_/D
------------------------------------------------------------------------------------------------------------------------------
[INFO RSZ-0040] Inserted 51 buffers.
[INFO RSZ-0051] Resized 242 instances: 241 up, 1 up match, 0 down, 0 VT
[INFO RSZ-0043] Swapped pins on 122 instances.
[INFO RSZ-0049] Cloned 3 instances.
[WARNING RSZ-0062] Unable to repair all setup violations.
[INFO RSZ-0505] Runtime: 61.58s
[INFO RSZ-0033] No hold violations found.
[INFO RSZ-0506] Runtime: 0.06s
Took 61 seconds: repair_timing -setup_margin 0.5 -hold_margin 0 -repair_tns 100 -verbose
global_route -start_incremental
detailed_placement
[INFO DPL-0006] Core area: 300029.00 um^2
[INFO DPL-0007] Movable instances area: 197010.20 um^2
[INFO DPL-0008] Fixed instances area within core: 4952.25 um^2
[INFO DPL-0009] Utilization: 67.3%
[INFO DPL-0005] Diamond search max displacement: +/- 500 sites horizontally, +/- 100 rows vertically.
[INFO DPL-1102] Legalizing using negotiation legalizer.
[INFO DPL-1103] Negotiation base search window: +/-20 sites horizontally, +/-5 rows vertically 
	Automatic search window extension enabled.
	Search window extendable up to the max displacement cap of +/-500 sites, +/-100 rows near walls.
[INFO DPL-1104] NegotiationLegalizer DRC penalty: 5.
[INFO DPL-0392] Negotiation cell height distribution (1 unique row-count(s)):
[INFO DPL-0393]   height 1 row(s): 20524 cells
          |      Total |  Illegal |  Illegal
Iteration | Violations |    Cells |    Sites
---------------------------------------------
        0 |        352 |        78 |       274
        1 |        142 |        28 |       114
        2 |        132 |        18 |       114
        3 |         38 |         6 |        32
        4 |         52 |         6 |        46
        5 |         51 |         7 |        44
        6 |         63 |         5 |        58
        7 |         55 |         5 |        50
        8 |         20 |         4 |        16
        9 |         34 |         4 |        30
       10 |         41 |         5 |        36
       11 |          0 |         0 |         0
Negotiation phase 1 converged at iteration 11.
[INFO DPL-0500] Runtime: 0.17s
Placement Analysis
---------------------------------
total displacement       1629.1 u
average displacement        0.1 u
max displacement           21.8 u
original HPWL          610725.1 u
legalized HPWL         612796.2 u
delta HPWL                    0 %

check_placement -verbose
global_route -end_incremental -congestion_report_file ./reports/sky130hd/chia_sha256_benchmark_corrupted/slot2/congestion_post_repair_timing.rpt
Took 5 seconds: global_route -end_incremental -congestion_report_file ./reports/sky130hd/chia_sha256_benchmark_corrupted/slot2/congestion_post_repair_timing.rpt
estimate_parasitics -global_routing
repair_timing -setup -sequence "vt_swap reroute" -skip_last_gasp -repair_tns 0 -verbose -setup_margin 0.5
[INFO RSZ-0100] Repair move sequence: RerouteMove 
[INFO RSZ-0094] Found 63 endpoints with setup violations.
[INFO RSZ-0099] Repairing 1 out of 63 (0.00%) violating endpoints...
   Iter   | Removed | Resized | Inserted | Cloned |  Pin  |   Area   |    WNS   |   StTNS    |   EnTNS    |  Viol  |  Worst  
          | Buffers |  Gates  | Buffers  |  Gates | Swaps |          |          |            |            | Endpts | St/EnPt 
------------------------------------------------------------------------------------------------------------------------------
       0* |       0 |       1 |        0 |      0 |     0 |    +0.0% |   -0.633 |       -2.2 |      -11.1 |     63 | digest\[255\]$_DFFE_PN0P_/D
      10* |       0 |       1 |        0 |      0 |     0 |    +0.0% |   -0.630 |       -2.1 |      -10.8 |     63 | digest\[255\]$_DFFE_PN0P_/D
      12* |       0 |       1 |        0 |      0 |     0 |    +0.0% |   -0.630 |       -2.1 |      -10.8 |     63 | digest\[255\]$_DFFE_PN0P_/D
      12* |       0 |       1 |        0 |      0 |     0 |    +0.0% |   -0.630 |       -2.1 |      -10.8 |     63 | digest\[255\]$_DFFE_PN0P_/D
    final |       0 |       1 |        0 |      0 |     0 |    +0.0% |   -0.630 |       -2.1 |      -10.8 |     63 | digest\[255\]$_DFFE_PN0P_/D
------------------------------------------------------------------------------------------------------------------------------
[INFO RSZ-0051] Resized 1 instances: 0 up, 1 up match, 0 down, 0 VT
[INFO RSZ-0053] Rerouted 2 nets resistance-aware.
[WARNING RSZ-0062] Unable to repair all setup violations.
[INFO RSZ-0505] Runtime: 0.86s
Repair antennas...
[INFO GRT-0012] Found 153 antenna violations.
[INFO GRT-0302] Inserted 126 jumpers for 112 nets.
[INFO GRT-0012] Found 42 antenna violations.
[INFO DPL-0006] Core area: 300029.00 um^2
[INFO DPL-0007] Movable instances area: 196571.03 um^2
[INFO DPL-0008] Fixed instances area within core: 5496.52 um^2
[INFO DPL-0009] Utilization: 67.3%
[INFO DPL-0005] Diamond search max displacement: +/- 500 sites horizontally, +/- 100 rows vertically.
[INFO DPL-1102] Legalizing using negotiation legalizer.
[INFO DPL-1103] Negotiation base search window: +/-20 sites horizontally, +/-5 rows vertically 
	Automatic search window extension enabled.
	Search window extendable up to the max displacement cap of +/-500 sites, +/-100 rows near walls.
[INFO DPL-1104] NegotiationLegalizer DRC penalty: 5.
[INFO DPL-0392] Negotiation cell height distribution (1 unique row-count(s)):
[INFO DPL-0393]   height 1 row(s): 20566 cells
          |      Total |  Illegal |  Illegal
Iteration | Violations |    Cells |    Sites
---------------------------------------------
        0 |         34 |         6 |        28
        1 |         12 |         2 |        10
        2 |          0 |         0 |         0
Negotiation phase 1 converged at iteration 2.
[INFO DPL-0500] Runtime: 0.09s
[INFO GRT-0015] Inserted 42 diodes.
[INFO GRT-0012] Found 0 antenna violations.
[INFO ANT-0002] Found 0 net violations.
[INFO ANT-0001] Found 0 pin violations.
Estimate parasitics...
estimate_parasitics -global_routing
Report metrics stage 5, global route...

==========================================================================
global route report_design_area
--------------------------------------------------------------------------
Design area 202068 um^2 67% utilization.
[INFO FLW-0007] clock core_clock period 12.500000
[WARNING FLW-0010] more than one clock found. Skipping sdc update.
[INFO FLW-0011] Path endpoint path count 5671
write_db ./results/sky130hd/chia_sha256_benchmark_corrupted/slot2/5_1_grt.odb
write_sdc -no_timestamp ./results/sky130hd/chia_sha256_benchmark_corrupted/slot2/5_1_grt.sdc
Log                       Ext     Elapsed/s Peak Memory/MB sha1sum result [0:20)
5_1_grt                   .odb          336            594 dbaba5e68b108d37cef5
5_1_grt                   .sdc                             fbd418ede1419026c9bf
/root/OpenROAD-flow-scripts/flow/scripts/flow.sh 5_2_route detail_route
Running detail_route.tcl, stage 5_2_route
read_liberty /root/OpenROAD-flow-scripts/flow/platforms/sky130hd/lib/sky130_fd_sc_hd__tt_025C_1v80.lib
read_db ./results/sky130hd/chia_sha256_benchmark_corrupted/slot2/5_1_grt.odb
read_sdc ./results/sky130hd/chia_sha256_benchmark_corrupted/slot2/5_1_grt.sdc
source /root/OpenROAD-flow-scripts/flow/platforms/sky130hd/setRC.tcl
[WARNING STA-0450] virtual clock vclk can not be propagated.
detailed_route -output_drc ./reports/sky130hd/chia_sha256_benchmark_corrupted/slot2/5_route_drc.rpt -output_maze ./results/sky130hd/chia_sha256_benchmark_corrupted/slot2/maze.log -droute_end_iter 64 -verbose 1 -drc_report_iter_step 5
[INFO DRT-0149] Reading tech and libs.
[WARNING DRT-0349] LEF58_ENCLOSURE with no CUTCLASS is not supported. Skipping for layer mcon
[WARNING DRT-0349] LEF58_ENCLOSURE with no CUTCLASS is not supported. Skipping for layer mcon
[WARNING DRT-0349] LEF58_ENCLOSURE with no CUTCLASS is not supported. Skipping for layer via
[WARNING DRT-0349] LEF58_ENCLOSURE with no CUTCLASS is not supported. Skipping for layer via
[WARNING DRT-0349] LEF58_ENCLOSURE with no CUTCLASS is not supported. Skipping for layer via2
[WARNING DRT-0349] LEF58_ENCLOSURE with no CUTCLASS is not supported. Skipping for layer via2
[WARNING DRT-0349] LEF58_ENCLOSURE with no CUTCLASS is not supported. Skipping for layer via3
[WARNING DRT-0349] LEF58_ENCLOSURE with no CUTCLASS is not supported. Skipping for layer via3
[WARNING DRT-0349] LEF58_ENCLOSURE with no CUTCLASS is not supported. Skipping for layer via4
[WARNING DRT-0349] LEF58_ENCLOSURE with no CUTCLASS is not supported. Skipping for layer via4

Units:                1000
Number of layers:     13
Number of macros:     441
Number of vias:       29
Number of viarulegen: 25

[INFO DRT-0150] Reading design.
[WARNING DRT-0120] Large net net3239 has 117 pins which may impact routing performance. Consider optimization.
[WARNING DRT-0120] Large net net3862 has 250 pins which may impact routing performance. Consider optimization.
[WARNING DRT-0120] Large net net3598 has 183 pins which may impact routing performance. Consider optimization.
[WARNING DRT-0120] Large net net3640 has 135 pins which may impact routing performance. Consider optimization.
[WARNING DRT-0120] Large net net513 has 112 pins which may impact routing performance. Consider optimization.
[WARNING DRT-0120] Large net net3235 has 123 pins which may impact routing performance. Consider optimization.
[WARNING DRT-0120] Large net net3599 has 209 pins which may impact routing performance. Consider optimization.
[WARNING DRT-0120] Large net net3664 has 110 pins which may impact routing performance. Consider optimization.
[WARNING DRT-0120] Large net net3864 has 111 pins which may impact routing performance. Consider optimization.
[WARNING DRT-0120] Large net net3989 has 103 pins which may impact routing performance. Consider optimization.
[WARNING DRT-0120] Large net net3988 has 129 pins which may impact routing performance. Consider optimization.
[WARNING DRT-0120] Large net net3986 has 138 pins which may impact routing performance. Consider optimization.
[WARNING DRT-0120] Large net net3985 has 133 pins which may impact routing performance. Consider optimization.
[WARNING DRT-0120] Large net net3982 has 154 pins which may impact routing performance. Consider optimization.
[WARNING DRT-0120] Large net net3977 has 161 pins which may impact routing performance. Consider optimization.
[WARNING DRT-0120] Large net net3975 has 108 pins which may impact routing performance. Consider optimization.
[WARNING DRT-0120] Large net net3974 has 128 pins which may impact routing performance. Consider optimization.
[WARNING DRT-0120] Large net net3973 has 171 pins which may impact routing performance. Consider optimization.
[WARNING DRT-0120] Large net net3972 has 165 pins which may impact routing performance. Consider optimization.
[WARNING DRT-0120] Large net net3968 has 141 pins which may impact routing performance. Consider optimization.
[WARNING DRT-0120] Large net net3967 has 155 pins which may impact routing performance. Consider optimization.

Design:                   sha256
Die area:                 ( 0 0 ) ( 551270 551270 )
Number of track patterns: 12
Number of DEF vias:       0
Number of components:     20566
Number of terminals:      774
Number of snets:          2
Number of nets:           17186

[INFO DRT-0167] List of default vias:
  Layer via
    default via: M1M2_PR
  Layer via2
    default via: M2M3_PR
  Layer via3
    default via: M3M4_PR
  Layer via4
    default via: M4M5_PR
[INFO DRT-0162] Library cell analysis.
[INFO DRT-0163] Instance analysis.
[INFO DRT-0164] Number of unique instances = 270.
[INFO DRT-0168] Init region query.
[INFO DRT-0024]   Complete FR_MASTERSLICE.
[INFO DRT-0024]   Complete Fr_VIA.
[INFO DRT-0024]   Complete li1.
[INFO DRT-0024]   Complete mcon.
[INFO DRT-0024]   Complete met1.
[INFO DRT-0024]   Complete via.
[INFO DRT-0024]   Complete met2.
[INFO DRT-0024]   Complete via2.
[INFO DRT-0024]   Complete met3.
[INFO DRT-0024]   Complete via3.
[INFO DRT-0024]   Complete met4.
[INFO DRT-0024]   Complete via4.
[INFO DRT-0024]   Complete met5.
[INFO DRT-0033] FR_MASTERSLICE shape region query size = 0.
[INFO DRT-0033] FR_VIA shape region query size = 0.
[INFO DRT-0033] li1 shape region query size = 611144.
[INFO DRT-0033] mcon shape region query size = 363392.
[INFO DRT-0033] met1 shape region query size = 112599.
[INFO DRT-0033] via shape region query size = 20200.
[INFO DRT-0033] met2 shape region query size = 12570.
[INFO DRT-0033] via2 shape region query size = 16160.
[INFO DRT-0033] met3 shape region query size = 12442.
[INFO DRT-0033] via3 shape region query size = 16160.
[INFO DRT-0033] met4 shape region query size = 4880.
[INFO DRT-0033] via4 shape region query size = 800.
[INFO DRT-0033] met5 shape region query size = 880.
[INFO DRT-0165] Start pin access.
[INFO DRT-0076]   Complete 1000 pins.
[INFO DRT-0076]   Complete 2000 pins.
[INFO DRT-0078]   Complete 2160 pins.
[INFO DRT-0079]   Complete 100 unique inst patterns.
[INFO DRT-0079]   Complete 200 unique inst patterns.
[INFO DRT-0081]   Complete 270 unique inst patterns.
[INFO DRT-0082]   Complete 10000 groups.
[INFO DRT-0084]   Complete 10530 groups.
#scanned instances     = 20566
#unique  instances     = 270
#stdCellGenAp          = 9985
#stdCellValidPlanarAp  = 163
#stdCellValidViaAp     = 6435
#stdCellPinNoAp        = 10
#stdCellPinCnt         = 63018
#instTermValidViaApCnt = 0
#macroGenAp            = 0
#macroValidPlanarAp    = 0
#macroValidViaAp       = 0
#macroNoAp             = 0
[INFO DRT-0166] Complete pin access.
[INFO DRT-0267] cpu time = 00:03:26, elapsed time = 00:03:26, memory = 408.03 (MB), peak = 423.25 (MB)
[INFO DRT-0156] guideIn read 100000 guides.

[INFO DRT-0157] Number of guides:     160741

[INFO DRT-0169] Post process guides.
[INFO DRT-0176] GCELLGRID X 0 DO 79 STEP 6900 ;
[INFO DRT-0177] GCELLGRID Y 0 DO 79 STEP 6900 ;
[INFO DRT-0026]   Complete 100000 origin guides.
[INFO DRT-0028]   Complete FR_MASTERSLICE.
[INFO DRT-0028]   Complete Fr_VIA.
[INFO DRT-0028]   Complete li1.
[INFO DRT-0028]   Complete mcon.
[INFO DRT-0028]   Complete met1.
[INFO DRT-0028]   Complete via.
[INFO DRT-0028]   Complete met2.
[INFO DRT-0028]   Complete via2.
[INFO DRT-0028]   Complete met3.
[INFO DRT-0028]   Complete via3.
[INFO DRT-0028]   Complete met4.
[INFO DRT-0028]   Complete via4.
[INFO DRT-0028]   Complete met5.
[INFO DRT-0178] Init guide query.
[INFO DRT-0035]   Complete FR_MASTERSLICE (guide).
[INFO DRT-0035]   Complete Fr_VIA (guide).
[INFO DRT-0035]   Complete li1 (guide).
[INFO DRT-0035]   Complete mcon (guide).
[INFO DRT-0035]   Complete met1 (guide).
[INFO DRT-0035]   Complete via (guide).
[INFO DRT-0035]   Complete met2 (guide).
[INFO DRT-0035]   Complete via2 (guide).
[INFO DRT-0035]   Complete met3 (guide).
[INFO DRT-0035]   Complete via3 (guide).
[INFO DRT-0035]   Complete met4 (guide).
[INFO DRT-0035]   Complete via4 (guide).
[INFO DRT-0035]   Complete met5 (guide).
[INFO DRT-0036] FR_MASTERSLICE guide region query size = 0.
[INFO DRT-0036] FR_VIA guide region query size = 0.
[INFO DRT-0036] li1 guide region query size = 48680.
[INFO DRT-0036] mcon guide region query size = 0.
[INFO DRT-0036] met1 guide region query size = 47366.
[INFO DRT-0036] via guide region query size = 0.
[INFO DRT-0036] met2 guide region query size = 26066.
[INFO DRT-0036] via2 guide region query size = 0.
[INFO DRT-0036] met3 guide region query size = 3927.
[INFO DRT-0036] via3 guide region query size = 0.
[INFO DRT-0036] met4 guide region query size = 1738.
[INFO DRT-0036] via4 guide region query size = 0.
[INFO DRT-0036] met5 guide region query size = 75.
[INFO DRT-0179] Init gr pin query.
[INFO DRT-0267] cpu time = 00:00:00, elapsed time = 00:00:00, memory = 464.28 (MB), peak = 464.28 (MB)
[INFO DRT-0245] skipped writing guide updates to database.
[INFO DRT-0181] Start track assignment.
[INFO DRT-0184] Done with 76484 vertical wires in 2 frboxes and 51368 horizontal wires in 2 frboxes.
[INFO DRT-0186] Done with 12786 vertical wires in 2 frboxes and 19912 horizontal wires in 2 frboxes.
[INFO DRT-0182] Complete track assignment.
[INFO DRT-0267] cpu time = 00:00:05, elapsed time = 00:00:05, memory = 640.91 (MB), peak = 640.91 (MB)
[INFO DRT-0187] Start routing data preparation.
[INFO DRT-0267] cpu time = 00:00:00, elapsed time = 00:00:00, memory = 640.91 (MB), peak = 640.91 (MB)
[INFO DRT-0194] Start detail routing.
[INFO DRT-0195] Start 0th optimization iteration.
    Completing 10% with 0 violations.
    elapsed time = 00:00:53, memory = 838.28 (MB).
    Completing 20% with 0 violations.
    elapsed time = 00:01:48, memory = 1100.76 (MB).
    Completing 30% with 5677 violations.
    elapsed time = 00:02:52, memory = 1302.54 (MB).
    Completing 40% with 5677 violations.
    elapsed time = 00:03:43, memory = 1306.78 (MB).
    Completing 50% with 5677 violations.
    elapsed time = 00:04:32, memory = 1276.33 (MB).
    Completing 60% with 10865 violations.
    elapsed time = 00:05:42, memory = 1312.16 (MB).
    Completing 70% with 10865 violations.
    elapsed time = 00:06:52, memory = 1312.16 (MB).
    Completing 80% with 16241 violations.
    elapsed time = 00:07:41, memory = 1303.65 (MB).
    Completing 90% with 16241 violations.
    elapsed time = 00:08:42, memory = 1281.23 (MB).
    Completing 100% with 21117 violations.
    elapsed time = 00:09:21, memory = 1283.00 (MB).
[INFO DRT-0199]   Number of violations = 24012.
Viol/Layer         li1   mcon   met1    via   met2   met3   met4   via4   met5
Cut Spacing          0     48      0      4      0      0      0      2      0
Metal Spacing        0      0   2969      0   1288     60     24      0      1
Min Hole             0      0     34      0      0      0      0      0      0
Recheck             19      0   1855      0    863     88     69      0      1
Short                0      2  14036     56   2511     42     34      0      6
[INFO DRT-0267] cpu time = 00:09:22, elapsed time = 00:09:22, memory = 1291.43 (MB), peak = 1336.58 (MB)
Total wire length = 810739 um.
Total wire length on LAYER li1 = 0 um.
Total wire length on LAYER met1 = 307439 um.
Total wire length on LAYER met2 = 332005 um.
Total wire length on LAYER met3 = 91198 um.
Total wire length on LAYER met4 = 79298 um.
Total wire length on LAYER met5 = 796 um.
Total number of vias = 148424.
Up-via summary (total 148424):

-------------------------
 FR_MASTERSLICE         0
            li1     58992
           met1     77909
           met2      8315
           met3      3092
           met4       116
-------------------------
               148424


[INFO DRT-0195] Start 1st optimization iteration.
    Completing 10% with 24012 violations.
    elapsed time = 00:00:42, memory = 1260.59 (MB).
    Completing 20% with 24012 violations.
    elapsed time = 00:01:33, memory = 1290.00 (MB).
    Completing 30% with 21695 violations.
    elapsed time = 00:02:26, memory = 1302.42 (MB).
    Completing 40% with 21695 violations.
    elapsed time = 00:03:21, memory = 1266.62 (MB).
    Completing 50% with 21695 violations.
    elapsed time = 00:04:14, memory = 1299.37 (MB).
    Completing 60% with 20071 violations.
    elapsed time = 00:05:09, memory = 1327.55 (MB).
    Completing 70% with 20071 violations.
    elapsed time = 00:06:03, memory = 1327.55 (MB).
    Completing 80% with 17162 violations.
    elapsed time = 00:06:44, memory = 1327.55 (MB).
    Completing 90% with 17162 violations.
    elapsed time = 00:07:35, memory = 1327.87 (MB).
    Completing 100% with 14309 violations.
    elapsed time = 00:08:17, memory = 1334.99 (MB).
[INFO DRT-0199]   Number of violations = 14314.
Viol/Layer        mcon   met1    via   met2   met3   met4
Cut Spacing         28      0      1      0      0      0
Metal Spacing        0   1713      0    675     28      3
Min Hole             0      1      0      1      0      0
Recheck              0      0      0      5      0      0
Short                0  10484      0   1355     10     10
[INFO DRT-0267] cpu time = 00:08:18, elapsed time = 00:08:18, memory = 1334.99 (MB), peak = 1389.43 (MB)
Total wire length = 802014 um.
Total wire length on LAYER li1 = 0 um.
Total wire length on LAYER met1 = 300530 um.
Total wire length on LAYER met2 = 328206 um.
Total wire length on LAYER met3 = 93481 um.
Total wire length on LAYER met4 = 79072 um.
Total wire length on LAYER met5 = 723 um.
Total number of vias = 146316.
Up-via summary (total 146316):

-------------------------
 FR_MASTERSLICE         0
            li1     58959
           met1     75986
           met2      8259
           met3      3010
           met4       102
-------------------------
               146316


[INFO DRT-0195] Start 2nd optimization iteration.
    Completing 10% with 14314 violations.
    elapsed time = 00:00:32, memory = 1348.12 (MB).
    Completing 20% with 14314 violations.
    elapsed time = 00:01:23, memory = 1327.87 (MB).
    Completing 30% with 14301 violations.
    elapsed time = 00:01:57, memory = 1327.87 (MB).
    Completing 40% with 14301 violations.
    elapsed time = 00:02:48, memory = 1327.93 (MB).
    Completing 50% with 14301 violations.
    elapsed time = 00:03:49, memory = 1328.00 (MB).
    Completing 60% with 14029 violations.
    elapsed time = 00:04:41, memory = 1327.93 (MB).
    Completing 70% with 14029 violations.
    elapsed time = 00:05:30, memory = 1327.93 (MB).
    Completing 80% with 13750 violations.
    elapsed time = 00:06:22, memory = 1328.79 (MB).
    Completing 90% with 13750 violations.
    elapsed time = 00:07:17, memory = 1328.79 (MB).
    Completing 100% with 13426 violations.
    elapsed time = 00:08:21, memory = 1381.93 (MB).
[INFO DRT-0199]   Number of violations = 13426.
Viol/Layer        mcon   met1    via   met2   met3   met4
Cut Spacing         23      0      0      0      0      0
Metal Spacing        0   1749      0    621     21      2
Min Hole             0      3      0      1      0      0
Short                0   9926      2   1054     14     10
[INFO DRT-0267] cpu time = 00:08:22, elapsed time = 00:08:22, memory = 1408.56 (MB), peak = 1422.44 (MB)
Total wire length = 799945 um.
Total wire length on LAYER li1 = 0 um.
Total wire length on LAYER met1 = 299375 um.
Total wire length on LAYER met2 = 327610 um.
Total wire length on LAYER met3 = 93609 um.
Total wire length on LAYER met4 = 78669 um.
Total wire length on LAYER met5 = 679 um.
Total number of vias = 145383.
Up-via summary (total 145383):

-------------------------
 FR_MASTERSLICE         0
            li1     58995
           met1     75188
           met2      8112
           met3      2988
           met4       100
-------------------------
               145383


[INFO DRT-0195] Start 3rd optimization iteration.
    Completing 10% with 13426 violations.
    elapsed time = 00:00:48, memory = 1397.71 (MB).
    Completing 20% with 13426 violations.
    elapsed time = 00:01:33, memory = 1408.60 (MB).
    Completing 30% with 10318 violations.
    elapsed time = 00:02:31, memory = 1423.36 (MB).
    Completing 40% with 10318 violations.
    elapsed time = 00:03:21, memory = 1374.88 (MB).
    Completing 50% with 10318 violations.
    elapsed time = 00:04:10, memory = 1398.66 (MB).
    Completing 60% with 7569 violations.
    elapsed time = 00:04:56, memory = 1380.15 (MB).
    Completing 70% with 7569 violations.
    elapsed time = 00:05:39, memory = 1429.66 (MB).
    Completing 80% with 4855 violations.
    elapsed time = 00:06:14, memory = 1413.53 (MB).
    Completing 90% with 4855 violations.
    elapsed time = 00:06:58, memory = 1374.79 (MB).
    Completing 100% with 2217 violations.
    elapsed time = 00:07:27, memory = 1403.69 (MB).
[INFO DRT-0199]   Number of violations = 2217.
Viol/Layer        mcon   met1    via   met2   met3
Cut Spacing          6      0      1      0      0
Metal Spacing        0    752      0     85      4
Min Hole             0      1      0      0      0
Short                0   1218      0    148      2
[INFO DRT-0267] cpu time = 00:07:28, elapsed time = 00:07:28, memory = 1404.63 (MB), peak = 1471.42 (MB)
Total wire length = 797874 um.
Total wire length on LAYER li1 = 0 um.
Total wire length on LAYER met1 = 265592 um.
Total wire length on LAYER met2 = 323095 um.
Total wire length on LAYER met3 = 125135 um.
Total wire length on LAYER met4 = 83445 um.
Total wire length on LAYER met5 = 604 um.
Total number of vias = 150162.
Up-via summary (total 150162):

-------------------------
 FR_MASTERSLICE         0
            li1     58979
           met1     74849
           met2     12739
           met3      3507
           met4        88
-------------------------
               150162


[INFO DRT-0195] Start 4th optimization iteration.
    Completing 10% with 2217 violations.
    elapsed time = 00:00:08, memory = 1404.66 (MB).
    Completing 20% with 2217 violations.
    elapsed time = 00:00:21, memory = 1404.66 (MB).
    Completing 30% with 1756 violations.
    elapsed time = 00:00:57, memory = 1374.79 (MB).
    Completing 40% with 1756 violations.
    elapsed time = 00:01:15, memory = 1393.59 (MB).
    Completing 50% with 1756 violations.
    elapsed time = 00:01:29, memory = 1393.60 (MB).
    Completing 60% with 1223 violations.
    elapsed time = 00:01:42, memory = 1404.55 (MB).
    Completing 70% with 1223 violations.
    elapsed time = 00:01:52, memory = 1405.86 (MB).
    Completing 80% with 737 violations.
    elapsed time = 00:02:00, memory = 1405.88 (MB).
    Completing 90% with 737 violations.
    elapsed time = 00:02:13, memory = 1405.88 (MB).
    Completing 100% with 303 violations.
    elapsed time = 00:02:20, memory = 1405.95 (MB).
[INFO DRT-0199]   Number of violations = 307.
Viol/Layer        met1   met2
Metal Spacing       95     46
Recheck              4      0
Short              110     52
[INFO DRT-0267] cpu time = 00:02:20, elapsed time = 00:02:20, memory = 1405.95 (MB), peak = 1475.95 (MB)
Total wire length = 797715 um.
Total wire length on LAYER li1 = 0 um.
Total wire length on LAYER met1 = 263537 um.
Total wire length on LAYER met2 = 322685 um.
Total wire length on LAYER met3 = 126884 um.
Total wire length on LAYER met4 = 84016 um.
Total wire length on LAYER met5 = 591 um.
Total number of vias = 150335.
Up-via summary (total 150335):

-------------------------
 FR_MASTERSLICE         0
            li1     58981
           met1     74753
           met2     12938
           met3      3577
           met4        86
-------------------------
               150335


[INFO DRT-0195] Start 5th optimization iteration.
    Completing 10% with 307 violations.
    elapsed time = 00:00:02, memory = 1405.88 (MB).
    Completing 20% with 307 violations.
    elapsed time = 00:00:05, memory = 1405.88 (MB).
    Completing 30% with 265 violations.
    elapsed time = 00:00:09, memory = 1405.88 (MB).
    Completing 40% with 265 violations.
    elapsed time = 00:00:15, memory = 1405.88 (MB).
    Completing 50% with 265 violations.
    elapsed time = 00:00:23, memory = 1405.88 (MB).
    Completing 60% with 112 violations.
    elapsed time = 00:00:26, memory = 1405.88 (MB).
    Completing 70% with 112 violations.
    elapsed time = 00:00:29, memory = 1405.88 (MB).
    Completing 80% with 53 violations.
    elapsed time = 00:00:31, memory = 1405.88 (MB).
    Completing 90% with 53 violations.
    elapsed time = 00:00:34, memory = 1405.88 (MB).
    Completing 100% with 16 violations.
    elapsed time = 00:00:34, memory = 1405.88 (MB).
[INFO DRT-0199]   Number of violations = 16.
Viol/Layer        met1   met2
Metal Spacing        9      3
Short                4      0
[INFO DRT-0267] cpu time = 00:00:34, elapsed time = 00:00:34, memory = 1405.88 (MB), peak = 1475.95 (MB)
Total wire length = 797622 um.
Total wire length on LAYER li1 = 0 um.
Total wire length on LAYER met1 = 263478 um.
Total wire length on LAYER met2 = 322605 um.
Total wire length on LAYER met3 = 126901 um.
Total wire length on LAYER met4 = 84044 um.
Total wire length on LAYER met5 = 591 um.
Total number of vias = 150293.
Up-via summary (total 150293):

-------------------------
 FR_MASTERSLICE         0
            li1     58980
           met1     74737
           met2     12915
           met3      3575
           met4        86
-------------------------
               150293


[INFO DRT-0195] Start 6th guides tiles iteration.
    Completing 10% with 16 violations.
    elapsed time = 00:00:00, memory = 1405.88 (MB).
    Completing 20% with 16 violations.
    elapsed time = 00:00:00, memory = 1405.88 (MB).
    Completing 30% with 16 violations.
    elapsed time = 00:00:00, memory = 1405.88 (MB).
    Completing 40% with 16 violations.
    elapsed time = 00:00:00, memory = 1405.88 (MB).
    Completing 50% with 16 violations.
    elapsed time = 00:00:00, memory = 1405.88 (MB).
    Completing 60% with 3 violations.
    elapsed time = 00:00:00, memory = 1405.88 (MB).
    Completing 70% with 3 violations.
    elapsed time = 00:00:00, memory = 1405.88 (MB).
    Completing 80% with 3 violations.
    elapsed time = 00:00:00, memory = 1405.88 (MB).
    Completing 90% with 3 violations.
    elapsed time = 00:00:01, memory = 1405.88 (MB).
    Completing 100% with 1 violations.
    elapsed time = 00:00:01, memory = 1405.88 (MB).
[INFO DRT-0199]   Number of violations = 1.
Viol/Layer        met1
Short                1
[INFO DRT-0267] cpu time = 00:00:01, elapsed time = 00:00:01, memory = 1405.88 (MB), peak = 1475.95 (MB)
Total wire length = 797647 um.
Total wire length on LAYER li1 = 0 um.
Total wire length on LAYER met1 = 263482 um.
Total wire length on LAYER met2 = 322613 um.
Total wire length on LAYER met3 = 126914 um.
Total wire length on LAYER met4 = 84044 um.
Total wire length on LAYER met5 = 591 um.
Total number of vias = 150301.
Up-via summary (total 150301):

-------------------------
 FR_MASTERSLICE         0
            li1     58980
           met1     74742
           met2     12918
           met3      3575
           met4        86
-------------------------
               150301


[INFO DRT-0195] Start 7th guides tiles iteration.
    Completing 50% with 1 violations.
    elapsed time = 00:00:00, memory = 1405.88 (MB).
    Completing 100% with 1 violations.
    elapsed time = 00:00:00, memory = 1405.88 (MB).
[INFO DRT-0199]   Number of violations = 1.
Viol/Layer        met1
Short                1
[INFO DRT-0267] cpu time = 00:00:00, elapsed time = 00:00:00, memory = 1405.88 (MB), peak = 1475.95 (MB)
Total wire length = 797647 um.
Total wire length on LAYER li1 = 0 um.
Total wire length on LAYER met1 = 263482 um.
Total wire length on LAYER met2 = 322613 um.
Total wire length on LAYER met3 = 126914 um.
Total wire length on LAYER met4 = 84044 um.
Total wire length on LAYER met5 = 591 um.
Total number of vias = 150301.
Up-via summary (total 150301):

-------------------------
 FR_MASTERSLICE         0
            li1     58980
           met1     74742
           met2     12918
           met3      3575
           met4        86
-------------------------
               150301


[INFO DRT-0195] Start 8th stubborn tiles iteration.
    Completing 10% with 1 violations.
    elapsed time = 00:00:04, memory = 1405.92 (MB).
    Completing 20% with 1 violations.
    elapsed time = 00:00:08, memory = 1405.91 (MB).
    Completing 30% with 1 violations.
    elapsed time = 00:00:11, memory = 1405.88 (MB).
    Completing 40% with 1 violations.
    elapsed time = 00:00:14, memory = 1405.88 (MB).
    Completing 50% with 1 violations.
    elapsed time = 00:00:18, memory = 1405.88 (MB).
    Completing 60% with 1 violations.
    elapsed time = 00:00:21, memory = 1405.88 (MB).
    Completing 70% with 1 violations.
    elapsed time = 00:00:24, memory = 1405.88 (MB).
    Completing 80% with 1 violations.
    elapsed time = 00:00:27, memory = 1483.72 (MB).
    Completing 90% with 1 violations.
    elapsed time = 00:00:31, memory = 1612.02 (MB).
    Completing 100% with 0 violations.
    elapsed time = 00:00:34, memory = 1720.46 (MB).
[INFO DRT-0199]   Number of violations = 0.
[INFO DRT-0267] cpu time = 00:00:34, elapsed time = 00:00:34, memory = 1721.03 (MB), peak = 1762.00 (MB)
Total wire length = 797652 um.
Total wire length on LAYER li1 = 0 um.
Total wire length on LAYER met1 = 263486 um.
Total wire length on LAYER met2 = 322614 um.
Total wire length on LAYER met3 = 126914 um.
Total wire length on LAYER met4 = 84044 um.
Total wire length on LAYER met5 = 591 um.
Total number of vias = 150303.
Up-via summary (total 150303):

-------------------------
 FR_MASTERSLICE         0
            li1     58980
           met1     74744
           met2     12918
           met3      3575
           met4        86
-------------------------
               150303


[INFO DRT-0198] Complete detail routing.
Total wire length = 797652 um.
Total wire length on LAYER li1 = 0 um.
Total wire length on LAYER met1 = 263486 um.
Total wire length on LAYER met2 = 322614 um.
Total wire length on LAYER met3 = 126914 um.
Total wire length on LAYER met4 = 84044 um.
Total wire length on LAYER met5 = 591 um.
Total number of vias = 150303.
Up-via summary (total 150303):

-------------------------
 FR_MASTERSLICE         0
            li1     58980
           met1     74744
           met2     12918
           met3      3575
           met4        86
-------------------------
               150303


[INFO DRT-0267] cpu time = 00:37:03, elapsed time = 00:37:04, memory = 1721.03 (MB), peak = 1762.00 (MB)

[INFO DRT-0180] Post processing.
[INFO DRT-0501] Runtime: 2437.98s
Took 2438 seconds: detailed_route -output_drc ./reports/sky130hd/chia_sha256_benchmark_corrupted/slot2/5_route_drc.rpt -output_maze ./results/sky130hd/chia_sha256_benchmark_corrupted/slot2/maze.log -droute_end_iter 64 -verbose 1 -drc_report_iter_step 5
[INFO GRT-0012] Found 28 antenna violations.
[INFO DPL-0006] Core area: 300029.00 um^2
[INFO DPL-0007] Movable instances area: 0.00 um^2
[INFO DPL-0008] Fixed instances area within core: 202167.64 um^2
[INFO DPL-0009] Utilization: 67.4%
[INFO DPL-0005] Diamond search max displacement: +/- 500 sites horizontally, +/- 100 rows vertically.
[INFO DPL-1102] Legalizing using negotiation legalizer.
[INFO DPL-1103] Negotiation base search window: +/-20 sites horizontally, +/-5 rows vertically 
	Automatic search window extension enabled.
	Search window extendable up to the max displacement cap of +/-500 sites, +/-100 rows near walls.
[INFO DPL-1104] NegotiationLegalizer DRC penalty: 5.
[INFO DPL-0392] Negotiation cell height distribution (1 unique row-count(s)):
[INFO DPL-0393]   height 1 row(s): 20606 cells
[INFO DPL-0500] Runtime: 0.06s
[INFO GRT-0015] Inserted 40 diodes.
[WARNING DRT-0120] Large net net3239 has 117 pins which may impact routing performance. Consider optimization.
[WARNING DRT-0120] Large net net3862 has 250 pins which may impact routing performance. Consider optimization.
[WARNING DRT-0120] Large net net3598 has 183 pins which may impact routing performance. Consider optimization.
[WARNING DRT-0120] Large net net3640 has 135 pins which may impact routing performance. Consider optimization.
[WARNING DRT-0120] Large net net513 has 112 pins which may impact routing performance. Consider optimization.
[WARNING DRT-0120] Large net net3235 has 123 pins which may impact routing performance. Consider optimization.
[WARNING DRT-0120] Large net net3599 has 209 pins which may impact routing performance. Consider optimization.
[WARNING DRT-0120] Large net net3664 has 110 pins which may impact routing performance. Consider optimization.
[WARNING DRT-0120] Large net net3864 has 111 pins which may impact routing performance. Consider optimization.
[WARNING DRT-0120] Large net net3989 has 103 pins which may impact routing performance. Consider optimization.
[WARNING DRT-0120] Large net net3988 has 129 pins which may impact routing performance. Consider optimization.
[WARNING DRT-0120] Large net net3986 has 138 pins which may impact routing performance. Consider optimization.
[WARNING DRT-0120] Large net net3985 has 133 pins which may impact routing performance. Consider optimization.
[WARNING DRT-0120] Large net net3982 has 154 pins which may impact routing performance. Consider optimization.
[WARNING DRT-0120] Large net net3977 has 161 pins which may impact routing performance. Consider optimization.
[WARNING DRT-0120] Large net net3975 has 108 pins which may impact routing performance. Consider optimization.
[WARNING DRT-0120] Large net net3974 has 128 pins which may impact routing performance. Consider optimization.
[WARNING DRT-0120] Large net net3973 has 171 pins which may impact routing performance. Consider optimization.
[WARNING DRT-0120] Large net net3972 has 165 pins which may impact routing performance. Consider optimization.
[WARNING DRT-0120] Large net net3968 has 141 pins which may impact routing performance. Consider optimization.
[WARNING DRT-0120] Large net net3967 has 155 pins which may impact routing performance. Consider optimization.
[INFO DRT-0024]   Complete FR_MASTERSLICE.
[INFO DRT-0024]   Complete Fr_VIA.
[INFO DRT-0024]   Complete li1.
[INFO DRT-0024]   Complete mcon.
[INFO DRT-0024]   Complete met1.
[INFO DRT-0024]   Complete via.
[INFO DRT-0024]   Complete met2.
[INFO DRT-0024]   Complete via2.
[INFO DRT-0024]   Complete met3.
[INFO DRT-0024]   Complete via3.
[INFO DRT-0024]   Complete met4.
[INFO DRT-0024]   Complete via4.
[INFO DRT-0024]   Complete met5.
[INFO DRT-0165] Start pin access.
[INFO DRT-0076]   Complete 1000 pins.
[INFO DRT-0076]   Complete 2000 pins.
[INFO DRT-0078]   Complete 2160 pins.
[INFO DRT-0079]   Complete 100 unique inst patterns.
[INFO DRT-0079]   Complete 200 unique inst patterns.
[INFO DRT-0081]   Complete 270 unique inst patterns.
[INFO DRT-0082]   Complete 10000 groups.
[INFO DRT-0084]   Complete 10530 groups.
#scanned instances     = 20606
#unique  instances     = 270
#stdCellGenAp          = 9985
#stdCellValidPlanarAp  = 163
#stdCellValidViaAp     = 6435
#stdCellPinNoAp        = 10
#stdCellPinCnt         = 63018
#instTermValidViaApCnt = 0
#macroGenAp            = 0
#macroValidPlanarAp    = 0
#macroValidViaAp       = 0
#macroNoAp             = 0
[INFO DRT-0166] Complete pin access.
[INFO DRT-0267] cpu time = 00:03:34, elapsed time = 00:03:34, memory = 1648.22 (MB), peak = 1762.00 (MB)
[INFO DRT-0156] guideIn read 100000 guides.

[INFO DRT-0157] Number of guides:     160350

[INFO DRT-0169] Post process guides.
[INFO DRT-0176] GCELLGRID X 0 DO 79 STEP 6900 ;
[INFO DRT-0177] GCELLGRID Y 0 DO 79 STEP 6900 ;
[INFO DRT-0026]   Complete 100000 origin guides.
[INFO DRT-0028]   Complete FR_MASTERSLICE.
[INFO DRT-0028]   Complete Fr_VIA.
[INFO DRT-0028]   Complete li1.
[INFO DRT-0028]   Complete mcon.
[INFO DRT-0028]   Complete met1.
[INFO DRT-0028]   Complete via.
[INFO DRT-0028]   Complete met2.
[INFO DRT-0028]   Complete via2.
[INFO DRT-0028]   Complete met3.
[INFO DRT-0028]   Complete via3.
[INFO DRT-0028]   Complete met4.
[INFO DRT-0028]   Complete via4.
[INFO DRT-0028]   Complete met5.
[INFO DRT-0178] Init guide query.
[INFO DRT-0035]   Complete FR_MASTERSLICE (guide).
[INFO DRT-0035]   Complete Fr_VIA (guide).
[INFO DRT-0035]   Complete li1 (guide).
[INFO DRT-0035]   Complete mcon (guide).
[INFO DRT-0035]   Complete met1 (guide).
[INFO DRT-0035]   Complete via (guide).
[INFO DRT-0035]   Complete met2 (guide).
[INFO DRT-0035]   Complete via2 (guide).
[INFO DRT-0035]   Complete met3 (guide).
[INFO DRT-0035]   Complete via3 (guide).
[INFO DRT-0035]   Complete met4 (guide).
[INFO DRT-0035]   Complete via4 (guide).
[INFO DRT-0035]   Complete met5 (guide).
[INFO DRT-0036] FR_MASTERSLICE guide region query size = 0.
[INFO DRT-0036] FR_VIA guide region query size = 0.
[INFO DRT-0036] li1 guide region query size = 48702.
[INFO DRT-0036] mcon guide region query size = 0.
[INFO DRT-0036] met1 guide region query size = 47396.
[INFO DRT-0036] via guide region query size = 0.
[INFO DRT-0036] met2 guide region query size = 26019.
[INFO DRT-0036] via2 guide region query size = 0.
[INFO DRT-0036] met3 guide region query size = 3784.
[INFO DRT-0036] via3 guide region query size = 0.
[INFO DRT-0036] met4 guide region query size = 1631.
[INFO DRT-0036] via4 guide region query size = 0.
[INFO DRT-0036] met5 guide region query size = 49.
[INFO DRT-0179] Init gr pin query.
[INFO DRT-0267] cpu time = 00:00:00, elapsed time = 00:00:00, memory = 1648.22 (MB), peak = 1762.00 (MB)
[INFO DRT-0245] skipped writing guide updates to database.
[INFO DRT-0181] Start track assignment.
[INFO DRT-0184] Done with 76352 vertical wires in 2 frboxes and 51229 horizontal wires in 2 frboxes.
[INFO DRT-0186] Done with 12852 vertical wires in 2 frboxes and 20085 horizontal wires in 2 frboxes.
[INFO DRT-0182] Complete track assignment.
[INFO DRT-0267] cpu time = 00:00:05, elapsed time = 00:00:05, memory = 1648.22 (MB), peak = 1762.00 (MB)
[INFO DRT-0187] Start routing data preparation.
[INFO DRT-0267] cpu time = 00:00:00, elapsed time = 00:00:00, memory = 1648.22 (MB), peak = 1762.00 (MB)
[INFO DRT-0194] Start detail routing.
[INFO DRT-0195] Start 0th optimization iteration.
    Completing 10% with 0 violations.
    elapsed time = 00:00:20, memory = 1677.92 (MB).
    Completing 20% with 0 violations.
    elapsed time = 00:00:41, memory = 1679.41 (MB).
    Completing 30% with 1854 violations.
    elapsed time = 00:00:58, memory = 1679.71 (MB).
    Completing 40% with 1854 violations.
    elapsed time = 00:01:25, memory = 1679.71 (MB).
    Completing 50% with 1854 violations.
    elapsed time = 00:01:35, memory = 1679.71 (MB).
    Completing 60% with 3702 violations.
    elapsed time = 00:01:53, memory = 1679.71 (MB).
    Completing 70% with 3702 violations.
    elapsed time = 00:02:09, memory = 1679.71 (MB).
    Completing 80% with 5144 violations.
    elapsed time = 00:02:21, memory = 1679.89 (MB).
    Completing 90% with 5144 violations.
    elapsed time = 00:02:43, memory = 1680.05 (MB).
    Completing 100% with 6389 violations.
    elapsed time = 00:02:50, memory = 1680.05 (MB).
[INFO DRT-0199]   Number of violations = 6976.
Viol/Layer         li1   mcon   met1    via   met2   met3   met4
Cut Spacing          0      3      0      0      0      0      0
Metal Spacing        0      0    541      0    312     26      3
Min Hole             0      0      3      0      1      0      0
Recheck              2      0    334      0    206     29     16
Short                0      1   3877      6   1535     65     16
[INFO DRT-0267] cpu time = 00:02:51, elapsed time = 00:02:51, memory = 1680.05 (MB), peak = 1762.00 (MB)
Total wire length = 799976 um.
Total wire length on LAYER li1 = 0 um.
Total wire length on LAYER met1 = 274229 um.
Total wire length on LAYER met2 = 326152 um.
Total wire length on LAYER met3 = 117787 um.
Total wire length on LAYER met4 = 81215 um.
Total wire length on LAYER met5 = 591 um.
Total number of vias = 150352.
Up-via summary (total 150352):

-------------------------
 FR_MASTERSLICE         0
            li1     59036
           met1     75496
           met2     12293
           met3      3441
           met4        86
-------------------------
               150352


[INFO DRT-0195] Start 1st optimization iteration.
    Completing 10% with 6976 violations.
    elapsed time = 00:00:12, memory = 1680.05 (MB).
    Completing 20% with 6976 violations.
    elapsed time = 00:00:28, memory = 1680.05 (MB).
    Completing 30% with 6301 violations.
    elapsed time = 00:00:39, memory = 1680.05 (MB).
    Completing 40% with 6301 violations.
    elapsed time = 00:01:00, memory = 1680.05 (MB).
    Completing 50% with 6301 violations.
    elapsed time = 00:01:12, memory = 1680.05 (MB).
    Completing 60% with 5635 violations.
    elapsed time = 00:01:28, memory = 1680.05 (MB).
    Completing 70% with 5635 violations.
    elapsed time = 00:01:41, memory = 1680.05 (MB).
    Completing 80% with 4758 violations.
    elapsed time = 00:01:51, memory = 1680.05 (MB).
    Completing 90% with 4758 violations.
    elapsed time = 00:02:08, memory = 1680.05 (MB).
    Completing 100% with 4050 violations.
    elapsed time = 00:02:16, memory = 1680.07 (MB).
[INFO DRT-0199]   Number of violations = 4050.
Viol/Layer        mcon   met1    via   met2   met3
Cut Spacing          3      0      0      0      0
Metal Spacing        0    381      0    243      1
Short                0   2745      7    661      9
[INFO DRT-0267] cpu time = 00:02:16, elapsed time = 00:02:16, memory = 1680.07 (MB), peak = 1762.00 (MB)
Total wire length = 798953 um.
Total wire length on LAYER li1 = 0 um.
Total wire length on LAYER met1 = 273226 um.
Total wire length on LAYER met2 = 325693 um.
Total wire length on LAYER met3 = 118104 um.
Total wire length on LAYER met4 = 81337 um.
Total wire length on LAYER met5 = 591 um.
Total number of vias = 150079.
Up-via summary (total 150079):

-------------------------
 FR_MASTERSLICE         0
            li1     59039
           met1     75231
           met2     12279
           met3      3444
           met4        86
-------------------------
               150079


[INFO DRT-0195] Start 2nd optimization iteration.
    Completing 10% with 4050 violations.
    elapsed time = 00:00:07, memory = 1680.05 (MB).
    Completing 20% with 4050 violations.
    elapsed time = 00:00:22, memory = 1680.05 (MB).
    Completing 30% with 3967 violations.
    elapsed time = 00:00:27, memory = 1680.05 (MB).
    Completing 40% with 3967 violations.
    elapsed time = 00:00:40, memory = 1680.05 (MB).
    Completing 50% with 3967 violations.
    elapsed time = 00:00:50, memory = 1680.05 (MB).
    Completing 60% with 3964 violations.
    elapsed time = 00:01:04, memory = 1680.05 (MB).
    Completing 70% with 3964 violations.
    elapsed time = 00:01:16, memory = 1680.05 (MB).
    Completing 80% with 3675 violations.
    elapsed time = 00:01:25, memory = 1680.05 (MB).
    Completing 90% with 3675 violations.
    elapsed time = 00:01:41, memory = 1680.51 (MB).
    Completing 100% with 3638 violations.
    elapsed time = 00:01:50, memory = 1680.51 (MB).
[INFO DRT-0199]   Number of violations = 3638.
Viol/Layer        mcon   met1   met2   met3
Cut Spacing          1      0      0      0
Metal Spacing        0    328    183      2
Short                0   2489    618     17
[INFO DRT-0267] cpu time = 00:01:50, elapsed time = 00:01:50, memory = 1680.51 (MB), peak = 1762.00 (MB)
Total wire length = 798557 um.
Total wire length on LAYER li1 = 0 um.
Total wire length on LAYER met1 = 272940 um.
Total wire length on LAYER met2 = 325521 um.
Total wire length on LAYER met3 = 118200 um.
Total wire length on LAYER met4 = 81303 um.
Total wire length on LAYER met5 = 591 um.
Total number of vias = 149969.
Up-via summary (total 149969):

-------------------------
 FR_MASTERSLICE         0
            li1     59044
           met1     75114
           met2     12284
           met3      3441
           met4        86
-------------------------
               149969


[INFO DRT-0195] Start 3rd optimization iteration.
    Completing 10% with 3638 violations.
    elapsed time = 00:00:23, memory = 1680.51 (MB).
    Completing 20% with 3638 violations.
    elapsed time = 00:00:38, memory = 1680.51 (MB).
    Completing 30% with 2942 violations.
    elapsed time = 00:00:52, memory = 1680.51 (MB).
    Completing 40% with 2942 violations.
    elapsed time = 00:01:21, memory = 1680.51 (MB).
    Completing 50% with 2942 violations.
    elapsed time = 00:01:27, memory = 1680.54 (MB).
    Completing 60% with 2155 violations.
    elapsed time = 00:01:54, memory = 1680.51 (MB).
    Completing 70% with 2155 violations.
    elapsed time = 00:02:13, memory = 1680.51 (MB).
    Completing 80% with 1694 violations.
    elapsed time = 00:02:27, memory = 1680.51 (MB).
    Completing 90% with 1694 violations.
    elapsed time = 00:02:42, memory = 1680.51 (MB).
    Completing 100% with 933 violations.
    elapsed time = 00:02:48, memory = 1680.51 (MB).
[INFO DRT-0199]   Number of violations = 933.
Viol/Layer        met1    via   met2   met3
Cut Spacing          0      1      0      0
Metal Spacing      284      0     55      1
Min Hole             1      0      1      0
Short              501      0     89      0
[INFO DRT-0267] cpu time = 00:02:48, elapsed time = 00:02:48, memory = 1680.51 (MB), peak = 1762.00 (MB)
Total wire length = 798395 um.
Total wire length on LAYER li1 = 0 um.
Total wire length on LAYER met1 = 265298 um.
Total wire length on LAYER met2 = 323771 um.
Total wire length on LAYER met3 = 125400 um.
Total wire length on LAYER met4 = 83352 um.
Total wire length on LAYER met5 = 572 um.
Total number of vias = 151225.
Up-via summary (total 151225):

-------------------------
 FR_MASTERSLICE         0
            li1     59039
           met1     75215
           met2     13242
           met3      3645
           met4        84
-------------------------
               151225


[INFO DRT-0195] Start 4th optimization iteration.
    Completing 10% with 933 violations.
    elapsed time = 00:00:06, memory = 1680.51 (MB).
    Completing 20% with 933 violations.
    elapsed time = 00:00:09, memory = 1680.51 (MB).
    Completing 30% with 777 violations.
    elapsed time = 00:00:12, memory = 1680.51 (MB).
    Completing 40% with 777 violations.
    elapsed time = 00:00:20, memory = 1680.51 (MB).
    Completing 50% with 777 violations.
    elapsed time = 00:00:22, memory = 1680.51 (MB).
    Completing 60% with 651 violations.
    elapsed time = 00:00:29, memory = 1680.51 (MB).
    Completing 70% with 651 violations.
    elapsed time = 00:00:33, memory = 1680.51 (MB).
    Completing 80% with 123 violations.
    elapsed time = 00:00:35, memory = 1680.51 (MB).
    Completing 90% with 123 violations.
    elapsed time = 00:00:39, memory = 1680.51 (MB).
    Completing 100% with 19 violations.
    elapsed time = 00:00:40, memory = 1680.66 (MB).
[INFO DRT-0199]   Number of violations = 19.
Viol/Layer        met1   met2
Metal Spacing       11      2
Short                3      3
[INFO DRT-0267] cpu time = 00:00:40, elapsed time = 00:00:40, memory = 1680.66 (MB), peak = 1762.00 (MB)
Total wire length = 798301 um.
Total wire length on LAYER li1 = 0 um.
Total wire length on LAYER met1 = 264156 um.
Total wire length on LAYER met2 = 323342 um.
Total wire length on LAYER met3 = 126438 um.
Total wire length on LAYER met4 = 83799 um.
Total wire length on LAYER met5 = 565 um.
Total number of vias = 151303.
Up-via summary (total 151303):

-------------------------
 FR_MASTERSLICE         0
            li1     59035
           met1     75158
           met2     13354
           met3      3674
           met4        82
-------------------------
               151303


[INFO DRT-0195] Start 5th guides tiles iteration.
    Completing 10% with 19 violations.
    elapsed time = 00:00:00, memory = 1680.66 (MB).
    Completing 20% with 19 violations.
    elapsed time = 00:00:00, memory = 1680.66 (MB).
    Completing 30% with 19 violations.
    elapsed time = 00:00:00, memory = 1680.66 (MB).
    Completing 40% with 19 violations.
    elapsed time = 00:00:00, memory = 1680.51 (MB).
    Completing 50% with 19 violations.
    elapsed time = 00:00:01, memory = 1680.51 (MB).
    Completing 60% with 7 violations.
    elapsed time = 00:00:01, memory = 1680.51 (MB).
    Completing 70% with 7 violations.
    elapsed time = 00:00:01, memory = 1680.51 (MB).
    Completing 80% with 7 violations.
    elapsed time = 00:00:01, memory = 1680.51 (MB).
    Completing 100% with 3 violations.
    elapsed time = 00:00:01, memory = 1680.51 (MB).
[INFO DRT-0199]   Number of violations = 3.
Viol/Layer        met1
Short                3
[INFO DRT-0267] cpu time = 00:00:01, elapsed time = 00:00:01, memory = 1680.51 (MB), peak = 1762.00 (MB)
Total wire length = 798300 um.
Total wire length on LAYER li1 = 0 um.
Total wire length on LAYER met1 = 264159 um.
Total wire length on LAYER met2 = 323345 um.
Total wire length on LAYER met3 = 126422 um.
Total wire length on LAYER met4 = 83807 um.
Total wire length on LAYER met5 = 565 um.
Total number of vias = 151298.
Up-via summary (total 151298):

-------------------------
 FR_MASTERSLICE         0
            li1     59035
           met1     75158
           met2     13349
           met3      3674
           met4        82
-------------------------
               151298


[INFO DRT-0195] Start 6th guides tiles iteration.
    Completing 100% with 0 violations.
    elapsed time = 00:00:00, memory = 1680.51 (MB).
[INFO DRT-0199]   Number of violations = 0.
[INFO DRT-0267] cpu time = 00:00:00, elapsed time = 00:00:00, memory = 1680.51 (MB), peak = 1762.00 (MB)
Total wire length = 798297 um.
Total wire length on LAYER li1 = 0 um.
Total wire length on LAYER met1 = 264158 um.
Total wire length on LAYER met2 = 323342 um.
Total wire length on LAYER met3 = 126422 um.
Total wire length on LAYER met4 = 83807 um.
Total wire length on LAYER met5 = 565 um.
Total number of vias = 151296.
Up-via summary (total 151296):

-------------------------
 FR_MASTERSLICE         0
            li1     59035
           met1     75156
           met2     13349
           met3      3674
           met4        82
-------------------------
               151296


[INFO DRT-0198] Complete detail routing.
Total wire length = 798297 um.
Total wire length on LAYER li1 = 0 um.
Total wire length on LAYER met1 = 264158 um.
Total wire length on LAYER met2 = 323342 um.
Total wire length on LAYER met3 = 126422 um.
Total wire length on LAYER met4 = 83807 um.
Total wire length on LAYER met5 = 565 um.
Total number of vias = 151296.
Up-via summary (total 151296):

-------------------------
 FR_MASTERSLICE         0
            li1     59035
           met1     75156
           met2     13349
           met3      3674
           met4        82
-------------------------
               151296


[INFO DRT-0267] cpu time = 00:10:29, elapsed time = 00:10:29, memory = 1680.51 (MB), peak = 1762.00 (MB)

[INFO DRT-0180] Post processing.
[INFO DRT-0501] Runtime: 851.24s
[INFO ANT-0002] Found 4 net violations.
[INFO ANT-0001] Found 4 pin violations.
[INFO GRT-0012] Found 4 antenna violations.
[INFO DPL-0006] Core area: 300029.00 um^2
[INFO DPL-0007] Movable instances area: 0.00 um^2
[INFO DPL-0008] Fixed instances area within core: 202177.65 um^2
[INFO DPL-0009] Utilization: 67.4%
[INFO DPL-0005] Diamond search max displacement: +/- 500 sites horizontally, +/- 100 rows vertically.
[INFO DPL-1102] Legalizing using negotiation legalizer.
[INFO DPL-1103] Negotiation base search window: +/-20 sites horizontally, +/-5 rows vertically 
	Automatic search window extension enabled.
	Search window extendable up to the max displacement cap of +/-500 sites, +/-100 rows near walls.
[INFO DPL-1104] NegotiationLegalizer DRC penalty: 5.
[INFO DPL-0392] Negotiation cell height distribution (1 unique row-count(s)):
[INFO DPL-0393]   height 1 row(s): 20610 cells
[INFO DPL-0500] Runtime: 0.08s
[INFO GRT-0015] Inserted 4 diodes.
[WARNING DRT-0120] Large net net3239 has 117 pins which may impact routing performance. Consider optimization.
[WARNING DRT-0120] Large net net3862 has 250 pins which may impact routing performance. Consider optimization.
[WARNING DRT-0120] Large net net3598 has 183 pins which may impact routing performance. Consider optimization.
[WARNING DRT-0120] Large net net3640 has 135 pins which may impact routing performance. Consider optimization.
[WARNING DRT-0120] Large net net513 has 112 pins which may impact routing performance. Consider optimization.
[WARNING DRT-0120] Large net net3235 has 123 pins which may impact routing performance. Consider optimization.
[WARNING DRT-0120] Large net net3599 has 209 pins which may impact routing performance. Consider optimization.
[WARNING DRT-0120] Large net net3664 has 110 pins which may impact routing performance. Consider optimization.
[WARNING DRT-0120] Large net net3864 has 111 pins which may impact routing performance. Consider optimization.
[WARNING DRT-0120] Large net net3989 has 103 pins which may impact routing performance. Consider optimization.
[WARNING DRT-0120] Large net net3988 has 129 pins which may impact routing performance. Consider optimization.
[WARNING DRT-0120] Large net net3986 has 138 pins which may impact routing performance. Consider optimization.
[WARNING DRT-0120] Large net net3985 has 133 pins which may impact routing performance. Consider optimization.
[WARNING DRT-0120] Large net net3982 has 154 pins which may impact routing performance. Consider optimization.
[WARNING DRT-0120] Large net net3977 has 161 pins which may impact routing performance. Consider optimization.
[WARNING DRT-0120] Large net net3975 has 108 pins which may impact routing performance. Consider optimization.
[WARNING DRT-0120] Large net net3974 has 128 pins which may impact routing performance. Consider optimization.
[WARNING DRT-0120] Large net net3973 has 171 pins which may impact routing performance. Consider optimization.
[WARNING DRT-0120] Large net net3972 has 165 pins which may impact routing performance. Consider optimization.
[WARNING DRT-0120] Large net net3968 has 141 pins which may impact routing performance. Consider optimization.
[WARNING DRT-0120] Large net net3967 has 155 pins which may impact routing performance. Consider optimization.
[INFO DRT-0024]   Complete FR_MASTERSLICE.
[INFO DRT-0024]   Complete Fr_VIA.
[INFO DRT-0024]   Complete li1.
[INFO DRT-0024]   Complete mcon.
[INFO DRT-0024]   Complete met1.
[INFO DRT-0024]   Complete via.
[INFO DRT-0024]   Complete met2.
[INFO DRT-0024]   Complete via2.
[INFO DRT-0024]   Complete met3.
[INFO DRT-0024]   Complete via3.
[INFO DRT-0024]   Complete met4.
[INFO DRT-0024]   Complete via4.
[INFO DRT-0024]   Complete met5.
[INFO DRT-0165] Start pin access.
[INFO DRT-0076]   Complete 1000 pins.
[INFO DRT-0076]   Complete 2000 pins.
[INFO DRT-0078]   Complete 2160 pins.
[INFO DRT-0079]   Complete 100 unique inst patterns.
[INFO DRT-0079]   Complete 200 unique inst patterns.
[INFO DRT-0081]   Complete 270 unique inst patterns.
[INFO DRT-0082]   Complete 10000 groups.
[INFO DRT-0084]   Complete 10531 groups.
#scanned instances     = 20610
#unique  instances     = 270
#stdCellGenAp          = 9985
#stdCellValidPlanarAp  = 163
#stdCellValidViaAp     = 6435
#stdCellPinNoAp        = 10
#stdCellPinCnt         = 63018
#instTermValidViaApCnt = 0
#macroGenAp            = 0
#macroValidPlanarAp    = 0
#macroValidViaAp       = 0
#macroNoAp             = 0
[INFO DRT-0166] Complete pin access.
[INFO DRT-0267] cpu time = 00:03:28, elapsed time = 00:03:28, memory = 1680.51 (MB), peak = 1762.00 (MB)
[INFO DRT-0156] guideIn read 100000 guides.

[INFO DRT-0157] Number of guides:     160308

[INFO DRT-0169] Post process guides.
[INFO DRT-0176] GCELLGRID X 0 DO 79 STEP 6900 ;
[INFO DRT-0177] GCELLGRID Y 0 DO 79 STEP 6900 ;
[INFO DRT-0026]   Complete 100000 origin guides.
[INFO DRT-0028]   Complete FR_MASTERSLICE.
[INFO DRT-0028]   Complete Fr_VIA.
[INFO DRT-0028]   Complete li1.
[INFO DRT-0028]   Complete mcon.
[INFO DRT-0028]   Complete met1.
[INFO DRT-0028]   Complete via.
[INFO DRT-0028]   Complete met2.
[INFO DRT-0028]   Complete via2.
[INFO DRT-0028]   Complete met3.
[INFO DRT-0028]   Complete via3.
[INFO DRT-0028]   Complete met4.
[INFO DRT-0028]   Complete via4.
[INFO DRT-0028]   Complete met5.
[INFO DRT-0178] Init guide query.
[INFO DRT-0035]   Complete FR_MASTERSLICE (guide).
[INFO DRT-0035]   Complete Fr_VIA (guide).
[INFO DRT-0035]   Complete li1 (guide).
[INFO DRT-0035]   Complete mcon (guide).
[INFO DRT-0035]   Complete met1 (guide).
[INFO DRT-0035]   Complete via (guide).
[INFO DRT-0035]   Complete met2 (guide).
[INFO DRT-0035]   Complete via2 (guide).
[INFO DRT-0035]   Complete met3 (guide).
[INFO DRT-0035]   Complete via3 (guide).
[INFO DRT-0035]   Complete met4 (guide).
[INFO DRT-0035]   Complete via4 (guide).
[INFO DRT-0035]   Complete met5 (guide).
[INFO DRT-0036] FR_MASTERSLICE guide region query size = 0.
[INFO DRT-0036] FR_VIA guide region query size = 0.
[INFO DRT-0036] li1 guide region query size = 48705.
[INFO DRT-0036] mcon guide region query size = 0.
[INFO DRT-0036] met1 guide region query size = 47397.
[INFO DRT-0036] via guide region query size = 0.
[INFO DRT-0036] met2 guide region query size = 26008.
[INFO DRT-0036] via2 guide region query size = 0.
[INFO DRT-0036] met3 guide region query size = 3771.
[INFO DRT-0036] via3 guide region query size = 0.
[INFO DRT-0036] met4 guide region query size = 1626.
[INFO DRT-0036] via4 guide region query size = 0.
[INFO DRT-0036] met5 guide region query size = 48.
[INFO DRT-0179] Init gr pin query.
[INFO DRT-0267] cpu time = 00:00:00, elapsed time = 00:00:00, memory = 1680.51 (MB), peak = 1762.00 (MB)
[INFO DRT-0245] skipped writing guide updates to database.
[INFO DRT-0181] Start track assignment.
[INFO DRT-0184] Done with 76339 vertical wires in 2 frboxes and 51216 horizontal wires in 2 frboxes.
[INFO DRT-0186] Done with 12947 vertical wires in 2 frboxes and 20007 horizontal wires in 2 frboxes.
[INFO DRT-0182] Complete track assignment.
[INFO DRT-0267] cpu time = 00:00:05, elapsed time = 00:00:05, memory = 1680.51 (MB), peak = 1762.00 (MB)
[INFO DRT-0187] Start routing data preparation.
[INFO DRT-0267] cpu time = 00:00:00, elapsed time = 00:00:00, memory = 1680.51 (MB), peak = 1762.00 (MB)
[INFO DRT-0194] Start detail routing.
[INFO DRT-0195] Start 0th optimization iteration.
    Completing 10% with 0 violations.
    elapsed time = 00:00:07, memory = 1680.51 (MB).
    Completing 20% with 0 violations.
    elapsed time = 00:00:15, memory = 1680.51 (MB).
    Completing 30% with 176 violations.
    elapsed time = 00:00:25, memory = 1680.51 (MB).
    Completing 40% with 176 violations.
    elapsed time = 00:00:34, memory = 1680.51 (MB).
    Completing 50% with 176 violations.
    elapsed time = 00:00:40, memory = 1680.51 (MB).
    Completing 60% with 463 violations.
    elapsed time = 00:00:48, memory = 1680.51 (MB).
    Completing 70% with 463 violations.
    elapsed time = 00:00:54, memory = 1680.51 (MB).
    Completing 80% with 569 violations.
    elapsed time = 00:01:01, memory = 1680.51 (MB).
    Completing 90% with 569 violations.
    elapsed time = 00:01:10, memory = 1680.51 (MB).
    Completing 100% with 773 violations.
    elapsed time = 00:01:15, memory = 1680.51 (MB).
[INFO DRT-0199]   Number of violations = 903.
Viol/Layer        met1   met2   met3   met4
Metal Spacing       95     36      0      0
Min Hole             1      0      0      0
Recheck             74     54      1      1
Short              413    221      6      1
[INFO DRT-0267] cpu time = 00:01:15, elapsed time = 00:01:15, memory = 1680.51 (MB), peak = 1762.00 (MB)
Total wire length = 798562 um.
Total wire length on LAYER li1 = 0 um.
Total wire length on LAYER met1 = 265516 um.
Total wire length on LAYER met2 = 323745 um.
Total wire length on LAYER met3 = 125226 um.
Total wire length on LAYER met4 = 83509 um.
Total wire length on LAYER met5 = 565 um.
Total number of vias = 151308.
Up-via summary (total 151308):

-------------------------
 FR_MASTERSLICE         0
            li1     59041
           met1     75314
           met2     13219
           met3      3652
           met4        82
-------------------------
               151308


[INFO DRT-0195] Start 1st optimization iteration.
    Completing 10% with 903 violations.
    elapsed time = 00:00:06, memory = 1680.51 (MB).
    Completing 20% with 903 violations.
    elapsed time = 00:00:14, memory = 1680.51 (MB).
    Completing 30% with 757 violations.
    elapsed time = 00:00:21, memory = 1680.51 (MB).
    Completing 40% with 757 violations.
    elapsed time = 00:00:29, memory = 1680.51 (MB).
    Completing 50% with 757 violations.
    elapsed time = 00:00:36, memory = 1680.51 (MB).
    Completing 60% with 624 violations.
    elapsed time = 00:00:44, memory = 1680.51 (MB).
    Completing 70% with 624 violations.
    elapsed time = 00:00:51, memory = 1680.51 (MB).
    Completing 80% with 500 violations.
    elapsed time = 00:00:57, memory = 1680.51 (MB).
    Completing 90% with 500 violations.
    elapsed time = 00:01:06, memory = 1680.51 (MB).
    Completing 100% with 346 violations.
    elapsed time = 00:01:11, memory = 1680.51 (MB).
[INFO DRT-0199]   Number of violations = 346.
Viol/Layer        met1   met2   met3
Metal Spacing       84     17      1
Short              171     72      1
[INFO DRT-0267] cpu time = 00:01:11, elapsed time = 00:01:11, memory = 1680.51 (MB), peak = 1762.00 (MB)
Total wire length = 798383 um.
Total wire length on LAYER li1 = 0 um.
Total wire length on LAYER met1 = 265250 um.
Total wire length on LAYER met2 = 323680 um.
Total wire length on LAYER met3 = 125370 um.
Total wire length on LAYER met4 = 83516 um.
Total wire length on LAYER met5 = 565 um.
Total number of vias = 151254.
Up-via summary (total 151254):

-------------------------
 FR_MASTERSLICE         0
            li1     59041
           met1     75248
           met2     13232
           met3      3651
           met4        82
-------------------------
               151254


[INFO DRT-0195] Start 2nd optimization iteration.
    Completing 10% with 346 violations.
    elapsed time = 00:00:01, memory = 1680.51 (MB).
    Completing 20% with 346 violations.
    elapsed time = 00:00:05, memory = 1680.51 (MB).
    Completing 30% with 333 violations.
    elapsed time = 00:00:05, memory = 1680.51 (MB).
    Completing 40% with 333 violations.
    elapsed time = 00:00:09, memory = 1680.51 (MB).
    Completing 50% with 333 violations.
    elapsed time = 00:00:09, memory = 1680.51 (MB).
    Completing 60% with 332 violations.
    elapsed time = 00:00:12, memory = 1680.51 (MB).
    Completing 70% with 332 violations.
    elapsed time = 00:00:15, memory = 1680.51 (MB).
    Completing 80% with 320 violations.
    elapsed time = 00:00:18, memory = 1680.51 (MB).
    Completing 90% with 320 violations.
    elapsed time = 00:00:23, memory = 1680.51 (MB).
    Completing 100% with 333 violations.
    elapsed time = 00:00:24, memory = 1680.51 (MB).
[INFO DRT-0199]   Number of violations = 333.
Viol/Layer        met1   met2   met3
Metal Spacing       45     24      0
Short              187     76      1
[INFO DRT-0267] cpu time = 00:00:25, elapsed time = 00:00:25, memory = 1680.51 (MB), peak = 1762.00 (MB)
Total wire length = 798368 um.
Total wire length on LAYER li1 = 0 um.
Total wire length on LAYER met1 = 265244 um.
Total wire length on LAYER met2 = 323667 um.
Total wire length on LAYER met3 = 125332 um.
Total wire length on LAYER met4 = 83559 um.
Total wire length on LAYER met5 = 565 um.
Total number of vias = 151230.
Up-via summary (total 151230):

-------------------------
 FR_MASTERSLICE         0
            li1     59041
           met1     75228
           met2     13225
           met3      3654
           met4        82
-------------------------
               151230


[INFO DRT-0195] Start 3rd optimization iteration.
    Completing 10% with 333 violations.
    elapsed time = 00:00:20, memory = 1680.58 (MB).
    Completing 20% with 333 violations.
    elapsed time = 00:00:25, memory = 1680.58 (MB).
    Completing 30% with 306 violations.
    elapsed time = 00:00:31, memory = 1680.58 (MB).
    Completing 40% with 306 violations.
    elapsed time = 00:00:40, memory = 1680.58 (MB).
    Completing 50% with 306 violations.
    elapsed time = 00:00:41, memory = 1680.58 (MB).
    Completing 60% with 203 violations.
    elapsed time = 00:00:43, memory = 1680.58 (MB).
    Completing 70% with 203 violations.
    elapsed time = 00:00:44, memory = 1680.58 (MB).
    Completing 80% with 188 violations.
    elapsed time = 00:00:45, memory = 1680.58 (MB).
    Completing 90% with 188 violations.
    elapsed time = 00:00:49, memory = 1680.58 (MB).
    Completing 100% with 87 violations.
    elapsed time = 00:00:49, memory = 1680.58 (MB).
[INFO DRT-0199]   Number of violations = 87.
Viol/Layer        mcon   met1   met2
Cut Spacing          1      0      0
Metal Spacing        0     31      1
Short                0     44     10
[INFO DRT-0267] cpu time = 00:00:49, elapsed time = 00:00:49, memory = 1680.58 (MB), peak = 1762.00 (MB)
Total wire length = 798354 um.
Total wire length on LAYER li1 = 0 um.
Total wire length on LAYER met1 = 264528 um.
Total wire length on LAYER met2 = 323360 um.
Total wire length on LAYER met3 = 126064 um.
Total wire length on LAYER met4 = 83835 um.
Total wire length on LAYER met5 = 565 um.
Total number of vias = 151316.
Up-via summary (total 151316):

-------------------------
 FR_MASTERSLICE         0
            li1     59040
           met1     75185
           met2     13335
           met3      3674
           met4        82
-------------------------
               151316


[INFO DRT-0195] Start 4th guides tiles iteration.
    Completing 10% with 87 violations.
    elapsed time = 00:00:02, memory = 1680.58 (MB).
    Completing 20% with 87 violations.
    elapsed time = 00:00:02, memory = 1680.58 (MB).
    Completing 30% with 87 violations.
    elapsed time = 00:00:03, memory = 1680.58 (MB).
    Completing 40% with 87 violations.
    elapsed time = 00:00:03, memory = 1680.58 (MB).
    Completing 50% with 87 violations.
    elapsed time = 00:00:03, memory = 1680.58 (MB).
    Completing 60% with 21 violations.
    elapsed time = 00:00:04, memory = 1680.58 (MB).
    Completing 70% with 21 violations.
    elapsed time = 00:00:04, memory = 1680.58 (MB).
    Completing 80% with 21 violations.
    elapsed time = 00:00:05, memory = 1680.58 (MB).
    Completing 90% with 3 violations.
    elapsed time = 00:00:05, memory = 1680.58 (MB).
    Completing 100% with 3 violations.
    elapsed time = 00:00:05, memory = 1680.58 (MB).
[INFO DRT-0199]   Number of violations = 3.
Viol/Layer        met1   met2
Metal Spacing        1      2
[INFO DRT-0267] cpu time = 00:00:05, elapsed time = 00:00:05, memory = 1680.58 (MB), peak = 1762.00 (MB)
Total wire length = 798361 um.
Total wire length on LAYER li1 = 0 um.
Total wire length on LAYER met1 = 264464 um.
Total wire length on LAYER met2 = 323279 um.
Total wire length on LAYER met3 = 126130 um.
Total wire length on LAYER met4 = 83922 um.
Total wire length on LAYER met5 = 565 um.
Total number of vias = 151358.
Up-via summary (total 151358):

-------------------------
 FR_MASTERSLICE         0
            li1     59040
           met1     75196
           met2     13354
           met3      3686
           met4        82
-------------------------
               151358


[INFO DRT-0195] Start 5th guides tiles iteration.
    Completing 30% with 3 violations.
    elapsed time = 00:00:00, memory = 1680.58 (MB).
    Completing 60% with 3 violations.
    elapsed time = 00:00:00, memory = 1680.58 (MB).
    Completing 100% with 0 violations.
    elapsed time = 00:00:00, memory = 1680.58 (MB).
[INFO DRT-0199]   Number of violations = 0.
[INFO DRT-0267] cpu time = 00:00:00, elapsed time = 00:00:00, memory = 1680.58 (MB), peak = 1762.00 (MB)
Total wire length = 798364 um.
Total wire length on LAYER li1 = 0 um.
Total wire length on LAYER met1 = 264463 um.
Total wire length on LAYER met2 = 323275 um.
Total wire length on LAYER met3 = 126131 um.
Total wire length on LAYER met4 = 83928 um.
Total wire length on LAYER met5 = 565 um.
Total number of vias = 151358.
Up-via summary (total 151358):

-------------------------
 FR_MASTERSLICE         0
            li1     59040
           met1     75192
           met2     13356
           met3      3688
           met4        82
-------------------------
               151358


[INFO DRT-0198] Complete detail routing.
Total wire length = 798364 um.
Total wire length on LAYER li1 = 0 um.
Total wire length on LAYER met1 = 264463 um.
Total wire length on LAYER met2 = 323275 um.
Total wire length on LAYER met3 = 126131 um.
Total wire length on LAYER met4 = 83928 um.
Total wire length on LAYER met5 = 565 um.
Total number of vias = 151358.
Up-via summary (total 151358):

-------------------------
 FR_MASTERSLICE         0
            li1     59040
           met1     75192
           met2     13356
           met3      3688
           met4        82
-------------------------
               151358


[INFO DRT-0267] cpu time = 00:03:48, elapsed time = 00:03:48, memory = 1680.58 (MB), peak = 1762.00 (MB)

[INFO DRT-0180] Post processing.
[INFO DRT-0501] Runtime: 444.00s
[INFO ANT-0002] Found 0 net violations.
[INFO ANT-0001] Found 0 pin violations.
[INFO ANT-0002] Found 0 net violations.
[INFO ANT-0001] Found 0 pin violations.
Design area 202178 um^2 67% utilization.
write_db ./results/sky130hd/chia_sha256_benchmark_corrupted/slot2/5_2_route.odb
Log                       Ext     Elapsed/s Peak Memory/MB sha1sum result [0:20)
5_2_route                 .odb         3849           1761 309d966bcb4787eb2b6f
/root/OpenROAD-flow-scripts/flow/scripts/flow.sh 5_3_fillcell fillcell
Running fillcell.tcl, stage 5_3_fillcell
read_liberty /root/OpenROAD-flow-scripts/flow/platforms/sky130hd/lib/sky130_fd_sc_hd__tt_025C_1v80.lib
read_db ./results/sky130hd/chia_sha256_benchmark_corrupted/slot2/5_2_route.odb
read_sdc ./results/sky130hd/chia_sha256_benchmark_corrupted/slot2/5_1_grt.sdc
source /root/OpenROAD-flow-scripts/flow/platforms/sky130hd/setRC.tcl
[WARNING STA-0450] virtual clock vclk can not be propagated.
filler_placement "sky130_fd_sc_hd__fill_1 sky130_fd_sc_hd__fill_2 sky130_fd_sc_hd__fill_4 sky130_fd_sc_hd__fill_8"
[INFO DPL-0001] Placed 22096 filler instances.
Design area 202178 um^2 67% utilization.
write_db ./results/sky130hd/chia_sha256_benchmark_corrupted/slot2/5_3_fillcell.odb
Log                       Ext     Elapsed/s Peak Memory/MB sha1sum result [0:20)
5_3_fillcell              .odb            0            213 4266a09e010b498c1368
cp ./results/sky130hd/chia_sha256_benchmark_corrupted/slot2/5_3_fillcell.odb ./results/sky130hd/chia_sha256_benchmark_corrupted/slot2/5_route.odb
cp ./results/sky130hd/chia_sha256_benchmark_corrupted/slot2/5_1_grt.sdc ./results/sky130hd/chia_sha256_benchmark_corrupted/slot2/5_route.sdc
make: Leaving directory '/root/OpenROAD-flow-scripts/flow'

STDERR:
bash: /opt/miniconda/lib/libtinfo.so.6: no version information available (required by bash)
bash: /opt/miniconda/lib/libtinfo.so.6: no version information available (required by bash)
bash: /opt/miniconda/lib/libtinfo.so.6: no version information available (required by bash)
bash: /opt/miniconda/lib/libtinfo.so.6: no version information available (required by bash)
bash: /opt/miniconda/lib/libtinfo.so.6: no version information available (required by bash)
bash: /opt/miniconda/lib/libtinfo.so.6: no version information available (required by bash)
bash: /opt/miniconda/lib/libtinfo.so.6: no version information available (required by bash)
bash: /opt/miniconda/lib/libtinfo.so.6: no version information available (required by bash)
bash: /opt/miniconda/lib/libtinfo.so.6: no version information available (required by bash)
bash: /opt/miniconda/lib/libtinfo.so.6: no version information available (required by bash)
bash: /opt/miniconda/lib/libtinfo.so.6: no version information available (required by bash)
bash: /opt/miniconda/lib/libtinfo.so.6: no version information available (required by bash)
bash: /opt/miniconda/lib/libtinfo.so.6: no version information available (required by bash)
bash: /opt/miniconda/lib/libtinfo.so.6: no version information available (required by bash)
bash: /opt/miniconda/lib/libtinfo.so.6: no version information available (required by bash)
bash: /opt/miniconda/lib/libtinfo.so.6: no version information available (required by bash)
bash: /opt/miniconda/lib/libtinfo.so.6: no version information available (required by bash)
bash: /opt/miniconda/lib/libtinfo.so.6: no version information available (required by bash)
bash: /opt/miniconda/lib/libtinfo.so.6: no version information available (required by bash)
bash: /opt/miniconda/lib/libtinfo.so.6: no version information available (required by bash)
bash: /opt/miniconda/lib/libtinfo.so.6: no version information available (required by bash)
bash: /opt/miniconda/lib/libtinfo.so.6: no version information available (required by bash)
bash: /opt/miniconda/lib/libtinfo.so.6: no version information available (required by bash)
bash: /opt/miniconda/lib/libtinfo.so.6: no version information available (required by bash)
Elapsed time: 5:36.41[h:]min:sec. CPU time: user 336.03 sys 0.25 (99%). Peak memory: 608524KB.
bash: /opt/miniconda/lib/libtinfo.so.6: no version information available (required by bash)
bash: /opt/miniconda/lib/libtinfo.so.6: no version information available (required by bash)
bash: /opt/miniconda/lib/libtinfo.so.6: no version information available (required by bash)
bash: /opt/miniconda/lib/libtinfo.so.6: no version information available (required by bash)
bash: /opt/miniconda/lib/libtinfo.so.6: no version information available (required by bash)
bash: /opt/miniconda/lib/libtinfo.so.6: no version information available (required by bash)
bash: /opt/miniconda/lib/libtinfo.so.6: no version information available (required by bash)
bash: /opt/miniconda/lib/libtinfo.so.6: no version information available (required by bash)
bash: /opt/miniconda/lib/libtinfo.so.6: no version information available (required by bash)
bash: /opt/miniconda/lib/libtinfo.so.6: no version information available (required by bash)
bash: /opt/miniconda/lib/libtinfo.so.6: no version information available (required by bash)
bash: /opt/miniconda/lib/libtinfo.so.6: no version information available (required by bash)
bash: /opt/miniconda/lib/libtinfo.so.6: no version information available (required by bash)
bash: /opt/miniconda/lib/libtinfo.so.6: no version information available (required by bash)
Elapsed time: 1:04:09.23[h:]min:sec. CPU time: user 3835.69 sys 12.53 (99%). Peak memory: 1804284KB.
bash: /opt/miniconda/lib/libtinfo.so.6: no version information available (required by bash)
bash: /opt/miniconda/lib/libtinfo.so.6: no version information available (required by bash)
bash: /opt/miniconda/lib/libtinfo.so.6: no version information available (required by bash)
bash: /opt/miniconda/lib/libtinfo.so.6: no version information available (required by bash)
bash: /opt/miniconda/lib/libtinfo.so.6: no version information available (required by bash)
bash: /opt/miniconda/lib/libtinfo.so.6: no version information available (required by bash)
bash: /opt/miniconda/lib/libtinfo.so.6: no version information available (required by bash)
bash: /opt/miniconda/lib/libtinfo.so.6: no version information available (required by bash)
bash: /opt/miniconda/lib/libtinfo.so.6: no version information available (required by bash)
bash: /opt/miniconda/lib/libtinfo.so.6: no version information available (required by bash)
bash: /opt/miniconda/lib/libtinfo.so.6: no version information available (required by bash)
bash: /opt/miniconda/lib/libtinfo.so.6: no version information available (required by bash)
bash: /opt/miniconda/lib/libtinfo.so.6: no version information available (required by bash)
bash: /opt/miniconda/lib/libtinfo.so.6: no version information available (required by bash)
Elapsed time: 0:00.53[h:]min:sec. CPU time: user 0.46 sys 0.07 (98%). Peak memory: 218112KB.
bash: /opt/miniconda/lib/libtinfo.so.6: no version information available (required by bash)
bash: /opt/miniconda/lib/libtinfo.so.6: no version information available (required by bash)
bash: /opt/miniconda/lib/libtinfo.so.6: no version information available (required by bash)
bash: /opt/miniconda/lib/libtinfo.so.6: no version information available (required by bash)
bash: /opt/miniconda/lib/libtinfo.so.6: no version information available (required by bash)
bash: /opt/miniconda/lib/libtinfo.so.6: no version information available (required by bash)
bash: /opt/miniconda/lib/libtinfo.so.6: no version information available (required by bash)
bash: /opt/miniconda/lib/libtinfo.so.6: no version information available (required by bash)
bash: /opt/miniconda/lib/libtinfo.so.6: no version information available (required by bash)
bash: /opt/miniconda/lib/libtinfo.so.6: no version information available (required by bash)
bash: /opt/miniconda/lib/libtinfo.so.6: no version information available (required by bash)
bash: /opt/miniconda/lib/libtinfo.so.6: no version information available (required by bash)
bash: /opt/miniconda/lib/libtinfo.so.6: no version information available (required by bash)
bash: /opt/miniconda/lib/libtinfo.so.6: no version information available (required by bash)
bash: /opt/miniconda/lib/libtinfo.so.6: no version information available (required by bash)
bash: /opt/miniconda/lib/libtinfo.so.6: no version information available (required by bash)
bash: /opt/miniconda/lib/libtinfo.so.6: no version information available (required by bash)
bash: /opt/miniconda/lib/libtinfo.so.6: no version information available (required by bash)
bash: /opt/miniconda/lib/libtinfo.so.6: no version information available (required by bash)
bash: /opt/miniconda/lib/libtinfo.so.6: no version information available (required by bash)
bash: /opt/miniconda/lib/libtinfo.so.6: no version information available (required by bash)
bash: /opt/miniconda/lib/libtinfo.so.6: no version information available (required by bash)
bash: /opt/miniconda/lib/libtinfo.so.6: no version information available (required by bash)
bash: /opt/miniconda/lib/libtinfo.so.6: no version information available (required by bash)
bash: /opt/miniconda/lib/libtinfo.so.6: no version information available (required by bash)
bash: /opt/miniconda/lib/libtinfo.so.6: no version information available (required by bash)
