==============================================================================
Starting run14
Time          : 2026-09-10T18:31:21+05:30
Project       : /home/auralab/nwark/chia_sept7_for_multi_rtl_with_multi_llm/for_multiple_rtl_updation_generalized
Design config : pipeline/designs/axi_handshake.yaml
Design        : axi_handshake
Max iterations: 25
Run log       : /home/auralab/nwark/chia_sept7_for_multi_rtl_with_multi_llm/for_multiple_rtl_updation_generalized/generated/designs/axi_handshake/results/verification_improvement/logs/run_20260910_183121.log
==============================================================================

=========================================================
 CHIA verification run: axi_handshake
=========================================================
  RTL:          benchmarks/axi_handshake/axi_handshake.sv
  Specification:benchmarks/axi_handshake/spec.md
  Reference:    benchmarks/axi_handshake/ref_model.py
  Generated TB: generated/designs/axi_handshake/tb
  Plan:         generated/designs/axi_handshake/plans/verification_plan.yaml
2026-09-10 18:31:22,221	INFO worker.py:1810 -- Connecting to existing Ray cluster at address: 172.16.36.107:6379...
2026-09-10 18:31:22,246	INFO worker.py:2004 -- Connected to Ray cluster. View the dashboard at [1m[32m127.0.0.1:8265 [39m[22m
/home/auralab/miniconda3/envs/chia_env/lib/python3.10/site-packages/ray/_private/worker.py:2052: FutureWarning: Tip: In future versions of Ray, Ray will no longer override accelerator visible devices env var if num_gpus=0 or num_gpus=None (default). To enable this behavior and turn off this error message, set RAY_ACCEL_ENV_VAR_OVERRIDE_ON_ZERO=0
  warnings.warn(
/home/auralab/miniconda3/envs/chia_env/lib/python3.10/site-packages/pydantic_settings/sources/utils.py:47: IncompleteFieldDefinitionWarning: Field 'lifespan' has an incomplete definition: its annotation contains an unresolved forward reference, so settings sources may fail to correctly resolve its value. Call `model_rebuild()` on the model where the field is defined, once all the referenced types are defined.
  warnings.warn(
[36m(_ToolServerActor pid=22167)[0m INFO:     Started server process [22167]
[36m(_ToolServerActor pid=22167)[0m INFO:     Waiting for application startup.
[36m(_ToolServerActor pid=22167)[0m INFO:     Application startup complete.
[36m(_ToolServerActor pid=22167)[0m INFO:     Uvicorn running on http://172.16.36.107:8000 (Press CTRL+C to quit)
verification_workspace started at 172.16.36.107:8000 on node 5c1de07b5617802463723b50cbf7fef2241c39d050d52bc1bb56b37a
OpenCodeLLM is experimental: only exercised by unit tests so far, not validated in production.

[1/4] Extracting RTL information...
RTL information: /workspace/generated/designs/axi_handshake/rtl/rtl_info.json

[2/4] Generating verification plan...
[36m(extract_rtl pid=9612)[0m Wrote concise RTL information to /workspace/generated/designs/axi_handshake/rtl/rtl_info.json
[36m(extract_rtl pid=9612)[0m 
[36m(_ToolServerActor pid=22167)[0m INFO:     172.16.36.107:35272 - "POST /verification_workspace/mcp HTTP/1.1" 200 OK
[36m(_ToolServerActor pid=22167)[0m INFO:     172.16.36.107:35272 - "POST /verification_workspace/mcp HTTP/1.1" 202 Accepted
[36m(_ToolServerActor pid=22167)[0m INFO:     172.16.36.107:35272 - "GET /verification_workspace/mcp HTTP/1.1" 200 OK
[36m(_ToolServerActor pid=22167)[0m INFO:     172.16.36.107:35280 - "POST /verification_workspace/mcp HTTP/1.1" 200 OK

✓ Candidate verification plan generated.
✓ Candidate saved to: /home/auralab/nwark/chia_sept7_for_multi_rtl_with_multi_llm/for_multiple_rtl_updation_generalized/generated/designs/axi_handshake/plans/candidate_verification_plan.yaml

[3/4] Reviewing verification plan (attempt 1)...
[36m(_ToolServerActor pid=22167)[0m INFO:     172.16.36.107:51706 - "POST /verification_workspace/mcp HTTP/1.1" 200 OK
[36m(_ToolServerActor pid=22167)[0m INFO:     172.16.36.107:51706 - "POST /verification_workspace/mcp HTTP/1.1" 202 Accepted
[36m(_ToolServerActor pid=22167)[0m INFO:     172.16.36.107:51706 - "GET /verification_workspace/mcp HTTP/1.1" 200 OK
[36m(_ToolServerActor pid=22167)[0m INFO:     172.16.36.107:51710 - "POST /verification_workspace/mcp HTTP/1.1" 200 OK

===== REVIEW =====
ISSUES_FOUND

One genuine, concrete problem in the candidate plan:

1. **Directed test `stall_hold` – final check is self-contradictory and inconsistent with the reference model.**
   The final check block expects:
   ```
   check: m_valid=0, m_data=8'h42
   ```
   after the release-stall drive (`s_valid=0, m_ready=1` for 1 cycle).
   - In `ref_model.py` (the declared oracle), `m_data = int(_QUEUE[0]) if _QUEUE else 0` and `m_valid = int(len(_QUEUE) != 0)`. Once the buffer is consumed and empty, `m_valid` is 0 **and** `m_data` is 0. The state `m_valid=0, m_data=0x42` is never produced by the model.
   - If the check is instead intended to sample during the consumption cycle (before the edge), `m_valid` is still 1 at that point, so `m_valid=0` would be wrong.
   - Either interpretation, the two expected values never co-occur; a testbench generated from this plan would check against wrong expected behavior (an always-failing check that not even the reference model satisfies).
   - Correction: after consumption with no new input, the correct expectation per the reference model is `m_valid=0, m_data=8'h00` (or, if checking the consumption cycle itself, `m_valid=1, m_data=8'h42` — but not both simultaneously).

Everything else audited was verified consistent with the sources: module identity, port directions/widths, no parameters, rising-edge clock, synchronous active-low reset (matches both `spec.md` and the RTL's `always_ff @(posedge clk)`), the three documented RTL discrepancies (s_ready tied to 1, m_valid tied to rst_n, data_reg updating on s_valid alone), and the remaining directed-test/stimulus expectations all trace correctly against `ref_model.py`.

✗ Verification plan rejected.

Repairing candidate plan...
Repair attempt 1/5...
Updated candidate saved to: /home/auralab/nwark/chia_sept7_for_multi_rtl_with_multi_llm/for_multiple_rtl_updation_generalized/generated/designs/axi_handshake/plans/candidate_verification_plan.yaml

[3/4] Reviewing verification plan (attempt 2)...
[36m(_ToolServerActor pid=22167)[0m INFO:     172.16.36.107:53482 - "POST /verification_workspace/mcp HTTP/1.1" 200 OK
[36m(_ToolServerActor pid=22167)[0m INFO:     172.16.36.107:53482 - "POST /verification_workspace/mcp HTTP/1.1" 202 Accepted
[36m(_ToolServerActor pid=22167)[0m INFO:     172.16.36.107:53482 - "GET /verification_workspace/mcp HTTP/1.1" 200 OK
[36m(_ToolServerActor pid=22167)[0m INFO:     172.16.36.107:53498 - "POST /verification_workspace/mcp HTTP/1.1" 200 OK

===== REVIEW =====
ISSUES_FOUND

**Issue 1: `handshake_cg` covergroup `sample_on` condition makes `input_not_accepted` bin unreachable, contradicting the cross-coverage goal.**

The `handshake_cg` covergroup specifies `sample_on: "s_valid && s_ready"` at the covergroup level. This means the covergroup is only sampled when `s_valid && s_ready` is true. However, one of the coverpoint bins is:

```yaml
- name: input_not_accepted
  expression: "s_valid && !s_ready"
```

The conditions `s_valid && s_ready` (sample trigger) and `s_valid && !s_ready` (bin expression) are mutually exclusive. At every sample point, `s_ready` is guaranteed true, so `input_not_accepted` can **never** evaluate to true and will never be hit.

This directly contradicts the plan's own cross-coverage description, which states the cross should "ensure all four combinations (none, input-only, output-only, both) are exercised." Under the stated `sample_on` condition, only two of the four combinations are reachable (`input_accepted × output_accepted` and `input_accepted × output_stalled`). The combinations `input_not_accepted × output_stalled` and `input_not_accepted × output_accepted` can never be sampled.

**Correction:** The `sample_on` for `handshake_cg` should be the clock edge (e.g., `posedge clk` or just `clk`), not `s_valid && s_ready`. This allows the covergroup to sample on every cycle and correctly evaluate both `input_transfer` and `output_transfer` coverpoints independently. The `sample_on` conditions used in the other two covergroups (`stall_cg` and `payload_cg`) are fine because their bins are consistent with their respective sampling conditions.

✗ Verification plan rejected.

Repairing candidate plan...
Repair attempt 2/5...
Updated candidate saved to: /home/auralab/nwark/chia_sept7_for_multi_rtl_with_multi_llm/for_multiple_rtl_updation_generalized/generated/designs/axi_handshake/plans/candidate_verification_plan.yaml

[3/4] Reviewing verification plan (attempt 3)...
[36m(_ToolServerActor pid=22167)[0m INFO:     172.16.36.107:56688 - "POST /verification_workspace/mcp HTTP/1.1" 200 OK
[36m(_ToolServerActor pid=22167)[0m INFO:     172.16.36.107:56688 - "POST /verification_workspace/mcp HTTP/1.1" 202 Accepted
[36m(_ToolServerActor pid=22167)[0m INFO:     172.16.36.107:56688 - "GET /verification_workspace/mcp HTTP/1.1" 200 OK
[36m(_ToolServerActor pid=22167)[0m INFO:     172.16.36.107:56704 - "POST /verification_workspace/mcp HTTP/1.1" 200 OK

===== REVIEW =====
I've now carefully verified all key facts across the four source files and cross-checked the directed test expected values against the reference model. Here's my summary of findings:

**RTL facts verified:**
- `s_ready = 1'b1` (line 22) ✓ — matches DISC-001
- `m_valid = rst_n` (line 24) ✓ — matches DISC-002
- `data_reg` updates on `s_valid` unconditionally (lines 33-34) ✓ — matches DISC-003
- `data_reg` reset value `8'h00` (line 29) ✓
- Sensitivity list `always_ff @(posedge clk)` ✓ — confirms synchronous reset

**Spec facts verified:**
- Active-low synchronous reset ✓ — matches candidate
- All handshake rules match ✓

**Port list verified:**
- All 8 ports, directions, widths, types match RTL and rtl_info.json ✓

**Reference model verified:**
- Python trace confirmed all directed test expected values ✓
- s_ready formula, output-first-then-input ordering, deque behavior all accurately described ✓

NO_ISSUES

✓ Verification plan accepted.
✓ Final canonical plan saved to: /home/auralab/nwark/chia_sept7_for_multi_rtl_with_multi_llm/for_multiple_rtl_updation_generalized/generated/designs/axi_handshake/plans/verification_plan.yaml

[4/4] Generating cocotb+pyuvm environment (staged)...
[36m(_ToolServerActor pid=22167)[0m INFO:     172.16.36.107:36378 - "POST /verification_workspace/mcp HTTP/1.1" 200 OK
[36m(_ToolServerActor pid=22167)[0m INFO:     172.16.36.107:36378 - "POST /verification_workspace/mcp HTTP/1.1" 202 Accepted
[36m(_ToolServerActor pid=22167)[0m INFO:     172.16.36.107:36378 - "GET /verification_workspace/mcp HTTP/1.1" 200 OK
[36m(_ToolServerActor pid=22167)[0m INFO:     172.16.36.107:36390 - "POST /verification_workspace/mcp HTTP/1.1" 200 OK

===== UVM GENERATION: CONTRACT =====
All three files written. Here is the summary:

**Files created under `/workspace/generated/designs/axi_handshake/tb/`:**

1. **`transaction.py`** — `AxiHandshakeTxn(uvm_sequence_item)` with six plain-int attributes: `s_valid`, `s_data`, `m_ready` (driver-side DUT inputs) and `s_ready`, `m_valid`, `m_data` (monitor-side DUT outputs). Includes `set_inputs()`/`set_outputs()` convenience methods, `do_copy`, `__eq__`, and `__repr__`. Clock and reset are excluded as structural signals.

2. **`dut_helper.py`** — `DutHelper` class wrapping the cocotb `dut` handle. Provides `write_inputs(s_valid, s_data, m_ready)` for the driver and `read_outputs()` / `read_inputs()` dicts for monitors and the scoreboard. All signal names are centralized as class constants. No SystemVerilog interface — pure Python facade.

3. **`CONTRACT.md`** — Authoritative contract covering: top module name (`axi_handshake`, no parameters); all 8 DUT pins with direction, width, and exact `dut.<pin>` access paths; clock (`clk`, posedge) and reset (`rst_n`, active-low synchronous); transaction field names and types mapping to every non-clock/reset pin; the six ConfigDB keys (`dut`, `dut_helper`, `clock_period`, `clk_name`, `rst_name`, `reset_polarity`, `ref_model`) with their exact types; the reference model function signature `step(s_valid, s_data, m_ready) → (s_ready, m_valid, m_data)` with zero-cycle latency; and a catalog of the three intentional RTL bugs the testbench must detect.
[36m(_ToolServerActor pid=22167)[0m INFO:     172.16.36.107:59800 - "POST /verification_workspace/mcp HTTP/1.1" 200 OK
[36m(_ToolServerActor pid=22167)[0m INFO:     172.16.36.107:59800 - "POST /verification_workspace/mcp HTTP/1.1" 202 Accepted
[36m(_ToolServerActor pid=22167)[0m INFO:     172.16.36.107:59800 - "GET /verification_workspace/mcp HTTP/1.1" 200 OK
[36m(_ToolServerActor pid=22167)[0m INFO:     172.16.36.107:48460 - "POST /verification_workspace/mcp HTTP/1.1" 200 OK

===== UVM GENERATION: STIMULUS =====
STIMULUS stage complete. All files under `/workspace/generated/designs/axi_handshake/tb/`:

## Generated files

**`sequencer.py`** — `AxiHandshakeSequencer(uvm_sequencer)`, parameterized by the contract's `AxiHandshakeTxn`. No logic beyond class declaration, as the contract specifies.

**`driver.py`** — `AxiHandshakeDriver(uvm_driver)`. In `run_phase`, it loops `get_next_item()`, then per item:
1. `await RisingEdge(dut.clk)` (clock obtained via ConfigDB `"dut"`)
2. Drives exactly `dut.s_valid`, `dut.s_data`, `dut.m_ready` (the contract's three DUT input pins)
3. `await RisingEdge(dut.clk)` to let the DUT capture state
4. `await ReadOnly()` so outputs settle before the sequence samples them
5. `item_done()`

It never touches `rst_n` or the output pins (`s_ready`/`m_valid`/`m_data`) — those belong to reset sequences and the monitor/scoreboard stages.

**`sequences.py`** — 11 sequence classes:

- **Base helper** `_AxiBaseSequence`: `_reset_dut(cycles)` (drives `rst_n` low for N rising edges, then releases + one edge to exit reset), `_drive(s_valid, s_data, m_ready)` (creates a contract-conformant `AxiHandshakeTxn`, `start_item`/`finish_item` through the sequencer), and `_check(**expected)` (reads DUT outputs via the shared `dut_helper` and asserts; failures raise immediately).
- **6 directed sequences**, each with `SCENARIO_ID` exactly matching the plan (`smoke_after_reset`, `stall_hold`, `simultaneous_transfer`, `sequential_loads`, `no_input_when_stalled`, `reset_during_transfer`) — verified unique and verbatim via scripted check. Each realizes its plan steps (reset → drive → check → …) with the exact data values from the plan.
- **4 corner-case sequences** (`BackToBackFullRate`, `AllZeroPayload`, `AllOnePayload`, `ProducerHoldsForever`) — no `SCENARIO_ID`, as required.
- **1 randomized sequence** `RandomStimulusSequence` — biases `s_valid`/`s_data`(0–255)/`m_ready` per the plan's ranges each cycle, injecting reset for 3–5 cycles roughly every 100 cycles on average; scoreboard comparison is deferred to the scoreboard stage.

## Contract interpretation note (one extension)
In `smoke_after_reset`, the plan lists two consecutive `check` steps where the second (`check s_valid:0, m_ready:1`) carries *input* signal values. Inputs cannot be passively checked (they are driven by the TB, not the DUT), so I implemented it as a one-cycle `drive(s_valid=0, m_ready=1)` that releases the input and lets the buffer be consumed, followed by the plan's `check(m_valid=0)`. This follows the description text ("Release input; output is consumed when m_ready is high") and matches the `drive`-then-`check` semantics used consistently by every other scenario. No CONTRACT.md fields, pins, or ConfigDB keys were changed.

## Verification performed
- `python3 -m py_compile` passes for all three files.
- All 6 directed `SCENARIO_ID` values present, unique, and byte-identical to the plan.
- Driver drives only contract input pins; sequences read only contract output pins via `dut_helper`.
- ConfigDB keys used: `"dut"` (driver) and `"dut"`/`"dut_helper"` (sequences) — all defined in CONTRACT.md.

Transaction, monitor, agent, scoreboard, coverage, assertions, environment, tests, and tb_top were **not** generated (later stages).
[36m(_ToolServerActor pid=22167)[0m INFO:     172.16.36.107:49068 - "POST /verification_workspace/mcp HTTP/1.1" 200 OK
[36m(_ToolServerActor pid=22167)[0m INFO:     172.16.36.107:49068 - "POST /verification_workspace/mcp HTTP/1.1" 202 Accepted
[36m(_ToolServerActor pid=22167)[0m INFO:     172.16.36.107:49068 - "GET /verification_workspace/mcp HTTP/1.1" 200 OK
[36m(_ToolServerActor pid=22167)[0m INFO:     172.16.36.107:49080 - "POST /verification_workspace/mcp HTTP/1.1" 200 OK

===== UVM GENERATION: OBSERVATION =====
Both files are in place and syntactically valid. Here is the summary:

---

## Summary — Stage 3: Observation (Monitor + Agent)

### `monitor.py` — `AxiHandshakeMonitor(uvm_monitor)`

A passive monitor that samples the **complete DUT bus state** on every rising clock edge:

1. **`await RisingEdge(dut.clk)`** — synchronises to the active clock edge.
2. **`await ReadOnly()`** — waits for all combinational outputs (from the DUT's registered-then-combinational paths) to settle.
3. Reads **all** six functional pins through the shared `dut_helper` (three inputs: `s_valid`, `s_data`, `m_ready`; three outputs: `s_ready`, `m_valid`, `m_data`).
4. Populates an `AxiHandshakeTxn` with both input-side and output-side fields via `set_inputs()` / `set_outputs()`.
5. Writes the transaction to **`self.ap`** (`uvm_analysis_port`), which downstream components (scoreboard, coverage) connect to.

ConfigDB keys consumed: `"dut"`, `"dut_helper"` — exactly as specified in CONTRACT.md §5.

### `agent.py` — `AxiHandshakeAgent(uvm_agent)`

Encapsulates the three boundary components in a single UVM agent:

| Sub-component | Class | Created in |
|---|---|---|
| Driver | `AxiHandshakeDriver` | `build_phase` |
| Sequencer | `AxiHandshakeSequencer` | `build_phase` |
| Monitor | `AxiHandshakeMonitor` | `build_phase` |

**`connect_phase`** wires `driver.seq_item_port → sequencer.seq_item_export` (the standard pyuvm TLM path for sequence item delivery).

The agent exposes `self.monitor_ap` (alias for `monitor.ap`) so the environment's scoreboard and coverage can connect directly via `agent.monitor_ap.connect(...)`.

No changes were made to any existing files (CONTRACT.md, transaction.py, driver.py, sequencer.py, dut_helper.py, sequences.py).
[36m(_ToolServerActor pid=22167)[0m INFO:     172.16.36.107:37082 - "POST /verification_workspace/mcp HTTP/1.1" 200 OK
[36m(_ToolServerActor pid=22167)[0m INFO:     172.16.36.107:37082 - "POST /verification_workspace/mcp HTTP/1.1" 202 Accepted
[36m(_ToolServerActor pid=22167)[0m INFO:     172.16.36.107:37082 - "GET /verification_workspace/mcp HTTP/1.1" 200 OK
[36m(_ToolServerActor pid=22167)[0m INFO:     172.16.36.107:37092 - "POST /verification_workspace/mcp HTTP/1.1" 200 OK

===== UVM GENERATION: SCOREBOARD =====
## Summary

Stage 4 (scoreboard) complete. Two files written/placed under `tb/`:

### 1. `tb/scoreboard.py` — `AxiHandshakeScoreboard(uvm_scoreboard)`
- **Oracle integration (inline reference model):** per monitor transaction it calls `ref_model.step(txn.s_valid, txn.s_data, txn.m_ready)` and compares the returned `(s_ready, m_valid, m_data)` against the sampled DUT outputs in the same txn — exactly the Contract §6 signature and the documented zero-latency, same-cycle relationship (all three DUT outputs are combinational `assign`s; the monitor samples in `ReadOnly` after the edge, so inputs and outputs in one txn belong to the same cycle — no pipeline assumed).
- **Reset synchronization:** reads `dut.rst_n` directly (same read-only timestep as the monitor's `put`), re-arms `ref_model.reset()` on every reset-asserted cycle and again on the deassertion edge, honoring `reset_polarity` (`active_low`) from ConfigDB, so DUT and oracle leave reset from an identical empty state.
- **TLM connection:** exposes `analysis_fifo` + `analysis_export` (a `uvm_tlm_analysis_fifo`), the standard bridge for the environment stage's `monitor.ap.connect(sb.analysis_export)`.
- **Error reporting:** on any mismatch it logs cycle number, sim time, stimulus `(s_valid, s_data, m_ready)`, each failing signal's expected-vs-actual, plus a live `dut_helper` read; counters `items_checked/pass_count/mismatch_count/reset_cycles/input_transfers/output_transfers` feed the later test-stage pass criteria.
- **Watchdog (defence in depth):** an always-running coroutine started via `cocotb.start_soon` fails the test if the monitor→scoreboard pipeline goes idle for `WATCHDOG_IDLE_CYCLES` (1M) clock cycles. The authoritative overall test-duration watchdog (`with_timeout` around the test body) remains with the test/top stage, as noted in the docstring.
- **ConfigDB keys used (exactly per Contract §5):** `"dut"`, `"dut_helper"`, `"ref_model"` (with fallback to the module import), `"reset_polarity"`, `"clock_period"`. No new keys invented; contract needed no changes.

### 2. `tb/ref_model.py` — reference model
Copied verbatim from `benchmarks/axi_handshake/ref_model.py` (verified byte-identical via `diff`) so the scoreboard imports and calls it directly rather than reimplementing it. It is also what `tb_top` should register under the `"ref_model"` ConfigDB key.

### Validation performed (in this env, where cocotb/pyuvm aren't installed)
- `py_compile` on both files.
- Semantic unit checks of the ref-model copy (empty state, accept, hold-stall with `s_ready=0`, no-overwrite-under-stall, simultaneous consume+load, ordering, drain) — all pass.
- A stub-based smoke harness fed transactions from (a) a faithful model of the intentionally-buggy RTL and (b) a corrected DUT delegating to an **independent** oracle copy: the scoreboard flagged 8 mismatches covering all three documented RTL bugs (bug #2 `m_valid` stuck high right after reset, bug #1 `s_ready` always 1, bug #3 payload overwritten while stalled) and passed 13/13 with zero false positives on the corrected side.

Not generated here (per stage scope): transaction, sequencer, driver, sequences, monitor, agent, coverage, assertions, env, tests, top-level testbench; the RTL, spec, and plan were not modified.
[36m(_ToolServerActor pid=22167)[0m INFO:     172.16.36.107:60224 - "POST /verification_workspace/mcp HTTP/1.1" 200 OK
[36m(_ToolServerActor pid=22167)[0m INFO:     172.16.36.107:60224 - "POST /verification_workspace/mcp HTTP/1.1" 202 Accepted
[36m(_ToolServerActor pid=22167)[0m INFO:     172.16.36.107:60224 - "GET /verification_workspace/mcp HTTP/1.1" 200 OK
[36m(_ToolServerActor pid=22167)[0m INFO:     172.16.36.107:60234 - "POST /verification_workspace/mcp HTTP/1.1" 200 OK

===== UVM GENERATION: COVERAGE_ASSERTIONS =====
Now I have a complete understanding. Let me also quickly check the existing stage files (driver, agent, sequencer, sequences) for interface patterns:
[36m(_ToolServerActor pid=22167)[0m INFO:     172.16.36.107:46044 - "POST /verification_workspace/mcp HTTP/1.1" 200 OK
[36m(_ToolServerActor pid=22167)[0m INFO:     172.16.36.107:46044 - "POST /verification_workspace/mcp HTTP/1.1" 202 Accepted
[36m(_ToolServerActor pid=22167)[0m INFO:     172.16.36.107:46044 - "GET /verification_workspace/mcp HTTP/1.1" 200 OK
[36m(_ToolServerActor pid=22167)[0m INFO:     172.16.36.107:46050 - "POST /verification_workspace/mcp HTTP/1.1" 200 OK

===== UVM GENERATION: INTEGRATION =====
## Summary — Stage 6 Integration Complete

### Files Created (7 new)

| File | Purpose |
|------|---------|
| `coverage.py` | Functional coverage via `cocotb-coverage` `CoverPoint`/`CoverCross` inside a pyuvm `uvm_subscriber`. Covers `handshake_cg` (input/output transfer cross), `payload_cg` (s_data range bins), and inline `stall_cg` tracking. |
| `assertions.py` | Three always-running checker coroutines: `m_valid_held_during_stall`, `s_ready_only_when_can_accept`, `no_data_drop`. Each samples DUT pins directly and raises `AssertionError` on violation. |
| `environment.py` | `AxiHandshakeEnv` (`uvm_env`) wiring agent + scoreboard + coverage subscriber + assertion launchers. Connects `monitor.ap` to both scoreboard FIFO and coverage subscriber. |
| `test_classes.py` | 11 `uvm_test` subclasses — 6 directed (one per plan scenario), 4 corner-case, 1 randomized. Each creates the env in `build_phase` and runs its sequence in `run_phase`. |
| `test_top.py` | cocotb `@cocotb.test()` entry point. Reads `UVM_TESTNAME` env var, starts clock, applies reset, populates ConfigDB, calls `uvm_root().run_test()`, wrapped by `with_timeout` watchdog (100k cycles). |
| `Makefile` | `SIM=verilator`, `TOPLEVEL=axi_handshake`, `MODULE=test_top`, `VERILOG_SOURCES` points only at DUT RTL. Passes `-DUVM_NO_DPI --timing -j 0`. |
| `generation_manifest.yaml` | All mandatory fields: top_module, top_file, compile_files, test_classes, python_test_module, and 6 scenario mappings matching verification plan IDs exactly. |

### Consistency Check Results

All 10 checks passed after fixing one coverpoint naming discrepancy (`payload_cg` was incorrectly nested under `handshake_cg` — corrected to top-level):

1. **DUT pin names/widths** — exact match to CONTRACT.md
2. **ConfigDB keys** — all 7 keys match CONTRACT.md §5
3. **Transaction field names** — `s_valid`, `s_data`, `m_ready`, `s_ready`, `m_valid`, `m_data` consistent everywhere
4. **Reference model invocation** — `ref_model.step(s_valid, s_data, m_ready)` matches CONTRACT.md §6
5. **Scenario IDs** — all 6 `SCENARIO_ID` values in sequences.py match verification plan exactly
6. **Manifest scenario mapping** — every `directed_test_scenarios` entry appears exactly once
7. **Reset polarity** — active-low used consistently throughout
8. **No SystemVerilog UVM code** — all `.py` files are pure Python/cocotb/pyuvm
9. **File cross-references** — all imports resolve to existing files
10. **Coverage names** — match verification plan §functional_coverage

### Remaining Concerns

None. The testbench is expected to **fail** when run against the intentionally buggy RTL (the three DISC-* discrepancies in the verification plan), which is the correct behavior — the testbench detects the bugs via scoreboard mismatches and assertion violations.

✓ cocotb+pyuvm environment generated directly under /workspace/generated/designs/axi_handshake/tb.
✓ Directed scenario IDs validated against the accepted plan.
[36m(_ToolServerActor pid=22167)[0m INFO:     Shutting down

[5/5] Validating generated cocotb+pyuvm environment...
[36m(_ToolServerActor pid=22167)[0m INFO:     Waiting for application shutdown.
[36m(_ToolServerActor pid=22167)[0m INFO:     Application shutdown complete.
[36m(_ToolServerActor pid=22167)[0m INFO:     Finished server process [22167]

===== TB SIMULATION ANALYSIS =====
{
  "verdict": "generation_bug",
  "detail": {
    "status": "validation_error",
    "category": "Manifest file escapes workspace: ../../../../benchmarks/axi_handshake/axi_handshake.sv",
    "data": {
      "schema_version": "1.0",
      "status": "validation_error",
      "rtl": "/workspace/benchmarks/axi_handshake/axi_handshake.sv",
      "tb_dir": "/workspace/generated/designs/axi_handshake/tb",
      "toolchain": {
        "simulator": "verilator",
        "cocotb": null,
        "pyuvm": null
      },
      "tests": {},
      "error": "Manifest file escapes workspace: ../../../../benchmarks/axi_handshake/axi_handshake.sv"
    }
  }
}

Diagnosing TB failure (attempt 1)...
[36m(simulate pid=6864)[0m Wrote /workspace/generated/designs/axi_handshake/results/tb_validation_iteration_0.json
[36m(_ToolServerActor pid=22228)[0m INFO:     Started server process [22228]
[36m(_ToolServerActor pid=22228)[0m INFO:     Waiting for application startup.
[36m(_ToolServerActor pid=22228)[0m INFO:     Application startup complete.
[36m(_ToolServerActor pid=22228)[0m INFO:     Uvicorn running on http://172.16.36.107:8000 (Press CTRL+C to quit)
verification_improvement_workspace started at 172.16.36.107:8000 on node 5c1de07b5617802463723b50cbf7fef2241c39d050d52bc1bb56b37a
OpenCodeLLM is experimental: only exercised by unit tests so far, not validated in production.
[36m(_ToolServerActor pid=22228)[0m INFO:     172.16.36.107:60892 - "POST /verification_improvement_workspace/mcp HTTP/1.1" 200 OK
[36m(_ToolServerActor pid=22228)[0m INFO:     172.16.36.107:60892 - "POST /verification_improvement_workspace/mcp HTTP/1.1" 202 Accepted
[36m(_ToolServerActor pid=22228)[0m INFO:     172.16.36.107:60892 - "GET /verification_improvement_workspace/mcp HTTP/1.1" 200 OK
[36m(_ToolServerActor pid=22228)[0m INFO:     172.16.36.107:60896 - "POST /verification_improvement_workspace/mcp HTTP/1.1" 200 OK
[36m(_ToolServerActor pid=22228)[0m INFO:     Shutting down

⚠ Invalid TB update plan YAML:
Invalid YAML: while scanning an alias
  in "<unicode string>", line 5, column 1:
    **Simulation result:** `simulati ... 
    ^
expected alphabetic or numeric character, but found '*'
  in "<unicode string>", line 5, column 2:
    **Simulation result:** `simulatio ... 
     ^
TB diagnosis YAML repair attempt 1/2...
[36m(_ToolServerActor pid=22228)[0m INFO:     Waiting for application shutdown.
[36m(_ToolServerActor pid=22228)[0m INFO:     Application shutdown complete.
[36m(_ToolServerActor pid=22228)[0m INFO:     Finished server process [22228]

===== TB UPDATE PLAN =====
version: '1.0'
verdict: generation_bug
root_cause:
  category: compile
  summary: Generated TB build-config files use relative paths with four ".." hops
    that escape the workspace, causing harness manifest validation to reject the run
    before any simulation starts.
  evidence: 'tb_validation_iteration_0.json reports status: validation_error with
    error "Manifest file escapes workspace: ../../../../benchmarks/axi_handshake/axi_handshake.sv"
    and an empty tests map. The offending paths are in tb/generation_manifest.yaml
    (top_file line 6, compile_files line 11) and tb/Makefile (VERILOG_SOURCES line
    20), all referencing ../../../../benchmarks/axi_handshake/axi_handshake.sv. The
    workspace-correct form is benchmarks/axi_handshake/axi_handshake.sv (as proven
    by the accepted verification_plan.yaml dut.file path).'
changes:
- file: tb/generation_manifest.yaml
  action: modify
  reason: top_file and compile_files use ../../.. relative paths that escape the workspace.
    Replace with workspace-root-relative paths.
  instructions:
  - 'Change line 6 from "top_file: ../../../../benchmarks/axi_handshake/axi_handshake.sv"
    to "top_file: benchmarks/axi_handshake/axi_handshake.sv".'
  - Change line 11 from "  - ../../../../benchmarks/axi_handshake/axi_handshake.sv"
    to "  - benchmarks/axi_handshake/axi_handshake.sv".
- file: tb/Makefile
  action: modify
  reason: VERILOG_SOURCES uses a ../../.. relative path that escapes the workspace.
    Replace with the absolute workspace path.
  instructions:
  - Change line 20 from "VERILOG_SOURCES = ../../../../benchmarks/axi_handshake/axi_handshake.sv"
    to "VERILOG_SOURCES = /workspace/benchmarks/axi_handshake/axi_handshake.sv".
validation:
  tests:
  - SmokeAfterResetTest
  - StallHoldTest
  - SimultaneousTransferTest
  - SequentialLoadsTest
  - NoInputWhenStalledTest
  - ResetDuringTransferTest
  - BackToBackFullRateTest
  - AllZeroPayloadTest
  - AllOnePayloadTest
  - ProducerHoldsForeverTest
  - RandomStimulusTest
  requirements:
  - build succeeds
  - no UVM_ERROR or UVM_FATAL
  - no reference-model mismatch


Repairing generated TB (attempt 1/5)...
[36m(_ToolServerActor pid=26338)[0m INFO:     Started server process [26338]
[36m(_ToolServerActor pid=26338)[0m INFO:     Waiting for application startup.
[36m(_ToolServerActor pid=26338)[0m INFO:     Application startup complete.
[36m(_ToolServerActor pid=26338)[0m INFO:     Uvicorn running on http://172.16.36.107:8000 (Press CTRL+C to quit)
verification_improvement_workspace started at 172.16.36.107:8000 on node 5c1de07b5617802463723b50cbf7fef2241c39d050d52bc1bb56b37a
OpenCodeLLM is experimental: only exercised by unit tests so far, not validated in production.
[36m(_ToolServerActor pid=26338)[0m INFO:     172.16.36.107:43974 - "POST /verification_improvement_workspace/mcp HTTP/1.1" 200 OK
[36m(_ToolServerActor pid=26338)[0m INFO:     172.16.36.107:43974 - "POST /verification_improvement_workspace/mcp HTTP/1.1" 202 Accepted
[36m(_ToolServerActor pid=26338)[0m INFO:     172.16.36.107:43974 - "GET /verification_improvement_workspace/mcp HTTP/1.1" 200 OK
[36m(_ToolServerActor pid=26338)[0m INFO:     172.16.36.107:43982 - "POST /verification_improvement_workspace/mcp HTTP/1.1" 200 OK
[36m(_ToolServerActor pid=26338)[0m INFO:     Shutting down
All three edits applied cleanly and verified. Here is the summary:

**Root cause:** The TB build-config files (`generation_manifest.yaml` and `Makefile`) used `../../../../benchmarks/axi_handshake/axi_handshake.sv` relative paths that escape the workspace root, causing harness manifest validation to reject the run before simulation starts.

**Changes made (2 files, 3 lines):**

1. **`tb/generation_manifest.yaml`** — replaced the workspace-escaping `../../../../` prefix with workspace-root-relative paths:
   - `top_file` (line 6): `benchmarks/axi_handshake/axi_handshake.sv`
   - `compile_files` entry (line 11): `benchmarks/axi_handshake/axi_handshake.sv`

2. **`tb/Makefile`** — replaced the workspace-escaping relative path with an absolute workspace path:
   - `VERILOG_SOURCES` (line 20): `/workspace/benchmarks/axi_handshake/axi_handshake.sv`

No other files were touched. No UVM architecture, test names, simulator flags, or functional logic was changed.
[36m(_ToolServerActor pid=26338)[0m INFO:     Waiting for application shutdown.
[36m(_ToolServerActor pid=26338)[0m INFO:     Application shutdown complete.
[36m(_ToolServerActor pid=26338)[0m INFO:     Finished server process [26338]

===== TB SIMULATION ANALYSIS =====
{
  "verdict": "generation_bug",
  "detail": {
    "status": "functional_failure",
    "tests": {
      "SmokeAfterResetTest": {
        "status": "runtime_error",
        "category": "runtime_error",
        "timed_out": false,
        "watchdog_expired": false,
        "returncode": 2,
        "counts": {
          "uvm_errors": 0,
          "uvm_fatals": 0,
          "uvm_warnings": 0,
          "scoreboard_mismatches": 0,
          "assertion_failures": 0
        },
        "clean_exit": false,
        "log": "rm -f /workspace/generated/designs/axi_handshake/tb/.chia_sim/SmokeAfterResetTest.xml\n/usr/local/bin/verilator -cc --exe -Mdir /workspace/generated/designs/axi_handshake/tb/.chia_sim/build/a97906fcf629 --top-module axi_handshake --timing -Wno-fatal --timescale 1ns/1ps --vpi --public-flat-rw --prefix Vtop -o Vtop -LDFLAGS \"-Wl,-rpath,/home/ray/anaconda3/lib/python3.10/site-packages/cocotb/libs -L/home/ray/anaconda3/lib/python3.10/site-packages/cocotb/libs -lcocotbvpi_verilator\"  /workspace/benchmarks/axi_handshake/axi_handshake.sv /home/ray/anaconda3/lib/python3.10/site-packages/cocotb/share/lib/verilator/verilator.cpp\n- V e r i l a t i o n   R e p o r t: Verilator 5.042 2025-11-02 rev v5.042\n- Verilator: Built from 0.027 MB sources in 2 modules, into 0.033 MB in 6 C++ files needing 0.000 MB\n- Verilator: Walltime 0.003 s (elab=0.000, cvt=0.002, bld=0.000); cpu 0.003 s on 1 threads; alloced 20.477 MB\nmake -C /workspace/generated/designs/axi_handshake/tb/.chia_sim/build/a97906fcf629 -j 4 -f Vtop.mk\nmake[1]: Entering directory '/workspace/generated/designs/axi_handshake/tb/.chia_sim/build/a97906fcf629'\ng++  -I.  -MMD -I/usr/local/share/verilator/include -I/usr/local/share/verilator/include/vltstd -DVERILATOR=1 -DVM_COVERAGE=0 -DVM_SC=0 -DVM_TIMING=0 -DVM_TRACE=0 -DVM_TRACE_FST=0 -DVM_TRACE_VCD=0 -DVM_TRACE_SAIF=0 -faligned-new -fcf-protection=none -Wno-bool-operation -Wno-int-in-bool-context -Wno-shadow -Wno-sign-compare -Wno-subobject-linkage -Wno-tautological-compare -Wno-uninitialized -Wno-unused-but-set-parameter -Wno-unused-but-set-variable -Wno-unused-parameter -Wno-unused-variable      -Os  -c -o verilator.o /home/ray/anaconda3/lib/python3.10/site-packages/cocotb/share/lib/verilator/verilator.cpp\ng++ -Os  -I.  -MMD -I/usr/local/share/verilator/include -I/usr/local/share/verilator/include/vltstd -DVERILATOR=1 -DVM_COVERAGE=0 -DVM_SC=0 -DVM_TIMING=0 -DVM_TRACE=0 -DVM_TRACE_FST=0 -DVM_TRACE_VCD=0 -DVM_TRACE_SAIF=0 -faligned-new -fcf-protection=none -Wno-bool-operation -Wno-int-in-bool-context -Wno-shadow -Wno-sign-compare -Wno-subobject-linkage -Wno-tautological-compare -Wno-uninitialized -Wno-unused-but-set-parameter -Wno-unused-but-set-variable -Wno-unused-parameter -Wno-unused-variable      -c -o verilated.o /usr/local/share/verilator/include/verilated.cpp\ng++ -Os  -I.  -MMD -I/usr/local/share/verilator/include -I/usr/local/share/verilator/include/vltstd -DVERILATOR=1 -DVM_COVERAGE=0 -DVM_SC=0 -DVM_TIMING=0 -DVM_TRACE=0 -DVM_TRACE_FST=0 -DVM_TRACE_VCD=0 -DVM_TRACE_SAIF=0 -faligned-new -fcf-protection=none -Wno-bool-operation -Wno-int-in-bool-context -Wno-shadow -Wno-sign-compare -Wno-subobject-linkage -Wno-tautological-compare -Wno-uninitialized -Wno-unused-but-set-parameter -Wno-unused-but-set-variable -Wno-unused-parameter -Wno-unused-variable      -c -o verilated_dpi.o /usr/local/share/verilator/include/verilated_dpi.cpp\ng++ -Os  -I.  -MMD -I/usr/local/share/verilator/include -I/usr/local/share/verilator/include/vltstd -DVERILATOR=1 -DVM_COVERAGE=0 -DVM_SC=0 -DVM_TIMING=0 -DVM_TRACE=0 -DVM_TRACE_FST=0 -DVM_TRACE_VCD=0 -DVM_TRACE_SAIF=0 -faligned-new -fcf-protection=none -Wno-bool-operation -Wno-int-in-bool-context -Wno-shadow -Wno-sign-compare -Wno-subobject-linkage -Wno-tautological-compare -Wno-uninitialized -Wno-unused-but-set-parameter -Wno-unused-but-set-variable -Wno-unused-parameter -Wno-unused-variable      -c -o verilated_vpi.o /usr/local/share/verilator/include/verilated_vpi.cpp\ng++ -Os  -I.  -MMD -I/usr/local/share/verilator/include -I/usr/local/share/verilator/include/vltstd -DVERILATOR=1 -DVM_COVERAGE=0 -DVM_SC=0 -DVM_TIMING=0 -DVM_TRACE=0 -DVM_TRACE_FST=0 -DVM_TRACE_VCD=0 -DVM_TRACE_SAIF=0 -faligned-new -fcf-protection=none -Wno-bool-operation -Wno-int-in-bool-context -Wno-shadow -Wno-sign-compare -Wno-subobject-linkage -Wno-tautological-compare -Wno-uninitialized -Wno-unused-but-set-parameter -Wno-unused-but-set-variable -Wno-unused-parameter -Wno-unused-variable      -c -o verilated_threads.o /usr/local/share/verilator/include/verilated_threads.cpp\npython3 /usr/local/share/verilator/bin/verilator_includer -DVL_INCLUDE_OPT=include Vtop.cpp Vtop___024root__0.cpp Vtop__Dpi.cpp Vtop___024root__Slow.cpp Vtop___024root__0__Slow.cpp Vtop__Syms.cpp > Vtop__ALL.cpp\necho \"\" > Vtop__ALL.verilator_deplist.tmp\ng++ -Os  -I.  -MMD -I/usr/local/share/verilator/include -I/usr/local/share/verilator/include/vltstd -DVERILATOR=1 -DVM_COVERAGE=0 -DVM_SC=0 -DVM_TIMING=0 -DVM_TRACE=0 -DVM_TRACE_FST=0 -DVM_TRACE_VCD=0 -DVM_TRACE_SAIF=0 -faligned-new -fcf-protection=none -Wno-bool-operation -Wno-int-in-bool-context -Wno-shadow -Wno-sign-compare -Wno-subobject-linkage -Wno-tautological-compare -Wno-uninitialized -Wno-unused-but-set-parameter -Wno-unused-but-set-variable -Wno-unused-parameter -Wno-unused-variable      -c -o Vtop__ALL.o Vtop__ALL.cpp\ng++    verilator.o verilated.o verilated_dpi.o verilated_vpi.o verilated_threads.o Vtop__ALL.a   -Wl,-rpath,/home/ray/anaconda3/lib/python3.10/site-packages/cocotb/libs -L/home/ray/anaconda3/lib/python3.10/site-packages/cocotb/libs -lcocotbvpi_verilator  -pthread -lpthread -latomic   -o Vtop\nrm Vtop__ALL.verilator_deplist.tmp\nmake[1]: Leaving directory '/workspace/generated/designs/axi_handshake/tb/.chia_sim/build/a97906fcf629'\nrm -f /workspace/generated/designs/axi_handshake/tb/.chia_sim/SmokeAfterResetTest.xml\nCOCOTB_TEST_MODULES=test_top COCOTB_TESTCASE=  COCOTB_TOPLEVEL=axi_handshake TOPLEVEL_LANG=verilog       \\\n         /workspace/generated/designs/axi_handshake/tb/.chia_sim/build/a97906fcf629/Vtop     \n     -.--ns INFO     gpi                                ../gpi/GpiCommon.cpp:242  in gpi_load_users                  Loaded entry library: '/home/ray/anaconda3/lib/libpython3.10.so.1.0'\n     -.--ns INFO     gpi                                ../gpi/GpiCommon.cpp:233  in gpi_load_users                  Running entry func 'initialize' from loaded library '/home/ray/anaconda3/lib/python3.10/site-packages/cocotb/simulator.cpython-310-x86_64-linux-gnu.so'\n     -.--ns INFO     pygpi                              ..ib/pygpi/embed.cpp:114  in initialize                      Using Python 3.10.19 interpreter at /home/ray/anaconda3/bin/python3\n     -.--ns INFO     gpi                                ../gpi/GpiCommon.cpp:74   in gpi_print_registered_impl       GPI: VPI support registered\n     0.00ns INFO     cocotb.initialize                  Seeding Python random module with 1789050625\n     0.00ns INFO     cocotb.initialize                  Initialized cocotb v2.1.0 from /home/ray/anaconda3/lib/python3.10/site-packages/cocotb\n     0.00ns INFO     cocotb.initialize                  Running on Verilator version 5.042 2025-11-02\n     0.00ns INFO     cocotb.regression                  Running tests\n     0.00ns INFO     cocotb.regression                  running test_top.run_axi_handshake_test (1/1)\n                                                            Single cocotb entry point for all UVM test classes.\n     0.00ns INFO     test                               Starting clock: period=10 ns, top_module=axi_handshake\n     0.00ns WARNING  py.warnings                        /workspace/generated/designs/axi_handshake/tb/test_top.py:85: DeprecationWarning: The 'units' argument has been renamed to 'unit'.\n                                                          clock = Clock(dut.clk, clock_period_ns, units=\"ns\")\n   100.00ns INFO     test                               Reset deasserted\n   100.00ns INFO     test                               ConfigDB populated: dut, dut_helper, clock_period=10, clk_name='clk', rst_name='rst_n', reset_polarity='active_low', ref_model=<module>\n   100.00ns INFO     test                               Launching UVM test: SmokeAfterResetTest\n   100.00ns WARNING  py.warnings                        /workspace/generated/designs/axi_handshake/tb/test_top.py:130: RuntimeWarning: coroutine 'uvm_root.run_test' was never awaited\n                                                          await cocotb.triggers.with_timeout(\n   100.00ns WARNING  cocotb.regression                  test_top.run_axi_handshake_test failed\n                                                        Traceback (most recent call last):\n                                                          File \"/workspace/generated/designs/axi_handshake/tb/test_top.py\", line 130, in run_axi_handshake_test\n                                                            await cocotb.triggers.with_timeout(\n                                                        TypeError: with_timeout() got an unexpected keyword argument 'timeout'\n                                                        \n                                                        During handling of the above exception, another exception occurred:\n                                                        \n                                                        Traceback (most recent call last):\n                                                          File \"/workspace/generated/designs/axi_handshake/tb/test_top.py\", line 135, in run_axi_handshake_test\n                                                            except cocotb.result.SimTimeoutError:\n                                                        AttributeError: module 'cocotb' has no attribute 'result'\n   100.00ns INFO     cocotb.regression                  *****************************************************************************************\n                                                        ** TEST                             STATUS  SIM TIME (ns)  REAL TIME (s)  RATIO (ns/s) **\n                                                        *****************************************************************************************\n                                                        ** test_top.run_axi_handshake_test   FAIL         100.00           0.00     179189.95  **\n                                                        *****************************************************************************************\n                                                        ** TESTS=1 PASS=0 FAIL=1 SKIP=0                   100.00           0.00      84258.35  **\n                                                        *****************************************************************************************\n- :0: Verilog $finish\nmake: *** [/home/ray/anaconda3/lib/python3.10/site-packages/cocotb_tools/makefiles/simulators/Makefile.verilator:74: /workspace/generated/designs/axi_handshake/tb/.chia_sim/SmokeAfterResetTest.xml] Error 1\n",
        "command": [
          "timeout",
          "--signal=TERM",
          "--kill-after=5",
          "60",
          "make",
          "-f",
          "/workspace/generated/designs/axi_handshake/tb/.chia_sim/Makefile",
          "SIM=verilator",
          "TOPLEVEL_LANG=verilog",
          "TOPLEVEL=axi_handshake",
          "COCOTB_TOPLEVEL=axi_handshake",
          "MODULE=test_top",
          "COCOTB_TEST_MODULES=test_top",
          "VERILOG_SOURCES=/workspace/benchmarks/axi_handshake/axi_handshake.sv",
          "SIM_BUILD=/workspace/generated/designs/axi_handshake/tb/.chia_sim/build/a97906fcf629",
          "COCOTB_RESULTS_FILE=/workspace/generated/designs/axi_handshake/tb/.chia_sim/SmokeAfterResetTest.xml",
          "COCOTB_HDL_TIMEUNIT=1ns",
          "COCOTB_HDL_TIMEPRECISION=1ps",
          "BUILD_ARGS=-j 4"
        ],
        "test_name": "SmokeAfterResetTest",
        "test_module": "test_top",
        "results_file": "/workspace/generated/designs/axi_handshake/tb/.chia_sim/SmokeAfterResetTest.xml",
        "results_file_exists": true
      },
      "StallHoldTest": {
        "status": "runtime_error",
        "category": "runtime_error",
        "timed_out": false,
        "watchdog_expired": false,
        "returncode": 2,
        "counts": {
          "uvm_errors": 0,
          "uvm_fatals": 0,
          "uvm_warnings": 0,
          "scoreboard_mismatches": 0,
          "assertion_failures": 0
        },
        "clean_exit": false,
        "log": "rm -f /workspace/generated/designs/axi_handshake/tb/.chia_sim/StallHoldTest.xml\nrm -f /workspace/generated/designs/axi_handshake/tb/.chia_sim/StallHoldTest.xml\nCOCOTB_TEST_MODULES=test_top COCOTB_TESTCASE=  COCOTB_TOPLEVEL=axi_handshake TOPLEVEL_LANG=verilog       \\\n         /workspace/generated/designs/axi_handshake/tb/.chia_sim/build/a97906fcf629/Vtop     \n     -.--ns INFO     gpi                                ../gpi/GpiCommon.cpp:242  in gpi_load_users                  Loaded entry library: '/home/ray/anaconda3/lib/libpython3.10.so.1.0'\n     -.--ns INFO     gpi                                ../gpi/GpiCommon.cpp:233  in gpi_load_users                  Running entry func 'initialize' from loaded library '/home/ray/anaconda3/lib/python3.10/site-packages/cocotb/simulator.cpython-310-x86_64-linux-gnu.so'\n     -.--ns INFO     pygpi                              ..ib/pygpi/embed.cpp:114  in initialize                      Using Python 3.10.19 interpreter at /home/ray/anaconda3/bin/python3\n     -.--ns INFO     gpi                                ../gpi/GpiCommon.cpp:74   in gpi_print_registered_impl       GPI: VPI support registered\n     0.00ns INFO     cocotb.initialize                  Seeding Python random module with 1789050626\n     0.00ns INFO     cocotb.initialize                  Initialized cocotb v2.1.0 from /home/ray/anaconda3/lib/python3.10/site-packages/cocotb\n     0.00ns INFO     cocotb.initialize                  Running on Verilator version 5.042 2025-11-02\n     0.00ns INFO     cocotb.regression                  Running tests\n     0.00ns INFO     cocotb.regression                  running test_top.run_axi_handshake_test (1/1)\n                                                            Single cocotb entry point for all UVM test classes.\n     0.00ns INFO     test                               Starting clock: period=10 ns, top_module=axi_handshake\n     0.00ns WARNING  py.warnings                        /workspace/generated/designs/axi_handshake/tb/test_top.py:85: DeprecationWarning: The 'units' argument has been renamed to 'unit'.\n                                                          clock = Clock(dut.clk, clock_period_ns, units=\"ns\")\n   100.00ns INFO     test                               Reset deasserted\n   100.00ns INFO     test                               ConfigDB populated: dut, dut_helper, clock_period=10, clk_name='clk', rst_name='rst_n', reset_polarity='active_low', ref_model=<module>\n   100.00ns INFO     test                               Launching UVM test: StallHoldTest\n   100.00ns WARNING  py.warnings                        /workspace/generated/designs/axi_handshake/tb/test_top.py:130: RuntimeWarning: coroutine 'uvm_root.run_test' was never awaited\n                                                          await cocotb.triggers.with_timeout(\n   100.00ns WARNING  cocotb.regression                  test_top.run_axi_handshake_test failed\n                                                        Traceback (most recent call last):\n                                                          File \"/workspace/generated/designs/axi_handshake/tb/test_top.py\", line 130, in run_axi_handshake_test\n                                                            await cocotb.triggers.with_timeout(\n                                                        TypeError: with_timeout() got an unexpected keyword argument 'timeout'\n                                                        \n                                                        During handling of the above exception, another exception occurred:\n                                                        \n                                                        Traceback (most recent call last):\n                                                          File \"/workspace/generated/designs/axi_handshake/tb/test_top.py\", line 135, in run_axi_handshake_test\n                                                            except cocotb.result.SimTimeoutError:\n                                                        AttributeError: module 'cocotb' has no attribute 'result'\n   100.00ns INFO     cocotb.regression                  *****************************************************************************************\n                                                        ** TEST                             STATUS  SIM TIME (ns)  REAL TIME (s)  RATIO (ns/s) **\n                                                        *****************************************************************************************\n                                                        ** test_top.run_axi_handshake_test   FAIL         100.00           0.00     174760.10  **\n                                                        *****************************************************************************************\n                                                        ** TESTS=1 PASS=0 FAIL=1 SKIP=0                   100.00           0.00      84642.33  **\n                                                        *****************************************************************************************\n- :0: Verilog $finish\nmake: *** [/home/ray/anaconda3/lib/python3.10/site-packages/cocotb_tools/makefiles/simulators/Makefile.verilator:74: /workspace/generated/designs/axi_handshake/tb/.chia_sim/StallHoldTest.xml] Error 1\n",
        "command": [
          "timeout",
          "--signal=TERM",
          "--kill-after=5",
          "60",
          "make",
          "-f",
          "/workspace/generated/designs/axi_handshake/tb/.chia_sim/Makefile",
          "SIM=verilator",
          "TOPLEVEL_LANG=verilog",
          "TOPLEVEL=axi_handshake",
          "COCOTB_TOPLEVEL=axi_handshake",
          "MODULE=test_top",
          "COCOTB_TEST_MODULES=test_top",
          "VERILOG_SOURCES=/workspace/benchmarks/axi_handshake/axi_handshake.sv",
          "SIM_BUILD=/workspace/generated/designs/axi_handshake/tb/.chia_sim/build/a97906fcf629",
          "COCOTB_RESULTS_FILE=/workspace/generated/designs/axi_handshake/tb/.chia_sim/StallHoldTest.xml",
          "COCOTB_HDL_TIMEUNIT=1ns",
          "COCOTB_HDL_TIMEPRECISION=1ps",
          "BUILD_ARGS=-j 4"
        ],
        "test_name": "StallHoldTest",
        "test_module": "test_top",
        "results_file": "/workspace/generated/designs/axi_handshake/tb/.chia_sim/StallHoldTest.xml",
        "results_file_exists": true
      },
      "SimultaneousTransferTest": {
        "status": "runtime_error",
        "category": "runtime_error",
        "timed_out": false,
        "watchdog_expired": false,
        "returncode": 2,
        "counts": {
          "uvm_errors": 0,
          "uvm_fatals": 0,
          "uvm_warnings": 0,
          "scoreboard_mismatches": 0,
          "assertion_failures": 0
        },
        "clean_exit": false,
        "log": "rm -f /workspace/generated/designs/axi_handshake/tb/.chia_sim/SimultaneousTransferTest.xml\nrm -f /workspace/generated/designs/axi_handshake/tb/.chia_sim/SimultaneousTransferTest.xml\nCOCOTB_TEST_MODULES=test_top COCOTB_TESTCASE=  COCOTB_TOPLEVEL=axi_handshake TOPLEVEL_LANG=verilog       \\\n         /workspace/generated/designs/axi_handshake/tb/.chia_sim/build/a97906fcf629/Vtop     \n     -.--ns INFO     gpi                                ../gpi/GpiCommon.cpp:242  in gpi_load_users                  Loaded entry library: '/home/ray/anaconda3/lib/libpython3.10.so.1.0'\n     -.--ns INFO     gpi                                ../gpi/GpiCommon.cpp:233  in gpi_load_users                  Running entry func 'initialize' from loaded library '/home/ray/anaconda3/lib/python3.10/site-packages/cocotb/simulator.cpython-310-x86_64-linux-gnu.so'\n     -.--ns INFO     pygpi                              ..ib/pygpi/embed.cpp:114  in initialize                      Using Python 3.10.19 interpreter at /home/ray/anaconda3/bin/python3\n     -.--ns INFO     gpi                                ../gpi/GpiCommon.cpp:74   in gpi_print_registered_impl       GPI: VPI support registered\n     0.00ns INFO     cocotb.initialize                  Seeding Python random module with 1789050626\n     0.00ns INFO     cocotb.initialize                  Initialized cocotb v2.1.0 from /home/ray/anaconda3/lib/python3.10/site-packages/cocotb\n     0.00ns INFO     cocotb.initialize                  Running on Verilator version 5.042 2025-11-02\n     0.00ns INFO     cocotb.regression                  Running tests\n     0.00ns INFO     cocotb.regression                  running test_top.run_axi_handshake_test (1/1)\n                                                            Single cocotb entry point for all UVM test classes.\n     0.00ns INFO     test                               Starting clock: period=10 ns, top_module=axi_handshake\n     0.00ns WARNING  py.warnings                        /workspace/generated/designs/axi_handshake/tb/test_top.py:85: DeprecationWarning: The 'units' argument has been renamed to 'unit'.\n                                                          clock = Clock(dut.clk, clock_period_ns, units=\"ns\")\n   100.00ns INFO     test                               Reset deasserted\n   100.00ns INFO     test                               ConfigDB populated: dut, dut_helper, clock_period=10, clk_name='clk', rst_name='rst_n', reset_polarity='active_low', ref_model=<module>\n   100.00ns INFO     test                               Launching UVM test: SimultaneousTransferTest\n   100.00ns WARNING  py.warnings                        /workspace/generated/designs/axi_handshake/tb/test_top.py:130: RuntimeWarning: coroutine 'uvm_root.run_test' was never awaited\n                                                          await cocotb.triggers.with_timeout(\n   100.00ns WARNING  cocotb.regression                  test_top.run_axi_handshake_test failed\n                                                        Traceback (most recent call last):\n                                                          File \"/workspace/generated/designs/axi_handshake/tb/test_top.py\", line 130, in run_axi_handshake_test\n                                                            await cocotb.triggers.with_timeout(\n                                                        TypeError: with_timeout() got an unexpected keyword argument 'timeout'\n                                                        \n                                                        During handling of the above exception, another exception occurred:\n                                                        \n                                                        Traceback (most recent call last):\n                                                          File \"/workspace/generated/designs/axi_handshake/tb/test_top.py\", line 135, in run_axi_handshake_test\n                                                            except cocotb.result.SimTimeoutError:\n                                                        AttributeError: module 'cocotb' has no attribute 'result'\n   100.00ns INFO     cocotb.regression                  *****************************************************************************************\n                                                        ** TEST                             STATUS  SIM TIME (ns)  REAL TIME (s)  RATIO (ns/s) **\n                                                        *****************************************************************************************\n                                                        ** test_top.run_axi_handshake_test   FAIL         100.00           0.00     161703.45  **\n                                                        *****************************************************************************************\n                                                        ** TESTS=1 PASS=0 FAIL=1 SKIP=0                   100.00           0.00      77932.54  **\n                                                        *****************************************************************************************\n- :0: Verilog $finish\nmake: *** [/home/ray/anaconda3/lib/python3.10/site-packages/cocotb_tools/makefiles/simulators/Makefile.verilator:74: /workspace/generated/designs/axi_handshake/tb/.chia_sim/SimultaneousTransferTest.xml] Error 1\n",
        "command": [
          "timeout",
          "--signal=TERM",
          "--kill-after=5",
          "60",
          "make",
          "-f",
          "/workspace/generated/designs/axi_handshake/tb/.chia_sim/Makefile",
          "SIM=verilator",
          "TOPLEVEL_LANG=verilog",
          "TOPLEVEL=axi_handshake",
          "COCOTB_TOPLEVEL=axi_handshake",
          "MODULE=test_top",
          "COCOTB_TEST_MODULES=test_top",
          "VERILOG_SOURCES=/workspace/benchmarks/axi_handshake/axi_handshake.sv",
          "SIM_BUILD=/workspace/generated/designs/axi_handshake/tb/.chia_sim/build/a97906fcf629",
          "COCOTB_RESULTS_FILE=/workspace/generated/designs/axi_handshake/tb/.chia_sim/SimultaneousTransferTest.xml",
          "COCOTB_HDL_TIMEUNIT=1ns",
          "COCOTB_HDL_TIMEPRECISION=1ps",
          "BUILD_ARGS=-j 4"
        ],
        "test_name": "SimultaneousTransferTest",
        "test_module": "test_top",
        "results_file": "/workspace/generated/designs/axi_handshake/tb/.chia_sim/SimultaneousTransferTest.xml",
        "results_file_exists": true
      },
      "SequentialLoadsTest": {
        "status": "runtime_error",
        "category": "runtime_error",
        "timed_out": false,
        "watchdog_expired": false,
        "returncode": 2,
        "counts": {
          "uvm_errors": 0,
          "uvm_fatals": 0,
          "uvm_warnings": 0,
          "scoreboard_mismatches": 0,
          "assertion_failures": 0
        },
        "clean_exit": false,
        "log": "rm -f /workspace/generated/designs/axi_handshake/tb/.chia_sim/SequentialLoadsTest.xml\nrm -f /workspace/generated/designs/axi_handshake/tb/.chia_sim/SequentialLoadsTest.xml\nCOCOTB_TEST_MODULES=test_top COCOTB_TESTCASE=  COCOTB_TOPLEVEL=axi_handshake TOPLEVEL_LANG=verilog       \\\n         /workspace/generated/designs/axi_handshake/tb/.chia_sim/build/a97906fcf629/Vtop     \n     -.--ns INFO     gpi                                ../gpi/GpiCommon.cpp:242  in gpi_load_users                  Loaded entry library: '/home/ray/anaconda3/lib/libpython3.10.so.1.0'\n     -.--ns INFO     gpi                                ../gpi/GpiCommon.cpp:233  in gpi_load_users                  Running entry func 'initialize' from loaded library '/home/ray/anaconda3/lib/python3.10/site-packages/cocotb/simulator.cpython-310-x86_64-linux-gnu.so'\n     -.--ns INFO     pygpi                              ..ib/pygpi/embed.cpp:114  in initialize                      Using Python 3.10.19 interpreter at /home/ray/anaconda3/bin/python3\n     -.--ns INFO     gpi                                ../gpi/GpiCommon.cpp:74   in gpi_print_registered_impl       GPI: VPI support registered\n     0.00ns INFO     cocotb.initialize                  Seeding Python random module with 1789050627\n     0.00ns INFO     cocotb.initialize                  Initialized cocotb v2.1.0 from /home/ray/anaconda3/lib/python3.10/site-packages/cocotb\n     0.00ns INFO     cocotb.initialize                  Running on Verilator version 5.042 2025-11-02\n     0.00ns INFO     cocotb.regression                  Running tests\n     0.00ns INFO     cocotb.regression                  running test_top.run_axi_handshake_test (1/1)\n                                                            Single cocotb entry point for all UVM test classes.\n     0.00ns INFO     test                               Starting clock: period=10 ns, top_module=axi_handshake\n     0.00ns WARNING  py.warnings                        /workspace/generated/designs/axi_handshake/tb/test_top.py:85: DeprecationWarning: The 'units' argument has been renamed to 'unit'.\n                                                          clock = Clock(dut.clk, clock_period_ns, units=\"ns\")\n   100.00ns INFO     test                               Reset deasserted\n   100.00ns INFO     test                               ConfigDB populated: dut, dut_helper, clock_period=10, clk_name='clk', rst_name='rst_n', reset_polarity='active_low', ref_model=<module>\n   100.00ns INFO     test                               Launching UVM test: SequentialLoadsTest\n   100.00ns WARNING  py.warnings                        /workspace/generated/designs/axi_handshake/tb/test_top.py:130: RuntimeWarning: coroutine 'uvm_root.run_test' was never awaited\n                                                          await cocotb.triggers.with_timeout(\n   100.00ns WARNING  cocotb.regression                  test_top.run_axi_handshake_test failed\n                                                        Traceback (most recent call last):\n                                                          File \"/workspace/generated/designs/axi_handshake/tb/test_top.py\", line 130, in run_axi_handshake_test\n                                                            await cocotb.triggers.with_timeout(\n                                                        TypeError: with_timeout() got an unexpected keyword argument 'timeout'\n                                                        \n                                                        During handling of the above exception, another exception occurred:\n                                                        \n                                                        Traceback (most recent call last):\n                                                          File \"/workspace/generated/designs/axi_handshake/tb/test_top.py\", line 135, in run_axi_handshake_test\n                                                            except cocotb.result.SimTimeoutError:\n                                                        AttributeError: module 'cocotb' has no attribute 'result'\n   100.00ns INFO     cocotb.regression                  *****************************************************************************************\n                                                        ** TEST                             STATUS  SIM TIME (ns)  REAL TIME (s)  RATIO (ns/s) **\n                                                        *****************************************************************************************\n                                                        ** test_top.run_axi_handshake_test   FAIL         100.00           0.00     168764.12  **\n                                                        *****************************************************************************************\n                                                        ** TESTS=1 PASS=0 FAIL=1 SKIP=0                   100.00           0.00      81081.50  **\n                                                        *****************************************************************************************\n- :0: Verilog $finish\nmake: *** [/home/ray/anaconda3/lib/python3.10/site-packages/cocotb_tools/makefiles/simulators/Makefile.verilator:74: /workspace/generated/designs/axi_handshake/tb/.chia_sim/SequentialLoadsTest.xml] Error 1\n",
        "command": [
          "timeout",
          "--signal=TERM",
          "--kill-after=5",
          "60",
          "make",
          "-f",
          "/workspace/generated/designs/axi_handshake/tb/.chia_sim/Makefile",
          "SIM=verilator",
          "TOPLEVEL_LANG=verilog",
          "TOPLEVEL=axi_handshake",
          "COCOTB_TOPLEVEL=axi_handshake",
          "MODULE=test_top",
          "COCOTB_TEST_MODULES=test_top",
          "VERILOG_SOURCES=/workspace/benchmarks/axi_handshake/axi_handshake.sv",
          "SIM_BUILD=/workspace/generated/designs/axi_handshake/tb/.chia_sim/build/a97906fcf629",
          "COCOTB_RESULTS_FILE=/workspace/generated/designs/axi_handshake/tb/.chia_sim/SequentialLoadsTest.xml",
          "COCOTB_HDL_TIMEUNIT=1ns",
          "COCOTB_HDL_TIMEPRECISION=1ps",
          "BUILD_ARGS=-j 4"
        ],
        "test_name": "SequentialLoadsTest",
        "test_module": "test_top",
        "results_file": "/workspace/generated/designs/axi_handshake/tb/.chia_sim/SequentialLoadsTest.xml",
        "results_file_exists": true
      },
      "NoInputWhenStalledTest": {
        "status": "runtime_error",
        "category": "runtime_error",
        "timed_out": false,
        "watchdog_expired": false,
        "returncode": 2,
        "counts": {
          "uvm_errors": 0,
          "uvm_fatals": 0,
          "uvm_warnings": 0,
          "scoreboard_mismatches": 0,
          "assertion_failures": 0
        },
        "clean_exit": false,
        "log": "rm -f /workspace/generated/designs/axi_handshake/tb/.chia_sim/NoInputWhenStalledTest.xml\nrm -f /workspace/generated/designs/axi_handshake/tb/.chia_sim/NoInputWhenStalledTest.xml\nCOCOTB_TEST_MODULES=test_top COCOTB_TESTCASE=  COCOTB_TOPLEVEL=axi_handshake TOPLEVEL_LANG=verilog       \\\n         /workspace/generated/designs/axi_handshake/tb/.chia_sim/build/a97906fcf629/Vtop     \n     -.--ns INFO     gpi                                ../gpi/GpiCommon.cpp:242  in gpi_load_users                  Loaded entry library: '/home/ray/anaconda3/lib/libpython3.10.so.1.0'\n     -.--ns INFO     gpi                                ../gpi/GpiCommon.cpp:233  in gpi_load_users                  Running entry func 'initialize' from loaded library '/home/ray/anaconda3/lib/python3.10/site-packages/cocotb/simulator.cpython-310-x86_64-linux-gnu.so'\n     -.--ns INFO     pygpi                              ..ib/pygpi/embed.cpp:114  in initialize                      Using Python 3.10.19 interpreter at /home/ray/anaconda3/bin/python3\n     -.--ns INFO     gpi                                ../gpi/GpiCommon.cpp:74   in gpi_print_registered_impl       GPI: VPI support registered\n     0.00ns INFO     cocotb.initialize                  Seeding Python random module with 1789050627\n     0.00ns INFO     cocotb.initialize                  Initialized cocotb v2.1.0 from /home/ray/anaconda3/lib/python3.10/site-packages/cocotb\n     0.00ns INFO     cocotb.initialize                  Running on Verilator version 5.042 2025-11-02\n     0.00ns INFO     cocotb.regression                  Running tests\n     0.00ns INFO     cocotb.regression                  running test_top.run_axi_handshake_test (1/1)\n                                                            Single cocotb entry point for all UVM test classes.\n     0.00ns INFO     test                               Starting clock: period=10 ns, top_module=axi_handshake\n     0.00ns WARNING  py.warnings                        /workspace/generated/designs/axi_handshake/tb/test_top.py:85: DeprecationWarning: The 'units' argument has been renamed to 'unit'.\n                                                          clock = Clock(dut.clk, clock_period_ns, units=\"ns\")\n   100.00ns INFO     test                               Reset deasserted\n   100.00ns INFO     test                               ConfigDB populated: dut, dut_helper, clock_period=10, clk_name='clk', rst_name='rst_n', reset_polarity='active_low', ref_model=<module>\n   100.00ns INFO     test                               Launching UVM test: NoInputWhenStalledTest\n   100.00ns WARNING  py.warnings                        /workspace/generated/designs/axi_handshake/tb/test_top.py:130: RuntimeWarning: coroutine 'uvm_root.run_test' was never awaited\n                                                          await cocotb.triggers.with_timeout(\n   100.00ns WARNING  cocotb.regression                  test_top.run_axi_handshake_test failed\n                                                        Traceback (most recent call last):\n                                                          File \"/workspace/generated/designs/axi_handshake/tb/test_top.py\", line 130, in run_axi_handshake_test\n                                                            await cocotb.triggers.with_timeout(\n                                                        TypeError: with_timeout() got an unexpected keyword argument 'timeout'\n                                                        \n                                                        During handling of the above exception, another exception occurred:\n                                                        \n                                                        Traceback (most recent call last):\n                                                          File \"/workspace/generated/designs/axi_handshake/tb/test_top.py\", line 135, in run_axi_handshake_test\n                                                            except cocotb.result.SimTimeoutError:\n                                                        AttributeError: module 'cocotb' has no attribute 'result'\n   100.00ns INFO     cocotb.regression                  *****************************************************************************************\n                                                        ** TEST                             STATUS  SIM TIME (ns)  REAL TIME (s)  RATIO (ns/s) **\n                                                        *****************************************************************************************\n                                                        ** test_top.run_axi_handshake_test   FAIL         100.00           0.00     162231.00  **\n                                                        *****************************************************************************************\n                                                        ** TESTS=1 PASS=0 FAIL=1 SKIP=0                   100.00           0.00      78576.26  **\n                                                        *****************************************************************************************\n- :0: Verilog $finish\nmake: *** [/home/ray/anaconda3/lib/python3.10/site-packages/cocotb_tools/makefiles/simulators/Makefile.verilator:74: /workspace/generated/designs/axi_handshake/tb/.chia_sim/NoInputWhenStalledTest.xml] Error 1\n",
        "command": [
          "timeout",
          "--signal=TERM",
          "--kill-after=5",
          "60",
          "make",
          "-f",
          "/workspace/generated/designs/axi_handshake/tb/.chia_sim/Makefile",
          "SIM=verilator",
          "TOPLEVEL_LANG=verilog",
          "TOPLEVEL=axi_handshake",
          "COCOTB_TOPLEVEL=axi_handshake",
          "MODULE=test_top",
          "COCOTB_TEST_MODULES=test_top",
          "VERILOG_SOURCES=/workspace/benchmarks/axi_handshake/axi_handshake.sv",
          "SIM_BUILD=/workspace/generated/designs/axi_handshake/tb/.chia_sim/build/a97906fcf629",
          "COCOTB_RESULTS_FILE=/workspace/generated/designs/axi_handshake/tb/.chia_sim/NoInputWhenStalledTest.xml",
          "COCOTB_HDL_TIMEUNIT=1ns",
          "COCOTB_HDL_TIMEPRECISION=1ps",
          "BUILD_ARGS=-j 4"
        ],
        "test_name": "NoInputWhenStalledTest",
        "test_module": "test_top",
        "results_file": "/workspace/generated/designs/axi_handshake/tb/.chia_sim/NoInputWhenStalledTest.xml",
        "results_file_exists": true
      },
      "ResetDuringTransferTest": {
        "status": "runtime_error",
        "category": "runtime_error",
        "timed_out": false,
        "watchdog_expired": false,
        "returncode": 2,
        "counts": {
          "uvm_errors": 0,
          "uvm_fatals": 0,
          "uvm_warnings": 0,
          "scoreboard_mismatches": 0,
          "assertion_failures": 0
        },
        "clean_exit": false,
        "log": "rm -f /workspace/generated/designs/axi_handshake/tb/.chia_sim/ResetDuringTransferTest.xml\nrm -f /workspace/generated/designs/axi_handshake/tb/.chia_sim/ResetDuringTransferTest.xml\nCOCOTB_TEST_MODULES=test_top COCOTB_TESTCASE=  COCOTB_TOPLEVEL=axi_handshake TOPLEVEL_LANG=verilog       \\\n         /workspace/generated/designs/axi_handshake/tb/.chia_sim/build/a97906fcf629/Vtop     \n     -.--ns INFO     gpi                                ../gpi/GpiCommon.cpp:242  in gpi_load_users                  Loaded entry library: '/home/ray/anaconda3/lib/libpython3.10.so.1.0'\n     -.--ns INFO     gpi                                ../gpi/GpiCommon.cpp:233  in gpi_load_users                  Running entry func 'initialize' from loaded library '/home/ray/anaconda3/lib/python3.10/site-packages/cocotb/simulator.cpython-310-x86_64-linux-gnu.so'\n     -.--ns INFO     pygpi                              ..ib/pygpi/embed.cpp:114  in initialize                      Using Python 3.10.19 interpreter at /home/ray/anaconda3/bin/python3\n     -.--ns INFO     gpi                                ../gpi/GpiCommon.cpp:74   in gpi_print_registered_impl       GPI: VPI support registered\n     0.00ns INFO     cocotb.initialize                  Seeding Python random module with 1789050628\n     0.00ns INFO     cocotb.initialize                  Initialized cocotb v2.1.0 from /home/ray/anaconda3/lib/python3.10/site-packages/cocotb\n     0.00ns INFO     cocotb.initialize                  Running on Verilator version 5.042 2025-11-02\n     0.00ns INFO     cocotb.regression                  Running tests\n     0.00ns INFO     cocotb.regression                  running test_top.run_axi_handshake_test (1/1)\n                                                            Single cocotb entry point for all UVM test classes.\n     0.00ns INFO     test                               Starting clock: period=10 ns, top_module=axi_handshake\n     0.00ns WARNING  py.warnings                        /workspace/generated/designs/axi_handshake/tb/test_top.py:85: DeprecationWarning: The 'units' argument has been renamed to 'unit'.\n                                                          clock = Clock(dut.clk, clock_period_ns, units=\"ns\")\n   100.00ns INFO     test                               Reset deasserted\n   100.00ns INFO     test                               ConfigDB populated: dut, dut_helper, clock_period=10, clk_name='clk', rst_name='rst_n', reset_polarity='active_low', ref_model=<module>\n   100.00ns INFO     test                               Launching UVM test: ResetDuringTransferTest\n   100.00ns WARNING  py.warnings                        /workspace/generated/designs/axi_handshake/tb/test_top.py:130: RuntimeWarning: coroutine 'uvm_root.run_test' was never awaited\n                                                          await cocotb.triggers.with_timeout(\n   100.00ns WARNING  cocotb.regression                  test_top.run_axi_handshake_test failed\n                                                        Traceback (most recent call last):\n                                                          File \"/workspace/generated/designs/axi_handshake/tb/test_top.py\", line 130, in run_axi_handshake_test\n                                                            await cocotb.triggers.with_timeout(\n                                                        TypeError: with_timeout() got an unexpected keyword argument 'timeout'\n                                                        \n                                                        During handling of the above exception, another exception occurred:\n                                                        \n                                                        Traceback (most recent call last):\n                                                          File \"/workspace/generated/designs/axi_handshake/tb/test_top.py\", line 135, in run_axi_handshake_test\n                                                            except cocotb.result.SimTimeoutError:\n                                                        AttributeError: module 'cocotb' has no attribute 'result'\n   100.00ns INFO     cocotb.regression                  *****************************************************************************************\n                                                        ** TEST                             STATUS  SIM TIME (ns)  REAL TIME (s)  RATIO (ns/s) **\n                                                        *****************************************************************************************\n                                                        ** test_top.run_axi_handshake_test   FAIL         100.00           0.00     176776.83  **\n                                                        *****************************************************************************************\n                                                        ** TESTS=1 PASS=0 FAIL=1 SKIP=0                   100.00           0.00      84747.63  **\n                                                        *****************************************************************************************\n- :0: Verilog $finish\nmake: *** [/home/ray/anaconda3/lib/python3.10/site-packages/cocotb_tools/makefiles/simulators/Makefile.verilator:74: /workspace/generated/designs/axi_handshake/tb/.chia_sim/ResetDuringTransferTest.xml] Error 1\n",
        "command": [
          "timeout",
          "--signal=TERM",
          "--kill-after=5",
          "60",
          "make",
          "-f",
          "/workspace/generated/designs/axi_handshake/tb/.chia_sim/Makefile",
          "SIM=verilator",
          "TOPLEVEL_LANG=verilog",
          "TOPLEVEL=axi_handshake",
          "COCOTB_TOPLEVEL=axi_handshake",
          "MODULE=test_top",
          "COCOTB_TEST_MODULES=test_top",
          "VERILOG_SOURCES=/workspace/benchmarks/axi_handshake/axi_handshake.sv",
          "SIM_BUILD=/workspace/generated/designs/axi_handshake/tb/.chia_sim/build/a97906fcf629",
          "COCOTB_RESULTS_FILE=/workspace/generated/designs/axi_handshake/tb/.chia_sim/ResetDuringTransferTest.xml",
          "COCOTB_HDL_TIMEUNIT=1ns",
          "COCOTB_HDL_TIMEPRECISION=1ps",
          "BUILD_ARGS=-j 4"
        ],
        "test_name": "ResetDuringTransferTest",
        "test_module": "test_top",
        "results_file": "/workspace/generated/designs/axi_handshake/tb/.chia_sim/ResetDuringTransferTest.xml",
        "results_file_exists": true
      },
      "BackToBackFullRateTest": {
        "status": "runtime_error",
        "category": "runtime_error",
        "timed_out": false,
        "watchdog_expired": false,
        "returncode": 2,
        "counts": {
          "uvm_errors": 0,
          "uvm_fatals": 0,
          "uvm_warnings": 0,
          "scoreboard_mismatches": 0,
          "assertion_failures": 0
        },
        "clean_exit": false,
        "log": "rm -f /workspace/generated/designs/axi_handshake/tb/.chia_sim/BackToBackFullRateTest.xml\nrm -f /workspace/generated/designs/axi_handshake/tb/.chia_sim/BackToBackFullRateTest.xml\nCOCOTB_TEST_MODULES=test_top COCOTB_TESTCASE=  COCOTB_TOPLEVEL=axi_handshake TOPLEVEL_LANG=verilog       \\\n         /workspace/generated/designs/axi_handshake/tb/.chia_sim/build/a97906fcf629/Vtop     \n     -.--ns INFO     gpi                                ../gpi/GpiCommon.cpp:242  in gpi_load_users                  Loaded entry library: '/home/ray/anaconda3/lib/libpython3.10.so.1.0'\n     -.--ns INFO     gpi                                ../gpi/GpiCommon.cpp:233  in gpi_load_users                  Running entry func 'initialize' from loaded library '/home/ray/anaconda3/lib/python3.10/site-packages/cocotb/simulator.cpython-310-x86_64-linux-gnu.so'\n     -.--ns INFO     pygpi                              ..ib/pygpi/embed.cpp:114  in initialize                      Using Python 3.10.19 interpreter at /home/ray/anaconda3/bin/python3\n     -.--ns INFO     gpi                                ../gpi/GpiCommon.cpp:74   in gpi_print_registered_impl       GPI: VPI support registered\n     0.00ns INFO     cocotb.initialize                  Seeding Python random module with 1789050628\n     0.00ns INFO     cocotb.initialize                  Initialized cocotb v2.1.0 from /home/ray/anaconda3/lib/python3.10/site-packages/cocotb\n     0.00ns INFO     cocotb.initialize                  Running on Verilator version 5.042 2025-11-02\n     0.00ns INFO     cocotb.regression                  Running tests\n     0.00ns INFO     cocotb.regression                  running test_top.run_axi_handshake_test (1/1)\n                                                            Single cocotb entry point for all UVM test classes.\n     0.00ns INFO     test                               Starting clock: period=10 ns, top_module=axi_handshake\n     0.00ns WARNING  py.warnings                        /workspace/generated/designs/axi_handshake/tb/test_top.py:85: DeprecationWarning: The 'units' argument has been renamed to 'unit'.\n                                                          clock = Clock(dut.clk, clock_period_ns, units=\"ns\")\n   100.00ns INFO     test                               Reset deasserted\n   100.00ns INFO     test                               ConfigDB populated: dut, dut_helper, clock_period=10, clk_name='clk', rst_name='rst_n', reset_polarity='active_low', ref_model=<module>\n   100.00ns INFO     test                               Launching UVM test: BackToBackFullRateTest\n   100.00ns WARNING  py.warnings                        /workspace/generated/designs/axi_handshake/tb/test_top.py:130: RuntimeWarning: coroutine 'uvm_root.run_test' was never awaited\n                                                          await cocotb.triggers.with_timeout(\n   100.00ns WARNING  cocotb.regression                  test_top.run_axi_handshake_test failed\n                                                        Traceback (most recent call last):\n                                                          File \"/workspace/generated/designs/axi_handshake/tb/test_top.py\", line 130, in run_axi_handshake_test\n                                                            await cocotb.triggers.with_timeout(\n                                                        TypeError: with_timeout() got an unexpected keyword argument 'timeout'\n                                                        \n                                                        During handling of the above exception, another exception occurred:\n                                                        \n                                                        Traceback (most recent call last):\n                                                          File \"/workspace/generated/designs/axi_handshake/tb/test_top.py\", line 135, in run_axi_handshake_test\n                                                            except cocotb.result.SimTimeoutError:\n                                                        AttributeError: module 'cocotb' has no attribute 'result'\n   100.00ns INFO     cocotb.regression                  *****************************************************************************************\n                                                        ** TEST                             STATUS  SIM TIME (ns)  REAL TIME (s)  RATIO (ns/s) **\n                                                        *****************************************************************************************\n                                                        ** test_top.run_axi_handshake_test   FAIL         100.00           0.00     168974.86  **\n                                                        *****************************************************************************************\n                                                        ** TESTS=1 PASS=0 FAIL=1 SKIP=0                   100.00           0.00      80865.58  **\n                                                        *****************************************************************************************\n- :0: Verilog $finish\nmake: *** [/home/ray/anaconda3/lib/python3.10/site-packages/cocotb_tools/makefiles/simulators/Makefile.verilator:74: /workspace/generated/designs/axi_handshake/tb/.chia_sim/BackToBackFullRateTest.xml] Error 1\n",
        "command": [
          "timeout",
          "--signal=TERM",
          "--kill-after=5",
          "60",
          "make",
          "-f",
          "/workspace/generated/designs/axi_handshake/tb/.chia_sim/Makefile",
          "SIM=verilator",
          "TOPLEVEL_LANG=verilog",
          "TOPLEVEL=axi_handshake",
          "COCOTB_TOPLEVEL=axi_handshake",
          "MODULE=test_top",
          "COCOTB_TEST_MODULES=test_top",
          "VERILOG_SOURCES=/workspace/benchmarks/axi_handshake/axi_handshake.sv",
          "SIM_BUILD=/workspace/generated/designs/axi_handshake/tb/.chia_sim/build/a97906fcf629",
          "COCOTB_RESULTS_FILE=/workspace/generated/designs/axi_handshake/tb/.chia_sim/BackToBackFullRateTest.xml",
          "COCOTB_HDL_TIMEUNIT=1ns",
          "COCOTB_HDL_TIMEPRECISION=1ps",
          "BUILD_ARGS=-j 4"
        ],
        "test_name": "BackToBackFullRateTest",
        "test_module": "test_top",
        "results_file": "/workspace/generated/designs/axi_handshake/tb/.chia_sim/BackToBackFullRateTest.xml",
        "results_file_exists": true
      },
      "AllZeroPayloadTest": {
        "status": "runtime_error",
        "category": "runtime_error",
        "timed_out": false,
        "watchdog_expired": false,
        "returncode": 2,
        "counts": {
          "uvm_errors": 0,
          "uvm_fatals": 0,
          "uvm_warnings": 0,
          "scoreboard_mismatches": 0,
          "assertion_failures": 0
        },
        "clean_exit": false,
        "log": "rm -f /workspace/generated/designs/axi_handshake/tb/.chia_sim/AllZeroPayloadTest.xml\nrm -f /workspace/generated/designs/axi_handshake/tb/.chia_sim/AllZeroPayloadTest.xml\nCOCOTB_TEST_MODULES=test_top COCOTB_TESTCASE=  COCOTB_TOPLEVEL=axi_handshake TOPLEVEL_LANG=verilog       \\\n         /workspace/generated/designs/axi_handshake/tb/.chia_sim/build/a97906fcf629/Vtop     \n     -.--ns INFO     gpi                                ../gpi/GpiCommon.cpp:242  in gpi_load_users                  Loaded entry library: '/home/ray/anaconda3/lib/libpython3.10.so.1.0'\n     -.--ns INFO     gpi                                ../gpi/GpiCommon.cpp:233  in gpi_load_users                  Running entry func 'initialize' from loaded library '/home/ray/anaconda3/lib/python3.10/site-packages/cocotb/simulator.cpython-310-x86_64-linux-gnu.so'\n     -.--ns INFO     pygpi                              ..ib/pygpi/embed.cpp:114  in initialize                      Using Python 3.10.19 interpreter at /home/ray/anaconda3/bin/python3\n     -.--ns INFO     gpi                                ../gpi/GpiCommon.cpp:74   in gpi_print_registered_impl       GPI: VPI support registered\n     0.00ns INFO     cocotb.initialize                  Seeding Python random module with 1789050629\n     0.00ns INFO     cocotb.initialize                  Initialized cocotb v2.1.0 from /home/ray/anaconda3/lib/python3.10/site-packages/cocotb\n     0.00ns INFO     cocotb.initialize                  Running on Verilator version 5.042 2025-11-02\n     0.00ns INFO     cocotb.regression                  Running tests\n     0.00ns INFO     cocotb.regression                  running test_top.run_axi_handshake_test (1/1)\n                                                            Single cocotb entry point for all UVM test classes.\n     0.00ns INFO     test                               Starting clock: period=10 ns, top_module=axi_handshake\n     0.00ns WARNING  py.warnings                        /workspace/generated/designs/axi_handshake/tb/test_top.py:85: DeprecationWarning: The 'units' argument has been renamed to 'unit'.\n                                                          clock = Clock(dut.clk, clock_period_ns, units=\"ns\")\n   100.00ns INFO     test                               Reset deasserted\n   100.00ns INFO     test                               ConfigDB populated: dut, dut_helper, clock_period=10, clk_name='clk', rst_name='rst_n', reset_polarity='active_low', ref_model=<module>\n   100.00ns INFO     test                               Launching UVM test: AllZeroPayloadTest\n   100.00ns WARNING  py.warnings                        /workspace/generated/designs/axi_handshake/tb/test_top.py:130: RuntimeWarning: coroutine 'uvm_root.run_test' was never awaited\n                                                          await cocotb.triggers.with_timeout(\n   100.00ns WARNING  cocotb.regression                  test_top.run_axi_handshake_test failed\n                                                        Traceback (most recent call last):\n                                                          File \"/workspace/generated/designs/axi_handshake/tb/test_top.py\", line 130, in run_axi_handshake_test\n                                                            await cocotb.triggers.with_timeout(\n                                                        TypeError: with_timeout() got an unexpected keyword argument 'timeout'\n                                                        \n                                                        During handling of the above exception, another exception occurred:\n                                                        \n                                                        Traceback (most recent call last):\n                                                          File \"/workspace/generated/designs/axi_handshake/tb/test_top.py\", line 135, in run_axi_handshake_test\n                                                            except cocotb.result.SimTimeoutError:\n                                                        AttributeError: module 'cocotb' has no attribute 'result'\n   100.00ns INFO     cocotb.regression                  *****************************************************************************************\n                                                        ** TEST                             STATUS  SIM TIME (ns)  REAL TIME (s)  RATIO (ns/s) **\n                                                        *****************************************************************************************\n                                                        ** test_top.run_axi_handshake_test   FAIL         100.00           0.00     167466.60  **\n                                                        *****************************************************************************************\n                                                        ** TESTS=1 PASS=0 FAIL=1 SKIP=0                   100.00           0.00      81543.52  **\n                                                        *****************************************************************************************\n- :0: Verilog $finish\nmake: *** [/home/ray/anaconda3/lib/python3.10/site-packages/cocotb_tools/makefiles/simulators/Makefile.verilator:74: /workspace/generated/designs/axi_handshake/tb/.chia_sim/AllZeroPayloadTest.xml] Error 1\n",
        "command": [
          "timeout",
          "--signal=TERM",
          "--kill-after=5",
          "60",
          "make",
          "-f",
          "/workspace/generated/designs/axi_handshake/tb/.chia_sim/Makefile",
          "SIM=verilator",
          "TOPLEVEL_LANG=verilog",
          "TOPLEVEL=axi_handshake",
          "COCOTB_TOPLEVEL=axi_handshake",
          "MODULE=test_top",
          "COCOTB_TEST_MODULES=test_top",
          "VERILOG_SOURCES=/workspace/benchmarks/axi_handshake/axi_handshake.sv",
          "SIM_BUILD=/workspace/generated/designs/axi_handshake/tb/.chia_sim/build/a97906fcf629",
          "COCOTB_RESULTS_FILE=/workspace/generated/designs/axi_handshake/tb/.chia_sim/AllZeroPayloadTest.xml",
          "COCOTB_HDL_TIMEUNIT=1ns",
          "COCOTB_HDL_TIMEPRECISION=1ps",
          "BUILD_ARGS=-j 4"
        ],
        "test_name": "AllZeroPayloadTest",
        "test_module": "test_top",
        "results_file": "/workspace/generated/designs/axi_handshake/tb/.chia_sim/AllZeroPayloadTest.xml",
        "results_file_exists": true
      },
      "AllOnePayloadTest": {
        "status": "runtime_error",
        "category": "runtime_error",
        "timed_out": false,
        "watchdog_expired": false,
        "returncode": 2,
        "counts": {
          "uvm_errors": 0,
          "uvm_fatals": 0,
          "uvm_warnings": 0,
          "scoreboard_mismatches": 0,
          "assertion_failures": 0
        },
        "clean_exit": false,
        "log": "rm -f /workspace/generated/designs/axi_handshake/tb/.chia_sim/AllOnePayloadTest.xml\nrm -f /workspace/generated/designs/axi_handshake/tb/.chia_sim/AllOnePayloadTest.xml\nCOCOTB_TEST_MODULES=test_top COCOTB_TESTCASE=  COCOTB_TOPLEVEL=axi_handshake TOPLEVEL_LANG=verilog       \\\n         /workspace/generated/designs/axi_handshake/tb/.chia_sim/build/a97906fcf629/Vtop     \n     -.--ns INFO     gpi                                ../gpi/GpiCommon.cpp:242  in gpi_load_users                  Loaded entry library: '/home/ray/anaconda3/lib/libpython3.10.so.1.0'\n     -.--ns INFO     gpi                                ../gpi/GpiCommon.cpp:233  in gpi_load_users                  Running entry func 'initialize' from loaded library '/home/ray/anaconda3/lib/python3.10/site-packages/cocotb/simulator.cpython-310-x86_64-linux-gnu.so'\n     -.--ns INFO     pygpi                              ..ib/pygpi/embed.cpp:114  in initialize                      Using Python 3.10.19 interpreter at /home/ray/anaconda3/bin/python3\n     -.--ns INFO     gpi                                ../gpi/GpiCommon.cpp:74   in gpi_print_registered_impl       GPI: VPI support registered\n     0.00ns INFO     cocotb.initialize                  Seeding Python random module with 1789050629\n     0.00ns INFO     cocotb.initialize                  Initialized cocotb v2.1.0 from /home/ray/anaconda3/lib/python3.10/site-packages/cocotb\n     0.00ns INFO     cocotb.initialize                  Running on Verilator version 5.042 2025-11-02\n     0.00ns INFO     cocotb.regression                  Running tests\n     0.00ns INFO     cocotb.regression                  running test_top.run_axi_handshake_test (1/1)\n                                                            Single cocotb entry point for all UVM test classes.\n     0.00ns INFO     test                               Starting clock: period=10 ns, top_module=axi_handshake\n     0.00ns WARNING  py.warnings                        /workspace/generated/designs/axi_handshake/tb/test_top.py:85: DeprecationWarning: The 'units' argument has been renamed to 'unit'.\n                                                          clock = Clock(dut.clk, clock_period_ns, units=\"ns\")\n   100.00ns INFO     test                               Reset deasserted\n   100.00ns INFO     test                               ConfigDB populated: dut, dut_helper, clock_period=10, clk_name='clk', rst_name='rst_n', reset_polarity='active_low', ref_model=<module>\n   100.00ns INFO     test                               Launching UVM test: AllOnePayloadTest\n   100.00ns WARNING  py.warnings                        /workspace/generated/designs/axi_handshake/tb/test_top.py:130: RuntimeWarning: coroutine 'uvm_root.run_test' was never awaited\n                                                          await cocotb.triggers.with_timeout(\n   100.00ns WARNING  cocotb.regression                  test_top.run_axi_handshake_test failed\n                                                        Traceback (most recent call last):\n                                                          File \"/workspace/generated/designs/axi_handshake/tb/test_top.py\", line 130, in run_axi_handshake_test\n                                                            await cocotb.triggers.with_timeout(\n                                                        TypeError: with_timeout() got an unexpected keyword argument 'timeout'\n                                                        \n                                                        During handling of the above exception, another exception occurred:\n                                                        \n                                                        Traceback (most recent call last):\n                                                          File \"/workspace/generated/designs/axi_handshake/tb/test_top.py\", line 135, in run_axi_handshake_test\n                                                            except cocotb.result.SimTimeoutError:\n                                                        AttributeError: module 'cocotb' has no attribute 'result'\n   100.00ns INFO     cocotb.regression                  *****************************************************************************************\n                                                        ** TEST                             STATUS  SIM TIME (ns)  REAL TIME (s)  RATIO (ns/s) **\n                                                        *****************************************************************************************\n                                                        ** test_top.run_axi_handshake_test   FAIL         100.00           0.00     165539.34  **\n                                                        *****************************************************************************************\n                                                        ** TESTS=1 PASS=0 FAIL=1 SKIP=0                   100.00           0.00      78945.42  **\n                                                        *****************************************************************************************\n- :0: Verilog $finish\nmake: *** [/home/ray/anaconda3/lib/python3.10/site-packages/cocotb_tools/makefiles/simulators/Makefile.verilator:74: /workspace/generated/designs/axi_handshake/tb/.chia_sim/AllOnePayloadTest.xml] Error 1\n",
        "command": [
          "timeout",
          "--signal=TERM",
          "--kill-after=5",
          "60",
          "make",
          "-f",
          "/workspace/generated/designs/axi_handshake/tb/.chia_sim/Makefile",
          "SIM=verilator",
          "TOPLEVEL_LANG=verilog",
          "TOPLEVEL=axi_handshake",
          "COCOTB_TOPLEVEL=axi_handshake",
          "MODULE=test_top",
          "COCOTB_TEST_MODULES=test_top",
          "VERILOG_SOURCES=/workspace/benchmarks/axi_handshake/axi_handshake.sv",
          "SIM_BUILD=/workspace/generated/designs/axi_handshake/tb/.chia_sim/build/a97906fcf629",
          "COCOTB_RESULTS_FILE=/workspace/generated/designs/axi_handshake/tb/.chia_sim/AllOnePayloadTest.xml",
          "COCOTB_HDL_TIMEUNIT=1ns",
          "COCOTB_HDL_TIMEPRECISION=1ps",
          "BUILD_ARGS=-j 4"
        ],
        "test_name": "AllOnePayloadTest",
        "test_module": "test_top",
        "results_file": "/workspace/generated/designs/axi_handshake/tb/.chia_sim/AllOnePayloadTest.xml",
        "results_file_exists": true
      },
      "ProducerHoldsForeverTest": {
        "status": "runtime_error",
        "category": "runtime_error",
        "timed_out": false,
        "watchdog_expired": false,
        "returncode": 2,
        "counts": {
          "uvm_errors": 0,
          "uvm_fatals": 0,
          "uvm_warnings": 0,
          "scoreboard_mismatches": 0,
          "assertion_failures": 0
        },
        "clean_exit": false,
        "log": "rm -f /workspace/generated/designs/axi_handshake/tb/.chia_sim/ProducerHoldsForeverTest.xml\nrm -f /workspace/generated/designs/axi_handshake/tb/.chia_sim/ProducerHoldsForeverTest.xml\nCOCOTB_TEST_MODULES=test_top COCOTB_TESTCASE=  COCOTB_TOPLEVEL=axi_handshake TOPLEVEL_LANG=verilog       \\\n         /workspace/generated/designs/axi_handshake/tb/.chia_sim/build/a97906fcf629/Vtop     \n     -.--ns INFO     gpi                                ../gpi/GpiCommon.cpp:242  in gpi_load_users                  Loaded entry library: '/home/ray/anaconda3/lib/libpython3.10.so.1.0'\n     -.--ns INFO     gpi                                ../gpi/GpiCommon.cpp:233  in gpi_load_users                  Running entry func 'initialize' from loaded library '/home/ray/anaconda3/lib/python3.10/site-packages/cocotb/simulator.cpython-310-x86_64-linux-gnu.so'\n     -.--ns INFO     pygpi                              ..ib/pygpi/embed.cpp:114  in initialize                      Using Python 3.10.19 interpreter at /home/ray/anaconda3/bin/python3\n     -.--ns INFO     gpi                                ../gpi/GpiCommon.cpp:74   in gpi_print_registered_impl       GPI: VPI support registered\n     0.00ns INFO     cocotb.initialize                  Seeding Python random module with 1789050630\n     0.00ns INFO     cocotb.initialize                  Initialized cocotb v2.1.0 from /home/ray/anaconda3/lib/python3.10/site-packages/cocotb\n     0.00ns INFO     cocotb.initialize                  Running on Verilator version 5.042 2025-11-02\n     0.00ns INFO     cocotb.regression                  Running tests\n     0.00ns INFO     cocotb.regression                  running test_top.run_axi_handshake_test (1/1)\n                                                            Single cocotb entry point for all UVM test classes.\n     0.00ns INFO     test                               Starting clock: period=10 ns, top_module=axi_handshake\n     0.00ns WARNING  py.warnings                        /workspace/generated/designs/axi_handshake/tb/test_top.py:85: DeprecationWarning: The 'units' argument has been renamed to 'unit'.\n                                                          clock = Clock(dut.clk, clock_period_ns, units=\"ns\")\n   100.00ns INFO     test                               Reset deasserted\n   100.00ns INFO     test                               ConfigDB populated: dut, dut_helper, clock_period=10, clk_name='clk', rst_name='rst_n', reset_polarity='active_low', ref_model=<module>\n   100.00ns INFO     test                               Launching UVM test: ProducerHoldsForeverTest\n   100.00ns WARNING  py.warnings                        /workspace/generated/designs/axi_handshake/tb/test_top.py:130: RuntimeWarning: coroutine 'uvm_root.run_test' was never awaited\n                                                          await cocotb.triggers.with_timeout(\n   100.00ns WARNING  cocotb.regression                  test_top.run_axi_handshake_test failed\n                                                        Traceback (most recent call last):\n                                                          File \"/workspace/generated/designs/axi_handshake/tb/test_top.py\", line 130, in run_axi_handshake_test\n                                                            await cocotb.triggers.with_timeout(\n                                                        TypeError: with_timeout() got an unexpected keyword argument 'timeout'\n                                                        \n                                                        During handling of the above exception, another exception occurred:\n                                                        \n                                                        Traceback (most recent call last):\n                                                          File \"/workspace/generated/designs/axi_handshake/tb/test_top.py\", line 135, in run_axi_handshake_test\n                                                            except cocotb.result.SimTimeoutError:\n                                                        AttributeError: module 'cocotb' has no attribute 'result'\n   100.00ns INFO     cocotb.regression                  *****************************************************************************************\n                                                        ** TEST                             STATUS  SIM TIME (ns)  REAL TIME (s)  RATIO (ns/s) **\n                                                        *****************************************************************************************\n                                                        ** test_top.run_axi_handshake_test   FAIL         100.00           0.00     163631.31  **\n                                                        *****************************************************************************************\n                                                        ** TESTS=1 PASS=0 FAIL=1 SKIP=0                   100.00           0.00      79095.96  **\n                                                        *****************************************************************************************\n- :0: Verilog $finish\nmake: *** [/home/ray/anaconda3/lib/python3.10/site-packages/cocotb_tools/makefiles/simulators/Makefile.verilator:74: /workspace/generated/designs/axi_handshake/tb/.chia_sim/ProducerHoldsForeverTest.xml] Error 1\n",
        "command": [
          "timeout",
          "--signal=TERM",
          "--kill-after=5",
          "60",
          "make",
          "-f",
          "/workspace/generated/designs/axi_handshake/tb/.chia_sim/Makefile",
          "SIM=verilator",
          "TOPLEVEL_LANG=verilog",
          "TOPLEVEL=axi_handshake",
          "COCOTB_TOPLEVEL=axi_handshake",
          "MODULE=test_top",
          "COCOTB_TEST_MODULES=test_top",
          "VERILOG_SOURCES=/workspace/benchmarks/axi_handshake/axi_handshake.sv",
          "SIM_BUILD=/workspace/generated/designs/axi_handshake/tb/.chia_sim/build/a97906fcf629",
          "COCOTB_RESULTS_FILE=/workspace/generated/designs/axi_handshake/tb/.chia_sim/ProducerHoldsForeverTest.xml",
          "COCOTB_HDL_TIMEUNIT=1ns",
          "COCOTB_HDL_TIMEPRECISION=1ps",
          "BUILD_ARGS=-j 4"
        ],
        "test_name": "ProducerHoldsForeverTest",
        "test_module": "test_top",
        "results_file": "/workspace/generated/designs/axi_handshake/tb/.chia_sim/ProducerHoldsForeverTest.xml",
        "results_file_exists": true
      },
      "RandomStimulusTest": {
        "status": "runtime_error",
        "category": "runtime_error",
        "timed_out": false,
        "watchdog_expired": false,
        "returncode": 2,
        "counts": {
          "uvm_errors": 0,
          "uvm_fatals": 0,
          "uvm_warnings": 0,
          "scoreboard_mismatches": 0,
          "assertion_failures": 0
        },
        "clean_exit": false,
        "log": "rm -f /workspace/generated/designs/axi_handshake/tb/.chia_sim/RandomStimulusTest.xml\nrm -f /workspace/generated/designs/axi_handshake/tb/.chia_sim/RandomStimulusTest.xml\nCOCOTB_TEST_MODULES=test_top COCOTB_TESTCASE=  COCOTB_TOPLEVEL=axi_handshake TOPLEVEL_LANG=verilog       \\\n         /workspace/generated/designs/axi_handshake/tb/.chia_sim/build/a97906fcf629/Vtop     \n     -.--ns INFO     gpi                                ../gpi/GpiCommon.cpp:242  in gpi_load_users                  Loaded entry library: '/home/ray/anaconda3/lib/libpython3.10.so.1.0'\n     -.--ns INFO     gpi                                ../gpi/GpiCommon.cpp:233  in gpi_load_users                  Running entry func 'initialize' from loaded library '/home/ray/anaconda3/lib/python3.10/site-packages/cocotb/simulator.cpython-310-x86_64-linux-gnu.so'\n     -.--ns INFO     pygpi                              ..ib/pygpi/embed.cpp:114  in initialize                      Using Python 3.10.19 interpreter at /home/ray/anaconda3/bin/python3\n     -.--ns INFO     gpi                                ../gpi/GpiCommon.cpp:74   in gpi_print_registered_impl       GPI: VPI support registered\n     0.00ns INFO     cocotb.initialize                  Seeding Python random module with 1789050630\n     0.00ns INFO     cocotb.initialize                  Initialized cocotb v2.1.0 from /home/ray/anaconda3/lib/python3.10/site-packages/cocotb\n     0.00ns INFO     cocotb.initialize                  Running on Verilator version 5.042 2025-11-02\n     0.00ns INFO     cocotb.regression                  Running tests\n     0.00ns INFO     cocotb.regression                  running test_top.run_axi_handshake_test (1/1)\n                                                            Single cocotb entry point for all UVM test classes.\n     0.00ns INFO     test                               Starting clock: period=10 ns, top_module=axi_handshake\n     0.00ns WARNING  py.warnings                        /workspace/generated/designs/axi_handshake/tb/test_top.py:85: DeprecationWarning: The 'units' argument has been renamed to 'unit'.\n                                                          clock = Clock(dut.clk, clock_period_ns, units=\"ns\")\n   100.00ns INFO     test                               Reset deasserted\n   100.00ns INFO     test                               ConfigDB populated: dut, dut_helper, clock_period=10, clk_name='clk', rst_name='rst_n', reset_polarity='active_low', ref_model=<module>\n   100.00ns INFO     test                               Launching UVM test: RandomStimulusTest\n   100.00ns WARNING  py.warnings                        /workspace/generated/designs/axi_handshake/tb/test_top.py:130: RuntimeWarning: coroutine 'uvm_root.run_test' was never awaited\n                                                          await cocotb.triggers.with_timeout(\n   100.00ns WARNING  cocotb.regression                  test_top.run_axi_handshake_test failed\n                                                        Traceback (most recent call last):\n                                                          File \"/workspace/generated/designs/axi_handshake/tb/test_top.py\", line 130, in run_axi_handshake_test\n                                                            await cocotb.triggers.with_timeout(\n                                                        TypeError: with_timeout() got an unexpected keyword argument 'timeout'\n                                                        \n                                                        During handling of the above exception, another exception occurred:\n                                                        \n                                                        Traceback (most recent call last):\n                                                          File \"/workspace/generated/designs/axi_handshake/tb/test_top.py\", line 135, in run_axi_handshake_test\n                                                            except cocotb.result.SimTimeoutError:\n                                                        AttributeError: module 'cocotb' has no attribute 'result'\n   100.00ns INFO     cocotb.regression                  *****************************************************************************************\n                                                        ** TEST                             STATUS  SIM TIME (ns)  REAL TIME (s)  RATIO (ns/s) **\n                                                        *****************************************************************************************\n                                                        ** test_top.run_axi_handshake_test   FAIL         100.00           0.00     166629.73  **\n                                                        *****************************************************************************************\n                                                        ** TESTS=1 PASS=0 FAIL=1 SKIP=0                   100.00           0.00      81237.80  **\n                                                        *****************************************************************************************\n- :0: Verilog $finish\nmake: *** [/home/ray/anaconda3/lib/python3.10/site-packages/cocotb_tools/makefiles/simulators/Makefile.verilator:74: /workspace/generated/designs/axi_handshake/tb/.chia_sim/RandomStimulusTest.xml] Error 1\n",
        "command": [
          "timeout",
          "--signal=TERM",
          "--kill-after=5",
          "60",
          "make",
          "-f",
          "/workspace/generated/designs/axi_handshake/tb/.chia_sim/Makefile",
          "SIM=verilator",
          "TOPLEVEL_LANG=verilog",
          "TOPLEVEL=axi_handshake",
          "COCOTB_TOPLEVEL=axi_handshake",
          "MODULE=test_top",
          "COCOTB_TEST_MODULES=test_top",
          "VERILOG_SOURCES=/workspace/benchmarks/axi_handshake/axi_handshake.sv",
          "SIM_BUILD=/workspace/generated/designs/axi_handshake/tb/.chia_sim/build/a97906fcf629",
          "COCOTB_RESULTS_FILE=/workspace/generated/designs/axi_handshake/tb/.chia_sim/RandomStimulusTest.xml",
          "COCOTB_HDL_TIMEUNIT=1ns",
          "COCOTB_HDL_TIMEPRECISION=1ps",
          "BUILD_ARGS=-j 4"
        ],
        "test_name": "RandomStimulusTest",
        "test_module": "test_top",
        "results_file": "/workspace/generated/designs/axi_handshake/tb/.chia_sim/RandomStimulusTest.xml",
        "results_file_exists": true
      }
    }
  }
}

Diagnosing TB failure (attempt 2)...
[36m(simulate pid=6864)[0m Wrote /workspace/generated/designs/axi_handshake/results/tb_validation_iteration_1.json
[36m(_ToolServerActor pid=26472)[0m INFO:     Started server process [26472]
[36m(_ToolServerActor pid=26472)[0m INFO:     Waiting for application startup.
[36m(_ToolServerActor pid=26472)[0m INFO:     Application startup complete.
[36m(_ToolServerActor pid=26472)[0m INFO:     Uvicorn running on http://172.16.36.107:8000 (Press CTRL+C to quit)
verification_improvement_workspace started at 172.16.36.107:8000 on node 5c1de07b5617802463723b50cbf7fef2241c39d050d52bc1bb56b37a
OpenCodeLLM is experimental: only exercised by unit tests so far, not validated in production.
[36m(_ToolServerActor pid=26472)[0m INFO:     172.16.36.107:41088 - "POST /verification_improvement_workspace/mcp HTTP/1.1" 200 OK
[36m(_ToolServerActor pid=26472)[0m INFO:     172.16.36.107:41088 - "POST /verification_improvement_workspace/mcp HTTP/1.1" 202 Accepted
[36m(_ToolServerActor pid=26472)[0m INFO:     172.16.36.107:41088 - "GET /verification_improvement_workspace/mcp HTTP/1.1" 200 OK
[36m(_ToolServerActor pid=26472)[0m INFO:     172.16.36.107:41102 - "POST /verification_improvement_workspace/mcp HTTP/1.1" 200 OK
[36m(_ToolServerActor pid=26472)[0m INFO:     Shutting down

⚠ Invalid TB update plan YAML:
version must be "1.0".
TB diagnosis YAML repair attempt 1/2...
[36m(_ToolServerActor pid=26472)[0m INFO:     Waiting for application shutdown.
[36m(_ToolServerActor pid=26472)[0m INFO:     Application shutdown complete.
[36m(_ToolServerActor pid=26472)[0m INFO:     Finished server process [26472]

⚠ Invalid TB update plan YAML:
version must be "1.0".
TB diagnosis YAML repair attempt 2/2...
Traceback (most recent call last):
  File "/home/auralab/miniconda3/envs/chia_env/lib/python3.10/runpy.py", line 196, in _run_module_as_main
    return _run_code(code, main_globals, None,
  File "/home/auralab/miniconda3/envs/chia_env/lib/python3.10/runpy.py", line 86, in _run_code
    exec(code, run_globals)
  File "/home/auralab/nwark/chia_sept7_for_multi_rtl_with_multi_llm/for_multiple_rtl_updation_generalized/pipeline/run14.py", line 4985, in <module>
    main()
  File "/home/auralab/nwark/chia_sept7_for_multi_rtl_with_multi_llm/for_multiple_rtl_updation_generalized/pipeline/run14.py", line 4925, in main
    generate_and_validate_uvm(llm, bash, canonical_plan)
  File "/home/auralab/nwark/chia_sept7_for_multi_rtl_with_multi_llm/for_multiple_rtl_updation_generalized/pipeline/run14.py", line 2925, in generate_and_validate_uvm
    candidate_plan = ensure_valid_tb_update_plan_yaml(
  File "/home/auralab/nwark/chia_sept7_for_multi_rtl_with_multi_llm/for_multiple_rtl_updation_generalized/pipeline/run14.py", line 2013, in ensure_valid_tb_update_plan_yaml
    raise RuntimeError(
RuntimeError: Unable to produce a valid tb_update_plan.yaml after 2 repair attempts.

Last validation error:
version must be "1.0".
------------------------------------------------------------------------------
run14 exit status: 1
Time: 2026-09-10T20:04:10+05:30
Status: PROCESS FAILURE
Supervisor: restarting after 10s.
------------------------------------------------------------------------------

