make: Entering directory '/root/OpenROAD-flow-scripts/flow'
/root/OpenROAD-flow-scripts/flow/scripts/flow.sh 3_1_place_gp_skip_io global_place_skip_io
Running global_place_skip_io.tcl, stage 3_1_place_gp_skip_io
read_liberty /root/OpenROAD-flow-scripts/flow/platforms/sky130hd/lib/sky130_fd_sc_hd__tt_025C_1v80.lib
read_db ./results/sky130hd/chia_sha256_benchmark_corrupted/slot0/2_floorplan.odb
read_sdc ./results/sky130hd/chia_sha256_benchmark_corrupted/slot0/2_floorplan.sdc
source /root/OpenROAD-flow-scripts/flow/platforms/sky130hd/setRC.tcl
global_placement -skip_io -density 0.6 -pad_left 0 -pad_right 0
[INFO GPL-0001] ---- Initialize GPL Main Data Structures
[INFO GPL-0002] DBU: 1000
[INFO GPL-0003] SiteSize: (  0.460  2.720 ) um
[INFO GPL-0004] CoreBBox: (  1.380  2.720 ) ( 550.160 549.440 ) um
[INFO GPL-0016] Core area:                  300029.002 um^2
[INFO GPL-0036] Movable instances area:     167073.987 um^2
[INFO GPL-0037] Total instances area:       172026.237 um^2
[INFO GPL-0035] Pin density area adjust:      6386.005 um^2
[INFO GPL-0032] ---- Initialize Region: Top-level
[INFO GPL-0006] Number of instances:             19128
[INFO GPL-0007] Movable instances:               15170
[INFO GPL-0008] Fixed instances:                  3958
[INFO GPL-0009] Dummy instances:                     0
[INFO GPL-0010] Number of nets:                  16017
[INFO GPL-0011] Number of pins:                  60453
[INFO GPL-0012] Die BBox:       (  0.000  0.000 ) ( 551.270 551.270 ) um
[INFO GPL-0013] Placement BBox: (  1.380  2.720 ) ( 550.160 549.440 ) um
[INFO GPL-0014] Region name: top-level.
[INFO GPL-0015] Region area:                300029.002 um^2
[INFO GPL-0017] Fixed instances area:         4952.250 um^2
[INFO GPL-0018] Movable instances area:     173459.992 um^2
[INFO GPL-0019] Utilization:                    58.785 %
[INFO GPL-0020] Standard cells area:        173459.992 um^2
[INFO GPL-0021] Large instances area:            0.000 um^2
[INFO GPL-0005] ---- Execute Conjugate Gradient Initial Placement.
[INFO GPL-0051] Source of initial instance position counters:
	Odb location = 0	Core center = 15170	Region center = 0
[INFO GPL-0033] ---- Initialize Nesterov Region: Top-level
[INFO GPL-0023] Placement target density:       0.6000
[INFO GPL-0024] Movable insts average area:     11.434 um^2
[INFO GPL-0025] Ideal bin area:                 19.057 um^2
[INFO GPL-0026] Ideal bin count:                 15743
[INFO GPL-0027] Total bin area:             300029.002 um^2
[INFO GPL-0028] Bin count (X, Y):          64 ,     64
[INFO GPL-0029] Bin size (W * H):       8.575 *  8.543 um
[INFO GPL-0030] Number of bins:                   4096
[INFO GPL-0084] ---- Execute Nesterov Global Placement.
[INFO GPL-0031] HPWL: Half-Perimeter Wirelength
Iteration | Overflow |     HPWL (um) |  HPWL(%) |   Penalty | Group
---------------------------------------------------------------
        0 |   0.9989 |  4.314180e+04 |   +0.00% |  3.73e-15 |      
       10 |   0.9979 |  3.148962e+04 |  -27.01% |  6.07e-15 |      
       20 |   0.9979 |  3.126764e+04 |   -0.70% |  9.88e-15 |      
       30 |   0.9979 |  3.127530e+04 |   +0.02% |  1.61e-14 |      
       40 |   0.9979 |  3.126342e+04 |   -0.04% |  2.62e-14 |      
       50 |   0.9979 |  3.126951e+04 |   +0.02% |  4.27e-14 |      
       60 |   0.9979 |  3.131908e+04 |   +0.16% |  6.96e-14 |      
       70 |   0.9979 |  3.141350e+04 |   +0.30% |  1.13e-13 |      
       80 |   0.9979 |  3.159931e+04 |   +0.59% |  1.85e-13 |      
       90 |   0.9978 |  3.206020e+04 |   +1.46% |  3.01e-13 |      
      100 |   0.9974 |  3.335560e+04 |   +4.04% |  4.90e-13 |      
      110 |   0.9956 |  3.741206e+04 |  +12.16% |  7.98e-13 |      
      120 |   0.9912 |  4.784130e+04 |  +27.88% |  1.30e-12 |      
      130 |   0.9872 |  7.028442e+04 |  +46.91% |  2.11e-12 |      
      140 |   0.9795 |  1.028245e+05 |  +46.30% |  3.42e-12 |      
      150 |   0.9733 |  1.227133e+05 |  +19.34% |  5.56e-12 |      
      160 |   0.9657 |  1.442823e+05 |  +17.58% |  9.04e-12 |      
      170 |   0.9502 |  1.794203e+05 |  +24.35% |  1.47e-11 |      
      180 |   0.9338 |  2.144577e+05 |  +19.53% |  2.38e-11 |      
      190 |   0.9138 |  2.525109e+05 |  +17.74% |  3.86e-11 |      
      200 |   0.8880 |  2.963330e+05 |  +17.35% |  6.26e-11 |      
      210 |   0.8577 |  3.405266e+05 |  +14.91% |  1.01e-10 |      
      220 |   0.8208 |  3.853375e+05 |  +13.16% |  1.65e-10 |      
      230 |   0.7805 |  4.309202e+05 |  +11.83% |  2.67e-10 |      
      240 |   0.7381 |  4.790305e+05 |  +11.16% |  4.32e-10 |      
      250 |   0.6926 |  5.273913e+05 |  +10.10% |  7.00e-10 |      
      260 |   0.6418 |  5.714727e+05 |   +8.36% |  1.13e-09 |      
      270 |   0.5840 |  6.126801e+05 |   +7.21% |  1.84e-09 |      
      280 |   0.5203 |  6.521013e+05 |   +6.43% |  2.98e-09 |      
      290 |   0.4603 |  6.907385e+05 |   +5.93% |  4.84e-09 |      
      300 |   0.4139 |  7.210280e+05 |   +4.39% |  7.86e-09 |      
      310 |   0.3681 |  7.289754e+05 |   +1.10% |  1.28e-08 |      
      320 |   0.3234 |  7.379794e+05 |   +1.24% |  1.98e-08 |      
      330 |   0.2973 |  7.360740e+05 |   -0.26% |  2.91e-08 |      
      340 |   0.2587 |  7.382506e+05 |   +0.30% |  4.29e-08 |      
      350 |   0.2285 |  7.399615e+05 |   +0.23% |  6.32e-08 |      
      360 |   0.2027 |  7.410353e+05 |   +0.15% |  9.31e-08 |      
      370 |   0.1741 |  7.416881e+05 |   +0.09% |  1.37e-07 |      
      380 |   0.1485 |  7.418427e+05 |   +0.02% |  2.02e-07 |      
      390 |   0.1245 |  7.418685e+05 |   +0.00% |  2.98e-07 |      
      400 |   0.1032 |  7.420866e+05 |   +0.03% |  4.38e-07 |      
      402 |   0.0996 |  7.421904e+05 |          |  4.93e-07 |      
---------------------------------------------------------------
[INFO GPL-1001] Global placement finished at iteration 402
[INFO GPL-1002] Placed Cell Area            173459.9921
[INFO GPL-1003] Available Free Area         295076.7520
[INFO GPL-1004] Minimum Feasible Density        0.5900 (cell_area / free_area)
[INFO GPL-1006]   Suggested Target Densities:
[INFO GPL-1007]     - For 90% usage of free space: 0.6532
[INFO GPL-1008]     - For 80% usage of free space: 0.7348
[INFO GPL-1014] Final placement area: 173459.99 (+0.00%)
Design area 172026 um^2 57% utilization.
write_db ./results/sky130hd/chia_sha256_benchmark_corrupted/slot0/3_1_place_gp_skip_io.odb
Log                       Ext     Elapsed/s Peak Memory/MB sha1sum result [0:20)
3_1_place_gp_skip_io      .odb            1            172 1dc6dd460c60bf47dca7
/root/OpenROAD-flow-scripts/flow/scripts/flow.sh 3_2_place_iop io_placement
Running io_placement.tcl, stage 3_2_place_iop
read_liberty /root/OpenROAD-flow-scripts/flow/platforms/sky130hd/lib/sky130_fd_sc_hd__tt_025C_1v80.lib
read_db ./results/sky130hd/chia_sha256_benchmark_corrupted/slot0/3_1_place_gp_skip_io.odb
read_sdc ./results/sky130hd/chia_sha256_benchmark_corrupted/slot0/2_floorplan.sdc
source /root/OpenROAD-flow-scripts/flow/platforms/sky130hd/setRC.tcl
place_pins -hor_layers met3 -ver_layers met2
Found 0 macro blocks.
Using 2 tracks default min distance between IO pins.
[INFO PPL-0001] Number of available slots 1996
[INFO PPL-0002] Number of I/O             772
[INFO PPL-0003] Number of I/O w/sink      772
[INFO PPL-0004] Number of I/O w/o sink    0
[INFO PPL-0005] Slots per section         200
[INFO PPL-0008] Successfully assigned pins to sections.
[INFO PPL-0012] I/O nets HPWL: 79650.11 um.
Design area 172026 um^2 57% utilization.
write_db ./results/sky130hd/chia_sha256_benchmark_corrupted/slot0/3_2_place_iop.odb
Log                       Ext     Elapsed/s Peak Memory/MB sha1sum result [0:20)
3_2_place_iop             .odb            0            155 f242ce5f139d37836189
/root/OpenROAD-flow-scripts/flow/scripts/flow.sh 3_3_place_gp global_place
Running global_place.tcl, stage 3_3_place_gp
read_liberty /root/OpenROAD-flow-scripts/flow/platforms/sky130hd/lib/sky130_fd_sc_hd__tt_025C_1v80.lib
read_db ./results/sky130hd/chia_sha256_benchmark_corrupted/slot0/3_2_place_iop.odb
read_sdc ./results/sky130hd/chia_sha256_benchmark_corrupted/slot0/2_floorplan.sdc
source /root/OpenROAD-flow-scripts/flow/platforms/sky130hd/setRC.tcl
[INFO RSZ-0026] Removed 1552 buffers.
Perform port buffering...
[INFO RSZ-0027] Inserted 514 sky130_fd_sc_hd__clkdlybuf4s50_1 input buffers.
[INFO RSZ-0028] Inserted 256 sky130_fd_sc_hd__clkdlybuf4s50_1 output buffers.
global_placement -density 0.6 -pad_left 0 -pad_right 0 -routability_driven -timing_driven -force_center_initial_place -min_phi_coef 0.95 -max_phi_coef 1.05
[INFO GPL-0001] ---- Initialize GPL Main Data Structures
[INFO GPL-0002] DBU: 1000
[INFO GPL-0003] SiteSize: (  0.460  2.720 ) um
[INFO GPL-0004] CoreBBox: (  1.380  2.720 ) ( 550.160 549.440 ) um
[INFO GPL-0016] Core area:                  300029.002 um^2
[INFO GPL-0036] Movable instances area:     167563.206 um^2
[INFO GPL-0037] Total instances area:       172515.456 um^2
[INFO GPL-0035] Pin density area adjust:      6879.865 um^2
[INFO GPL-0032] ---- Initialize Region: Top-level
[INFO GPL-0006] Number of instances:             18346
[INFO GPL-0007] Movable instances:               14388
[INFO GPL-0008] Fixed instances:                  3958
[INFO GPL-0009] Dummy instances:                     0
[INFO GPL-0010] Number of nets:                  15235
[INFO GPL-0011] Number of pins:                  59661
[INFO GPL-0012] Die BBox:       (  0.000  0.000 ) ( 551.270 551.270 ) um
[INFO GPL-0013] Placement BBox: (  1.380  2.720 ) ( 550.160 549.440 ) um
[INFO GPL-0014] Region name: top-level.
[INFO GPL-0015] Region area:                300029.002 um^2
[INFO GPL-0017] Fixed instances area:         4952.250 um^2
[INFO GPL-0018] Movable instances area:     174443.071 um^2
[INFO GPL-0019] Utilization:                    59.118 %
[INFO GPL-0020] Standard cells area:        174443.071 um^2
[INFO GPL-0021] Large instances area:            0.000 um^2
[INFO GPL-0005] ---- Execute Conjugate Gradient Initial Placement.
[INFO GPL-0051] Source of initial instance position counters:
	Odb location = 0	Core center = 14388	Region center = 0
[InitialPlace]  Iter: 1 conjugate gradient residual: 0.00229905 HPWL: 580485211
[InitialPlace]  Iter: 2 conjugate gradient residual: 0.00065785 HPWL: 394703489
[InitialPlace]  Iter: 3 conjugate gradient residual: 0.00042462 HPWL: 358821089
[InitialPlace]  Iter: 4 conjugate gradient residual: 0.00044153 HPWL: 343120863
[InitialPlace]  Iter: 5 conjugate gradient residual: 0.00036339 HPWL: 331128455
[InitialPlace]  Iter: 6 conjugate gradient residual: 0.00031658 HPWL: 323373086
[InitialPlace]  Iter: 7 conjugate gradient residual: 0.00011518 HPWL: 317501297
[InitialPlace]  Iter: 8 conjugate gradient residual: 0.00013653 HPWL: 313485968
[InitialPlace]  Iter: 9 conjugate gradient residual: 0.00014144 HPWL: 310524700
[InitialPlace]  Iter: 10 conjugate gradient residual: 0.00011017 HPWL: 308868400
[InitialPlace]  Iter: 11 conjugate gradient residual: 0.00006231 HPWL: 306962641
[InitialPlace]  Iter: 12 conjugate gradient residual: 0.00012936 HPWL: 306271997
[InitialPlace]  Iter: 13 conjugate gradient residual: 0.00006905 HPWL: 305092776
[InitialPlace]  Iter: 14 conjugate gradient residual: 0.00004695 HPWL: 304863247
[InitialPlace]  Iter: 15 conjugate gradient residual: 0.00002889 HPWL: 304006596
[InitialPlace]  Iter: 16 conjugate gradient residual: 0.00002148 HPWL: 304063664
[InitialPlace]  Iter: 17 conjugate gradient residual: 0.00000982 HPWL: 303364072
[INFO GPL-0033] ---- Initialize Nesterov Region: Top-level
[INFO GPL-0023] Placement target density:       0.6000
[INFO GPL-0024] Movable insts average area:     12.124 um^2
[INFO GPL-0025] Ideal bin area:                 20.207 um^2
[INFO GPL-0026] Ideal bin count:                 14847
[INFO GPL-0027] Total bin area:             300029.002 um^2
[INFO GPL-0028] Bin count (X, Y):          64 ,     64
[INFO GPL-0029] Bin size (W * H):       8.575 *  8.543 um
[INFO GPL-0030] Number of bins:                   4096
[INFO GPL-0084] ---- Execute Nesterov Global Placement.
[INFO GPL-0031] HPWL: Half-Perimeter Wirelength
Iteration | Overflow |     HPWL (um) |  HPWL(%) |   Penalty | Group
---------------------------------------------------------------
        0 |   0.9435 |  2.038207e+05 |   +0.00% |  1.82e-15 |      
       10 |   0.9003 |  2.404797e+05 |  +17.99% |  2.95e-15 |      
       20 |   0.8818 |  2.443974e+05 |   +1.63% |  4.81e-15 |      
       30 |   0.8738 |  2.449704e+05 |   +0.23% |  7.83e-15 |      
       40 |   0.8680 |  2.442408e+05 |   -0.30% |  1.28e-14 |      
       50 |   0.8623 |  2.441130e+05 |   -0.05% |  2.08e-14 |      
       60 |   0.8570 |  2.447771e+05 |   +0.27% |  3.39e-14 |      
       70 |   0.8521 |  2.457386e+05 |   +0.39% |  5.51e-14 |      
       80 |   0.8492 |  2.467813e+05 |   +0.42% |  8.98e-14 |      
       90 |   0.8462 |  2.477334e+05 |   +0.39% |  1.46e-13 |      
      100 |   0.8445 |  2.484030e+05 |   +0.27% |  2.38e-13 |      
      110 |   0.8434 |  2.488796e+05 |   +0.19% |  3.88e-13 |      
      120 |   0.8419 |  2.492836e+05 |   +0.16% |  6.32e-13 |      
      130 |   0.8406 |  2.497331e+05 |   +0.18% |  1.03e-12 |      
      140 |   0.8388 |  2.503369e+05 |   +0.24% |  1.68e-12 |      
      150 |   0.8368 |  2.512857e+05 |   +0.38% |  2.73e-12 |      
      160 |   0.8333 |  2.530064e+05 |   +0.68% |  4.45e-12 |      
      170 |   0.8277 |  2.561623e+05 |   +1.25% |  7.24e-12 |      
      180 |   0.8183 |  2.616686e+05 |   +2.15% |  1.18e-11 |      
      190 |   0.8039 |  2.705676e+05 |   +3.40% |  1.92e-11 |      
      200 |   0.7842 |  2.840000e+05 |   +4.96% |  3.12e-11 |      
      210 |   0.7593 |  3.029181e+05 |   +6.66% |  5.07e-11 |      
      220 |   0.7297 |  3.262894e+05 |   +7.72% |  8.24e-11 |      
      230 |   0.6960 |  3.516128e+05 |   +7.76% |  1.34e-10 |      
      240 |   0.6620 |  3.733843e+05 |   +6.19% |  2.18e-10 |      
[INFO GPL-0100] Timing-driven iteration 1/2, virtual: false.
[INFO GPL-0101]    Iter: 249, overflow: 0.634, keep resizer changes at: 1, HPWL: 386212791
Iteration |   Area    | Resized | Buffers | Nets repaired | Remaining
---------------------------------------------------------------------
        0 |     +0.0% |       0 |       0 |             0 |     15236
    final |     +4.0% |     140 |     250 |           138 |         0
---------------------------------------------------------------------
[INFO RSZ-0034] Found 141 slew violations.
[INFO RSZ-0036] Found 61 capacitance violations.
[INFO RSZ-0039] Resized 140 instances.
[INFO RSZ-0038] Inserted 250 buffers in 138 nets.
   Iter   |    Area   | Removed | Inserted |   Pins
          |           | Buffers | Buffers  | Remaining
-------------------------------------------------------
        0 |     +0.0% |       0 |        0 |     14719
     1400 |     +1.5% |       0 |      350 |     13319
     2800 |     +1.5% |      33 |      439 |     11919
     4200 |     +1.8% |      46 |      537 |     10519
     5600 |     +1.7% |      70 |      568 |      9119
     7000 |     +1.9% |      92 |      686 |      7719
     8400 |     +1.9% |     103 |      718 |      6319
     9800 |     +2.5% |     143 |      917 |      4919
    11200 |     +2.7% |     185 |     1057 |      3519
    12600 |     +2.9% |     236 |     1244 |      2119
    14000 |     +3.8% |     236 |     1472 |       719
    final |     +3.8% |     250 |     1498 |         0
-------------------------------------------------------
[INFO GPL-0106] Timing-driven: worst slack -6.263799e-10
[INFO GPL-0107] Timing-driven: repair_design delta area: 13428.995 um^2 (+7.70%)
[INFO GPL-0108] Timing-driven: repair_design, gpl delta gcells: 1498 (+10.41%)
[INFO GPL-0109] Timing-driven: repair_design, gcells created: 1748, deleted: 250
[INFO GPL-0110] Timing-driven: new target density: 0.6455102
Iteration | Overflow |     HPWL (um) |  HPWL(%) |   Penalty | Group
---------------------------------------------------------------
      250 |   0.6205 |  4.392099e+05 |  +17.63% |  3.52e-10 |      
[INFO GPL-0038] Routability snapshot saved at iter = 255
      254 |   0.6000 |  4.688496e+05 |          |           |      
      260 |   0.5830 |  4.801934e+05 |   +9.33% |  5.71e-10 |      
      270 |   0.5724 |  4.824906e+05 |   +0.48% |  9.29e-10 |      
      280 |   0.5354 |  4.957864e+05 |   +2.76% |  1.51e-09 |      
      290 |   0.4964 |  4.963889e+05 |   +0.12% |  2.46e-09 |      
      300 |   0.4631 |  4.931191e+05 |   -0.66% |  4.01e-09 |      
      310 |   0.4225 |  4.984411e+05 |   +1.08% |  6.52e-09 |      
      320 |   0.3842 |  4.991850e+05 |   +0.15% |  1.06e-08 |      
      330 |   0.3436 |  4.979602e+05 |   -0.25% |  1.73e-08 |      
      340 |   0.3042 |  4.934963e+05 |   -0.90% |  2.55e-08 |      
[INFO GPL-0040] Routability iteration: 1
[WARNING GRT-0281] Net clk has a large fanout of 2569 terminals.
[INFO GPL-0041] Total routing overflow: 41.5973
[INFO GPL-0042] Number of overflowed tiles: 390 (6.25%)
[INFO GPL-0043] Average top 0.5% routing congestion: 1.3275
[INFO GPL-0044] Average top 1.0% routing congestion: 1.2791
[INFO GPL-0045] Average top 2.0% routing congestion: 1.2216
[INFO GPL-0046] Average top 5.0% routing congestion: 1.1297
[INFO GPL-0047] Routability iteration weighted routing congestion: 1.3033
[INFO GPL-0048] Routing congestion (1.3033) lower than previous minimum (1e+30). Updating minimum.
[INFO GPL-0086] Inflated area:                8046.775 um^2 (+4.28%)
[INFO GPL-0052] Placement target density:       0.6455
[INFO GPL-0076] Removing fillers, count: Before: 206, After: 0 (-100.00%)
[INFO GPL-0077] Filler area (um^2)     : Before: 2602.990, After: 0.000 (-100.00%)
[INFO GPL-0078] Removed fillers count: 206, area removed: 2602.947 um^2. Remaining area to be compensated by modifying density: 5443.828 um^2
[INFO GPL-0079] New target density: 0.6639589
[INFO GPL-0058] White space area:           295076.752 um^2 (+0.00%)
[INFO GPL-0059] Movable instances area:     195918.840 um^2 (+2.86%)
[INFO GPL-0060] Total filler area:               0.000 um^2 (-100.00%)
[INFO GPL-0061] Total non-inflated area:    195918.841 um^2 (+2.86%)
[INFO GPL-0062] Total inflated area:        203965.616 um^2 (+2.74%)
[INFO GPL-0063] New Target Density:             0.6640
[INFO GPL-0087] Routability end iteration: increase inflation and revert back to snapshot.
Iteration | Overflow |     HPWL (um) |  HPWL(%) |   Penalty | Group
---------------------------------------------------------------
      350 |   0.5871 |  4.820853e+05 |   -2.31% |  5.87e-10 |      
      360 |   0.5735 |  4.882865e+05 |   +1.29% |  8.64e-10 |      
      370 |   0.5413 |  4.994994e+05 |   +2.30% |  1.27e-09 |      
      380 |   0.5141 |  4.996414e+05 |   +0.03% |  1.87e-09 |      
      390 |   0.4887 |  4.968243e+05 |   -0.56% |  2.76e-09 |      
      400 |   0.4584 |  4.982678e+05 |   +0.29% |  4.06e-09 |      
      410 |   0.4286 |  5.013466e+05 |   +0.62% |  5.98e-09 |      
      420 |   0.3952 |  5.030747e+05 |   +0.34% |  8.81e-09 |      
      430 |   0.3654 |  5.011704e+05 |   -0.38% |  1.30e-08 |      
      440 |   0.3304 |  4.997204e+05 |   -0.29% |  1.91e-08 |      
      450 |   0.2989 |  4.993888e+05 |   -0.07% |  2.82e-08 |      
[INFO GPL-0040] Routability iteration: 2
[INFO GPL-0041] Total routing overflow: 21.1167
[INFO GPL-0042] Number of overflowed tiles: 256 (4.10%)
[INFO GPL-0043] Average top 0.5% routing congestion: 1.2358
[INFO GPL-0044] Average top 1.0% routing congestion: 1.1907
[INFO GPL-0045] Average top 2.0% routing congestion: 1.1400
[INFO GPL-0046] Average top 5.0% routing congestion: 1.0656
[INFO GPL-0047] Routability iteration weighted routing congestion: 1.2132
[INFO GPL-0048] Routing congestion (1.2132) lower than previous minimum (1.303). Updating minimum.
[INFO GPL-0086] Inflated area:                3252.346 um^2 (+1.66%)
[INFO GPL-0052] Placement target density:       0.6640
[INFO GPL-0076] Removing fillers, count: Before: 0, After: 0 (+0.00%)
[INFO GPL-0077] Filler area (um^2)     : Before: 0.000, After: 0.000 (+0.00%)
[INFO GPL-0078] Removed fillers count: 0, area removed: 0.000 um^2. Remaining area to be compensated by modifying density: 3252.346 um^2
[INFO GPL-0079] New target density: 0.67498094
[INFO GPL-0058] White space area:           295076.752 um^2 (+0.00%)
[INFO GPL-0059] Movable instances area:     199171.195 um^2 (+1.66%)
[INFO GPL-0060] Total filler area:               0.000 um^2 (+0.00%)
[INFO GPL-0061] Total non-inflated area:    199171.187 um^2 (+1.66%)
[INFO GPL-0062] Total inflated area:        202423.533 um^2 (+1.63%)
[INFO GPL-0063] New Target Density:             0.6750
[INFO GPL-0087] Routability end iteration: increase inflation and revert back to snapshot.
Iteration | Overflow |     HPWL (um) |  HPWL(%) |   Penalty | Group
---------------------------------------------------------------
      460 |   0.5856 |  4.824842e+05 |   -3.39% |  6.34e-10 |      
      470 |   0.5658 |  4.928301e+05 |   +2.14% |  9.33e-10 |      
      480 |   0.5351 |  5.012881e+05 |   +1.72% |  1.37e-09 |      
      490 |   0.5090 |  5.006430e+05 |   -0.13% |  2.02e-09 |      
      500 |   0.4811 |  4.991508e+05 |   -0.30% |  2.98e-09 |      
      510 |   0.4520 |  5.004176e+05 |   +0.25% |  4.39e-09 |      
      520 |   0.4220 |  5.041698e+05 |   +0.75% |  6.46e-09 |      
      530 |   0.3902 |  5.046839e+05 |   +0.10% |  9.52e-09 |      
      540 |   0.3569 |  5.034926e+05 |   -0.24% |  1.40e-08 |      
      550 |   0.3253 |  5.014540e+05 |   -0.40% |  2.07e-08 |      
[INFO GPL-0040] Routability iteration: 3
[INFO GPL-0041] Total routing overflow: 18.5463
[INFO GPL-0042] Number of overflowed tiles: 266 (4.26%)
[INFO GPL-0043] Average top 0.5% routing congestion: 1.1865
[INFO GPL-0044] Average top 1.0% routing congestion: 1.1533
[INFO GPL-0045] Average top 2.0% routing congestion: 1.1179
[INFO GPL-0046] Average top 5.0% routing congestion: 1.0578
[INFO GPL-0047] Routability iteration weighted routing congestion: 1.1699
[INFO GPL-0048] Routing congestion (1.1699) lower than previous minimum (1.213). Updating minimum.
[INFO GPL-0086] Inflated area:                2707.323 um^2 (+1.36%)
[INFO GPL-0052] Placement target density:       0.6750
[INFO GPL-0076] Removing fillers, count: Before: 0, After: 0 (+0.00%)
[INFO GPL-0077] Filler area (um^2)     : Before: 0.000, After: 0.000 (+0.00%)
[INFO GPL-0078] Removed fillers count: 0, area removed: 0.000 um^2. Remaining area to be compensated by modifying density: 2707.323 um^2
[INFO GPL-0079] New target density: 0.6841559
[INFO GPL-0058] White space area:           295076.752 um^2 (+0.00%)
[INFO GPL-0059] Movable instances area:     201878.503 um^2 (+1.36%)
[INFO GPL-0060] Total filler area:               0.000 um^2 (+0.00%)
[INFO GPL-0061] Total non-inflated area:    201878.510 um^2 (+1.36%)
[INFO GPL-0062] Total inflated area:        204585.833 um^2 (+1.34%)
[INFO GPL-0063] New Target Density:             0.6842
[INFO GPL-0087] Routability end iteration: increase inflation and revert back to snapshot.
Iteration | Overflow |     HPWL (um) |  HPWL(%) |   Penalty | Group
---------------------------------------------------------------
      560 |   0.5993 |  4.795665e+05 |   -4.36% |  4.83e-10 |      
      570 |   0.5836 |  4.839509e+05 |   +0.91% |  7.12e-10 |      
      580 |   0.5543 |  4.980777e+05 |   +2.92% |  1.05e-09 |      
      590 |   0.5261 |  5.027351e+05 |   +0.94% |  1.54e-09 |      
      600 |   0.5008 |  5.013160e+05 |   -0.28% |  2.27e-09 |      
      610 |   0.4724 |  5.009961e+05 |   -0.06% |  3.35e-09 |      
      620 |   0.4407 |  5.031206e+05 |   +0.42% |  4.93e-09 |      
      630 |   0.4121 |  5.065139e+05 |   +0.67% |  7.26e-09 |      
      640 |   0.3812 |  5.061489e+05 |   -0.07% |  1.07e-08 |      
      650 |   0.3468 |  5.048092e+05 |   -0.26% |  1.58e-08 |      
      660 |   0.3145 |  5.033700e+05 |   -0.29% |  2.32e-08 |      
[INFO GPL-0040] Routability iteration: 4
[INFO GPL-0041] Total routing overflow: 16.7864
[INFO GPL-0042] Number of overflowed tiles: 249 (3.99%)
[INFO GPL-0043] Average top 0.5% routing congestion: 1.1775
[INFO GPL-0044] Average top 1.0% routing congestion: 1.1464
[INFO GPL-0045] Average top 2.0% routing congestion: 1.1104
[INFO GPL-0046] Average top 5.0% routing congestion: 1.0511
[INFO GPL-0047] Routability iteration weighted routing congestion: 1.1619
[INFO GPL-0048] Routing congestion (1.1619) lower than previous minimum (1.17). Updating minimum.
[INFO GPL-0086] Inflated area:                2592.425 um^2 (+1.28%)
[INFO GPL-0052] Placement target density:       0.6842
[INFO GPL-0076] Removing fillers, count: Before: 0, After: 0 (+0.00%)
[INFO GPL-0077] Filler area (um^2)     : Before: 0.000, After: 0.000 (+0.00%)
[INFO GPL-0078] Removed fillers count: 0, area removed: 0.000 um^2. Remaining area to be compensated by modifying density: 2592.425 um^2
[INFO GPL-0079] New target density: 0.6929415
[INFO GPL-0058] White space area:           295076.752 um^2 (+0.00%)
[INFO GPL-0059] Movable instances area:     204470.927 um^2 (+1.28%)
[INFO GPL-0060] Total filler area:               0.000 um^2 (+0.00%)
[INFO GPL-0061] Total non-inflated area:    204470.935 um^2 (+1.28%)
[INFO GPL-0062] Total inflated area:        207063.360 um^2 (+1.27%)
[INFO GPL-0063] New Target Density:             0.6929
[INFO GPL-0087] Routability end iteration: increase inflation and revert back to snapshot.
Iteration | Overflow |     HPWL (um) |  HPWL(%) |   Penalty | Group
---------------------------------------------------------------
      670 |   0.5939 |  4.828698e+05 |   -4.07% |  5.22e-10 |      
      680 |   0.5799 |  4.868659e+05 |   +0.83% |  7.69e-10 |      
      690 |   0.5473 |  5.007482e+05 |   +2.85% |  1.13e-09 |      
      700 |   0.5206 |  5.034902e+05 |   +0.55% |  1.67e-09 |      
      710 |   0.4956 |  5.020803e+05 |   -0.28% |  2.45e-09 |      
      720 |   0.4656 |  5.026524e+05 |   +0.11% |  3.62e-09 |      
      730 |   0.4338 |  5.044908e+05 |   +0.37% |  5.33e-09 |      
      740 |   0.4048 |  5.076457e+05 |   +0.63% |  7.84e-09 |      
      750 |   0.3738 |  5.072981e+05 |   -0.07% |  1.16e-08 |      
      760 |   0.3400 |  5.057980e+05 |   -0.30% |  1.70e-08 |      
      770 |   0.3073 |  5.051452e+05 |   -0.13% |  2.51e-08 |      
[INFO GPL-0040] Routability iteration: 5
[INFO GPL-0041] Total routing overflow: 15.9208
[INFO GPL-0042] Number of overflowed tiles: 245 (3.93%)
[INFO GPL-0043] Average top 0.5% routing congestion: 1.1612
[INFO GPL-0044] Average top 1.0% routing congestion: 1.1353
[INFO GPL-0045] Average top 2.0% routing congestion: 1.1027
[INFO GPL-0046] Average top 5.0% routing congestion: 1.0488
[INFO GPL-0047] Routability iteration weighted routing congestion: 1.1483
[INFO GPL-0048] Routing congestion (1.1483) lower than previous minimum (1.162). Updating minimum.
[INFO GPL-0086] Inflated area:                2331.964 um^2 (+1.14%)
[INFO GPL-0052] Placement target density:       0.6929
[INFO GPL-0076] Removing fillers, count: Before: 0, After: 0 (+0.00%)
[INFO GPL-0077] Filler area (um^2)     : Before: 0.000, After: 0.000 (+0.00%)
[INFO GPL-0078] Removed fillers count: 0, area removed: 0.000 um^2. Remaining area to be compensated by modifying density: 2331.964 um^2
[INFO GPL-0079] New target density: 0.7008444
[INFO GPL-0058] White space area:           295076.752 um^2 (+0.00%)
[INFO GPL-0059] Movable instances area:     206802.895 um^2 (+1.14%)
[INFO GPL-0060] Total filler area:               0.000 um^2 (+0.00%)
[INFO GPL-0061] Total non-inflated area:    206802.899 um^2 (+1.14%)
[INFO GPL-0062] Total inflated area:        209134.863 um^2 (+1.13%)
[INFO GPL-0063] New Target Density:             0.7008
[INFO GPL-0087] Routability end iteration: increase inflation and revert back to snapshot.
Iteration | Overflow |     HPWL (um) |  HPWL(%) |   Penalty | Group
---------------------------------------------------------------
      780 |   0.5912 |  4.844854e+05 |   -4.09% |  5.64e-10 |      
      790 |   0.5740 |  4.906240e+05 |   +1.27% |  8.31e-10 |      
      800 |   0.5402 |  5.029451e+05 |   +2.51% |  1.22e-09 |      
      810 |   0.5134 |  5.041617e+05 |   +0.24% |  1.80e-09 |      
      820 |   0.4887 |  5.037267e+05 |   -0.09% |  2.65e-09 |      
      830 |   0.4585 |  5.040974e+05 |   +0.07% |  3.91e-09 |      
      840 |   0.4288 |  5.062332e+05 |   +0.42% |  5.75e-09 |      
      850 |   0.3989 |  5.091996e+05 |   +0.59% |  8.47e-09 |      
      860 |   0.3664 |  5.085707e+05 |   -0.12% |  1.25e-08 |      
      870 |   0.3320 |  5.073854e+05 |   -0.23% |  1.84e-08 |      
      880 |   0.2992 |  5.072112e+05 |   -0.03% |  2.71e-08 |      
[INFO GPL-0040] Routability iteration: 6
[INFO GPL-0041] Total routing overflow: 14.9499
[INFO GPL-0042] Number of overflowed tiles: 240 (3.85%)
[INFO GPL-0043] Average top 0.5% routing congestion: 1.1636
[INFO GPL-0044] Average top 1.0% routing congestion: 1.1335
[INFO GPL-0045] Average top 2.0% routing congestion: 1.0996
[INFO GPL-0046] Average top 5.0% routing congestion: 1.0453
[INFO GPL-0047] Routability iteration weighted routing congestion: 1.1486
[INFO GPL-0049] Routing congestion (1.1486) higher than minimum (1.1483). Consecutive non-improvement count: 1.
[INFO GPL-0086] Inflated area:                2309.679 um^2 (+1.12%)
[INFO GPL-0052] Placement target density:       0.7008
[INFO GPL-0076] Removing fillers, count: Before: 0, After: 0 (+0.00%)
[INFO GPL-0077] Filler area (um^2)     : Before: 0.000, After: 0.000 (+0.00%)
[INFO GPL-0078] Removed fillers count: 0, area removed: 0.000 um^2. Remaining area to be compensated by modifying density: 2309.679 um^2
[INFO GPL-0079] New target density: 0.7086718
[INFO GPL-0058] White space area:           295076.752 um^2 (+0.00%)
[INFO GPL-0059] Movable instances area:     209112.580 um^2 (+1.12%)
[INFO GPL-0060] Total filler area:               0.000 um^2 (+0.00%)
[INFO GPL-0061] Total non-inflated area:    209112.578 um^2 (+1.12%)
[INFO GPL-0062] Total inflated area:        211422.257 um^2 (+1.10%)
[INFO GPL-0063] New Target Density:             0.7087
[INFO GPL-0087] Routability end iteration: increase inflation and revert back to snapshot.
Iteration | Overflow |     HPWL (um) |  HPWL(%) |   Penalty | Group
---------------------------------------------------------------
      890 |   0.5874 |  4.853409e+05 |   -4.31% |  6.34e-10 |      
      900 |   0.5625 |  4.963501e+05 |   +2.27% |  9.33e-10 |      
      910 |   0.5308 |  5.050363e+05 |   +1.75% |  1.37e-09 |      
      920 |   0.5073 |  5.044932e+05 |   -0.11% |  2.02e-09 |      
      930 |   0.4804 |  5.054459e+05 |   +0.19% |  2.98e-09 |      
      940 |   0.4485 |  5.058269e+05 |   +0.08% |  4.39e-09 |      
      950 |   0.4204 |  5.088291e+05 |   +0.59% |  6.46e-09 |      
      960 |   0.3878 |  5.106873e+05 |   +0.37% |  9.52e-09 |      
      970 |   0.3564 |  5.099445e+05 |   -0.15% |  1.40e-08 |      
      980 |   0.3222 |  5.082476e+05 |   -0.33% |  2.07e-08 |      
[INFO GPL-0040] Routability iteration: 7
[INFO GPL-0041] Total routing overflow: 13.2104
[INFO GPL-0042] Number of overflowed tiles: 215 (3.44%)
[INFO GPL-0043] Average top 0.5% routing congestion: 1.1493
[INFO GPL-0044] Average top 1.0% routing congestion: 1.1218
[INFO GPL-0045] Average top 2.0% routing congestion: 1.0909
[INFO GPL-0046] Average top 5.0% routing congestion: 1.0378
[INFO GPL-0047] Routability iteration weighted routing congestion: 1.1355
[INFO GPL-0048] Routing congestion (1.1355) lower than previous minimum (1.148). Updating minimum.
[INFO GPL-0086] Inflated area:                2093.569 um^2 (+1.00%)
[INFO GPL-0052] Placement target density:       0.7087
[INFO GPL-0076] Removing fillers, count: Before: 0, After: 0 (+0.00%)
[INFO GPL-0077] Filler area (um^2)     : Before: 0.000, After: 0.000 (+0.00%)
[INFO GPL-0078] Removed fillers count: 0, area removed: 0.000 um^2. Remaining area to be compensated by modifying density: 2093.569 um^2
[INFO GPL-0079] New target density: 0.7157668
[INFO GPL-0058] White space area:           295076.752 um^2 (+0.00%)
[INFO GPL-0059] Movable instances area:     211206.144 um^2 (+1.00%)
[INFO GPL-0060] Total filler area:               0.000 um^2 (+0.00%)
[INFO GPL-0061] Total non-inflated area:    211206.147 um^2 (+1.00%)
[INFO GPL-0062] Total inflated area:        213299.716 um^2 (+0.99%)
[INFO GPL-0063] New Target Density:             0.7158
[INFO GPL-0087] Routability end iteration: increase inflation and revert back to snapshot.
Iteration | Overflow |     HPWL (um) |  HPWL(%) |   Penalty | Group
---------------------------------------------------------------
      990 |   0.6032 |  4.798698e+05 |   -5.58% |  4.83e-10 |      
     1000 |   0.5833 |  4.868401e+05 |   +1.45% |  7.12e-10 |      
     1010 |   0.5501 |  5.012291e+05 |   +2.96% |  1.05e-09 |      
     1020 |   0.5222 |  5.062330e+05 |   +1.00% |  1.54e-09 |      
     1030 |   0.5004 |  5.056180e+05 |   -0.12% |  2.27e-09 |      
     1040 |   0.4699 |  5.066731e+05 |   +0.21% |  3.35e-09 |      
     1050 |   0.4395 |  5.073774e+05 |   +0.14% |  4.93e-09 |      
     1060 |   0.4103 |  5.109425e+05 |   +0.70% |  7.26e-09 |      
     1070 |   0.3787 |  5.118106e+05 |   +0.17% |  1.07e-08 |      
     1080 |   0.3459 |  5.103759e+05 |   -0.28% |  1.57e-08 |      
     1090 |   0.3131 |  5.091899e+05 |   -0.23% |  2.32e-08 |      
[INFO GPL-0040] Routability iteration: 8
[INFO GPL-0041] Total routing overflow: 11.5064
[INFO GPL-0042] Number of overflowed tiles: 231 (3.70%)
[INFO GPL-0043] Average top 0.5% routing congestion: 1.1340
[INFO GPL-0044] Average top 1.0% routing congestion: 1.1087
[INFO GPL-0045] Average top 2.0% routing congestion: 1.0794
[INFO GPL-0046] Average top 5.0% routing congestion: 1.0333
[INFO GPL-0047] Routability iteration weighted routing congestion: 1.1213
[INFO GPL-0048] Routing congestion (1.1213) lower than previous minimum (1.136). Updating minimum.
[INFO GPL-0086] Inflated area:                1632.768 um^2 (+0.77%)
[INFO GPL-0052] Placement target density:       0.7158
[INFO GPL-0076] Removing fillers, count: Before: 0, After: 0 (+0.00%)
[INFO GPL-0077] Filler area (um^2)     : Before: 0.000, After: 0.000 (+0.00%)
[INFO GPL-0078] Removed fillers count: 0, area removed: 0.000 um^2. Remaining area to be compensated by modifying density: 1632.768 um^2
[INFO GPL-0079] New target density: 0.7213001
[INFO GPL-0058] White space area:           295076.752 um^2 (+0.00%)
[INFO GPL-0059] Movable instances area:     212838.908 um^2 (+0.77%)
[INFO GPL-0060] Total filler area:               0.000 um^2 (+0.00%)
[INFO GPL-0061] Total non-inflated area:    212838.915 um^2 (+0.77%)
[INFO GPL-0062] Total inflated area:        214471.683 um^2 (+0.77%)
[INFO GPL-0063] New Target Density:             0.7213
[INFO GPL-0087] Routability end iteration: increase inflation and revert back to snapshot.
Iteration | Overflow |     HPWL (um) |  HPWL(%) |   Penalty | Group
---------------------------------------------------------------
     1100 |   0.5939 |  4.853504e+05 |   -4.68% |  5.43e-10 |      
     1110 |   0.5761 |  4.908332e+05 |   +1.13% |  7.99e-10 |      
     1120 |   0.5411 |  5.044472e+05 |   +2.77% |  1.18e-09 |      
     1130 |   0.5150 |  5.067226e+05 |   +0.45% |  1.73e-09 |      
     1140 |   0.4928 |  5.067169e+05 |   -0.00% |  2.55e-09 |      
     1150 |   0.4610 |  5.075352e+05 |   +0.16% |  3.76e-09 |      
     1160 |   0.4302 |  5.090363e+05 |   +0.30% |  5.53e-09 |      
     1170 |   0.4030 |  5.123239e+05 |   +0.65% |  8.15e-09 |      
     1180 |   0.3672 |  5.125983e+05 |   +0.05% |  1.20e-08 |      
     1190 |   0.3331 |  5.106231e+05 |   -0.39% |  1.77e-08 |      
     1200 |   0.3017 |  5.109143e+05 |   +0.06% |  2.61e-08 |      
[INFO GPL-0040] Routability iteration: 9
[INFO GPL-0041] Total routing overflow: 11.1228
[INFO GPL-0042] Number of overflowed tiles: 208 (3.33%)
[INFO GPL-0043] Average top 0.5% routing congestion: 1.1365
[INFO GPL-0044] Average top 1.0% routing congestion: 1.1100
[INFO GPL-0045] Average top 2.0% routing congestion: 1.0796
[INFO GPL-0046] Average top 5.0% routing congestion: 1.0303
[INFO GPL-0047] Routability iteration weighted routing congestion: 1.1233
[INFO GPL-0049] Routing congestion (1.1233) higher than minimum (1.1213). Consecutive non-improvement count: 1.
[INFO GPL-0086] Inflated area:                1721.901 um^2 (+0.81%)
[INFO GPL-0052] Placement target density:       0.7213
[INFO GPL-0076] Removing fillers, count: Before: 0, After: 0 (+0.00%)
[INFO GPL-0077] Filler area (um^2)     : Before: 0.000, After: 0.000 (+0.00%)
[INFO GPL-0078] Removed fillers count: 0, area removed: 0.000 um^2. Remaining area to be compensated by modifying density: 1721.901 um^2
[INFO GPL-0079] New target density: 0.7271356
[INFO GPL-0058] White space area:           295076.752 um^2 (+0.00%)
[INFO GPL-0059] Movable instances area:     214560.817 um^2 (+0.81%)
[INFO GPL-0060] Total filler area:               0.000 um^2 (+0.00%)
[INFO GPL-0061] Total non-inflated area:    214560.816 um^2 (+0.81%)
[INFO GPL-0062] Total inflated area:        216282.716 um^2 (+0.80%)
[INFO GPL-0063] New Target Density:             0.7271
[INFO GPL-0087] Routability end iteration: increase inflation and revert back to snapshot.
Iteration | Overflow |     HPWL (um) |  HPWL(%) |   Penalty | Group
---------------------------------------------------------------
     1210 |   0.5891 |  4.865151e+05 |   -4.78% |  6.09e-10 |      
     1220 |   0.5649 |  4.964605e+05 |   +2.04% |  8.97e-10 |      
     1230 |   0.5310 |  5.066841e+05 |   +2.06% |  1.32e-09 |      
     1240 |   0.5099 |  5.073163e+05 |   +0.12% |  1.94e-09 |      
     1250 |   0.4847 |  5.081262e+05 |   +0.16% |  2.86e-09 |      
     1260 |   0.4524 |  5.083166e+05 |   +0.04% |  4.22e-09 |      
     1270 |   0.4214 |  5.100053e+05 |   +0.33% |  6.22e-09 |      
     1280 |   0.3909 |  5.132105e+05 |   +0.63% |  9.15e-09 |      
     1290 |   0.3573 |  5.127666e+05 |   -0.09% |  1.35e-08 |      
     1300 |   0.3241 |  5.119708e+05 |   -0.16% |  1.99e-08 |      
[INFO GPL-0040] Routability iteration: 10
[INFO GPL-0041] Total routing overflow: 11.0324
[INFO GPL-0042] Number of overflowed tiles: 206 (3.30%)
[INFO GPL-0043] Average top 0.5% routing congestion: 1.1412
[INFO GPL-0044] Average top 1.0% routing congestion: 1.1105
[INFO GPL-0045] Average top 2.0% routing congestion: 1.0794
[INFO GPL-0046] Average top 5.0% routing congestion: 1.0303
[INFO GPL-0047] Routability iteration weighted routing congestion: 1.1258
[INFO GPL-0049] Routing congestion (1.1258) higher than minimum (1.1213). Consecutive non-improvement count: 2.
[INFO GPL-0086] Inflated area:                1515.831 um^2 (+0.71%)
[INFO GPL-0052] Placement target density:       0.7271
[INFO GPL-0076] Removing fillers, count: Before: 0, After: 0 (+0.00%)
[INFO GPL-0077] Filler area (um^2)     : Before: 0.000, After: 0.000 (+0.00%)
[INFO GPL-0078] Removed fillers count: 0, area removed: 0.000 um^2. Remaining area to be compensated by modifying density: 1515.831 um^2
[INFO GPL-0079] New target density: 0.7322727
[INFO GPL-0058] White space area:           295076.752 um^2 (+0.00%)
[INFO GPL-0059] Movable instances area:     216076.648 um^2 (+0.71%)
[INFO GPL-0060] Total filler area:               0.000 um^2 (+0.00%)
[INFO GPL-0061] Total non-inflated area:    216076.646 um^2 (+0.71%)
[INFO GPL-0062] Total inflated area:        217592.477 um^2 (+0.70%)
[INFO GPL-0063] New Target Density:             0.7323
[INFO GPL-0087] Routability end iteration: increase inflation and revert back to snapshot.
Iteration | Overflow |     HPWL (um) |  HPWL(%) |   Penalty | Group
---------------------------------------------------------------
     1310 |   0.6089 |  4.775599e+05 |   -6.72% |  4.65e-10 |      
     1320 |   0.5856 |  4.876784e+05 |   +2.12% |  6.85e-10 |      
     1330 |   0.5519 |  5.017866e+05 |   +2.89% |  1.01e-09 |      
     1340 |   0.5240 |  5.080094e+05 |   +1.24% |  1.48e-09 |      
     1350 |   0.5044 |  5.086194e+05 |   +0.12% |  2.18e-09 |      
     1360 |   0.4741 |  5.094876e+05 |   +0.17% |  3.22e-09 |      
     1370 |   0.4403 |  5.093896e+05 |   -0.02% |  4.74e-09 |      
     1380 |   0.4120 |  5.120874e+05 |   +0.53% |  6.98e-09 |      
     1390 |   0.3800 |  5.143594e+05 |   +0.44% |  1.03e-08 |      
     1400 |   0.3460 |  5.132118e+05 |   -0.22% |  1.51e-08 |      
     1410 |   0.3136 |  5.121433e+05 |   -0.21% |  2.23e-08 |      
[INFO GPL-0040] Routability iteration: 11
[INFO GPL-0041] Total routing overflow: 8.9036
[INFO GPL-0042] Number of overflowed tiles: 189 (3.03%)
[INFO GPL-0043] Average top 0.5% routing congestion: 1.1261
[INFO GPL-0044] Average top 1.0% routing congestion: 1.0967
[INFO GPL-0045] Average top 2.0% routing congestion: 1.0666
[INFO GPL-0046] Average top 5.0% routing congestion: 1.0214
[INFO GPL-0047] Routability iteration weighted routing congestion: 1.1114
[INFO GPL-0048] Routing congestion (1.1114) lower than previous minimum (1.121). Updating minimum.
[INFO GPL-0086] Inflated area:                1275.898 um^2 (+0.59%)
[INFO GPL-0052] Placement target density:       0.7323
[INFO GPL-0076] Removing fillers, count: Before: 0, After: 0 (+0.00%)
[INFO GPL-0077] Filler area (um^2)     : Before: 0.000, After: 0.000 (+0.00%)
[INFO GPL-0078] Removed fillers count: 0, area removed: 0.000 um^2. Remaining area to be compensated by modifying density: 1275.898 um^2
[INFO GPL-0079] New target density: 0.73659664
[INFO GPL-0058] White space area:           295076.752 um^2 (+0.00%)
[INFO GPL-0059] Movable instances area:     217352.552 um^2 (+0.59%)
[INFO GPL-0060] Total filler area:               0.000 um^2 (+0.00%)
[INFO GPL-0061] Total non-inflated area:    217352.545 um^2 (+0.59%)
[INFO GPL-0062] Total inflated area:        218628.443 um^2 (+0.59%)
[INFO GPL-0063] New Target Density:             0.7366
[INFO GPL-0087] Routability end iteration: increase inflation and revert back to snapshot.
Iteration | Overflow |     HPWL (um) |  HPWL(%) |   Penalty | Group
---------------------------------------------------------------
     1420 |   0.5970 |  4.846630e+05 |   -5.37% |  5.22e-10 |      
     1430 |   0.5786 |  4.907937e+05 |   +1.26% |  7.69e-10 |      
     1440 |   0.5423 |  5.054643e+05 |   +2.99% |  1.13e-09 |      
     1450 |   0.5167 |  5.087249e+05 |   +0.65% |  1.67e-09 |      
     1460 |   0.4955 |  5.099085e+05 |   +0.23% |  2.45e-09 |      
     1470 |   0.4632 |  5.100842e+05 |   +0.03% |  3.61e-09 |      
     1480 |   0.4325 |  5.104003e+05 |   +0.06% |  5.32e-09 |      
     1490 |   0.4032 |  5.136673e+05 |   +0.64% |  7.84e-09 |      
     1500 |   0.3687 |  5.147847e+05 |   +0.22% |  1.15e-08 |      
     1510 |   0.3361 |  5.136762e+05 |   -0.22% |  1.70e-08 |      
     1520 |   0.3039 |  5.129869e+05 |   -0.13% |  2.51e-08 |      
[INFO GPL-0040] Routability iteration: 12
[INFO GPL-0041] Total routing overflow: 7.5304
[INFO GPL-0042] Number of overflowed tiles: 192 (3.08%)
[INFO GPL-0043] Average top 0.5% routing congestion: 1.1098
[INFO GPL-0044] Average top 1.0% routing congestion: 1.0821
[INFO GPL-0045] Average top 2.0% routing congestion: 1.0560
[INFO GPL-0046] Average top 5.0% routing congestion: 1.0177
[INFO GPL-0047] Routability iteration weighted routing congestion: 1.0959
[INFO GPL-0048] Routing congestion (1.0959) lower than previous minimum (1.111). Updating minimum.
[INFO GPL-0086] Inflated area:                1129.028 um^2 (+0.52%)
[INFO GPL-0052] Placement target density:       0.7366
[INFO GPL-0076] Removing fillers, count: Before: 0, After: 0 (+0.00%)
[INFO GPL-0077] Filler area (um^2)     : Before: 0.000, After: 0.000 (+0.00%)
[INFO GPL-0078] Removed fillers count: 0, area removed: 0.000 um^2. Remaining area to be compensated by modifying density: 1129.028 um^2
[INFO GPL-0079] New target density: 0.74042284
[INFO GPL-0058] White space area:           295076.752 um^2 (+0.00%)
[INFO GPL-0059] Movable instances area:     218481.574 um^2 (+0.52%)
[INFO GPL-0060] Total filler area:               0.000 um^2 (+0.00%)
[INFO GPL-0061] Total non-inflated area:    218481.573 um^2 (+0.52%)
[INFO GPL-0062] Total inflated area:        219610.601 um^2 (+0.52%)
[INFO GPL-0063] New Target Density:             0.7404
[INFO GPL-0087] Routability end iteration: increase inflation and revert back to snapshot.
Iteration | Overflow |     HPWL (um) |  HPWL(%) |   Penalty | Group
---------------------------------------------------------------
     1530 |   0.5910 |  4.874541e+05 |   -4.98% |  5.86e-10 |      
     1540 |   0.5676 |  4.960118e+05 |   +1.76% |  8.63e-10 |      
     1550 |   0.5324 |  5.077094e+05 |   +2.36% |  1.27e-09 |      
     1560 |   0.5121 |  5.093357e+05 |   +0.32% |  1.87e-09 |      
     1570 |   0.4865 |  5.108551e+05 |   +0.30% |  2.76e-09 |      
     1580 |   0.4534 |  5.102754e+05 |   -0.11% |  4.06e-09 |      
     1590 |   0.4233 |  5.116809e+05 |   +0.28% |  5.98e-09 |      
     1600 |   0.3921 |  5.144473e+05 |   +0.54% |  8.81e-09 |      
     1610 |   0.3595 |  5.148377e+05 |   +0.08% |  1.30e-08 |      
     1620 |   0.3261 |  5.142831e+05 |   -0.11% |  1.91e-08 |      
[INFO GPL-0040] Routability iteration: 13
[INFO GPL-0041] Total routing overflow: 8.3890
[INFO GPL-0042] Number of overflowed tiles: 204 (3.27%)
[INFO GPL-0043] Average top 0.5% routing congestion: 1.1028
[INFO GPL-0044] Average top 1.0% routing congestion: 1.0821
[INFO GPL-0045] Average top 2.0% routing congestion: 1.0596
[INFO GPL-0046] Average top 5.0% routing congestion: 1.0217
[INFO GPL-0047] Routability iteration weighted routing congestion: 1.0925
[INFO GPL-0048] Routing congestion (1.0925) lower than previous minimum (1.096). Updating minimum.
[INFO GPL-0086] Inflated area:                1238.625 um^2 (+0.57%)
[INFO GPL-0052] Placement target density:       0.7404
[INFO GPL-0076] Removing fillers, count: Before: 0, After: 0 (+0.00%)
[INFO GPL-0077] Filler area (um^2)     : Before: 0.000, After: 0.000 (+0.00%)
[INFO GPL-0078] Removed fillers count: 0, area removed: 0.000 um^2. Remaining area to be compensated by modifying density: 1238.625 um^2
[INFO GPL-0079] New target density: 0.7446205
[INFO GPL-0058] White space area:           295076.752 um^2 (+0.00%)
[INFO GPL-0059] Movable instances area:     219720.204 um^2 (+0.57%)
[INFO GPL-0060] Total filler area:               0.000 um^2 (+0.00%)
[INFO GPL-0061] Total non-inflated area:    219720.198 um^2 (+0.57%)
[INFO GPL-0062] Total inflated area:        220958.823 um^2 (+0.56%)
[INFO GPL-0063] New Target Density:             0.7446
[INFO GPL-0087] Routability end iteration: increase inflation and revert back to snapshot.
Iteration | Overflow |     HPWL (um) |  HPWL(%) |   Penalty | Group
---------------------------------------------------------------
     1630 |   0.6139 |  4.731887e+05 |   -7.99% |  4.48e-10 |      
     1640 |   0.5871 |  4.883064e+05 |   +3.19% |  6.58e-10 |      
     1650 |   0.5552 |  5.014691e+05 |   +2.70% |  9.69e-10 |      
     1660 |   0.5252 |  5.090350e+05 |   +1.51% |  1.43e-09 |      
     1670 |   0.5067 |  5.102509e+05 |   +0.24% |  2.10e-09 |      
     1680 |   0.4780 |  5.115556e+05 |   +0.26% |  3.09e-09 |      
     1690 |   0.4446 |  5.105915e+05 |   -0.19% |  4.56e-09 |      
     1700 |   0.4130 |  5.131244e+05 |   +0.50% |  6.71e-09 |      
     1710 |   0.3831 |  5.152685e+05 |   +0.42% |  9.89e-09 |      
     1720 |   0.3499 |  5.154136e+05 |   +0.03% |  1.46e-08 |      
     1730 |   0.3186 |  5.144587e+05 |   -0.19% |  2.15e-08 |      
[INFO GPL-0040] Routability iteration: 14
[INFO GPL-0041] Total routing overflow: 9.3146
[INFO GPL-0042] Number of overflowed tiles: 214 (3.43%)
[INFO GPL-0043] Average top 0.5% routing congestion: 1.1026
[INFO GPL-0044] Average top 1.0% routing congestion: 1.0846
[INFO GPL-0045] Average top 2.0% routing congestion: 1.0633
[INFO GPL-0046] Average top 5.0% routing congestion: 1.0253
[INFO GPL-0047] Routability iteration weighted routing congestion: 1.0936
[INFO GPL-0049] Routing congestion (1.0936) higher than minimum (1.0925). Consecutive non-improvement count: 1.
[INFO GPL-0086] Inflated area:                1447.789 um^2 (+0.66%)
[INFO GPL-0052] Placement target density:       0.7446
[INFO GPL-0076] Removing fillers, count: Before: 0, After: 0 (+0.00%)
[INFO GPL-0077] Filler area (um^2)     : Before: 0.000, After: 0.000 (+0.00%)
[INFO GPL-0078] Removed fillers count: 0, area removed: 0.000 um^2. Remaining area to be compensated by modifying density: 1447.789 um^2
[INFO GPL-0079] New target density: 0.749527
[INFO GPL-0058] White space area:           295076.752 um^2 (+0.00%)
[INFO GPL-0059] Movable instances area:     221167.993 um^2 (+0.66%)
[INFO GPL-0060] Total filler area:               0.000 um^2 (+0.00%)
[INFO GPL-0061] Total non-inflated area:    221167.987 um^2 (+0.66%)
[INFO GPL-0062] Total inflated area:        222615.777 um^2 (+0.65%)
[INFO GPL-0063] New Target Density:             0.7495
[INFO GPL-0087] Routability end iteration: increase inflation and revert back to snapshot.
Iteration | Overflow |     HPWL (um) |  HPWL(%) |   Penalty | Group
---------------------------------------------------------------
     1740 |   0.6029 |  4.830117e+05 |   -6.11% |  5.02e-10 |      
     1750 |   0.5805 |  4.907150e+05 |   +1.59% |  7.40e-10 |      
     1760 |   0.5439 |  5.058760e+05 |   +3.09% |  1.09e-09 |      
     1770 |   0.5189 |  5.101495e+05 |   +0.84% |  1.60e-09 |      
     1780 |   0.4991 |  5.115120e+05 |   +0.27% |  2.36e-09 |      
     1790 |   0.4669 |  5.119101e+05 |   +0.08% |  3.48e-09 |      
     1800 |   0.4330 |  5.111709e+05 |   -0.14% |  5.12e-09 |      
     1810 |   0.4046 |  5.142420e+05 |   +0.60% |  7.54e-09 |      
     1820 |   0.3722 |  5.166982e+05 |   +0.48% |  1.11e-08 |      
     1830 |   0.3373 |  5.158560e+05 |   -0.16% |  1.64e-08 |      
     1840 |   0.3078 |  5.150675e+05 |   -0.15% |  2.41e-08 |      
[INFO GPL-0040] Routability iteration: 15
[INFO GPL-0041] Total routing overflow: 8.2559
[INFO GPL-0042] Number of overflowed tiles: 197 (3.16%)
[INFO GPL-0043] Average top 0.5% routing congestion: 1.1051
[INFO GPL-0044] Average top 1.0% routing congestion: 1.0837
[INFO GPL-0045] Average top 2.0% routing congestion: 1.0597
[INFO GPL-0046] Average top 5.0% routing congestion: 1.0205
[INFO GPL-0047] Routability iteration weighted routing congestion: 1.0944
[INFO GPL-0049] Routing congestion (1.0944) higher than minimum (1.0925). Consecutive non-improvement count: 2.
[INFO GPL-0086] Inflated area:                1390.896 um^2 (+0.63%)
[INFO GPL-0052] Placement target density:       0.7495
[INFO GPL-0076] Removing fillers, count: Before: 0, After: 0 (+0.00%)
[INFO GPL-0077] Filler area (um^2)     : Before: 0.000, After: 0.000 (+0.00%)
[INFO GPL-0078] Removed fillers count: 0, area removed: 0.000 um^2. Remaining area to be compensated by modifying density: 1390.896 um^2
[INFO GPL-0079] New target density: 0.75424063
[INFO GPL-0058] White space area:           295076.752 um^2 (+0.00%)
[INFO GPL-0059] Movable instances area:     222558.880 um^2 (+0.63%)
[INFO GPL-0060] Total filler area:               0.000 um^2 (+0.00%)
[INFO GPL-0061] Total non-inflated area:    222558.883 um^2 (+0.63%)
[INFO GPL-0062] Total inflated area:        223949.779 um^2 (+0.62%)
[INFO GPL-0063] New Target Density:             0.7542
[INFO GPL-0087] Routability end iteration: increase inflation and revert back to snapshot.
Iteration | Overflow |     HPWL (um) |  HPWL(%) |   Penalty | Group
---------------------------------------------------------------
     1850 |   0.5914 |  4.882861e+05 |   -5.20% |  5.86e-10 |      
     1860 |   0.5667 |  4.971837e+05 |   +1.82% |  8.63e-10 |      
     1870 |   0.5314 |  5.090970e+05 |   +2.40% |  1.27e-09 |      
     1880 |   0.5120 |  5.110634e+05 |   +0.39% |  1.87e-09 |      
     1890 |   0.4863 |  5.129862e+05 |   +0.38% |  2.75e-09 |      
     1900 |   0.4513 |  5.116096e+05 |   -0.27% |  4.06e-09 |      
     1910 |   0.4196 |  5.121222e+05 |   +0.10% |  5.98e-09 |      
     1920 |   0.3926 |  5.156899e+05 |   +0.70% |  8.80e-09 |      
     1930 |   0.3592 |  5.172326e+05 |   +0.30% |  1.30e-08 |      
     1940 |   0.3259 |  5.156701e+05 |   -0.30% |  1.91e-08 |      
[INFO GPL-0040] Routability iteration: 16
[INFO GPL-0041] Total routing overflow: 7.5658
[INFO GPL-0042] Number of overflowed tiles: 192 (3.08%)
[INFO GPL-0043] Average top 0.5% routing congestion: 1.0937
[INFO GPL-0044] Average top 1.0% routing congestion: 1.0774
[INFO GPL-0045] Average top 2.0% routing congestion: 1.0555
[INFO GPL-0046] Average top 5.0% routing congestion: 1.0190
[INFO GPL-0047] Routability iteration weighted routing congestion: 1.0855
[INFO GPL-0048] Routing congestion (1.0855) lower than previous minimum (1.092). Updating minimum.
[INFO GPL-0086] Inflated area:                1224.070 um^2 (+0.55%)
[INFO GPL-0052] Placement target density:       0.7542
[INFO GPL-0076] Removing fillers, count: Before: 0, After: 0 (+0.00%)
[INFO GPL-0077] Filler area (um^2)     : Before: 0.000, After: 0.000 (+0.00%)
[INFO GPL-0078] Removed fillers count: 0, area removed: 0.000 um^2. Remaining area to be compensated by modifying density: 1224.070 um^2
[INFO GPL-0079] New target density: 0.75838894
[INFO GPL-0058] White space area:           295076.752 um^2 (+0.00%)
[INFO GPL-0059] Movable instances area:     223782.945 um^2 (+0.55%)
[INFO GPL-0060] Total filler area:               0.000 um^2 (+0.00%)
[INFO GPL-0061] Total non-inflated area:    223782.953 um^2 (+0.55%)
[INFO GPL-0062] Total inflated area:        225007.022 um^2 (+0.55%)
[INFO GPL-0063] New Target Density:             0.7584
[INFO GPL-0087] Routability end iteration: increase inflation and revert back to snapshot.
Iteration | Overflow |     HPWL (um) |  HPWL(%) |   Penalty | Group
---------------------------------------------------------------
     1950 |   0.6115 |  4.776360e+05 |   -7.38% |  4.65e-10 |      
     1960 |   0.5852 |  4.896294e+05 |   +2.51% |  6.84e-10 |      
     1970 |   0.5494 |  5.042036e+05 |   +2.98% |  1.01e-09 |      
     1980 |   0.5223 |  5.107222e+05 |   +1.29% |  1.48e-09 |      
     1990 |   0.5040 |  5.123984e+05 |   +0.33% |  2.18e-09 |      
     2000 |   0.4702 |  5.132279e+05 |   +0.16% |  3.22e-09 |      
     2010 |   0.4383 |  5.111656e+05 |   -0.40% |  4.74e-09 |      
     2020 |   0.4094 |  5.136483e+05 |   +0.49% |  6.98e-09 |      
     2030 |   0.3774 |  5.171002e+05 |   +0.67% |  1.03e-08 |      
     2040 |   0.3441 |  5.172132e+05 |   +0.02% |  1.51e-08 |      
     2050 |   0.3133 |  5.156271e+05 |   -0.31% |  2.23e-08 |      
[INFO GPL-0040] Routability iteration: 17
[INFO GPL-0041] Total routing overflow: 7.2758
[INFO GPL-0042] Number of overflowed tiles: 186 (2.98%)
[INFO GPL-0043] Average top 0.5% routing congestion: 1.0964
[INFO GPL-0044] Average top 1.0% routing congestion: 1.0788
[INFO GPL-0045] Average top 2.0% routing congestion: 1.0548
[INFO GPL-0046] Average top 5.0% routing congestion: 1.0165
[INFO GPL-0047] Routability iteration weighted routing congestion: 1.0876
[INFO GPL-0049] Routing congestion (1.0876) higher than minimum (1.0855). Consecutive non-improvement count: 1.
[INFO GPL-0086] Inflated area:                1270.638 um^2 (+0.57%)
[INFO GPL-0052] Placement target density:       0.7584
[INFO GPL-0076] Removing fillers, count: Before: 0, After: 0 (+0.00%)
[INFO GPL-0077] Filler area (um^2)     : Before: 0.000, After: 0.000 (+0.00%)
[INFO GPL-0078] Removed fillers count: 0, area removed: 0.000 um^2. Remaining area to be compensated by modifying density: 1270.638 um^2
[INFO GPL-0079] New target density: 0.7626951
[INFO GPL-0058] White space area:           295076.752 um^2 (+0.00%)
[INFO GPL-0059] Movable instances area:     225053.590 um^2 (+0.57%)
[INFO GPL-0060] Total filler area:               0.000 um^2 (+0.00%)
[INFO GPL-0061] Total non-inflated area:    225053.591 um^2 (+0.57%)
[INFO GPL-0062] Total inflated area:        226324.228 um^2 (+0.56%)
[INFO GPL-0063] New Target Density:             0.7627
[INFO GPL-0087] Routability end iteration: increase inflation and revert back to snapshot.
Iteration | Overflow |     HPWL (um) |  HPWL(%) |   Penalty | Group
---------------------------------------------------------------
     2060 |   0.5957 |  4.873701e+05 |   -5.48% |  5.43e-10 |      
     2070 |   0.5727 |  4.943964e+05 |   +1.44% |  7.99e-10 |      
     2080 |   0.5362 |  5.086710e+05 |   +2.89% |  1.18e-09 |      
     2090 |   0.5157 |  5.115802e+05 |   +0.57% |  1.73e-09 |      
     2100 |   0.4932 |  5.136915e+05 |   +0.41% |  2.55e-09 |      
     2110 |   0.4561 |  5.123382e+05 |   -0.26% |  3.76e-09 |      
     2120 |   0.4264 |  5.121837e+05 |   -0.03% |  5.53e-09 |      
     2130 |   0.3974 |  5.159495e+05 |   +0.74% |  8.15e-09 |      
     2140 |   0.3645 |  5.177991e+05 |   +0.36% |  1.20e-08 |      
     2150 |   0.3317 |  5.173466e+05 |   -0.09% |  1.77e-08 |      
     2160 |   0.3003 |  5.162984e+05 |   -0.20% |  2.60e-08 |      
[INFO GPL-0040] Routability iteration: 18
[INFO GPL-0041] Total routing overflow: 7.3854
[INFO GPL-0042] Number of overflowed tiles: 169 (2.71%)
[INFO GPL-0043] Average top 0.5% routing congestion: 1.0929
[INFO GPL-0044] Average top 1.0% routing congestion: 1.0768
[INFO GPL-0045] Average top 2.0% routing congestion: 1.0553
[INFO GPL-0046] Average top 5.0% routing congestion: 1.0151
[INFO GPL-0047] Routability iteration weighted routing congestion: 1.0849
[INFO GPL-0049] Routing congestion (1.0849) higher than minimum (1.0855). Consecutive non-improvement count: 2.
[INFO GPL-0086] Inflated area:                1138.282 um^2 (+0.51%)
[INFO GPL-0052] Placement target density:       0.7627
[INFO GPL-0076] Removing fillers, count: Before: 0, After: 0 (+0.00%)
[INFO GPL-0077] Filler area (um^2)     : Before: 0.000, After: 0.000 (+0.00%)
[INFO GPL-0078] Removed fillers count: 0, area removed: 0.000 um^2. Remaining area to be compensated by modifying density: 1138.282 um^2
[INFO GPL-0079] New target density: 0.7665526
[INFO GPL-0058] White space area:           295076.752 um^2 (+0.00%)
[INFO GPL-0059] Movable instances area:     226191.868 um^2 (+0.51%)
[INFO GPL-0060] Total filler area:               0.000 um^2 (+0.00%)
[INFO GPL-0061] Total non-inflated area:    226191.873 um^2 (+0.51%)
[INFO GPL-0062] Total inflated area:        227330.155 um^2 (+0.50%)
[INFO GPL-0063] New Target Density:             0.7666
[INFO GPL-0087] Routability end iteration: increase inflation and revert back to snapshot.
Iteration | Overflow |     HPWL (um) |  HPWL(%) |   Penalty | Group
---------------------------------------------------------------
     2170 |   0.5890 |  4.891858e+05 |   -5.25% |  6.09e-10 |      
     2180 |   0.5616 |  4.998402e+05 |   +2.18% |  8.97e-10 |      
     2190 |   0.5279 |  5.105274e+05 |   +2.14% |  1.32e-09 |      
     2200 |   0.5091 |  5.126522e+05 |   +0.42% |  1.94e-09 |      
     2210 |   0.4807 |  5.145783e+05 |   +0.38% |  2.86e-09 |      
     2220 |   0.4457 |  5.121656e+05 |   -0.47% |  4.22e-09 |      
     2230 |   0.4163 |  5.134543e+05 |   +0.25% |  6.21e-09 |      
     2240 |   0.3898 |  5.175704e+05 |   +0.80% |  9.15e-09 |      
     2250 |   0.3529 |  5.189811e+05 |   +0.27% |  1.35e-08 |      
     2260 |   0.3209 |  5.180211e+05 |   -0.18% |  1.99e-08 |      
[INFO GPL-0040] Routability iteration: 19
[INFO GPL-0041] Total routing overflow: 6.8865
[INFO GPL-0042] Number of overflowed tiles: 179 (2.87%)
[INFO GPL-0043] Average top 0.5% routing congestion: 1.0923
[INFO GPL-0044] Average top 1.0% routing congestion: 1.0745
[INFO GPL-0045] Average top 2.0% routing congestion: 1.0514
[INFO GPL-0046] Average top 5.0% routing congestion: 1.0145
[INFO GPL-0047] Routability iteration weighted routing congestion: 1.0834
[INFO GPL-0048] Routing congestion (1.0834) lower than previous minimum (1.086). Updating minimum.
[INFO GPL-0086] Inflated area:                1084.396 um^2 (+0.48%)
[INFO GPL-0052] Placement target density:       0.7666
[INFO GPL-0076] Removing fillers, count: Before: 0, After: 0 (+0.00%)
[INFO GPL-0077] Filler area (um^2)     : Before: 0.000, After: 0.000 (+0.00%)
[INFO GPL-0078] Removed fillers count: 0, area removed: 0.000 um^2. Remaining area to be compensated by modifying density: 1084.396 um^2
[INFO GPL-0079] New target density: 0.7702277
[INFO GPL-0058] White space area:           295076.752 um^2 (+0.00%)
[INFO GPL-0059] Movable instances area:     227276.276 um^2 (+0.48%)
[INFO GPL-0060] Total filler area:               0.000 um^2 (+0.00%)
[INFO GPL-0061] Total non-inflated area:    227276.269 um^2 (+0.48%)
[INFO GPL-0062] Total inflated area:        228360.665 um^2 (+0.48%)
[INFO GPL-0063] New Target Density:             0.7702
[INFO GPL-0087] Routability end iteration: increase inflation and revert back to snapshot.
Iteration | Overflow |     HPWL (um) |  HPWL(%) |   Penalty | Group
---------------------------------------------------------------
     2270 |   0.6079 |  4.804307e+05 |   -7.26% |  4.83e-10 |      
     2280 |   0.5810 |  4.910343e+05 |   +2.21% |  7.11e-10 |      
     2290 |   0.5449 |  5.064857e+05 |   +3.15% |  1.05e-09 |      
     2300 |   0.5197 |  5.118076e+05 |   +1.05% |  1.54e-09 |      
     2310 |   0.5005 |  5.141027e+05 |   +0.45% |  2.27e-09 |      
     2320 |   0.4661 |  5.143391e+05 |   +0.05% |  3.34e-09 |      
     2330 |   0.4348 |  5.121832e+05 |   -0.42% |  4.92e-09 |      
     2340 |   0.4061 |  5.154879e+05 |   +0.65% |  7.25e-09 |      
     2350 |   0.3759 |  5.197783e+05 |   +0.83% |  1.07e-08 |      
     2360 |   0.3410 |  5.191483e+05 |   -0.12% |  1.57e-08 |      
     2370 |   0.3087 |  5.178388e+05 |   -0.25% |  2.32e-08 |      
[INFO GPL-0040] Routability iteration: 20
[INFO GPL-0041] Total routing overflow: 7.0086
[INFO GPL-0042] Number of overflowed tiles: 167 (2.68%)
[INFO GPL-0043] Average top 0.5% routing congestion: 1.1074
[INFO GPL-0044] Average top 1.0% routing congestion: 1.0819
[INFO GPL-0045] Average top 2.0% routing congestion: 1.0541
[INFO GPL-0046] Average top 5.0% routing congestion: 1.0141
[INFO GPL-0047] Routability iteration weighted routing congestion: 1.0946
[INFO GPL-0049] Routing congestion (1.0946) higher than minimum (1.0834). Consecutive non-improvement count: 1.
[INFO GPL-0086] Inflated area:                1141.094 um^2 (+0.50%)
[INFO GPL-0052] Placement target density:       0.7702
[INFO GPL-0076] Removing fillers, count: Before: 0, After: 0 (+0.00%)
[INFO GPL-0077] Filler area (um^2)     : Before: 0.000, After: 0.000 (+0.00%)
[INFO GPL-0078] Removed fillers count: 0, area removed: 0.000 um^2. Remaining area to be compensated by modifying density: 1141.094 um^2
[INFO GPL-0079] New target density: 0.7740947
[INFO GPL-0058] White space area:           295076.752 um^2 (+0.00%)
[INFO GPL-0059] Movable instances area:     228417.356 um^2 (+0.50%)
[INFO GPL-0060] Total filler area:               0.000 um^2 (+0.00%)
[INFO GPL-0061] Total non-inflated area:    228417.362 um^2 (+0.50%)
[INFO GPL-0062] Total inflated area:        229558.456 um^2 (+0.50%)
[INFO GPL-0063] New Target Density:             0.7741
[INFO GPL-0087] Routability end iteration: increase inflation and revert back to snapshot.
Iteration | Overflow |     HPWL (um) |  HPWL(%) |   Penalty | Group
---------------------------------------------------------------
     2380 |   0.5934 |  4.888000e+05 |   -5.61% |  5.64e-10 |      
     2390 |   0.5683 |  4.969480e+05 |   +1.67% |  8.30e-10 |      
     2400 |   0.5313 |  5.101227e+05 |   +2.65% |  1.22e-09 |      
     2410 |   0.5122 |  5.128948e+05 |   +0.54% |  1.80e-09 |      
     2420 |   0.4879 |  5.152610e+05 |   +0.46% |  2.65e-09 |      
     2430 |   0.4529 |  5.137967e+05 |   -0.28% |  3.90e-09 |      
     2440 |   0.4219 |  5.136500e+05 |   -0.03% |  5.75e-09 |      
     2450 |   0.3965 |  5.180928e+05 |   +0.86% |  8.47e-09 |      
     2460 |   0.3603 |  5.205765e+05 |   +0.48% |  1.25e-08 |      
     2470 |   0.3277 |  5.192736e+05 |   -0.25% |  1.84e-08 |      
[INFO GPL-0040] Routability iteration: 21
[INFO GPL-0041] Total routing overflow: 7.4809
[INFO GPL-0042] Number of overflowed tiles: 181 (2.90%)
[INFO GPL-0043] Average top 0.5% routing congestion: 1.1094
[INFO GPL-0044] Average top 1.0% routing congestion: 1.0819
[INFO GPL-0045] Average top 2.0% routing congestion: 1.0557
[INFO GPL-0046] Average top 5.0% routing congestion: 1.0160
[INFO GPL-0047] Routability iteration weighted routing congestion: 1.0957
[INFO GPL-0049] Routing congestion (1.0957) higher than minimum (1.0834). Consecutive non-improvement count: 2.
[INFO GPL-0086] Inflated area:                1233.518 um^2 (+0.54%)
[INFO GPL-0052] Placement target density:       0.7741
[INFO GPL-0076] Removing fillers, count: Before: 0, After: 0 (+0.00%)
[INFO GPL-0077] Filler area (um^2)     : Before: 0.000, After: 0.000 (+0.00%)
[INFO GPL-0078] Removed fillers count: 0, area removed: 0.000 um^2. Remaining area to be compensated by modifying density: 1233.518 um^2
[INFO GPL-0079] New target density: 0.778275
[INFO GPL-0058] White space area:           295076.752 um^2 (+0.00%)
[INFO GPL-0059] Movable instances area:     229650.874 um^2 (+0.54%)
[INFO GPL-0060] Total filler area:               0.000 um^2 (+0.00%)
[INFO GPL-0061] Total non-inflated area:    229650.880 um^2 (+0.54%)
[INFO GPL-0062] Total inflated area:        230884.398 um^2 (+0.54%)
[INFO GPL-0063] New Target Density:             0.7783
[INFO GPL-0087] Routability end iteration: increase inflation and revert back to snapshot.
Iteration | Overflow |     HPWL (um) |  HPWL(%) |   Penalty | Group
---------------------------------------------------------------
     2480 |   0.6170 |  4.731894e+05 |   -8.87% |  4.48e-10 |      
     2490 |   0.5869 |  4.906056e+05 |   +3.68% |  6.58e-10 |      
     2500 |   0.5505 |  5.041512e+05 |   +2.76% |  9.69e-10 |      
     2510 |   0.5228 |  5.117251e+05 |   +1.50% |  1.43e-09 |      
     2520 |   0.5050 |  5.142030e+05 |   +0.48% |  2.10e-09 |      
     2530 |   0.4752 |  5.157821e+05 |   +0.31% |  3.09e-09 |      
     2540 |   0.4384 |  5.135598e+05 |   -0.43% |  4.56e-09 |      
     2550 |   0.4119 |  5.152071e+05 |   +0.32% |  6.71e-09 |      
     2560 |   0.3824 |  5.199506e+05 |   +0.92% |  9.88e-09 |      
     2570 |   0.3487 |  5.201731e+05 |   +0.04% |  1.46e-08 |      
     2580 |   0.3165 |  5.188625e+05 |   -0.25% |  2.14e-08 |      
[INFO GPL-0040] Routability iteration: 22
[INFO GPL-0041] Total routing overflow: 7.1468
[INFO GPL-0042] Number of overflowed tiles: 183 (2.93%)
[INFO GPL-0043] Average top 0.5% routing congestion: 1.0990
[INFO GPL-0044] Average top 1.0% routing congestion: 1.0774
[INFO GPL-0045] Average top 2.0% routing congestion: 1.0535
[INFO GPL-0046] Average top 5.0% routing congestion: 1.0154
[INFO GPL-0047] Routability iteration weighted routing congestion: 1.0882
[INFO GPL-0049] Routing congestion (1.0882) higher than minimum (1.0834). Consecutive non-improvement count: 3.
[INFO GPL-0086] Inflated area:                1179.658 um^2 (+0.51%)
[INFO GPL-0052] Placement target density:       0.7783
[INFO GPL-0076] Removing fillers, count: Before: 0, After: 0 (+0.00%)
[INFO GPL-0077] Filler area (um^2)     : Before: 0.000, After: 0.000 (+0.00%)
[INFO GPL-0078] Removed fillers count: 0, area removed: 0.000 um^2. Remaining area to be compensated by modifying density: 1179.658 um^2
[INFO GPL-0079] New target density: 0.7822729
[INFO GPL-0054] No improvement in routing congestion for 3 consecutive iterations (limit is 3).
[INFO GPL-0055] Reverting inflation values and target density from the iteration with minimum observed routing congestion.
[INFO GPL-0056] Minimum observed routing congestion: 1.0834
[INFO GPL-0057] Target density at minimum routing congestion: 0.7666
[INFO GPL-0080] Restoring 0 previously removed fillers.
[INFO GPL-0089] Routability finished. Reverting to minimal observed routing congestion, could not reach target.
Iteration | Overflow |     HPWL (um) |  HPWL(%) |   Penalty | Group
---------------------------------------------------------------
     2590 |   0.5947 |  4.827447e+05 |   -6.96% |  5.02e-10 |      
     2600 |   0.5738 |  4.888802e+05 |   +1.27% |  7.40e-10 |      
     2610 |   0.5377 |  5.044160e+05 |   +3.18% |  1.09e-09 |      
     2620 |   0.5131 |  5.090310e+05 |   +0.91% |  1.60e-09 |      
     2630 |   0.4942 |  5.114850e+05 |   +0.48% |  2.36e-09 |      
     2640 |   0.4595 |  5.118680e+05 |   +0.07% |  3.48e-09 |      
     2650 |   0.4278 |  5.106032e+05 |   -0.25% |  5.12e-09 |      
     2660 |   0.4009 |  5.146078e+05 |   +0.78% |  7.54e-09 |      
     2670 |   0.3688 |  5.178756e+05 |   +0.64% |  1.11e-08 |      
     2680 |   0.3356 |  5.171282e+05 |   -0.14% |  1.64e-08 |      
     2690 |   0.3019 |  5.162969e+05 |   -0.16% |  2.41e-08 |      
     2700 |   0.2676 |  5.168745e+05 |   +0.11% |  3.55e-08 |      
     2710 |   0.2349 |  5.173936e+05 |   +0.10% |  5.23e-08 |      
     2720 |   0.2076 |  5.173722e+05 |   -0.00% |  7.70e-08 |      
[INFO GPL-0100] Timing-driven iteration 2/2, virtual: false.
[INFO GPL-0101]    Iter: 2726, overflow: 0.194, keep resizer changes at: 1, HPWL: 518123563
Iteration |   Area    | Resized | Buffers | Nets repaired | Remaining
---------------------------------------------------------------------
        0 |     +0.0% |       0 |       0 |             0 |     16734
    final |     +0.0% |       5 |       5 |             5 |         0
---------------------------------------------------------------------
[INFO RSZ-0034] Found 6 slew violations.
[INFO RSZ-0036] Found 1 capacitance violations.
[INFO RSZ-0039] Resized 5 instances.
[INFO RSZ-0038] Inserted 5 buffers in 5 nets.
   Iter   |    Area   | Removed | Inserted |   Pins
          |           | Buffers | Buffers  | Remaining
-------------------------------------------------------
        0 |     +0.0% |       0 |        0 |     14719
     1400 |     +0.2% |     350 |      376 |     13319
     2800 |     +0.1% |     439 |      443 |     11919
     4200 |     +0.0% |     537 |      535 |     10519
     5600 |     +0.1% |     570 |      600 |      9119
     7000 |     +0.4% |     690 |      773 |      7719
     8400 |     +0.5% |     722 |      809 |      6319
     9800 |     +0.6% |     922 |     1049 |      4919
    11200 |     +0.8% |    1062 |     1195 |      3519
    12600 |     +1.4% |    1249 |     1500 |      2119
    14000 |     +0.8% |    1477 |     1577 |       719
    final |     +0.8% |    1503 |     1609 |         0
-------------------------------------------------------
[INFO GPL-0106] Timing-driven: worst slack -5.6180305e-10
[INFO GPL-0107] Timing-driven: repair_design delta area: -2596.336 um^2 (-1.13%)
[INFO GPL-0108] Timing-driven: repair_design, gpl delta gcells: 111 (+0.70%)
[INFO GPL-0109] Timing-driven: repair_design, gcells created: 1614, deleted: 1503
[INFO GPL-0110] Timing-driven: new target density: 0.76947623
Iteration | Overflow |     HPWL (um) |  HPWL(%) |   Penalty | Group
---------------------------------------------------------------
     2730 |   0.1741 |  5.423642e+05 |   +4.83% |  1.13e-07 |      
     2740 |   0.1487 |  5.386550e+05 |   -0.68% |  1.67e-07 |      
     2750 |   0.1211 |  5.369795e+05 |   -0.31% |  2.46e-07 |      
     2760 |   0.1036 |  5.351413e+05 |   -0.34% |  3.62e-07 |      
     2763 |   0.0987 |  5.348180e+05 |          |  4.22e-07 |      
---------------------------------------------------------------
[INFO GPL-1001] Global placement finished at iteration 2763
[INFO GPL-1017] Routability mode iteration count: 2414
[INFO GPL-1005] Routability final weighted congestion: 1.1335
[INFO GPL-1002] Placed Cell Area            223595.5369
[INFO GPL-1003] Available Free Area         295076.7520
[INFO GPL-1004] Minimum Feasible Density        0.6000 (cell_area / free_area)
[INFO GPL-1006]   Suggested Target Densities:
[INFO GPL-1007]     - For 90% usage of free space: 0.8419
[INFO GPL-1008]     - For 80% usage of free space: 0.9472
[INFO GPL-1011] Original area (um^2): 174443.07
[INFO GPL-1012] Total routability artificial inflation: 38319.81 (+21.97%)
[INFO GPL-1013] Total timing-driven delta area: 10832.66 (+6.21%)
[INFO GPL-1014] Final placement area: 223595.54 (+28.18%)
Took 21 seconds: global_placement -density 0.6 -pad_left 0 -pad_right 0 -routability_driven -timing_driven -force_center_initial_place -min_phi_coef 0.95 -max_phi_coef 1.05
estimate_parasitics -placement
Report metrics stage 3, global place...

==========================================================================
global place report_design_area
--------------------------------------------------------------------------
Design area 187779 um^2 63% utilization.
write_db ./results/sky130hd/chia_sha256_benchmark_corrupted/slot0/3_3_place_gp.odb
Log                       Ext     Elapsed/s Peak Memory/MB sha1sum result [0:20)
3_3_place_gp              .odb           24            396 828fe5bab0edeb0691d5
/root/OpenROAD-flow-scripts/flow/scripts/flow.sh 3_4_place_resized resize
Running resize.tcl, stage 3_4_place_resized
read_liberty /root/OpenROAD-flow-scripts/flow/platforms/sky130hd/lib/sky130_fd_sc_hd__tt_025C_1v80.lib
read_db ./results/sky130hd/chia_sha256_benchmark_corrupted/slot0/3_3_place_gp.odb
read_sdc ./results/sky130hd/chia_sha256_benchmark_corrupted/slot0/2_floorplan.sdc
source /root/OpenROAD-flow-scripts/flow/platforms/sky130hd/setRC.tcl
estimate_parasitics -placement
Perform buffer insertion and gate resizing...
repair_design -verbose -match_cell_footprint
Iteration |   Area    | Resized | Buffers | Nets repaired | Remaining
---------------------------------------------------------------------
        0 |     +0.0% |       0 |       0 |             0 |     16845
     1000 |     +0.0% |       0 |       0 |             0 |     15845
     2000 |     +0.0% |       0 |       0 |             0 |     14845
     3000 |     +0.0% |       0 |       0 |             0 |     13845
     4000 |     +0.0% |       0 |       0 |             0 |     12845
     5000 |     +0.0% |       0 |       0 |             0 |     11845
     6000 |     +0.0% |       0 |       0 |             0 |     10845
     7000 |     +0.0% |       0 |       0 |             0 |      9845
     8000 |     +0.0% |       0 |       0 |             0 |      8845
     9000 |     +0.0% |       0 |       0 |             0 |      7845
    10000 |     +0.0% |       0 |       0 |             0 |      6845
    11000 |     +0.0% |       0 |       0 |             0 |      5845
    12000 |     +0.0% |       0 |       0 |             0 |      4845
    13000 |     +0.0% |       0 |       0 |             0 |      3845
    14000 |     +0.0% |       0 |       0 |             0 |      2845
    15000 |     +0.0% |       0 |       0 |             0 |      1845
    16000 |     +0.0% |       0 |       0 |             0 |       845
    final |     +0.0% |       0 |       0 |             0 |         0
---------------------------------------------------------------------
[INFO RSZ-0504] Runtime: 0.75s
Repair setup and hold violations...
estimate_parasitics -placement
repair_timing -repair_tns 100 -match_cell_footprint -verbose
[INFO RSZ-0100] Repair move sequence: UnbufferMove SizeUpMove SwapPinsMove BufferMove CloneMove SplitLoadMove 
[INFO RSZ-0094] Found 43 endpoints with setup violations.
[INFO RSZ-0099] Repairing 43 out of 43 (100.00%) violating endpoints...
   Iter   | Removed | Resized | Inserted | Cloned |  Pin  |   Area   |    WNS   |   StTNS    |   EnTNS    |  Viol  |  Worst  
          | Buffers |  Gates  | Buffers  |  Gates | Swaps |          |          |            |            | Endpts | St/EnPt 
------------------------------------------------------------------------------------------------------------------------------
       0* |       0 |       0 |        0 |      0 |     0 |    +0.0% |   -1.022 |       -4.5 |      -21.6 |     43 | digest\[253\]$_DFFE_PN0P_/D
      10* |       0 |       7 |        2 |      0 |     1 |    +0.0% |   -0.758 |       -2.7 |      -15.5 |     43 | digest\[253\]$_DFFE_PN0P_/D
      20* |       0 |      15 |        3 |      0 |     2 |    +0.1% |   -0.648 |       -2.0 |      -11.7 |     43 | digest\[255\]$_DFFE_PN0P_/D
      30* |       0 |      21 |        4 |      0 |     5 |    +0.1% |   -0.639 |       -2.0 |      -11.5 |     43 | digest\[253\]$_DFFE_PN0P_/D
      40* |       0 |      29 |        8 |      0 |     6 |    +0.1% |   -0.594 |       -1.8 |      -10.0 |     43 | digest\[255\]$_DFFE_PN0P_/D
      50* |       0 |      35 |        9 |      3 |     6 |    +0.2% |   -0.574 |       -1.8 |       -9.5 |     43 | digest\[255\]$_DFFE_PN0P_/D
      60* |       0 |      42 |       12 |      4 |     6 |    +0.2% |   -0.538 |       -1.7 |       -8.6 |     43 | digest\[253\]$_DFFE_PN0P_/D
      70* |       0 |      47 |       18 |      4 |     9 |    +0.3% |   -0.547 |       -1.7 |       -8.7 |     43 | digest\[253\]$_DFFE_PN0P_/D
      80* |       0 |      52 |       24 |      4 |    11 |    +0.3% |   -0.518 |       -1.5 |       -8.4 |     43 | digest\[255\]$_DFFE_PN0P_/D
      90* |       0 |      61 |       25 |      4 |    11 |    +0.4% |   -0.485 |       -1.4 |       -8.2 |     43 | digest\[255\]$_DFFE_PN0P_/D
     100* |       0 |      70 |       25 |      4 |    12 |    +0.4% |   -0.446 |       -1.3 |       -7.0 |     43 | digest\[255\]$_DFFE_PN0P_/D
     110* |       0 |      75 |       27 |      5 |    15 |    +0.4% |   -0.421 |       -1.2 |       -6.3 |     43 | digest\[255\]$_DFFE_PN0P_/D
     120* |       0 |      84 |       27 |      6 |    15 |    +0.5% |   -0.397 |       -1.1 |       -5.8 |     43 | digest\[255\]$_DFFE_PN0P_/D
     130* |       0 |      88 |       29 |      6 |    19 |    +0.5% |   -0.350 |       -0.9 |       -5.1 |     43 | digest\[255\]$_DFFE_PN0P_/D
     140* |       0 |      95 |       30 |      7 |    20 |    +0.5% |   -0.359 |       -0.9 |       -5.2 |     43 | digest\[255\]$_DFFE_PN0P_/D
     150* |       0 |     101 |       31 |      8 |    22 |    +0.6% |   -0.330 |       -0.8 |       -4.7 |     43 | digest\[255\]$_DFFE_PN0P_/D
     160* |       0 |     109 |       31 |      9 |    23 |    +0.6% |   -0.301 |       -0.8 |       -3.8 |     43 | digest\[255\]$_DFFE_PN0P_/D
     170* |       0 |     115 |       33 |     10 |    24 |    +0.7% |   -0.303 |       -0.8 |       -3.9 |     43 | digest\[255\]$_DFFE_PN0P_/D
     180* |       0 |     119 |       35 |     10 |    28 |    +0.7% |   -0.317 |       -0.8 |       -3.9 |     43 | digest\[255\]$_DFFE_PN0P_/D
     190* |       0 |     124 |       35 |     10 |    33 |    +0.7% |   -0.291 |       -0.7 |       -3.8 |     43 | digest\[254\]$_DFFE_PN0P_/D
     200* |       0 |     131 |       38 |     10 |    35 |    +0.7% |   -0.276 |       -0.7 |       -3.3 |     43 | digest\[254\]$_DFFE_PN0P_/D
     210* |       0 |     136 |       43 |     10 |    36 |    +0.8% |   -0.246 |       -0.7 |       -3.2 |     43 | digest\[254\]$_DFFE_PN0P_/D
     220* |       0 |     139 |       43 |     10 |    43 |    +0.8% |   -0.226 |       -0.6 |       -2.9 |     43 | digest\[248\]$_DFFE_PN0P_/D
     230* |       0 |     141 |       47 |     12 |    46 |    +0.8% |   -0.219 |       -0.6 |       -2.7 |     43 | digest\[254\]$_DFFE_PN0P_/D
     240* |       0 |     148 |       48 |     12 |    48 |    +0.9% |   -0.198 |       -0.5 |       -2.5 |     43 | digest\[248\]$_DFFE_PN0P_/D
     250* |       0 |     152 |       50 |     13 |    51 |    +0.9% |   -0.192 |       -0.4 |       -2.5 |     43 | digest\[254\]$_DFFE_PN0P_/D
     260* |       0 |     157 |       52 |     13 |    54 |    +0.9% |   -0.183 |       -0.4 |       -2.4 |     43 | digest\[248\]$_DFFE_PN0P_/D
     270* |       0 |     163 |       53 |     13 |    57 |    +0.9% |   -0.204 |       -0.5 |       -1.8 |     43 | digest\[254\]$_DFFE_PN0P_/D
     280* |       0 |     168 |       53 |     13 |    62 |    +1.0% |   -0.177 |       -0.4 |       -1.5 |     43 | digest\[255\]$_DFFE_PN0P_/D
     290* |       0 |     174 |       56 |     13 |    63 |    +1.0% |   -0.150 |       -0.4 |       -1.1 |     43 | digest\[254\]$_DFFE_PN0P_/D
     300* |       0 |     178 |       56 |     13 |    69 |    +1.0% |   -0.125 |       -0.3 |       -0.9 |     43 | digest\[255\]$_DFFE_PN0P_/D
     310* |       0 |     180 |       58 |     15 |    73 |    +1.1% |   -0.179 |       -0.4 |       -1.6 |     43 | digest\[252\]$_DFFE_PN0P_/D
     320* |       0 |     187 |       58 |     16 |    75 |    +1.1% |   -0.284 |       -0.7 |       -3.2 |     43 | digest\[252\]$_DFFE_PN0P_/D
     330* |       0 |     193 |       60 |     16 |    77 |    +1.1% |   -0.179 |       -0.4 |       -1.3 |     43 | digest\[252\]$_DFFE_PN0P_/D
     340* |       0 |     198 |       61 |     16 |    81 |    +1.1% |   -0.189 |       -0.5 |       -1.4 |     43 | digest\[252\]$_DFFE_PN0P_/D
     350* |       0 |     200 |       62 |     16 |    88 |    +1.1% |   -0.203 |       -0.5 |       -2.0 |     43 | digest\[252\]$_DFFE_PN0P_/D
     352* |       0 |     179 |       56 |     13 |    70 |    +1.0% |   -0.121 |       -0.3 |       -0.9 |     43 | digest\[252\]$_DFFE_PN0P_/D
     360* |       0 |     182 |       57 |     13 |    73 |    +1.0% |   -0.166 |       -0.4 |       -1.2 |     43 | digest\[252\]$_DFFE_PN0P_/D
     370* |       0 |     184 |       59 |     14 |    78 |    +1.1% |   -0.192 |       -0.4 |       -1.7 |     43 | digest\[255\]$_DFFE_PN0P_/D
     380* |       0 |     188 |       59 |     15 |    83 |    +1.1% |   -0.156 |       -0.4 |       -1.1 |     43 | digest\[254\]$_DFFE_PN0P_/D
     390* |       0 |     194 |       64 |     16 |    83 |    +1.1% |   -0.168 |       -0.4 |       -1.2 |     43 | digest\[254\]$_DFFE_PN0P_/D
     400* |       0 |     199 |       65 |     17 |    86 |    +1.2% |   -0.168 |       -0.4 |       -1.3 |     43 | digest\[255\]$_DFFE_PN0P_/D
     405* |       0 |     182 |       57 |     13 |    72 |    +1.0% |   -0.121 |       -0.3 |       -0.7 |     43 | digest\[252\]$_DFFE_PN0P_/D
     410* |       0 |     183 |       58 |     15 |    72 |    +1.1% |   -0.183 |       -0.4 |       -1.5 |     43 | digest\[255\]$_DFFE_PN0P_/D
     420* |       0 |     191 |       60 |     15 |    72 |    +1.1% |   -0.114 |       -0.3 |       -0.8 |     43 | digest\[252\]$_DFFE_PN0P_/D
     430* |       0 |     195 |       60 |     16 |    77 |    +1.1% |   -0.183 |       -0.3 |       -1.3 |     43 | digest\[255\]$_DFFE_PN0P_/D
     440* |       0 |     204 |       60 |     17 |    77 |    +1.2% |   -0.133 |       -0.3 |       -1.0 |     43 | digest\[252\]$_DFFE_PN0P_/D
     448* |       0 |     192 |       60 |     15 |    74 |    +1.1% |   -0.113 |       -0.3 |       -0.8 |     43 | digest\[252\]$_DFFE_PN0P_/D
     450* |       0 |     192 |       60 |     16 |    74 |    +1.1% |   -0.199 |       -0.4 |       -1.7 |     43 | digest\[255\]$_DFFE_PN0P_/D
     460* |       0 |     198 |       61 |     17 |    76 |    +1.1% |   -0.167 |       -0.4 |       -1.6 |     43 | digest\[252\]$_DFFE_PN0P_/D
     470* |       1 |     204 |       62 |     17 |    78 |    +1.2% |   -0.110 |       -0.2 |       -0.8 |     43 | digest\[252\]$_DFFE_PN0P_/D
     479* |       1 |     206 |       63 |     17 |    78 |    +1.2% |   -0.104 |       -0.2 |       -0.7 |     43 | digest\[255\]$_DFFE_PN0P_/D
     480* |       1 |     206 |       63 |     17 |    78 |    +1.2% |   -0.104 |       -0.2 |       -0.7 |     43 | digest\[255\]$_DFFE_PN0P_/D
     481* |       1 |     207 |       63 |     17 |    78 |    +1.2% |   -0.104 |       -0.2 |       -0.7 |     43 | digest\[255\]$_DFFE_PN0P_/D
     483* |       1 |     207 |       63 |     17 |    78 |    +1.2% |   -0.104 |       -0.2 |       -0.7 |     43 | digest\[255\]$_DFFE_PN0P_/D
     484* |       1 |     207 |       63 |     17 |    78 |    +1.2% |   -0.104 |       -0.2 |       -0.7 |     43 | digest\[255\]$_DFFE_PN0P_/D
     490* |       1 |     211 |       63 |     17 |    79 |    +1.2% |   -0.105 |       -0.2 |       -0.7 |     43 | digest\[255\]$_DFFE_PN0P_/D
     498* |       1 |     217 |       64 |     17 |    80 |    +1.2% |   -0.095 |       -0.2 |       -0.6 |     43 | digest\[252\]$_DFFE_PN0P_/D
     499* |       1 |     217 |       64 |     17 |    80 |    +1.2% |   -0.095 |       -0.2 |       -0.6 |     43 | digest\[252\]$_DFFE_PN0P_/D
     500* |       1 |     217 |       64 |     17 |    80 |    +1.2% |   -0.095 |       -0.2 |       -0.6 |     43 | digest\[252\]$_DFFE_PN0P_/D
     505* |       1 |     221 |       64 |     17 |    81 |    +1.2% |   -0.095 |       -0.2 |       -0.4 |     43 | digest\[252\]$_DFFE_PN0P_/D
     506* |       1 |     221 |       64 |     17 |    81 |    +1.2% |   -0.095 |       -0.2 |       -0.4 |     43 | digest\[252\]$_DFFE_PN0P_/D
     507* |       1 |     221 |       64 |     17 |    81 |    +1.2% |   -0.095 |       -0.2 |       -0.4 |     43 | digest\[252\]$_DFFE_PN0P_/D
     508* |       1 |     221 |       64 |     17 |    81 |    +1.2% |   -0.095 |       -0.2 |       -0.4 |     43 | digest\[252\]$_DFFE_PN0P_/D
     509* |       1 |     221 |       64 |     17 |    81 |    +1.2% |   -0.095 |       -0.2 |       -0.4 |     43 | digest\[252\]$_DFFE_PN0P_/D
     510* |       1 |     221 |       64 |     17 |    81 |    +1.2% |   -0.095 |       -0.2 |       -0.4 |     43 | digest\[252\]$_DFFE_PN0P_/D
     511* |       1 |     222 |       64 |     17 |    81 |    +1.2% |   -0.095 |       -0.2 |       -0.3 |     43 | digest\[252\]$_DFFE_PN0P_/D
     512* |       1 |     222 |       64 |     17 |    81 |    +1.2% |   -0.095 |       -0.2 |       -0.3 |     43 | digest\[252\]$_DFFE_PN0P_/D
     513* |       1 |     222 |       64 |     17 |    81 |    +1.2% |   -0.095 |       -0.2 |       -0.3 |     43 | digest\[252\]$_DFFE_PN0P_/D
     514* |       1 |     222 |       64 |     17 |    81 |    +1.2% |   -0.095 |       -0.2 |       -0.3 |     43 | digest\[252\]$_DFFE_PN0P_/D
     515* |       1 |     222 |       64 |     17 |    81 |    +1.2% |   -0.095 |       -0.2 |       -0.3 |     43 | digest\[252\]$_DFFE_PN0P_/D
     516* |       1 |     222 |       64 |     17 |    81 |    +1.2% |   -0.095 |       -0.2 |       -0.3 |     43 | digest\[252\]$_DFFE_PN0P_/D
     517* |       1 |     222 |       64 |     17 |    81 |    +1.2% |   -0.095 |       -0.2 |       -0.3 |     43 | digest\[252\]$_DFFE_PN0P_/D
     518* |       1 |     222 |       64 |     17 |    81 |    +1.2% |   -0.095 |       -0.2 |       -0.3 |     43 | digest\[252\]$_DFFE_PN0P_/D
     519* |       1 |     222 |       64 |     17 |    81 |    +1.2% |   -0.095 |       -0.2 |       -0.3 |     43 | digest\[252\]$_DFFE_PN0P_/D
     520* |       1 |     222 |       64 |     17 |    81 |    +1.2% |   -0.095 |       -0.2 |       -0.3 |     43 | digest\[252\]$_DFFE_PN0P_/D
     520* |       1 |     222 |       64 |     17 |    81 |    +1.2% |   -0.095 |       -0.2 |       -0.3 |     43 | digest\[252\]$_DFFE_PN0P_/D
     521* |       1 |     222 |       64 |     17 |    81 |    +1.2% |   -0.095 |       -0.2 |       -0.3 |     43 | digest\[252\]$_DFFE_PN0P_/D
     522* |       1 |     222 |       64 |     17 |    81 |    +1.2% |   -0.095 |       -0.2 |       -0.3 |     43 | digest\[252\]$_DFFE_PN0P_/D
     523* |       1 |     222 |       64 |     17 |    81 |    +1.2% |   -0.095 |       -0.2 |       -0.3 |     43 | digest\[252\]$_DFFE_PN0P_/D
     524* |       1 |     222 |       64 |     17 |    81 |    +1.2% |   -0.095 |       -0.2 |       -0.3 |     43 | digest\[252\]$_DFFE_PN0P_/D
     525* |       1 |     222 |       64 |     17 |    81 |    +1.2% |   -0.095 |       -0.2 |       -0.3 |     43 | digest\[252\]$_DFFE_PN0P_/D
     526* |       1 |     222 |       64 |     17 |    81 |    +1.2% |   -0.095 |       -0.2 |       -0.3 |     43 | digest\[252\]$_DFFE_PN0P_/D
     527* |       1 |     222 |       64 |     17 |    81 |    +1.2% |   -0.095 |       -0.2 |       -0.3 |     43 | digest\[252\]$_DFFE_PN0P_/D
     528* |       1 |     222 |       64 |     17 |    81 |    +1.2% |   -0.095 |       -0.2 |       -0.3 |     43 | digest\[252\]$_DFFE_PN0P_/D
     529* |       1 |     222 |       64 |     17 |    81 |    +1.2% |   -0.095 |       -0.2 |       -0.3 |     43 | digest\[252\]$_DFFE_PN0P_/D
     530* |       1 |     222 |       64 |     17 |    81 |    +1.2% |   -0.095 |       -0.2 |       -0.3 |     43 | digest\[252\]$_DFFE_PN0P_/D
     530* |       1 |     222 |       64 |     17 |    81 |    +1.2% |   -0.095 |       -0.2 |       -0.3 |     43 | digest\[252\]$_DFFE_PN0P_/D
     531* |       1 |     222 |       64 |     17 |    81 |    +1.2% |   -0.095 |       -0.2 |       -0.3 |     43 | digest\[252\]$_DFFE_PN0P_/D
     532* |       1 |     222 |       64 |     17 |    81 |    +1.2% |   -0.095 |       -0.2 |       -0.3 |     43 | digest\[252\]$_DFFE_PN0P_/D
     533* |       1 |     222 |       64 |     17 |    81 |    +1.2% |   -0.095 |       -0.2 |       -0.3 |     43 | digest\[252\]$_DFFE_PN0P_/D
     534* |       1 |     222 |       64 |     17 |    81 |    +1.2% |   -0.095 |       -0.2 |       -0.3 |     43 | digest\[252\]$_DFFE_PN0P_/D
     535* |       1 |     222 |       64 |     17 |    81 |    +1.2% |   -0.095 |       -0.2 |       -0.3 |     43 | digest\[252\]$_DFFE_PN0P_/D
     536* |       1 |     222 |       64 |     17 |    81 |    +1.2% |   -0.095 |       -0.2 |       -0.3 |     43 | digest\[252\]$_DFFE_PN0P_/D
     537* |       1 |     222 |       64 |     17 |    81 |    +1.2% |   -0.095 |       -0.2 |       -0.3 |     43 | digest\[252\]$_DFFE_PN0P_/D
     538* |       1 |     222 |       64 |     17 |    81 |    +1.2% |   -0.095 |       -0.2 |       -0.3 |     43 | digest\[252\]$_DFFE_PN0P_/D
     539* |       1 |     222 |       64 |     17 |    81 |    +1.2% |   -0.095 |       -0.2 |       -0.3 |     43 | digest\[252\]$_DFFE_PN0P_/D
     539* |       1 |     222 |       64 |     17 |    81 |    +1.2% |   -0.095 |       -0.2 |       -0.3 |     43 | digest\[252\]$_DFFE_PN0P_/D
     540+ |       1 |     222 |       64 |     17 |    81 |    +1.2% |   -0.095 |       -0.2 |       -0.3 |      4 | digest\[252\]$_DFFE_PN0P_/D
     540+ |       1 |     222 |       64 |     17 |    81 |    +1.2% |   -0.095 |       -0.2 |       -0.3 |      4 | digest\[252\]$_DFFE_PN0P_/D
     541+ |       1 |     222 |       64 |     17 |    81 |    +1.2% |   -0.095 |       -0.2 |       -0.3 |      4 | digest\[252\]$_DFFE_PN0P_/D
     542+ |       1 |     222 |       64 |     17 |    81 |    +1.2% |   -0.095 |       -0.2 |       -0.3 |      4 | digest\[252\]$_DFFE_PN0P_/D
     543+ |       1 |     222 |       64 |     17 |    81 |    +1.2% |   -0.095 |       -0.2 |       -0.3 |      4 | digest\[252\]$_DFFE_PN0P_/D
    final |       1 |     222 |       64 |     17 |    81 |    +1.2% |   -0.095 |       -0.2 |       -0.3 |      4 | digest\[252\]$_DFFE_PN0P_/D
------------------------------------------------------------------------------------------------------------------------------
[INFO RSZ-0059] Removed 1 buffers.
[INFO RSZ-0045] Inserted 64 buffers, 1 to split loads.
[INFO RSZ-0051] Resized 222 instances: 222 up, 0 up match, 0 down, 0 VT
[INFO RSZ-0043] Swapped pins on 81 instances.
[INFO RSZ-0049] Cloned 17 instances.
[WARNING RSZ-0062] Unable to repair all setup violations.
[INFO RSZ-0505] Runtime: 17.41s
[INFO RSZ-0033] No hold violations found.
[INFO RSZ-0506] Runtime: 0.01s
Took 17 seconds: repair_timing -repair_tns 100 -match_cell_footprint -verbose
Floating nets: 
Report metrics stage 3, resizer...

==========================================================================
resizer report_design_area
--------------------------------------------------------------------------
Design area 190037 um^2 63% utilization.
Instance count before 19955, after 20035
Pin count before 62108, after 62268
write_db ./results/sky130hd/chia_sha256_benchmark_corrupted/slot0/3_4_place_resized.odb
Log                       Ext     Elapsed/s Peak Memory/MB sha1sum result [0:20)
3_4_place_resized         .odb           23            220 f97cc21ec6eab0a1ac99
/root/OpenROAD-flow-scripts/flow/scripts/flow.sh 3_5_place_dp detail_place
Running detail_place.tcl, stage 3_5_place_dp
read_liberty /root/OpenROAD-flow-scripts/flow/platforms/sky130hd/lib/sky130_fd_sc_hd__tt_025C_1v80.lib
read_db ./results/sky130hd/chia_sha256_benchmark_corrupted/slot0/3_4_place_resized.odb
read_sdc ./results/sky130hd/chia_sha256_benchmark_corrupted/slot0/2_floorplan.sdc
source /root/OpenROAD-flow-scripts/flow/platforms/sky130hd/setRC.tcl
detailed_placement
[INFO DPL-0006] Core area: 300029.00 um^2
[INFO DPL-0007] Movable instances area: 185085.01 um^2
[INFO DPL-0008] Fixed instances area within core: 4952.25 um^2
[INFO DPL-0009] Utilization: 63.3%
[INFO DPL-0005] Diamond search max displacement: +/- 500 sites horizontally, +/- 100 rows vertically.
[INFO DPL-1102] Legalizing using negotiation legalizer.
[INFO DPL-1103] Negotiation base search window: +/-20 sites horizontally, +/-5 rows vertically 
	Automatic search window extension enabled.
	Search window extendable up to the max displacement cap of +/-500 sites, +/-100 rows near walls.
[INFO DPL-1104] NegotiationLegalizer DRC penalty: 5.
[INFO DPL-0392] Negotiation cell height distribution (1 unique row-count(s)):
[INFO DPL-0393]   height 1 row(s): 20035 cells
          |      Total |  Illegal |  Illegal
Iteration | Violations |    Cells |    Sites
---------------------------------------------
        0 |       2770 |       622 |      2148
        1 |        501 |        87 |       414
        2 |        200 |        26 |       174
        3 |        182 |        24 |       158
        4 |         63 |         7 |        56
        5 |         32 |         4 |        28
        6 |         30 |         2 |        28
        7 |         32 |         2 |        30
        8 |         18 |         4 |        14
        9 |          0 |         0 |         0
Negotiation phase 1 converged at iteration 9.
[INFO DPL-0500] Runtime: 0.29s
Placement Analysis
---------------------------------
total displacement      66559.2 u
average displacement        3.3 u
max displacement           34.5 u
original HPWL          539549.8 u
legalized HPWL         607701.1 u
delta HPWL                   13 %

improve_placement -max_displacement "5 1"
Detailed placement improvement.
[INFO DPL-0401] Setting random seed to 1.
[INFO DPL-0402] Setting maximum displacement 5 1 to 13600 2720 units.
[INFO DPL-0320] Collected 4730 fixed cells.
[INFO DPL-0318] Collected 16077 single height cells.
[INFO DPL-0321] Collected 0 wide cells.
[INFO DPL-0322] Image (1380, 2720) - (550160, 549440)
[INFO DPL-0310] Assigned 16077 cells into segments.  Movement in X-direction is 0.000000, movement in Y-direction is 0.000000.
[INFO DPL-0313] Found 0 cells in wrong regions.
[INFO DPL-0315] Found 0 row alignment problems.
[INFO DPL-0314] Found 0 site alignment problems.
[INFO DPL-0311] Found 0 overlaps between adjacent cells.
[INFO DPL-0312] Found 0 edge spacing violations and 0 padding violations.
[INFO DPL-0303] Running algorithm for independent set matching.
[INFO DPL-0300] Set matching objective is wirelength.
[INFO DPL-0301] Pass   1 of matching; objective is 6.076381e+08.
[INFO DPL-0302] End of matching; objective is 6.067598e+08, improvement is 0.14 percent.
[INFO DPL-0303] Running algorithm for global swaps.
[INFO DPL-0306] Pass   1 of global swaps; hpwl is 5.987980e+08.
[INFO DPL-0306] Pass   2 of global swaps; hpwl is 5.973106e+08.
[INFO DPL-0307] End of global swaps; objective is 5.973106e+08, improvement is 1.56 percent.
[INFO DPL-0303] Running algorithm for vertical swaps.
[INFO DPL-0308] Pass   1 of vertical swaps; hpwl is 5.951913e+08.
[INFO DPL-0309] End of vertical swaps; objective is 5.951913e+08, improvement is 0.35 percent.
[INFO DPL-0303] Running algorithm for reordering.
[INFO DPL-0304] Pass   1 of reordering; objective is 5.946372e+08.
[INFO DPL-0305] End of reordering; objective is 5.946372e+08, improvement is 0.09 percent.
[INFO DPL-0303] Running algorithm for random improvement.
[INFO DPL-0324] Random improver is using random generator.
[INFO DPL-0325] Random improver is using hpwl objective.
[INFO DPL-0326] Random improver cost string is (a).
[INFO DPL-0332] End of pass, Generator random called 321540 times.
[INFO DPL-0335] Generator random, Cumulative attempts 321540, swaps 47856, moves 66314 since last reset.
[INFO DPL-0333] End of pass, Objective hpwl, Initial cost 5.871312e+08, Scratch cost 5.802812e+08, Incremental cost 5.802812e+08, Mismatch? N
[INFO DPL-0338] End of pass, Total cost is 5.802812e+08.
[INFO DPL-0327] Pass   1 of random improver; improvement in cost is 1.17 percent.
[INFO DPL-0332] End of pass, Generator random called 321540 times.
[INFO DPL-0335] Generator random, Cumulative attempts 643080, swaps 93329, moves 133440 since last reset.
[INFO DPL-0333] End of pass, Objective hpwl, Initial cost 5.802812e+08, Scratch cost 5.779463e+08, Incremental cost 5.779463e+08, Mismatch? N
[INFO DPL-0338] End of pass, Total cost is 5.779463e+08.
[INFO DPL-0327] Pass   2 of random improver; improvement in cost is 0.40 percent.
[INFO DPL-0328] End of random improver; improvement is 1.564375 percent.
[INFO DPL-0380] Cell flipping.
[INFO DPL-0382] Changed 0 cell orientations for row compatibility.
[INFO DPL-0383] Performed 4190 cell flips.
[INFO DPL-0384] End of flipping; objective is 5.778732e+08, improvement is 1.30 percent.
[INFO DPL-0313] Found 0 cells in wrong regions.
[INFO DPL-0315] Found 0 row alignment problems.
[INFO DPL-0314] Found 0 site alignment problems.
[INFO DPL-0311] Found 0 overlaps between adjacent cells.
[INFO DPL-0312] Found 0 edge spacing violations and 0 padding violations.
Detailed Improvement Results
------------------------------------------
Original HPWL           607701.1 u (  285017.1,   322684.0)
Final HPWL              578115.6 u (  274726.6,   303388.9)
Delta HPWL                  -4.9 % (      -3.6,       -6.0)

optimize_mirroring
[INFO DPL-0020] Mirrored 617 instances
[INFO DPL-0021] HPWL before          578115.6 u
[INFO DPL-0022] HPWL after           577890.3 u
[INFO DPL-0023] HPWL delta               -0.0 %
[INFO FLW-0012] Placement violations .
estimate_parasitics -placement
Report metrics stage 3, detailed place...

==========================================================================
detailed place report_design_area
--------------------------------------------------------------------------
Design area 190037 um^2 63% utilization.
write_db ./results/sky130hd/chia_sha256_benchmark_corrupted/slot0/3_5_place_dp.odb
write_sdc -no_timestamp ./results/sky130hd/chia_sha256_benchmark_corrupted/slot0/3_place.sdc
Log                       Ext     Elapsed/s Peak Memory/MB sha1sum result [0:20)
3_5_place_dp              .odb            7            236 9676f3bb7755e6b027a6
cp ./results/sky130hd/chia_sha256_benchmark_corrupted/slot0/3_5_place_dp.odb ./results/sky130hd/chia_sha256_benchmark_corrupted/slot0/3_place.odb
make: Leaving directory '/root/OpenROAD-flow-scripts/flow'

STDERR:
bash: /opt/miniconda/lib/libtinfo.so.6: no version information available (required by bash)
bash: /opt/miniconda/lib/libtinfo.so.6: no version information available (required by bash)
bash: /opt/miniconda/lib/libtinfo.so.6: no version information available (required by bash)
bash: /opt/miniconda/lib/libtinfo.so.6: no version information available (required by bash)
bash: /opt/miniconda/lib/libtinfo.so.6: no version information available (required by bash)
bash: /opt/miniconda/lib/libtinfo.so.6: no version information available (required by bash)
bash: /opt/miniconda/lib/libtinfo.so.6: no version information available (required by bash)
bash: /opt/miniconda/lib/libtinfo.so.6: no version information available (required by bash)
bash: /opt/miniconda/lib/libtinfo.so.6: no version information available (required by bash)
bash: /opt/miniconda/lib/libtinfo.so.6: no version information available (required by bash)
bash: /opt/miniconda/lib/libtinfo.so.6: no version information available (required by bash)
bash: /opt/miniconda/lib/libtinfo.so.6: no version information available (required by bash)
bash: /opt/miniconda/lib/libtinfo.so.6: no version information available (required by bash)
bash: /opt/miniconda/lib/libtinfo.so.6: no version information available (required by bash)
bash: /opt/miniconda/lib/libtinfo.so.6: no version information available (required by bash)
bash: /opt/miniconda/lib/libtinfo.so.6: no version information available (required by bash)
bash: /opt/miniconda/lib/libtinfo.so.6: no version information available (required by bash)
bash: /opt/miniconda/lib/libtinfo.so.6: no version information available (required by bash)
bash: /opt/miniconda/lib/libtinfo.so.6: no version information available (required by bash)
bash: /opt/miniconda/lib/libtinfo.so.6: no version information available (required by bash)
bash: /opt/miniconda/lib/libtinfo.so.6: no version information available (required by bash)
bash: /opt/miniconda/lib/libtinfo.so.6: no version information available (required by bash)
bash: /opt/miniconda/lib/libtinfo.so.6: no version information available (required by bash)
bash: /opt/miniconda/lib/libtinfo.so.6: no version information available (required by bash)
Elapsed time: 0:01.59[h:]min:sec. CPU time: user 1.53 sys 0.05 (99%). Peak memory: 176352KB.
bash: /opt/miniconda/lib/libtinfo.so.6: no version information available (required by bash)
bash: /opt/miniconda/lib/libtinfo.so.6: no version information available (required by bash)
bash: /opt/miniconda/lib/libtinfo.so.6: no version information available (required by bash)
bash: /opt/miniconda/lib/libtinfo.so.6: no version information available (required by bash)
bash: /opt/miniconda/lib/libtinfo.so.6: no version information available (required by bash)
bash: /opt/miniconda/lib/libtinfo.so.6: no version information available (required by bash)
bash: /opt/miniconda/lib/libtinfo.so.6: no version information available (required by bash)
bash: /opt/miniconda/lib/libtinfo.so.6: no version information available (required by bash)
bash: /opt/miniconda/lib/libtinfo.so.6: no version information available (required by bash)
bash: /opt/miniconda/lib/libtinfo.so.6: no version information available (required by bash)
bash: /opt/miniconda/lib/libtinfo.so.6: no version information available (required by bash)
bash: /opt/miniconda/lib/libtinfo.so.6: no version information available (required by bash)
bash: /opt/miniconda/lib/libtinfo.so.6: no version information available (required by bash)
bash: /opt/miniconda/lib/libtinfo.so.6: no version information available (required by bash)
Elapsed time: 0:00.38[h:]min:sec. CPU time: user 0.31 sys 0.05 (97%). Peak memory: 158880KB.
bash: /opt/miniconda/lib/libtinfo.so.6: no version information available (required by bash)
bash: /opt/miniconda/lib/libtinfo.so.6: no version information available (required by bash)
bash: /opt/miniconda/lib/libtinfo.so.6: no version information available (required by bash)
bash: /opt/miniconda/lib/libtinfo.so.6: no version information available (required by bash)
bash: /opt/miniconda/lib/libtinfo.so.6: no version information available (required by bash)
bash: /opt/miniconda/lib/libtinfo.so.6: no version information available (required by bash)
bash: /opt/miniconda/lib/libtinfo.so.6: no version information available (required by bash)
bash: /opt/miniconda/lib/libtinfo.so.6: no version information available (required by bash)
bash: /opt/miniconda/lib/libtinfo.so.6: no version information available (required by bash)
bash: /opt/miniconda/lib/libtinfo.so.6: no version information available (required by bash)
bash: /opt/miniconda/lib/libtinfo.so.6: no version information available (required by bash)
bash: /opt/miniconda/lib/libtinfo.so.6: no version information available (required by bash)
bash: /opt/miniconda/lib/libtinfo.so.6: no version information available (required by bash)
bash: /opt/miniconda/lib/libtinfo.so.6: no version information available (required by bash)
Elapsed time: 0:24.16[h:]min:sec. CPU time: user 23.80 sys 0.31 (99%). Peak memory: 405820KB.
bash: /opt/miniconda/lib/libtinfo.so.6: no version information available (required by bash)
bash: /opt/miniconda/lib/libtinfo.so.6: no version information available (required by bash)
bash: /opt/miniconda/lib/libtinfo.so.6: no version information available (required by bash)
bash: /opt/miniconda/lib/libtinfo.so.6: no version information available (required by bash)
bash: /opt/miniconda/lib/libtinfo.so.6: no version information available (required by bash)
bash: /opt/miniconda/lib/libtinfo.so.6: no version information available (required by bash)
bash: /opt/miniconda/lib/libtinfo.so.6: no version information available (required by bash)
bash: /opt/miniconda/lib/libtinfo.so.6: no version information available (required by bash)
bash: /opt/miniconda/lib/libtinfo.so.6: no version information available (required by bash)
bash: /opt/miniconda/lib/libtinfo.so.6: no version information available (required by bash)
bash: /opt/miniconda/lib/libtinfo.so.6: no version information available (required by bash)
bash: /opt/miniconda/lib/libtinfo.so.6: no version information available (required by bash)
bash: /opt/miniconda/lib/libtinfo.so.6: no version information available (required by bash)
bash: /opt/miniconda/lib/libtinfo.so.6: no version information available (required by bash)
Elapsed time: 0:23.20[h:]min:sec. CPU time: user 22.81 sys 0.14 (98%). Peak memory: 225488KB.
bash: /opt/miniconda/lib/libtinfo.so.6: no version information available (required by bash)
bash: /opt/miniconda/lib/libtinfo.so.6: no version information available (required by bash)
bash: /opt/miniconda/lib/libtinfo.so.6: no version information available (required by bash)
bash: /opt/miniconda/lib/libtinfo.so.6: no version information available (required by bash)
bash: /opt/miniconda/lib/libtinfo.so.6: no version information available (required by bash)
bash: /opt/miniconda/lib/libtinfo.so.6: no version information available (required by bash)
bash: /opt/miniconda/lib/libtinfo.so.6: no version information available (required by bash)
bash: /opt/miniconda/lib/libtinfo.so.6: no version information available (required by bash)
bash: /opt/miniconda/lib/libtinfo.so.6: no version information available (required by bash)
bash: /opt/miniconda/lib/libtinfo.so.6: no version information available (required by bash)
bash: /opt/miniconda/lib/libtinfo.so.6: no version information available (required by bash)
bash: /opt/miniconda/lib/libtinfo.so.6: no version information available (required by bash)
bash: /opt/miniconda/lib/libtinfo.so.6: no version information available (required by bash)
bash: /opt/miniconda/lib/libtinfo.so.6: no version information available (required by bash)
Elapsed time: 0:07.86[h:]min:sec. CPU time: user 7.60 sys 0.10 (97%). Peak memory: 242304KB.
bash: /opt/miniconda/lib/libtinfo.so.6: no version information available (required by bash)
bash: /opt/miniconda/lib/libtinfo.so.6: no version information available (required by bash)
bash: /opt/miniconda/lib/libtinfo.so.6: no version information available (required by bash)
bash: /opt/miniconda/lib/libtinfo.so.6: no version information available (required by bash)
bash: /opt/miniconda/lib/libtinfo.so.6: no version information available (required by bash)
bash: /opt/miniconda/lib/libtinfo.so.6: no version information available (required by bash)
bash: /opt/miniconda/lib/libtinfo.so.6: no version information available (required by bash)
bash: /opt/miniconda/lib/libtinfo.so.6: no version information available (required by bash)
bash: /opt/miniconda/lib/libtinfo.so.6: no version information available (required by bash)
bash: /opt/miniconda/lib/libtinfo.so.6: no version information available (required by bash)
bash: /opt/miniconda/lib/libtinfo.so.6: no version information available (required by bash)
bash: /opt/miniconda/lib/libtinfo.so.6: no version information available (required by bash)
bash: /opt/miniconda/lib/libtinfo.so.6: no version information available (required by bash)
