make: Entering directory '/root/OpenROAD-flow-scripts/flow'
/root/OpenROAD-flow-scripts/flow/scripts/flow.sh 5_1_grt global_route
Running global_route.tcl, stage 5_1_grt
read_liberty /root/OpenROAD-flow-scripts/flow/platforms/sky130hd/lib/sky130_fd_sc_hd__tt_025C_1v80.lib
read_db ./results/sky130hd/chia_sha256_benchmark_corrupted/slot0/4_cts.odb
read_sdc ./results/sky130hd/chia_sha256_benchmark_corrupted/slot0/4_cts.sdc
source /root/OpenROAD-flow-scripts/flow/platforms/sky130hd/setRC.tcl
pin_access
[INFO DRT-0149] Reading tech and libs.
[WARNING DRT-0349] LEF58_ENCLOSURE with no CUTCLASS is not supported. Skipping for layer mcon
[WARNING DRT-0349] LEF58_ENCLOSURE with no CUTCLASS is not supported. Skipping for layer mcon
[WARNING DRT-0349] LEF58_ENCLOSURE with no CUTCLASS is not supported. Skipping for layer via
[WARNING DRT-0349] LEF58_ENCLOSURE with no CUTCLASS is not supported. Skipping for layer via
[WARNING DRT-0349] LEF58_ENCLOSURE with no CUTCLASS is not supported. Skipping for layer via2
[WARNING DRT-0349] LEF58_ENCLOSURE with no CUTCLASS is not supported. Skipping for layer via2
[WARNING DRT-0349] LEF58_ENCLOSURE with no CUTCLASS is not supported. Skipping for layer via3
[WARNING DRT-0349] LEF58_ENCLOSURE with no CUTCLASS is not supported. Skipping for layer via3
[WARNING DRT-0349] LEF58_ENCLOSURE with no CUTCLASS is not supported. Skipping for layer via4
[WARNING DRT-0349] LEF58_ENCLOSURE with no CUTCLASS is not supported. Skipping for layer via4

Units:                1000
Number of layers:     13
Number of macros:     441
Number of vias:       29
Number of viarulegen: 25

[INFO DRT-0150] Reading design.
[WARNING DRT-0120] Large net net4366 has 116 pins which may impact routing performance. Consider optimization.
[WARNING DRT-0120] Large net net4365 has 105 pins which may impact routing performance. Consider optimization.
[WARNING DRT-0120] Large net net3754 has 219 pins which may impact routing performance. Consider optimization.
[WARNING DRT-0120] Large net net3752 has 110 pins which may impact routing performance. Consider optimization.
[WARNING DRT-0120] Large net net4137 has 155 pins which may impact routing performance. Consider optimization.
[WARNING DRT-0120] Large net net4368 has 113 pins which may impact routing performance. Consider optimization.
[WARNING DRT-0120] Large net net4428 has 132 pins which may impact routing performance. Consider optimization.
[WARNING DRT-0120] Large net net4427 has 146 pins which may impact routing performance. Consider optimization.
[WARNING DRT-0120] Large net net4419 has 105 pins which may impact routing performance. Consider optimization.
[WARNING DRT-0120] Large net net4412 has 131 pins which may impact routing performance. Consider optimization.
[WARNING DRT-0120] Large net net4407 has 120 pins which may impact routing performance. Consider optimization.
[WARNING DRT-0120] Large net net4406 has 165 pins which may impact routing performance. Consider optimization.
[WARNING DRT-0120] Large net net4401 has 138 pins which may impact routing performance. Consider optimization.
[WARNING DRT-0120] Large net net4400 has 128 pins which may impact routing performance. Consider optimization.
[WARNING DRT-0120] Large net net4397 has 123 pins which may impact routing performance. Consider optimization.
[WARNING DRT-0120] Large net net4394 has 180 pins which may impact routing performance. Consider optimization.

Design:                   sha256
Die area:                 ( 0 0 ) ( 609240 609240 )
Number of track patterns: 12
Number of DEF vias:       0
Number of components:     21291
Number of terminals:      774
Number of snets:          2
Number of nets:           17076

[INFO DRT-0167] List of default vias:
  Layer via
    default via: M1M2_PR
  Layer via2
    default via: M2M3_PR
  Layer via3
    default via: M3M4_PR
  Layer via4
    default via: M4M5_PR
[INFO DRT-0162] Library cell analysis.
[INFO DRT-0163] Instance analysis.
[INFO DRT-0164] Number of unique instances = 258.
[INFO DRT-0168] Init region query.
[INFO DRT-0024]   Complete FR_MASTERSLICE.
[INFO DRT-0024]   Complete Fr_VIA.
[INFO DRT-0024]   Complete li1.
[INFO DRT-0024]   Complete mcon.
[INFO DRT-0024]   Complete met1.
[INFO DRT-0024]   Complete via.
[INFO DRT-0024]   Complete met2.
[INFO DRT-0024]   Complete via2.
[INFO DRT-0024]   Complete met3.
[INFO DRT-0024]   Complete via3.
[INFO DRT-0024]   Complete met4.
[INFO DRT-0024]   Complete via4.
[INFO DRT-0024]   Complete met5.
[INFO DRT-0033] FR_MASTERSLICE shape region query size = 0.
[INFO DRT-0033] FR_VIA shape region query size = 0.
[INFO DRT-0033] li1 shape region query size = 612086.
[INFO DRT-0033] mcon shape region query size = 364446.
[INFO DRT-0033] met1 shape region query size = 114824.
[INFO DRT-0033] via shape region query size = 24530.
[INFO DRT-0033] met2 shape region query size = 15198.
[INFO DRT-0033] via2 shape region query size = 19624.
[INFO DRT-0033] met3 shape region query size = 15010.
[INFO DRT-0033] via3 shape region query size = 19624.
[INFO DRT-0033] met4 shape region query size = 5918.
[INFO DRT-0033] via4 shape region query size = 968.
[INFO DRT-0033] met5 shape region query size = 1056.
[INFO DRT-0165] Start pin access.
[INFO DRT-0076]   Complete 1000 pins.
[INFO DRT-0076]   Complete 2000 pins.
[INFO DRT-0078]   Complete 2070 pins.
[INFO DRT-0079]   Complete 100 unique inst patterns.
[INFO DRT-0079]   Complete 200 unique inst patterns.
[INFO DRT-0081]   Complete 258 unique inst patterns.
[INFO DRT-0082]   Complete 10000 groups.
[INFO DRT-0084]   Complete 11312 groups.
#scanned instances     = 21291
#unique  instances     = 258
#stdCellGenAp          = 9770
#stdCellValidPlanarAp  = 170
#stdCellValidViaAp     = 6198
#stdCellPinNoAp        = 10
#stdCellPinCnt         = 62817
#instTermValidViaApCnt = 0
#macroGenAp            = 0
#macroValidPlanarAp    = 0
#macroValidViaAp       = 0
#macroNoAp             = 0
[INFO DRT-0166] Complete pin access.
[INFO DRT-0267] cpu time = 00:02:41, elapsed time = 00:02:41, memory = 251.61 (MB), peak = 265.21 (MB)
Took 162 seconds: pin_access
global_route -congestion_report_file ./reports/sky130hd/chia_sha256_benchmark_corrupted/slot0/congestion.rpt -congestion_iterations 30 -congestion_report_iter_step 5 -verbose
[INFO GRT-0020] Min routing layer: met1
[INFO GRT-0021] Max routing layer: met5
[INFO GRT-0022] Global adjustment: 0%
[INFO GRT-0023] Grid origin: (0, 0)
[INFO GRT-0088] Layer li1     Track-Pitch = 0.4600  line-2-Via Pitch: 0.3400
[INFO GRT-0088] Layer met1    Track-Pitch = 0.3400  line-2-Via Pitch: 0.3400
[INFO GRT-0088] Layer met2    Track-Pitch = 0.4600  line-2-Via Pitch: 0.3500
[INFO GRT-0088] Layer met3    Track-Pitch = 0.6800  line-2-Via Pitch: 0.6150
[INFO GRT-0088] Layer met4    Track-Pitch = 0.9200  line-2-Via Pitch: 1.0400
[INFO GRT-0088] Layer met5    Track-Pitch = 3.4000  line-2-Via Pitch: 3.1100
[INFO GRT-0003] Macros: 0
[INFO GRT-0004] Blockages: 62987
[INFO GRT-0019] Found 303 clock nets.
[INFO GRT-0001] Minimum degree: 2
[INFO GRT-0002] Maximum degree: 219

[INFO GRT-0053] Routing resources analysis:
          Routing      Original      Derated      Resource
Layer     Direction    Resources     Resources    Reduction (%)
---------------------------------------------------------------
li1        Vertical            0             0          0.00%
met1       Horizontal     111471         86285          22.59%
met2       Vertical        99180         76125          23.25%
met3       Horizontal      74080         58122          21.54%
met4       Vertical        48894         34713          29.00%
met5       Horizontal      11049          7743          29.92%
---------------------------------------------------------------

[INFO GRT-0101] Running extra iterations to remove congestion.
[INFO GRT-0102] Start extra iteration 1/30
[INFO GRT-0102] Start extra iteration 2/30
[INFO GRT-0102] Start extra iteration 3/30
[INFO GRT-0197] Via related to pin nodes: 108399
[INFO GRT-0198] Via related Steiner nodes: 3231
[INFO GRT-0199] Via filling finished.
[INFO GRT-0111] Final number of vias: 139954
[INFO GRT-0112] Final usage 3D: 529435

[INFO GRT-0096] Final congestion report:
Layer         Resource        Demand        Usage (%)    Max H / Max V / Total Congestion
---------------------------------------------------------------------------------------
li1                  0             0            0.00%             0 /  0 /  0
met1             86285         44352           51.40%             0 /  0 /  0
met2             76125         45491           59.76%             0 /  0 /  0
met3             58122          7534           12.96%             0 /  0 /  0
met4             34713         12196           35.13%             0 /  0 /  0
met5              7743             0            0.00%             0 /  0 /  0
---------------------------------------------------------------------------------------
Total           262988        109573           41.66%             0 /  0 /  0

[INFO GRT-0018] Total wirelength: 1098894 um
[INFO GRT-0014] Routed nets: 17066
[INFO GRT-0303] Global routing runtime = 00:00:01
[WARNING STA-0450] virtual clock vclk can not be propagated.
estimate_parasitics -global_routing
Perform buffer insertion and gate resizing...
repair_design -verbose
Iteration |   Area    | Resized | Buffers | Nets repaired | Remaining
---------------------------------------------------------------------
        0 |     +0.0% |       0 |       0 |             0 |     17323
     1000 |     +0.0% |       0 |       0 |             0 |     16323
     2000 |     +0.0% |       0 |       0 |             0 |     15323
     3000 |     +0.0% |       0 |       0 |             0 |     14323
     4000 |     +0.0% |       0 |       0 |             0 |     13323
     5000 |     +0.0% |       0 |       0 |             0 |     12323
     6000 |     +0.0% |       0 |       0 |             0 |     11323
     7000 |     +0.0% |       0 |       0 |             0 |     10323
     8000 |     +0.0% |       0 |       0 |             0 |      9323
     9000 |     +0.0% |       0 |       0 |             0 |      8323
    10000 |     +0.0% |       0 |       0 |             0 |      7323
[WARNING RSZ-0104] Net _12922_ only has one pin. Check if it is intended to be dangling.
[WARNING RSZ-0104] Net _12920_ only has one pin. Check if it is intended to be dangling.
    11000 |     +0.0% |       0 |       0 |             0 |      6323
[WARNING RSZ-0104] Net _12921_ only has one pin. Check if it is intended to be dangling.
[WARNING RSZ-0104] Net _12928_ only has one pin. Check if it is intended to be dangling.
[WARNING RSZ-0104] Net _12926_ only has one pin. Check if it is intended to be dangling.
[WARNING RSZ-0104] Net _12925_ only has one pin. Check if it is intended to be dangling.
[WARNING RSZ-0104] Net _12924_ only has one pin. Check if it is intended to be dangling.
[WARNING RSZ-0104] Net _12923_ only has one pin. Check if it is intended to be dangling.
    12000 |     +0.0% |       0 |       0 |             0 |      5323
[WARNING RSZ-0104] Net _12927_ only has one pin. Check if it is intended to be dangling.
[WARNING RSZ-0104] Net _12930_ only has one pin. Check if it is intended to be dangling.
    13000 |     +0.0% |       0 |       0 |             0 |      4323
    14000 |     +0.0% |       0 |       0 |             0 |      3323
    15000 |     +0.0% |       0 |       0 |             0 |      2323
    16000 |     +0.0% |       0 |       0 |             0 |      1323
    17000 |     +0.0% |       0 |       0 |             0 |       323
    final |     +0.0% |       0 |       0 |             0 |         0
---------------------------------------------------------------------
[INFO RSZ-0504] Runtime: 0.82s
global_route -start_incremental
detailed_placement
[INFO DPL-0006] Core area: 366373.88 um^2
[INFO DPL-0007] Movable instances area: 196731.18 um^2
[INFO DPL-0008] Fixed instances area within core: 6025.78 um^2
[INFO DPL-0009] Utilization: 55.3%
[INFO DPL-0005] Diamond search max displacement: +/- 500 sites horizontally, +/- 100 rows vertically.
[INFO DPL-1102] Legalizing using negotiation legalizer.
[INFO DPL-1103] Negotiation base search window: +/-20 sites horizontally, +/-5 rows vertically 
	Automatic search window extension enabled.
	Search window extendable up to the max displacement cap of +/-500 sites, +/-100 rows near walls.
[INFO DPL-1104] NegotiationLegalizer DRC penalty: 5.
[INFO DPL-0392] Negotiation cell height distribution (1 unique row-count(s)):
[INFO DPL-0393]   height 1 row(s): 21291 cells
[INFO DPL-0500] Runtime: 0.06s
Placement Analysis
---------------------------------
total displacement          0.0 u
average displacement        0.0 u
max displacement            0.0 u
original HPWL          593017.9 u
legalized HPWL         593017.9 u
delta HPWL                    0 %

global_route -end_incremental -congestion_report_file ./reports/sky130hd/chia_sha256_benchmark_corrupted/slot0/congestion_post_repair_design.rpt
Repair setup and hold violations...
estimate_parasitics -global_routing
repair_timing -setup_margin 1 -hold_margin 0 -repair_tns 100 -verbose
[INFO RSZ-0100] Repair move sequence: UnbufferMove SizeUpMove SwapPinsMove BufferMove CloneMove SplitLoadMove 
[INFO RSZ-0094] Found 85 endpoints with setup violations.
[INFO RSZ-0099] Repairing 85 out of 85 (100.00%) violating endpoints...
   Iter   | Removed | Resized | Inserted | Cloned |  Pin  |   Area   |    WNS   |   StTNS    |   EnTNS    |  Viol  |  Worst  
          | Buffers |  Gates  | Buffers  |  Gates | Swaps |          |          |            |            | Endpts | St/EnPt 
------------------------------------------------------------------------------------------------------------------------------
       0* |       0 |       0 |        0 |      0 |     0 |    +0.0% |   -0.760 |       -4.2 |      -14.7 |     85 | digest\[255\]$_DFFE_PN0P_/D
      10* |       0 |       2 |        2 |      0 |     5 |    +0.0% |   -0.712 |       -3.5 |      -13.3 |     85 | digest\[255\]$_DFFE_PN0P_/D
      20* |       0 |       8 |        3 |      0 |     8 |    +0.0% |   -0.678 |       -2.9 |      -11.7 |     85 | digest\[255\]$_DFFE_PN0P_/D
      30* |       0 |      12 |        4 |      0 |    13 |    +0.0% |   -0.642 |       -2.4 |      -12.3 |     85 | digest\[255\]$_DFFE_PN0P_/D
      40* |       0 |      16 |        5 |      0 |    18 |    +0.1% |   -0.666 |       -2.9 |      -11.5 |     85 | digest\[255\]$_DFFE_PN0P_/D
      50* |       0 |      17 |        6 |      0 |    26 |    +0.1% |   -0.619 |       -2.3 |      -11.4 |     85 | digest\[253\]$_DFFE_PN0P_/D
      60* |       0 |      17 |        8 |      0 |    34 |    +0.1% |   -0.754 |       -5.4 |      -12.4 |     85 | digest\[253\]$_DFFE_PN0P_/D
      70* |       0 |      17 |       10 |      0 |    42 |    +0.1% |   -0.814 |       -9.3 |      -14.4 |     85 | digest\[255\]$_DFFE_PN0P_/D
      80* |       0 |      20 |       13 |      0 |    46 |    +0.1% |   -0.835 |       -9.4 |      -15.9 |     85 | digest\[255\]$_DFFE_PN0P_/D
      86* |       0 |      16 |        5 |      0 |    14 |    +0.1% |   -0.616 |       -2.2 |      -11.4 |     85 | digest\[255\]$_DFFE_PN0P_/D
      90* |       0 |      16 |        5 |      0 |    17 |    +0.1% |   -0.663 |       -2.8 |      -11.9 |     85 | digest\[255\]$_DFFE_PN0P_/D
     100* |       0 |      18 |        7 |      0 |    23 |    +0.1% |   -0.645 |       -2.5 |      -11.5 |     85 | digest\[255\]$_DFFE_PN0P_/D
     110* |       0 |      24 |        8 |      0 |    26 |    +0.1% |   -0.609 |       -2.1 |      -11.2 |     85 | digest\[255\]$_DFFE_PN0P_/D
     120* |       0 |      31 |        8 |      0 |    29 |    +0.1% |   -0.582 |       -2.0 |      -10.2 |     85 | digest\[255\]$_DFFE_PN0P_/D
     130* |       0 |      35 |        8 |      2 |    33 |    +0.1% |   -0.563 |       -1.9 |       -9.9 |     85 | digest\[255\]$_DFFE_PN0P_/D
     140* |       0 |      37 |       12 |      2 |    39 |    +0.2% |   -0.543 |       -1.8 |       -9.3 |     85 | digest\[255\]$_DFFE_PN0P_/D
     150* |       0 |      42 |       12 |      2 |    44 |    +0.2% |   -0.534 |       -1.8 |       -9.2 |     85 | digest\[255\]$_DFFE_PN0P_/D
     160* |       0 |      45 |       14 |      2 |    49 |    +0.2% |   -0.577 |       -1.9 |       -9.6 |     85 | digest\[255\]$_DFFE_PN0P_/D
     170* |       0 |      47 |       15 |      2 |    56 |    +0.2% |   -0.696 |       -3.7 |      -12.2 |     85 | digest\[255\]$_DFFE_PN0P_/D
     180* |       0 |      47 |       16 |      2 |    65 |    +0.2% |   -0.732 |       -4.9 |      -14.1 |     85 | digest\[255\]$_DFFE_PN0P_/D
     183* |       0 |      44 |       13 |      2 |    45 |    +0.2% |   -0.534 |       -1.8 |       -9.2 |     85 | digest\[255\]$_DFFE_PN0P_/D
     190* |       0 |      46 |       14 |      2 |    48 |    +0.2% |   -0.532 |       -1.8 |       -9.5 |     85 | digest\[255\]$_DFFE_PN0P_/D
     191* |       0 |      45 |       14 |      2 |    45 |    +0.2% |   -0.519 |       -1.7 |       -9.2 |     85 | digest\[255\]$_DFFE_PN0P_/D
     196* |       0 |      45 |       14 |      2 |    45 |    +0.2% |   -0.519 |       -1.7 |       -9.2 |     85 | digest\[255\]$_DFFE_PN0P_/D
     200* |       0 |      45 |       15 |      2 |    47 |    +0.2% |   -0.579 |       -2.0 |       -9.4 |     85 | digest\[255\]$_DFFE_PN0P_/D
     210* |       0 |      48 |       16 |      2 |    53 |    +0.2% |   -0.525 |       -1.7 |       -9.2 |     85 | digest\[255\]$_DFFE_PN0P_/D
     212* |       0 |      45 |       14 |      2 |    45 |    +0.2% |   -0.519 |       -1.7 |       -9.2 |     85 | digest\[255\]$_DFFE_PN0P_/D
     220* |       0 |      50 |       16 |      2 |    45 |    +0.2% |   -0.544 |       -1.8 |       -9.9 |     85 | digest\[255\]$_DFFE_PN0P_/D
     220* |       0 |      45 |       15 |      2 |    45 |    +0.2% |   -0.518 |       -1.7 |       -9.2 |     85 | digest\[255\]$_DFFE_PN0P_/D
     230* |       0 |      48 |       17 |      2 |    49 |    +0.2% |   -0.513 |       -1.7 |       -9.2 |     85 | digest\[255\]$_DFFE_PN0P_/D
     238* |       0 |      47 |       16 |      2 |    49 |    +0.2% |   -0.513 |       -1.7 |       -9.2 |     85 | digest\[255\]$_DFFE_PN0P_/D
     240* |       0 |      48 |       16 |      2 |    49 |    +0.2% |   -0.513 |       -1.7 |       -9.2 |     85 | digest\[255\]$_DFFE_PN0P_/D
     250* |       0 |      50 |       17 |      2 |    56 |    +0.2% |   -0.527 |       -1.7 |       -9.0 |     85 | digest\[255\]$_DFFE_PN0P_/D
     260* |       0 |      55 |       18 |      2 |    60 |    +0.3% |   -0.527 |       -1.7 |       -9.2 |     85 | digest\[255\]$_DFFE_PN0P_/D
     266* |       0 |      49 |       17 |      2 |    49 |    +0.2% |   -0.513 |       -1.7 |       -8.9 |     85 | digest\[255\]$_DFFE_PN0P_/D
     270* |       0 |      50 |       17 |      2 |    51 |    +0.2% |   -0.513 |       -1.7 |       -8.9 |     85 | digest\[255\]$_DFFE_PN0P_/D
     280* |       0 |      57 |       17 |      2 |    54 |    +0.3% |   -0.527 |       -1.7 |       -9.1 |     85 | digest\[255\]$_DFFE_PN0P_/D
     290* |       0 |      62 |       19 |      2 |    57 |    +0.3% |   -0.527 |       -1.7 |       -9.0 |     85 | digest\[255\]$_DFFE_PN0P_/D
     293* |       0 |      50 |       17 |      2 |    50 |    +0.2% |   -0.513 |       -1.7 |       -8.9 |     85 | digest\[255\]$_DFFE_PN0P_/D
     299* |       0 |      50 |       17 |      2 |    50 |    +0.2% |   -0.513 |       -1.7 |       -8.9 |     85 | digest\[255\]$_DFFE_PN0P_/D
     300* |       0 |      50 |       17 |      2 |    50 |    +0.2% |   -0.513 |       -1.7 |       -8.9 |     85 | digest\[255\]$_DFFE_PN0P_/D
     306* |       0 |      50 |       17 |      2 |    50 |    +0.2% |   -0.513 |       -1.7 |       -8.9 |     85 | digest\[255\]$_DFFE_PN0P_/D
     310* |       0 |      52 |       17 |      2 |    51 |    +0.2% |   -0.505 |       -1.7 |       -8.8 |     85 | digest\[255\]$_DFFE_PN0P_/D
     320* |       0 |      58 |       19 |      2 |    53 |    +0.3% |   -0.510 |       -1.7 |       -8.8 |     85 | digest\[255\]$_DFFE_PN0P_/D
     330* |       0 |      64 |       20 |      2 |    56 |    +0.3% |   -0.527 |       -1.7 |       -8.9 |     85 | digest\[255\]$_DFFE_PN0P_/D
     340* |       0 |      66 |       20 |      2 |    64 |    +0.3% |   -0.489 |       -1.6 |       -8.6 |     85 | digest\[255\]$_DFFE_PN0P_/D
     350* |       0 |      71 |       21 |      3 |    67 |    +0.3% |   -0.492 |       -1.6 |       -8.6 |     85 | digest\[255\]$_DFFE_PN0P_/D
     354* |       0 |      72 |       21 |      3 |    67 |    +0.3% |   -0.489 |       -1.6 |       -8.5 |     85 | digest\[255\]$_DFFE_PN0P_/D
     360* |       0 |      76 |       21 |      3 |    68 |    +0.3% |   -0.489 |       -1.6 |       -8.4 |     85 | digest\[255\]$_DFFE_PN0P_/D
     370* |       0 |      79 |       25 |      3 |    71 |    +0.3% |   -0.505 |       -1.7 |       -8.9 |     85 | digest\[255\]$_DFFE_PN0P_/D
     370* |       0 |      77 |       22 |      3 |    70 |    +0.3% |   -0.489 |       -1.6 |       -8.4 |     85 | digest\[255\]$_DFFE_PN0P_/D
     380* |       0 |      80 |       23 |      3 |    75 |    +0.3% |   -0.489 |       -1.6 |       -7.8 |     85 | digest\[255\]$_DFFE_PN0P_/D
     390* |       0 |      81 |       25 |      3 |    82 |    +0.3% |   -0.489 |       -1.6 |       -9.1 |     85 | digest\[255\]$_DFFE_PN0P_/D
     400* |       0 |      83 |       26 |      3 |    89 |    +0.3% |   -0.562 |       -1.9 |      -11.0 |     85 | digest\[255\]$_DFFE_PN0P_/D
     407* |       0 |      80 |       23 |      3 |    76 |    +0.3% |   -0.489 |       -1.6 |       -7.7 |     85 | digest\[255\]$_DFFE_PN0P_/D
     410* |       0 |      81 |       24 |      3 |    76 |    +0.3% |   -0.489 |       -1.6 |       -7.7 |     85 | digest\[255\]$_DFFE_PN0P_/D
     420* |       0 |      83 |       26 |      3 |    82 |    +0.3% |   -0.600 |       -2.1 |      -12.4 |     85 | digest\[255\]$_DFFE_PN0P_/D
     429* |       0 |      83 |       26 |      3 |    78 |    +0.3% |   -0.489 |       -1.6 |       -7.7 |     85 | digest\[255\]$_DFFE_PN0P_/D
     430* |       0 |      83 |       26 |      3 |    78 |    +0.3% |   -0.489 |       -1.6 |       -7.7 |     85 | digest\[255\]$_DFFE_PN0P_/D
     432* |       0 |      83 |       26 |      3 |    78 |    +0.3% |   -0.489 |       -1.6 |       -7.7 |     85 | digest\[255\]$_DFFE_PN0P_/D
     440* |       0 |      85 |       29 |      3 |    80 |    +0.4% |   -0.489 |       -1.6 |       -7.8 |     85 | digest\[255\]$_DFFE_PN0P_/D
     442* |       0 |      83 |       26 |      3 |    78 |    +0.3% |   -0.489 |       -1.6 |       -7.7 |     85 | digest\[255\]$_DFFE_PN0P_/D
     450* |       0 |      84 |       28 |      3 |    82 |    +0.4% |   -0.489 |       -1.6 |       -7.9 |     85 | digest\[255\]$_DFFE_PN0P_/D
     456* |       0 |      86 |       29 |      3 |    84 |    +0.4% |   -0.489 |       -1.6 |       -7.7 |     85 | digest\[255\]$_DFFE_PN0P_/D
     460* |       0 |      87 |       29 |      3 |    86 |    +0.4% |   -0.489 |       -1.6 |       -7.8 |     85 | digest\[255\]$_DFFE_PN0P_/D
     470* |       0 |      93 |       29 |      3 |    90 |    +0.4% |   -0.489 |       -1.6 |       -7.7 |     85 | digest\[255\]$_DFFE_PN0P_/D
     480* |       0 |      97 |       34 |      3 |    91 |    +0.4% |   -0.489 |       -1.6 |       -7.9 |     85 | digest\[255\]$_DFFE_PN0P_/D
     490* |       0 |     103 |       35 |      3 |    94 |    +0.4% |   -0.489 |       -1.6 |       -7.8 |     85 | digest\[255\]$_DFFE_PN0P_/D
     493* |       0 |      94 |       31 |      3 |    90 |    +0.4% |   -0.489 |       -1.6 |       -7.7 |     85 | digest\[255\]$_DFFE_PN0P_/D
     500* |       0 |      98 |       31 |      3 |    92 |    +0.4% |   -0.489 |       -1.6 |       -7.6 |     85 | digest\[255\]$_DFFE_PN0P_/D
     506* |       0 |      96 |       31 |      3 |    90 |    +0.4% |   -0.489 |       -1.6 |       -7.6 |     85 | digest\[255\]$_DFFE_PN0P_/D
     510* |       0 |      98 |       32 |      3 |    90 |    +0.4% |   -0.489 |       -1.6 |       -7.9 |     85 | digest\[255\]$_DFFE_PN0P_/D
     517* |       0 |      98 |       31 |      3 |    90 |    +0.4% |   -0.489 |       -1.6 |       -7.7 |     85 | digest\[255\]$_DFFE_PN0P_/D
     520* |       0 |     100 |       31 |      3 |    90 |    +0.4% |   -0.498 |       -1.6 |       -7.8 |     85 | digest\[255\]$_DFFE_PN0P_/D
     525* |       0 |      98 |       31 |      3 |    90 |    +0.4% |   -0.489 |       -1.6 |       -7.7 |     85 | digest\[255\]$_DFFE_PN0P_/D
     530* |       0 |      99 |       31 |      3 |    93 |    +0.4% |   -0.489 |       -1.6 |       -7.6 |     85 | digest\[255\]$_DFFE_PN0P_/D
     540* |       0 |     103 |       32 |      3 |    98 |    +0.4% |   -0.499 |       -1.6 |       -7.8 |     85 | digest\[255\]$_DFFE_PN0P_/D
     550* |       0 |     109 |       34 |      3 |   100 |    +0.4% |   -0.494 |       -1.6 |       -7.7 |     85 | digest\[255\]$_DFFE_PN0P_/D
     557* |       0 |      99 |       31 |      3 |    93 |    +0.4% |   -0.489 |       -1.6 |       -7.6 |     85 | digest\[255\]$_DFFE_PN0P_/D
     560* |       0 |      99 |       31 |      3 |    95 |    +0.4% |   -0.489 |       -1.6 |       -7.7 |     85 | digest\[255\]$_DFFE_PN0P_/D
     564* |       0 |      99 |       31 |      3 |    94 |    +0.4% |   -0.489 |       -1.6 |       -7.6 |     85 | digest\[255\]$_DFFE_PN0P_/D
     570* |       0 |     102 |       32 |      3 |    95 |    +0.4% |   -0.489 |       -1.6 |       -7.5 |     85 | digest\[255\]$_DFFE_PN0P_/D
     580* |       0 |     105 |       34 |      3 |   100 |    +0.4% |   -0.489 |       -1.6 |       -7.4 |     85 | digest\[255\]$_DFFE_PN0P_/D
     590* |       0 |     109 |       36 |      3 |   104 |    +0.4% |   -0.489 |       -1.6 |       -7.3 |     85 | digest\[255\]$_DFFE_PN0P_/D
     600* |       0 |     114 |       38 |      3 |   107 |    +0.5% |   -0.489 |       -1.6 |       -7.3 |     85 | digest\[255\]$_DFFE_PN0P_/D
     605* |       0 |     116 |       38 |      3 |   108 |    +0.5% |   -0.489 |       -1.6 |       -7.4 |     85 | digest\[255\]$_DFFE_PN0P_/D
     610* |       0 |     117 |       40 |      3 |   109 |    +0.5% |   -0.489 |       -1.6 |       -7.6 |     85 | digest\[255\]$_DFFE_PN0P_/D
     611* |       0 |     116 |       40 |      3 |   108 |    +0.5% |   -0.489 |       -1.6 |       -7.6 |     85 | digest\[255\]$_DFFE_PN0P_/D
     620* |       0 |     119 |       43 |      3 |   110 |    +0.5% |   -0.505 |       -1.7 |       -8.2 |     85 | digest\[255\]$_DFFE_PN0P_/D
     620* |       0 |     116 |       40 |      3 |   108 |    +0.5% |   -0.489 |       -1.6 |       -7.6 |     85 | digest\[255\]$_DFFE_PN0P_/D
     628* |       0 |     117 |       41 |      3 |   112 |    +0.5% |   -0.489 |       -1.6 |       -7.4 |     85 | digest\[255\]$_DFFE_PN0P_/D
     630* |       0 |     117 |       41 |      3 |   113 |    +0.5% |   -0.489 |       -1.6 |       -7.4 |     85 | digest\[255\]$_DFFE_PN0P_/D
     634* |       0 |     117 |       41 |      3 |   112 |    +0.5% |   -0.489 |       -1.6 |       -7.4 |     85 | digest\[255\]$_DFFE_PN0P_/D
     640* |       0 |     119 |       42 |      3 |   114 |    +0.5% |   -0.489 |       -1.6 |       -7.5 |     85 | digest\[255\]$_DFFE_PN0P_/D
     642* |       0 |     117 |       41 |      3 |   112 |    +0.5% |   -0.489 |       -1.6 |       -7.4 |     85 | digest\[255\]$_DFFE_PN0P_/D
     650* |       0 |     121 |       43 |      3 |   113 |    +0.5% |   -0.489 |       -1.6 |       -7.6 |     85 | digest\[255\]$_DFFE_PN0P_/D
     656* |       0 |     124 |       44 |      3 |   114 |    +0.5% |   -0.489 |       -1.6 |       -7.4 |     85 | digest\[255\]$_DFFE_PN0P_/D
     660* |       0 |     126 |       44 |      3 |   115 |    +0.5% |   -0.489 |       -1.6 |       -7.4 |     85 | digest\[255\]$_DFFE_PN0P_/D
     670* |       0 |     131 |       47 |      3 |   117 |    +0.5% |   -0.489 |       -1.6 |       -7.4 |     85 | digest\[255\]$_DFFE_PN0P_/D
     673* |       0 |     127 |       45 |      3 |   115 |    +0.5% |   -0.489 |       -1.6 |       -7.4 |     85 | digest\[255\]$_DFFE_PN0P_/D
     680* |       0 |     132 |       45 |      3 |   116 |    +0.5% |   -0.489 |       -1.6 |       -7.4 |     85 | digest\[255\]$_DFFE_PN0P_/D
     685* |       0 |     129 |       45 |      3 |   116 |    +0.5% |   -0.489 |       -1.6 |       -7.4 |     85 | digest\[255\]$_DFFE_PN0P_/D
     690* |       0 |     130 |       46 |      3 |   118 |    +0.5% |   -0.489 |       -1.6 |       -7.4 |     85 | digest\[255\]$_DFFE_PN0P_/D
     697* |       0 |     129 |       45 |      3 |   116 |    +0.5% |   -0.489 |       -1.6 |       -7.4 |     85 | digest\[255\]$_DFFE_PN0P_/D
     700* |       0 |     129 |       46 |      3 |   117 |    +0.5% |   -0.489 |       -1.6 |       -7.4 |     85 | digest\[255\]$_DFFE_PN0P_/D
     702* |       0 |     129 |       45 |      3 |   116 |    +0.5% |   -0.489 |       -1.6 |       -7.4 |     85 | digest\[255\]$_DFFE_PN0P_/D
     710* |       0 |     130 |       48 |      3 |   119 |    +0.5% |   -0.489 |       -1.6 |       -7.4 |     85 | digest\[255\]$_DFFE_PN0P_/D
     719* |       0 |     133 |       49 |      3 |   120 |    +0.6% |   -0.489 |       -1.6 |       -7.4 |     85 | digest\[255\]$_DFFE_PN0P_/D
     720* |       0 |     133 |       49 |      3 |   120 |    +0.6% |   -0.489 |       -1.6 |       -7.4 |     85 | digest\[255\]$_DFFE_PN0P_/D
     730* |       0 |     140 |       50 |      4 |   121 |    +0.6% |   -0.492 |       -1.6 |       -7.5 |     85 | digest\[255\]$_DFFE_PN0P_/D
     738* |       0 |     139 |       50 |      4 |   121 |    +0.6% |   -0.489 |       -1.6 |       -7.4 |     85 | digest\[255\]$_DFFE_PN0P_/D
     740* |       0 |     139 |       50 |      4 |   122 |    +0.6% |   -0.489 |       -1.6 |       -7.4 |     85 | digest\[255\]$_DFFE_PN0P_/D
     748* |       0 |     141 |       50 |      4 |   124 |    +0.6% |   -0.489 |       -1.6 |       -7.4 |     85 | digest\[255\]$_DFFE_PN0P_/D
     750* |       0 |     141 |       50 |      4 |   125 |    +0.6% |   -0.489 |       -1.6 |       -7.4 |     85 | digest\[255\]$_DFFE_PN0P_/D
     759* |       0 |     147 |       50 |      4 |   126 |    +0.6% |   -0.489 |       -1.6 |       -7.4 |     85 | digest\[255\]$_DFFE_PN0P_/D
     760* |       0 |     147 |       50 |      4 |   126 |    +0.6% |   -0.489 |       -1.6 |       -7.4 |     85 | digest\[255\]$_DFFE_PN0P_/D
     770* |       0 |     154 |       51 |      4 |   128 |    +0.6% |   -0.489 |       -1.6 |       -7.4 |     85 | digest\[255\]$_DFFE_PN0P_/D
     780* |       0 |     158 |       56 |      4 |   129 |    +0.6% |   -0.489 |       -1.6 |       -7.8 |     85 | digest\[255\]$_DFFE_PN0P_/D
     781* |       0 |     151 |       50 |      4 |   127 |    +0.6% |   -0.489 |       -1.6 |       -7.4 |     85 | digest\[255\]$_DFFE_PN0P_/D
     790* |       0 |     154 |       52 |      4 |   130 |    +0.6% |   -0.489 |       -1.6 |       -7.4 |     85 | digest\[255\]$_DFFE_PN0P_/D
     793* |       0 |     152 |       50 |      4 |   127 |    +0.6% |   -0.489 |       -1.6 |       -7.5 |     85 | digest\[255\]$_DFFE_PN0P_/D
     800* |       0 |     154 |       52 |      4 |   129 |    +0.6% |   -0.489 |       -1.6 |       -7.5 |     85 | digest\[255\]$_DFFE_PN0P_/D
     802* |       0 |     152 |       50 |      4 |   127 |    +0.6% |   -0.489 |       -1.6 |       -7.5 |     85 | digest\[255\]$_DFFE_PN0P_/D
     810* |       0 |     155 |       53 |      4 |   128 |    +0.6% |   -0.489 |       -1.6 |       -7.5 |     85 | digest\[255\]$_DFFE_PN0P_/D
     818* |       0 |     154 |       52 |      4 |   127 |    +0.6% |   -0.489 |       -1.6 |       -7.5 |     85 | digest\[255\]$_DFFE_PN0P_/D
     820* |       0 |     155 |       52 |      4 |   127 |    +0.6% |   -0.505 |       -1.7 |       -7.7 |     85 | digest\[255\]$_DFFE_PN0P_/D
     830* |       0 |     161 |       54 |      4 |   129 |    +0.6% |   -0.502 |       -1.6 |       -7.6 |     85 | digest\[255\]$_DFFE_PN0P_/D
     833* |       0 |     154 |       52 |      4 |   127 |    +0.6% |   -0.489 |       -1.6 |       -7.5 |     85 | digest\[255\]$_DFFE_PN0P_/D
     840* |       0 |     158 |       54 |      4 |   127 |    +0.6% |   -0.489 |       -1.6 |       -7.5 |     85 | digest\[255\]$_DFFE_PN0P_/D
     843* |       0 |     157 |       52 |      4 |   127 |    +0.6% |   -0.489 |       -1.6 |       -7.5 |     85 | digest\[255\]$_DFFE_PN0P_/D
     849* |       0 |     157 |       52 |      4 |   127 |    +0.6% |   -0.489 |       -1.6 |       -7.5 |     85 | digest\[255\]$_DFFE_PN0P_/D
     850* |       0 |     157 |       52 |      4 |   127 |    +0.6% |   -0.489 |       -1.6 |       -7.5 |     85 | digest\[255\]$_DFFE_PN0P_/D
     859* |       0 |     157 |       52 |      4 |   127 |    +0.6% |   -0.489 |       -1.6 |       -7.5 |     85 | digest\[255\]$_DFFE_PN0P_/D
     860* |       0 |     157 |       52 |      4 |   127 |    +0.6% |   -0.489 |       -1.6 |       -7.5 |     85 | digest\[255\]$_DFFE_PN0P_/D
     870* |       0 |     163 |       56 |      4 |   127 |    +0.7% |   -0.489 |       -1.6 |       -7.5 |     85 | digest\[255\]$_DFFE_PN0P_/D
     874* |       0 |     158 |       52 |      4 |   127 |    +0.6% |   -0.489 |       -1.6 |       -7.5 |     85 | digest\[255\]$_DFFE_PN0P_/D
     880* |       0 |     160 |       54 |      4 |   128 |    +0.6% |   -0.489 |       -1.6 |       -7.5 |     85 | digest\[255\]$_DFFE_PN0P_/D
     881* |       0 |     158 |       52 |      4 |   127 |    +0.6% |   -0.489 |       -1.6 |       -7.5 |     85 | digest\[255\]$_DFFE_PN0P_/D
     883* |       0 |     158 |       52 |      4 |   128 |    +0.6% |   -0.489 |       -1.6 |       -7.5 |     85 | digest\[255\]$_DFFE_PN0P_/D
     890* |       0 |     160 |       55 |      4 |   129 |    +0.6% |   -0.489 |       -1.6 |       -7.5 |     85 | digest\[255\]$_DFFE_PN0P_/D
     894* |       0 |     159 |       53 |      4 |   129 |    +0.6% |   -0.489 |       -1.6 |       -7.5 |     85 | digest\[255\]$_DFFE_PN0P_/D
     900* |       0 |     161 |       53 |      4 |   132 |    +0.6% |   -0.489 |       -1.6 |       -7.5 |     85 | digest\[255\]$_DFFE_PN0P_/D
     910* |       0 |     169 |       53 |      4 |   134 |    +0.7% |   -0.498 |       -1.6 |       -7.5 |     85 | digest\[255\]$_DFFE_PN0P_/D
     920* |       0 |     175 |       55 |      4 |   136 |    +0.7% |   -0.505 |       -1.7 |       -7.7 |     85 | digest\[255\]$_DFFE_PN0P_/D
     930* |       0 |     183 |       57 |      4 |   137 |    +0.7% |   -0.505 |       -1.7 |       -7.7 |     85 | digest\[255\]$_DFFE_PN0P_/D
     940* |       0 |     189 |       57 |      4 |   141 |    +0.7% |   -0.505 |       -1.7 |       -7.7 |     85 | digest\[255\]$_DFFE_PN0P_/D
     950* |       0 |     194 |       62 |      4 |   142 |    +0.8% |   -0.508 |       -1.7 |       -7.7 |     85 | digest\[255\]$_DFFE_PN0P_/D
     953* |       0 |     171 |       54 |      4 |   136 |    +0.7% |   -0.487 |       -1.6 |       -7.4 |     85 | digest\[255\]$_DFFE_PN0P_/D
     960* |       0 |     175 |       55 |      4 |   137 |    +0.7% |   -0.505 |       -1.7 |       -7.6 |     85 | digest\[255\]$_DFFE_PN0P_/D
     967* |       0 |     171 |       54 |      4 |   136 |    +0.7% |   -0.487 |       -1.6 |       -7.4 |     85 | digest\[255\]$_DFFE_PN0P_/D
     970* |       0 |     172 |       55 |      4 |   136 |    +0.7% |   -0.487 |       -1.6 |       -7.4 |     85 | digest\[255\]$_DFFE_PN0P_/D
     972* |       0 |     172 |       54 |      4 |   136 |    +0.7% |   -0.487 |       -1.6 |       -7.4 |     85 | digest\[255\]$_DFFE_PN0P_/D
     980* |       0 |     174 |       56 |      4 |   139 |    +0.7% |   -0.494 |       -1.6 |       -7.5 |     85 | digest\[255\]$_DFFE_PN0P_/D
     983* |       0 |     172 |       54 |      4 |   137 |    +0.7% |   -0.487 |       -1.6 |       -7.4 |     85 | digest\[255\]$_DFFE_PN0P_/D
     990* |       0 |     174 |       56 |      4 |   139 |    +0.7% |   -0.487 |       -1.6 |       -7.4 |     85 | digest\[255\]$_DFFE_PN0P_/D
    1000* |       0 |     181 |       58 |      4 |   140 |    +0.7% |   -0.487 |       -1.6 |       -7.5 |     85 | digest\[255\]$_DFFE_PN0P_/D
    1008* |       0 |     172 |       54 |      4 |   137 |    +0.7% |   -0.487 |       -1.6 |       -7.4 |     85 | digest\[255\]$_DFFE_PN0P_/D
    1010* |       0 |     173 |       54 |      4 |   137 |    +0.7% |   -0.487 |       -1.6 |       -7.4 |     85 | digest\[255\]$_DFFE_PN0P_/D
    1016* |       0 |     174 |       54 |      4 |   137 |    +0.7% |   -0.487 |       -1.6 |       -7.4 |     85 | digest\[255\]$_DFFE_PN0P_/D
    1020* |       0 |     175 |       55 |      4 |   138 |    +0.7% |   -0.487 |       -1.6 |       -7.4 |     85 | digest\[255\]$_DFFE_PN0P_/D
    1021* |       0 |     174 |       54 |      4 |   137 |    +0.7% |   -0.487 |       -1.6 |       -7.4 |     85 | digest\[255\]$_DFFE_PN0P_/D
    1024* |       0 |     174 |       54 |      4 |   138 |    +0.7% |   -0.487 |       -1.6 |       -7.4 |     85 | digest\[255\]$_DFFE_PN0P_/D
    1030* |       0 |     178 |       55 |      4 |   138 |    +0.7% |   -0.503 |       -1.7 |       -7.9 |     85 | digest\[255\]$_DFFE_PN0P_/D
    1031* |       0 |     176 |       54 |      4 |   138 |    +0.7% |   -0.487 |       -1.6 |       -7.5 |     85 | digest\[255\]$_DFFE_PN0P_/D
    1040* |       0 |     181 |       57 |      4 |   138 |    +0.7% |   -0.487 |       -1.6 |       -7.5 |     85 | digest\[255\]$_DFFE_PN0P_/D
    1050* |       0 |     186 |       62 |      4 |   138 |    +0.7% |   -0.487 |       -1.6 |       -7.7 |     85 | digest\[255\]$_DFFE_PN0P_/D
    1054* |       0 |     178 |       54 |      4 |   138 |    +0.7% |   -0.487 |       -1.6 |       -7.5 |     85 | digest\[255\]$_DFFE_PN0P_/D
    1060* |       0 |     179 |       55 |      4 |   141 |    +0.7% |   -0.487 |       -1.6 |       -7.5 |     85 | digest\[255\]$_DFFE_PN0P_/D
    1070* |       0 |     184 |       60 |      4 |   141 |    +0.7% |   -0.487 |       -1.6 |       -7.7 |     85 | digest\[255\]$_DFFE_PN0P_/D
    1070* |       0 |     178 |       54 |      4 |   139 |    +0.7% |   -0.487 |       -1.6 |       -7.5 |     85 | digest\[255\]$_DFFE_PN0P_/D
    1080* |       0 |     183 |       55 |      4 |   142 |    +0.7% |   -0.487 |       -1.6 |       -7.5 |     85 | digest\[255\]$_DFFE_PN0P_/D
    1090* |       0 |     189 |       58 |      4 |   143 |    +0.7% |   -0.487 |       -1.6 |       -7.5 |     85 | digest\[255\]$_DFFE_PN0P_/D
    1100* |       0 |     194 |       63 |      4 |   143 |    +0.8% |   -0.487 |       -1.6 |       -7.5 |     85 | digest\[255\]$_DFFE_PN0P_/D
    1101* |       0 |     184 |       55 |      4 |   142 |    +0.7% |   -0.487 |       -1.6 |       -7.5 |     85 | digest\[255\]$_DFFE_PN0P_/D
    1105* |       0 |     187 |       55 |      4 |   142 |    +0.7% |   -0.487 |       -1.6 |       -7.5 |     85 | digest\[255\]$_DFFE_PN0P_/D
    1110* |       0 |     190 |       56 |      4 |   142 |    +0.7% |   -0.487 |       -1.6 |       -7.5 |     85 | digest\[255\]$_DFFE_PN0P_/D
    1112* |       0 |     187 |       55 |      4 |   142 |    +0.7% |   -0.487 |       -1.6 |       -7.5 |     85 | digest\[255\]$_DFFE_PN0P_/D
    1120* |       0 |     193 |       55 |      4 |   143 |    +0.7% |   -0.487 |       -1.6 |       -7.5 |     85 | digest\[255\]$_DFFE_PN0P_/D
    1130* |       0 |     196 |       58 |      4 |   147 |    +0.8% |   -0.487 |       -1.6 |       -7.5 |     85 | digest\[255\]$_DFFE_PN0P_/D
    1138* |       0 |     196 |       56 |      4 |   144 |    +0.7% |   -0.487 |       -1.6 |       -7.5 |     85 | digest\[255\]$_DFFE_PN0P_/D
    1140* |       0 |     197 |       56 |      4 |   144 |    +0.7% |   -0.487 |       -1.6 |       -7.5 |     85 | digest\[255\]$_DFFE_PN0P_/D
    1150* |       0 |     202 |       59 |      4 |   146 |    +0.8% |   -0.487 |       -1.6 |       -7.5 |     85 | digest\[255\]$_DFFE_PN0P_/D
    1160* |       0 |     209 |       62 |      4 |   146 |    +0.8% |   -0.487 |       -1.6 |       -7.5 |     85 | digest\[255\]$_DFFE_PN0P_/D
    1166* |       0 |     197 |       56 |      4 |   144 |    +0.7% |   -0.487 |       -1.6 |       -7.5 |     85 | digest\[255\]$_DFFE_PN0P_/D
    1170* |       0 |     199 |       57 |      4 |   144 |    +0.8% |   -0.487 |       -1.6 |       -7.5 |     85 | digest\[255\]$_DFFE_PN0P_/D
    1180* |       0 |     204 |       62 |      4 |   144 |    +0.8% |   -0.487 |       -1.6 |       -7.5 |     85 | digest\[255\]$_DFFE_PN0P_/D
    1190* |       0 |     208 |       65 |      4 |   147 |    +0.8% |   -0.487 |       -1.6 |       -7.5 |     85 | digest\[255\]$_DFFE_PN0P_/D
    1194* |       0 |     198 |       56 |      4 |   144 |    +0.7% |   -0.487 |       -1.6 |       -7.5 |     85 | digest\[255\]$_DFFE_PN0P_/D
    1200* |       0 |     201 |       57 |      4 |   145 |    +0.8% |   -0.487 |       -1.6 |       -7.5 |     85 | digest\[255\]$_DFFE_PN0P_/D
    1200* |       0 |     201 |       57 |      4 |   145 |    +0.8% |   -0.487 |       -1.6 |       -7.5 |     85 | digest\[255\]$_DFFE_PN0P_/D
    1210* |       0 |     206 |       60 |      4 |   147 |    +0.8% |   -0.487 |       -1.6 |       -7.5 |     85 | digest\[255\]$_DFFE_PN0P_/D
    1220* |       0 |     212 |       64 |      4 |   147 |    +0.8% |   -0.487 |       -1.6 |       -7.6 |     85 | digest\[255\]$_DFFE_PN0P_/D
    1223* |       0 |     206 |       58 |      4 |   147 |    +0.8% |   -0.487 |       -1.6 |       -7.5 |     85 | digest\[255\]$_DFFE_PN0P_/D
    1230* |       0 |     208 |       61 |      4 |   149 |    +0.8% |   -0.487 |       -1.6 |       -7.5 |     85 | digest\[255\]$_DFFE_PN0P_/D
    1240* |       0 |     214 |       65 |      4 |   150 |    +0.8% |   -0.487 |       -1.6 |       -7.5 |     85 | digest\[255\]$_DFFE_PN0P_/D
    1245* |       0 |     208 |       61 |      4 |   148 |    +0.8% |   -0.487 |       -1.6 |       -7.5 |     85 | digest\[255\]$_DFFE_PN0P_/D
    1250* |       0 |     208 |       62 |      4 |   151 |    +0.8% |   -0.487 |       -1.6 |       -7.5 |     85 | digest\[255\]$_DFFE_PN0P_/D
    1260* |       0 |     212 |       64 |      4 |   155 |    +0.8% |   -0.487 |       -1.6 |       -7.5 |     85 | digest\[255\]$_DFFE_PN0P_/D
    1270* |       0 |     217 |       68 |      4 |   156 |    +0.8% |   -0.487 |       -1.6 |       -7.5 |     85 | digest\[255\]$_DFFE_PN0P_/D
    1270* |       0 |     211 |       62 |      4 |   154 |    +0.8% |   -0.487 |       -1.6 |       -7.5 |     85 | digest\[255\]$_DFFE_PN0P_/D
    1280* |       0 |     216 |       66 |      4 |   154 |    +0.8% |   -0.487 |       -1.6 |       -7.5 |     85 | digest\[255\]$_DFFE_PN0P_/D
    1290* |       0 |     221 |       69 |      4 |   156 |    +0.8% |   -0.487 |       -1.6 |       -7.6 |     85 | digest\[255\]$_DFFE_PN0P_/D
    1291* |       0 |     211 |       62 |      4 |   154 |    +0.8% |   -0.487 |       -1.6 |       -7.5 |     85 | digest\[255\]$_DFFE_PN0P_/D
    1300* |       0 |     215 |       64 |      4 |   156 |    +0.8% |   -0.487 |       -1.6 |       -7.5 |     85 | digest\[255\]$_DFFE_PN0P_/D
    1300* |       0 |     215 |       63 |      4 |   154 |    +0.8% |   -0.487 |       -1.6 |       -7.5 |     85 | digest\[255\]$_DFFE_PN0P_/D
    1300* |       0 |     215 |       63 |      4 |   154 |    +0.8% |   -0.487 |       -1.6 |       -7.5 |     85 | digest\[255\]$_DFFE_PN0P_/D
    1300+ |       0 |     215 |       63 |      4 |   154 |    +0.8% |   -0.487 |       -1.6 |       -7.5 |     80 | digest\[255\]$_DFFE_PN0P_/D
    1301+ |       0 |     215 |       63 |      4 |   154 |    +0.8% |   -0.487 |       -1.6 |       -7.5 |     80 | digest\[255\]$_DFFE_PN0P_/D
    1303+ |       0 |     216 |       63 |      4 |   154 |    +0.8% |   -0.487 |       -1.6 |       -7.4 |     80 | digest\[255\]$_DFFE_PN0P_/D
    1304+ |       0 |     216 |       63 |      4 |   154 |    +0.8% |   -0.487 |       -1.6 |       -7.4 |     80 | digest\[255\]$_DFFE_PN0P_/D
    1306+ |       0 |     217 |       63 |      4 |   154 |    +0.8% |   -0.487 |       -1.6 |       -7.4 |     80 | digest\[255\]$_DFFE_PN0P_/D
    1308+ |       0 |     218 |       63 |      4 |   154 |    +0.8% |   -0.487 |       -1.6 |       -7.4 |     80 | digest\[255\]$_DFFE_PN0P_/D
    1309+ |       0 |     218 |       63 |      4 |   154 |    +0.8% |   -0.487 |       -1.6 |       -7.4 |     80 | digest\[255\]$_DFFE_PN0P_/D
    1310+ |       0 |     218 |       63 |      4 |   154 |    +0.8% |   -0.487 |       -1.6 |       -7.4 |     80 | digest\[255\]$_DFFE_PN0P_/D
    1311+ |       0 |     219 |       63 |      4 |   154 |    +0.8% |   -0.487 |       -1.6 |       -7.4 |     80 | digest\[255\]$_DFFE_PN0P_/D
    1313+ |       0 |     220 |       63 |      4 |   154 |    +0.8% |   -0.487 |       -1.6 |       -7.4 |     80 | digest\[255\]$_DFFE_PN0P_/D
    1314+ |       0 |     220 |       63 |      4 |   154 |    +0.8% |   -0.487 |       -1.6 |       -7.4 |     80 | digest\[255\]$_DFFE_PN0P_/D
    1315+ |       0 |     220 |       63 |      4 |   154 |    +0.8% |   -0.487 |       -1.6 |       -7.4 |     80 | digest\[255\]$_DFFE_PN0P_/D
    1316+ |       0 |     220 |       63 |      4 |   154 |    +0.8% |   -0.487 |       -1.6 |       -7.4 |     80 | digest\[255\]$_DFFE_PN0P_/D
    1317+ |       0 |     220 |       63 |      4 |   154 |    +0.8% |   -0.487 |       -1.6 |       -7.4 |     80 | digest\[255\]$_DFFE_PN0P_/D
    1318+ |       0 |     220 |       63 |      4 |   154 |    +0.8% |   -0.487 |       -1.6 |       -7.4 |     80 | digest\[255\]$_DFFE_PN0P_/D
    1320+ |       0 |     221 |       63 |      4 |   154 |    +0.8% |   -0.487 |       -1.6 |       -7.4 |     80 | digest\[255\]$_DFFE_PN0P_/D
    1320+ |       0 |     221 |       63 |      4 |   154 |    +0.8% |   -0.487 |       -1.6 |       -7.4 |     80 | digest\[255\]$_DFFE_PN0P_/D
    1322+ |       0 |     222 |       63 |      4 |   154 |    +0.8% |   -0.487 |       -1.6 |       -7.4 |     80 | digest\[255\]$_DFFE_PN0P_/D
    1323+ |       0 |     222 |       63 |      4 |   154 |    +0.8% |   -0.487 |       -1.6 |       -7.4 |     80 | digest\[255\]$_DFFE_PN0P_/D
    1324+ |       0 |     222 |       63 |      4 |   154 |    +0.8% |   -0.487 |       -1.6 |       -7.4 |     80 | digest\[255\]$_DFFE_PN0P_/D
    1325+ |       0 |     222 |       63 |      4 |   154 |    +0.8% |   -0.487 |       -1.6 |       -7.4 |     80 | digest\[255\]$_DFFE_PN0P_/D
    1328+ |       0 |     224 |       63 |      4 |   154 |    +0.8% |   -0.487 |       -1.6 |       -7.3 |     80 | digest\[255\]$_DFFE_PN0P_/D
    1329+ |       0 |     224 |       63 |      4 |   154 |    +0.8% |   -0.487 |       -1.6 |       -7.3 |     80 | digest\[255\]$_DFFE_PN0P_/D
    1330+ |       0 |     224 |       63 |      4 |   154 |    +0.8% |   -0.487 |       -1.6 |       -7.3 |     80 | digest\[255\]$_DFFE_PN0P_/D
    1330+ |       0 |     224 |       63 |      4 |   154 |    +0.8% |   -0.487 |       -1.6 |       -7.3 |     80 | digest\[255\]$_DFFE_PN0P_/D
    1331+ |       0 |     224 |       63 |      4 |   154 |    +0.8% |   -0.487 |       -1.6 |       -7.3 |     80 | digest\[255\]$_DFFE_PN0P_/D
    1332+ |       0 |     224 |       63 |      4 |   154 |    +0.8% |   -0.487 |       -1.6 |       -7.3 |     80 | digest\[255\]$_DFFE_PN0P_/D
    1334+ |       0 |     225 |       63 |      4 |   154 |    +0.8% |   -0.487 |       -1.6 |       -7.3 |     80 | digest\[255\]$_DFFE_PN0P_/D
    1335+ |       0 |     225 |       63 |      4 |   154 |    +0.8% |   -0.487 |       -1.6 |       -7.3 |     80 | digest\[255\]$_DFFE_PN0P_/D
    1336+ |       0 |     225 |       63 |      4 |   154 |    +0.8% |   -0.487 |       -1.6 |       -7.3 |     80 | digest\[255\]$_DFFE_PN0P_/D
    1337+ |       0 |     225 |       63 |      4 |   154 |    +0.8% |   -0.487 |       -1.6 |       -7.3 |     80 | digest\[255\]$_DFFE_PN0P_/D
    1338+ |       0 |     225 |       63 |      4 |   154 |    +0.8% |   -0.487 |       -1.6 |       -7.3 |     80 | digest\[255\]$_DFFE_PN0P_/D
    1339+ |       0 |     225 |       63 |      4 |   154 |    +0.8% |   -0.487 |       -1.6 |       -7.3 |     80 | digest\[255\]$_DFFE_PN0P_/D
    1340+ |       0 |     225 |       63 |      4 |   154 |    +0.8% |   -0.487 |       -1.6 |       -7.3 |     80 | digest\[255\]$_DFFE_PN0P_/D
    1340+ |       0 |     225 |       63 |      4 |   154 |    +0.8% |   -0.487 |       -1.6 |       -7.3 |     80 | digest\[255\]$_DFFE_PN0P_/D
    1341+ |       0 |     225 |       63 |      4 |   154 |    +0.8% |   -0.487 |       -1.6 |       -7.3 |     80 | digest\[255\]$_DFFE_PN0P_/D
    1342+ |       0 |     225 |       63 |      4 |   154 |    +0.8% |   -0.487 |       -1.6 |       -7.3 |     80 | digest\[255\]$_DFFE_PN0P_/D
    1343+ |       0 |     225 |       63 |      4 |   154 |    +0.8% |   -0.487 |       -1.6 |       -7.3 |     80 | digest\[255\]$_DFFE_PN0P_/D
    1344+ |       0 |     225 |       63 |      4 |   154 |    +0.8% |   -0.487 |       -1.6 |       -7.3 |     80 | digest\[255\]$_DFFE_PN0P_/D
    1345+ |       0 |     225 |       63 |      4 |   154 |    +0.8% |   -0.487 |       -1.6 |       -7.3 |     80 | digest\[255\]$_DFFE_PN0P_/D
    1346+ |       0 |     225 |       63 |      4 |   154 |    +0.8% |   -0.487 |       -1.6 |       -7.3 |     80 | digest\[255\]$_DFFE_PN0P_/D
    1347+ |       0 |     225 |       63 |      4 |   154 |    +0.8% |   -0.487 |       -1.6 |       -7.3 |     80 | digest\[255\]$_DFFE_PN0P_/D
    1348+ |       0 |     225 |       63 |      4 |   154 |    +0.8% |   -0.487 |       -1.6 |       -7.3 |     80 | digest\[255\]$_DFFE_PN0P_/D
    1350+ |       0 |     225 |       63 |      4 |   155 |    +0.8% |   -0.487 |       -1.6 |       -7.3 |     80 | digest\[255\]$_DFFE_PN0P_/D
    1350+ |       0 |     225 |       63 |      4 |   155 |    +0.8% |   -0.487 |       -1.6 |       -7.3 |     80 | digest\[255\]$_DFFE_PN0P_/D
    1351+ |       0 |     225 |       63 |      4 |   155 |    +0.8% |   -0.487 |       -1.6 |       -7.3 |     80 | digest\[255\]$_DFFE_PN0P_/D
    1352+ |       0 |     225 |       63 |      4 |   155 |    +0.8% |   -0.487 |       -1.6 |       -7.3 |     80 | digest\[255\]$_DFFE_PN0P_/D
    1353+ |       0 |     225 |       63 |      4 |   155 |    +0.8% |   -0.487 |       -1.6 |       -7.3 |     80 | digest\[255\]$_DFFE_PN0P_/D
    1355+ |       0 |     226 |       63 |      4 |   155 |    +0.8% |   -0.487 |       -1.6 |       -7.3 |     80 | digest\[255\]$_DFFE_PN0P_/D
    1356+ |       0 |     226 |       63 |      4 |   155 |    +0.8% |   -0.487 |       -1.6 |       -7.3 |     80 | digest\[255\]$_DFFE_PN0P_/D
    1358+ |       0 |     227 |       63 |      4 |   155 |    +0.8% |   -0.487 |       -1.6 |       -7.3 |     80 | digest\[255\]$_DFFE_PN0P_/D
    1359+ |       0 |     227 |       63 |      4 |   155 |    +0.8% |   -0.487 |       -1.6 |       -7.3 |     80 | digest\[255\]$_DFFE_PN0P_/D
    1360+ |       0 |     227 |       63 |      4 |   155 |    +0.8% |   -0.487 |       -1.6 |       -7.3 |     80 | digest\[255\]$_DFFE_PN0P_/D
    1360+ |       0 |     227 |       63 |      4 |   155 |    +0.8% |   -0.487 |       -1.6 |       -7.3 |     80 | digest\[255\]$_DFFE_PN0P_/D
    1361+ |       0 |     227 |       63 |      4 |   155 |    +0.8% |   -0.487 |       -1.6 |       -7.3 |     80 | digest\[255\]$_DFFE_PN0P_/D
    1362+ |       0 |     227 |       63 |      4 |   155 |    +0.8% |   -0.487 |       -1.6 |       -7.3 |     80 | digest\[255\]$_DFFE_PN0P_/D
    1363+ |       0 |     227 |       63 |      4 |   155 |    +0.8% |   -0.487 |       -1.6 |       -7.3 |     80 | digest\[255\]$_DFFE_PN0P_/D
    1364+ |       0 |     227 |       63 |      4 |   155 |    +0.8% |   -0.487 |       -1.6 |       -7.3 |     80 | digest\[255\]$_DFFE_PN0P_/D
    1365+ |       0 |     227 |       63 |      4 |   155 |    +0.8% |   -0.487 |       -1.6 |       -7.3 |     80 | digest\[255\]$_DFFE_PN0P_/D
    1366+ |       0 |     227 |       63 |      4 |   155 |    +0.8% |   -0.487 |       -1.6 |       -7.3 |     80 | digest\[255\]$_DFFE_PN0P_/D
    1367+ |       0 |     227 |       63 |      4 |   155 |    +0.8% |   -0.487 |       -1.6 |       -7.3 |     80 | digest\[255\]$_DFFE_PN0P_/D
    1368+ |       0 |     227 |       63 |      4 |   155 |    +0.8% |   -0.487 |       -1.6 |       -7.3 |     80 | digest\[255\]$_DFFE_PN0P_/D
    1370+ |       0 |     228 |       63 |      4 |   155 |    +0.8% |   -0.487 |       -1.6 |       -7.3 |     80 | digest\[255\]$_DFFE_PN0P_/D
    1370+ |       0 |     228 |       63 |      4 |   155 |    +0.8% |   -0.487 |       -1.6 |       -7.3 |     80 | digest\[255\]$_DFFE_PN0P_/D
    1371+ |       0 |     228 |       63 |      4 |   155 |    +0.8% |   -0.487 |       -1.6 |       -7.3 |     80 | digest\[255\]$_DFFE_PN0P_/D
    1372+ |       0 |     228 |       63 |      4 |   155 |    +0.8% |   -0.487 |       -1.6 |       -7.3 |     80 | digest\[255\]$_DFFE_PN0P_/D
    1373+ |       0 |     228 |       63 |      4 |   155 |    +0.8% |   -0.487 |       -1.6 |       -7.3 |     80 | digest\[255\]$_DFFE_PN0P_/D
    1374+ |       0 |     228 |       63 |      4 |   155 |    +0.8% |   -0.487 |       -1.6 |       -7.3 |     80 | digest\[255\]$_DFFE_PN0P_/D
    1377+ |       0 |     230 |       63 |      4 |   155 |    +0.8% |   -0.487 |       -1.6 |       -7.3 |     80 | digest\[255\]$_DFFE_PN0P_/D
    1378+ |       0 |     230 |       63 |      4 |   155 |    +0.8% |   -0.487 |       -1.6 |       -7.3 |     80 | digest\[255\]$_DFFE_PN0P_/D
    1380+ |       0 |     231 |       63 |      4 |   155 |    +0.8% |   -0.487 |       -1.6 |       -7.3 |     80 | digest\[255\]$_DFFE_PN0P_/D
    1380+ |       0 |     231 |       63 |      4 |   155 |    +0.8% |   -0.487 |       -1.6 |       -7.3 |     80 | digest\[255\]$_DFFE_PN0P_/D
    1387+ |       0 |     237 |       63 |      4 |   155 |    +0.9% |   -0.487 |       -1.6 |       -7.3 |     80 | digest\[255\]$_DFFE_PN0P_/D
    1388+ |       0 |     237 |       63 |      4 |   155 |    +0.9% |   -0.487 |       -1.6 |       -7.3 |     80 | digest\[255\]$_DFFE_PN0P_/D
    1389+ |       0 |     237 |       63 |      4 |   155 |    +0.9% |   -0.487 |       -1.6 |       -7.3 |     80 | digest\[255\]$_DFFE_PN0P_/D
    1390+ |       0 |     237 |       63 |      4 |   155 |    +0.9% |   -0.487 |       -1.6 |       -7.3 |     80 | digest\[255\]$_DFFE_PN0P_/D
    1393+ |       0 |     240 |       63 |      4 |   155 |    +0.9% |   -0.487 |       -1.6 |       -7.3 |     80 | digest\[255\]$_DFFE_PN0P_/D
    1400+ |       0 |     245 |       63 |      4 |   156 |    +0.9% |   -0.487 |       -1.6 |       -7.3 |     80 | digest\[255\]$_DFFE_PN0P_/D
    1401+ |       0 |     245 |       63 |      4 |   156 |    +0.9% |   -0.487 |       -1.6 |       -7.3 |     80 | digest\[255\]$_DFFE_PN0P_/D
    1402+ |       0 |     245 |       63 |      4 |   156 |    +0.9% |   -0.487 |       -1.6 |       -7.3 |     80 | digest\[255\]$_DFFE_PN0P_/D
    1403+ |       0 |     245 |       63 |      4 |   156 |    +0.9% |   -0.487 |       -1.6 |       -7.3 |     80 | digest\[255\]$_DFFE_PN0P_/D
    1410+ |       0 |     249 |       63 |      4 |   158 |    +0.9% |   -0.487 |       -1.6 |       -7.3 |     80 | digest\[255\]$_DFFE_PN0P_/D
    1410+ |       0 |     249 |       63 |      4 |   158 |    +0.9% |   -0.487 |       -1.6 |       -7.3 |     80 | digest\[255\]$_DFFE_PN0P_/D
    1411+ |       0 |     249 |       63 |      4 |   158 |    +0.9% |   -0.487 |       -1.6 |       -7.3 |     80 | digest\[255\]$_DFFE_PN0P_/D
    1412+ |       0 |     249 |       63 |      4 |   158 |    +0.9% |   -0.487 |       -1.6 |       -7.3 |     80 | digest\[255\]$_DFFE_PN0P_/D
    1413+ |       0 |     249 |       63 |      4 |   158 |    +0.9% |   -0.487 |       -1.6 |       -7.3 |     80 | digest\[255\]$_DFFE_PN0P_/D
    1418+ |       0 |     252 |       63 |      4 |   159 |    +0.9% |   -0.487 |       -1.6 |       -7.3 |     80 | digest\[255\]$_DFFE_PN0P_/D
    1419+ |       0 |     252 |       63 |      4 |   159 |    +0.9% |   -0.487 |       -1.6 |       -7.3 |     80 | digest\[255\]$_DFFE_PN0P_/D
    1420+ |       0 |     252 |       63 |      4 |   159 |    +0.9% |   -0.487 |       -1.6 |       -7.3 |     80 | digest\[255\]$_DFFE_PN0P_/D
    1426+ |       0 |     256 |       63 |      4 |   162 |    +0.9% |   -0.487 |       -1.6 |       -7.3 |     80 | digest\[255\]$_DFFE_PN0P_/D
    1430+ |       0 |     259 |       63 |      4 |   162 |    +0.9% |   -0.487 |       -1.6 |       -7.3 |     80 | digest\[255\]$_DFFE_PN0P_/D
    1430+ |       0 |     259 |       63 |      4 |   162 |    +0.9% |   -0.487 |       -1.6 |       -7.3 |     80 | digest\[255\]$_DFFE_PN0P_/D
    1431+ |       0 |     260 |       63 |      4 |   162 |    +0.9% |   -0.487 |       -1.6 |       -7.3 |     80 | digest\[255\]$_DFFE_PN0P_/D
    final |       0 |     260 |       63 |      4 |   162 |    +0.9% |   -0.487 |       -1.6 |       -7.3 |     78 | digest\[255\]$_DFFE_PN0P_/D
------------------------------------------------------------------------------------------------------------------------------
[INFO RSZ-0040] Inserted 63 buffers.
[INFO RSZ-0051] Resized 260 instances: 259 up, 1 up match, 0 down, 0 VT
[INFO RSZ-0043] Swapped pins on 162 instances.
[INFO RSZ-0049] Cloned 4 instances.
[WARNING RSZ-0062] Unable to repair all setup violations.
[INFO RSZ-0505] Runtime: 42.84s
[INFO RSZ-0033] No hold violations found.
[INFO RSZ-0506] Runtime: 0.07s
Took 43 seconds: repair_timing -setup_margin 1 -hold_margin 0 -repair_tns 100 -verbose
global_route -start_incremental
detailed_placement
[INFO DPL-0006] Core area: 366373.88 um^2
[INFO DPL-0007] Movable instances area: 198607.98 um^2
[INFO DPL-0008] Fixed instances area within core: 6025.78 um^2
[INFO DPL-0009] Utilization: 55.9%
[INFO DPL-0005] Diamond search max displacement: +/- 500 sites horizontally, +/- 100 rows vertically.
[INFO DPL-1102] Legalizing using negotiation legalizer.
[INFO DPL-1103] Negotiation base search window: +/-20 sites horizontally, +/-5 rows vertically 
	Automatic search window extension enabled.
	Search window extendable up to the max displacement cap of +/-500 sites, +/-100 rows near walls.
[INFO DPL-1104] NegotiationLegalizer DRC penalty: 5.
[INFO DPL-0392] Negotiation cell height distribution (1 unique row-count(s)):
[INFO DPL-0393]   height 1 row(s): 21358 cells
          |      Total |  Illegal |  Illegal
Iteration | Violations |    Cells |    Sites
---------------------------------------------
        0 |        295 |        55 |       240
        1 |         73 |        11 |        62
        2 |         45 |         5 |        40
        3 |         27 |         3 |        24
        4 |          0 |         0 |         0
Negotiation phase 1 converged at iteration 4.
[INFO DPL-0500] Runtime: 0.14s
Placement Analysis
---------------------------------
total displacement       1243.4 u
average displacement        0.1 u
max displacement           23.2 u
original HPWL          594453.9 u
legalized HPWL         596025.6 u
delta HPWL                    0 %

check_placement -verbose
global_route -end_incremental -congestion_report_file ./reports/sky130hd/chia_sha256_benchmark_corrupted/slot0/congestion_post_repair_timing.rpt
estimate_parasitics -global_routing
repair_timing -setup -sequence "vt_swap reroute" -skip_last_gasp -repair_tns 0 -verbose -setup_margin 1
[INFO RSZ-0100] Repair move sequence: RerouteMove 
[INFO RSZ-0094] Found 80 endpoints with setup violations.
[INFO RSZ-0099] Repairing 1 out of 80 (0.00%) violating endpoints...
   Iter   | Removed | Resized | Inserted | Cloned |  Pin  |   Area   |    WNS   |   StTNS    |   EnTNS    |  Viol  |  Worst  
          | Buffers |  Gates  | Buffers  |  Gates | Swaps |          |          |            |            | Endpts | St/EnPt 
------------------------------------------------------------------------------------------------------------------------------
       0* |       0 |       1 |        0 |      0 |     0 |    +0.0% |   -0.527 |       -1.7 |       -8.3 |     80 | digest\[255\]$_DFFE_PN0P_/D
       7* |       0 |       1 |        0 |      0 |     0 |    +0.0% |   -0.527 |       -1.7 |       -8.3 |     80 | digest\[255\]$_DFFE_PN0P_/D
       7* |       0 |       1 |        0 |      0 |     0 |    +0.0% |   -0.527 |       -1.7 |       -8.3 |     80 | digest\[255\]$_DFFE_PN0P_/D
    final |       0 |       1 |        0 |      0 |     0 |    +0.0% |   -0.527 |       -1.7 |       -8.3 |     80 | digest\[255\]$_DFFE_PN0P_/D
------------------------------------------------------------------------------------------------------------------------------
[INFO RSZ-0051] Resized 1 instances: 0 up, 1 up match, 0 down, 0 VT
[WARNING RSZ-0062] Unable to repair all setup violations.
[INFO RSZ-0505] Runtime: 0.68s
Repair antennas...
[INFO GRT-0012] Found 68 antenna violations.
[INFO GRT-0302] Inserted 53 jumpers for 48 nets.
[INFO GRT-0012] Found 21 antenna violations.
[INFO DPL-0006] Core area: 366373.88 um^2
[INFO DPL-0007] Movable instances area: 198357.74 um^2
[INFO DPL-0008] Fixed instances area within core: 6336.08 um^2
[INFO DPL-0009] Utilization: 55.9%
[INFO DPL-0005] Diamond search max displacement: +/- 500 sites horizontally, +/- 100 rows vertically.
[INFO DPL-1102] Legalizing using negotiation legalizer.
[INFO DPL-1103] Negotiation base search window: +/-20 sites horizontally, +/-5 rows vertically 
	Automatic search window extension enabled.
	Search window extendable up to the max displacement cap of +/-500 sites, +/-100 rows near walls.
[INFO DPL-1104] NegotiationLegalizer DRC penalty: 5.
[INFO DPL-0392] Negotiation cell height distribution (1 unique row-count(s)):
[INFO DPL-0393]   height 1 row(s): 21382 cells
          |      Total |  Illegal |  Illegal
Iteration | Violations |    Cells |    Sites
---------------------------------------------
        0 |          8 |         2 |         6
        1 |          0 |         0 |         0
Negotiation phase 1 converged at iteration 1.
[INFO DPL-0500] Runtime: 0.09s
[INFO GRT-0015] Inserted 24 diodes.
[INFO GRT-0012] Found 0 antenna violations.
[INFO ANT-0002] Found 0 net violations.
[INFO ANT-0001] Found 0 pin violations.
Estimate parasitics...
estimate_parasitics -global_routing
Report metrics stage 5, global route...

==========================================================================
global route report_design_area
--------------------------------------------------------------------------
Design area 204694 um^2 56% utilization.
[INFO FLW-0007] clock core_clock period 12.500000
[WARNING FLW-0010] more than one clock found. Skipping sdc update.
[INFO FLW-0011] Path endpoint path count 5672
write_db ./results/sky130hd/chia_sha256_benchmark_corrupted/slot0/5_1_grt.odb
write_sdc -no_timestamp ./results/sky130hd/chia_sha256_benchmark_corrupted/slot0/5_1_grt.sdc
Log                       Ext     Elapsed/s Peak Memory/MB sha1sum result [0:20)
5_1_grt                   .odb          290            599 a2a462c94c0530c581a0
5_1_grt                   .sdc                             fbd418ede1419026c9bf
/root/OpenROAD-flow-scripts/flow/scripts/flow.sh 5_2_route detail_route
Running detail_route.tcl, stage 5_2_route
read_liberty /root/OpenROAD-flow-scripts/flow/platforms/sky130hd/lib/sky130_fd_sc_hd__tt_025C_1v80.lib
read_db ./results/sky130hd/chia_sha256_benchmark_corrupted/slot0/5_1_grt.odb
read_sdc ./results/sky130hd/chia_sha256_benchmark_corrupted/slot0/5_1_grt.sdc
source /root/OpenROAD-flow-scripts/flow/platforms/sky130hd/setRC.tcl
[WARNING STA-0450] virtual clock vclk can not be propagated.
detailed_route -output_drc ./reports/sky130hd/chia_sha256_benchmark_corrupted/slot0/5_route_drc.rpt -output_maze ./results/sky130hd/chia_sha256_benchmark_corrupted/slot0/maze.log -droute_end_iter 64 -verbose 1 -drc_report_iter_step 5
[INFO DRT-0149] Reading tech and libs.
[WARNING DRT-0349] LEF58_ENCLOSURE with no CUTCLASS is not supported. Skipping for layer mcon
[WARNING DRT-0349] LEF58_ENCLOSURE with no CUTCLASS is not supported. Skipping for layer mcon
[WARNING DRT-0349] LEF58_ENCLOSURE with no CUTCLASS is not supported. Skipping for layer via
[WARNING DRT-0349] LEF58_ENCLOSURE with no CUTCLASS is not supported. Skipping for layer via
[WARNING DRT-0349] LEF58_ENCLOSURE with no CUTCLASS is not supported. Skipping for layer via2
[WARNING DRT-0349] LEF58_ENCLOSURE with no CUTCLASS is not supported. Skipping for layer via2
[WARNING DRT-0349] LEF58_ENCLOSURE with no CUTCLASS is not supported. Skipping for layer via3
[WARNING DRT-0349] LEF58_ENCLOSURE with no CUTCLASS is not supported. Skipping for layer via3
[WARNING DRT-0349] LEF58_ENCLOSURE with no CUTCLASS is not supported. Skipping for layer via4
[WARNING DRT-0349] LEF58_ENCLOSURE with no CUTCLASS is not supported. Skipping for layer via4

Units:                1000
Number of layers:     13
Number of macros:     441
Number of vias:       29
Number of viarulegen: 25

[INFO DRT-0150] Reading design.
[WARNING DRT-0120] Large net net4366 has 116 pins which may impact routing performance. Consider optimization.
[WARNING DRT-0120] Large net net4365 has 105 pins which may impact routing performance. Consider optimization.
[WARNING DRT-0120] Large net net3754 has 219 pins which may impact routing performance. Consider optimization.
[WARNING DRT-0120] Large net net3752 has 110 pins which may impact routing performance. Consider optimization.
[WARNING DRT-0120] Large net net4137 has 155 pins which may impact routing performance. Consider optimization.
[WARNING DRT-0120] Large net net4368 has 113 pins which may impact routing performance. Consider optimization.
[WARNING DRT-0120] Large net net4428 has 132 pins which may impact routing performance. Consider optimization.
[WARNING DRT-0120] Large net net4427 has 146 pins which may impact routing performance. Consider optimization.
[WARNING DRT-0120] Large net net4419 has 105 pins which may impact routing performance. Consider optimization.
[WARNING DRT-0120] Large net net4412 has 131 pins which may impact routing performance. Consider optimization.
[WARNING DRT-0120] Large net net4407 has 120 pins which may impact routing performance. Consider optimization.
[WARNING DRT-0120] Large net net4406 has 165 pins which may impact routing performance. Consider optimization.
[WARNING DRT-0120] Large net net4401 has 138 pins which may impact routing performance. Consider optimization.
[WARNING DRT-0120] Large net net4400 has 128 pins which may impact routing performance. Consider optimization.
[WARNING DRT-0120] Large net net4397 has 123 pins which may impact routing performance. Consider optimization.
[WARNING DRT-0120] Large net net4394 has 180 pins which may impact routing performance. Consider optimization.

Design:                   sha256
Die area:                 ( 0 0 ) ( 609240 609240 )
Number of track patterns: 12
Number of DEF vias:       0
Number of components:     21382
Number of terminals:      774
Number of snets:          2
Number of nets:           17143

[INFO DRT-0167] List of default vias:
  Layer via
    default via: M1M2_PR
  Layer via2
    default via: M2M3_PR
  Layer via3
    default via: M3M4_PR
  Layer via4
    default via: M4M5_PR
[INFO DRT-0162] Library cell analysis.
[INFO DRT-0163] Instance analysis.
[INFO DRT-0164] Number of unique instances = 274.
[INFO DRT-0168] Init region query.
[INFO DRT-0024]   Complete FR_MASTERSLICE.
[INFO DRT-0024]   Complete Fr_VIA.
[INFO DRT-0024]   Complete li1.
[INFO DRT-0024]   Complete mcon.
[INFO DRT-0024]   Complete met1.
[INFO DRT-0024]   Complete via.
[INFO DRT-0024]   Complete met2.
[INFO DRT-0024]   Complete via2.
[INFO DRT-0024]   Complete met3.
[INFO DRT-0024]   Complete via3.
[INFO DRT-0024]   Complete met4.
[INFO DRT-0024]   Complete via4.
[INFO DRT-0024]   Complete met5.
[INFO DRT-0033] FR_MASTERSLICE shape region query size = 0.
[INFO DRT-0033] FR_VIA shape region query size = 0.
[INFO DRT-0033] li1 shape region query size = 616016.
[INFO DRT-0033] mcon shape region query size = 367614.
[INFO DRT-0033] met1 shape region query size = 115146.
[INFO DRT-0033] via shape region query size = 24530.
[INFO DRT-0033] met2 shape region query size = 15198.
[INFO DRT-0033] via2 shape region query size = 19624.
[INFO DRT-0033] met3 shape region query size = 15010.
[INFO DRT-0033] via3 shape region query size = 19624.
[INFO DRT-0033] met4 shape region query size = 5918.
[INFO DRT-0033] via4 shape region query size = 968.
[INFO DRT-0033] met5 shape region query size = 1056.
[INFO DRT-0165] Start pin access.
[INFO DRT-0076]   Complete 1000 pins.
[INFO DRT-0076]   Complete 2000 pins.
[INFO DRT-0078]   Complete 2194 pins.
[INFO DRT-0079]   Complete 100 unique inst patterns.
[INFO DRT-0079]   Complete 200 unique inst patterns.
[INFO DRT-0081]   Complete 274 unique inst patterns.
[INFO DRT-0082]   Complete 10000 groups.
[INFO DRT-0084]   Complete 11353 groups.
#scanned instances     = 21382
#unique  instances     = 274
#stdCellGenAp          = 10222
#stdCellValidPlanarAp  = 170
#stdCellValidViaAp     = 6525
#stdCellPinNoAp        = 10
#stdCellPinCnt         = 62951
#instTermValidViaApCnt = 0
#macroGenAp            = 0
#macroValidPlanarAp    = 0
#macroValidViaAp       = 0
#macroNoAp             = 0
[INFO DRT-0166] Complete pin access.
[INFO DRT-0267] cpu time = 00:03:07, elapsed time = 00:03:07, memory = 411.73 (MB), peak = 426.97 (MB)
[INFO DRT-0156] guideIn read 100000 guides.

[INFO DRT-0157] Number of guides:     155480

[INFO DRT-0169] Post process guides.
[INFO DRT-0176] GCELLGRID X 0 DO 88 STEP 6900 ;
[INFO DRT-0177] GCELLGRID Y 0 DO 88 STEP 6900 ;
[INFO DRT-0026]   Complete 100000 origin guides.
[INFO DRT-0028]   Complete FR_MASTERSLICE.
[INFO DRT-0028]   Complete Fr_VIA.
[INFO DRT-0028]   Complete li1.
[INFO DRT-0028]   Complete mcon.
[INFO DRT-0028]   Complete met1.
[INFO DRT-0028]   Complete via.
[INFO DRT-0028]   Complete met2.
[INFO DRT-0028]   Complete via2.
[INFO DRT-0028]   Complete met3.
[INFO DRT-0028]   Complete via3.
[INFO DRT-0028]   Complete met4.
[INFO DRT-0028]   Complete via4.
[INFO DRT-0028]   Complete met5.
[INFO DRT-0178] Init guide query.
[INFO DRT-0035]   Complete FR_MASTERSLICE (guide).
[INFO DRT-0035]   Complete Fr_VIA (guide).
[INFO DRT-0035]   Complete li1 (guide).
[INFO DRT-0035]   Complete mcon (guide).
[INFO DRT-0035]   Complete met1 (guide).
[INFO DRT-0035]   Complete via (guide).
[INFO DRT-0035]   Complete met2 (guide).
[INFO DRT-0035]   Complete via2 (guide).
[INFO DRT-0035]   Complete met3 (guide).
[INFO DRT-0035]   Complete via3 (guide).
[INFO DRT-0035]   Complete met4 (guide).
[INFO DRT-0035]   Complete via4 (guide).
[INFO DRT-0035]   Complete met5 (guide).
[INFO DRT-0036] FR_MASTERSLICE guide region query size = 0.
[INFO DRT-0036] FR_VIA guide region query size = 0.
[INFO DRT-0036] li1 guide region query size = 48157.
[INFO DRT-0036] mcon guide region query size = 0.
[INFO DRT-0036] met1 guide region query size = 45953.
[INFO DRT-0036] via guide region query size = 0.
[INFO DRT-0036] met2 guide region query size = 24506.
[INFO DRT-0036] via2 guide region query size = 0.
[INFO DRT-0036] met3 guide region query size = 3146.
[INFO DRT-0036] via3 guide region query size = 0.
[INFO DRT-0036] met4 guide region query size = 1403.
[INFO DRT-0036] via4 guide region query size = 0.
[INFO DRT-0036] met5 guide region query size = 34.
[INFO DRT-0179] Init gr pin query.
[INFO DRT-0267] cpu time = 00:00:00, elapsed time = 00:00:00, memory = 466.30 (MB), peak = 466.30 (MB)
[INFO DRT-0245] skipped writing guide updates to database.
[INFO DRT-0181] Start track assignment.
[INFO DRT-0184] Done with 74066 vertical wires in 2 frboxes and 49133 horizontal wires in 2 frboxes.
[INFO DRT-0186] Done with 11046 vertical wires in 2 frboxes and 18120 horizontal wires in 2 frboxes.
[INFO DRT-0182] Complete track assignment.
[INFO DRT-0267] cpu time = 00:00:04, elapsed time = 00:00:04, memory = 643.67 (MB), peak = 643.67 (MB)
[INFO DRT-0187] Start routing data preparation.
[INFO DRT-0267] cpu time = 00:00:00, elapsed time = 00:00:00, memory = 643.67 (MB), peak = 643.67 (MB)
[INFO DRT-0194] Start detail routing.
[INFO DRT-0195] Start 0th optimization iteration.
    Completing 10% with 0 violations.
    elapsed time = 00:00:21, memory = 727.90 (MB).
    Completing 20% with 0 violations.
    elapsed time = 00:01:09, memory = 1032.50 (MB).
    Completing 30% with 4252 violations.
    elapsed time = 00:01:33, memory = 1202.49 (MB).
    Completing 40% with 4252 violations.
    elapsed time = 00:02:12, memory = 1202.49 (MB).
    Completing 50% with 4252 violations.
    elapsed time = 00:03:11, memory = 1209.30 (MB).
    Completing 60% with 8420 violations.
    elapsed time = 00:03:34, memory = 1290.30 (MB).
    Completing 70% with 8420 violations.
    elapsed time = 00:04:28, memory = 1294.61 (MB).
    Completing 80% with 13468 violations.
    elapsed time = 00:05:23, memory = 1294.61 (MB).
    Completing 90% with 13468 violations.
    elapsed time = 00:06:32, memory = 1274.08 (MB).
    Completing 100% with 18338 violations.
    elapsed time = 00:07:49, memory = 1289.04 (MB).
[INFO DRT-0199]   Number of violations = 21145.
Viol/Layer         li1   mcon   met1    via   met2   met3   via3   met4   met5
Cut Spacing          0     34      0      3      0      0      0      0      0
Metal Spacing        0      0   2745      0   1104     30      0      7      0
Min Hole             0      0     31      0      1      0      0      0      0
Recheck             16      0   1853      0    821     51      0     66      0
Short                0      1  12193     33   2091     28      1     35      1
[INFO DRT-0267] cpu time = 00:07:49, elapsed time = 00:07:49, memory = 1326.16 (MB), peak = 1331.10 (MB)
Total wire length = 799466 um.
Total wire length on LAYER li1 = 0 um.
Total wire length on LAYER met1 = 314811 um.
Total wire length on LAYER met2 = 339427 um.
Total wire length on LAYER met3 = 63880 um.
Total wire length on LAYER met4 = 80987 um.
Total wire length on LAYER met5 = 360 um.
Total number of vias = 144055.
Up-via summary (total 144055):

-------------------------
 FR_MASTERSLICE         0
            li1     58916
           met1     76417
           met2      6174
           met3      2494
           met4        54
-------------------------
               144055


[INFO DRT-0195] Start 1st optimization iteration.
    Completing 10% with 21145 violations.
    elapsed time = 00:00:17, memory = 1303.39 (MB).
    Completing 20% with 21145 violations.
    elapsed time = 00:01:07, memory = 1303.94 (MB).
    Completing 30% with 18522 violations.
    elapsed time = 00:01:39, memory = 1322.07 (MB).
    Completing 40% with 18522 violations.
    elapsed time = 00:02:10, memory = 1333.95 (MB).
    Completing 50% with 18522 violations.
    elapsed time = 00:03:13, memory = 1333.95 (MB).
    Completing 60% with 16165 violations.
    elapsed time = 00:03:38, memory = 1359.64 (MB).
    Completing 70% with 16165 violations.
    elapsed time = 00:04:28, memory = 1333.80 (MB).
    Completing 80% with 13570 violations.
    elapsed time = 00:05:10, memory = 1333.85 (MB).
    Completing 90% with 13570 violations.
    elapsed time = 00:05:59, memory = 1322.00 (MB).
    Completing 100% with 11039 violations.
    elapsed time = 00:06:53, memory = 1325.95 (MB).
[INFO DRT-0199]   Number of violations = 11039.
Viol/Layer        mcon   met1    via   met2   met3   met4
Cut Spacing         28      0      1      0      0      0
Metal Spacing        0   1484      0    473     17      2
Min Hole             0      2      0      1      0      0
NS Metal             0      1      0      0      0      0
Short                0   8077      2    935      8      8
[INFO DRT-0267] cpu time = 00:06:53, elapsed time = 00:06:53, memory = 1334.01 (MB), peak = 1381.28 (MB)
Total wire length = 791141 um.
Total wire length on LAYER li1 = 0 um.
Total wire length on LAYER met1 = 308120 um.
Total wire length on LAYER met2 = 336060 um.
Total wire length on LAYER met3 = 66010 um.
Total wire length on LAYER met4 = 80609 um.
Total wire length on LAYER met5 = 339 um.
Total number of vias = 141931.
Up-via summary (total 141931):

-------------------------
 FR_MASTERSLICE         0
            li1     58883
           met1     74334
           met2      6180
           met3      2482
           met4        52
-------------------------
               141931


[INFO DRT-0195] Start 2nd optimization iteration.
    Completing 10% with 11039 violations.
    elapsed time = 00:00:19, memory = 1338.47 (MB).
    Completing 20% with 11039 violations.
    elapsed time = 00:01:23, memory = 1333.64 (MB).
    Completing 30% with 10997 violations.
    elapsed time = 00:01:55, memory = 1333.64 (MB).
    Completing 40% with 10997 violations.
    elapsed time = 00:02:43, memory = 1346.05 (MB).
    Completing 50% with 10997 violations.
    elapsed time = 00:03:35, memory = 1325.09 (MB).
    Completing 60% with 10707 violations.
    elapsed time = 00:04:14, memory = 1326.73 (MB).
    Completing 70% with 10707 violations.
    elapsed time = 00:05:10, memory = 1311.90 (MB).
    Completing 80% with 10608 violations.
    elapsed time = 00:05:30, memory = 1311.90 (MB).
    Completing 90% with 10608 violations.
    elapsed time = 00:06:16, memory = 1339.40 (MB).
    Completing 100% with 10341 violations.
    elapsed time = 00:06:45, memory = 1309.83 (MB).
[INFO DRT-0199]   Number of violations = 10341.
Viol/Layer        mcon   met1    via   met2   met3   met4
Cut Spacing         25      0      1      0      0      0
Metal Spacing        0   1252      0    431     14      0
Min Hole             0      1      0      0      0      0
Short                0   7813      3    789      3      9
[INFO DRT-0267] cpu time = 00:06:46, elapsed time = 00:06:46, memory = 1334.02 (MB), peak = 1385.53 (MB)
Total wire length = 789022 um.
Total wire length on LAYER li1 = 0 um.
Total wire length on LAYER met1 = 306716 um.
Total wire length on LAYER met2 = 335246 um.
Total wire length on LAYER met3 = 66088 um.
Total wire length on LAYER met4 = 80596 um.
Total wire length on LAYER met5 = 373 um.
Total number of vias = 141136.
Up-via summary (total 141136):

-------------------------
 FR_MASTERSLICE         0
            li1     58889
           met1     73687
           met2      6073
           met3      2433
           met4        54
-------------------------
               141136


[INFO DRT-0195] Start 3rd optimization iteration.
    Completing 10% with 10341 violations.
    elapsed time = 00:00:13, memory = 1304.24 (MB).
    Completing 20% with 10341 violations.
    elapsed time = 00:00:54, memory = 1337.70 (MB).
    Completing 30% with 8200 violations.
    elapsed time = 00:01:06, memory = 1337.71 (MB).
    Completing 40% with 8200 violations.
    elapsed time = 00:01:33, memory = 1334.02 (MB).
    Completing 50% with 8200 violations.
    elapsed time = 00:02:08, memory = 1326.13 (MB).
    Completing 60% with 6143 violations.
    elapsed time = 00:02:26, memory = 1336.50 (MB).
    Completing 70% with 6143 violations.
    elapsed time = 00:03:15, memory = 1321.86 (MB).
    Completing 80% with 3706 violations.
    elapsed time = 00:03:47, memory = 1328.10 (MB).
    Completing 90% with 3706 violations.
    elapsed time = 00:04:38, memory = 1304.23 (MB).
    Completing 100% with 1531 violations.
    elapsed time = 00:05:25, memory = 1332.43 (MB).
[INFO DRT-0199]   Number of violations = 1531.
Viol/Layer        mcon   met1    via   met2   met3   met4
Cut Spacing          4      0      2      0      0      0
Metal Spacing        0    448      0    102      8      0
Short                0    783      0    165     18      1
[INFO DRT-0267] cpu time = 00:05:25, elapsed time = 00:05:25, memory = 1335.06 (MB), peak = 1409.25 (MB)
Total wire length = 786730 um.
Total wire length on LAYER li1 = 0 um.
Total wire length on LAYER met1 = 275266 um.
Total wire length on LAYER met2 = 332343 um.
Total wire length on LAYER met3 = 95475 um.
Total wire length on LAYER met4 = 83209 um.
Total wire length on LAYER met5 = 435 um.
Total number of vias = 145378.
Up-via summary (total 145378):

-------------------------
 FR_MASTERSLICE         0
            li1     58899
           met1     73574
           met2     10127
           met3      2724
           met4        54
-------------------------
               145378


[INFO DRT-0195] Start 4th optimization iteration.
    Completing 10% with 1531 violations.
    elapsed time = 00:00:00, memory = 1335.10 (MB).
    Completing 20% with 1531 violations.
    elapsed time = 00:00:09, memory = 1335.10 (MB).
    Completing 30% with 1289 violations.
    elapsed time = 00:00:13, memory = 1335.10 (MB).
    Completing 40% with 1289 violations.
    elapsed time = 00:00:17, memory = 1335.22 (MB).
    Completing 50% with 1289 violations.
    elapsed time = 00:00:28, memory = 1335.22 (MB).
    Completing 60% with 892 violations.
    elapsed time = 00:00:33, memory = 1335.22 (MB).
    Completing 70% with 892 violations.
    elapsed time = 00:00:42, memory = 1335.22 (MB).
    Completing 80% with 504 violations.
    elapsed time = 00:00:48, memory = 1335.22 (MB).
    Completing 90% with 504 violations.
    elapsed time = 00:00:57, memory = 1338.02 (MB).
    Completing 100% with 69 violations.
    elapsed time = 00:01:06, memory = 1340.86 (MB).
[INFO DRT-0199]   Number of violations = 69.
Viol/Layer        met1    via   met2
Cut Spacing          0      1      0
Metal Spacing       21      0      7
Short               22      0     18
[INFO DRT-0267] cpu time = 00:01:06, elapsed time = 00:01:06, memory = 1340.86 (MB), peak = 1409.25 (MB)
Total wire length = 786457 um.
Total wire length on LAYER li1 = 0 um.
Total wire length on LAYER met1 = 273785 um.
Total wire length on LAYER met2 = 331930 um.
Total wire length on LAYER met3 = 96654 um.
Total wire length on LAYER met4 = 83651 um.
Total wire length on LAYER met5 = 435 um.
Total number of vias = 145485.
Up-via summary (total 145485):

-------------------------
 FR_MASTERSLICE         0
            li1     58904
           met1     73489
           met2     10277
           met3      2761
           met4        54
-------------------------
               145485


[INFO DRT-0195] Start 5th guides tiles iteration.
    Completing 10% with 69 violations.
    elapsed time = 00:00:00, memory = 1340.86 (MB).
    Completing 20% with 69 violations.
    elapsed time = 00:00:00, memory = 1340.86 (MB).
    Completing 30% with 69 violations.
    elapsed time = 00:00:00, memory = 1340.86 (MB).
    Completing 40% with 69 violations.
    elapsed time = 00:00:01, memory = 1340.86 (MB).
    Completing 50% with 69 violations.
    elapsed time = 00:00:01, memory = 1340.86 (MB).
    Completing 60% with 9 violations.
    elapsed time = 00:00:01, memory = 1340.86 (MB).
    Completing 70% with 9 violations.
    elapsed time = 00:00:01, memory = 1340.86 (MB).
    Completing 80% with 9 violations.
    elapsed time = 00:00:01, memory = 1340.86 (MB).
    Completing 90% with 9 violations.
    elapsed time = 00:00:01, memory = 1340.86 (MB).
    Completing 100% with 9 violations.
    elapsed time = 00:00:01, memory = 1340.86 (MB).
[INFO DRT-0199]   Number of violations = 9.
Viol/Layer        met2
Metal Spacing        2
Short                7
[INFO DRT-0267] cpu time = 00:00:02, elapsed time = 00:00:02, memory = 1341.05 (MB), peak = 1409.25 (MB)
Total wire length = 786472 um.
Total wire length on LAYER li1 = 0 um.
Total wire length on LAYER met1 = 273724 um.
Total wire length on LAYER met2 = 331938 um.
Total wire length on LAYER met3 = 96720 um.
Total wire length on LAYER met4 = 83653 um.
Total wire length on LAYER met5 = 435 um.
Total number of vias = 145486.
Up-via summary (total 145486):

-------------------------
 FR_MASTERSLICE         0
            li1     58904
           met1     73487
           met2     10280
           met3      2761
           met4        54
-------------------------
               145486


[INFO DRT-0195] Start 6th guides tiles iteration.
    Completing 50% with 9 violations.
    elapsed time = 00:00:00, memory = 1341.05 (MB).
    Completing 100% with 0 violations.
    elapsed time = 00:00:00, memory = 1341.05 (MB).
[INFO DRT-0199]   Number of violations = 0.
[INFO DRT-0267] cpu time = 00:00:00, elapsed time = 00:00:00, memory = 1341.05 (MB), peak = 1409.25 (MB)
Total wire length = 786475 um.
Total wire length on LAYER li1 = 0 um.
Total wire length on LAYER met1 = 273739 um.
Total wire length on LAYER met2 = 331931 um.
Total wire length on LAYER met3 = 96716 um.
Total wire length on LAYER met4 = 83653 um.
Total wire length on LAYER met5 = 435 um.
Total number of vias = 145486.
Up-via summary (total 145486):

-------------------------
 FR_MASTERSLICE         0
            li1     58905
           met1     73486
           met2     10280
           met3      2761
           met4        54
-------------------------
               145486


[INFO DRT-0198] Complete detail routing.
Total wire length = 786475 um.
Total wire length on LAYER li1 = 0 um.
Total wire length on LAYER met1 = 273739 um.
Total wire length on LAYER met2 = 331931 um.
Total wire length on LAYER met3 = 96716 um.
Total wire length on LAYER met4 = 83653 um.
Total wire length on LAYER met5 = 435 um.
Total number of vias = 145486.
Up-via summary (total 145486):

-------------------------
 FR_MASTERSLICE         0
            li1     58905
           met1     73486
           met2     10280
           met3      2761
           met4        54
-------------------------
               145486


[INFO DRT-0267] cpu time = 00:28:04, elapsed time = 00:28:04, memory = 1341.05 (MB), peak = 1409.25 (MB)

[INFO DRT-0180] Post processing.
[INFO DRT-0501] Runtime: 1878.27s
Took 1879 seconds: detailed_route -output_drc ./reports/sky130hd/chia_sha256_benchmark_corrupted/slot0/5_route_drc.rpt -output_maze ./results/sky130hd/chia_sha256_benchmark_corrupted/slot0/maze.log -droute_end_iter 64 -verbose 1 -drc_report_iter_step 5
[INFO GRT-0012] Found 11 antenna violations.
[INFO DPL-0006] Core area: 366373.88 um^2
[INFO DPL-0007] Movable instances area: 0.00 um^2
[INFO DPL-0008] Fixed instances area within core: 204721.34 um^2
[INFO DPL-0009] Utilization: 55.9%
[INFO DPL-0005] Diamond search max displacement: +/- 500 sites horizontally, +/- 100 rows vertically.
[INFO DPL-1102] Legalizing using negotiation legalizer.
[INFO DPL-1103] Negotiation base search window: +/-20 sites horizontally, +/-5 rows vertically 
	Automatic search window extension enabled.
	Search window extendable up to the max displacement cap of +/-500 sites, +/-100 rows near walls.
[INFO DPL-1104] NegotiationLegalizer DRC penalty: 5.
[INFO DPL-0392] Negotiation cell height distribution (1 unique row-count(s)):
[INFO DPL-0393]   height 1 row(s): 21393 cells
[INFO DPL-0500] Runtime: 0.06s
[INFO GRT-0015] Inserted 11 diodes.
[WARNING DRT-0120] Large net net4366 has 116 pins which may impact routing performance. Consider optimization.
[WARNING DRT-0120] Large net net4365 has 105 pins which may impact routing performance. Consider optimization.
[WARNING DRT-0120] Large net net3754 has 219 pins which may impact routing performance. Consider optimization.
[WARNING DRT-0120] Large net net3752 has 110 pins which may impact routing performance. Consider optimization.
[WARNING DRT-0120] Large net net4137 has 155 pins which may impact routing performance. Consider optimization.
[WARNING DRT-0120] Large net net4368 has 113 pins which may impact routing performance. Consider optimization.
[WARNING DRT-0120] Large net net4428 has 132 pins which may impact routing performance. Consider optimization.
[WARNING DRT-0120] Large net net4427 has 146 pins which may impact routing performance. Consider optimization.
[WARNING DRT-0120] Large net net4419 has 105 pins which may impact routing performance. Consider optimization.
[WARNING DRT-0120] Large net net4412 has 131 pins which may impact routing performance. Consider optimization.
[WARNING DRT-0120] Large net net4407 has 120 pins which may impact routing performance. Consider optimization.
[WARNING DRT-0120] Large net net4406 has 165 pins which may impact routing performance. Consider optimization.
[WARNING DRT-0120] Large net net4401 has 138 pins which may impact routing performance. Consider optimization.
[WARNING DRT-0120] Large net net4400 has 128 pins which may impact routing performance. Consider optimization.
[WARNING DRT-0120] Large net net4397 has 123 pins which may impact routing performance. Consider optimization.
[WARNING DRT-0120] Large net net4394 has 180 pins which may impact routing performance. Consider optimization.
[INFO DRT-0024]   Complete FR_MASTERSLICE.
[INFO DRT-0024]   Complete Fr_VIA.
[INFO DRT-0024]   Complete li1.
[INFO DRT-0024]   Complete mcon.
[INFO DRT-0024]   Complete met1.
[INFO DRT-0024]   Complete via.
[INFO DRT-0024]   Complete met2.
[INFO DRT-0024]   Complete via2.
[INFO DRT-0024]   Complete met3.
[INFO DRT-0024]   Complete via3.
[INFO DRT-0024]   Complete met4.
[INFO DRT-0024]   Complete via4.
[INFO DRT-0024]   Complete met5.
[INFO DRT-0165] Start pin access.
[INFO DRT-0076]   Complete 1000 pins.
[INFO DRT-0076]   Complete 2000 pins.
[INFO DRT-0078]   Complete 2194 pins.
[INFO DRT-0079]   Complete 100 unique inst patterns.
[INFO DRT-0079]   Complete 200 unique inst patterns.
[INFO DRT-0081]   Complete 274 unique inst patterns.
[INFO DRT-0082]   Complete 10000 groups.
[INFO DRT-0084]   Complete 11352 groups.
#scanned instances     = 21393
#unique  instances     = 274
#stdCellGenAp          = 10222
#stdCellValidPlanarAp  = 170
#stdCellValidViaAp     = 6525
#stdCellPinNoAp        = 10
#stdCellPinCnt         = 62951
#instTermValidViaApCnt = 0
#macroGenAp            = 0
#macroValidPlanarAp    = 0
#macroValidViaAp       = 0
#macroNoAp             = 0
[INFO DRT-0166] Complete pin access.
[INFO DRT-0267] cpu time = 00:03:10, elapsed time = 00:03:10, memory = 1316.21 (MB), peak = 1409.25 (MB)
[INFO DRT-0156] guideIn read 100000 guides.

[INFO DRT-0157] Number of guides:     155398

[INFO DRT-0169] Post process guides.
[INFO DRT-0176] GCELLGRID X 0 DO 88 STEP 6900 ;
[INFO DRT-0177] GCELLGRID Y 0 DO 88 STEP 6900 ;
[INFO DRT-0026]   Complete 100000 origin guides.
[INFO DRT-0028]   Complete FR_MASTERSLICE.
[INFO DRT-0028]   Complete Fr_VIA.
[INFO DRT-0028]   Complete li1.
[INFO DRT-0028]   Complete mcon.
[INFO DRT-0028]   Complete met1.
[INFO DRT-0028]   Complete via.
[INFO DRT-0028]   Complete met2.
[INFO DRT-0028]   Complete via2.
[INFO DRT-0028]   Complete met3.
[INFO DRT-0028]   Complete via3.
[INFO DRT-0028]   Complete met4.
[INFO DRT-0028]   Complete via4.
[INFO DRT-0028]   Complete met5.
[INFO DRT-0178] Init guide query.
[INFO DRT-0035]   Complete FR_MASTERSLICE (guide).
[INFO DRT-0035]   Complete Fr_VIA (guide).
[INFO DRT-0035]   Complete li1 (guide).
[INFO DRT-0035]   Complete mcon (guide).
[INFO DRT-0035]   Complete met1 (guide).
[INFO DRT-0035]   Complete via (guide).
[INFO DRT-0035]   Complete met2 (guide).
[INFO DRT-0035]   Complete via2 (guide).
[INFO DRT-0035]   Complete met3 (guide).
[INFO DRT-0035]   Complete via3 (guide).
[INFO DRT-0035]   Complete met4 (guide).
[INFO DRT-0035]   Complete via4 (guide).
[INFO DRT-0035]   Complete met5 (guide).
[INFO DRT-0036] FR_MASTERSLICE guide region query size = 0.
[INFO DRT-0036] FR_VIA guide region query size = 0.
[INFO DRT-0036] li1 guide region query size = 48162.
[INFO DRT-0036] mcon guide region query size = 0.
[INFO DRT-0036] met1 guide region query size = 45954.
[INFO DRT-0036] via guide region query size = 0.
[INFO DRT-0036] met2 guide region query size = 24498.
[INFO DRT-0036] via2 guide region query size = 0.
[INFO DRT-0036] met3 guide region query size = 3122.
[INFO DRT-0036] via3 guide region query size = 0.
[INFO DRT-0036] met4 guide region query size = 1381.
[INFO DRT-0036] via4 guide region query size = 0.
[INFO DRT-0036] met5 guide region query size = 27.
[INFO DRT-0179] Init gr pin query.
[INFO DRT-0267] cpu time = 00:00:00, elapsed time = 00:00:00, memory = 1316.21 (MB), peak = 1409.25 (MB)
[INFO DRT-0245] skipped writing guide updates to database.
[INFO DRT-0181] Start track assignment.
[INFO DRT-0184] Done with 74041 vertical wires in 2 frboxes and 49103 horizontal wires in 2 frboxes.
[INFO DRT-0186] Done with 11100 vertical wires in 2 frboxes and 18057 horizontal wires in 2 frboxes.
[INFO DRT-0182] Complete track assignment.
[INFO DRT-0267] cpu time = 00:00:05, elapsed time = 00:00:05, memory = 1316.21 (MB), peak = 1409.25 (MB)
[INFO DRT-0187] Start routing data preparation.
[INFO DRT-0267] cpu time = 00:00:00, elapsed time = 00:00:00, memory = 1316.21 (MB), peak = 1409.25 (MB)
[INFO DRT-0194] Start detail routing.
[INFO DRT-0195] Start 0th optimization iteration.
    Completing 10% with 0 violations.
    elapsed time = 00:00:04, memory = 1325.48 (MB).
    Completing 20% with 0 violations.
    elapsed time = 00:00:12, memory = 1325.61 (MB).
    Completing 30% with 187 violations.
    elapsed time = 00:00:17, memory = 1375.68 (MB).
    Completing 40% with 187 violations.
    elapsed time = 00:00:24, memory = 1405.84 (MB).
    Completing 50% with 187 violations.
    elapsed time = 00:00:34, memory = 1405.84 (MB).
    Completing 60% with 429 violations.
    elapsed time = 00:00:38, memory = 1405.84 (MB).
    Completing 70% with 429 violations.
    elapsed time = 00:00:46, memory = 1405.84 (MB).
    Completing 80% with 656 violations.
    elapsed time = 00:00:54, memory = 1405.84 (MB).
    Completing 90% with 656 violations.
    elapsed time = 00:01:03, memory = 1405.84 (MB).
    Completing 100% with 895 violations.
    elapsed time = 00:01:12, memory = 1405.84 (MB).
[INFO DRT-0199]   Number of violations = 1023.
Viol/Layer        met1    via   met2   met3
Metal Spacing       74      0     59      1
Recheck             80      0     44      4
Short              498      1    259      3
[INFO DRT-0267] cpu time = 00:01:13, elapsed time = 00:01:13, memory = 1405.84 (MB), peak = 1454.78 (MB)
Total wire length = 786729 um.
Total wire length on LAYER li1 = 0 um.
Total wire length on LAYER met1 = 275185 um.
Total wire length on LAYER met2 = 332293 um.
Total wire length on LAYER met3 = 95569 um.
Total wire length on LAYER met4 = 83290 um.
Total wire length on LAYER met5 = 390 um.
Total number of vias = 145479.
Up-via summary (total 145479):

-------------------------
 FR_MASTERSLICE         0
            li1     58916
           met1     73582
           met2     10189
           met3      2740
           met4        52
-------------------------
               145479


[INFO DRT-0195] Start 1st optimization iteration.
    Completing 10% with 1023 violations.
    elapsed time = 00:00:04, memory = 1405.84 (MB).
    Completing 20% with 1023 violations.
    elapsed time = 00:00:12, memory = 1405.84 (MB).
    Completing 30% with 849 violations.
    elapsed time = 00:00:18, memory = 1405.84 (MB).
    Completing 40% with 849 violations.
    elapsed time = 00:00:24, memory = 1405.84 (MB).
    Completing 50% with 849 violations.
    elapsed time = 00:00:33, memory = 1406.10 (MB).
    Completing 60% with 658 violations.
    elapsed time = 00:00:38, memory = 1406.10 (MB).
    Completing 70% with 658 violations.
    elapsed time = 00:00:45, memory = 1406.10 (MB).
    Completing 80% with 558 violations.
    elapsed time = 00:00:53, memory = 1406.10 (MB).
    Completing 90% with 558 violations.
    elapsed time = 00:01:00, memory = 1406.10 (MB).
    Completing 100% with 412 violations.
    elapsed time = 00:01:08, memory = 1406.10 (MB).
[INFO DRT-0199]   Number of violations = 412.
Viol/Layer        met1   met2   met3
Metal Spacing       54     31      1
Short              217    109      0
[INFO DRT-0267] cpu time = 00:01:09, elapsed time = 00:01:09, memory = 1406.10 (MB), peak = 1457.29 (MB)
Total wire length = 786571 um.
Total wire length on LAYER li1 = 0 um.
Total wire length on LAYER met1 = 274961 um.
Total wire length on LAYER met2 = 332193 um.
Total wire length on LAYER met3 = 95708 um.
Total wire length on LAYER met4 = 83318 um.
Total wire length on LAYER met5 = 390 um.
Total number of vias = 145481.
Up-via summary (total 145481):

-------------------------
 FR_MASTERSLICE         0
            li1     58916
           met1     73563
           met2     10207
           met3      2743
           met4        52
-------------------------
               145481


[INFO DRT-0195] Start 2nd optimization iteration.
    Completing 10% with 412 violations.
    elapsed time = 00:00:00, memory = 1406.10 (MB).
    Completing 20% with 412 violations.
    elapsed time = 00:00:06, memory = 1406.10 (MB).
    Completing 30% with 410 violations.
    elapsed time = 00:00:09, memory = 1406.10 (MB).
    Completing 40% with 410 violations.
    elapsed time = 00:00:10, memory = 1406.10 (MB).
    Completing 50% with 410 violations.
    elapsed time = 00:00:15, memory = 1406.10 (MB).
    Completing 60% with 414 violations.
    elapsed time = 00:00:17, memory = 1406.27 (MB).
    Completing 70% with 414 violations.
    elapsed time = 00:00:21, memory = 1406.10 (MB).
    Completing 80% with 379 violations.
    elapsed time = 00:00:22, memory = 1406.10 (MB).
    Completing 90% with 379 violations.
    elapsed time = 00:00:24, memory = 1406.10 (MB).
    Completing 100% with 385 violations.
    elapsed time = 00:00:26, memory = 1406.10 (MB).
[INFO DRT-0199]   Number of violations = 385.
Viol/Layer        met1   met2   met3
Metal Spacing       38     32      1
Short              207    107      0
[INFO DRT-0267] cpu time = 00:00:26, elapsed time = 00:00:26, memory = 1406.10 (MB), peak = 1457.29 (MB)
Total wire length = 786534 um.
Total wire length on LAYER li1 = 0 um.
Total wire length on LAYER met1 = 274908 um.
Total wire length on LAYER met2 = 332183 um.
Total wire length on LAYER met3 = 95737 um.
Total wire length on LAYER met4 = 83314 um.
Total wire length on LAYER met5 = 390 um.
Total number of vias = 145454.
Up-via summary (total 145454):

-------------------------
 FR_MASTERSLICE         0
            li1     58916
           met1     73541
           met2     10203
           met3      2742
           met4        52
-------------------------
               145454


[INFO DRT-0195] Start 3rd optimization iteration.
    Completing 10% with 385 violations.
    elapsed time = 00:00:00, memory = 1406.10 (MB).
    Completing 20% with 385 violations.
    elapsed time = 00:00:01, memory = 1406.10 (MB).
    Completing 30% with 298 violations.
    elapsed time = 00:00:03, memory = 1406.10 (MB).
    Completing 40% with 298 violations.
    elapsed time = 00:00:08, memory = 1406.10 (MB).
    Completing 50% with 298 violations.
    elapsed time = 00:00:11, memory = 1406.10 (MB).
    Completing 60% with 243 violations.
    elapsed time = 00:00:11, memory = 1406.10 (MB).
    Completing 70% with 243 violations.
    elapsed time = 00:00:16, memory = 1406.10 (MB).
    Completing 80% with 146 violations.
    elapsed time = 00:00:28, memory = 1406.10 (MB).
    Completing 90% with 146 violations.
    elapsed time = 00:00:34, memory = 1406.10 (MB).
    Completing 100% with 69 violations.
    elapsed time = 00:00:45, memory = 1406.10 (MB).
[INFO DRT-0199]   Number of violations = 69.
Viol/Layer        met1   met2
Metal Spacing       10     12
Short               26     21
[INFO DRT-0267] cpu time = 00:00:45, elapsed time = 00:00:45, memory = 1406.10 (MB), peak = 1457.29 (MB)
Total wire length = 786453 um.
Total wire length on LAYER li1 = 0 um.
Total wire length on LAYER met1 = 273828 um.
Total wire length on LAYER met2 = 331777 um.
Total wire length on LAYER met3 = 96746 um.
Total wire length on LAYER met4 = 83710 um.
Total wire length on LAYER met5 = 390 um.
Total number of vias = 145649.
Up-via summary (total 145649):

-------------------------
 FR_MASTERSLICE         0
            li1     58919
           met1     73551
           met2     10356
           met3      2771
           met4        52
-------------------------
               145649


[INFO DRT-0195] Start 4th guides tiles iteration.
    Completing 10% with 69 violations.
    elapsed time = 00:00:00, memory = 1406.10 (MB).
    Completing 20% with 69 violations.
    elapsed time = 00:00:02, memory = 1406.10 (MB).
    Completing 30% with 69 violations.
    elapsed time = 00:00:02, memory = 1406.10 (MB).
    Completing 40% with 69 violations.
    elapsed time = 00:00:02, memory = 1406.10 (MB).
    Completing 50% with 69 violations.
    elapsed time = 00:00:02, memory = 1406.10 (MB).
    Completing 60% with 69 violations.
    elapsed time = 00:00:02, memory = 1406.10 (MB).
    Completing 70% with 8 violations.
    elapsed time = 00:00:05, memory = 1406.10 (MB).
    Completing 80% with 8 violations.
    elapsed time = 00:00:05, memory = 1406.10 (MB).
    Completing 90% with 8 violations.
    elapsed time = 00:00:05, memory = 1406.10 (MB).
    Completing 100% with 0 violations.
    elapsed time = 00:00:05, memory = 1406.10 (MB).
[INFO DRT-0199]   Number of violations = 0.
[INFO DRT-0267] cpu time = 00:00:05, elapsed time = 00:00:05, memory = 1406.10 (MB), peak = 1587.60 (MB)
Total wire length = 786429 um.
Total wire length on LAYER li1 = 0 um.
Total wire length on LAYER met1 = 273742 um.
Total wire length on LAYER met2 = 331467 um.
Total wire length on LAYER met3 = 96816 um.
Total wire length on LAYER met4 = 84012 um.
Total wire length on LAYER met5 = 390 um.
Total number of vias = 145668.
Up-via summary (total 145668):

-------------------------
 FR_MASTERSLICE         0
            li1     58919
           met1     73556
           met2     10364
           met3      2777
           met4        52
-------------------------
               145668


[INFO DRT-0198] Complete detail routing.
Total wire length = 786429 um.
Total wire length on LAYER li1 = 0 um.
Total wire length on LAYER met1 = 273742 um.
Total wire length on LAYER met2 = 331467 um.
Total wire length on LAYER met3 = 96816 um.
Total wire length on LAYER met4 = 84012 um.
Total wire length on LAYER met5 = 390 um.
Total number of vias = 145668.
Up-via summary (total 145668):

-------------------------
 FR_MASTERSLICE         0
            li1     58919
           met1     73556
           met2     10364
           met3      2777
           met4        52
-------------------------
               145668


[INFO DRT-0267] cpu time = 00:03:40, elapsed time = 00:03:40, memory = 1406.10 (MB), peak = 1587.60 (MB)

[INFO DRT-0180] Post processing.
[INFO DRT-0501] Runtime: 417.45s
[INFO ANT-0002] Found 0 net violations.
[INFO ANT-0001] Found 0 pin violations.
[INFO ANT-0002] Found 0 net violations.
[INFO ANT-0001] Found 0 pin violations.
Design area 204721 um^2 56% utilization.
write_db ./results/sky130hd/chia_sha256_benchmark_corrupted/slot0/5_2_route.odb
Log                       Ext     Elapsed/s Peak Memory/MB sha1sum result [0:20)
5_2_route                 .odb         2357           1587 22e23b2d4d84d04e6043
/root/OpenROAD-flow-scripts/flow/scripts/flow.sh 5_3_fillcell fillcell
Running fillcell.tcl, stage 5_3_fillcell
read_liberty /root/OpenROAD-flow-scripts/flow/platforms/sky130hd/lib/sky130_fd_sc_hd__tt_025C_1v80.lib
read_db ./results/sky130hd/chia_sha256_benchmark_corrupted/slot0/5_2_route.odb
read_sdc ./results/sky130hd/chia_sha256_benchmark_corrupted/slot0/5_1_grt.sdc
source /root/OpenROAD-flow-scripts/flow/platforms/sky130hd/setRC.tcl
[WARNING STA-0450] virtual clock vclk can not be propagated.
filler_placement "sky130_fd_sc_hd__fill_1 sky130_fd_sc_hd__fill_2 sky130_fd_sc_hd__fill_4 sky130_fd_sc_hd__fill_8"
[INFO DPL-0001] Placed 30896 filler instances.
Design area 204721 um^2 56% utilization.
write_db ./results/sky130hd/chia_sha256_benchmark_corrupted/slot0/5_3_fillcell.odb
Log                       Ext     Elapsed/s Peak Memory/MB sha1sum result [0:20)
5_3_fillcell              .odb            0            221 509a153c390de69a9004
cp ./results/sky130hd/chia_sha256_benchmark_corrupted/slot0/5_3_fillcell.odb ./results/sky130hd/chia_sha256_benchmark_corrupted/slot0/5_route.odb
cp ./results/sky130hd/chia_sha256_benchmark_corrupted/slot0/5_1_grt.sdc ./results/sky130hd/chia_sha256_benchmark_corrupted/slot0/5_route.sdc
make: Leaving directory '/root/OpenROAD-flow-scripts/flow'

STDERR:
bash: /opt/miniconda/lib/libtinfo.so.6: no version information available (required by bash)
bash: /opt/miniconda/lib/libtinfo.so.6: no version information available (required by bash)
bash: /opt/miniconda/lib/libtinfo.so.6: no version information available (required by bash)
bash: /opt/miniconda/lib/libtinfo.so.6: no version information available (required by bash)
bash: /opt/miniconda/lib/libtinfo.so.6: no version information available (required by bash)
bash: /opt/miniconda/lib/libtinfo.so.6: no version information available (required by bash)
bash: /opt/miniconda/lib/libtinfo.so.6: no version information available (required by bash)
bash: /opt/miniconda/lib/libtinfo.so.6: no version information available (required by bash)
bash: /opt/miniconda/lib/libtinfo.so.6: no version information available (required by bash)
bash: /opt/miniconda/lib/libtinfo.so.6: no version information available (required by bash)
bash: /opt/miniconda/lib/libtinfo.so.6: no version information available (required by bash)
bash: /opt/miniconda/lib/libtinfo.so.6: no version information available (required by bash)
bash: /opt/miniconda/lib/libtinfo.so.6: no version information available (required by bash)
bash: /opt/miniconda/lib/libtinfo.so.6: no version information available (required by bash)
bash: /opt/miniconda/lib/libtinfo.so.6: no version information available (required by bash)
bash: /opt/miniconda/lib/libtinfo.so.6: no version information available (required by bash)
bash: /opt/miniconda/lib/libtinfo.so.6: no version information available (required by bash)
bash: /opt/miniconda/lib/libtinfo.so.6: no version information available (required by bash)
bash: /opt/miniconda/lib/libtinfo.so.6: no version information available (required by bash)
bash: /opt/miniconda/lib/libtinfo.so.6: no version information available (required by bash)
bash: /opt/miniconda/lib/libtinfo.so.6: no version information available (required by bash)
bash: /opt/miniconda/lib/libtinfo.so.6: no version information available (required by bash)
bash: /opt/miniconda/lib/libtinfo.so.6: no version information available (required by bash)
bash: /opt/miniconda/lib/libtinfo.so.6: no version information available (required by bash)
Elapsed time: 4:50.33[h:]min:sec. CPU time: user 289.90 sys 0.24 (99%). Peak memory: 614000KB.
bash: /opt/miniconda/lib/libtinfo.so.6: no version information available (required by bash)
bash: /opt/miniconda/lib/libtinfo.so.6: no version information available (required by bash)
bash: /opt/miniconda/lib/libtinfo.so.6: no version information available (required by bash)
bash: /opt/miniconda/lib/libtinfo.so.6: no version information available (required by bash)
bash: /opt/miniconda/lib/libtinfo.so.6: no version information available (required by bash)
bash: /opt/miniconda/lib/libtinfo.so.6: no version information available (required by bash)
bash: /opt/miniconda/lib/libtinfo.so.6: no version information available (required by bash)
bash: /opt/miniconda/lib/libtinfo.so.6: no version information available (required by bash)
bash: /opt/miniconda/lib/libtinfo.so.6: no version information available (required by bash)
bash: /opt/miniconda/lib/libtinfo.so.6: no version information available (required by bash)
bash: /opt/miniconda/lib/libtinfo.so.6: no version information available (required by bash)
bash: /opt/miniconda/lib/libtinfo.so.6: no version information available (required by bash)
bash: /opt/miniconda/lib/libtinfo.so.6: no version information available (required by bash)
bash: /opt/miniconda/lib/libtinfo.so.6: no version information available (required by bash)
Elapsed time: 39:17.56[h:]min:sec. CPU time: user 2347.87 sys 9.14 (99%). Peak memory: 1625700KB.
bash: /opt/miniconda/lib/libtinfo.so.6: no version information available (required by bash)
bash: /opt/miniconda/lib/libtinfo.so.6: no version information available (required by bash)
bash: /opt/miniconda/lib/libtinfo.so.6: no version information available (required by bash)
bash: /opt/miniconda/lib/libtinfo.so.6: no version information available (required by bash)
bash: /opt/miniconda/lib/libtinfo.so.6: no version information available (required by bash)
bash: /opt/miniconda/lib/libtinfo.so.6: no version information available (required by bash)
bash: /opt/miniconda/lib/libtinfo.so.6: no version information available (required by bash)
bash: /opt/miniconda/lib/libtinfo.so.6: no version information available (required by bash)
bash: /opt/miniconda/lib/libtinfo.so.6: no version information available (required by bash)
bash: /opt/miniconda/lib/libtinfo.so.6: no version information available (required by bash)
bash: /opt/miniconda/lib/libtinfo.so.6: no version information available (required by bash)
bash: /opt/miniconda/lib/libtinfo.so.6: no version information available (required by bash)
bash: /opt/miniconda/lib/libtinfo.so.6: no version information available (required by bash)
bash: /opt/miniconda/lib/libtinfo.so.6: no version information available (required by bash)
Elapsed time: 0:00.58[h:]min:sec. CPU time: user 0.50 sys 0.08 (98%). Peak memory: 227244KB.
bash: /opt/miniconda/lib/libtinfo.so.6: no version information available (required by bash)
bash: /opt/miniconda/lib/libtinfo.so.6: no version information available (required by bash)
bash: /opt/miniconda/lib/libtinfo.so.6: no version information available (required by bash)
bash: /opt/miniconda/lib/libtinfo.so.6: no version information available (required by bash)
bash: /opt/miniconda/lib/libtinfo.so.6: no version information available (required by bash)
bash: /opt/miniconda/lib/libtinfo.so.6: no version information available (required by bash)
bash: /opt/miniconda/lib/libtinfo.so.6: no version information available (required by bash)
bash: /opt/miniconda/lib/libtinfo.so.6: no version information available (required by bash)
bash: /opt/miniconda/lib/libtinfo.so.6: no version information available (required by bash)
bash: /opt/miniconda/lib/libtinfo.so.6: no version information available (required by bash)
bash: /opt/miniconda/lib/libtinfo.so.6: no version information available (required by bash)
bash: /opt/miniconda/lib/libtinfo.so.6: no version information available (required by bash)
bash: /opt/miniconda/lib/libtinfo.so.6: no version information available (required by bash)
bash: /opt/miniconda/lib/libtinfo.so.6: no version information available (required by bash)
bash: /opt/miniconda/lib/libtinfo.so.6: no version information available (required by bash)
bash: /opt/miniconda/lib/libtinfo.so.6: no version information available (required by bash)
bash: /opt/miniconda/lib/libtinfo.so.6: no version information available (required by bash)
bash: /opt/miniconda/lib/libtinfo.so.6: no version information available (required by bash)
bash: /opt/miniconda/lib/libtinfo.so.6: no version information available (required by bash)
bash: /opt/miniconda/lib/libtinfo.so.6: no version information available (required by bash)
bash: /opt/miniconda/lib/libtinfo.so.6: no version information available (required by bash)
bash: /opt/miniconda/lib/libtinfo.so.6: no version information available (required by bash)
bash: /opt/miniconda/lib/libtinfo.so.6: no version information available (required by bash)
bash: /opt/miniconda/lib/libtinfo.so.6: no version information available (required by bash)
bash: /opt/miniconda/lib/libtinfo.so.6: no version information available (required by bash)
bash: /opt/miniconda/lib/libtinfo.so.6: no version information available (required by bash)
