==============================================================================
Starting run14
Time          : 2026-09-15T08:53:15+05:30
Project       : /home/auralab/nwark/for_multiple_rtl_updation_generalized
Design config : pipeline/designs/hamming_encoder.yaml
Design        : hamming_encoder
Max iterations: 25
Run log       : /home/auralab/nwark/for_multiple_rtl_updation_generalized/generated/designs/hamming_encoder/results/verification_improvement/logs/run_20260915_085315.log
==============================================================================

=========================================================
 CHIA verification run: hamming_encoder
=========================================================
  RTL:          benchmarks/hamming_encoder/hamming_encoder.sv
  Specification:benchmarks/hamming_encoder/spec.md
  Reference:    benchmarks/hamming_encoder/ref_model.py
  Generated TB: generated/designs/hamming_encoder/tb
  Plan:         generated/designs/hamming_encoder/plans/verification_plan.yaml
2026-09-15 08:53:15,492	INFO worker.py:1810 -- Connecting to existing Ray cluster at address: 172.20.107.229:6379...
2026-09-15 08:53:15,516	INFO worker.py:2004 -- Connected to Ray cluster. View the dashboard at [1m[32m127.0.0.1:8265 [39m[22m
/home/auralab/miniconda3/envs/chia_env/lib/python3.10/site-packages/ray/_private/worker.py:2052: FutureWarning: Tip: In future versions of Ray, Ray will no longer override accelerator visible devices env var if num_gpus=0 or num_gpus=None (default). To enable this behavior and turn off this error message, set RAY_ACCEL_ENV_VAR_OVERRIDE_ON_ZERO=0
  warnings.warn(

✓ Found existing verification plan and rtl_info.json — skipping extraction, generation, and review.
  Plan:     /home/auralab/nwark/for_multiple_rtl_updation_generalized/generated/designs/hamming_encoder/plans/verification_plan.yaml
  RTL info: /home/auralab/nwark/for_multiple_rtl_updation_generalized/generated/designs/hamming_encoder/rtl/rtl_info.json
/home/auralab/miniconda3/envs/chia_env/lib/python3.10/site-packages/pydantic_settings/sources/utils.py:47: IncompleteFieldDefinitionWarning: Field 'lifespan' has an incomplete definition: its annotation contains an unresolved forward reference, so settings sources may fail to correctly resolve its value. Call `model_rebuild()` on the model where the field is defined, once all the referenced types are defined.
  warnings.warn(
[36m(_ToolServerActor pid=27994)[0m INFO:     Started server process [27994]
[36m(_ToolServerActor pid=27994)[0m INFO:     Waiting for application startup.
[36m(_ToolServerActor pid=27994)[0m INFO:     Application startup complete.
[36m(_ToolServerActor pid=27994)[0m INFO:     Uvicorn running on http://172.20.107.229:8000 (Press CTRL+C to quit)
verification_workspace started at 172.20.107.229:8000 on node 1e6675023c7c118ac040d9c22fab34c489adcad25e9799b769f4f387
OpenCodeLLM is experimental: only exercised by unit tests so far, not validated in production.

[4/4] Generating cocotb+pyuvm environment (staged)...

✓ Skipping UVM sub-stage 'contract': checkpoint found (/home/auralab/nwark/for_multiple_rtl_updation_generalized/generated/designs/hamming_encoder/checkpoints/uvm_contract.done), already completed in a previous run.

✓ Skipping UVM sub-stage 'stimulus': checkpoint found (/home/auralab/nwark/for_multiple_rtl_updation_generalized/generated/designs/hamming_encoder/checkpoints/uvm_stimulus.done), already completed in a previous run.

✓ Skipping UVM sub-stage 'observation': checkpoint found (/home/auralab/nwark/for_multiple_rtl_updation_generalized/generated/designs/hamming_encoder/checkpoints/uvm_observation.done), already completed in a previous run.

✓ Skipping UVM sub-stage 'scoreboard': checkpoint found (/home/auralab/nwark/for_multiple_rtl_updation_generalized/generated/designs/hamming_encoder/checkpoints/uvm_scoreboard.done), already completed in a previous run.

✓ Skipping UVM sub-stage 'coverage_assertions': checkpoint found (/home/auralab/nwark/for_multiple_rtl_updation_generalized/generated/designs/hamming_encoder/checkpoints/uvm_coverage_assertions.done), already completed in a previous run.

✓ Skipping UVM sub-stage 'integration': checkpoint found (/home/auralab/nwark/for_multiple_rtl_updation_generalized/generated/designs/hamming_encoder/checkpoints/uvm_integration.done), already completed in a previous run.

✓ cocotb+pyuvm environment generated directly under /workspace/generated/designs/hamming_encoder/tb.
✓ Directed scenario IDs validated against the accepted plan.
[36m(_ToolServerActor pid=27994)[0m INFO:     Shutting down

⚠ tb_validated checkpoint is stale: generated TB content changed.

[5/5] Validating generated cocotb+pyuvm environment...
✓ Generated TB passed deterministic pre-simulation validation.
[36m(_ToolServerActor pid=27994)[0m INFO:     Waiting for application shutdown.
[36m(_ToolServerActor pid=27994)[0m INFO:     Application shutdown complete.
[36m(_ToolServerActor pid=27994)[0m INFO:     Finished server process [27994]
[36m(simulate pid=15771)[0m Wrote /workspace/generated/designs/hamming_encoder/results/tb_validation_iteration_0.json

===== TB SIMULATION ANALYSIS =====
{
  "verdict": "pass",
  "detail": {
    "schema_version": "1.0",
    "status": "pass",
    "rtl": "/workspace/benchmarks/hamming_encoder/hamming_encoder.sv",
    "tb_dir": "/workspace/generated/designs/hamming_encoder/tb",
    "toolchain": {
      "simulator": "verilator",
      "cocotb": "2.1.0",
      "pyuvm": "5.0.0",
      "verilator": "/usr/local/bin/verilator"
    },
    "tests": {
      "HammingTC1Test": {
        "status": "pass",
        "category": "pass",
        "timed_out": false,
        "watchdog_expired": false,
        "returncode": 0,
        "counts": {
          "uvm_errors": 0,
          "uvm_fatals": 0,
          "uvm_warnings": 0,
          "scoreboard_mismatches": 0,
          "assertion_failures": 0
        },
        "clean_exit": true,
        "log": "ertions.py:214: DeprecationWarning: The 'units' argument has been renamed to 'unit'.\n                                                          await Timer(self._settle_offset_ns, units=\"ns\")\n    11.00ns WARNING  py.warnings                        /workspace/generated/designs/hamming_encoder/tb/dut_helper.py:221: DeprecationWarning: `logic_array.binstr` getter is deprecated. Use `str(logic_array)` instead.\n                                                          if hasattr(pin_value, \"binstr\"):\n    11.00ns WARNING  py.warnings                        /workspace/generated/designs/hamming_encoder/tb/dut_helper.py:222: DeprecationWarning: `logic_array.binstr` getter is deprecated. Use `str(logic_array)` instead.\n                                                          s = pin_value.binstr or \"\"\n    11.00ns WARNING  py.warnings                        /workspace/generated/designs/hamming_encoder/tb/dut_helper.py:186: DeprecationWarning: `logic_array.binstr` getter is deprecated. Use `str(logic_array)` instead.\n                                                          if hasattr(pin_value, \"binstr\"):\n    70.00ns INFO     ..mming_encoder/tb/monitor.py(198) [uvm_test_top.hamming_env.hamming_agent.monitor]: monitor: observed and published 1 transaction(s)\n    70.00ns INFO     ..ng_encoder/tb/scoreboard.py(352) [uvm_test_top.hamming_env.hamming_scoreboard]: HammingScoreboard report: 1 items checked, 1 passed, 0 mismatches, 1 reset(s) observed\n    70.00ns INFO     ..ng_encoder/tb/scoreboard.py(362) [uvm_test_top.hamming_env.hamming_scoreboard]: HammingScoreboard config (DATA_WIDTH=4, SECDED=0): 1 checked, 1 passed, 0 mismatches\n    70.00ns INFO     ..ming_encoder/tb/coverage.py(370) [uvm_test_top.hamming_env.hamming_coverage]: HammingCoverage report: 1 items sampled\n    70.00ns INFO     ../cocotb_coverage/coverage.py(94) [uvm_test_top.hamming_env.hamming_coverage]: cg_hamming_encoding : <cocotb_coverage.coverage.CoverItem object at 0x75c584f66800>, coverage=8, size=36 \n    70.00ns INFO     ../cocotb_coverage/coverage.py(94) [uvm_test_top.hamming_env.hamming_coverage]:    cg_hamming_encoding.codeword_cov : <cocotb_coverage.coverage.CoverPoint object at 0x75c584f642b0>, coverage=1, size=4 \n    70.00ns INFO     ../cocotb_coverage/coverage.py(99) [uvm_test_top.hamming_env.hamming_coverage]:       BIN even_weight : 1\n    70.00ns INFO     ../cocotb_coverage/coverage.py(99) [uvm_test_top.hamming_env.hamming_coverage]:       BIN odd_weight : 0\n    70.00ns INFO     ../cocotb_coverage/coverage.py(99) [uvm_test_top.hamming_env.hamming_coverage]:       BIN secded_parity_zero : 0\n    70.00ns INFO     ../cocotb_coverage/coverage.py(99) [uvm_test_top.hamming_env.hamming_coverage]:       BIN secded_parity_one : 0\n    70.00ns INFO     ../cocotb_coverage/coverage.py(94) [uvm_test_top.hamming_env.hamming_coverage]:    cg_hamming_encoding.data_in_cov : <cocotb_coverage.coverage.CoverPoint object at 0x75c584f66ef0>, coverage=2, size=5 \n    70.00ns INFO     ../cocotb_coverage/coverage.py(99) [uvm_test_top.hamming_env.hamming_coverage]:       BIN zero : 1\n    70.00ns INFO     ../cocotb_coverage/coverage.py(99) [uvm_test_top.hamming_env.hamming_coverage]:       BIN single_bit_set : 0\n    70.00ns INFO     ../cocotb_coverage/coverage.py(99) [uvm_test_top.hamming_env.hamming_coverage]:       BIN low_space : 1\n    70.00ns INFO     ../cocotb_coverage/coverage.py(99) [uvm_test_top.hamming_env.hamming_coverage]:       BIN high_space : 0\n    70.00ns INFO     ../cocotb_coverage/coverage.py(99) [uvm_test_top.hamming_env.hamming_coverage]:       BIN max_value : 0\n    70.00ns INFO     ../cocotb_coverage/coverage.py(94) [uvm_test_top.hamming_env.hamming_coverage]:    cg_hamming_encoding.data_x_secded : <cocotb_coverage.coverage.CoverCross object at 0x75c584f666e0>, coverage=2, size=10 \n    70.00ns INFO     ../cocotb_coverage/coverage.py(99) [uvm_test_top.hamming_env.hamming_coverage]:       BIN ('zero', 'secded_off') : 1\n    70.00ns INFO     ../cocotb_coverage/coverage.py(99) [uvm_test_top.hamming_env.hamming_coverage]:       BIN ('zero', 'secded_on') : 0\n    70.00ns INFO     ../cocotb_coverage/coverage.py(99) [uvm_test_top.hamming_env.hamming_coverage]:       BIN ('single_bit_set', 'secded_off') : 0\n    70.00ns INFO     ../cocotb_coverage/coverage.py(99) [uvm_test_top.hamming_env.hamming_coverage]:       BIN ('single_bit_set', 'secded_on') : 0\n    70.00ns INFO     ../cocotb_coverage/coverage.py(99) [uvm_test_top.hamming_env.hamming_coverage]:       BIN ('low_space', 'secded_off') : 1\n    70.00ns INFO     ../cocotb_coverage/coverage.py(99) [uvm_test_top.hamming_env.hamming_coverage]:       BIN ('low_space', 'secded_on') : 0\n    70.00ns INFO     ../cocotb_coverage/coverage.py(99) [uvm_test_top.hamming_env.hamming_coverage]:       BIN ('high_space', 'secded_off') : 0\n    70.00ns INFO     ../cocotb_coverage/coverage.py(99) [uvm_test_top.hamming_env.hamming_coverage]:       BIN ('high_space', 'secded_on') : 0\n    70.00ns INFO     ../cocotb_coverage/coverage.py(99) [uvm_test_top.hamming_env.hamming_coverage]:       BIN ('max_value', 'secded_off') : 0\n    70.00ns INFO     ../cocotb_coverage/coverage.py(99) [uvm_test_top.hamming_env.hamming_coverage]:       BIN ('max_value', 'secded_on') : 0\n    70.00ns INFO     ../cocotb_coverage/coverage.py(94) [uvm_test_top.hamming_env.hamming_coverage]:    cg_hamming_encoding.secded_cov : <cocotb_coverage.coverage.CoverPoint object at 0x75c584f65570>, coverage=1, size=2 \n    70.00ns INFO     ../cocotb_coverage/coverage.py(99) [uvm_test_top.hamming_env.hamming_coverage]:       BIN secded_off : 1\n    70.00ns INFO     ../cocotb_coverage/coverage.py(99) [uvm_test_top.hamming_env.hamming_coverage]:       BIN secded_on : 0\n    70.00ns INFO     ../cocotb_coverage/coverage.py(94) [uvm_test_top.hamming_env.hamming_coverage]:    cg_hamming_encoding.width_cov : <cocotb_coverage.coverage.CoverPoint object at 0x75c584f67d00>, coverage=1, size=5 \n    70.00ns INFO     ../cocotb_coverage/coverage.py(99) [uvm_test_top.hamming_env.hamming_coverage]:       BIN width_1 : 0\n    70.00ns INFO     ../cocotb_coverage/coverage.py(99) [uvm_test_top.hamming_env.hamming_coverage]:       BIN width_4 : 1\n    70.00ns INFO     ../cocotb_coverage/coverage.py(99) [uvm_test_top.hamming_env.hamming_coverage]:       BIN width_8 : 0\n    70.00ns INFO     ../cocotb_coverage/coverage.py(99) [uvm_test_top.hamming_env.hamming_coverage]:       BIN width_11 : 0\n    70.00ns INFO     ../cocotb_coverage/coverage.py(99) [uvm_test_top.hamming_env.hamming_coverage]:       BIN width_16 : 0\n    70.00ns INFO     ../cocotb_coverage/coverage.py(94) [uvm_test_top.hamming_env.hamming_coverage]:    cg_hamming_encoding.width_x_secded : <cocotb_coverage.coverage.CoverCross object at 0x75c584f66fb0>, coverage=1, size=10 \n    70.00ns INFO     ../cocotb_coverage/coverage.py(99) [uvm_test_top.hamming_env.hamming_coverage]:       BIN ('width_1', 'secded_off') : 0\n    70.00ns INFO     ../cocotb_coverage/coverage.py(99) [uvm_test_top.hamming_env.hamming_coverage]:       BIN ('width_1', 'secded_on') : 0\n    70.00ns INFO     ../cocotb_coverage/coverage.py(99) [uvm_test_top.hamming_env.hamming_coverage]:       BIN ('width_4', 'secded_off') : 1\n    70.00ns INFO     ../cocotb_coverage/coverage.py(99) [uvm_test_top.hamming_env.hamming_coverage]:       BIN ('width_4', 'secded_on') : 0\n    70.00ns INFO     ../cocotb_coverage/coverage.py(99) [uvm_test_top.hamming_env.hamming_coverage]:       BIN ('width_8', 'secded_off') : 0\n    70.00ns INFO     ../cocotb_coverage/coverage.py(99) [uvm_test_top.hamming_env.hamming_coverage]:       BIN ('width_8', 'secded_on') : 0\n    70.00ns INFO     ../cocotb_coverage/coverage.py(99) [uvm_test_top.hamming_env.hamming_coverage]:       BIN ('width_11', 'secded_off') : 0\n    70.00ns INFO     ../cocotb_coverage/coverage.py(99) [uvm_test_top.hamming_env.hamming_coverage]:       BIN ('width_11', 'secded_on') : 0\n    70.00ns INFO     ../cocotb_coverage/coverage.py(99) [uvm_test_top.hamming_env.hamming_coverage]:       BIN ('width_16', 'secded_off') : 0\n    70.00ns INFO     ../cocotb_coverage/coverage.py(99) [uvm_test_top.hamming_env.hamming_coverage]:       BIN ('width_16', 'secded_on') : 0\n    70.00ns INFO     ..ming_encoder/tb/coverage.py(388) [uvm_test_top.hamming_env.hamming_coverage]: HammingCoverage exported to hamming_encoder_coverage_HammingTC1Test.yml / hamming_encoder_coverage_HammingTC1Test.xml\n    70.00ns INFO     ..ming_encoder/tb/coverage.py(409) [uvm_test_top.hamming_env.hamming_coverage]: HammingCoverage test coverage: HammingTC1Test 8/36 bins hit (22.22%)\n    70.00ns INFO     ..ming_encoder/tb/coverage.py(515) [uvm_test_top.hamming_env.hamming_coverage]: HammingCoverage aggregate merge from 10 per-test file(s):\n    70.00ns INFO     ..ming_encoder/tb/coverage.py(527) [uvm_test_top.hamming_env.hamming_coverage]:   cg_hamming_encoding.codeword_cov: 2/4 bins hit (50.00%)\n    70.00ns INFO     ..ming_encoder/tb/coverage.py(527) [uvm_test_top.hamming_env.hamming_coverage]:   cg_hamming_encoding.data_in_cov: 5/5 bins hit (100.00%)\n    70.00ns INFO     ..ming_encoder/tb/coverage.py(527) [uvm_test_top.hamming_env.hamming_coverage]:   cg_hamming_encoding.data_x_secded: 5/10 bins hit (50.00%)\n    70.00ns INFO     ..ming_encoder/tb/coverage.py(527) [uvm_test_top.hamming_env.hamming_coverage]:   cg_hamming_encoding.secded_cov: 1/2 bins hit (50.00%)\n    70.00ns INFO     ..ming_encoder/tb/coverage.py(527) [uvm_test_top.hamming_env.hamming_coverage]:   cg_hamming_encoding.width_cov: 1/5 bins hit (20.00%)\n    70.00ns INFO     ..ming_encoder/tb/coverage.py(527) [uvm_test_top.hamming_env.hamming_coverage]:   cg_hamming_encoding.width_x_secded: 1/10 bins hit (10.00%)\n    70.00ns INFO     ..ming_encoder/tb/coverage.py(533) [uvm_test_top.hamming_env.hamming_coverage]: HammingCoverage aggregate: 15/36 bins hit (41.67%)\n    70.00ns INFO     ..ming_encoder/tb/coverage.py(548) [uvm_test_top.hamming_env.hamming_coverage]: HammingCoverage aggregate exported to hamming_encoder_coverage_aggregate.yml\n    70.00ns INFO     ../hamming_encoder/tb/test.py(220) [uvm_test_top]: HammingExecution ledger exported to hamming_encoder_execution_HammingTC1Test_d4_s0.yml\n    70.00ns INFO     ../hamming_encoder/tb/test.py(320) [uvm_test_top]: HammingExecution aggregate exported to hamming_encoder_execution_aggregate.yml: total=10 executed=7 skipped=3\n    70.00ns INFO     ../hamming_encoder/tb/test.py(500) [uvm_test_top]: TEST PASSED: 1 items checked, 0 mismatches, 1 passed, 1 reset(s) observed (DATA_WIDTH=4, SECDED=0)\n    70.00ns WARNING  py.warnings                        /workspace/generated/designs/hamming_encoder/tb/env.py:116: DeprecationWarning: `task.kill()` is deprecated in favor of `task.cancel()`\n                                                          task.kill()\n    70.00ns INFO     cocotb.hamming_encoder             hamming_tb_top: test 'HammingTC1Test' completed\n    70.00ns INFO     cocotb.regression                  test_top.hamming_tb_top passed\n    70.00ns INFO     cocotb.regression                  **************************************************************************************\n                                                        ** TEST                          STATUS  SIM TIME (ns)  REAL TIME (s)  RATIO (ns/s) **\n                                                        **************************************************************************************\n                                                        ** test_top.hamming_tb_top        PASS          70.00           0.07       1050.10  **\n                                                        **************************************************************************************\n                                                        ** TESTS=1 PASS=1 FAIL=0 SKIP=0                 70.00           0.07       1047.01  **\n                                                        **************************************************************************************\n- :0: Verilog $finish\n",
        "command": [
          "timeout",
          "--signal=TERM",
          "--kill-after=5",
          "60",
          "make",
          "-f",
          "/workspace/generated/designs/hamming_encoder/tb/.chia_sim/Makefile",
          "SIM=verilator",
          "TOPLEVEL_LANG=verilog",
          "TOPLEVEL=hamming_encoder",
          "COCOTB_TOPLEVEL=hamming_encoder",
          "MODULE=test_top",
          "COCOTB_TEST_MODULES=test_top",
          "VERILOG_SOURCES=/workspace/benchmarks/hamming_encoder/hamming_encoder.sv",
          "SIM_BUILD=/workspace/generated/designs/hamming_encoder/tb/.chia_sim/build/2363f1a59612",
          "COCOTB_RESULTS_FILE=/workspace/generated/designs/hamming_encoder/tb/.chia_sim/HammingTC1Test.xml",
          "COCOTB_HDL_TIMEUNIT=1ns",
          "COCOTB_HDL_TIMEPRECISION=1ps",
          "BUILD_ARGS=-j 4"
        ],
        "test_name": "HammingTC1Test",
        "test_module": "test_top",
        "results_file": "/workspace/generated/designs/hamming_encoder/tb/.chia_sim/HammingTC1Test.xml",
        "results_file_exists": true
      },
      "HammingTC2Test": {
        "status": "pass",
        "category": "pass",
        "timed_out": false,
        "watchdog_expired": false,
        "returncode": 0,
        "counts": {
          "uvm_errors": 0,
          "uvm_fatals": 0,
          "uvm_warnings": 0,
          "scoreboard_mismatches": 0,
          "assertion_failures": 0
        },
        "clean_exit": true,
        "log": "ertions.py:214: DeprecationWarning: The 'units' argument has been renamed to 'unit'.\n                                                          await Timer(self._settle_offset_ns, units=\"ns\")\n    11.00ns WARNING  py.warnings                        /workspace/generated/designs/hamming_encoder/tb/dut_helper.py:221: DeprecationWarning: `logic_array.binstr` getter is deprecated. Use `str(logic_array)` instead.\n                                                          if hasattr(pin_value, \"binstr\"):\n    11.00ns WARNING  py.warnings                        /workspace/generated/designs/hamming_encoder/tb/dut_helper.py:222: DeprecationWarning: `logic_array.binstr` getter is deprecated. Use `str(logic_array)` instead.\n                                                          s = pin_value.binstr or \"\"\n    11.00ns WARNING  py.warnings                        /workspace/generated/designs/hamming_encoder/tb/dut_helper.py:186: DeprecationWarning: `logic_array.binstr` getter is deprecated. Use `str(logic_array)` instead.\n                                                          if hasattr(pin_value, \"binstr\"):\n    40.00ns INFO     ..mming_encoder/tb/monitor.py(198) [uvm_test_top.hamming_env.hamming_agent.monitor]: monitor: observed and published 1 transaction(s)\n    40.00ns INFO     ..ng_encoder/tb/scoreboard.py(352) [uvm_test_top.hamming_env.hamming_scoreboard]: HammingScoreboard report: 1 items checked, 1 passed, 0 mismatches, 0 reset(s) observed\n    40.00ns INFO     ..ng_encoder/tb/scoreboard.py(362) [uvm_test_top.hamming_env.hamming_scoreboard]: HammingScoreboard config (DATA_WIDTH=4, SECDED=0): 1 checked, 1 passed, 0 mismatches\n    40.00ns INFO     ..ming_encoder/tb/coverage.py(370) [uvm_test_top.hamming_env.hamming_coverage]: HammingCoverage report: 1 items sampled\n    40.00ns INFO     ../cocotb_coverage/coverage.py(94) [uvm_test_top.hamming_env.hamming_coverage]: cg_hamming_encoding : <cocotb_coverage.coverage.CoverItem object at 0x7fc65ada2800>, coverage=6, size=36 \n    40.00ns INFO     ../cocotb_coverage/coverage.py(94) [uvm_test_top.hamming_env.hamming_coverage]:    cg_hamming_encoding.codeword_cov : <cocotb_coverage.coverage.CoverPoint object at 0x7fc65ada02b0>, coverage=1, size=4 \n    40.00ns INFO     ../cocotb_coverage/coverage.py(99) [uvm_test_top.hamming_env.hamming_coverage]:       BIN even_weight : 1\n    40.00ns INFO     ../cocotb_coverage/coverage.py(99) [uvm_test_top.hamming_env.hamming_coverage]:       BIN odd_weight : 0\n    40.00ns INFO     ../cocotb_coverage/coverage.py(99) [uvm_test_top.hamming_env.hamming_coverage]:       BIN secded_parity_zero : 0\n    40.00ns INFO     ../cocotb_coverage/coverage.py(99) [uvm_test_top.hamming_env.hamming_coverage]:       BIN secded_parity_one : 0\n    40.00ns INFO     ../cocotb_coverage/coverage.py(94) [uvm_test_top.hamming_env.hamming_coverage]:    cg_hamming_encoding.data_in_cov : <cocotb_coverage.coverage.CoverPoint object at 0x7fc65ada2ef0>, coverage=1, size=5 \n    40.00ns INFO     ../cocotb_coverage/coverage.py(99) [uvm_test_top.hamming_env.hamming_coverage]:       BIN zero : 0\n    40.00ns INFO     ../cocotb_coverage/coverage.py(99) [uvm_test_top.hamming_env.hamming_coverage]:       BIN single_bit_set : 0\n    40.00ns INFO     ../cocotb_coverage/coverage.py(99) [uvm_test_top.hamming_env.hamming_coverage]:       BIN low_space : 1\n    40.00ns INFO     ../cocotb_coverage/coverage.py(99) [uvm_test_top.hamming_env.hamming_coverage]:       BIN high_space : 0\n    40.00ns INFO     ../cocotb_coverage/coverage.py(99) [uvm_test_top.hamming_env.hamming_coverage]:       BIN max_value : 0\n    40.00ns INFO     ../cocotb_coverage/coverage.py(94) [uvm_test_top.hamming_env.hamming_coverage]:    cg_hamming_encoding.data_x_secded : <cocotb_coverage.coverage.CoverCross object at 0x7fc65ada26e0>, coverage=1, size=10 \n    40.00ns INFO     ../cocotb_coverage/coverage.py(99) [uvm_test_top.hamming_env.hamming_coverage]:       BIN ('zero', 'secded_off') : 0\n    40.00ns INFO     ../cocotb_coverage/coverage.py(99) [uvm_test_top.hamming_env.hamming_coverage]:       BIN ('zero', 'secded_on') : 0\n    40.00ns INFO     ../cocotb_coverage/coverage.py(99) [uvm_test_top.hamming_env.hamming_coverage]:       BIN ('single_bit_set', 'secded_off') : 0\n    40.00ns INFO     ../cocotb_coverage/coverage.py(99) [uvm_test_top.hamming_env.hamming_coverage]:       BIN ('single_bit_set', 'secded_on') : 0\n    40.00ns INFO     ../cocotb_coverage/coverage.py(99) [uvm_test_top.hamming_env.hamming_coverage]:       BIN ('low_space', 'secded_off') : 1\n    40.00ns INFO     ../cocotb_coverage/coverage.py(99) [uvm_test_top.hamming_env.hamming_coverage]:       BIN ('low_space', 'secded_on') : 0\n    40.00ns INFO     ../cocotb_coverage/coverage.py(99) [uvm_test_top.hamming_env.hamming_coverage]:       BIN ('high_space', 'secded_off') : 0\n    40.00ns INFO     ../cocotb_coverage/coverage.py(99) [uvm_test_top.hamming_env.hamming_coverage]:       BIN ('high_space', 'secded_on') : 0\n    40.00ns INFO     ../cocotb_coverage/coverage.py(99) [uvm_test_top.hamming_env.hamming_coverage]:       BIN ('max_value', 'secded_off') : 0\n    40.00ns INFO     ../cocotb_coverage/coverage.py(99) [uvm_test_top.hamming_env.hamming_coverage]:       BIN ('max_value', 'secded_on') : 0\n    40.00ns INFO     ../cocotb_coverage/coverage.py(94) [uvm_test_top.hamming_env.hamming_coverage]:    cg_hamming_encoding.secded_cov : <cocotb_coverage.coverage.CoverPoint object at 0x7fc65ada1570>, coverage=1, size=2 \n    40.00ns INFO     ../cocotb_coverage/coverage.py(99) [uvm_test_top.hamming_env.hamming_coverage]:       BIN secded_off : 1\n    40.00ns INFO     ../cocotb_coverage/coverage.py(99) [uvm_test_top.hamming_env.hamming_coverage]:       BIN secded_on : 0\n    40.00ns INFO     ../cocotb_coverage/coverage.py(94) [uvm_test_top.hamming_env.hamming_coverage]:    cg_hamming_encoding.width_cov : <cocotb_coverage.coverage.CoverPoint object at 0x7fc65ada3d00>, coverage=1, size=5 \n    40.00ns INFO     ../cocotb_coverage/coverage.py(99) [uvm_test_top.hamming_env.hamming_coverage]:       BIN width_1 : 0\n    40.00ns INFO     ../cocotb_coverage/coverage.py(99) [uvm_test_top.hamming_env.hamming_coverage]:       BIN width_4 : 1\n    40.00ns INFO     ../cocotb_coverage/coverage.py(99) [uvm_test_top.hamming_env.hamming_coverage]:       BIN width_8 : 0\n    40.00ns INFO     ../cocotb_coverage/coverage.py(99) [uvm_test_top.hamming_env.hamming_coverage]:       BIN width_11 : 0\n    40.00ns INFO     ../cocotb_coverage/coverage.py(99) [uvm_test_top.hamming_env.hamming_coverage]:       BIN width_16 : 0\n    40.00ns INFO     ../cocotb_coverage/coverage.py(94) [uvm_test_top.hamming_env.hamming_coverage]:    cg_hamming_encoding.width_x_secded : <cocotb_coverage.coverage.CoverCross object at 0x7fc65ada2fb0>, coverage=1, size=10 \n    40.00ns INFO     ../cocotb_coverage/coverage.py(99) [uvm_test_top.hamming_env.hamming_coverage]:       BIN ('width_1', 'secded_off') : 0\n    40.00ns INFO     ../cocotb_coverage/coverage.py(99) [uvm_test_top.hamming_env.hamming_coverage]:       BIN ('width_1', 'secded_on') : 0\n    40.00ns INFO     ../cocotb_coverage/coverage.py(99) [uvm_test_top.hamming_env.hamming_coverage]:       BIN ('width_4', 'secded_off') : 1\n    40.00ns INFO     ../cocotb_coverage/coverage.py(99) [uvm_test_top.hamming_env.hamming_coverage]:       BIN ('width_4', 'secded_on') : 0\n    40.00ns INFO     ../cocotb_coverage/coverage.py(99) [uvm_test_top.hamming_env.hamming_coverage]:       BIN ('width_8', 'secded_off') : 0\n    40.00ns INFO     ../cocotb_coverage/coverage.py(99) [uvm_test_top.hamming_env.hamming_coverage]:       BIN ('width_8', 'secded_on') : 0\n    40.00ns INFO     ../cocotb_coverage/coverage.py(99) [uvm_test_top.hamming_env.hamming_coverage]:       BIN ('width_11', 'secded_off') : 0\n    40.00ns INFO     ../cocotb_coverage/coverage.py(99) [uvm_test_top.hamming_env.hamming_coverage]:       BIN ('width_11', 'secded_on') : 0\n    40.00ns INFO     ../cocotb_coverage/coverage.py(99) [uvm_test_top.hamming_env.hamming_coverage]:       BIN ('width_16', 'secded_off') : 0\n    40.00ns INFO     ../cocotb_coverage/coverage.py(99) [uvm_test_top.hamming_env.hamming_coverage]:       BIN ('width_16', 'secded_on') : 0\n    40.00ns INFO     ..ming_encoder/tb/coverage.py(388) [uvm_test_top.hamming_env.hamming_coverage]: HammingCoverage exported to hamming_encoder_coverage_HammingTC2Test.yml / hamming_encoder_coverage_HammingTC2Test.xml\n    40.00ns INFO     ..ming_encoder/tb/coverage.py(409) [uvm_test_top.hamming_env.hamming_coverage]: HammingCoverage test coverage: HammingTC2Test 6/36 bins hit (16.67%)\n    40.00ns INFO     ..ming_encoder/tb/coverage.py(515) [uvm_test_top.hamming_env.hamming_coverage]: HammingCoverage aggregate merge from 10 per-test file(s):\n    40.00ns INFO     ..ming_encoder/tb/coverage.py(527) [uvm_test_top.hamming_env.hamming_coverage]:   cg_hamming_encoding.codeword_cov: 2/4 bins hit (50.00%)\n    40.00ns INFO     ..ming_encoder/tb/coverage.py(527) [uvm_test_top.hamming_env.hamming_coverage]:   cg_hamming_encoding.data_in_cov: 5/5 bins hit (100.00%)\n    40.00ns INFO     ..ming_encoder/tb/coverage.py(527) [uvm_test_top.hamming_env.hamming_coverage]:   cg_hamming_encoding.data_x_secded: 5/10 bins hit (50.00%)\n    40.00ns INFO     ..ming_encoder/tb/coverage.py(527) [uvm_test_top.hamming_env.hamming_coverage]:   cg_hamming_encoding.secded_cov: 1/2 bins hit (50.00%)\n    40.00ns INFO     ..ming_encoder/tb/coverage.py(527) [uvm_test_top.hamming_env.hamming_coverage]:   cg_hamming_encoding.width_cov: 1/5 bins hit (20.00%)\n    40.00ns INFO     ..ming_encoder/tb/coverage.py(527) [uvm_test_top.hamming_env.hamming_coverage]:   cg_hamming_encoding.width_x_secded: 1/10 bins hit (10.00%)\n    40.00ns INFO     ..ming_encoder/tb/coverage.py(533) [uvm_test_top.hamming_env.hamming_coverage]: HammingCoverage aggregate: 15/36 bins hit (41.67%)\n    40.00ns INFO     ..ming_encoder/tb/coverage.py(548) [uvm_test_top.hamming_env.hamming_coverage]: HammingCoverage aggregate exported to hamming_encoder_coverage_aggregate.yml\n    40.00ns INFO     ../hamming_encoder/tb/test.py(220) [uvm_test_top]: HammingExecution ledger exported to hamming_encoder_execution_HammingTC2Test_d4_s0.yml\n    40.00ns INFO     ../hamming_encoder/tb/test.py(320) [uvm_test_top]: HammingExecution aggregate exported to hamming_encoder_execution_aggregate.yml: total=10 executed=7 skipped=3\n    40.00ns INFO     ../hamming_encoder/tb/test.py(500) [uvm_test_top]: TEST PASSED: 1 items checked, 0 mismatches, 1 passed, 0 reset(s) observed (DATA_WIDTH=4, SECDED=0)\n    40.00ns WARNING  py.warnings                        /workspace/generated/designs/hamming_encoder/tb/env.py:116: DeprecationWarning: `task.kill()` is deprecated in favor of `task.cancel()`\n                                                          task.kill()\n    40.00ns INFO     cocotb.hamming_encoder             hamming_tb_top: test 'HammingTC2Test' completed\n    40.00ns INFO     cocotb.regression                  test_top.hamming_tb_top passed\n    40.00ns INFO     cocotb.regression                  **************************************************************************************\n                                                        ** TEST                          STATUS  SIM TIME (ns)  REAL TIME (s)  RATIO (ns/s) **\n                                                        **************************************************************************************\n                                                        ** test_top.hamming_tb_top        PASS          40.00           0.06        622.46  **\n                                                        **************************************************************************************\n                                                        ** TESTS=1 PASS=1 FAIL=0 SKIP=0                 40.00           0.06        620.73  **\n                                                        **************************************************************************************\n- :0: Verilog $finish\n",
        "command": [
          "timeout",
          "--signal=TERM",
          "--kill-after=5",
          "60",
          "make",
          "-f",
          "/workspace/generated/designs/hamming_encoder/tb/.chia_sim/Makefile",
          "SIM=verilator",
          "TOPLEVEL_LANG=verilog",
          "TOPLEVEL=hamming_encoder",
          "COCOTB_TOPLEVEL=hamming_encoder",
          "MODULE=test_top",
          "COCOTB_TEST_MODULES=test_top",
          "VERILOG_SOURCES=/workspace/benchmarks/hamming_encoder/hamming_encoder.sv",
          "SIM_BUILD=/workspace/generated/designs/hamming_encoder/tb/.chia_sim/build/2363f1a59612",
          "COCOTB_RESULTS_FILE=/workspace/generated/designs/hamming_encoder/tb/.chia_sim/HammingTC2Test.xml",
          "COCOTB_HDL_TIMEUNIT=1ns",
          "COCOTB_HDL_TIMEPRECISION=1ps",
          "BUILD_ARGS=-j 4"
        ],
        "test_name": "HammingTC2Test",
        "test_module": "test_top",
        "results_file": "/workspace/generated/designs/hamming_encoder/tb/.chia_sim/HammingTC2Test.xml",
        "results_file_exists": true
      },
      "HammingTC3Test": {
        "status": "pass",
        "category": "pass",
        "timed_out": false,
        "watchdog_expired": false,
        "returncode": 0,
        "counts": {
          "uvm_errors": 0,
          "uvm_fatals": 0,
          "uvm_warnings": 0,
          "scoreboard_mismatches": 0,
          "assertion_failures": 0
        },
        "clean_exit": true,
        "log": "its' argument has been renamed to 'unit'.\n                                                          await Timer(self._settle_offset_ns, units=\"ns\")\n    11.00ns WARNING  py.warnings                        /workspace/generated/designs/hamming_encoder/tb/dut_helper.py:221: DeprecationWarning: `logic_array.binstr` getter is deprecated. Use `str(logic_array)` instead.\n                                                          if hasattr(pin_value, \"binstr\"):\n    11.00ns WARNING  py.warnings                        /workspace/generated/designs/hamming_encoder/tb/dut_helper.py:222: DeprecationWarning: `logic_array.binstr` getter is deprecated. Use `str(logic_array)` instead.\n                                                          s = pin_value.binstr or \"\"\n    11.00ns WARNING  py.warnings                        /workspace/generated/designs/hamming_encoder/tb/dut_helper.py:186: DeprecationWarning: `logic_array.binstr` getter is deprecated. Use `str(logic_array)` instead.\n                                                          if hasattr(pin_value, \"binstr\"):\n    20.00ns INFO     ..mming_encoder/tb/monitor.py(198) [uvm_test_top.hamming_env.hamming_agent.monitor]: monitor: observed and published 0 transaction(s)\n    20.00ns INFO     ..ng_encoder/tb/scoreboard.py(352) [uvm_test_top.hamming_env.hamming_scoreboard]: HammingScoreboard report: 0 items checked, 0 passed, 0 mismatches, 0 reset(s) observed\n    20.00ns INFO     ..ming_encoder/tb/coverage.py(370) [uvm_test_top.hamming_env.hamming_coverage]: HammingCoverage report: 0 items sampled\n    20.00ns INFO     ../cocotb_coverage/coverage.py(94) [uvm_test_top.hamming_env.hamming_coverage]: cg_hamming_encoding : <cocotb_coverage.coverage.CoverItem object at 0x74e4e1d4a800>, coverage=0, size=36 \n    20.00ns INFO     ../cocotb_coverage/coverage.py(94) [uvm_test_top.hamming_env.hamming_coverage]:    cg_hamming_encoding.codeword_cov : <cocotb_coverage.coverage.CoverPoint object at 0x74e4e1d482b0>, coverage=0, size=4 \n    20.00ns INFO     ../cocotb_coverage/coverage.py(99) [uvm_test_top.hamming_env.hamming_coverage]:       BIN even_weight : 0\n    20.00ns INFO     ../cocotb_coverage/coverage.py(99) [uvm_test_top.hamming_env.hamming_coverage]:       BIN odd_weight : 0\n    20.00ns INFO     ../cocotb_coverage/coverage.py(99) [uvm_test_top.hamming_env.hamming_coverage]:       BIN secded_parity_zero : 0\n    20.00ns INFO     ../cocotb_coverage/coverage.py(99) [uvm_test_top.hamming_env.hamming_coverage]:       BIN secded_parity_one : 0\n    20.00ns INFO     ../cocotb_coverage/coverage.py(94) [uvm_test_top.hamming_env.hamming_coverage]:    cg_hamming_encoding.data_in_cov : <cocotb_coverage.coverage.CoverPoint object at 0x74e4e1d4aef0>, coverage=0, size=5 \n    20.00ns INFO     ../cocotb_coverage/coverage.py(99) [uvm_test_top.hamming_env.hamming_coverage]:       BIN zero : 0\n    20.00ns INFO     ../cocotb_coverage/coverage.py(99) [uvm_test_top.hamming_env.hamming_coverage]:       BIN single_bit_set : 0\n    20.00ns INFO     ../cocotb_coverage/coverage.py(99) [uvm_test_top.hamming_env.hamming_coverage]:       BIN low_space : 0\n    20.00ns INFO     ../cocotb_coverage/coverage.py(99) [uvm_test_top.hamming_env.hamming_coverage]:       BIN high_space : 0\n    20.00ns INFO     ../cocotb_coverage/coverage.py(99) [uvm_test_top.hamming_env.hamming_coverage]:       BIN max_value : 0\n    20.00ns INFO     ../cocotb_coverage/coverage.py(94) [uvm_test_top.hamming_env.hamming_coverage]:    cg_hamming_encoding.data_x_secded : <cocotb_coverage.coverage.CoverCross object at 0x74e4e1d4a6e0>, coverage=0, size=10 \n    20.00ns INFO     ../cocotb_coverage/coverage.py(99) [uvm_test_top.hamming_env.hamming_coverage]:       BIN ('zero', 'secded_off') : 0\n    20.00ns INFO     ../cocotb_coverage/coverage.py(99) [uvm_test_top.hamming_env.hamming_coverage]:       BIN ('zero', 'secded_on') : 0\n    20.00ns INFO     ../cocotb_coverage/coverage.py(99) [uvm_test_top.hamming_env.hamming_coverage]:       BIN ('single_bit_set', 'secded_off') : 0\n    20.00ns INFO     ../cocotb_coverage/coverage.py(99) [uvm_test_top.hamming_env.hamming_coverage]:       BIN ('single_bit_set', 'secded_on') : 0\n    20.00ns INFO     ../cocotb_coverage/coverage.py(99) [uvm_test_top.hamming_env.hamming_coverage]:       BIN ('low_space', 'secded_off') : 0\n    20.00ns INFO     ../cocotb_coverage/coverage.py(99) [uvm_test_top.hamming_env.hamming_coverage]:       BIN ('low_space', 'secded_on') : 0\n    20.00ns INFO     ../cocotb_coverage/coverage.py(99) [uvm_test_top.hamming_env.hamming_coverage]:       BIN ('high_space', 'secded_off') : 0\n    20.00ns INFO     ../cocotb_coverage/coverage.py(99) [uvm_test_top.hamming_env.hamming_coverage]:       BIN ('high_space', 'secded_on') : 0\n    20.00ns INFO     ../cocotb_coverage/coverage.py(99) [uvm_test_top.hamming_env.hamming_coverage]:       BIN ('max_value', 'secded_off') : 0\n    20.00ns INFO     ../cocotb_coverage/coverage.py(99) [uvm_test_top.hamming_env.hamming_coverage]:       BIN ('max_value', 'secded_on') : 0\n    20.00ns INFO     ../cocotb_coverage/coverage.py(94) [uvm_test_top.hamming_env.hamming_coverage]:    cg_hamming_encoding.secded_cov : <cocotb_coverage.coverage.CoverPoint object at 0x74e4e1d49570>, coverage=0, size=2 \n    20.00ns INFO     ../cocotb_coverage/coverage.py(99) [uvm_test_top.hamming_env.hamming_coverage]:       BIN secded_off : 0\n    20.00ns INFO     ../cocotb_coverage/coverage.py(99) [uvm_test_top.hamming_env.hamming_coverage]:       BIN secded_on : 0\n    20.00ns INFO     ../cocotb_coverage/coverage.py(94) [uvm_test_top.hamming_env.hamming_coverage]:    cg_hamming_encoding.width_cov : <cocotb_coverage.coverage.CoverPoint object at 0x74e4e1d4bd00>, coverage=0, size=5 \n    20.00ns INFO     ../cocotb_coverage/coverage.py(99) [uvm_test_top.hamming_env.hamming_coverage]:       BIN width_1 : 0\n    20.00ns INFO     ../cocotb_coverage/coverage.py(99) [uvm_test_top.hamming_env.hamming_coverage]:       BIN width_4 : 0\n    20.00ns INFO     ../cocotb_coverage/coverage.py(99) [uvm_test_top.hamming_env.hamming_coverage]:       BIN width_8 : 0\n    20.00ns INFO     ../cocotb_coverage/coverage.py(99) [uvm_test_top.hamming_env.hamming_coverage]:       BIN width_11 : 0\n    20.00ns INFO     ../cocotb_coverage/coverage.py(99) [uvm_test_top.hamming_env.hamming_coverage]:       BIN width_16 : 0\n    20.00ns INFO     ../cocotb_coverage/coverage.py(94) [uvm_test_top.hamming_env.hamming_coverage]:    cg_hamming_encoding.width_x_secded : <cocotb_coverage.coverage.CoverCross object at 0x74e4e1d4afb0>, coverage=0, size=10 \n    20.00ns INFO     ../cocotb_coverage/coverage.py(99) [uvm_test_top.hamming_env.hamming_coverage]:       BIN ('width_1', 'secded_off') : 0\n    20.00ns INFO     ../cocotb_coverage/coverage.py(99) [uvm_test_top.hamming_env.hamming_coverage]:       BIN ('width_1', 'secded_on') : 0\n    20.00ns INFO     ../cocotb_coverage/coverage.py(99) [uvm_test_top.hamming_env.hamming_coverage]:       BIN ('width_4', 'secded_off') : 0\n    20.00ns INFO     ../cocotb_coverage/coverage.py(99) [uvm_test_top.hamming_env.hamming_coverage]:       BIN ('width_4', 'secded_on') : 0\n    20.00ns INFO     ../cocotb_coverage/coverage.py(99) [uvm_test_top.hamming_env.hamming_coverage]:       BIN ('width_8', 'secded_off') : 0\n    20.00ns INFO     ../cocotb_coverage/coverage.py(99) [uvm_test_top.hamming_env.hamming_coverage]:       BIN ('width_8', 'secded_on') : 0\n    20.00ns INFO     ../cocotb_coverage/coverage.py(99) [uvm_test_top.hamming_env.hamming_coverage]:       BIN ('width_11', 'secded_off') : 0\n    20.00ns INFO     ../cocotb_coverage/coverage.py(99) [uvm_test_top.hamming_env.hamming_coverage]:       BIN ('width_11', 'secded_on') : 0\n    20.00ns INFO     ../cocotb_coverage/coverage.py(99) [uvm_test_top.hamming_env.hamming_coverage]:       BIN ('width_16', 'secded_off') : 0\n    20.00ns INFO     ../cocotb_coverage/coverage.py(99) [uvm_test_top.hamming_env.hamming_coverage]:       BIN ('width_16', 'secded_on') : 0\n    20.00ns INFO     ..ming_encoder/tb/coverage.py(388) [uvm_test_top.hamming_env.hamming_coverage]: HammingCoverage exported to hamming_encoder_coverage_HammingTC3Test.yml / hamming_encoder_coverage_HammingTC3Test.xml\n    20.00ns INFO     ..ming_encoder/tb/coverage.py(409) [uvm_test_top.hamming_env.hamming_coverage]: HammingCoverage test coverage: HammingTC3Test 0/36 bins hit (0.00%)\n    20.00ns INFO     ..ming_encoder/tb/coverage.py(515) [uvm_test_top.hamming_env.hamming_coverage]: HammingCoverage aggregate merge from 10 per-test file(s):\n    20.00ns INFO     ..ming_encoder/tb/coverage.py(527) [uvm_test_top.hamming_env.hamming_coverage]:   cg_hamming_encoding.codeword_cov: 2/4 bins hit (50.00%)\n    20.00ns INFO     ..ming_encoder/tb/coverage.py(527) [uvm_test_top.hamming_env.hamming_coverage]:   cg_hamming_encoding.data_in_cov: 5/5 bins hit (100.00%)\n    20.00ns INFO     ..ming_encoder/tb/coverage.py(527) [uvm_test_top.hamming_env.hamming_coverage]:   cg_hamming_encoding.data_x_secded: 5/10 bins hit (50.00%)\n    20.00ns INFO     ..ming_encoder/tb/coverage.py(527) [uvm_test_top.hamming_env.hamming_coverage]:   cg_hamming_encoding.secded_cov: 1/2 bins hit (50.00%)\n    20.00ns INFO     ..ming_encoder/tb/coverage.py(527) [uvm_test_top.hamming_env.hamming_coverage]:   cg_hamming_encoding.width_cov: 1/5 bins hit (20.00%)\n    20.00ns INFO     ..ming_encoder/tb/coverage.py(527) [uvm_test_top.hamming_env.hamming_coverage]:   cg_hamming_encoding.width_x_secded: 1/10 bins hit (10.00%)\n    20.00ns INFO     ..ming_encoder/tb/coverage.py(533) [uvm_test_top.hamming_env.hamming_coverage]: HammingCoverage aggregate: 15/36 bins hit (41.67%)\n    20.00ns INFO     ..ming_encoder/tb/coverage.py(548) [uvm_test_top.hamming_env.hamming_coverage]: HammingCoverage aggregate exported to hamming_encoder_coverage_aggregate.yml\n    20.00ns INFO     ../hamming_encoder/tb/test.py(220) [uvm_test_top]: HammingExecution ledger exported to hamming_encoder_execution_HammingTC3Test_d4_s0.yml\n    20.00ns INFO     ../hamming_encoder/tb/test.py(320) [uvm_test_top]: HammingExecution aggregate exported to hamming_encoder_execution_aggregate.yml: total=10 executed=7 skipped=3\n    20.00ns WARNING  ../hamming_encoder/tb/test.py(475) [uvm_test_top]: TEST SKIPPED -> SCENARIO TC3 NOT EXECUTED: HammingTC3Test is inapplicable to this elaboration (DATA_WIDTH=4, SECDED=0); passing without stimulus\n    20.00ns INFO     ../hamming_encoder/tb/test.py(482) [uvm_test_top]: TEST SKIPPED: uvm_test_top is inapplicable to this elaboration (DATA_WIDTH=4, SECDED=0); passing without stimulus\n    20.00ns WARNING  py.warnings                        /workspace/generated/designs/hamming_encoder/tb/env.py:116: DeprecationWarning: `task.kill()` is deprecated in favor of `task.cancel()`\n                                                          task.kill()\n    20.00ns INFO     cocotb.hamming_encoder             hamming_tb_top: test 'HammingTC3Test' completed\n    20.00ns INFO     cocotb.regression                  test_top.hamming_tb_top passed\n    20.00ns INFO     cocotb.regression                  **************************************************************************************\n                                                        ** TEST                          STATUS  SIM TIME (ns)  REAL TIME (s)  RATIO (ns/s) **\n                                                        **************************************************************************************\n                                                        ** test_top.hamming_tb_top        PASS          20.00           0.07        302.62  **\n                                                        **************************************************************************************\n                                                        ** TESTS=1 PASS=1 FAIL=0 SKIP=0                 20.00           0.07        301.82  **\n                                                        **************************************************************************************\n- :0: Verilog $finish\n",
        "command": [
          "timeout",
          "--signal=TERM",
          "--kill-after=5",
          "60",
          "make",
          "-f",
          "/workspace/generated/designs/hamming_encoder/tb/.chia_sim/Makefile",
          "SIM=verilator",
          "TOPLEVEL_LANG=verilog",
          "TOPLEVEL=hamming_encoder",
          "COCOTB_TOPLEVEL=hamming_encoder",
          "MODULE=test_top",
          "COCOTB_TEST_MODULES=test_top",
          "VERILOG_SOURCES=/workspace/benchmarks/hamming_encoder/hamming_encoder.sv",
          "SIM_BUILD=/workspace/generated/designs/hamming_encoder/tb/.chia_sim/build/2363f1a59612",
          "COCOTB_RESULTS_FILE=/workspace/generated/designs/hamming_encoder/tb/.chia_sim/HammingTC3Test.xml",
          "COCOTB_HDL_TIMEUNIT=1ns",
          "COCOTB_HDL_TIMEPRECISION=1ps",
          "BUILD_ARGS=-j 4"
        ],
        "test_name": "HammingTC3Test",
        "test_module": "test_top",
        "results_file": "/workspace/generated/designs/hamming_encoder/tb/.chia_sim/HammingTC3Test.xml",
        "results_file_exists": true
      },
      "HammingTC4Test": {
        "status": "pass",
        "category": "pass",
        "timed_out": false,
        "watchdog_expired": false,
        "returncode": 0,
        "counts": {
          "uvm_errors": 0,
          "uvm_fatals": 0,
          "uvm_warnings": 0,
          "scoreboard_mismatches": 0,
          "assertion_failures": 0
        },
        "clean_exit": true,
        "log": "4: DeprecationWarning: The 'units' argument has been renamed to 'unit'.\n                                                          await Timer(self._settle_offset_ns, units=\"ns\")\n    11.00ns WARNING  py.warnings                        /workspace/generated/designs/hamming_encoder/tb/dut_helper.py:221: DeprecationWarning: `logic_array.binstr` getter is deprecated. Use `str(logic_array)` instead.\n                                                          if hasattr(pin_value, \"binstr\"):\n    11.00ns WARNING  py.warnings                        /workspace/generated/designs/hamming_encoder/tb/dut_helper.py:222: DeprecationWarning: `logic_array.binstr` getter is deprecated. Use `str(logic_array)` instead.\n                                                          s = pin_value.binstr or \"\"\n    11.00ns WARNING  py.warnings                        /workspace/generated/designs/hamming_encoder/tb/dut_helper.py:186: DeprecationWarning: `logic_array.binstr` getter is deprecated. Use `str(logic_array)` instead.\n                                                          if hasattr(pin_value, \"binstr\"):\n   340.00ns INFO     ..mming_encoder/tb/monitor.py(198) [uvm_test_top.hamming_env.hamming_agent.monitor]: monitor: observed and published 16 transaction(s)\n   340.00ns INFO     ..ng_encoder/tb/scoreboard.py(352) [uvm_test_top.hamming_env.hamming_scoreboard]: HammingScoreboard report: 16 items checked, 16 passed, 0 mismatches, 0 reset(s) observed\n   340.00ns INFO     ..ng_encoder/tb/scoreboard.py(362) [uvm_test_top.hamming_env.hamming_scoreboard]: HammingScoreboard config (DATA_WIDTH=4, SECDED=0): 16 checked, 16 passed, 0 mismatches\n   340.00ns INFO     ..ming_encoder/tb/coverage.py(370) [uvm_test_top.hamming_env.hamming_coverage]: HammingCoverage report: 16 items sampled\n   340.00ns INFO     ../cocotb_coverage/coverage.py(94) [uvm_test_top.hamming_env.hamming_coverage]: cg_hamming_encoding : <cocotb_coverage.coverage.CoverItem object at 0x7027e5a0e800>, coverage=15, size=36 \n   340.00ns INFO     ../cocotb_coverage/coverage.py(94) [uvm_test_top.hamming_env.hamming_coverage]:    cg_hamming_encoding.codeword_cov : <cocotb_coverage.coverage.CoverPoint object at 0x7027e5a0c2b0>, coverage=2, size=4 \n   340.00ns INFO     ../cocotb_coverage/coverage.py(99) [uvm_test_top.hamming_env.hamming_coverage]:       BIN even_weight : 8\n   340.00ns INFO     ../cocotb_coverage/coverage.py(99) [uvm_test_top.hamming_env.hamming_coverage]:       BIN odd_weight : 8\n   340.00ns INFO     ../cocotb_coverage/coverage.py(99) [uvm_test_top.hamming_env.hamming_coverage]:       BIN secded_parity_zero : 0\n   340.00ns INFO     ../cocotb_coverage/coverage.py(99) [uvm_test_top.hamming_env.hamming_coverage]:       BIN secded_parity_one : 0\n   340.00ns INFO     ../cocotb_coverage/coverage.py(94) [uvm_test_top.hamming_env.hamming_coverage]:    cg_hamming_encoding.data_in_cov : <cocotb_coverage.coverage.CoverPoint object at 0x7027e5a0eef0>, coverage=5, size=5 \n   340.00ns INFO     ../cocotb_coverage/coverage.py(99) [uvm_test_top.hamming_env.hamming_coverage]:       BIN zero : 1\n   340.00ns INFO     ../cocotb_coverage/coverage.py(99) [uvm_test_top.hamming_env.hamming_coverage]:       BIN single_bit_set : 4\n   340.00ns INFO     ../cocotb_coverage/coverage.py(99) [uvm_test_top.hamming_env.hamming_coverage]:       BIN low_space : 8\n   340.00ns INFO     ../cocotb_coverage/coverage.py(99) [uvm_test_top.hamming_env.hamming_coverage]:       BIN high_space : 8\n   340.00ns INFO     ../cocotb_coverage/coverage.py(99) [uvm_test_top.hamming_env.hamming_coverage]:       BIN max_value : 1\n   340.00ns INFO     ../cocotb_coverage/coverage.py(94) [uvm_test_top.hamming_env.hamming_coverage]:    cg_hamming_encoding.data_x_secded : <cocotb_coverage.coverage.CoverCross object at 0x7027e5a0e6e0>, coverage=5, size=10 \n   340.00ns INFO     ../cocotb_coverage/coverage.py(99) [uvm_test_top.hamming_env.hamming_coverage]:       BIN ('zero', 'secded_off') : 1\n   340.00ns INFO     ../cocotb_coverage/coverage.py(99) [uvm_test_top.hamming_env.hamming_coverage]:       BIN ('zero', 'secded_on') : 0\n   340.00ns INFO     ../cocotb_coverage/coverage.py(99) [uvm_test_top.hamming_env.hamming_coverage]:       BIN ('single_bit_set', 'secded_off') : 4\n   340.00ns INFO     ../cocotb_coverage/coverage.py(99) [uvm_test_top.hamming_env.hamming_coverage]:       BIN ('single_bit_set', 'secded_on') : 0\n   340.00ns INFO     ../cocotb_coverage/coverage.py(99) [uvm_test_top.hamming_env.hamming_coverage]:       BIN ('low_space', 'secded_off') : 8\n   340.00ns INFO     ../cocotb_coverage/coverage.py(99) [uvm_test_top.hamming_env.hamming_coverage]:       BIN ('low_space', 'secded_on') : 0\n   340.00ns INFO     ../cocotb_coverage/coverage.py(99) [uvm_test_top.hamming_env.hamming_coverage]:       BIN ('high_space', 'secded_off') : 8\n   340.00ns INFO     ../cocotb_coverage/coverage.py(99) [uvm_test_top.hamming_env.hamming_coverage]:       BIN ('high_space', 'secded_on') : 0\n   340.00ns INFO     ../cocotb_coverage/coverage.py(99) [uvm_test_top.hamming_env.hamming_coverage]:       BIN ('max_value', 'secded_off') : 1\n   340.00ns INFO     ../cocotb_coverage/coverage.py(99) [uvm_test_top.hamming_env.hamming_coverage]:       BIN ('max_value', 'secded_on') : 0\n   340.00ns INFO     ../cocotb_coverage/coverage.py(94) [uvm_test_top.hamming_env.hamming_coverage]:    cg_hamming_encoding.secded_cov : <cocotb_coverage.coverage.CoverPoint object at 0x7027e5a0d570>, coverage=1, size=2 \n   340.00ns INFO     ../cocotb_coverage/coverage.py(99) [uvm_test_top.hamming_env.hamming_coverage]:       BIN secded_off : 16\n   340.00ns INFO     ../cocotb_coverage/coverage.py(99) [uvm_test_top.hamming_env.hamming_coverage]:       BIN secded_on : 0\n   340.00ns INFO     ../cocotb_coverage/coverage.py(94) [uvm_test_top.hamming_env.hamming_coverage]:    cg_hamming_encoding.width_cov : <cocotb_coverage.coverage.CoverPoint object at 0x7027e5a0fd00>, coverage=1, size=5 \n   340.00ns INFO     ../cocotb_coverage/coverage.py(99) [uvm_test_top.hamming_env.hamming_coverage]:       BIN width_1 : 0\n   340.00ns INFO     ../cocotb_coverage/coverage.py(99) [uvm_test_top.hamming_env.hamming_coverage]:       BIN width_4 : 16\n   340.00ns INFO     ../cocotb_coverage/coverage.py(99) [uvm_test_top.hamming_env.hamming_coverage]:       BIN width_8 : 0\n   340.00ns INFO     ../cocotb_coverage/coverage.py(99) [uvm_test_top.hamming_env.hamming_coverage]:       BIN width_11 : 0\n   340.00ns INFO     ../cocotb_coverage/coverage.py(99) [uvm_test_top.hamming_env.hamming_coverage]:       BIN width_16 : 0\n   340.00ns INFO     ../cocotb_coverage/coverage.py(94) [uvm_test_top.hamming_env.hamming_coverage]:    cg_hamming_encoding.width_x_secded : <cocotb_coverage.coverage.CoverCross object at 0x7027e5a0efb0>, coverage=1, size=10 \n   340.00ns INFO     ../cocotb_coverage/coverage.py(99) [uvm_test_top.hamming_env.hamming_coverage]:       BIN ('width_1', 'secded_off') : 0\n   340.00ns INFO     ../cocotb_coverage/coverage.py(99) [uvm_test_top.hamming_env.hamming_coverage]:       BIN ('width_1', 'secded_on') : 0\n   340.00ns INFO     ../cocotb_coverage/coverage.py(99) [uvm_test_top.hamming_env.hamming_coverage]:       BIN ('width_4', 'secded_off') : 16\n   340.00ns INFO     ../cocotb_coverage/coverage.py(99) [uvm_test_top.hamming_env.hamming_coverage]:       BIN ('width_4', 'secded_on') : 0\n   340.00ns INFO     ../cocotb_coverage/coverage.py(99) [uvm_test_top.hamming_env.hamming_coverage]:       BIN ('width_8', 'secded_off') : 0\n   340.00ns INFO     ../cocotb_coverage/coverage.py(99) [uvm_test_top.hamming_env.hamming_coverage]:       BIN ('width_8', 'secded_on') : 0\n   340.00ns INFO     ../cocotb_coverage/coverage.py(99) [uvm_test_top.hamming_env.hamming_coverage]:       BIN ('width_11', 'secded_off') : 0\n   340.00ns INFO     ../cocotb_coverage/coverage.py(99) [uvm_test_top.hamming_env.hamming_coverage]:       BIN ('width_11', 'secded_on') : 0\n   340.00ns INFO     ../cocotb_coverage/coverage.py(99) [uvm_test_top.hamming_env.hamming_coverage]:       BIN ('width_16', 'secded_off') : 0\n   340.00ns INFO     ../cocotb_coverage/coverage.py(99) [uvm_test_top.hamming_env.hamming_coverage]:       BIN ('width_16', 'secded_on') : 0\n   340.00ns INFO     ..ming_encoder/tb/coverage.py(388) [uvm_test_top.hamming_env.hamming_coverage]: HammingCoverage exported to hamming_encoder_coverage_HammingTC4Test.yml / hamming_encoder_coverage_HammingTC4Test.xml\n   340.00ns INFO     ..ming_encoder/tb/coverage.py(409) [uvm_test_top.hamming_env.hamming_coverage]: HammingCoverage test coverage: HammingTC4Test 15/36 bins hit (41.67%)\n   340.00ns INFO     ..ming_encoder/tb/coverage.py(515) [uvm_test_top.hamming_env.hamming_coverage]: HammingCoverage aggregate merge from 10 per-test file(s):\n   340.00ns INFO     ..ming_encoder/tb/coverage.py(527) [uvm_test_top.hamming_env.hamming_coverage]:   cg_hamming_encoding.codeword_cov: 2/4 bins hit (50.00%)\n   340.00ns INFO     ..ming_encoder/tb/coverage.py(527) [uvm_test_top.hamming_env.hamming_coverage]:   cg_hamming_encoding.data_in_cov: 5/5 bins hit (100.00%)\n   340.00ns INFO     ..ming_encoder/tb/coverage.py(527) [uvm_test_top.hamming_env.hamming_coverage]:   cg_hamming_encoding.data_x_secded: 5/10 bins hit (50.00%)\n   340.00ns INFO     ..ming_encoder/tb/coverage.py(527) [uvm_test_top.hamming_env.hamming_coverage]:   cg_hamming_encoding.secded_cov: 1/2 bins hit (50.00%)\n   340.00ns INFO     ..ming_encoder/tb/coverage.py(527) [uvm_test_top.hamming_env.hamming_coverage]:   cg_hamming_encoding.width_cov: 1/5 bins hit (20.00%)\n   340.00ns INFO     ..ming_encoder/tb/coverage.py(527) [uvm_test_top.hamming_env.hamming_coverage]:   cg_hamming_encoding.width_x_secded: 1/10 bins hit (10.00%)\n   340.00ns INFO     ..ming_encoder/tb/coverage.py(533) [uvm_test_top.hamming_env.hamming_coverage]: HammingCoverage aggregate: 15/36 bins hit (41.67%)\n   340.00ns INFO     ..ming_encoder/tb/coverage.py(548) [uvm_test_top.hamming_env.hamming_coverage]: HammingCoverage aggregate exported to hamming_encoder_coverage_aggregate.yml\n   340.00ns INFO     ../hamming_encoder/tb/test.py(220) [uvm_test_top]: HammingExecution ledger exported to hamming_encoder_execution_HammingTC4Test_d4_s0.yml\n   340.00ns INFO     ../hamming_encoder/tb/test.py(320) [uvm_test_top]: HammingExecution aggregate exported to hamming_encoder_execution_aggregate.yml: total=10 executed=7 skipped=3\n   340.00ns INFO     ../hamming_encoder/tb/test.py(500) [uvm_test_top]: TEST PASSED: 16 items checked, 0 mismatches, 16 passed, 0 reset(s) observed (DATA_WIDTH=4, SECDED=0)\n   340.00ns WARNING  py.warnings                        /workspace/generated/designs/hamming_encoder/tb/env.py:116: DeprecationWarning: `task.kill()` is deprecated in favor of `task.cancel()`\n                                                          task.kill()\n   340.00ns INFO     cocotb.hamming_encoder             hamming_tb_top: test 'HammingTC4Test' completed\n   340.00ns INFO     cocotb.regression                  test_top.hamming_tb_top passed\n   340.00ns INFO     cocotb.regression                  **************************************************************************************\n                                                        ** TEST                          STATUS  SIM TIME (ns)  REAL TIME (s)  RATIO (ns/s) **\n                                                        **************************************************************************************\n                                                        ** test_top.hamming_tb_top        PASS         340.00           0.07       4841.34  **\n                                                        **************************************************************************************\n                                                        ** TESTS=1 PASS=1 FAIL=0 SKIP=0                340.00           0.07       4828.21  **\n                                                        **************************************************************************************\n- :0: Verilog $finish\n",
        "command": [
          "timeout",
          "--signal=TERM",
          "--kill-after=5",
          "60",
          "make",
          "-f",
          "/workspace/generated/designs/hamming_encoder/tb/.chia_sim/Makefile",
          "SIM=verilator",
          "TOPLEVEL_LANG=verilog",
          "TOPLEVEL=hamming_encoder",
          "COCOTB_TOPLEVEL=hamming_encoder",
          "MODULE=test_top",
          "COCOTB_TEST_MODULES=test_top",
          "VERILOG_SOURCES=/workspace/benchmarks/hamming_encoder/hamming_encoder.sv",
          "SIM_BUILD=/workspace/generated/designs/hamming_encoder/tb/.chia_sim/build/2363f1a59612",
          "COCOTB_RESULTS_FILE=/workspace/generated/designs/hamming_encoder/tb/.chia_sim/HammingTC4Test.xml",
          "COCOTB_HDL_TIMEUNIT=1ns",
          "COCOTB_HDL_TIMEPRECISION=1ps",
          "BUILD_ARGS=-j 4"
        ],
        "test_name": "HammingTC4Test",
        "test_module": "test_top",
        "results_file": "/workspace/generated/designs/hamming_encoder/tb/.chia_sim/HammingTC4Test.xml",
        "results_file_exists": true
      },
      "HammingTC5Test": {
        "status": "pass",
        "category": "pass",
        "timed_out": false,
        "watchdog_expired": false,
        "returncode": 0,
        "counts": {
          "uvm_errors": 0,
          "uvm_fatals": 0,
          "uvm_warnings": 0,
          "scoreboard_mismatches": 0,
          "assertion_failures": 0
        },
        "clean_exit": true,
        "log": "its' argument has been renamed to 'unit'.\n                                                          await Timer(self._settle_offset_ns, units=\"ns\")\n    11.00ns WARNING  py.warnings                        /workspace/generated/designs/hamming_encoder/tb/dut_helper.py:221: DeprecationWarning: `logic_array.binstr` getter is deprecated. Use `str(logic_array)` instead.\n                                                          if hasattr(pin_value, \"binstr\"):\n    11.00ns WARNING  py.warnings                        /workspace/generated/designs/hamming_encoder/tb/dut_helper.py:222: DeprecationWarning: `logic_array.binstr` getter is deprecated. Use `str(logic_array)` instead.\n                                                          s = pin_value.binstr or \"\"\n    11.00ns WARNING  py.warnings                        /workspace/generated/designs/hamming_encoder/tb/dut_helper.py:186: DeprecationWarning: `logic_array.binstr` getter is deprecated. Use `str(logic_array)` instead.\n                                                          if hasattr(pin_value, \"binstr\"):\n    20.00ns INFO     ..mming_encoder/tb/monitor.py(198) [uvm_test_top.hamming_env.hamming_agent.monitor]: monitor: observed and published 0 transaction(s)\n    20.00ns INFO     ..ng_encoder/tb/scoreboard.py(352) [uvm_test_top.hamming_env.hamming_scoreboard]: HammingScoreboard report: 0 items checked, 0 passed, 0 mismatches, 0 reset(s) observed\n    20.00ns INFO     ..ming_encoder/tb/coverage.py(370) [uvm_test_top.hamming_env.hamming_coverage]: HammingCoverage report: 0 items sampled\n    20.00ns INFO     ../cocotb_coverage/coverage.py(94) [uvm_test_top.hamming_env.hamming_coverage]: cg_hamming_encoding : <cocotb_coverage.coverage.CoverItem object at 0x7f19691ba0e0>, coverage=0, size=36 \n    20.00ns INFO     ../cocotb_coverage/coverage.py(94) [uvm_test_top.hamming_env.hamming_coverage]:    cg_hamming_encoding.codeword_cov : <cocotb_coverage.coverage.CoverPoint object at 0x7f19691ba950>, coverage=0, size=4 \n    20.00ns INFO     ../cocotb_coverage/coverage.py(99) [uvm_test_top.hamming_env.hamming_coverage]:       BIN even_weight : 0\n    20.00ns INFO     ../cocotb_coverage/coverage.py(99) [uvm_test_top.hamming_env.hamming_coverage]:       BIN odd_weight : 0\n    20.00ns INFO     ../cocotb_coverage/coverage.py(99) [uvm_test_top.hamming_env.hamming_coverage]:       BIN secded_parity_zero : 0\n    20.00ns INFO     ../cocotb_coverage/coverage.py(99) [uvm_test_top.hamming_env.hamming_coverage]:       BIN secded_parity_one : 0\n    20.00ns INFO     ../cocotb_coverage/coverage.py(94) [uvm_test_top.hamming_env.hamming_coverage]:    cg_hamming_encoding.data_in_cov : <cocotb_coverage.coverage.CoverPoint object at 0x7f19691b8580>, coverage=0, size=5 \n    20.00ns INFO     ../cocotb_coverage/coverage.py(99) [uvm_test_top.hamming_env.hamming_coverage]:       BIN zero : 0\n    20.00ns INFO     ../cocotb_coverage/coverage.py(99) [uvm_test_top.hamming_env.hamming_coverage]:       BIN single_bit_set : 0\n    20.00ns INFO     ../cocotb_coverage/coverage.py(99) [uvm_test_top.hamming_env.hamming_coverage]:       BIN low_space : 0\n    20.00ns INFO     ../cocotb_coverage/coverage.py(99) [uvm_test_top.hamming_env.hamming_coverage]:       BIN high_space : 0\n    20.00ns INFO     ../cocotb_coverage/coverage.py(99) [uvm_test_top.hamming_env.hamming_coverage]:       BIN max_value : 0\n    20.00ns INFO     ../cocotb_coverage/coverage.py(94) [uvm_test_top.hamming_env.hamming_coverage]:    cg_hamming_encoding.data_x_secded : <cocotb_coverage.coverage.CoverCross object at 0x7f19691bbe20>, coverage=0, size=10 \n    20.00ns INFO     ../cocotb_coverage/coverage.py(99) [uvm_test_top.hamming_env.hamming_coverage]:       BIN ('zero', 'secded_off') : 0\n    20.00ns INFO     ../cocotb_coverage/coverage.py(99) [uvm_test_top.hamming_env.hamming_coverage]:       BIN ('zero', 'secded_on') : 0\n    20.00ns INFO     ../cocotb_coverage/coverage.py(99) [uvm_test_top.hamming_env.hamming_coverage]:       BIN ('single_bit_set', 'secded_off') : 0\n    20.00ns INFO     ../cocotb_coverage/coverage.py(99) [uvm_test_top.hamming_env.hamming_coverage]:       BIN ('single_bit_set', 'secded_on') : 0\n    20.00ns INFO     ../cocotb_coverage/coverage.py(99) [uvm_test_top.hamming_env.hamming_coverage]:       BIN ('low_space', 'secded_off') : 0\n    20.00ns INFO     ../cocotb_coverage/coverage.py(99) [uvm_test_top.hamming_env.hamming_coverage]:       BIN ('low_space', 'secded_on') : 0\n    20.00ns INFO     ../cocotb_coverage/coverage.py(99) [uvm_test_top.hamming_env.hamming_coverage]:       BIN ('high_space', 'secded_off') : 0\n    20.00ns INFO     ../cocotb_coverage/coverage.py(99) [uvm_test_top.hamming_env.hamming_coverage]:       BIN ('high_space', 'secded_on') : 0\n    20.00ns INFO     ../cocotb_coverage/coverage.py(99) [uvm_test_top.hamming_env.hamming_coverage]:       BIN ('max_value', 'secded_off') : 0\n    20.00ns INFO     ../cocotb_coverage/coverage.py(99) [uvm_test_top.hamming_env.hamming_coverage]:       BIN ('max_value', 'secded_on') : 0\n    20.00ns INFO     ../cocotb_coverage/coverage.py(94) [uvm_test_top.hamming_env.hamming_coverage]:    cg_hamming_encoding.secded_cov : <cocotb_coverage.coverage.CoverPoint object at 0x7f19691b8160>, coverage=0, size=2 \n    20.00ns INFO     ../cocotb_coverage/coverage.py(99) [uvm_test_top.hamming_env.hamming_coverage]:       BIN secded_off : 0\n    20.00ns INFO     ../cocotb_coverage/coverage.py(99) [uvm_test_top.hamming_env.hamming_coverage]:       BIN secded_on : 0\n    20.00ns INFO     ../cocotb_coverage/coverage.py(94) [uvm_test_top.hamming_env.hamming_coverage]:    cg_hamming_encoding.width_cov : <cocotb_coverage.coverage.CoverPoint object at 0x7f19691b8610>, coverage=0, size=5 \n    20.00ns INFO     ../cocotb_coverage/coverage.py(99) [uvm_test_top.hamming_env.hamming_coverage]:       BIN width_1 : 0\n    20.00ns INFO     ../cocotb_coverage/coverage.py(99) [uvm_test_top.hamming_env.hamming_coverage]:       BIN width_4 : 0\n    20.00ns INFO     ../cocotb_coverage/coverage.py(99) [uvm_test_top.hamming_env.hamming_coverage]:       BIN width_8 : 0\n    20.00ns INFO     ../cocotb_coverage/coverage.py(99) [uvm_test_top.hamming_env.hamming_coverage]:       BIN width_11 : 0\n    20.00ns INFO     ../cocotb_coverage/coverage.py(99) [uvm_test_top.hamming_env.hamming_coverage]:       BIN width_16 : 0\n    20.00ns INFO     ../cocotb_coverage/coverage.py(94) [uvm_test_top.hamming_env.hamming_coverage]:    cg_hamming_encoding.width_x_secded : <cocotb_coverage.coverage.CoverCross object at 0x7f19691b9c90>, coverage=0, size=10 \n    20.00ns INFO     ../cocotb_coverage/coverage.py(99) [uvm_test_top.hamming_env.hamming_coverage]:       BIN ('width_1', 'secded_off') : 0\n    20.00ns INFO     ../cocotb_coverage/coverage.py(99) [uvm_test_top.hamming_env.hamming_coverage]:       BIN ('width_1', 'secded_on') : 0\n    20.00ns INFO     ../cocotb_coverage/coverage.py(99) [uvm_test_top.hamming_env.hamming_coverage]:       BIN ('width_4', 'secded_off') : 0\n    20.00ns INFO     ../cocotb_coverage/coverage.py(99) [uvm_test_top.hamming_env.hamming_coverage]:       BIN ('width_4', 'secded_on') : 0\n    20.00ns INFO     ../cocotb_coverage/coverage.py(99) [uvm_test_top.hamming_env.hamming_coverage]:       BIN ('width_8', 'secded_off') : 0\n    20.00ns INFO     ../cocotb_coverage/coverage.py(99) [uvm_test_top.hamming_env.hamming_coverage]:       BIN ('width_8', 'secded_on') : 0\n    20.00ns INFO     ../cocotb_coverage/coverage.py(99) [uvm_test_top.hamming_env.hamming_coverage]:       BIN ('width_11', 'secded_off') : 0\n    20.00ns INFO     ../cocotb_coverage/coverage.py(99) [uvm_test_top.hamming_env.hamming_coverage]:       BIN ('width_11', 'secded_on') : 0\n    20.00ns INFO     ../cocotb_coverage/coverage.py(99) [uvm_test_top.hamming_env.hamming_coverage]:       BIN ('width_16', 'secded_off') : 0\n    20.00ns INFO     ../cocotb_coverage/coverage.py(99) [uvm_test_top.hamming_env.hamming_coverage]:       BIN ('width_16', 'secded_on') : 0\n    20.00ns INFO     ..ming_encoder/tb/coverage.py(388) [uvm_test_top.hamming_env.hamming_coverage]: HammingCoverage exported to hamming_encoder_coverage_HammingTC5Test.yml / hamming_encoder_coverage_HammingTC5Test.xml\n    20.00ns INFO     ..ming_encoder/tb/coverage.py(409) [uvm_test_top.hamming_env.hamming_coverage]: HammingCoverage test coverage: HammingTC5Test 0/36 bins hit (0.00%)\n    20.00ns INFO     ..ming_encoder/tb/coverage.py(515) [uvm_test_top.hamming_env.hamming_coverage]: HammingCoverage aggregate merge from 10 per-test file(s):\n    20.00ns INFO     ..ming_encoder/tb/coverage.py(527) [uvm_test_top.hamming_env.hamming_coverage]:   cg_hamming_encoding.codeword_cov: 2/4 bins hit (50.00%)\n    20.00ns INFO     ..ming_encoder/tb/coverage.py(527) [uvm_test_top.hamming_env.hamming_coverage]:   cg_hamming_encoding.data_in_cov: 5/5 bins hit (100.00%)\n    20.00ns INFO     ..ming_encoder/tb/coverage.py(527) [uvm_test_top.hamming_env.hamming_coverage]:   cg_hamming_encoding.data_x_secded: 5/10 bins hit (50.00%)\n    20.00ns INFO     ..ming_encoder/tb/coverage.py(527) [uvm_test_top.hamming_env.hamming_coverage]:   cg_hamming_encoding.secded_cov: 1/2 bins hit (50.00%)\n    20.00ns INFO     ..ming_encoder/tb/coverage.py(527) [uvm_test_top.hamming_env.hamming_coverage]:   cg_hamming_encoding.width_cov: 1/5 bins hit (20.00%)\n    20.00ns INFO     ..ming_encoder/tb/coverage.py(527) [uvm_test_top.hamming_env.hamming_coverage]:   cg_hamming_encoding.width_x_secded: 1/10 bins hit (10.00%)\n    20.00ns INFO     ..ming_encoder/tb/coverage.py(533) [uvm_test_top.hamming_env.hamming_coverage]: HammingCoverage aggregate: 15/36 bins hit (41.67%)\n    20.00ns INFO     ..ming_encoder/tb/coverage.py(548) [uvm_test_top.hamming_env.hamming_coverage]: HammingCoverage aggregate exported to hamming_encoder_coverage_aggregate.yml\n    20.00ns INFO     ../hamming_encoder/tb/test.py(220) [uvm_test_top]: HammingExecution ledger exported to hamming_encoder_execution_HammingTC5Test_d4_s0.yml\n    20.00ns INFO     ../hamming_encoder/tb/test.py(320) [uvm_test_top]: HammingExecution aggregate exported to hamming_encoder_execution_aggregate.yml: total=10 executed=7 skipped=3\n    20.00ns WARNING  ../hamming_encoder/tb/test.py(475) [uvm_test_top]: TEST SKIPPED -> SCENARIO TC5 NOT EXECUTED: HammingTC5Test is inapplicable to this elaboration (DATA_WIDTH=4, SECDED=0); passing without stimulus\n    20.00ns INFO     ../hamming_encoder/tb/test.py(482) [uvm_test_top]: TEST SKIPPED: uvm_test_top is inapplicable to this elaboration (DATA_WIDTH=4, SECDED=0); passing without stimulus\n    20.00ns WARNING  py.warnings                        /workspace/generated/designs/hamming_encoder/tb/env.py:116: DeprecationWarning: `task.kill()` is deprecated in favor of `task.cancel()`\n                                                          task.kill()\n    20.00ns INFO     cocotb.hamming_encoder             hamming_tb_top: test 'HammingTC5Test' completed\n    20.00ns INFO     cocotb.regression                  test_top.hamming_tb_top passed\n    20.00ns INFO     cocotb.regression                  **************************************************************************************\n                                                        ** TEST                          STATUS  SIM TIME (ns)  REAL TIME (s)  RATIO (ns/s) **\n                                                        **************************************************************************************\n                                                        ** test_top.hamming_tb_top        PASS          20.00           0.06        309.69  **\n                                                        **************************************************************************************\n                                                        ** TESTS=1 PASS=1 FAIL=0 SKIP=0                 20.00           0.06        308.80  **\n                                                        **************************************************************************************\n- :0: Verilog $finish\n",
        "command": [
          "timeout",
          "--signal=TERM",
          "--kill-after=5",
          "60",
          "make",
          "-f",
          "/workspace/generated/designs/hamming_encoder/tb/.chia_sim/Makefile",
          "SIM=verilator",
          "TOPLEVEL_LANG=verilog",
          "TOPLEVEL=hamming_encoder",
          "COCOTB_TOPLEVEL=hamming_encoder",
          "MODULE=test_top",
          "COCOTB_TEST_MODULES=test_top",
          "VERILOG_SOURCES=/workspace/benchmarks/hamming_encoder/hamming_encoder.sv",
          "SIM_BUILD=/workspace/generated/designs/hamming_encoder/tb/.chia_sim/build/2363f1a59612",
          "COCOTB_RESULTS_FILE=/workspace/generated/designs/hamming_encoder/tb/.chia_sim/HammingTC5Test.xml",
          "COCOTB_HDL_TIMEUNIT=1ns",
          "COCOTB_HDL_TIMEPRECISION=1ps",
          "BUILD_ARGS=-j 4"
        ],
        "test_name": "HammingTC5Test",
        "test_module": "test_top",
        "results_file": "/workspace/generated/designs/hamming_encoder/tb/.chia_sim/HammingTC5Test.xml",
        "results_file_exists": true
      },
      "HammingTC6Test": {
        "status": "pass",
        "category": "pass",
        "timed_out": false,
        "watchdog_expired": false,
        "returncode": 0,
        "counts": {
          "uvm_errors": 0,
          "uvm_fatals": 0,
          "uvm_warnings": 0,
          "scoreboard_mismatches": 0,
          "assertion_failures": 0
        },
        "clean_exit": true,
        "log": "tions.py:214: DeprecationWarning: The 'units' argument has been renamed to 'unit'.\n                                                          await Timer(self._settle_offset_ns, units=\"ns\")\n    11.00ns WARNING  py.warnings                        /workspace/generated/designs/hamming_encoder/tb/dut_helper.py:221: DeprecationWarning: `logic_array.binstr` getter is deprecated. Use `str(logic_array)` instead.\n                                                          if hasattr(pin_value, \"binstr\"):\n    11.00ns WARNING  py.warnings                        /workspace/generated/designs/hamming_encoder/tb/dut_helper.py:222: DeprecationWarning: `logic_array.binstr` getter is deprecated. Use `str(logic_array)` instead.\n                                                          s = pin_value.binstr or \"\"\n    11.00ns WARNING  py.warnings                        /workspace/generated/designs/hamming_encoder/tb/dut_helper.py:186: DeprecationWarning: `logic_array.binstr` getter is deprecated. Use `str(logic_array)` instead.\n                                                          if hasattr(pin_value, \"binstr\"):\n   100.00ns INFO     ..mming_encoder/tb/monitor.py(198) [uvm_test_top.hamming_env.hamming_agent.monitor]: monitor: observed and published 4 transaction(s)\n   100.00ns INFO     ..ng_encoder/tb/scoreboard.py(352) [uvm_test_top.hamming_env.hamming_scoreboard]: HammingScoreboard report: 4 items checked, 4 passed, 0 mismatches, 0 reset(s) observed\n   100.00ns INFO     ..ng_encoder/tb/scoreboard.py(362) [uvm_test_top.hamming_env.hamming_scoreboard]: HammingScoreboard config (DATA_WIDTH=4, SECDED=0): 4 checked, 4 passed, 0 mismatches\n   100.00ns INFO     ..ming_encoder/tb/coverage.py(370) [uvm_test_top.hamming_env.hamming_coverage]: HammingCoverage report: 4 items sampled\n   100.00ns INFO     ../cocotb_coverage/coverage.py(94) [uvm_test_top.hamming_env.hamming_coverage]: cg_hamming_encoding : <cocotb_coverage.coverage.CoverItem object at 0x74f856906800>, coverage=11, size=36 \n   100.00ns INFO     ../cocotb_coverage/coverage.py(94) [uvm_test_top.hamming_env.hamming_coverage]:    cg_hamming_encoding.codeword_cov : <cocotb_coverage.coverage.CoverPoint object at 0x74f8569042b0>, coverage=2, size=4 \n   100.00ns INFO     ../cocotb_coverage/coverage.py(99) [uvm_test_top.hamming_env.hamming_coverage]:       BIN even_weight : 1\n   100.00ns INFO     ../cocotb_coverage/coverage.py(99) [uvm_test_top.hamming_env.hamming_coverage]:       BIN odd_weight : 3\n   100.00ns INFO     ../cocotb_coverage/coverage.py(99) [uvm_test_top.hamming_env.hamming_coverage]:       BIN secded_parity_zero : 0\n   100.00ns INFO     ../cocotb_coverage/coverage.py(99) [uvm_test_top.hamming_env.hamming_coverage]:       BIN secded_parity_one : 0\n   100.00ns INFO     ../cocotb_coverage/coverage.py(94) [uvm_test_top.hamming_env.hamming_coverage]:    cg_hamming_encoding.data_in_cov : <cocotb_coverage.coverage.CoverPoint object at 0x74f856906ef0>, coverage=3, size=5 \n   100.00ns INFO     ../cocotb_coverage/coverage.py(99) [uvm_test_top.hamming_env.hamming_coverage]:       BIN zero : 0\n   100.00ns INFO     ../cocotb_coverage/coverage.py(99) [uvm_test_top.hamming_env.hamming_coverage]:       BIN single_bit_set : 4\n   100.00ns INFO     ../cocotb_coverage/coverage.py(99) [uvm_test_top.hamming_env.hamming_coverage]:       BIN low_space : 3\n   100.00ns INFO     ../cocotb_coverage/coverage.py(99) [uvm_test_top.hamming_env.hamming_coverage]:       BIN high_space : 1\n   100.00ns INFO     ../cocotb_coverage/coverage.py(99) [uvm_test_top.hamming_env.hamming_coverage]:       BIN max_value : 0\n   100.00ns INFO     ../cocotb_coverage/coverage.py(94) [uvm_test_top.hamming_env.hamming_coverage]:    cg_hamming_encoding.data_x_secded : <cocotb_coverage.coverage.CoverCross object at 0x74f8569066e0>, coverage=3, size=10 \n   100.00ns INFO     ../cocotb_coverage/coverage.py(99) [uvm_test_top.hamming_env.hamming_coverage]:       BIN ('zero', 'secded_off') : 0\n   100.00ns INFO     ../cocotb_coverage/coverage.py(99) [uvm_test_top.hamming_env.hamming_coverage]:       BIN ('zero', 'secded_on') : 0\n   100.00ns INFO     ../cocotb_coverage/coverage.py(99) [uvm_test_top.hamming_env.hamming_coverage]:       BIN ('single_bit_set', 'secded_off') : 4\n   100.00ns INFO     ../cocotb_coverage/coverage.py(99) [uvm_test_top.hamming_env.hamming_coverage]:       BIN ('single_bit_set', 'secded_on') : 0\n   100.00ns INFO     ../cocotb_coverage/coverage.py(99) [uvm_test_top.hamming_env.hamming_coverage]:       BIN ('low_space', 'secded_off') : 3\n   100.00ns INFO     ../cocotb_coverage/coverage.py(99) [uvm_test_top.hamming_env.hamming_coverage]:       BIN ('low_space', 'secded_on') : 0\n   100.00ns INFO     ../cocotb_coverage/coverage.py(99) [uvm_test_top.hamming_env.hamming_coverage]:       BIN ('high_space', 'secded_off') : 1\n   100.00ns INFO     ../cocotb_coverage/coverage.py(99) [uvm_test_top.hamming_env.hamming_coverage]:       BIN ('high_space', 'secded_on') : 0\n   100.00ns INFO     ../cocotb_coverage/coverage.py(99) [uvm_test_top.hamming_env.hamming_coverage]:       BIN ('max_value', 'secded_off') : 0\n   100.00ns INFO     ../cocotb_coverage/coverage.py(99) [uvm_test_top.hamming_env.hamming_coverage]:       BIN ('max_value', 'secded_on') : 0\n   100.00ns INFO     ../cocotb_coverage/coverage.py(94) [uvm_test_top.hamming_env.hamming_coverage]:    cg_hamming_encoding.secded_cov : <cocotb_coverage.coverage.CoverPoint object at 0x74f856905570>, coverage=1, size=2 \n   100.00ns INFO     ../cocotb_coverage/coverage.py(99) [uvm_test_top.hamming_env.hamming_coverage]:       BIN secded_off : 4\n   100.00ns INFO     ../cocotb_coverage/coverage.py(99) [uvm_test_top.hamming_env.hamming_coverage]:       BIN secded_on : 0\n   100.00ns INFO     ../cocotb_coverage/coverage.py(94) [uvm_test_top.hamming_env.hamming_coverage]:    cg_hamming_encoding.width_cov : <cocotb_coverage.coverage.CoverPoint object at 0x74f856907d00>, coverage=1, size=5 \n   100.00ns INFO     ../cocotb_coverage/coverage.py(99) [uvm_test_top.hamming_env.hamming_coverage]:       BIN width_1 : 0\n   100.00ns INFO     ../cocotb_coverage/coverage.py(99) [uvm_test_top.hamming_env.hamming_coverage]:       BIN width_4 : 4\n   100.00ns INFO     ../cocotb_coverage/coverage.py(99) [uvm_test_top.hamming_env.hamming_coverage]:       BIN width_8 : 0\n   100.00ns INFO     ../cocotb_coverage/coverage.py(99) [uvm_test_top.hamming_env.hamming_coverage]:       BIN width_11 : 0\n   100.00ns INFO     ../cocotb_coverage/coverage.py(99) [uvm_test_top.hamming_env.hamming_coverage]:       BIN width_16 : 0\n   100.00ns INFO     ../cocotb_coverage/coverage.py(94) [uvm_test_top.hamming_env.hamming_coverage]:    cg_hamming_encoding.width_x_secded : <cocotb_coverage.coverage.CoverCross object at 0x74f856906fb0>, coverage=1, size=10 \n   100.00ns INFO     ../cocotb_coverage/coverage.py(99) [uvm_test_top.hamming_env.hamming_coverage]:       BIN ('width_1', 'secded_off') : 0\n   100.00ns INFO     ../cocotb_coverage/coverage.py(99) [uvm_test_top.hamming_env.hamming_coverage]:       BIN ('width_1', 'secded_on') : 0\n   100.00ns INFO     ../cocotb_coverage/coverage.py(99) [uvm_test_top.hamming_env.hamming_coverage]:       BIN ('width_4', 'secded_off') : 4\n   100.00ns INFO     ../cocotb_coverage/coverage.py(99) [uvm_test_top.hamming_env.hamming_coverage]:       BIN ('width_4', 'secded_on') : 0\n   100.00ns INFO     ../cocotb_coverage/coverage.py(99) [uvm_test_top.hamming_env.hamming_coverage]:       BIN ('width_8', 'secded_off') : 0\n   100.00ns INFO     ../cocotb_coverage/coverage.py(99) [uvm_test_top.hamming_env.hamming_coverage]:       BIN ('width_8', 'secded_on') : 0\n   100.00ns INFO     ../cocotb_coverage/coverage.py(99) [uvm_test_top.hamming_env.hamming_coverage]:       BIN ('width_11', 'secded_off') : 0\n   100.00ns INFO     ../cocotb_coverage/coverage.py(99) [uvm_test_top.hamming_env.hamming_coverage]:       BIN ('width_11', 'secded_on') : 0\n   100.00ns INFO     ../cocotb_coverage/coverage.py(99) [uvm_test_top.hamming_env.hamming_coverage]:       BIN ('width_16', 'secded_off') : 0\n   100.00ns INFO     ../cocotb_coverage/coverage.py(99) [uvm_test_top.hamming_env.hamming_coverage]:       BIN ('width_16', 'secded_on') : 0\n   100.00ns INFO     ..ming_encoder/tb/coverage.py(388) [uvm_test_top.hamming_env.hamming_coverage]: HammingCoverage exported to hamming_encoder_coverage_HammingTC6Test.yml / hamming_encoder_coverage_HammingTC6Test.xml\n   100.00ns INFO     ..ming_encoder/tb/coverage.py(409) [uvm_test_top.hamming_env.hamming_coverage]: HammingCoverage test coverage: HammingTC6Test 11/36 bins hit (30.56%)\n   100.00ns INFO     ..ming_encoder/tb/coverage.py(515) [uvm_test_top.hamming_env.hamming_coverage]: HammingCoverage aggregate merge from 10 per-test file(s):\n   100.00ns INFO     ..ming_encoder/tb/coverage.py(527) [uvm_test_top.hamming_env.hamming_coverage]:   cg_hamming_encoding.codeword_cov: 2/4 bins hit (50.00%)\n   100.00ns INFO     ..ming_encoder/tb/coverage.py(527) [uvm_test_top.hamming_env.hamming_coverage]:   cg_hamming_encoding.data_in_cov: 5/5 bins hit (100.00%)\n   100.00ns INFO     ..ming_encoder/tb/coverage.py(527) [uvm_test_top.hamming_env.hamming_coverage]:   cg_hamming_encoding.data_x_secded: 5/10 bins hit (50.00%)\n   100.00ns INFO     ..ming_encoder/tb/coverage.py(527) [uvm_test_top.hamming_env.hamming_coverage]:   cg_hamming_encoding.secded_cov: 1/2 bins hit (50.00%)\n   100.00ns INFO     ..ming_encoder/tb/coverage.py(527) [uvm_test_top.hamming_env.hamming_coverage]:   cg_hamming_encoding.width_cov: 1/5 bins hit (20.00%)\n   100.00ns INFO     ..ming_encoder/tb/coverage.py(527) [uvm_test_top.hamming_env.hamming_coverage]:   cg_hamming_encoding.width_x_secded: 1/10 bins hit (10.00%)\n   100.00ns INFO     ..ming_encoder/tb/coverage.py(533) [uvm_test_top.hamming_env.hamming_coverage]: HammingCoverage aggregate: 15/36 bins hit (41.67%)\n   100.00ns INFO     ..ming_encoder/tb/coverage.py(548) [uvm_test_top.hamming_env.hamming_coverage]: HammingCoverage aggregate exported to hamming_encoder_coverage_aggregate.yml\n   100.00ns INFO     ../hamming_encoder/tb/test.py(220) [uvm_test_top]: HammingExecution ledger exported to hamming_encoder_execution_HammingTC6Test_d4_s0.yml\n   100.00ns INFO     ../hamming_encoder/tb/test.py(320) [uvm_test_top]: HammingExecution aggregate exported to hamming_encoder_execution_aggregate.yml: total=10 executed=7 skipped=3\n   100.00ns INFO     ../hamming_encoder/tb/test.py(500) [uvm_test_top]: TEST PASSED: 4 items checked, 0 mismatches, 4 passed, 0 reset(s) observed (DATA_WIDTH=4, SECDED=0)\n   100.00ns WARNING  py.warnings                        /workspace/generated/designs/hamming_encoder/tb/env.py:116: DeprecationWarning: `task.kill()` is deprecated in favor of `task.cancel()`\n                                                          task.kill()\n   100.00ns INFO     cocotb.hamming_encoder             hamming_tb_top: test 'HammingTC6Test' completed\n   100.00ns INFO     cocotb.regression                  test_top.hamming_tb_top passed\n   100.00ns INFO     cocotb.regression                  **************************************************************************************\n                                                        ** TEST                          STATUS  SIM TIME (ns)  REAL TIME (s)  RATIO (ns/s) **\n                                                        **************************************************************************************\n                                                        ** test_top.hamming_tb_top        PASS         100.00           0.07       1484.90  **\n                                                        **************************************************************************************\n                                                        ** TESTS=1 PASS=1 FAIL=0 SKIP=0                100.00           0.07       1480.60  **\n                                                        **************************************************************************************\n- :0: Verilog $finish\n",
        "command": [
          "timeout",
          "--signal=TERM",
          "--kill-after=5",
          "60",
          "make",
          "-f",
          "/workspace/generated/designs/hamming_encoder/tb/.chia_sim/Makefile",
          "SIM=verilator",
          "TOPLEVEL_LANG=verilog",
          "TOPLEVEL=hamming_encoder",
          "COCOTB_TOPLEVEL=hamming_encoder",
          "MODULE=test_top",
          "COCOTB_TEST_MODULES=test_top",
          "VERILOG_SOURCES=/workspace/benchmarks/hamming_encoder/hamming_encoder.sv",
          "SIM_BUILD=/workspace/generated/designs/hamming_encoder/tb/.chia_sim/build/2363f1a59612",
          "COCOTB_RESULTS_FILE=/workspace/generated/designs/hamming_encoder/tb/.chia_sim/HammingTC6Test.xml",
          "COCOTB_HDL_TIMEUNIT=1ns",
          "COCOTB_HDL_TIMEPRECISION=1ps",
          "BUILD_ARGS=-j 4"
        ],
        "test_name": "HammingTC6Test",
        "test_module": "test_top",
        "results_file": "/workspace/generated/designs/hamming_encoder/tb/.chia_sim/HammingTC6Test.xml",
        "results_file_exists": true
      },
      "HammingTC7Test": {
        "status": "pass",
        "category": "pass",
        "timed_out": false,
        "watchdog_expired": false,
        "returncode": 0,
        "counts": {
          "uvm_errors": 0,
          "uvm_fatals": 0,
          "uvm_warnings": 0,
          "scoreboard_mismatches": 0,
          "assertion_failures": 0
        },
        "clean_exit": true,
        "log": "its' argument has been renamed to 'unit'.\n                                                          await Timer(self._settle_offset_ns, units=\"ns\")\n    11.00ns WARNING  py.warnings                        /workspace/generated/designs/hamming_encoder/tb/dut_helper.py:221: DeprecationWarning: `logic_array.binstr` getter is deprecated. Use `str(logic_array)` instead.\n                                                          if hasattr(pin_value, \"binstr\"):\n    11.00ns WARNING  py.warnings                        /workspace/generated/designs/hamming_encoder/tb/dut_helper.py:222: DeprecationWarning: `logic_array.binstr` getter is deprecated. Use `str(logic_array)` instead.\n                                                          s = pin_value.binstr or \"\"\n    11.00ns WARNING  py.warnings                        /workspace/generated/designs/hamming_encoder/tb/dut_helper.py:186: DeprecationWarning: `logic_array.binstr` getter is deprecated. Use `str(logic_array)` instead.\n                                                          if hasattr(pin_value, \"binstr\"):\n    20.00ns INFO     ..mming_encoder/tb/monitor.py(198) [uvm_test_top.hamming_env.hamming_agent.monitor]: monitor: observed and published 0 transaction(s)\n    20.00ns INFO     ..ng_encoder/tb/scoreboard.py(352) [uvm_test_top.hamming_env.hamming_scoreboard]: HammingScoreboard report: 0 items checked, 0 passed, 0 mismatches, 0 reset(s) observed\n    20.00ns INFO     ..ming_encoder/tb/coverage.py(370) [uvm_test_top.hamming_env.hamming_coverage]: HammingCoverage report: 0 items sampled\n    20.00ns INFO     ../cocotb_coverage/coverage.py(94) [uvm_test_top.hamming_env.hamming_coverage]: cg_hamming_encoding : <cocotb_coverage.coverage.CoverItem object at 0x792ee4df6800>, coverage=0, size=36 \n    20.00ns INFO     ../cocotb_coverage/coverage.py(94) [uvm_test_top.hamming_env.hamming_coverage]:    cg_hamming_encoding.codeword_cov : <cocotb_coverage.coverage.CoverPoint object at 0x792ee4df42b0>, coverage=0, size=4 \n    20.00ns INFO     ../cocotb_coverage/coverage.py(99) [uvm_test_top.hamming_env.hamming_coverage]:       BIN even_weight : 0\n    20.00ns INFO     ../cocotb_coverage/coverage.py(99) [uvm_test_top.hamming_env.hamming_coverage]:       BIN odd_weight : 0\n    20.00ns INFO     ../cocotb_coverage/coverage.py(99) [uvm_test_top.hamming_env.hamming_coverage]:       BIN secded_parity_zero : 0\n    20.00ns INFO     ../cocotb_coverage/coverage.py(99) [uvm_test_top.hamming_env.hamming_coverage]:       BIN secded_parity_one : 0\n    20.00ns INFO     ../cocotb_coverage/coverage.py(94) [uvm_test_top.hamming_env.hamming_coverage]:    cg_hamming_encoding.data_in_cov : <cocotb_coverage.coverage.CoverPoint object at 0x792ee4df6ef0>, coverage=0, size=5 \n    20.00ns INFO     ../cocotb_coverage/coverage.py(99) [uvm_test_top.hamming_env.hamming_coverage]:       BIN zero : 0\n    20.00ns INFO     ../cocotb_coverage/coverage.py(99) [uvm_test_top.hamming_env.hamming_coverage]:       BIN single_bit_set : 0\n    20.00ns INFO     ../cocotb_coverage/coverage.py(99) [uvm_test_top.hamming_env.hamming_coverage]:       BIN low_space : 0\n    20.00ns INFO     ../cocotb_coverage/coverage.py(99) [uvm_test_top.hamming_env.hamming_coverage]:       BIN high_space : 0\n    20.00ns INFO     ../cocotb_coverage/coverage.py(99) [uvm_test_top.hamming_env.hamming_coverage]:       BIN max_value : 0\n    20.00ns INFO     ../cocotb_coverage/coverage.py(94) [uvm_test_top.hamming_env.hamming_coverage]:    cg_hamming_encoding.data_x_secded : <cocotb_coverage.coverage.CoverCross object at 0x792ee4df66e0>, coverage=0, size=10 \n    20.00ns INFO     ../cocotb_coverage/coverage.py(99) [uvm_test_top.hamming_env.hamming_coverage]:       BIN ('zero', 'secded_off') : 0\n    20.00ns INFO     ../cocotb_coverage/coverage.py(99) [uvm_test_top.hamming_env.hamming_coverage]:       BIN ('zero', 'secded_on') : 0\n    20.00ns INFO     ../cocotb_coverage/coverage.py(99) [uvm_test_top.hamming_env.hamming_coverage]:       BIN ('single_bit_set', 'secded_off') : 0\n    20.00ns INFO     ../cocotb_coverage/coverage.py(99) [uvm_test_top.hamming_env.hamming_coverage]:       BIN ('single_bit_set', 'secded_on') : 0\n    20.00ns INFO     ../cocotb_coverage/coverage.py(99) [uvm_test_top.hamming_env.hamming_coverage]:       BIN ('low_space', 'secded_off') : 0\n    20.00ns INFO     ../cocotb_coverage/coverage.py(99) [uvm_test_top.hamming_env.hamming_coverage]:       BIN ('low_space', 'secded_on') : 0\n    20.00ns INFO     ../cocotb_coverage/coverage.py(99) [uvm_test_top.hamming_env.hamming_coverage]:       BIN ('high_space', 'secded_off') : 0\n    20.00ns INFO     ../cocotb_coverage/coverage.py(99) [uvm_test_top.hamming_env.hamming_coverage]:       BIN ('high_space', 'secded_on') : 0\n    20.00ns INFO     ../cocotb_coverage/coverage.py(99) [uvm_test_top.hamming_env.hamming_coverage]:       BIN ('max_value', 'secded_off') : 0\n    20.00ns INFO     ../cocotb_coverage/coverage.py(99) [uvm_test_top.hamming_env.hamming_coverage]:       BIN ('max_value', 'secded_on') : 0\n    20.00ns INFO     ../cocotb_coverage/coverage.py(94) [uvm_test_top.hamming_env.hamming_coverage]:    cg_hamming_encoding.secded_cov : <cocotb_coverage.coverage.CoverPoint object at 0x792ee4df5570>, coverage=0, size=2 \n    20.00ns INFO     ../cocotb_coverage/coverage.py(99) [uvm_test_top.hamming_env.hamming_coverage]:       BIN secded_off : 0\n    20.00ns INFO     ../cocotb_coverage/coverage.py(99) [uvm_test_top.hamming_env.hamming_coverage]:       BIN secded_on : 0\n    20.00ns INFO     ../cocotb_coverage/coverage.py(94) [uvm_test_top.hamming_env.hamming_coverage]:    cg_hamming_encoding.width_cov : <cocotb_coverage.coverage.CoverPoint object at 0x792ee4df7d00>, coverage=0, size=5 \n    20.00ns INFO     ../cocotb_coverage/coverage.py(99) [uvm_test_top.hamming_env.hamming_coverage]:       BIN width_1 : 0\n    20.00ns INFO     ../cocotb_coverage/coverage.py(99) [uvm_test_top.hamming_env.hamming_coverage]:       BIN width_4 : 0\n    20.00ns INFO     ../cocotb_coverage/coverage.py(99) [uvm_test_top.hamming_env.hamming_coverage]:       BIN width_8 : 0\n    20.00ns INFO     ../cocotb_coverage/coverage.py(99) [uvm_test_top.hamming_env.hamming_coverage]:       BIN width_11 : 0\n    20.00ns INFO     ../cocotb_coverage/coverage.py(99) [uvm_test_top.hamming_env.hamming_coverage]:       BIN width_16 : 0\n    20.00ns INFO     ../cocotb_coverage/coverage.py(94) [uvm_test_top.hamming_env.hamming_coverage]:    cg_hamming_encoding.width_x_secded : <cocotb_coverage.coverage.CoverCross object at 0x792ee4df6fb0>, coverage=0, size=10 \n    20.00ns INFO     ../cocotb_coverage/coverage.py(99) [uvm_test_top.hamming_env.hamming_coverage]:       BIN ('width_1', 'secded_off') : 0\n    20.00ns INFO     ../cocotb_coverage/coverage.py(99) [uvm_test_top.hamming_env.hamming_coverage]:       BIN ('width_1', 'secded_on') : 0\n    20.00ns INFO     ../cocotb_coverage/coverage.py(99) [uvm_test_top.hamming_env.hamming_coverage]:       BIN ('width_4', 'secded_off') : 0\n    20.00ns INFO     ../cocotb_coverage/coverage.py(99) [uvm_test_top.hamming_env.hamming_coverage]:       BIN ('width_4', 'secded_on') : 0\n    20.00ns INFO     ../cocotb_coverage/coverage.py(99) [uvm_test_top.hamming_env.hamming_coverage]:       BIN ('width_8', 'secded_off') : 0\n    20.00ns INFO     ../cocotb_coverage/coverage.py(99) [uvm_test_top.hamming_env.hamming_coverage]:       BIN ('width_8', 'secded_on') : 0\n    20.00ns INFO     ../cocotb_coverage/coverage.py(99) [uvm_test_top.hamming_env.hamming_coverage]:       BIN ('width_11', 'secded_off') : 0\n    20.00ns INFO     ../cocotb_coverage/coverage.py(99) [uvm_test_top.hamming_env.hamming_coverage]:       BIN ('width_11', 'secded_on') : 0\n    20.00ns INFO     ../cocotb_coverage/coverage.py(99) [uvm_test_top.hamming_env.hamming_coverage]:       BIN ('width_16', 'secded_off') : 0\n    20.00ns INFO     ../cocotb_coverage/coverage.py(99) [uvm_test_top.hamming_env.hamming_coverage]:       BIN ('width_16', 'secded_on') : 0\n    20.00ns INFO     ..ming_encoder/tb/coverage.py(388) [uvm_test_top.hamming_env.hamming_coverage]: HammingCoverage exported to hamming_encoder_coverage_HammingTC7Test.yml / hamming_encoder_coverage_HammingTC7Test.xml\n    20.00ns INFO     ..ming_encoder/tb/coverage.py(409) [uvm_test_top.hamming_env.hamming_coverage]: HammingCoverage test coverage: HammingTC7Test 0/36 bins hit (0.00%)\n    20.00ns INFO     ..ming_encoder/tb/coverage.py(515) [uvm_test_top.hamming_env.hamming_coverage]: HammingCoverage aggregate merge from 10 per-test file(s):\n    20.00ns INFO     ..ming_encoder/tb/coverage.py(527) [uvm_test_top.hamming_env.hamming_coverage]:   cg_hamming_encoding.codeword_cov: 2/4 bins hit (50.00%)\n    20.00ns INFO     ..ming_encoder/tb/coverage.py(527) [uvm_test_top.hamming_env.hamming_coverage]:   cg_hamming_encoding.data_in_cov: 5/5 bins hit (100.00%)\n    20.00ns INFO     ..ming_encoder/tb/coverage.py(527) [uvm_test_top.hamming_env.hamming_coverage]:   cg_hamming_encoding.data_x_secded: 5/10 bins hit (50.00%)\n    20.00ns INFO     ..ming_encoder/tb/coverage.py(527) [uvm_test_top.hamming_env.hamming_coverage]:   cg_hamming_encoding.secded_cov: 1/2 bins hit (50.00%)\n    20.00ns INFO     ..ming_encoder/tb/coverage.py(527) [uvm_test_top.hamming_env.hamming_coverage]:   cg_hamming_encoding.width_cov: 1/5 bins hit (20.00%)\n    20.00ns INFO     ..ming_encoder/tb/coverage.py(527) [uvm_test_top.hamming_env.hamming_coverage]:   cg_hamming_encoding.width_x_secded: 1/10 bins hit (10.00%)\n    20.00ns INFO     ..ming_encoder/tb/coverage.py(533) [uvm_test_top.hamming_env.hamming_coverage]: HammingCoverage aggregate: 15/36 bins hit (41.67%)\n    20.00ns INFO     ..ming_encoder/tb/coverage.py(548) [uvm_test_top.hamming_env.hamming_coverage]: HammingCoverage aggregate exported to hamming_encoder_coverage_aggregate.yml\n    20.00ns INFO     ../hamming_encoder/tb/test.py(220) [uvm_test_top]: HammingExecution ledger exported to hamming_encoder_execution_HammingTC7Test_d4_s0.yml\n    20.00ns INFO     ../hamming_encoder/tb/test.py(320) [uvm_test_top]: HammingExecution aggregate exported to hamming_encoder_execution_aggregate.yml: total=10 executed=7 skipped=3\n    20.00ns WARNING  ../hamming_encoder/tb/test.py(475) [uvm_test_top]: TEST SKIPPED -> SCENARIO TC7 NOT EXECUTED: HammingTC7Test is inapplicable to this elaboration (DATA_WIDTH=4, SECDED=0); passing without stimulus\n    20.00ns INFO     ../hamming_encoder/tb/test.py(482) [uvm_test_top]: TEST SKIPPED: uvm_test_top is inapplicable to this elaboration (DATA_WIDTH=4, SECDED=0); passing without stimulus\n    20.00ns WARNING  py.warnings                        /workspace/generated/designs/hamming_encoder/tb/env.py:116: DeprecationWarning: `task.kill()` is deprecated in favor of `task.cancel()`\n                                                          task.kill()\n    20.00ns INFO     cocotb.hamming_encoder             hamming_tb_top: test 'HammingTC7Test' completed\n    20.00ns INFO     cocotb.regression                  test_top.hamming_tb_top passed\n    20.00ns INFO     cocotb.regression                  **************************************************************************************\n                                                        ** TEST                          STATUS  SIM TIME (ns)  REAL TIME (s)  RATIO (ns/s) **\n                                                        **************************************************************************************\n                                                        ** test_top.hamming_tb_top        PASS          20.00           0.06        308.86  **\n                                                        **************************************************************************************\n                                                        ** TESTS=1 PASS=1 FAIL=0 SKIP=0                 20.00           0.06        307.94  **\n                                                        **************************************************************************************\n- :0: Verilog $finish\n",
        "command": [
          "timeout",
          "--signal=TERM",
          "--kill-after=5",
          "60",
          "make",
          "-f",
          "/workspace/generated/designs/hamming_encoder/tb/.chia_sim/Makefile",
          "SIM=verilator",
          "TOPLEVEL_LANG=verilog",
          "TOPLEVEL=hamming_encoder",
          "COCOTB_TOPLEVEL=hamming_encoder",
          "MODULE=test_top",
          "COCOTB_TEST_MODULES=test_top",
          "VERILOG_SOURCES=/workspace/benchmarks/hamming_encoder/hamming_encoder.sv",
          "SIM_BUILD=/workspace/generated/designs/hamming_encoder/tb/.chia_sim/build/2363f1a59612",
          "COCOTB_RESULTS_FILE=/workspace/generated/designs/hamming_encoder/tb/.chia_sim/HammingTC7Test.xml",
          "COCOTB_HDL_TIMEUNIT=1ns",
          "COCOTB_HDL_TIMEPRECISION=1ps",
          "BUILD_ARGS=-j 4"
        ],
        "test_name": "HammingTC7Test",
        "test_module": "test_top",
        "results_file": "/workspace/generated/designs/hamming_encoder/tb/.chia_sim/HammingTC7Test.xml",
        "results_file_exists": true
      },
      "HammingTC8Test": {
        "status": "pass",
        "category": "pass",
        "timed_out": false,
        "watchdog_expired": false,
        "returncode": 0,
        "counts": {
          "uvm_errors": 0,
          "uvm_fatals": 0,
          "uvm_warnings": 0,
          "scoreboard_mismatches": 0,
          "assertion_failures": 0
        },
        "clean_exit": true,
        "log": "ertions.py:214: DeprecationWarning: The 'units' argument has been renamed to 'unit'.\n                                                          await Timer(self._settle_offset_ns, units=\"ns\")\n    11.00ns WARNING  py.warnings                        /workspace/generated/designs/hamming_encoder/tb/dut_helper.py:221: DeprecationWarning: `logic_array.binstr` getter is deprecated. Use `str(logic_array)` instead.\n                                                          if hasattr(pin_value, \"binstr\"):\n    11.00ns WARNING  py.warnings                        /workspace/generated/designs/hamming_encoder/tb/dut_helper.py:222: DeprecationWarning: `logic_array.binstr` getter is deprecated. Use `str(logic_array)` instead.\n                                                          s = pin_value.binstr or \"\"\n    11.00ns WARNING  py.warnings                        /workspace/generated/designs/hamming_encoder/tb/dut_helper.py:186: DeprecationWarning: `logic_array.binstr` getter is deprecated. Use `str(logic_array)` instead.\n                                                          if hasattr(pin_value, \"binstr\"):\n   120.00ns INFO     ..mming_encoder/tb/monitor.py(198) [uvm_test_top.hamming_env.hamming_agent.monitor]: monitor: observed and published 5 transaction(s)\n   120.00ns INFO     ..ng_encoder/tb/scoreboard.py(352) [uvm_test_top.hamming_env.hamming_scoreboard]: HammingScoreboard report: 5 items checked, 5 passed, 0 mismatches, 0 reset(s) observed\n   120.00ns INFO     ..ng_encoder/tb/scoreboard.py(362) [uvm_test_top.hamming_env.hamming_scoreboard]: HammingScoreboard config (DATA_WIDTH=4, SECDED=0): 5 checked, 5 passed, 0 mismatches\n   120.00ns INFO     ..ming_encoder/tb/coverage.py(370) [uvm_test_top.hamming_env.hamming_coverage]: HammingCoverage report: 5 items sampled\n   120.00ns INFO     ../cocotb_coverage/coverage.py(94) [uvm_test_top.hamming_env.hamming_coverage]: cg_hamming_encoding : <cocotb_coverage.coverage.CoverItem object at 0x73e2e2611c60>, coverage=9, size=36 \n   120.00ns INFO     ../cocotb_coverage/coverage.py(94) [uvm_test_top.hamming_env.hamming_coverage]:    cg_hamming_encoding.codeword_cov : <cocotb_coverage.coverage.CoverPoint object at 0x73e2e2611660>, coverage=2, size=4 \n   120.00ns INFO     ../cocotb_coverage/coverage.py(99) [uvm_test_top.hamming_env.hamming_coverage]:       BIN even_weight : 3\n   120.00ns INFO     ../cocotb_coverage/coverage.py(99) [uvm_test_top.hamming_env.hamming_coverage]:       BIN odd_weight : 2\n   120.00ns INFO     ../cocotb_coverage/coverage.py(99) [uvm_test_top.hamming_env.hamming_coverage]:       BIN secded_parity_zero : 0\n   120.00ns INFO     ../cocotb_coverage/coverage.py(99) [uvm_test_top.hamming_env.hamming_coverage]:       BIN secded_parity_one : 0\n   120.00ns INFO     ../cocotb_coverage/coverage.py(94) [uvm_test_top.hamming_env.hamming_coverage]:    cg_hamming_encoding.data_in_cov : <cocotb_coverage.coverage.CoverPoint object at 0x73e2e2613b20>, coverage=2, size=5 \n   120.00ns INFO     ../cocotb_coverage/coverage.py(99) [uvm_test_top.hamming_env.hamming_coverage]:       BIN zero : 0\n   120.00ns INFO     ../cocotb_coverage/coverage.py(99) [uvm_test_top.hamming_env.hamming_coverage]:       BIN single_bit_set : 0\n   120.00ns INFO     ../cocotb_coverage/coverage.py(99) [uvm_test_top.hamming_env.hamming_coverage]:       BIN low_space : 3\n   120.00ns INFO     ../cocotb_coverage/coverage.py(99) [uvm_test_top.hamming_env.hamming_coverage]:       BIN high_space : 2\n   120.00ns INFO     ../cocotb_coverage/coverage.py(99) [uvm_test_top.hamming_env.hamming_coverage]:       BIN max_value : 0\n   120.00ns INFO     ../cocotb_coverage/coverage.py(94) [uvm_test_top.hamming_env.hamming_coverage]:    cg_hamming_encoding.data_x_secded : <cocotb_coverage.coverage.CoverCross object at 0x73e2e26104c0>, coverage=2, size=10 \n   120.00ns INFO     ../cocotb_coverage/coverage.py(99) [uvm_test_top.hamming_env.hamming_coverage]:       BIN ('zero', 'secded_off') : 0\n   120.00ns INFO     ../cocotb_coverage/coverage.py(99) [uvm_test_top.hamming_env.hamming_coverage]:       BIN ('zero', 'secded_on') : 0\n   120.00ns INFO     ../cocotb_coverage/coverage.py(99) [uvm_test_top.hamming_env.hamming_coverage]:       BIN ('single_bit_set', 'secded_off') : 0\n   120.00ns INFO     ../cocotb_coverage/coverage.py(99) [uvm_test_top.hamming_env.hamming_coverage]:       BIN ('single_bit_set', 'secded_on') : 0\n   120.00ns INFO     ../cocotb_coverage/coverage.py(99) [uvm_test_top.hamming_env.hamming_coverage]:       BIN ('low_space', 'secded_off') : 3\n   120.00ns INFO     ../cocotb_coverage/coverage.py(99) [uvm_test_top.hamming_env.hamming_coverage]:       BIN ('low_space', 'secded_on') : 0\n   120.00ns INFO     ../cocotb_coverage/coverage.py(99) [uvm_test_top.hamming_env.hamming_coverage]:       BIN ('high_space', 'secded_off') : 2\n   120.00ns INFO     ../cocotb_coverage/coverage.py(99) [uvm_test_top.hamming_env.hamming_coverage]:       BIN ('high_space', 'secded_on') : 0\n   120.00ns INFO     ../cocotb_coverage/coverage.py(99) [uvm_test_top.hamming_env.hamming_coverage]:       BIN ('max_value', 'secded_off') : 0\n   120.00ns INFO     ../cocotb_coverage/coverage.py(99) [uvm_test_top.hamming_env.hamming_coverage]:       BIN ('max_value', 'secded_on') : 0\n   120.00ns INFO     ../cocotb_coverage/coverage.py(94) [uvm_test_top.hamming_env.hamming_coverage]:    cg_hamming_encoding.secded_cov : <cocotb_coverage.coverage.CoverPoint object at 0x73e2e2613e20>, coverage=1, size=2 \n   120.00ns INFO     ../cocotb_coverage/coverage.py(99) [uvm_test_top.hamming_env.hamming_coverage]:       BIN secded_off : 5\n   120.00ns INFO     ../cocotb_coverage/coverage.py(99) [uvm_test_top.hamming_env.hamming_coverage]:       BIN secded_on : 0\n   120.00ns INFO     ../cocotb_coverage/coverage.py(94) [uvm_test_top.hamming_env.hamming_coverage]:    cg_hamming_encoding.width_cov : <cocotb_coverage.coverage.CoverPoint object at 0x73e2e2613af0>, coverage=1, size=5 \n   120.00ns INFO     ../cocotb_coverage/coverage.py(99) [uvm_test_top.hamming_env.hamming_coverage]:       BIN width_1 : 0\n   120.00ns INFO     ../cocotb_coverage/coverage.py(99) [uvm_test_top.hamming_env.hamming_coverage]:       BIN width_4 : 5\n   120.00ns INFO     ../cocotb_coverage/coverage.py(99) [uvm_test_top.hamming_env.hamming_coverage]:       BIN width_8 : 0\n   120.00ns INFO     ../cocotb_coverage/coverage.py(99) [uvm_test_top.hamming_env.hamming_coverage]:       BIN width_11 : 0\n   120.00ns INFO     ../cocotb_coverage/coverage.py(99) [uvm_test_top.hamming_env.hamming_coverage]:       BIN width_16 : 0\n   120.00ns INFO     ../cocotb_coverage/coverage.py(94) [uvm_test_top.hamming_env.hamming_coverage]:    cg_hamming_encoding.width_x_secded : <cocotb_coverage.coverage.CoverCross object at 0x73e2e26123b0>, coverage=1, size=10 \n   120.00ns INFO     ../cocotb_coverage/coverage.py(99) [uvm_test_top.hamming_env.hamming_coverage]:       BIN ('width_1', 'secded_off') : 0\n   120.00ns INFO     ../cocotb_coverage/coverage.py(99) [uvm_test_top.hamming_env.hamming_coverage]:       BIN ('width_1', 'secded_on') : 0\n   120.00ns INFO     ../cocotb_coverage/coverage.py(99) [uvm_test_top.hamming_env.hamming_coverage]:       BIN ('width_4', 'secded_off') : 5\n   120.00ns INFO     ../cocotb_coverage/coverage.py(99) [uvm_test_top.hamming_env.hamming_coverage]:       BIN ('width_4', 'secded_on') : 0\n   120.00ns INFO     ../cocotb_coverage/coverage.py(99) [uvm_test_top.hamming_env.hamming_coverage]:       BIN ('width_8', 'secded_off') : 0\n   120.00ns INFO     ../cocotb_coverage/coverage.py(99) [uvm_test_top.hamming_env.hamming_coverage]:       BIN ('width_8', 'secded_on') : 0\n   120.00ns INFO     ../cocotb_coverage/coverage.py(99) [uvm_test_top.hamming_env.hamming_coverage]:       BIN ('width_11', 'secded_off') : 0\n   120.00ns INFO     ../cocotb_coverage/coverage.py(99) [uvm_test_top.hamming_env.hamming_coverage]:       BIN ('width_11', 'secded_on') : 0\n   120.00ns INFO     ../cocotb_coverage/coverage.py(99) [uvm_test_top.hamming_env.hamming_coverage]:       BIN ('width_16', 'secded_off') : 0\n   120.00ns INFO     ../cocotb_coverage/coverage.py(99) [uvm_test_top.hamming_env.hamming_coverage]:       BIN ('width_16', 'secded_on') : 0\n   120.00ns INFO     ..ming_encoder/tb/coverage.py(388) [uvm_test_top.hamming_env.hamming_coverage]: HammingCoverage exported to hamming_encoder_coverage_HammingTC8Test.yml / hamming_encoder_coverage_HammingTC8Test.xml\n   120.00ns INFO     ..ming_encoder/tb/coverage.py(409) [uvm_test_top.hamming_env.hamming_coverage]: HammingCoverage test coverage: HammingTC8Test 9/36 bins hit (25.00%)\n   120.00ns INFO     ..ming_encoder/tb/coverage.py(515) [uvm_test_top.hamming_env.hamming_coverage]: HammingCoverage aggregate merge from 10 per-test file(s):\n   120.00ns INFO     ..ming_encoder/tb/coverage.py(527) [uvm_test_top.hamming_env.hamming_coverage]:   cg_hamming_encoding.codeword_cov: 2/4 bins hit (50.00%)\n   120.00ns INFO     ..ming_encoder/tb/coverage.py(527) [uvm_test_top.hamming_env.hamming_coverage]:   cg_hamming_encoding.data_in_cov: 5/5 bins hit (100.00%)\n   120.00ns INFO     ..ming_encoder/tb/coverage.py(527) [uvm_test_top.hamming_env.hamming_coverage]:   cg_hamming_encoding.data_x_secded: 5/10 bins hit (50.00%)\n   120.00ns INFO     ..ming_encoder/tb/coverage.py(527) [uvm_test_top.hamming_env.hamming_coverage]:   cg_hamming_encoding.secded_cov: 1/2 bins hit (50.00%)\n   120.00ns INFO     ..ming_encoder/tb/coverage.py(527) [uvm_test_top.hamming_env.hamming_coverage]:   cg_hamming_encoding.width_cov: 1/5 bins hit (20.00%)\n   120.00ns INFO     ..ming_encoder/tb/coverage.py(527) [uvm_test_top.hamming_env.hamming_coverage]:   cg_hamming_encoding.width_x_secded: 1/10 bins hit (10.00%)\n   120.00ns INFO     ..ming_encoder/tb/coverage.py(533) [uvm_test_top.hamming_env.hamming_coverage]: HammingCoverage aggregate: 15/36 bins hit (41.67%)\n   120.00ns INFO     ..ming_encoder/tb/coverage.py(548) [uvm_test_top.hamming_env.hamming_coverage]: HammingCoverage aggregate exported to hamming_encoder_coverage_aggregate.yml\n   120.00ns INFO     ../hamming_encoder/tb/test.py(220) [uvm_test_top]: HammingExecution ledger exported to hamming_encoder_execution_HammingTC8Test_d4_s0.yml\n   120.00ns INFO     ../hamming_encoder/tb/test.py(320) [uvm_test_top]: HammingExecution aggregate exported to hamming_encoder_execution_aggregate.yml: total=10 executed=7 skipped=3\n   120.00ns INFO     ../hamming_encoder/tb/test.py(500) [uvm_test_top]: TEST PASSED: 5 items checked, 0 mismatches, 5 passed, 0 reset(s) observed (DATA_WIDTH=4, SECDED=0)\n   120.00ns WARNING  py.warnings                        /workspace/generated/designs/hamming_encoder/tb/env.py:116: DeprecationWarning: `task.kill()` is deprecated in favor of `task.cancel()`\n                                                          task.kill()\n   120.00ns INFO     cocotb.hamming_encoder             hamming_tb_top: test 'HammingTC8Test' completed\n   120.00ns INFO     cocotb.regression                  test_top.hamming_tb_top passed\n   120.00ns INFO     cocotb.regression                  **************************************************************************************\n                                                        ** TEST                          STATUS  SIM TIME (ns)  REAL TIME (s)  RATIO (ns/s) **\n                                                        **************************************************************************************\n                                                        ** test_top.hamming_tb_top        PASS         120.00           0.07       1843.60  **\n                                                        **************************************************************************************\n                                                        ** TESTS=1 PASS=1 FAIL=0 SKIP=0                120.00           0.07       1838.69  **\n                                                        **************************************************************************************\n- :0: Verilog $finish\n",
        "command": [
          "timeout",
          "--signal=TERM",
          "--kill-after=5",
          "60",
          "make",
          "-f",
          "/workspace/generated/designs/hamming_encoder/tb/.chia_sim/Makefile",
          "SIM=verilator",
          "TOPLEVEL_LANG=verilog",
          "TOPLEVEL=hamming_encoder",
          "COCOTB_TOPLEVEL=hamming_encoder",
          "MODULE=test_top",
          "COCOTB_TEST_MODULES=test_top",
          "VERILOG_SOURCES=/workspace/benchmarks/hamming_encoder/hamming_encoder.sv",
          "SIM_BUILD=/workspace/generated/designs/hamming_encoder/tb/.chia_sim/build/2363f1a59612",
          "COCOTB_RESULTS_FILE=/workspace/generated/designs/hamming_encoder/tb/.chia_sim/HammingTC8Test.xml",
          "COCOTB_HDL_TIMEUNIT=1ns",
          "COCOTB_HDL_TIMEPRECISION=1ps",
          "BUILD_ARGS=-j 4"
        ],
        "test_name": "HammingTC8Test",
        "test_module": "test_top",
        "results_file": "/workspace/generated/designs/hamming_encoder/tb/.chia_sim/HammingTC8Test.xml",
        "results_file_exists": true
      },
      "HammingCornerTest": {
        "status": "pass",
        "category": "pass",
        "timed_out": false,
        "watchdog_expired": false,
        "returncode": 0,
        "counts": {
          "uvm_errors": 0,
          "uvm_fatals": 0,
          "uvm_warnings": 0,
          "scoreboard_mismatches": 0,
          "assertion_failures": 0
        },
        "clean_exit": true,
        "log": "arning: The 'units' argument has been renamed to 'unit'.\n                                                          await Timer(self._settle_offset_ns, units=\"ns\")\n    11.00ns WARNING  py.warnings                        /workspace/generated/designs/hamming_encoder/tb/dut_helper.py:221: DeprecationWarning: `logic_array.binstr` getter is deprecated. Use `str(logic_array)` instead.\n                                                          if hasattr(pin_value, \"binstr\"):\n    11.00ns WARNING  py.warnings                        /workspace/generated/designs/hamming_encoder/tb/dut_helper.py:222: DeprecationWarning: `logic_array.binstr` getter is deprecated. Use `str(logic_array)` instead.\n                                                          s = pin_value.binstr or \"\"\n    11.00ns WARNING  py.warnings                        /workspace/generated/designs/hamming_encoder/tb/dut_helper.py:186: DeprecationWarning: `logic_array.binstr` getter is deprecated. Use `str(logic_array)` instead.\n                                                          if hasattr(pin_value, \"binstr\"):\n   440.00ns INFO     ..mming_encoder/tb/monitor.py(198) [uvm_test_top.hamming_env.hamming_agent.monitor]: monitor: observed and published 13 transaction(s)\n   440.00ns INFO     ..ng_encoder/tb/scoreboard.py(352) [uvm_test_top.hamming_env.hamming_scoreboard]: HammingScoreboard report: 13 items checked, 13 passed, 0 mismatches, 0 reset(s) observed\n   440.00ns INFO     ..ng_encoder/tb/scoreboard.py(362) [uvm_test_top.hamming_env.hamming_scoreboard]: HammingScoreboard config (DATA_WIDTH=4, SECDED=0): 13 checked, 13 passed, 0 mismatches\n   440.00ns INFO     ..ming_encoder/tb/coverage.py(370) [uvm_test_top.hamming_env.hamming_coverage]: HammingCoverage report: 13 items sampled\n   440.00ns INFO     ../cocotb_coverage/coverage.py(94) [uvm_test_top.hamming_env.hamming_coverage]: cg_hamming_encoding : <cocotb_coverage.coverage.CoverItem object at 0x7b0a0e32be20>, coverage=15, size=36 \n   440.00ns INFO     ../cocotb_coverage/coverage.py(94) [uvm_test_top.hamming_env.hamming_coverage]:    cg_hamming_encoding.codeword_cov : <cocotb_coverage.coverage.CoverPoint object at 0x7b0a0e32a470>, coverage=2, size=4 \n   440.00ns INFO     ../cocotb_coverage/coverage.py(99) [uvm_test_top.hamming_env.hamming_coverage]:       BIN even_weight : 6\n   440.00ns INFO     ../cocotb_coverage/coverage.py(99) [uvm_test_top.hamming_env.hamming_coverage]:       BIN odd_weight : 7\n   440.00ns INFO     ../cocotb_coverage/coverage.py(99) [uvm_test_top.hamming_env.hamming_coverage]:       BIN secded_parity_zero : 0\n   440.00ns INFO     ../cocotb_coverage/coverage.py(99) [uvm_test_top.hamming_env.hamming_coverage]:       BIN secded_parity_one : 0\n   440.00ns INFO     ../cocotb_coverage/coverage.py(94) [uvm_test_top.hamming_env.hamming_coverage]:    cg_hamming_encoding.data_in_cov : <cocotb_coverage.coverage.CoverPoint object at 0x7b0a0e32a9b0>, coverage=5, size=5 \n   440.00ns INFO     ../cocotb_coverage/coverage.py(99) [uvm_test_top.hamming_env.hamming_coverage]:       BIN zero : 2\n   440.00ns INFO     ../cocotb_coverage/coverage.py(99) [uvm_test_top.hamming_env.hamming_coverage]:       BIN single_bit_set : 6\n   440.00ns INFO     ../cocotb_coverage/coverage.py(99) [uvm_test_top.hamming_env.hamming_coverage]:       BIN low_space : 7\n   440.00ns INFO     ../cocotb_coverage/coverage.py(99) [uvm_test_top.hamming_env.hamming_coverage]:       BIN high_space : 6\n   440.00ns INFO     ../cocotb_coverage/coverage.py(99) [uvm_test_top.hamming_env.hamming_coverage]:       BIN max_value : 2\n   440.00ns INFO     ../cocotb_coverage/coverage.py(94) [uvm_test_top.hamming_env.hamming_coverage]:    cg_hamming_encoding.data_x_secded : <cocotb_coverage.coverage.CoverCross object at 0x7b0a0e329e40>, coverage=5, size=10 \n   440.00ns INFO     ../cocotb_coverage/coverage.py(99) [uvm_test_top.hamming_env.hamming_coverage]:       BIN ('zero', 'secded_off') : 2\n   440.00ns INFO     ../cocotb_coverage/coverage.py(99) [uvm_test_top.hamming_env.hamming_coverage]:       BIN ('zero', 'secded_on') : 0\n   440.00ns INFO     ../cocotb_coverage/coverage.py(99) [uvm_test_top.hamming_env.hamming_coverage]:       BIN ('single_bit_set', 'secded_off') : 6\n   440.00ns INFO     ../cocotb_coverage/coverage.py(99) [uvm_test_top.hamming_env.hamming_coverage]:       BIN ('single_bit_set', 'secded_on') : 0\n   440.00ns INFO     ../cocotb_coverage/coverage.py(99) [uvm_test_top.hamming_env.hamming_coverage]:       BIN ('low_space', 'secded_off') : 7\n   440.00ns INFO     ../cocotb_coverage/coverage.py(99) [uvm_test_top.hamming_env.hamming_coverage]:       BIN ('low_space', 'secded_on') : 0\n   440.00ns INFO     ../cocotb_coverage/coverage.py(99) [uvm_test_top.hamming_env.hamming_coverage]:       BIN ('high_space', 'secded_off') : 6\n   440.00ns INFO     ../cocotb_coverage/coverage.py(99) [uvm_test_top.hamming_env.hamming_coverage]:       BIN ('high_space', 'secded_on') : 0\n   440.00ns INFO     ../cocotb_coverage/coverage.py(99) [uvm_test_top.hamming_env.hamming_coverage]:       BIN ('max_value', 'secded_off') : 2\n   440.00ns INFO     ../cocotb_coverage/coverage.py(99) [uvm_test_top.hamming_env.hamming_coverage]:       BIN ('max_value', 'secded_on') : 0\n   440.00ns INFO     ../cocotb_coverage/coverage.py(94) [uvm_test_top.hamming_env.hamming_coverage]:    cg_hamming_encoding.secded_cov : <cocotb_coverage.coverage.CoverPoint object at 0x7b0a0e328640>, coverage=1, size=2 \n   440.00ns INFO     ../cocotb_coverage/coverage.py(99) [uvm_test_top.hamming_env.hamming_coverage]:       BIN secded_off : 13\n   440.00ns INFO     ../cocotb_coverage/coverage.py(99) [uvm_test_top.hamming_env.hamming_coverage]:       BIN secded_on : 0\n   440.00ns INFO     ../cocotb_coverage/coverage.py(94) [uvm_test_top.hamming_env.hamming_coverage]:    cg_hamming_encoding.width_cov : <cocotb_coverage.coverage.CoverPoint object at 0x7b0a0e32b0a0>, coverage=1, size=5 \n   440.00ns INFO     ../cocotb_coverage/coverage.py(99) [uvm_test_top.hamming_env.hamming_coverage]:       BIN width_1 : 0\n   440.00ns INFO     ../cocotb_coverage/coverage.py(99) [uvm_test_top.hamming_env.hamming_coverage]:       BIN width_4 : 13\n   440.00ns INFO     ../cocotb_coverage/coverage.py(99) [uvm_test_top.hamming_env.hamming_coverage]:       BIN width_8 : 0\n   440.00ns INFO     ../cocotb_coverage/coverage.py(99) [uvm_test_top.hamming_env.hamming_coverage]:       BIN width_11 : 0\n   440.00ns INFO     ../cocotb_coverage/coverage.py(99) [uvm_test_top.hamming_env.hamming_coverage]:       BIN width_16 : 0\n   440.00ns INFO     ../cocotb_coverage/coverage.py(94) [uvm_test_top.hamming_env.hamming_coverage]:    cg_hamming_encoding.width_x_secded : <cocotb_coverage.coverage.CoverCross object at 0x7b0a0e3295a0>, coverage=1, size=10 \n   440.00ns INFO     ../cocotb_coverage/coverage.py(99) [uvm_test_top.hamming_env.hamming_coverage]:       BIN ('width_1', 'secded_off') : 0\n   440.00ns INFO     ../cocotb_coverage/coverage.py(99) [uvm_test_top.hamming_env.hamming_coverage]:       BIN ('width_1', 'secded_on') : 0\n   440.00ns INFO     ../cocotb_coverage/coverage.py(99) [uvm_test_top.hamming_env.hamming_coverage]:       BIN ('width_4', 'secded_off') : 13\n   440.00ns INFO     ../cocotb_coverage/coverage.py(99) [uvm_test_top.hamming_env.hamming_coverage]:       BIN ('width_4', 'secded_on') : 0\n   440.00ns INFO     ../cocotb_coverage/coverage.py(99) [uvm_test_top.hamming_env.hamming_coverage]:       BIN ('width_8', 'secded_off') : 0\n   440.00ns INFO     ../cocotb_coverage/coverage.py(99) [uvm_test_top.hamming_env.hamming_coverage]:       BIN ('width_8', 'secded_on') : 0\n   440.00ns INFO     ../cocotb_coverage/coverage.py(99) [uvm_test_top.hamming_env.hamming_coverage]:       BIN ('width_11', 'secded_off') : 0\n   440.00ns INFO     ../cocotb_coverage/coverage.py(99) [uvm_test_top.hamming_env.hamming_coverage]:       BIN ('width_11', 'secded_on') : 0\n   440.00ns INFO     ../cocotb_coverage/coverage.py(99) [uvm_test_top.hamming_env.hamming_coverage]:       BIN ('width_16', 'secded_off') : 0\n   440.00ns INFO     ../cocotb_coverage/coverage.py(99) [uvm_test_top.hamming_env.hamming_coverage]:       BIN ('width_16', 'secded_on') : 0\n   440.00ns INFO     ..ming_encoder/tb/coverage.py(388) [uvm_test_top.hamming_env.hamming_coverage]: HammingCoverage exported to hamming_encoder_coverage_HammingCornerTest.yml / hamming_encoder_coverage_HammingCornerTest.xml\n   440.00ns INFO     ..ming_encoder/tb/coverage.py(409) [uvm_test_top.hamming_env.hamming_coverage]: HammingCoverage test coverage: HammingCornerTest 15/36 bins hit (41.67%)\n   440.00ns INFO     ..ming_encoder/tb/coverage.py(515) [uvm_test_top.hamming_env.hamming_coverage]: HammingCoverage aggregate merge from 10 per-test file(s):\n   440.00ns INFO     ..ming_encoder/tb/coverage.py(527) [uvm_test_top.hamming_env.hamming_coverage]:   cg_hamming_encoding.codeword_cov: 2/4 bins hit (50.00%)\n   440.00ns INFO     ..ming_encoder/tb/coverage.py(527) [uvm_test_top.hamming_env.hamming_coverage]:   cg_hamming_encoding.data_in_cov: 5/5 bins hit (100.00%)\n   440.00ns INFO     ..ming_encoder/tb/coverage.py(527) [uvm_test_top.hamming_env.hamming_coverage]:   cg_hamming_encoding.data_x_secded: 5/10 bins hit (50.00%)\n   440.00ns INFO     ..ming_encoder/tb/coverage.py(527) [uvm_test_top.hamming_env.hamming_coverage]:   cg_hamming_encoding.secded_cov: 1/2 bins hit (50.00%)\n   440.00ns INFO     ..ming_encoder/tb/coverage.py(527) [uvm_test_top.hamming_env.hamming_coverage]:   cg_hamming_encoding.width_cov: 1/5 bins hit (20.00%)\n   440.00ns INFO     ..ming_encoder/tb/coverage.py(527) [uvm_test_top.hamming_env.hamming_coverage]:   cg_hamming_encoding.width_x_secded: 1/10 bins hit (10.00%)\n   440.00ns INFO     ..ming_encoder/tb/coverage.py(533) [uvm_test_top.hamming_env.hamming_coverage]: HammingCoverage aggregate: 15/36 bins hit (41.67%)\n   440.00ns INFO     ..ming_encoder/tb/coverage.py(548) [uvm_test_top.hamming_env.hamming_coverage]: HammingCoverage aggregate exported to hamming_encoder_coverage_aggregate.yml\n   440.00ns INFO     ../hamming_encoder/tb/test.py(220) [uvm_test_top]: HammingExecution ledger exported to hamming_encoder_execution_HammingCornerTest_d4_s0.yml\n   440.00ns INFO     ../hamming_encoder/tb/test.py(320) [uvm_test_top]: HammingExecution aggregate exported to hamming_encoder_execution_aggregate.yml: total=10 executed=7 skipped=3\n   440.00ns INFO     ../hamming_encoder/tb/test.py(500) [uvm_test_top]: TEST PASSED: 13 items checked, 0 mismatches, 13 passed, 0 reset(s) observed (DATA_WIDTH=4, SECDED=0)\n   440.00ns WARNING  py.warnings                        /workspace/generated/designs/hamming_encoder/tb/env.py:116: DeprecationWarning: `task.kill()` is deprecated in favor of `task.cancel()`\n                                                          task.kill()\n   440.00ns INFO     cocotb.hamming_encoder             hamming_tb_top: test 'HammingCornerTest' completed\n   440.00ns INFO     cocotb.regression                  test_top.hamming_tb_top passed\n   440.00ns INFO     cocotb.regression                  **************************************************************************************\n                                                        ** TEST                          STATUS  SIM TIME (ns)  REAL TIME (s)  RATIO (ns/s) **\n                                                        **************************************************************************************\n                                                        ** test_top.hamming_tb_top        PASS         440.00           0.07       6351.62  **\n                                                        **************************************************************************************\n                                                        ** TESTS=1 PASS=1 FAIL=0 SKIP=0                440.00           0.07       6336.46  **\n                                                        **************************************************************************************\n- :0: Verilog $finish\n",
        "command": [
          "timeout",
          "--signal=TERM",
          "--kill-after=5",
          "60",
          "make",
          "-f",
          "/workspace/generated/designs/hamming_encoder/tb/.chia_sim/Makefile",
          "SIM=verilator",
          "TOPLEVEL_LANG=verilog",
          "TOPLEVEL=hamming_encoder",
          "COCOTB_TOPLEVEL=hamming_encoder",
          "MODULE=test_top",
          "COCOTB_TEST_MODULES=test_top",
          "VERILOG_SOURCES=/workspace/benchmarks/hamming_encoder/hamming_encoder.sv",
          "SIM_BUILD=/workspace/generated/designs/hamming_encoder/tb/.chia_sim/build/2363f1a59612",
          "COCOTB_RESULTS_FILE=/workspace/generated/designs/hamming_encoder/tb/.chia_sim/HammingCornerTest.xml",
          "COCOTB_HDL_TIMEUNIT=1ns",
          "COCOTB_HDL_TIMEPRECISION=1ps",
          "BUILD_ARGS=-j 4"
        ],
        "test_name": "HammingCornerTest",
        "test_module": "test_top",
        "results_file": "/workspace/generated/designs/hamming_encoder/tb/.chia_sim/HammingCornerTest.xml",
        "results_file_exists": true
      },
      "HammingRandomizedTest": {
        "status": "pass",
        "category": "pass",
        "timed_out": false,
        "watchdog_expired": false,
        "returncode": 0,
        "counts": {
          "uvm_errors": 0,
          "uvm_fatals": 0,
          "uvm_warnings": 0,
          "scoreboard_mismatches": 0,
          "assertion_failures": 0
        },
        "clean_exit": true,
        "log": "       /workspace/generated/designs/hamming_encoder/tb/dut_helper.py:221: DeprecationWarning: `logic_array.binstr` getter is deprecated. Use `str(logic_array)` instead.\n                                                          if hasattr(pin_value, \"binstr\"):\n    11.00ns WARNING  py.warnings                        /workspace/generated/designs/hamming_encoder/tb/dut_helper.py:222: DeprecationWarning: `logic_array.binstr` getter is deprecated. Use `str(logic_array)` instead.\n                                                          s = pin_value.binstr or \"\"\n    11.00ns WARNING  py.warnings                        /workspace/generated/designs/hamming_encoder/tb/dut_helper.py:186: DeprecationWarning: `logic_array.binstr` getter is deprecated. Use `str(logic_array)` instead.\n                                                          if hasattr(pin_value, \"binstr\"):\n 20080.00ns INFO     ..mming_encoder/tb/monitor.py(198) [uvm_test_top.hamming_env.hamming_agent.monitor]: monitor: observed and published 1000 transaction(s)\n 20080.00ns INFO     ..ng_encoder/tb/scoreboard.py(352) [uvm_test_top.hamming_env.hamming_scoreboard]: HammingScoreboard report: 1000 items checked, 1000 passed, 0 mismatches, 1 reset(s) observed\n 20080.00ns INFO     ..ng_encoder/tb/scoreboard.py(362) [uvm_test_top.hamming_env.hamming_scoreboard]: HammingScoreboard config (DATA_WIDTH=4, SECDED=0): 1000 checked, 1000 passed, 0 mismatches\n 20080.00ns INFO     ..ming_encoder/tb/coverage.py(370) [uvm_test_top.hamming_env.hamming_coverage]: HammingCoverage report: 1000 items sampled\n 20080.00ns INFO     ../cocotb_coverage/coverage.py(94) [uvm_test_top.hamming_env.hamming_coverage]: cg_hamming_encoding : <cocotb_coverage.coverage.CoverItem object at 0x716d6e8d0160>, coverage=15, size=36 \n 20080.00ns INFO     ../cocotb_coverage/coverage.py(94) [uvm_test_top.hamming_env.hamming_coverage]:    cg_hamming_encoding.codeword_cov : <cocotb_coverage.coverage.CoverPoint object at 0x716d6e8d1ea0>, coverage=2, size=4 \n 20080.00ns INFO     ../cocotb_coverage/coverage.py(99) [uvm_test_top.hamming_env.hamming_coverage]:       BIN even_weight : 487\n 20080.00ns INFO     ../cocotb_coverage/coverage.py(99) [uvm_test_top.hamming_env.hamming_coverage]:       BIN odd_weight : 513\n 20080.00ns INFO     ../cocotb_coverage/coverage.py(99) [uvm_test_top.hamming_env.hamming_coverage]:       BIN secded_parity_zero : 0\n 20080.00ns INFO     ../cocotb_coverage/coverage.py(99) [uvm_test_top.hamming_env.hamming_coverage]:       BIN secded_parity_one : 0\n 20080.00ns INFO     ../cocotb_coverage/coverage.py(94) [uvm_test_top.hamming_env.hamming_coverage]:    cg_hamming_encoding.data_in_cov : <cocotb_coverage.coverage.CoverPoint object at 0x716d6e8d1660>, coverage=5, size=5 \n 20080.00ns INFO     ../cocotb_coverage/coverage.py(99) [uvm_test_top.hamming_env.hamming_coverage]:       BIN zero : 108\n 20080.00ns INFO     ../cocotb_coverage/coverage.py(99) [uvm_test_top.hamming_env.hamming_coverage]:       BIN single_bit_set : 265\n 20080.00ns INFO     ../cocotb_coverage/coverage.py(99) [uvm_test_top.hamming_env.hamming_coverage]:       BIN low_space : 495\n 20080.00ns INFO     ../cocotb_coverage/coverage.py(99) [uvm_test_top.hamming_env.hamming_coverage]:       BIN high_space : 505\n 20080.00ns INFO     ../cocotb_coverage/coverage.py(99) [uvm_test_top.hamming_env.hamming_coverage]:       BIN max_value : 103\n 20080.00ns INFO     ../cocotb_coverage/coverage.py(94) [uvm_test_top.hamming_env.hamming_coverage]:    cg_hamming_encoding.data_x_secded : <cocotb_coverage.coverage.CoverCross object at 0x716d6e8d2470>, coverage=5, size=10 \n 20080.00ns INFO     ../cocotb_coverage/coverage.py(99) [uvm_test_top.hamming_env.hamming_coverage]:       BIN ('zero', 'secded_off') : 108\n 20080.00ns INFO     ../cocotb_coverage/coverage.py(99) [uvm_test_top.hamming_env.hamming_coverage]:       BIN ('zero', 'secded_on') : 0\n 20080.00ns INFO     ../cocotb_coverage/coverage.py(99) [uvm_test_top.hamming_env.hamming_coverage]:       BIN ('single_bit_set', 'secded_off') : 265\n 20080.00ns INFO     ../cocotb_coverage/coverage.py(99) [uvm_test_top.hamming_env.hamming_coverage]:       BIN ('single_bit_set', 'secded_on') : 0\n 20080.00ns INFO     ../cocotb_coverage/coverage.py(99) [uvm_test_top.hamming_env.hamming_coverage]:       BIN ('low_space', 'secded_off') : 495\n 20080.00ns INFO     ../cocotb_coverage/coverage.py(99) [uvm_test_top.hamming_env.hamming_coverage]:       BIN ('low_space', 'secded_on') : 0\n 20080.00ns INFO     ../cocotb_coverage/coverage.py(99) [uvm_test_top.hamming_env.hamming_coverage]:       BIN ('high_space', 'secded_off') : 505\n 20080.00ns INFO     ../cocotb_coverage/coverage.py(99) [uvm_test_top.hamming_env.hamming_coverage]:       BIN ('high_space', 'secded_on') : 0\n 20080.00ns INFO     ../cocotb_coverage/coverage.py(99) [uvm_test_top.hamming_env.hamming_coverage]:       BIN ('max_value', 'secded_off') : 103\n 20080.00ns INFO     ../cocotb_coverage/coverage.py(99) [uvm_test_top.hamming_env.hamming_coverage]:       BIN ('max_value', 'secded_on') : 0\n 20080.00ns INFO     ../cocotb_coverage/coverage.py(94) [uvm_test_top.hamming_env.hamming_coverage]:    cg_hamming_encoding.secded_cov : <cocotb_coverage.coverage.CoverPoint object at 0x716d6e8d3ca0>, coverage=1, size=2 \n 20080.00ns INFO     ../cocotb_coverage/coverage.py(99) [uvm_test_top.hamming_env.hamming_coverage]:       BIN secded_off : 1000\n 20080.00ns INFO     ../cocotb_coverage/coverage.py(99) [uvm_test_top.hamming_env.hamming_coverage]:       BIN secded_on : 0\n 20080.00ns INFO     ../cocotb_coverage/coverage.py(94) [uvm_test_top.hamming_env.hamming_coverage]:    cg_hamming_encoding.width_cov : <cocotb_coverage.coverage.CoverPoint object at 0x716d6e8d0b50>, coverage=1, size=5 \n 20080.00ns INFO     ../cocotb_coverage/coverage.py(99) [uvm_test_top.hamming_env.hamming_coverage]:       BIN width_1 : 0\n 20080.00ns INFO     ../cocotb_coverage/coverage.py(99) [uvm_test_top.hamming_env.hamming_coverage]:       BIN width_4 : 1000\n 20080.00ns INFO     ../cocotb_coverage/coverage.py(99) [uvm_test_top.hamming_env.hamming_coverage]:       BIN width_8 : 0\n 20080.00ns INFO     ../cocotb_coverage/coverage.py(99) [uvm_test_top.hamming_env.hamming_coverage]:       BIN width_11 : 0\n 20080.00ns INFO     ../cocotb_coverage/coverage.py(99) [uvm_test_top.hamming_env.hamming_coverage]:       BIN width_16 : 0\n 20080.00ns INFO     ../cocotb_coverage/coverage.py(94) [uvm_test_top.hamming_env.hamming_coverage]:    cg_hamming_encoding.width_x_secded : <cocotb_coverage.coverage.CoverCross object at 0x716d6e8d2c80>, coverage=1, size=10 \n 20080.00ns INFO     ../cocotb_coverage/coverage.py(99) [uvm_test_top.hamming_env.hamming_coverage]:       BIN ('width_1', 'secded_off') : 0\n 20080.00ns INFO     ../cocotb_coverage/coverage.py(99) [uvm_test_top.hamming_env.hamming_coverage]:       BIN ('width_1', 'secded_on') : 0\n 20080.00ns INFO     ../cocotb_coverage/coverage.py(99) [uvm_test_top.hamming_env.hamming_coverage]:       BIN ('width_4', 'secded_off') : 1000\n 20080.00ns INFO     ../cocotb_coverage/coverage.py(99) [uvm_test_top.hamming_env.hamming_coverage]:       BIN ('width_4', 'secded_on') : 0\n 20080.00ns INFO     ../cocotb_coverage/coverage.py(99) [uvm_test_top.hamming_env.hamming_coverage]:       BIN ('width_8', 'secded_off') : 0\n 20080.00ns INFO     ../cocotb_coverage/coverage.py(99) [uvm_test_top.hamming_env.hamming_coverage]:       BIN ('width_8', 'secded_on') : 0\n 20080.00ns INFO     ../cocotb_coverage/coverage.py(99) [uvm_test_top.hamming_env.hamming_coverage]:       BIN ('width_11', 'secded_off') : 0\n 20080.00ns INFO     ../cocotb_coverage/coverage.py(99) [uvm_test_top.hamming_env.hamming_coverage]:       BIN ('width_11', 'secded_on') : 0\n 20080.00ns INFO     ../cocotb_coverage/coverage.py(99) [uvm_test_top.hamming_env.hamming_coverage]:       BIN ('width_16', 'secded_off') : 0\n 20080.00ns INFO     ../cocotb_coverage/coverage.py(99) [uvm_test_top.hamming_env.hamming_coverage]:       BIN ('width_16', 'secded_on') : 0\n 20080.00ns INFO     ..ming_encoder/tb/coverage.py(388) [uvm_test_top.hamming_env.hamming_coverage]: HammingCoverage exported to hamming_encoder_coverage_HammingRandomizedTest.yml / hamming_encoder_coverage_HammingRandomizedTest.xml\n 20080.00ns INFO     ..ming_encoder/tb/coverage.py(409) [uvm_test_top.hamming_env.hamming_coverage]: HammingCoverage test coverage: HammingRandomizedTest 15/36 bins hit (41.67%)\n 20080.00ns INFO     ..ming_encoder/tb/coverage.py(515) [uvm_test_top.hamming_env.hamming_coverage]: HammingCoverage aggregate merge from 10 per-test file(s):\n 20080.00ns INFO     ..ming_encoder/tb/coverage.py(527) [uvm_test_top.hamming_env.hamming_coverage]:   cg_hamming_encoding.codeword_cov: 2/4 bins hit (50.00%)\n 20080.00ns INFO     ..ming_encoder/tb/coverage.py(527) [uvm_test_top.hamming_env.hamming_coverage]:   cg_hamming_encoding.data_in_cov: 5/5 bins hit (100.00%)\n 20080.00ns INFO     ..ming_encoder/tb/coverage.py(527) [uvm_test_top.hamming_env.hamming_coverage]:   cg_hamming_encoding.data_x_secded: 5/10 bins hit (50.00%)\n 20080.00ns INFO     ..ming_encoder/tb/coverage.py(527) [uvm_test_top.hamming_env.hamming_coverage]:   cg_hamming_encoding.secded_cov: 1/2 bins hit (50.00%)\n 20080.00ns INFO     ..ming_encoder/tb/coverage.py(527) [uvm_test_top.hamming_env.hamming_coverage]:   cg_hamming_encoding.width_cov: 1/5 bins hit (20.00%)\n 20080.00ns INFO     ..ming_encoder/tb/coverage.py(527) [uvm_test_top.hamming_env.hamming_coverage]:   cg_hamming_encoding.width_x_secded: 1/10 bins hit (10.00%)\n 20080.00ns INFO     ..ming_encoder/tb/coverage.py(533) [uvm_test_top.hamming_env.hamming_coverage]: HammingCoverage aggregate: 15/36 bins hit (41.67%)\n 20080.00ns INFO     ..ming_encoder/tb/coverage.py(548) [uvm_test_top.hamming_env.hamming_coverage]: HammingCoverage aggregate exported to hamming_encoder_coverage_aggregate.yml\n 20080.00ns INFO     ../hamming_encoder/tb/test.py(706) [uvm_test_top]: HammingRandomizedTest used RNG seed 24301 (replay with RANDOM_SEED=24301)\n 20080.00ns INFO     ../hamming_encoder/tb/test.py(220) [uvm_test_top]: HammingExecution ledger exported to hamming_encoder_execution_HammingRandomizedTest_d4_s0.yml\n 20080.00ns INFO     ../hamming_encoder/tb/test.py(320) [uvm_test_top]: HammingExecution aggregate exported to hamming_encoder_execution_aggregate.yml: total=10 executed=7 skipped=3\n 20080.00ns INFO     ../hamming_encoder/tb/test.py(500) [uvm_test_top]: TEST PASSED: 1000 items checked, 0 mismatches, 1000 passed, 1 reset(s) observed (DATA_WIDTH=4, SECDED=0)\n 20080.00ns WARNING  py.warnings                        /workspace/generated/designs/hamming_encoder/tb/env.py:116: DeprecationWarning: `task.kill()` is deprecated in favor of `task.cancel()`\n                                                          task.kill()\n 20080.00ns INFO     cocotb.hamming_encoder             hamming_tb_top: test 'HammingRandomizedTest' completed\n 20080.00ns INFO     cocotb.regression                  test_top.hamming_tb_top passed\n 20080.00ns INFO     cocotb.regression                  **************************************************************************************\n                                                        ** TEST                          STATUS  SIM TIME (ns)  REAL TIME (s)  RATIO (ns/s) **\n                                                        **************************************************************************************\n                                                        ** test_top.hamming_tb_top        PASS       20080.00           0.34      59418.04  **\n                                                        **************************************************************************************\n                                                        ** TESTS=1 PASS=1 FAIL=0 SKIP=0              20080.00           0.34      59385.83  **\n                                                        **************************************************************************************\n- :0: Verilog $finish\n",
        "command": [
          "timeout",
          "--signal=TERM",
          "--kill-after=5",
          "60",
          "make",
          "-f",
          "/workspace/generated/designs/hamming_encoder/tb/.chia_sim/Makefile",
          "SIM=verilator",
          "TOPLEVEL_LANG=verilog",
          "TOPLEVEL=hamming_encoder",
          "COCOTB_TOPLEVEL=hamming_encoder",
          "MODULE=test_top",
          "COCOTB_TEST_MODULES=test_top",
          "VERILOG_SOURCES=/workspace/benchmarks/hamming_encoder/hamming_encoder.sv",
          "SIM_BUILD=/workspace/generated/designs/hamming_encoder/tb/.chia_sim/build/2363f1a59612",
          "COCOTB_RESULTS_FILE=/workspace/generated/designs/hamming_encoder/tb/.chia_sim/HammingRandomizedTest.xml",
          "COCOTB_HDL_TIMEUNIT=1ns",
          "COCOTB_HDL_TIMEPRECISION=1ps",
          "BUILD_ARGS=-j 4"
        ],
        "test_name": "HammingRandomizedTest",
        "test_module": "test_top",
        "results_file": "/workspace/generated/designs/hamming_encoder/tb/.chia_sim/HammingRandomizedTest.xml",
        "results_file_exists": true
      }
    },
    "manifest": {
      "top_module": "hamming_encoder",
      "top_file": "benchmarks/hamming_encoder/hamming_encoder.sv",
      "compile_files": [
        "benchmarks/hamming_encoder/hamming_encoder.sv"
      ],
      "test_classes": [
        "HammingTC1Test",
        "HammingTC2Test",
        "HammingTC3Test",
        "HammingTC4Test",
        "HammingTC5Test",
        "HammingTC6Test",
        "HammingTC7Test",
        "HammingTC8Test",
        "HammingCornerTest",
        "HammingRandomizedTest"
      ],
      "python_test_module": "test_top",
      "scenarios": [
        {
          "id": "TC1",
          "name": "reset_and_zero_initial_state",
          "sequence": "ResetAndZeroInitialStateSeq",
          "test": "HammingTC1Test"
        },
        {
          "id": "TC2",
          "name": "spec_example_hamming_74",
          "sequence": "SpecExampleHamming74Seq",
          "test": "HammingTC2Test"
        },
        {
          "id": "TC3",
          "name": "spec_example_hamming_84_secded",
          "sequence": "SpecExampleHamming84SECDEDSeq",
          "test": "HammingTC3Test"
        },
        {
          "id": "TC4",
          "name": "exhaustive_sweep_hamming_74",
          "sequence": "ExhaustiveSweepHamming74Seq",
          "test": "HammingTC4Test"
        },
        {
          "id": "TC5",
          "name": "exhaustive_sweep_hamming_128",
          "sequence": "ExhaustiveSweepHamming128Seq",
          "test": "HammingTC5Test"
        },
        {
          "id": "TC6",
          "name": "single_bit_walk",
          "sequence": "SingleBitWalkSeq",
          "test": "HammingTC6Test"
        },
        {
          "id": "TC7",
          "name": "parameterized_width_configurations",
          "sequence": "ParameterizedWidthConfigurationsSeq",
          "test": "HammingTC7Test"
        },
        {
          "id": "TC8",
          "name": "alternating_and_boundary_patterns",
          "sequence": "AlternatingAndBoundaryPatternsSeq",
          "test": "HammingTC8Test"
        }
      ]
    },
    "top_module": "hamming_encoder",
    "top_file": "/workspace/benchmarks/hamming_encoder/hamming_encoder.sv",
    "compile_files": [
      "/workspace/benchmarks/hamming_encoder/hamming_encoder.sv"
    ],
    "simulation_rtl_authoritative": "/workspace/benchmarks/hamming_encoder/hamming_encoder.sv",
    "test_classes": [
      "HammingTC1Test",
      "HammingTC2Test",
      "HammingTC3Test",
      "HammingTC4Test",
      "HammingTC5Test",
      "HammingTC6Test",
      "HammingTC7Test",
      "HammingTC8Test",
      "HammingCornerTest",
      "HammingRandomizedTest"
    ],
    "cocotb": {
      "makefiles": "/home/ray/anaconda3/lib/python3.10/site-packages/cocotb_tools/makefiles",
      "makefile": "/workspace/generated/designs/hamming_encoder/tb/.chia_sim/Makefile",
      "test_module": "test_top"
    },
    "compatibility_findings": []
  }
}

✓ Generated cocotb+pyuvm environment passed simulation.

✓ Verification-improvement loop already completed.
------------------------------------------------------------------------------
run14 exit status: 0
Time: 2026-09-15T08:53:23+05:30
Status: CLEAN EXIT
Supervisor: stopping.
------------------------------------------------------------------------------

