==============================================================================
Starting run14
Time          : 2026-09-13T03:25:08+05:30
Project       : /home/auralab/nwark/chia_sept7_for_multi_rtl_with_multi_llm/for_multiple_rtl_updation_generalized
Design config : pipeline/designs/i2c_benchmark.yaml
Design        : i2c_benchmark
Max iterations: 25
Run log       : /home/auralab/nwark/chia_sept7_for_multi_rtl_with_multi_llm/for_multiple_rtl_updation_generalized/generated/designs/i2c_benchmark/results/verification_improvement/logs/run_20260913_032508.log
==============================================================================

=========================================================
 CHIA verification run: i2c_benchmark
=========================================================
  RTL:          benchmarks/i2c_benchmark/i2c_master.sv
  Specification:benchmarks/i2c_benchmark/i2c_spec.md
  Reference:    benchmarks/i2c_benchmark/i2c_reference_model.py
  Generated TB: generated/designs/i2c_benchmark/tb
  Plan:         generated/designs/i2c_benchmark/plans/verification_plan.yaml
2026-09-13 03:25:08,822	INFO worker.py:1810 -- Connecting to existing Ray cluster at address: 172.16.36.107:6379...
2026-09-13 03:25:08,846	INFO worker.py:2004 -- Connected to Ray cluster. View the dashboard at [1m[32m127.0.0.1:8265 [39m[22m
/home/auralab/miniconda3/envs/chia_env/lib/python3.10/site-packages/ray/_private/worker.py:2052: FutureWarning: Tip: In future versions of Ray, Ray will no longer override accelerator visible devices env var if num_gpus=0 or num_gpus=None (default). To enable this behavior and turn off this error message, set RAY_ACCEL_ENV_VAR_OVERRIDE_ON_ZERO=0
  warnings.warn(

✓ Found existing verification plan and rtl_info.json — skipping extraction, generation, and review.
  Plan:     /home/auralab/nwark/chia_sept7_for_multi_rtl_with_multi_llm/for_multiple_rtl_updation_generalized/generated/designs/i2c_benchmark/plans/verification_plan.yaml
  RTL info: /home/auralab/nwark/chia_sept7_for_multi_rtl_with_multi_llm/for_multiple_rtl_updation_generalized/generated/designs/i2c_benchmark/rtl/rtl_info.json
/home/auralab/miniconda3/envs/chia_env/lib/python3.10/site-packages/pydantic_settings/sources/utils.py:47: IncompleteFieldDefinitionWarning: Field 'lifespan' has an incomplete definition: its annotation contains an unresolved forward reference, so settings sources may fail to correctly resolve its value. Call `model_rebuild()` on the model where the field is defined, once all the referenced types are defined.
  warnings.warn(
[36m(_ToolServerActor pid=153052)[0m INFO:     Started server process [153052]
[36m(_ToolServerActor pid=153052)[0m INFO:     Waiting for application startup.
[36m(_ToolServerActor pid=153052)[0m INFO:     Application startup complete.
[36m(_ToolServerActor pid=153052)[0m INFO:     Uvicorn running on http://172.16.36.107:8000 (Press CTRL+C to quit)
verification_workspace started at 172.16.36.107:8000 on node 1fedb3fbbf570d39d0f970e92b62672c209b7d902d0da56b60e9f6e1
OpenCodeLLM is experimental: only exercised by unit tests so far, not validated in production.

[4/4] Generating cocotb+pyuvm environment (staged)...

✓ Skipping UVM sub-stage 'contract': checkpoint found (/home/auralab/nwark/chia_sept7_for_multi_rtl_with_multi_llm/for_multiple_rtl_updation_generalized/generated/designs/i2c_benchmark/checkpoints/uvm_contract.done), already completed in a previous run.

✓ Skipping UVM sub-stage 'stimulus': checkpoint found (/home/auralab/nwark/chia_sept7_for_multi_rtl_with_multi_llm/for_multiple_rtl_updation_generalized/generated/designs/i2c_benchmark/checkpoints/uvm_stimulus.done), already completed in a previous run.

✓ Skipping UVM sub-stage 'observation': checkpoint found (/home/auralab/nwark/chia_sept7_for_multi_rtl_with_multi_llm/for_multiple_rtl_updation_generalized/generated/designs/i2c_benchmark/checkpoints/uvm_observation.done), already completed in a previous run.

✓ Skipping UVM sub-stage 'scoreboard': checkpoint found (/home/auralab/nwark/chia_sept7_for_multi_rtl_with_multi_llm/for_multiple_rtl_updation_generalized/generated/designs/i2c_benchmark/checkpoints/uvm_scoreboard.done), already completed in a previous run.

✓ Skipping UVM sub-stage 'coverage_assertions': checkpoint found (/home/auralab/nwark/chia_sept7_for_multi_rtl_with_multi_llm/for_multiple_rtl_updation_generalized/generated/designs/i2c_benchmark/checkpoints/uvm_coverage_assertions.done), already completed in a previous run.

✓ Skipping UVM sub-stage 'integration': checkpoint found (/home/auralab/nwark/chia_sept7_for_multi_rtl_with_multi_llm/for_multiple_rtl_updation_generalized/generated/designs/i2c_benchmark/checkpoints/uvm_integration.done), already completed in a previous run.

✓ cocotb+pyuvm environment generated directly under /workspace/generated/designs/i2c_benchmark/tb.
✓ Directed scenario IDs validated against the accepted plan.
[36m(_ToolServerActor pid=153052)[0m INFO:     Shutting down

[5/5] Validating generated cocotb+pyuvm environment...
✓ Generated TB passed deterministic pre-simulation validation.
[36m(_ToolServerActor pid=153052)[0m INFO:     Waiting for application shutdown.
[36m(_ToolServerActor pid=153052)[0m INFO:     Application shutdown complete.
[36m(_ToolServerActor pid=153052)[0m INFO:     Finished server process [153052]

===== TB SIMULATION ANALYSIS =====
{
  "verdict": "generation_bug",
  "detail": {
    "status": "functional_failure",
    "tests": {
      "I2C01ResetBehaviorTest": {
        "status": "runtime_error",
        "category": "runtime_error",
        "timed_out": false,
        "watchdog_expired": false,
        "returncode": 2,
        "counts": {
          "uvm_errors": 0,
          "uvm_fatals": 0,
          "uvm_warnings": 0,
          "scoreboard_mismatches": 0,
          "assertion_failures": 0
        },
        "clean_exit": false,
        "log": "rm -f /workspace/generated/designs/i2c_benchmark/tb/.chia_sim/I2C01ResetBehaviorTest.xml\nrm -f /workspace/generated/designs/i2c_benchmark/tb/.chia_sim/I2C01ResetBehaviorTest.xml\nCOCOTB_TEST_MODULES=test_top COCOTB_TESTCASE=  COCOTB_TOPLEVEL=i2c_master TOPLEVEL_LANG=verilog       \\\n         /workspace/generated/designs/i2c_benchmark/tb/.chia_sim/build/c91bda1899ea/Vtop     \n     -.--ns INFO     gpi                                ../gpi/GpiCommon.cpp:242  in gpi_load_users                  Loaded entry library: '/home/ray/anaconda3/lib/libpython3.10.so.1.0'\n     -.--ns INFO     gpi                                ../gpi/GpiCommon.cpp:233  in gpi_load_users                  Running entry func 'initialize' from loaded library '/home/ray/anaconda3/lib/python3.10/site-packages/cocotb/simulator.cpython-310-x86_64-linux-gnu.so'\n     -.--ns INFO     pygpi                              ..ib/pygpi/embed.cpp:114  in initialize                      Using Python 3.10.19 interpreter at /home/ray/anaconda3/bin/python3\n     -.--ns INFO     gpi                                ../gpi/GpiCommon.cpp:74   in gpi_print_registered_impl       GPI: VPI support registered\n     0.00ns INFO     cocotb.initialize                  Seeding Python random module with 1789250110\n     0.00ns INFO     cocotb.initialize                  Initialized cocotb v2.1.0 from /home/ray/anaconda3/lib/python3.10/site-packages/cocotb\n     0.00ns INFO     cocotb.initialize                  Running on Verilator version 5.042 2025-11-02\n     0.00ns INFO     cocotb.regression                  Running tests\n     0.00ns INFO     cocotb.regression                  running test_top.i2c_master_tb (1/1)\n                                                            Single cocotb entry point \u2014 mirrors SV UVM's ``+UVM_TESTNAME`` flow.\n     0.00ns INFO     cocotb.i2c_master                  i2c_master_tb: UVM_TESTNAME=I2C01ResetBehaviorTest clk_period_ns=10 watchdog_cycles=300000\n     0.00ns WARNING  py.warnings                        /workspace/generated/designs/i2c_benchmark/tb/test_top.py:87: DeprecationWarning: The 'units' argument has been renamed to 'unit'.\n                                                          cocotb.start_soon(Clock(dut.clk, clock_period_ns, units=\"ns\").start())\n    40.00ns INFO     ..ns/i2c_benchmark/tb/test.py(108) [uvm_test_top]: uvm_test_top: I2CEnv created\n    40.00ns INFO     ..igns/i2c_benchmark/tb/env.py(80) [uvm_test_top.i2c_env]: i2c_env: I2CAgent, I2CScoreboard, I2CCoverage built; 6 assertion checkers launched\n    40.00ns INFO     ..igns/i2c_benchmark/tb/env.py(90) [uvm_test_top.i2c_env]: i2c_env: agent.analysis_port -> scoreboard.analysis_export and coverage.analysis_export\n    40.00ns INFO     .._benchmark/tb/scoreboard.py(134) [uvm_test_top.i2c_env.i2c_scoreboard]: i2c_scoreboard: rst_n asserted -> reference model memory cleared (1 so far)\n   130.00ns WARNING  py.warnings                        /workspace/generated/designs/i2c_benchmark/tb/dut_helper.py:108: DeprecationWarning: `logic_array.binstr` getter is deprecated. Use `str(logic_array)` instead.\n                                                          if hasattr(pin_value, \"binstr\"):\n   130.00ns WARNING  tb.assertions                      [assertion scl_sda_released_in_idle] WARNING: scl actively driven low ('0') while busy==0 (open-drain line must be released)\n   130.00ns WARNING  tb.assertions                      [assertion scl_sda_released_in_idle] WARNING: sda actively driven low ('0') while busy==0 (open-drain line must be released)\n   140.00ns WARNING  tb.assertions                      [assertion scl_sda_released_in_idle] WARNING: scl actively driven low ('0') while busy==0 (open-drain line must be released)\n   140.00ns WARNING  tb.assertions                      [assertion scl_sda_released_in_idle] WARNING: sda actively driven low ('0') while busy==0 (open-drain line must be released)\n   140.00ns WARNING  py.warnings                        /workspace/generated/designs/i2c_benchmark/tb/test_top.py:126: DeprecationWarning: `task.kill()` is deprecated in favor of `task.cancel()`\n                                                          watchdog_task.kill()\n   140.00ns WARNING  cocotb.regression                  test_top.i2c_master_tb failed\n                                                        Traceback (most recent call last):\n                                                          File \"/workspace/generated/designs/i2c_benchmark/tb/test.py\", line 121, in run_phase\n                                                            await self._run_scenario()\n                                                          File \"/workspace/generated/designs/i2c_benchmark/tb/test.py\", line 136, in _run_scenario\n                                                            await self._run_single_sequence(self.SEQUENCE_CLASS)\n                                                          File \"/workspace/generated/designs/i2c_benchmark/tb/test.py\", line 142, in _run_single_sequence\n                                                            await seq.start(self.env.agent.sequencer)\n                                                          File \"/home/ray/anaconda3/lib/python3.10/site-packages/pyuvm/_s14_15_python_sequences.py\", line 474, in start\n                                                            await self.body()\n                                                          File \"/workspace/generated/designs/i2c_benchmark/tb/sequences.py\", line 289, in body\n                                                            self._check_bus_idle(where=\"after reset\")\n                                                          File \"/workspace/generated/designs/i2c_benchmark/tb/sequences.py\", line 259, in _check_bus_idle\n                                                            raise AssertionError(\n                                                        AssertionError: i2c_01_reset_behavior: bus not idle after reset: scl='0' sda='0'\n   140.00ns INFO     cocotb.regression                  **************************************************************************************\n                                                        ** TEST                          STATUS  SIM TIME (ns)  REAL TIME (s)  RATIO (ns/s) **\n                                                        **************************************************************************************\n                                                        ** test_top.i2c_master_tb         FAIL         140.00           0.01      13106.06  **\n                                                        **************************************************************************************\n                                                        ** TESTS=1 PASS=0 FAIL=1 SKIP=0                140.00           0.01      12635.95  **\n                                                        **************************************************************************************\n- :0: Verilog $finish\nmake: *** [/home/ray/anaconda3/lib/python3.10/site-packages/cocotb_tools/makefiles/simulators/Makefile.verilator:74: /workspace/generated/designs/i2c_benchmark/tb/.chia_sim/I2C01ResetBehaviorTest.xml] Error 1\n",
        "command": [
          "timeout",
          "--signal=TERM",
          "--kill-after=5",
          "60",
          "make",
          "-f",
          "/workspace/generated/designs/i2c_benchmark/tb/.chia_sim/Makefile",
          "SIM=verilator",
          "TOPLEVEL_LANG=verilog",
          "TOPLEVEL=i2c_master",
          "COCOTB_TOPLEVEL=i2c_master",
          "MODULE=test_top",
          "COCOTB_TEST_MODULES=test_top",
          "VERILOG_SOURCES=/workspace/benchmarks/i2c_benchmark/i2c_master.sv",
          "SIM_BUILD=/workspace/generated/designs/i2c_benchmark/tb/.chia_sim/build/c91bda1899ea",
          "COCOTB_RESULTS_FILE=/workspace/generated/designs/i2c_benchmark/tb/.chia_sim/I2C01ResetBehaviorTest.xml",
          "COCOTB_HDL_TIMEUNIT=1ns",
          "COCOTB_HDL_TIMEPRECISION=1ps",
          "BUILD_ARGS=-j 4"
        ],
        "test_name": "I2C01ResetBehaviorTest",
        "test_module": "test_top",
        "results_file": "/workspace/generated/designs/i2c_benchmark/tb/.chia_sim/I2C01ResetBehaviorTest.xml",
        "results_file_exists": true
      },
      "I2C02WriteThenReadBackTest": {
        "status": "runtime_error",
        "category": "runtime_error",
        "timed_out": false,
        "watchdog_expired": false,
        "returncode": 2,
        "counts": {
          "uvm_errors": 0,
          "uvm_fatals": 0,
          "uvm_warnings": 0,
          "scoreboard_mismatches": 1,
          "assertion_failures": 0
        },
        "clean_exit": false,
        "log": "rm -f /workspace/generated/designs/i2c_benchmark/tb/.chia_sim/I2C02WriteThenReadBackTest.xml\nrm -f /workspace/generated/designs/i2c_benchmark/tb/.chia_sim/I2C02WriteThenReadBackTest.xml\nCOCOTB_TEST_MODULES=test_top COCOTB_TESTCASE=  COCOTB_TOPLEVEL=i2c_master TOPLEVEL_LANG=verilog       \\\n         /workspace/generated/designs/i2c_benchmark/tb/.chia_sim/build/c91bda1899ea/Vtop     \n     -.--ns INFO     gpi                                ../gpi/GpiCommon.cpp:242  in gpi_load_users                  Loaded entry library: '/home/ray/anaconda3/lib/libpython3.10.so.1.0'\n     -.--ns INFO     gpi                                ../gpi/GpiCommon.cpp:233  in gpi_load_users                  Running entry func 'initialize' from loaded library '/home/ray/anaconda3/lib/python3.10/site-packages/cocotb/simulator.cpython-310-x86_64-linux-gnu.so'\n     -.--ns INFO     pygpi                              ..ib/pygpi/embed.cpp:114  in initialize                      Using Python 3.10.19 interpreter at /home/ray/anaconda3/bin/python3\n     -.--ns INFO     gpi                                ../gpi/GpiCommon.cpp:74   in gpi_print_registered_impl       GPI: VPI support registered\n     0.00ns INFO     cocotb.initialize                  Seeding Python random module with 1789250111\n     0.00ns INFO     cocotb.initialize                  Initialized cocotb v2.1.0 from /home/ray/anaconda3/lib/python3.10/site-packages/cocotb\n     0.00ns INFO     cocotb.initialize                  Running on Verilator version 5.042 2025-11-02\n     0.00ns INFO     cocotb.regression                  Running tests\n     0.00ns INFO     cocotb.regression                  running test_top.i2c_master_tb (1/1)\n                                                            Single cocotb entry point \u2014 mirrors SV UVM's ``+UVM_TESTNAME`` flow.\n     0.00ns INFO     cocotb.i2c_master                  i2c_master_tb: UVM_TESTNAME=I2C02WriteThenReadBackTest clk_period_ns=10 watchdog_cycles=300000\n     0.00ns WARNING  py.warnings                        /workspace/generated/designs/i2c_benchmark/tb/test_top.py:87: DeprecationWarning: The 'units' argument has been renamed to 'unit'.\n                                                          cocotb.start_soon(Clock(dut.clk, clock_period_ns, units=\"ns\").start())\n    40.00ns INFO     ..ns/i2c_benchmark/tb/test.py(108) [uvm_test_top]: uvm_test_top: I2CEnv created\n    40.00ns INFO     ..igns/i2c_benchmark/tb/env.py(80) [uvm_test_top.i2c_env]: i2c_env: I2CAgent, I2CScoreboard, I2CCoverage built; 6 assertion checkers launched\n    40.00ns INFO     ..igns/i2c_benchmark/tb/env.py(90) [uvm_test_top.i2c_env]: i2c_env: agent.analysis_port -> scoreboard.analysis_export and coverage.analysis_export\n    40.00ns INFO     .._benchmark/tb/scoreboard.py(134) [uvm_test_top.i2c_env.i2c_scoreboard]: i2c_scoreboard: rst_n asserted -> reference model memory cleared (1 so far)\n   130.00ns WARNING  py.warnings                        /workspace/generated/designs/i2c_benchmark/tb/dut_helper.py:108: DeprecationWarning: `logic_array.binstr` getter is deprecated. Use `str(logic_array)` instead.\n                                                          if hasattr(pin_value, \"binstr\"):\n   130.00ns WARNING  tb.assertions                      [assertion scl_sda_released_in_idle] WARNING: scl actively driven low ('0') while busy==0 (open-drain line must be released)\n   130.00ns WARNING  tb.assertions                      [assertion scl_sda_released_in_idle] WARNING: sda actively driven low ('0') while busy==0 (open-drain line must be released)\n   140.00ns WARNING  tb.assertions                      [assertion scl_sda_released_in_idle] WARNING: scl actively driven low ('0') while busy==0 (open-drain line must be released)\n   140.00ns WARNING  tb.assertions                      [assertion scl_sda_released_in_idle] WARNING: sda actively driven low ('0') while busy==0 (open-drain line must be released)\n   150.00ns WARNING  tb.assertions                      [assertion scl_sda_released_in_idle] WARNING: scl actively driven low ('0') while busy==0 (open-drain line must be released)\n   150.00ns WARNING  tb.assertions                      [assertion scl_sda_released_in_idle] WARNING: sda actively driven low ('0') while busy==0 (open-drain line must be released)\n   200.00ns WARNING  tb.assertions                      [assertion scl_sda_released_in_idle] WARNING: scl actively driven low ('0') while busy==0 (open-drain line must be released)\n   200.00ns WARNING  tb.assertions                      [assertion scl_sda_released_in_idle] WARNING: sda actively driven low ('0') while busy==0 (open-drain line must be released)\n   200.00ns ERROR    .._benchmark/tb/scoreboard.py(188) [uvm_test_top.i2c_env.i2c_scoreboard]: i2c_scoreboard: MISMATCH field=ack_error (item I2CTransaction(start=0, rw=0, slave_addr=0x0000, reg_addr=0x00, write_data=0x00, read_data=0x00, busy=0, done=1, ack_error=0)): expected 0x1, observed 0x0\n   200.00ns WARNING  py.warnings                        /workspace/generated/designs/i2c_benchmark/tb/test_top.py:126: DeprecationWarning: `task.kill()` is deprecated in favor of `task.cancel()`\n                                                          watchdog_task.kill()\n   200.00ns WARNING  cocotb.regression                  test_top.i2c_master_tb failed\n                                                        Traceback (most recent call last):\n                                                          File \"/workspace/generated/designs/i2c_benchmark/tb/monitor.py\", line 125, in run_phase\n                                                            self._publish(stimulus, outputs)\n                                                          File \"/workspace/generated/designs/i2c_benchmark/tb/monitor.py\", line 207, in _publish\n                                                            self.analysis_port.write(item)\n                                                          File \"/home/ray/anaconda3/lib/python3.10/site-packages/pyuvm/_s12_uvm_tlm_interfaces.py\", line 475, in write\n                                                            export.write(datum)\n                                                          File \"/home/ray/anaconda3/lib/python3.10/site-packages/pyuvm/_s12_uvm_tlm_interfaces.py\", line 475, in write\n                                                            export.write(datum)\n                                                          File \"/workspace/generated/designs/i2c_benchmark/tb/scoreboard.py\", line 100, in write\n                                                            self._write_fn(datum)\n                                                          File \"/workspace/generated/designs/i2c_benchmark/tb/scoreboard.py\", line 192, in _on_monitor_item\n                                                            raise AssertionError(\n                                                        AssertionError: i2c_scoreboard: ack_error mismatch: model said 0x1, DUT returned 0x0 (I2CTransaction(start=0, rw=0, slave_addr=0x0000, reg_addr=0x00, write_data=0x00, read_data=0x00, busy=0, done=1, ack_error=0))\n   200.00ns INFO     cocotb.regression                  **************************************************************************************\n                                                        ** TEST                          STATUS  SIM TIME (ns)  REAL TIME (s)  RATIO (ns/s) **\n                                                        **************************************************************************************\n                                                        ** test_top.i2c_master_tb         FAIL         200.00           0.01      18497.36  **\n                                                        **************************************************************************************\n                                                        ** TESTS=1 PASS=0 FAIL=1 SKIP=0                200.00           0.01      17903.11  **\n                                                        **************************************************************************************\n- :0: Verilog $finish\nmake: *** [/home/ray/anaconda3/lib/python3.10/site-packages/cocotb_tools/makefiles/simulators/Makefile.verilator:74: /workspace/generated/designs/i2c_benchmark/tb/.chia_sim/I2C02WriteThenReadBackTest.xml] Error 1\n",
        "command": [
          "timeout",
          "--signal=TERM",
          "--kill-after=5",
          "60",
          "make",
          "-f",
          "/workspace/generated/designs/i2c_benchmark/tb/.chia_sim/Makefile",
          "SIM=verilator",
          "TOPLEVEL_LANG=verilog",
          "TOPLEVEL=i2c_master",
          "COCOTB_TOPLEVEL=i2c_master",
          "MODULE=test_top",
          "COCOTB_TEST_MODULES=test_top",
          "VERILOG_SOURCES=/workspace/benchmarks/i2c_benchmark/i2c_master.sv",
          "SIM_BUILD=/workspace/generated/designs/i2c_benchmark/tb/.chia_sim/build/c91bda1899ea",
          "COCOTB_RESULTS_FILE=/workspace/generated/designs/i2c_benchmark/tb/.chia_sim/I2C02WriteThenReadBackTest.xml",
          "COCOTB_HDL_TIMEUNIT=1ns",
          "COCOTB_HDL_TIMEPRECISION=1ps",
          "BUILD_ARGS=-j 4"
        ],
        "test_name": "I2C02WriteThenReadBackTest",
        "test_module": "test_top",
        "results_file": "/workspace/generated/designs/i2c_benchmark/tb/.chia_sim/I2C02WriteThenReadBackTest.xml",
        "results_file_exists": true
      },
      "I2C03ReadBeforeWriteTest": {
        "status": "runtime_error",
        "category": "runtime_error",
        "timed_out": false,
        "watchdog_expired": false,
        "returncode": 2,
        "counts": {
          "uvm_errors": 0,
          "uvm_fatals": 0,
          "uvm_warnings": 0,
          "scoreboard_mismatches": 1,
          "assertion_failures": 0
        },
        "clean_exit": false,
        "log": "rm -f /workspace/generated/designs/i2c_benchmark/tb/.chia_sim/I2C03ReadBeforeWriteTest.xml\nrm -f /workspace/generated/designs/i2c_benchmark/tb/.chia_sim/I2C03ReadBeforeWriteTest.xml\nCOCOTB_TEST_MODULES=test_top COCOTB_TESTCASE=  COCOTB_TOPLEVEL=i2c_master TOPLEVEL_LANG=verilog       \\\n         /workspace/generated/designs/i2c_benchmark/tb/.chia_sim/build/c91bda1899ea/Vtop     \n     -.--ns INFO     gpi                                ../gpi/GpiCommon.cpp:242  in gpi_load_users                  Loaded entry library: '/home/ray/anaconda3/lib/libpython3.10.so.1.0'\n     -.--ns INFO     gpi                                ../gpi/GpiCommon.cpp:233  in gpi_load_users                  Running entry func 'initialize' from loaded library '/home/ray/anaconda3/lib/python3.10/site-packages/cocotb/simulator.cpython-310-x86_64-linux-gnu.so'\n     -.--ns INFO     pygpi                              ..ib/pygpi/embed.cpp:114  in initialize                      Using Python 3.10.19 interpreter at /home/ray/anaconda3/bin/python3\n     -.--ns INFO     gpi                                ../gpi/GpiCommon.cpp:74   in gpi_print_registered_impl       GPI: VPI support registered\n     0.00ns INFO     cocotb.initialize                  Seeding Python random module with 1789250111\n     0.00ns INFO     cocotb.initialize                  Initialized cocotb v2.1.0 from /home/ray/anaconda3/lib/python3.10/site-packages/cocotb\n     0.00ns INFO     cocotb.initialize                  Running on Verilator version 5.042 2025-11-02\n     0.00ns INFO     cocotb.regression                  Running tests\n     0.00ns INFO     cocotb.regression                  running test_top.i2c_master_tb (1/1)\n                                                            Single cocotb entry point \u2014 mirrors SV UVM's ``+UVM_TESTNAME`` flow.\n     0.00ns INFO     cocotb.i2c_master                  i2c_master_tb: UVM_TESTNAME=I2C03ReadBeforeWriteTest clk_period_ns=10 watchdog_cycles=300000\n     0.00ns WARNING  py.warnings                        /workspace/generated/designs/i2c_benchmark/tb/test_top.py:87: DeprecationWarning: The 'units' argument has been renamed to 'unit'.\n                                                          cocotb.start_soon(Clock(dut.clk, clock_period_ns, units=\"ns\").start())\n    40.00ns INFO     ..ns/i2c_benchmark/tb/test.py(108) [uvm_test_top]: uvm_test_top: I2CEnv created\n    40.00ns INFO     ..igns/i2c_benchmark/tb/env.py(80) [uvm_test_top.i2c_env]: i2c_env: I2CAgent, I2CScoreboard, I2CCoverage built; 6 assertion checkers launched\n    40.00ns INFO     ..igns/i2c_benchmark/tb/env.py(90) [uvm_test_top.i2c_env]: i2c_env: agent.analysis_port -> scoreboard.analysis_export and coverage.analysis_export\n    40.00ns INFO     .._benchmark/tb/scoreboard.py(134) [uvm_test_top.i2c_env.i2c_scoreboard]: i2c_scoreboard: rst_n asserted -> reference model memory cleared (1 so far)\n   130.00ns WARNING  py.warnings                        /workspace/generated/designs/i2c_benchmark/tb/dut_helper.py:108: DeprecationWarning: `logic_array.binstr` getter is deprecated. Use `str(logic_array)` instead.\n                                                          if hasattr(pin_value, \"binstr\"):\n   130.00ns WARNING  tb.assertions                      [assertion scl_sda_released_in_idle] WARNING: scl actively driven low ('0') while busy==0 (open-drain line must be released)\n   130.00ns WARNING  tb.assertions                      [assertion scl_sda_released_in_idle] WARNING: sda actively driven low ('0') while busy==0 (open-drain line must be released)\n   140.00ns WARNING  tb.assertions                      [assertion scl_sda_released_in_idle] WARNING: scl actively driven low ('0') while busy==0 (open-drain line must be released)\n   140.00ns WARNING  tb.assertions                      [assertion scl_sda_released_in_idle] WARNING: sda actively driven low ('0') while busy==0 (open-drain line must be released)\n   150.00ns WARNING  tb.assertions                      [assertion scl_sda_released_in_idle] WARNING: scl actively driven low ('0') while busy==0 (open-drain line must be released)\n   150.00ns WARNING  tb.assertions                      [assertion scl_sda_released_in_idle] WARNING: sda actively driven low ('0') while busy==0 (open-drain line must be released)\n   200.00ns WARNING  tb.assertions                      [assertion scl_sda_released_in_idle] WARNING: scl actively driven low ('0') while busy==0 (open-drain line must be released)\n   200.00ns WARNING  tb.assertions                      [assertion scl_sda_released_in_idle] WARNING: sda actively driven low ('0') while busy==0 (open-drain line must be released)\n   200.00ns ERROR    .._benchmark/tb/scoreboard.py(188) [uvm_test_top.i2c_env.i2c_scoreboard]: i2c_scoreboard: MISMATCH field=ack_error (item I2CTransaction(start=0, rw=0, slave_addr=0x0000, reg_addr=0x00, write_data=0x00, read_data=0x00, busy=0, done=1, ack_error=0)): expected 0x1, observed 0x0\n   200.00ns WARNING  py.warnings                        /workspace/generated/designs/i2c_benchmark/tb/test_top.py:126: DeprecationWarning: `task.kill()` is deprecated in favor of `task.cancel()`\n                                                          watchdog_task.kill()\n   200.00ns WARNING  cocotb.regression                  test_top.i2c_master_tb failed\n                                                        Traceback (most recent call last):\n                                                          File \"/workspace/generated/designs/i2c_benchmark/tb/monitor.py\", line 125, in run_phase\n                                                            self._publish(stimulus, outputs)\n                                                          File \"/workspace/generated/designs/i2c_benchmark/tb/monitor.py\", line 207, in _publish\n                                                            self.analysis_port.write(item)\n                                                          File \"/home/ray/anaconda3/lib/python3.10/site-packages/pyuvm/_s12_uvm_tlm_interfaces.py\", line 475, in write\n                                                            export.write(datum)\n                                                          File \"/home/ray/anaconda3/lib/python3.10/site-packages/pyuvm/_s12_uvm_tlm_interfaces.py\", line 475, in write\n                                                            export.write(datum)\n                                                          File \"/workspace/generated/designs/i2c_benchmark/tb/scoreboard.py\", line 100, in write\n                                                            self._write_fn(datum)\n                                                          File \"/workspace/generated/designs/i2c_benchmark/tb/scoreboard.py\", line 192, in _on_monitor_item\n                                                            raise AssertionError(\n                                                        AssertionError: i2c_scoreboard: ack_error mismatch: model said 0x1, DUT returned 0x0 (I2CTransaction(start=0, rw=0, slave_addr=0x0000, reg_addr=0x00, write_data=0x00, read_data=0x00, busy=0, done=1, ack_error=0))\n   200.00ns INFO     cocotb.regression                  **************************************************************************************\n                                                        ** TEST                          STATUS  SIM TIME (ns)  REAL TIME (s)  RATIO (ns/s) **\n                                                        **************************************************************************************\n                                                        ** test_top.i2c_master_tb         FAIL         200.00           0.01      16988.73  **\n                                                        **************************************************************************************\n                                                        ** TESTS=1 PASS=0 FAIL=1 SKIP=0                200.00           0.01      16403.71  **\n                                                        **************************************************************************************\n- :0: Verilog $finish\nmake: *** [/home/ray/anaconda3/lib/python3.10/site-packages/cocotb_tools/makefiles/simulators/Makefile.verilator:74: /workspace/generated/designs/i2c_benchmark/tb/.chia_sim/I2C03ReadBeforeWriteTest.xml] Error 1\n",
        "command": [
          "timeout",
          "--signal=TERM",
          "--kill-after=5",
          "60",
          "make",
          "-f",
          "/workspace/generated/designs/i2c_benchmark/tb/.chia_sim/Makefile",
          "SIM=verilator",
          "TOPLEVEL_LANG=verilog",
          "TOPLEVEL=i2c_master",
          "COCOTB_TOPLEVEL=i2c_master",
          "MODULE=test_top",
          "COCOTB_TEST_MODULES=test_top",
          "VERILOG_SOURCES=/workspace/benchmarks/i2c_benchmark/i2c_master.sv",
          "SIM_BUILD=/workspace/generated/designs/i2c_benchmark/tb/.chia_sim/build/c91bda1899ea",
          "COCOTB_RESULTS_FILE=/workspace/generated/designs/i2c_benchmark/tb/.chia_sim/I2C03ReadBeforeWriteTest.xml",
          "COCOTB_HDL_TIMEUNIT=1ns",
          "COCOTB_HDL_TIMEPRECISION=1ps",
          "BUILD_ARGS=-j 4"
        ],
        "test_name": "I2C03ReadBeforeWriteTest",
        "test_module": "test_top",
        "results_file": "/workspace/generated/designs/i2c_benchmark/tb/.chia_sim/I2C03ReadBeforeWriteTest.xml",
        "results_file_exists": true
      },
      "I2C04RepeatedWritesTest": {
        "status": "runtime_error",
        "category": "runtime_error",
        "timed_out": false,
        "watchdog_expired": false,
        "returncode": 2,
        "counts": {
          "uvm_errors": 0,
          "uvm_fatals": 0,
          "uvm_warnings": 0,
          "scoreboard_mismatches": 1,
          "assertion_failures": 0
        },
        "clean_exit": false,
        "log": "rm -f /workspace/generated/designs/i2c_benchmark/tb/.chia_sim/I2C04RepeatedWritesTest.xml\nrm -f /workspace/generated/designs/i2c_benchmark/tb/.chia_sim/I2C04RepeatedWritesTest.xml\nCOCOTB_TEST_MODULES=test_top COCOTB_TESTCASE=  COCOTB_TOPLEVEL=i2c_master TOPLEVEL_LANG=verilog       \\\n         /workspace/generated/designs/i2c_benchmark/tb/.chia_sim/build/c91bda1899ea/Vtop     \n     -.--ns INFO     gpi                                ../gpi/GpiCommon.cpp:242  in gpi_load_users                  Loaded entry library: '/home/ray/anaconda3/lib/libpython3.10.so.1.0'\n     -.--ns INFO     gpi                                ../gpi/GpiCommon.cpp:233  in gpi_load_users                  Running entry func 'initialize' from loaded library '/home/ray/anaconda3/lib/python3.10/site-packages/cocotb/simulator.cpython-310-x86_64-linux-gnu.so'\n     -.--ns INFO     pygpi                              ..ib/pygpi/embed.cpp:114  in initialize                      Using Python 3.10.19 interpreter at /home/ray/anaconda3/bin/python3\n     -.--ns INFO     gpi                                ../gpi/GpiCommon.cpp:74   in gpi_print_registered_impl       GPI: VPI support registered\n     0.00ns INFO     cocotb.initialize                  Seeding Python random module with 1789250112\n     0.00ns INFO     cocotb.initialize                  Initialized cocotb v2.1.0 from /home/ray/anaconda3/lib/python3.10/site-packages/cocotb\n     0.00ns INFO     cocotb.initialize                  Running on Verilator version 5.042 2025-11-02\n     0.00ns INFO     cocotb.regression                  Running tests\n     0.00ns INFO     cocotb.regression                  running test_top.i2c_master_tb (1/1)\n                                                            Single cocotb entry point \u2014 mirrors SV UVM's ``+UVM_TESTNAME`` flow.\n     0.00ns INFO     cocotb.i2c_master                  i2c_master_tb: UVM_TESTNAME=I2C04RepeatedWritesTest clk_period_ns=10 watchdog_cycles=300000\n     0.00ns WARNING  py.warnings                        /workspace/generated/designs/i2c_benchmark/tb/test_top.py:87: DeprecationWarning: The 'units' argument has been renamed to 'unit'.\n                                                          cocotb.start_soon(Clock(dut.clk, clock_period_ns, units=\"ns\").start())\n    40.00ns INFO     ..ns/i2c_benchmark/tb/test.py(108) [uvm_test_top]: uvm_test_top: I2CEnv created\n    40.00ns INFO     ..igns/i2c_benchmark/tb/env.py(80) [uvm_test_top.i2c_env]: i2c_env: I2CAgent, I2CScoreboard, I2CCoverage built; 6 assertion checkers launched\n    40.00ns INFO     ..igns/i2c_benchmark/tb/env.py(90) [uvm_test_top.i2c_env]: i2c_env: agent.analysis_port -> scoreboard.analysis_export and coverage.analysis_export\n    40.00ns INFO     .._benchmark/tb/scoreboard.py(134) [uvm_test_top.i2c_env.i2c_scoreboard]: i2c_scoreboard: rst_n asserted -> reference model memory cleared (1 so far)\n   130.00ns WARNING  py.warnings                        /workspace/generated/designs/i2c_benchmark/tb/dut_helper.py:108: DeprecationWarning: `logic_array.binstr` getter is deprecated. Use `str(logic_array)` instead.\n                                                          if hasattr(pin_value, \"binstr\"):\n   130.00ns WARNING  tb.assertions                      [assertion scl_sda_released_in_idle] WARNING: scl actively driven low ('0') while busy==0 (open-drain line must be released)\n   130.00ns WARNING  tb.assertions                      [assertion scl_sda_released_in_idle] WARNING: sda actively driven low ('0') while busy==0 (open-drain line must be released)\n   140.00ns WARNING  tb.assertions                      [assertion scl_sda_released_in_idle] WARNING: scl actively driven low ('0') while busy==0 (open-drain line must be released)\n   140.00ns WARNING  tb.assertions                      [assertion scl_sda_released_in_idle] WARNING: sda actively driven low ('0') while busy==0 (open-drain line must be released)\n   150.00ns WARNING  tb.assertions                      [assertion scl_sda_released_in_idle] WARNING: scl actively driven low ('0') while busy==0 (open-drain line must be released)\n   150.00ns WARNING  tb.assertions                      [assertion scl_sda_released_in_idle] WARNING: sda actively driven low ('0') while busy==0 (open-drain line must be released)\n   200.00ns WARNING  tb.assertions                      [assertion scl_sda_released_in_idle] WARNING: scl actively driven low ('0') while busy==0 (open-drain line must be released)\n   200.00ns WARNING  tb.assertions                      [assertion scl_sda_released_in_idle] WARNING: sda actively driven low ('0') while busy==0 (open-drain line must be released)\n   200.00ns ERROR    .._benchmark/tb/scoreboard.py(188) [uvm_test_top.i2c_env.i2c_scoreboard]: i2c_scoreboard: MISMATCH field=ack_error (item I2CTransaction(start=0, rw=0, slave_addr=0x0000, reg_addr=0x00, write_data=0x00, read_data=0x00, busy=0, done=1, ack_error=0)): expected 0x1, observed 0x0\n   200.00ns WARNING  py.warnings                        /workspace/generated/designs/i2c_benchmark/tb/test_top.py:126: DeprecationWarning: `task.kill()` is deprecated in favor of `task.cancel()`\n                                                          watchdog_task.kill()\n   200.00ns WARNING  cocotb.regression                  test_top.i2c_master_tb failed\n                                                        Traceback (most recent call last):\n                                                          File \"/workspace/generated/designs/i2c_benchmark/tb/monitor.py\", line 125, in run_phase\n                                                            self._publish(stimulus, outputs)\n                                                          File \"/workspace/generated/designs/i2c_benchmark/tb/monitor.py\", line 207, in _publish\n                                                            self.analysis_port.write(item)\n                                                          File \"/home/ray/anaconda3/lib/python3.10/site-packages/pyuvm/_s12_uvm_tlm_interfaces.py\", line 475, in write\n                                                            export.write(datum)\n                                                          File \"/home/ray/anaconda3/lib/python3.10/site-packages/pyuvm/_s12_uvm_tlm_interfaces.py\", line 475, in write\n                                                            export.write(datum)\n                                                          File \"/workspace/generated/designs/i2c_benchmark/tb/scoreboard.py\", line 100, in write\n                                                            self._write_fn(datum)\n                                                          File \"/workspace/generated/designs/i2c_benchmark/tb/scoreboard.py\", line 192, in _on_monitor_item\n                                                            raise AssertionError(\n                                                        AssertionError: i2c_scoreboard: ack_error mismatch: model said 0x1, DUT returned 0x0 (I2CTransaction(start=0, rw=0, slave_addr=0x0000, reg_addr=0x00, write_data=0x00, read_data=0x00, busy=0, done=1, ack_error=0))\n   200.00ns INFO     cocotb.regression                  **************************************************************************************\n                                                        ** TEST                          STATUS  SIM TIME (ns)  REAL TIME (s)  RATIO (ns/s) **\n                                                        **************************************************************************************\n                                                        ** test_top.i2c_master_tb         FAIL         200.00           0.01      18453.87  **\n                                                        **************************************************************************************\n                                                        ** TESTS=1 PASS=0 FAIL=1 SKIP=0                200.00           0.01      17866.22  **\n                                                        **************************************************************************************\n- :0: Verilog $finish\nmake: *** [/home/ray/anaconda3/lib/python3.10/site-packages/cocotb_tools/makefiles/simulators/Makefile.verilator:74: /workspace/generated/designs/i2c_benchmark/tb/.chia_sim/I2C04RepeatedWritesTest.xml] Error 1\n",
        "command": [
          "timeout",
          "--signal=TERM",
          "--kill-after=5",
          "60",
          "make",
          "-f",
          "/workspace/generated/designs/i2c_benchmark/tb/.chia_sim/Makefile",
          "SIM=verilator",
          "TOPLEVEL_LANG=verilog",
          "TOPLEVEL=i2c_master",
          "COCOTB_TOPLEVEL=i2c_master",
          "MODULE=test_top",
          "COCOTB_TEST_MODULES=test_top",
          "VERILOG_SOURCES=/workspace/benchmarks/i2c_benchmark/i2c_master.sv",
          "SIM_BUILD=/workspace/generated/designs/i2c_benchmark/tb/.chia_sim/build/c91bda1899ea",
          "COCOTB_RESULTS_FILE=/workspace/generated/designs/i2c_benchmark/tb/.chia_sim/I2C04RepeatedWritesTest.xml",
          "COCOTB_HDL_TIMEUNIT=1ns",
          "COCOTB_HDL_TIMEPRECISION=1ps",
          "BUILD_ARGS=-j 4"
        ],
        "test_name": "I2C04RepeatedWritesTest",
        "test_module": "test_top",
        "results_file": "/workspace/generated/designs/i2c_benchmark/tb/.chia_sim/I2C04RepeatedWritesTest.xml",
        "results_file_exists": true
      },
      "I2C05BoundaryAddr00Test": {
        "status": "runtime_error",
        "category": "runtime_error",
        "timed_out": false,
        "watchdog_expired": false,
        "returncode": 2,
        "counts": {
          "uvm_errors": 0,
          "uvm_fatals": 0,
          "uvm_warnings": 0,
          "scoreboard_mismatches": 1,
          "assertion_failures": 0
        },
        "clean_exit": false,
        "log": "rm -f /workspace/generated/designs/i2c_benchmark/tb/.chia_sim/I2C05BoundaryAddr00Test.xml\nrm -f /workspace/generated/designs/i2c_benchmark/tb/.chia_sim/I2C05BoundaryAddr00Test.xml\nCOCOTB_TEST_MODULES=test_top COCOTB_TESTCASE=  COCOTB_TOPLEVEL=i2c_master TOPLEVEL_LANG=verilog       \\\n         /workspace/generated/designs/i2c_benchmark/tb/.chia_sim/build/c91bda1899ea/Vtop     \n     -.--ns INFO     gpi                                ../gpi/GpiCommon.cpp:242  in gpi_load_users                  Loaded entry library: '/home/ray/anaconda3/lib/libpython3.10.so.1.0'\n     -.--ns INFO     gpi                                ../gpi/GpiCommon.cpp:233  in gpi_load_users                  Running entry func 'initialize' from loaded library '/home/ray/anaconda3/lib/python3.10/site-packages/cocotb/simulator.cpython-310-x86_64-linux-gnu.so'\n     -.--ns INFO     pygpi                              ..ib/pygpi/embed.cpp:114  in initialize                      Using Python 3.10.19 interpreter at /home/ray/anaconda3/bin/python3\n     -.--ns INFO     gpi                                ../gpi/GpiCommon.cpp:74   in gpi_print_registered_impl       GPI: VPI support registered\n     0.00ns INFO     cocotb.initialize                  Seeding Python random module with 1789250112\n     0.00ns INFO     cocotb.initialize                  Initialized cocotb v2.1.0 from /home/ray/anaconda3/lib/python3.10/site-packages/cocotb\n     0.00ns INFO     cocotb.initialize                  Running on Verilator version 5.042 2025-11-02\n     0.00ns INFO     cocotb.regression                  Running tests\n     0.00ns INFO     cocotb.regression                  running test_top.i2c_master_tb (1/1)\n                                                            Single cocotb entry point \u2014 mirrors SV UVM's ``+UVM_TESTNAME`` flow.\n     0.00ns INFO     cocotb.i2c_master                  i2c_master_tb: UVM_TESTNAME=I2C05BoundaryAddr00Test clk_period_ns=10 watchdog_cycles=300000\n     0.00ns WARNING  py.warnings                        /workspace/generated/designs/i2c_benchmark/tb/test_top.py:87: DeprecationWarning: The 'units' argument has been renamed to 'unit'.\n                                                          cocotb.start_soon(Clock(dut.clk, clock_period_ns, units=\"ns\").start())\n    40.00ns INFO     ..ns/i2c_benchmark/tb/test.py(108) [uvm_test_top]: uvm_test_top: I2CEnv created\n    40.00ns INFO     ..igns/i2c_benchmark/tb/env.py(80) [uvm_test_top.i2c_env]: i2c_env: I2CAgent, I2CScoreboard, I2CCoverage built; 6 assertion checkers launched\n    40.00ns INFO     ..igns/i2c_benchmark/tb/env.py(90) [uvm_test_top.i2c_env]: i2c_env: agent.analysis_port -> scoreboard.analysis_export and coverage.analysis_export\n    40.00ns INFO     .._benchmark/tb/scoreboard.py(134) [uvm_test_top.i2c_env.i2c_scoreboard]: i2c_scoreboard: rst_n asserted -> reference model memory cleared (1 so far)\n   130.00ns WARNING  py.warnings                        /workspace/generated/designs/i2c_benchmark/tb/dut_helper.py:108: DeprecationWarning: `logic_array.binstr` getter is deprecated. Use `str(logic_array)` instead.\n                                                          if hasattr(pin_value, \"binstr\"):\n   130.00ns WARNING  tb.assertions                      [assertion scl_sda_released_in_idle] WARNING: scl actively driven low ('0') while busy==0 (open-drain line must be released)\n   130.00ns WARNING  tb.assertions                      [assertion scl_sda_released_in_idle] WARNING: sda actively driven low ('0') while busy==0 (open-drain line must be released)\n   140.00ns WARNING  tb.assertions                      [assertion scl_sda_released_in_idle] WARNING: scl actively driven low ('0') while busy==0 (open-drain line must be released)\n   140.00ns WARNING  tb.assertions                      [assertion scl_sda_released_in_idle] WARNING: sda actively driven low ('0') while busy==0 (open-drain line must be released)\n   150.00ns WARNING  tb.assertions                      [assertion scl_sda_released_in_idle] WARNING: scl actively driven low ('0') while busy==0 (open-drain line must be released)\n   150.00ns WARNING  tb.assertions                      [assertion scl_sda_released_in_idle] WARNING: sda actively driven low ('0') while busy==0 (open-drain line must be released)\n   200.00ns WARNING  tb.assertions                      [assertion scl_sda_released_in_idle] WARNING: scl actively driven low ('0') while busy==0 (open-drain line must be released)\n   200.00ns WARNING  tb.assertions                      [assertion scl_sda_released_in_idle] WARNING: sda actively driven low ('0') while busy==0 (open-drain line must be released)\n   200.00ns ERROR    .._benchmark/tb/scoreboard.py(188) [uvm_test_top.i2c_env.i2c_scoreboard]: i2c_scoreboard: MISMATCH field=ack_error (item I2CTransaction(start=0, rw=0, slave_addr=0x0000, reg_addr=0x00, write_data=0x00, read_data=0x00, busy=0, done=1, ack_error=0)): expected 0x1, observed 0x0\n   200.00ns WARNING  py.warnings                        /workspace/generated/designs/i2c_benchmark/tb/test_top.py:126: DeprecationWarning: `task.kill()` is deprecated in favor of `task.cancel()`\n                                                          watchdog_task.kill()\n   200.00ns WARNING  cocotb.regression                  test_top.i2c_master_tb failed\n                                                        Traceback (most recent call last):\n                                                          File \"/workspace/generated/designs/i2c_benchmark/tb/monitor.py\", line 125, in run_phase\n                                                            self._publish(stimulus, outputs)\n                                                          File \"/workspace/generated/designs/i2c_benchmark/tb/monitor.py\", line 207, in _publish\n                                                            self.analysis_port.write(item)\n                                                          File \"/home/ray/anaconda3/lib/python3.10/site-packages/pyuvm/_s12_uvm_tlm_interfaces.py\", line 475, in write\n                                                            export.write(datum)\n                                                          File \"/home/ray/anaconda3/lib/python3.10/site-packages/pyuvm/_s12_uvm_tlm_interfaces.py\", line 475, in write\n                                                            export.write(datum)\n                                                          File \"/workspace/generated/designs/i2c_benchmark/tb/scoreboard.py\", line 100, in write\n                                                            self._write_fn(datum)\n                                                          File \"/workspace/generated/designs/i2c_benchmark/tb/scoreboard.py\", line 192, in _on_monitor_item\n                                                            raise AssertionError(\n                                                        AssertionError: i2c_scoreboard: ack_error mismatch: model said 0x1, DUT returned 0x0 (I2CTransaction(start=0, rw=0, slave_addr=0x0000, reg_addr=0x00, write_data=0x00, read_data=0x00, busy=0, done=1, ack_error=0))\n   200.00ns INFO     cocotb.regression                  **************************************************************************************\n                                                        ** TEST                          STATUS  SIM TIME (ns)  REAL TIME (s)  RATIO (ns/s) **\n                                                        **************************************************************************************\n                                                        ** test_top.i2c_master_tb         FAIL         200.00           0.01      18255.01  **\n                                                        **************************************************************************************\n                                                        ** TESTS=1 PASS=0 FAIL=1 SKIP=0                200.00           0.01      17619.79  **\n                                                        **************************************************************************************\n- :0: Verilog $finish\nmake: *** [/home/ray/anaconda3/lib/python3.10/site-packages/cocotb_tools/makefiles/simulators/Makefile.verilator:74: /workspace/generated/designs/i2c_benchmark/tb/.chia_sim/I2C05BoundaryAddr00Test.xml] Error 1\n",
        "command": [
          "timeout",
          "--signal=TERM",
          "--kill-after=5",
          "60",
          "make",
          "-f",
          "/workspace/generated/designs/i2c_benchmark/tb/.chia_sim/Makefile",
          "SIM=verilator",
          "TOPLEVEL_LANG=verilog",
          "TOPLEVEL=i2c_master",
          "COCOTB_TOPLEVEL=i2c_master",
          "MODULE=test_top",
          "COCOTB_TEST_MODULES=test_top",
          "VERILOG_SOURCES=/workspace/benchmarks/i2c_benchmark/i2c_master.sv",
          "SIM_BUILD=/workspace/generated/designs/i2c_benchmark/tb/.chia_sim/build/c91bda1899ea",
          "COCOTB_RESULTS_FILE=/workspace/generated/designs/i2c_benchmark/tb/.chia_sim/I2C05BoundaryAddr00Test.xml",
          "COCOTB_HDL_TIMEUNIT=1ns",
          "COCOTB_HDL_TIMEPRECISION=1ps",
          "BUILD_ARGS=-j 4"
        ],
        "test_name": "I2C05BoundaryAddr00Test",
        "test_module": "test_top",
        "results_file": "/workspace/generated/designs/i2c_benchmark/tb/.chia_sim/I2C05BoundaryAddr00Test.xml",
        "results_file_exists": true
      },
      "I2C06BoundaryAddrFFTest": {
        "status": "runtime_error",
        "category": "runtime_error",
        "timed_out": false,
        "watchdog_expired": false,
        "returncode": 2,
        "counts": {
          "uvm_errors": 0,
          "uvm_fatals": 0,
          "uvm_warnings": 0,
          "scoreboard_mismatches": 1,
          "assertion_failures": 0
        },
        "clean_exit": false,
        "log": "rm -f /workspace/generated/designs/i2c_benchmark/tb/.chia_sim/I2C06BoundaryAddrFFTest.xml\nrm -f /workspace/generated/designs/i2c_benchmark/tb/.chia_sim/I2C06BoundaryAddrFFTest.xml\nCOCOTB_TEST_MODULES=test_top COCOTB_TESTCASE=  COCOTB_TOPLEVEL=i2c_master TOPLEVEL_LANG=verilog       \\\n         /workspace/generated/designs/i2c_benchmark/tb/.chia_sim/build/c91bda1899ea/Vtop     \n     -.--ns INFO     gpi                                ../gpi/GpiCommon.cpp:242  in gpi_load_users                  Loaded entry library: '/home/ray/anaconda3/lib/libpython3.10.so.1.0'\n     -.--ns INFO     gpi                                ../gpi/GpiCommon.cpp:233  in gpi_load_users                  Running entry func 'initialize' from loaded library '/home/ray/anaconda3/lib/python3.10/site-packages/cocotb/simulator.cpython-310-x86_64-linux-gnu.so'\n     -.--ns INFO     pygpi                              ..ib/pygpi/embed.cpp:114  in initialize                      Using Python 3.10.19 interpreter at /home/ray/anaconda3/bin/python3\n     -.--ns INFO     gpi                                ../gpi/GpiCommon.cpp:74   in gpi_print_registered_impl       GPI: VPI support registered\n     0.00ns INFO     cocotb.initialize                  Seeding Python random module with 1789250113\n     0.00ns INFO     cocotb.initialize                  Initialized cocotb v2.1.0 from /home/ray/anaconda3/lib/python3.10/site-packages/cocotb\n     0.00ns INFO     cocotb.initialize                  Running on Verilator version 5.042 2025-11-02\n     0.00ns INFO     cocotb.regression                  Running tests\n     0.00ns INFO     cocotb.regression                  running test_top.i2c_master_tb (1/1)\n                                                            Single cocotb entry point \u2014 mirrors SV UVM's ``+UVM_TESTNAME`` flow.\n     0.00ns INFO     cocotb.i2c_master                  i2c_master_tb: UVM_TESTNAME=I2C06BoundaryAddrFFTest clk_period_ns=10 watchdog_cycles=300000\n     0.00ns WARNING  py.warnings                        /workspace/generated/designs/i2c_benchmark/tb/test_top.py:87: DeprecationWarning: The 'units' argument has been renamed to 'unit'.\n                                                          cocotb.start_soon(Clock(dut.clk, clock_period_ns, units=\"ns\").start())\n    40.00ns INFO     ..ns/i2c_benchmark/tb/test.py(108) [uvm_test_top]: uvm_test_top: I2CEnv created\n    40.00ns INFO     ..igns/i2c_benchmark/tb/env.py(80) [uvm_test_top.i2c_env]: i2c_env: I2CAgent, I2CScoreboard, I2CCoverage built; 6 assertion checkers launched\n    40.00ns INFO     ..igns/i2c_benchmark/tb/env.py(90) [uvm_test_top.i2c_env]: i2c_env: agent.analysis_port -> scoreboard.analysis_export and coverage.analysis_export\n    40.00ns INFO     .._benchmark/tb/scoreboard.py(134) [uvm_test_top.i2c_env.i2c_scoreboard]: i2c_scoreboard: rst_n asserted -> reference model memory cleared (1 so far)\n   130.00ns WARNING  py.warnings                        /workspace/generated/designs/i2c_benchmark/tb/dut_helper.py:108: DeprecationWarning: `logic_array.binstr` getter is deprecated. Use `str(logic_array)` instead.\n                                                          if hasattr(pin_value, \"binstr\"):\n   130.00ns WARNING  tb.assertions                      [assertion scl_sda_released_in_idle] WARNING: scl actively driven low ('0') while busy==0 (open-drain line must be released)\n   130.00ns WARNING  tb.assertions                      [assertion scl_sda_released_in_idle] WARNING: sda actively driven low ('0') while busy==0 (open-drain line must be released)\n   140.00ns WARNING  tb.assertions                      [assertion scl_sda_released_in_idle] WARNING: scl actively driven low ('0') while busy==0 (open-drain line must be released)\n   140.00ns WARNING  tb.assertions                      [assertion scl_sda_released_in_idle] WARNING: sda actively driven low ('0') while busy==0 (open-drain line must be released)\n   150.00ns WARNING  tb.assertions                      [assertion scl_sda_released_in_idle] WARNING: scl actively driven low ('0') while busy==0 (open-drain line must be released)\n   150.00ns WARNING  tb.assertions                      [assertion scl_sda_released_in_idle] WARNING: sda actively driven low ('0') while busy==0 (open-drain line must be released)\n   200.00ns WARNING  tb.assertions                      [assertion scl_sda_released_in_idle] WARNING: scl actively driven low ('0') while busy==0 (open-drain line must be released)\n   200.00ns WARNING  tb.assertions                      [assertion scl_sda_released_in_idle] WARNING: sda actively driven low ('0') while busy==0 (open-drain line must be released)\n   200.00ns ERROR    .._benchmark/tb/scoreboard.py(188) [uvm_test_top.i2c_env.i2c_scoreboard]: i2c_scoreboard: MISMATCH field=ack_error (item I2CTransaction(start=0, rw=0, slave_addr=0x0000, reg_addr=0x00, write_data=0x00, read_data=0x00, busy=0, done=1, ack_error=0)): expected 0x1, observed 0x0\n   200.00ns WARNING  py.warnings                        /workspace/generated/designs/i2c_benchmark/tb/test_top.py:126: DeprecationWarning: `task.kill()` is deprecated in favor of `task.cancel()`\n                                                          watchdog_task.kill()\n   200.00ns WARNING  cocotb.regression                  test_top.i2c_master_tb failed\n                                                        Traceback (most recent call last):\n                                                          File \"/workspace/generated/designs/i2c_benchmark/tb/monitor.py\", line 125, in run_phase\n                                                            self._publish(stimulus, outputs)\n                                                          File \"/workspace/generated/designs/i2c_benchmark/tb/monitor.py\", line 207, in _publish\n                                                            self.analysis_port.write(item)\n                                                          File \"/home/ray/anaconda3/lib/python3.10/site-packages/pyuvm/_s12_uvm_tlm_interfaces.py\", line 475, in write\n                                                            export.write(datum)\n                                                          File \"/home/ray/anaconda3/lib/python3.10/site-packages/pyuvm/_s12_uvm_tlm_interfaces.py\", line 475, in write\n                                                            export.write(datum)\n                                                          File \"/workspace/generated/designs/i2c_benchmark/tb/scoreboard.py\", line 100, in write\n                                                            self._write_fn(datum)\n                                                          File \"/workspace/generated/designs/i2c_benchmark/tb/scoreboard.py\", line 192, in _on_monitor_item\n                                                            raise AssertionError(\n                                                        AssertionError: i2c_scoreboard: ack_error mismatch: model said 0x1, DUT returned 0x0 (I2CTransaction(start=0, rw=0, slave_addr=0x0000, reg_addr=0x00, write_data=0x00, read_data=0x00, busy=0, done=1, ack_error=0))\n   200.00ns INFO     cocotb.regression                  **************************************************************************************\n                                                        ** TEST                          STATUS  SIM TIME (ns)  REAL TIME (s)  RATIO (ns/s) **\n                                                        **************************************************************************************\n                                                        ** test_top.i2c_master_tb         FAIL         200.00           0.01      18891.29  **\n                                                        **************************************************************************************\n                                                        ** TESTS=1 PASS=0 FAIL=1 SKIP=0                200.00           0.01      18238.09  **\n                                                        **************************************************************************************\n- :0: Verilog $finish\nmake: *** [/home/ray/anaconda3/lib/python3.10/site-packages/cocotb_tools/makefiles/simulators/Makefile.verilator:74: /workspace/generated/designs/i2c_benchmark/tb/.chia_sim/I2C06BoundaryAddrFFTest.xml] Error 1\n",
        "command": [
          "timeout",
          "--signal=TERM",
          "--kill-after=5",
          "60",
          "make",
          "-f",
          "/workspace/generated/designs/i2c_benchmark/tb/.chia_sim/Makefile",
          "SIM=verilator",
          "TOPLEVEL_LANG=verilog",
          "TOPLEVEL=i2c_master",
          "COCOTB_TOPLEVEL=i2c_master",
          "MODULE=test_top",
          "COCOTB_TEST_MODULES=test_top",
          "VERILOG_SOURCES=/workspace/benchmarks/i2c_benchmark/i2c_master.sv",
          "SIM_BUILD=/workspace/generated/designs/i2c_benchmark/tb/.chia_sim/build/c91bda1899ea",
          "COCOTB_RESULTS_FILE=/workspace/generated/designs/i2c_benchmark/tb/.chia_sim/I2C06BoundaryAddrFFTest.xml",
          "COCOTB_HDL_TIMEUNIT=1ns",
          "COCOTB_HDL_TIMEPRECISION=1ps",
          "BUILD_ARGS=-j 4"
        ],
        "test_name": "I2C06BoundaryAddrFFTest",
        "test_module": "test_top",
        "results_file": "/workspace/generated/designs/i2c_benchmark/tb/.chia_sim/I2C06BoundaryAddrFFTest.xml",
        "results_file_exists": true
      },
      "I2C07UnsupportedSlave00Test": {
        "status": "pass",
        "category": "pass",
        "timed_out": false,
        "watchdog_expired": false,
        "returncode": 0,
        "counts": {
          "uvm_errors": 0,
          "uvm_fatals": 0,
          "uvm_warnings": 0,
          "scoreboard_mismatches": 0,
          "assertion_failures": 0
        },
        "clean_exit": true,
        "log": "rm -f /workspace/generated/designs/i2c_benchmark/tb/.chia_sim/I2C07UnsupportedSlave00Test.xml\nrm -f /workspace/generated/designs/i2c_benchmark/tb/.chia_sim/I2C07UnsupportedSlave00Test.xml\nCOCOTB_TEST_MODULES=test_top COCOTB_TESTCASE=  COCOTB_TOPLEVEL=i2c_master TOPLEVEL_LANG=verilog       \\\n         /workspace/generated/designs/i2c_benchmark/tb/.chia_sim/build/c91bda1899ea/Vtop     \n     -.--ns INFO     gpi                                ../gpi/GpiCommon.cpp:242  in gpi_load_users                  Loaded entry library: '/home/ray/anaconda3/lib/libpython3.10.so.1.0'\n     -.--ns INFO     gpi                                ../gpi/GpiCommon.cpp:233  in gpi_load_users                  Running entry func 'initialize' from loaded library '/home/ray/anaconda3/lib/python3.10/site-packages/cocotb/simulator.cpython-310-x86_64-linux-gnu.so'\n     -.--ns INFO     pygpi                              ..ib/pygpi/embed.cpp:114  in initialize                      Using Python 3.10.19 interpreter at /home/ray/anaconda3/bin/python3\n     -.--ns INFO     gpi                                ../gpi/GpiCommon.cpp:74   in gpi_print_registered_impl       GPI: VPI support registered\n     0.00ns INFO     cocotb.initialize                  Seeding Python random module with 1789250113\n     0.00ns INFO     cocotb.initialize                  Initialized cocotb v2.1.0 from /home/ray/anaconda3/lib/python3.10/site-packages/cocotb\n     0.00ns INFO     cocotb.initialize                  Running on Verilator version 5.042 2025-11-02\n     0.00ns INFO     cocotb.regression                  Running tests\n     0.00ns INFO     cocotb.regression                  running test_top.i2c_master_tb (1/1)\n                                                            Single cocotb entry point \u2014 mirrors SV UVM's ``+UVM_TESTNAME`` flow.\n     0.00ns INFO     cocotb.i2c_master                  i2c_master_tb: UVM_TESTNAME=I2C07UnsupportedSlave00Test clk_period_ns=10 watchdog_cycles=300000\n     0.00ns WARNING  py.warnings                        /workspace/generated/designs/i2c_benchmark/tb/test_top.py:87: DeprecationWarning: The 'units' argument has been renamed to 'unit'.\n                                                          cocotb.start_soon(Clock(dut.clk, clock_period_ns, units=\"ns\").start())\n    40.00ns INFO     ..ns/i2c_benchmark/tb/test.py(108) [uvm_test_top]: uvm_test_top: I2CEnv created\n    40.00ns INFO     ..igns/i2c_benchmark/tb/env.py(80) [uvm_test_top.i2c_env]: i2c_env: I2CAgent, I2CScoreboard, I2CCoverage built; 6 assertion checkers launched\n    40.00ns INFO     ..igns/i2c_benchmark/tb/env.py(90) [uvm_test_top.i2c_env]: i2c_env: agent.analysis_port -> scoreboard.analysis_export and coverage.analysis_export\n    40.00ns INFO     .._benchmark/tb/scoreboard.py(134) [uvm_test_top.i2c_env.i2c_scoreboard]: i2c_scoreboard: rst_n asserted -> reference model memory cleared (1 so far)\n   130.00ns WARNING  py.warnings                        /workspace/generated/designs/i2c_benchmark/tb/dut_helper.py:108: DeprecationWarning: `logic_array.binstr` getter is deprecated. Use `str(logic_array)` instead.\n                                                          if hasattr(pin_value, \"binstr\"):\n   130.00ns WARNING  tb.assertions                      [assertion scl_sda_released_in_idle] WARNING: scl actively driven low ('0') while busy==0 (open-drain line must be released)\n   130.00ns WARNING  tb.assertions                      [assertion scl_sda_released_in_idle] WARNING: sda actively driven low ('0') while busy==0 (open-drain line must be released)\n   140.00ns WARNING  tb.assertions                      [assertion scl_sda_released_in_idle] WARNING: scl actively driven low ('0') while busy==0 (open-drain line must be released)\n   140.00ns WARNING  tb.assertions                      [assertion scl_sda_released_in_idle] WARNING: sda actively driven low ('0') while busy==0 (open-drain line must be released)\n   150.00ns WARNING  tb.assertions                      [assertion scl_sda_released_in_idle] WARNING: scl actively driven low ('0') while busy==0 (open-drain line must be released)\n   150.00ns WARNING  tb.assertions                      [assertion scl_sda_released_in_idle] WARNING: sda actively driven low ('0') while busy==0 (open-drain line must be released)\n   200.00ns WARNING  tb.assertions                      [assertion scl_sda_released_in_idle] WARNING: scl actively driven low ('0') while busy==0 (open-drain line must be released)\n   200.00ns WARNING  tb.assertions                      [assertion scl_sda_released_in_idle] WARNING: sda actively driven low ('0') while busy==0 (open-drain line must be released)\n   210.00ns WARNING  tb.assertions                      [assertion scl_sda_released_in_idle] WARNING: scl actively driven low ('0') while busy==0 (open-drain line must be released)\n   210.00ns WARNING  tb.assertions                      [assertion scl_sda_released_in_idle] WARNING: sda actively driven low ('0') while busy==0 (open-drain line must be released)\n   220.00ns WARNING  tb.assertions                      [assertion scl_sda_released_in_idle] WARNING: scl actively driven low ('0') while busy==0 (open-drain line must be released)\n   220.00ns WARNING  tb.assertions                      [assertion scl_sda_released_in_idle] WARNING: sda actively driven low ('0') while busy==0 (open-drain line must be released)\n   230.00ns WARNING  tb.assertions                      [assertion scl_sda_released_in_idle] WARNING: scl actively driven low ('0') while busy==0 (open-drain line must be released)\n   230.00ns WARNING  tb.assertions                      [assertion scl_sda_released_in_idle] WARNING: sda actively driven low ('0') while busy==0 (open-drain line must be released)\n   230.00ns INFO     ..gns/i2c_benchmark/tb/env.py(103) [uvm_test_top.i2c_env]: i2c_scoreboard: 1 items, 1 matched, 0 failed, 1 resets observed\n   230.00ns INFO     ..gns/i2c_benchmark/tb/env.py(105) [uvm_test_top.i2c_env]: I2CAssertions: 6 active checkers, violations -> scl_sda_released_in_idle=14\n   230.00ns INFO     ../cocotb_coverage/coverage.py(94) [uvm_test_top.i2c_env]:    top.transaction_cg : <cocotb_coverage.coverage.CoverItem object at 0x78f927f72d70>, coverage=9, size=36 \n   230.00ns INFO     ../cocotb_coverage/coverage.py(94) [uvm_test_top.i2c_env]:       top.transaction_cg.ack_error_cp : <cocotb_coverage.coverage.CoverPoint object at 0x78f927f729e0>, coverage=1, size=2 \n   230.00ns INFO     ../cocotb_coverage/coverage.py(94) [uvm_test_top.i2c_env]:       top.transaction_cg.read_data_cp : <cocotb_coverage.coverage.CoverPoint object at 0x78f927f730a0>, coverage=1, size=4 \n   230.00ns INFO     ../cocotb_coverage/coverage.py(94) [uvm_test_top.i2c_env]:       top.transaction_cg.reg_addr_cp : <cocotb_coverage.coverage.CoverPoint object at 0x78f927f708e0>, coverage=1, size=3 \n   230.00ns INFO     ../cocotb_coverage/coverage.py(94) [uvm_test_top.i2c_env]:       top.transaction_cg.rw_cp : <cocotb_coverage.coverage.CoverPoint object at 0x78f927f72a40>, coverage=1, size=2 \n   230.00ns INFO     ../cocotb_coverage/coverage.py(94) [uvm_test_top.i2c_env]:       top.transaction_cg.rw_x_reg_addr : <cocotb_coverage.coverage.CoverCross object at 0x78f927f73d00>, coverage=1, size=6 \n   230.00ns INFO     ../cocotb_coverage/coverage.py(94) [uvm_test_top.i2c_env]:       top.transaction_cg.rw_x_slave_addr : <cocotb_coverage.coverage.CoverCross object at 0x78f927f706a0>, coverage=1, size=6 \n   230.00ns INFO     ../cocotb_coverage/coverage.py(94) [uvm_test_top.i2c_env]:       top.transaction_cg.slave_addr_cp : <cocotb_coverage.coverage.CoverPoint object at 0x78f927f713f0>, coverage=1, size=3 \n   230.00ns INFO     ../cocotb_coverage/coverage.py(94) [uvm_test_top.i2c_env]:       top.transaction_cg.slave_addr_x_ack_error : <cocotb_coverage.coverage.CoverCross object at 0x78f927f70580>, coverage=1, size=6 \n   230.00ns INFO     ../cocotb_coverage/coverage.py(94) [uvm_test_top.i2c_env]:       top.transaction_cg.write_data_cp : <cocotb_coverage.coverage.CoverPoint object at 0x78f927f73c40>, coverage=1, size=4 \n   230.00ns INFO     ..gns/i2c_benchmark/tb/env.py(107) [uvm_test_top.i2c_env]: i2c_env: functional coverage 25.0% of transaction_cg\n   230.00ns INFO     ..ns/i2c_benchmark/tb/test.py(174) [uvm_test_top]: TEST PASSED: uvm_test_top (I2C_07): 1 completed transactions matched the reference model, 0 failures, 1 reset(s) observed\n   230.00ns WARNING  py.warnings                        /workspace/generated/designs/i2c_benchmark/tb/assertions.py:157: DeprecationWarning: `task.kill()` is deprecated in favor of `task.cancel()`\n                                                          task.kill()\n   230.00ns INFO     ..gns/i2c_benchmark/tb/env.py(122) [uvm_test_top.i2c_env]: i2c_env: assertion checkers stopped\n   230.00ns WARNING  py.warnings                        /workspace/generated/designs/i2c_benchmark/tb/test_top.py:126: DeprecationWarning: `task.kill()` is deprecated in favor of `task.cancel()`\n                                                          watchdog_task.kill()\n   230.00ns INFO     cocotb.i2c_master                  i2c_master_tb: test 'I2C07UnsupportedSlave00Test' completed\n   230.00ns INFO     cocotb.regression                  test_top.i2c_master_tb passed\n   230.00ns INFO     cocotb.regression                  **************************************************************************************\n                                                        ** TEST                          STATUS  SIM TIME (ns)  REAL TIME (s)  RATIO (ns/s) **\n                                                        **************************************************************************************\n                                                        ** test_top.i2c_master_tb         PASS         230.00           0.01      18856.24  **\n                                                        **************************************************************************************\n                                                        ** TESTS=1 PASS=1 FAIL=0 SKIP=0                230.00           0.01      18619.92  **\n                                                        **************************************************************************************\n- :0: Verilog $finish\n",
        "command": [
          "timeout",
          "--signal=TERM",
          "--kill-after=5",
          "60",
          "make",
          "-f",
          "/workspace/generated/designs/i2c_benchmark/tb/.chia_sim/Makefile",
          "SIM=verilator",
          "TOPLEVEL_LANG=verilog",
          "TOPLEVEL=i2c_master",
          "COCOTB_TOPLEVEL=i2c_master",
          "MODULE=test_top",
          "COCOTB_TEST_MODULES=test_top",
          "VERILOG_SOURCES=/workspace/benchmarks/i2c_benchmark/i2c_master.sv",
          "SIM_BUILD=/workspace/generated/designs/i2c_benchmark/tb/.chia_sim/build/c91bda1899ea",
          "COCOTB_RESULTS_FILE=/workspace/generated/designs/i2c_benchmark/tb/.chia_sim/I2C07UnsupportedSlave00Test.xml",
          "COCOTB_HDL_TIMEUNIT=1ns",
          "COCOTB_HDL_TIMEPRECISION=1ps",
          "BUILD_ARGS=-j 4"
        ],
        "test_name": "I2C07UnsupportedSlave00Test",
        "test_module": "test_top",
        "results_file": "/workspace/generated/designs/i2c_benchmark/tb/.chia_sim/I2C07UnsupportedSlave00Test.xml",
        "results_file_exists": true
      },
      "I2C08UnsupportedSlave01Test": {
        "status": "pass",
        "category": "pass",
        "timed_out": false,
        "watchdog_expired": false,
        "returncode": 0,
        "counts": {
          "uvm_errors": 0,
          "uvm_fatals": 0,
          "uvm_warnings": 0,
          "scoreboard_mismatches": 0,
          "assertion_failures": 0
        },
        "clean_exit": true,
        "log": "rm -f /workspace/generated/designs/i2c_benchmark/tb/.chia_sim/I2C08UnsupportedSlave01Test.xml\nrm -f /workspace/generated/designs/i2c_benchmark/tb/.chia_sim/I2C08UnsupportedSlave01Test.xml\nCOCOTB_TEST_MODULES=test_top COCOTB_TESTCASE=  COCOTB_TOPLEVEL=i2c_master TOPLEVEL_LANG=verilog       \\\n         /workspace/generated/designs/i2c_benchmark/tb/.chia_sim/build/c91bda1899ea/Vtop     \n     -.--ns INFO     gpi                                ../gpi/GpiCommon.cpp:242  in gpi_load_users                  Loaded entry library: '/home/ray/anaconda3/lib/libpython3.10.so.1.0'\n     -.--ns INFO     gpi                                ../gpi/GpiCommon.cpp:233  in gpi_load_users                  Running entry func 'initialize' from loaded library '/home/ray/anaconda3/lib/python3.10/site-packages/cocotb/simulator.cpython-310-x86_64-linux-gnu.so'\n     -.--ns INFO     pygpi                              ..ib/pygpi/embed.cpp:114  in initialize                      Using Python 3.10.19 interpreter at /home/ray/anaconda3/bin/python3\n     -.--ns INFO     gpi                                ../gpi/GpiCommon.cpp:74   in gpi_print_registered_impl       GPI: VPI support registered\n     0.00ns INFO     cocotb.initialize                  Seeding Python random module with 1789250114\n     0.00ns INFO     cocotb.initialize                  Initialized cocotb v2.1.0 from /home/ray/anaconda3/lib/python3.10/site-packages/cocotb\n     0.00ns INFO     cocotb.initialize                  Running on Verilator version 5.042 2025-11-02\n     0.00ns INFO     cocotb.regression                  Running tests\n     0.00ns INFO     cocotb.regression                  running test_top.i2c_master_tb (1/1)\n                                                            Single cocotb entry point \u2014 mirrors SV UVM's ``+UVM_TESTNAME`` flow.\n     0.00ns INFO     cocotb.i2c_master                  i2c_master_tb: UVM_TESTNAME=I2C08UnsupportedSlave01Test clk_period_ns=10 watchdog_cycles=300000\n     0.00ns WARNING  py.warnings                        /workspace/generated/designs/i2c_benchmark/tb/test_top.py:87: DeprecationWarning: The 'units' argument has been renamed to 'unit'.\n                                                          cocotb.start_soon(Clock(dut.clk, clock_period_ns, units=\"ns\").start())\n    40.00ns INFO     ..ns/i2c_benchmark/tb/test.py(108) [uvm_test_top]: uvm_test_top: I2CEnv created\n    40.00ns INFO     ..igns/i2c_benchmark/tb/env.py(80) [uvm_test_top.i2c_env]: i2c_env: I2CAgent, I2CScoreboard, I2CCoverage built; 6 assertion checkers launched\n    40.00ns INFO     ..igns/i2c_benchmark/tb/env.py(90) [uvm_test_top.i2c_env]: i2c_env: agent.analysis_port -> scoreboard.analysis_export and coverage.analysis_export\n    40.00ns INFO     .._benchmark/tb/scoreboard.py(134) [uvm_test_top.i2c_env.i2c_scoreboard]: i2c_scoreboard: rst_n asserted -> reference model memory cleared (1 so far)\n   130.00ns WARNING  py.warnings                        /workspace/generated/designs/i2c_benchmark/tb/dut_helper.py:108: DeprecationWarning: `logic_array.binstr` getter is deprecated. Use `str(logic_array)` instead.\n                                                          if hasattr(pin_value, \"binstr\"):\n   130.00ns WARNING  tb.assertions                      [assertion scl_sda_released_in_idle] WARNING: scl actively driven low ('0') while busy==0 (open-drain line must be released)\n   130.00ns WARNING  tb.assertions                      [assertion scl_sda_released_in_idle] WARNING: sda actively driven low ('0') while busy==0 (open-drain line must be released)\n   140.00ns WARNING  tb.assertions                      [assertion scl_sda_released_in_idle] WARNING: scl actively driven low ('0') while busy==0 (open-drain line must be released)\n   140.00ns WARNING  tb.assertions                      [assertion scl_sda_released_in_idle] WARNING: sda actively driven low ('0') while busy==0 (open-drain line must be released)\n   150.00ns WARNING  tb.assertions                      [assertion scl_sda_released_in_idle] WARNING: scl actively driven low ('0') while busy==0 (open-drain line must be released)\n   150.00ns WARNING  tb.assertions                      [assertion scl_sda_released_in_idle] WARNING: sda actively driven low ('0') while busy==0 (open-drain line must be released)\n   200.00ns WARNING  tb.assertions                      [assertion scl_sda_released_in_idle] WARNING: scl actively driven low ('0') while busy==0 (open-drain line must be released)\n   200.00ns WARNING  tb.assertions                      [assertion scl_sda_released_in_idle] WARNING: sda actively driven low ('0') while busy==0 (open-drain line must be released)\n   210.00ns WARNING  tb.assertions                      [assertion scl_sda_released_in_idle] WARNING: scl actively driven low ('0') while busy==0 (open-drain line must be released)\n   210.00ns WARNING  tb.assertions                      [assertion scl_sda_released_in_idle] WARNING: sda actively driven low ('0') while busy==0 (open-drain line must be released)\n   220.00ns WARNING  tb.assertions                      [assertion scl_sda_released_in_idle] WARNING: scl actively driven low ('0') while busy==0 (open-drain line must be released)\n   220.00ns WARNING  tb.assertions                      [assertion scl_sda_released_in_idle] WARNING: sda actively driven low ('0') while busy==0 (open-drain line must be released)\n   230.00ns WARNING  tb.assertions                      [assertion scl_sda_released_in_idle] WARNING: scl actively driven low ('0') while busy==0 (open-drain line must be released)\n   230.00ns WARNING  tb.assertions                      [assertion scl_sda_released_in_idle] WARNING: sda actively driven low ('0') while busy==0 (open-drain line must be released)\n   230.00ns INFO     ..gns/i2c_benchmark/tb/env.py(103) [uvm_test_top.i2c_env]: i2c_scoreboard: 1 items, 1 matched, 0 failed, 1 resets observed\n   230.00ns INFO     ..gns/i2c_benchmark/tb/env.py(105) [uvm_test_top.i2c_env]: I2CAssertions: 6 active checkers, violations -> scl_sda_released_in_idle=14\n   230.00ns INFO     ../cocotb_coverage/coverage.py(94) [uvm_test_top.i2c_env]:    top.transaction_cg : <cocotb_coverage.coverage.CoverItem object at 0x78f2cbe3ad70>, coverage=9, size=36 \n   230.00ns INFO     ../cocotb_coverage/coverage.py(94) [uvm_test_top.i2c_env]:       top.transaction_cg.ack_error_cp : <cocotb_coverage.coverage.CoverPoint object at 0x78f2cbe3a9e0>, coverage=1, size=2 \n   230.00ns INFO     ../cocotb_coverage/coverage.py(94) [uvm_test_top.i2c_env]:       top.transaction_cg.read_data_cp : <cocotb_coverage.coverage.CoverPoint object at 0x78f2cbe3b0a0>, coverage=1, size=4 \n   230.00ns INFO     ../cocotb_coverage/coverage.py(94) [uvm_test_top.i2c_env]:       top.transaction_cg.reg_addr_cp : <cocotb_coverage.coverage.CoverPoint object at 0x78f2cbe388e0>, coverage=1, size=3 \n   230.00ns INFO     ../cocotb_coverage/coverage.py(94) [uvm_test_top.i2c_env]:       top.transaction_cg.rw_cp : <cocotb_coverage.coverage.CoverPoint object at 0x78f2cbe3aa40>, coverage=1, size=2 \n   230.00ns INFO     ../cocotb_coverage/coverage.py(94) [uvm_test_top.i2c_env]:       top.transaction_cg.rw_x_reg_addr : <cocotb_coverage.coverage.CoverCross object at 0x78f2cbe3bd00>, coverage=1, size=6 \n   230.00ns INFO     ../cocotb_coverage/coverage.py(94) [uvm_test_top.i2c_env]:       top.transaction_cg.rw_x_slave_addr : <cocotb_coverage.coverage.CoverCross object at 0x78f2cbe386a0>, coverage=1, size=6 \n   230.00ns INFO     ../cocotb_coverage/coverage.py(94) [uvm_test_top.i2c_env]:       top.transaction_cg.slave_addr_cp : <cocotb_coverage.coverage.CoverPoint object at 0x78f2cbe393f0>, coverage=1, size=3 \n   230.00ns INFO     ../cocotb_coverage/coverage.py(94) [uvm_test_top.i2c_env]:       top.transaction_cg.slave_addr_x_ack_error : <cocotb_coverage.coverage.CoverCross object at 0x78f2cbe38580>, coverage=1, size=6 \n   230.00ns INFO     ../cocotb_coverage/coverage.py(94) [uvm_test_top.i2c_env]:       top.transaction_cg.write_data_cp : <cocotb_coverage.coverage.CoverPoint object at 0x78f2cbe3bc40>, coverage=1, size=4 \n   230.00ns INFO     ..gns/i2c_benchmark/tb/env.py(107) [uvm_test_top.i2c_env]: i2c_env: functional coverage 25.0% of transaction_cg\n   230.00ns INFO     ..ns/i2c_benchmark/tb/test.py(174) [uvm_test_top]: TEST PASSED: uvm_test_top (I2C_08): 1 completed transactions matched the reference model, 0 failures, 1 reset(s) observed\n   230.00ns WARNING  py.warnings                        /workspace/generated/designs/i2c_benchmark/tb/assertions.py:157: DeprecationWarning: `task.kill()` is deprecated in favor of `task.cancel()`\n                                                          task.kill()\n   230.00ns INFO     ..gns/i2c_benchmark/tb/env.py(122) [uvm_test_top.i2c_env]: i2c_env: assertion checkers stopped\n   230.00ns WARNING  py.warnings                        /workspace/generated/designs/i2c_benchmark/tb/test_top.py:126: DeprecationWarning: `task.kill()` is deprecated in favor of `task.cancel()`\n                                                          watchdog_task.kill()\n   230.00ns INFO     cocotb.i2c_master                  i2c_master_tb: test 'I2C08UnsupportedSlave01Test' completed\n   230.00ns INFO     cocotb.regression                  test_top.i2c_master_tb passed\n   230.00ns INFO     cocotb.regression                  **************************************************************************************\n                                                        ** TEST                          STATUS  SIM TIME (ns)  REAL TIME (s)  RATIO (ns/s) **\n                                                        **************************************************************************************\n                                                        ** test_top.i2c_master_tb         PASS         230.00           0.01      19183.70  **\n                                                        **************************************************************************************\n                                                        ** TESTS=1 PASS=1 FAIL=0 SKIP=0                230.00           0.01      18933.10  **\n                                                        **************************************************************************************\n- :0: Verilog $finish\n",
        "command": [
          "timeout",
          "--signal=TERM",
          "--kill-after=5",
          "60",
          "make",
          "-f",
          "/workspace/generated/designs/i2c_benchmark/tb/.chia_sim/Makefile",
          "SIM=verilator",
          "TOPLEVEL_LANG=verilog",
          "TOPLEVEL=i2c_master",
          "COCOTB_TOPLEVEL=i2c_master",
          "MODULE=test_top",
          "COCOTB_TEST_MODULES=test_top",
          "VERILOG_SOURCES=/workspace/benchmarks/i2c_benchmark/i2c_master.sv",
          "SIM_BUILD=/workspace/generated/designs/i2c_benchmark/tb/.chia_sim/build/c91bda1899ea",
          "COCOTB_RESULTS_FILE=/workspace/generated/designs/i2c_benchmark/tb/.chia_sim/I2C08UnsupportedSlave01Test.xml",
          "COCOTB_HDL_TIMEUNIT=1ns",
          "COCOTB_HDL_TIMEPRECISION=1ps",
          "BUILD_ARGS=-j 4"
        ],
        "test_name": "I2C08UnsupportedSlave01Test",
        "test_module": "test_top",
        "results_file": "/workspace/generated/designs/i2c_benchmark/tb/.chia_sim/I2C08UnsupportedSlave01Test.xml",
        "results_file_exists": true
      },
      "I2C09UnsupportedSlave7FTest": {
        "status": "pass",
        "category": "pass",
        "timed_out": false,
        "watchdog_expired": false,
        "returncode": 0,
        "counts": {
          "uvm_errors": 0,
          "uvm_fatals": 0,
          "uvm_warnings": 0,
          "scoreboard_mismatches": 0,
          "assertion_failures": 0
        },
        "clean_exit": true,
        "log": "rm -f /workspace/generated/designs/i2c_benchmark/tb/.chia_sim/I2C09UnsupportedSlave7FTest.xml\nrm -f /workspace/generated/designs/i2c_benchmark/tb/.chia_sim/I2C09UnsupportedSlave7FTest.xml\nCOCOTB_TEST_MODULES=test_top COCOTB_TESTCASE=  COCOTB_TOPLEVEL=i2c_master TOPLEVEL_LANG=verilog       \\\n         /workspace/generated/designs/i2c_benchmark/tb/.chia_sim/build/c91bda1899ea/Vtop     \n     -.--ns INFO     gpi                                ../gpi/GpiCommon.cpp:242  in gpi_load_users                  Loaded entry library: '/home/ray/anaconda3/lib/libpython3.10.so.1.0'\n     -.--ns INFO     gpi                                ../gpi/GpiCommon.cpp:233  in gpi_load_users                  Running entry func 'initialize' from loaded library '/home/ray/anaconda3/lib/python3.10/site-packages/cocotb/simulator.cpython-310-x86_64-linux-gnu.so'\n     -.--ns INFO     pygpi                              ..ib/pygpi/embed.cpp:114  in initialize                      Using Python 3.10.19 interpreter at /home/ray/anaconda3/bin/python3\n     -.--ns INFO     gpi                                ../gpi/GpiCommon.cpp:74   in gpi_print_registered_impl       GPI: VPI support registered\n     0.00ns INFO     cocotb.initialize                  Seeding Python random module with 1789250114\n     0.00ns INFO     cocotb.initialize                  Initialized cocotb v2.1.0 from /home/ray/anaconda3/lib/python3.10/site-packages/cocotb\n     0.00ns INFO     cocotb.initialize                  Running on Verilator version 5.042 2025-11-02\n     0.00ns INFO     cocotb.regression                  Running tests\n     0.00ns INFO     cocotb.regression                  running test_top.i2c_master_tb (1/1)\n                                                            Single cocotb entry point \u2014 mirrors SV UVM's ``+UVM_TESTNAME`` flow.\n     0.00ns INFO     cocotb.i2c_master                  i2c_master_tb: UVM_TESTNAME=I2C09UnsupportedSlave7FTest clk_period_ns=10 watchdog_cycles=300000\n     0.00ns WARNING  py.warnings                        /workspace/generated/designs/i2c_benchmark/tb/test_top.py:87: DeprecationWarning: The 'units' argument has been renamed to 'unit'.\n                                                          cocotb.start_soon(Clock(dut.clk, clock_period_ns, units=\"ns\").start())\n    40.00ns INFO     ..ns/i2c_benchmark/tb/test.py(108) [uvm_test_top]: uvm_test_top: I2CEnv created\n    40.00ns INFO     ..igns/i2c_benchmark/tb/env.py(80) [uvm_test_top.i2c_env]: i2c_env: I2CAgent, I2CScoreboard, I2CCoverage built; 6 assertion checkers launched\n    40.00ns INFO     ..igns/i2c_benchmark/tb/env.py(90) [uvm_test_top.i2c_env]: i2c_env: agent.analysis_port -> scoreboard.analysis_export and coverage.analysis_export\n    40.00ns INFO     .._benchmark/tb/scoreboard.py(134) [uvm_test_top.i2c_env.i2c_scoreboard]: i2c_scoreboard: rst_n asserted -> reference model memory cleared (1 so far)\n   130.00ns WARNING  py.warnings                        /workspace/generated/designs/i2c_benchmark/tb/dut_helper.py:108: DeprecationWarning: `logic_array.binstr` getter is deprecated. Use `str(logic_array)` instead.\n                                                          if hasattr(pin_value, \"binstr\"):\n   130.00ns WARNING  tb.assertions                      [assertion scl_sda_released_in_idle] WARNING: scl actively driven low ('0') while busy==0 (open-drain line must be released)\n   130.00ns WARNING  tb.assertions                      [assertion scl_sda_released_in_idle] WARNING: sda actively driven low ('0') while busy==0 (open-drain line must be released)\n   140.00ns WARNING  tb.assertions                      [assertion scl_sda_released_in_idle] WARNING: scl actively driven low ('0') while busy==0 (open-drain line must be released)\n   140.00ns WARNING  tb.assertions                      [assertion scl_sda_released_in_idle] WARNING: sda actively driven low ('0') while busy==0 (open-drain line must be released)\n   150.00ns WARNING  tb.assertions                      [assertion scl_sda_released_in_idle] WARNING: scl actively driven low ('0') while busy==0 (open-drain line must be released)\n   150.00ns WARNING  tb.assertions                      [assertion scl_sda_released_in_idle] WARNING: sda actively driven low ('0') while busy==0 (open-drain line must be released)\n   200.00ns WARNING  tb.assertions                      [assertion scl_sda_released_in_idle] WARNING: scl actively driven low ('0') while busy==0 (open-drain line must be released)\n   200.00ns WARNING  tb.assertions                      [assertion scl_sda_released_in_idle] WARNING: sda actively driven low ('0') while busy==0 (open-drain line must be released)\n   210.00ns WARNING  tb.assertions                      [assertion scl_sda_released_in_idle] WARNING: scl actively driven low ('0') while busy==0 (open-drain line must be released)\n   210.00ns WARNING  tb.assertions                      [assertion scl_sda_released_in_idle] WARNING: sda actively driven low ('0') while busy==0 (open-drain line must be released)\n   220.00ns WARNING  tb.assertions                      [assertion scl_sda_released_in_idle] WARNING: scl actively driven low ('0') while busy==0 (open-drain line must be released)\n   220.00ns WARNING  tb.assertions                      [assertion scl_sda_released_in_idle] WARNING: sda actively driven low ('0') while busy==0 (open-drain line must be released)\n   230.00ns WARNING  tb.assertions                      [assertion scl_sda_released_in_idle] WARNING: scl actively driven low ('0') while busy==0 (open-drain line must be released)\n   230.00ns WARNING  tb.assertions                      [assertion scl_sda_released_in_idle] WARNING: sda actively driven low ('0') while busy==0 (open-drain line must be released)\n   230.00ns INFO     ..gns/i2c_benchmark/tb/env.py(103) [uvm_test_top.i2c_env]: i2c_scoreboard: 1 items, 1 matched, 0 failed, 1 resets observed\n   230.00ns INFO     ..gns/i2c_benchmark/tb/env.py(105) [uvm_test_top.i2c_env]: I2CAssertions: 6 active checkers, violations -> scl_sda_released_in_idle=14\n   230.00ns INFO     ../cocotb_coverage/coverage.py(94) [uvm_test_top.i2c_env]:    top.transaction_cg : <cocotb_coverage.coverage.CoverItem object at 0x724c5420ed70>, coverage=9, size=36 \n   230.00ns INFO     ../cocotb_coverage/coverage.py(94) [uvm_test_top.i2c_env]:       top.transaction_cg.ack_error_cp : <cocotb_coverage.coverage.CoverPoint object at 0x724c5420e9e0>, coverage=1, size=2 \n   230.00ns INFO     ../cocotb_coverage/coverage.py(94) [uvm_test_top.i2c_env]:       top.transaction_cg.read_data_cp : <cocotb_coverage.coverage.CoverPoint object at 0x724c5420f0a0>, coverage=1, size=4 \n   230.00ns INFO     ../cocotb_coverage/coverage.py(94) [uvm_test_top.i2c_env]:       top.transaction_cg.reg_addr_cp : <cocotb_coverage.coverage.CoverPoint object at 0x724c5420c8e0>, coverage=1, size=3 \n   230.00ns INFO     ../cocotb_coverage/coverage.py(94) [uvm_test_top.i2c_env]:       top.transaction_cg.rw_cp : <cocotb_coverage.coverage.CoverPoint object at 0x724c5420ea40>, coverage=1, size=2 \n   230.00ns INFO     ../cocotb_coverage/coverage.py(94) [uvm_test_top.i2c_env]:       top.transaction_cg.rw_x_reg_addr : <cocotb_coverage.coverage.CoverCross object at 0x724c5420fd00>, coverage=1, size=6 \n   230.00ns INFO     ../cocotb_coverage/coverage.py(94) [uvm_test_top.i2c_env]:       top.transaction_cg.rw_x_slave_addr : <cocotb_coverage.coverage.CoverCross object at 0x724c5420c6a0>, coverage=1, size=6 \n   230.00ns INFO     ../cocotb_coverage/coverage.py(94) [uvm_test_top.i2c_env]:       top.transaction_cg.slave_addr_cp : <cocotb_coverage.coverage.CoverPoint object at 0x724c5420d3f0>, coverage=1, size=3 \n   230.00ns INFO     ../cocotb_coverage/coverage.py(94) [uvm_test_top.i2c_env]:       top.transaction_cg.slave_addr_x_ack_error : <cocotb_coverage.coverage.CoverCross object at 0x724c5420c580>, coverage=1, size=6 \n   230.00ns INFO     ../cocotb_coverage/coverage.py(94) [uvm_test_top.i2c_env]:       top.transaction_cg.write_data_cp : <cocotb_coverage.coverage.CoverPoint object at 0x724c5420fc40>, coverage=1, size=4 \n   230.00ns INFO     ..gns/i2c_benchmark/tb/env.py(107) [uvm_test_top.i2c_env]: i2c_env: functional coverage 25.0% of transaction_cg\n   230.00ns INFO     ..ns/i2c_benchmark/tb/test.py(174) [uvm_test_top]: TEST PASSED: uvm_test_top (I2C_09): 1 completed transactions matched the reference model, 0 failures, 1 reset(s) observed\n   230.00ns WARNING  py.warnings                        /workspace/generated/designs/i2c_benchmark/tb/assertions.py:157: DeprecationWarning: `task.kill()` is deprecated in favor of `task.cancel()`\n                                                          task.kill()\n   230.00ns INFO     ..gns/i2c_benchmark/tb/env.py(122) [uvm_test_top.i2c_env]: i2c_env: assertion checkers stopped\n   230.00ns WARNING  py.warnings                        /workspace/generated/designs/i2c_benchmark/tb/test_top.py:126: DeprecationWarning: `task.kill()` is deprecated in favor of `task.cancel()`\n                                                          watchdog_task.kill()\n   230.00ns INFO     cocotb.i2c_master                  i2c_master_tb: test 'I2C09UnsupportedSlave7FTest' completed\n   230.00ns INFO     cocotb.regression                  test_top.i2c_master_tb passed\n   230.00ns INFO     cocotb.regression                  **************************************************************************************\n                                                        ** TEST                          STATUS  SIM TIME (ns)  REAL TIME (s)  RATIO (ns/s) **\n                                                        **************************************************************************************\n                                                        ** test_top.i2c_master_tb         PASS         230.00           0.01      19365.97  **\n                                                        **************************************************************************************\n                                                        ** TESTS=1 PASS=1 FAIL=0 SKIP=0                230.00           0.01      19111.23  **\n                                                        **************************************************************************************\n- :0: Verilog $finish\n",
        "command": [
          "timeout",
          "--signal=TERM",
          "--kill-after=5",
          "60",
          "make",
          "-f",
          "/workspace/generated/designs/i2c_benchmark/tb/.chia_sim/Makefile",
          "SIM=verilator",
          "TOPLEVEL_LANG=verilog",
          "TOPLEVEL=i2c_master",
          "COCOTB_TOPLEVEL=i2c_master",
          "MODULE=test_top",
          "COCOTB_TEST_MODULES=test_top",
          "VERILOG_SOURCES=/workspace/benchmarks/i2c_benchmark/i2c_master.sv",
          "SIM_BUILD=/workspace/generated/designs/i2c_benchmark/tb/.chia_sim/build/c91bda1899ea",
          "COCOTB_RESULTS_FILE=/workspace/generated/designs/i2c_benchmark/tb/.chia_sim/I2C09UnsupportedSlave7FTest.xml",
          "COCOTB_HDL_TIMEUNIT=1ns",
          "COCOTB_HDL_TIMEPRECISION=1ps",
          "BUILD_ARGS=-j 4"
        ],
        "test_name": "I2C09UnsupportedSlave7FTest",
        "test_module": "test_top",
        "results_file": "/workspace/generated/designs/i2c_benchmark/tb/.chia_sim/I2C09UnsupportedSlave7FTest.xml",
        "results_file_exists": true
      },
      "I2C10StartWhileBusyTest": {
        "status": "runtime_error",
        "category": "runtime_error",
        "timed_out": false,
        "watchdog_expired": false,
        "returncode": 2,
        "counts": {
          "uvm_errors": 0,
          "uvm_fatals": 0,
          "uvm_warnings": 0,
          "scoreboard_mismatches": 0,
          "assertion_failures": 0
        },
        "clean_exit": false,
        "log": "rm -f /workspace/generated/designs/i2c_benchmark/tb/.chia_sim/I2C10StartWhileBusyTest.xml\nrm -f /workspace/generated/designs/i2c_benchmark/tb/.chia_sim/I2C10StartWhileBusyTest.xml\nCOCOTB_TEST_MODULES=test_top COCOTB_TESTCASE=  COCOTB_TOPLEVEL=i2c_master TOPLEVEL_LANG=verilog       \\\n         /workspace/generated/designs/i2c_benchmark/tb/.chia_sim/build/c91bda1899ea/Vtop     \n     -.--ns INFO     gpi                                ../gpi/GpiCommon.cpp:242  in gpi_load_users                  Loaded entry library: '/home/ray/anaconda3/lib/libpython3.10.so.1.0'\n     -.--ns INFO     gpi                                ../gpi/GpiCommon.cpp:233  in gpi_load_users                  Running entry func 'initialize' from loaded library '/home/ray/anaconda3/lib/python3.10/site-packages/cocotb/simulator.cpython-310-x86_64-linux-gnu.so'\n     -.--ns INFO     pygpi                              ..ib/pygpi/embed.cpp:114  in initialize                      Using Python 3.10.19 interpreter at /home/ray/anaconda3/bin/python3\n     -.--ns INFO     gpi                                ../gpi/GpiCommon.cpp:74   in gpi_print_registered_impl       GPI: VPI support registered\n     0.00ns INFO     cocotb.initialize                  Seeding Python random module with 1789250115\n     0.00ns INFO     cocotb.initialize                  Initialized cocotb v2.1.0 from /home/ray/anaconda3/lib/python3.10/site-packages/cocotb\n     0.00ns INFO     cocotb.initialize                  Running on Verilator version 5.042 2025-11-02\n     0.00ns INFO     cocotb.regression                  Running tests\n     0.00ns INFO     cocotb.regression                  running test_top.i2c_master_tb (1/1)\n                                                            Single cocotb entry point \u2014 mirrors SV UVM's ``+UVM_TESTNAME`` flow.\n     0.00ns INFO     cocotb.i2c_master                  i2c_master_tb: UVM_TESTNAME=I2C10StartWhileBusyTest clk_period_ns=10 watchdog_cycles=300000\n     0.00ns WARNING  py.warnings                        /workspace/generated/designs/i2c_benchmark/tb/test_top.py:87: DeprecationWarning: The 'units' argument has been renamed to 'unit'.\n                                                          cocotb.start_soon(Clock(dut.clk, clock_period_ns, units=\"ns\").start())\n    40.00ns INFO     ..ns/i2c_benchmark/tb/test.py(108) [uvm_test_top]: uvm_test_top: I2CEnv created\n    40.00ns INFO     ..igns/i2c_benchmark/tb/env.py(80) [uvm_test_top.i2c_env]: i2c_env: I2CAgent, I2CScoreboard, I2CCoverage built; 6 assertion checkers launched\n    40.00ns INFO     ..igns/i2c_benchmark/tb/env.py(90) [uvm_test_top.i2c_env]: i2c_env: agent.analysis_port -> scoreboard.analysis_export and coverage.analysis_export\n    40.00ns INFO     .._benchmark/tb/scoreboard.py(134) [uvm_test_top.i2c_env.i2c_scoreboard]: i2c_scoreboard: rst_n asserted -> reference model memory cleared (1 so far)\n   130.00ns WARNING  py.warnings                        /workspace/generated/designs/i2c_benchmark/tb/dut_helper.py:108: DeprecationWarning: `logic_array.binstr` getter is deprecated. Use `str(logic_array)` instead.\n                                                          if hasattr(pin_value, \"binstr\"):\n   130.00ns WARNING  tb.assertions                      [assertion scl_sda_released_in_idle] WARNING: scl actively driven low ('0') while busy==0 (open-drain line must be released)\n   130.00ns WARNING  tb.assertions                      [assertion scl_sda_released_in_idle] WARNING: sda actively driven low ('0') while busy==0 (open-drain line must be released)\n   140.00ns WARNING  tb.assertions                      [assertion scl_sda_released_in_idle] WARNING: scl actively driven low ('0') while busy==0 (open-drain line must be released)\n   140.00ns WARNING  tb.assertions                      [assertion scl_sda_released_in_idle] WARNING: sda actively driven low ('0') while busy==0 (open-drain line must be released)\n   150.00ns WARNING  tb.assertions                      [assertion scl_sda_released_in_idle] WARNING: scl actively driven low ('0') while busy==0 (open-drain line must be released)\n   150.00ns WARNING  tb.assertions                      [assertion scl_sda_released_in_idle] WARNING: sda actively driven low ('0') while busy==0 (open-drain line must be released)\n   160.00ns WARNING  tb.assertions                      [assertion scl_sda_released_in_idle] WARNING: scl actively driven low ('0') while busy==0 (open-drain line must be released)\n   160.00ns WARNING  tb.assertions                      [assertion scl_sda_released_in_idle] WARNING: sda actively driven low ('0') while busy==0 (open-drain line must be released)\n   160.00ns WARNING  py.warnings                        /workspace/generated/designs/i2c_benchmark/tb/test_top.py:126: DeprecationWarning: `task.kill()` is deprecated in favor of `task.cancel()`\n                                                          watchdog_task.kill()\n   160.00ns WARNING  cocotb.regression                  test_top.i2c_master_tb failed\n                                                        Traceback (most recent call last):\n                                                          File \"/workspace/generated/designs/i2c_benchmark/tb/test.py\", line 121, in run_phase\n                                                            await self._run_scenario()\n                                                          File \"/workspace/generated/designs/i2c_benchmark/tb/test.py\", line 136, in _run_scenario\n                                                            await self._run_single_sequence(self.SEQUENCE_CLASS)\n                                                          File \"/workspace/generated/designs/i2c_benchmark/tb/test.py\", line 142, in _run_single_sequence\n                                                            await seq.start(self.env.agent.sequencer)\n                                                          File \"/home/ray/anaconda3/lib/python3.10/site-packages/pyuvm/_s14_15_python_sequences.py\", line 474, in start\n                                                            await self.body()\n                                                          File \"/workspace/generated/designs/i2c_benchmark/tb/sequences.py\", line 522, in body\n                                                            await self._start_while_busy_flow()\n                                                          File \"/workspace/generated/designs/i2c_benchmark/tb/sequences.py\", line 473, in _start_while_busy_flow\n                                                            raise AssertionError(\n                                                        AssertionError: i2c_10_start_while_busy: primary write did not go busy\n   160.00ns INFO     cocotb.regression                  **************************************************************************************\n                                                        ** TEST                          STATUS  SIM TIME (ns)  REAL TIME (s)  RATIO (ns/s) **\n                                                        **************************************************************************************\n                                                        ** test_top.i2c_master_tb         FAIL         160.00           0.01      15384.45  **\n                                                        **************************************************************************************\n                                                        ** TESTS=1 PASS=0 FAIL=1 SKIP=0                160.00           0.01      14864.78  **\n                                                        **************************************************************************************\n- :0: Verilog $finish\nmake: *** [/home/ray/anaconda3/lib/python3.10/site-packages/cocotb_tools/makefiles/simulators/Makefile.verilator:74: /workspace/generated/designs/i2c_benchmark/tb/.chia_sim/I2C10StartWhileBusyTest.xml] Error 1\n",
        "command": [
          "timeout",
          "--signal=TERM",
          "--kill-after=5",
          "60",
          "make",
          "-f",
          "/workspace/generated/designs/i2c_benchmark/tb/.chia_sim/Makefile",
          "SIM=verilator",
          "TOPLEVEL_LANG=verilog",
          "TOPLEVEL=i2c_master",
          "COCOTB_TOPLEVEL=i2c_master",
          "MODULE=test_top",
          "COCOTB_TEST_MODULES=test_top",
          "VERILOG_SOURCES=/workspace/benchmarks/i2c_benchmark/i2c_master.sv",
          "SIM_BUILD=/workspace/generated/designs/i2c_benchmark/tb/.chia_sim/build/c91bda1899ea",
          "COCOTB_RESULTS_FILE=/workspace/generated/designs/i2c_benchmark/tb/.chia_sim/I2C10StartWhileBusyTest.xml",
          "COCOTB_HDL_TIMEUNIT=1ns",
          "COCOTB_HDL_TIMEPRECISION=1ps",
          "BUILD_ARGS=-j 4"
        ],
        "test_name": "I2C10StartWhileBusyTest",
        "test_module": "test_top",
        "results_file": "/workspace/generated/designs/i2c_benchmark/tb/.chia_sim/I2C10StartWhileBusyTest.xml",
        "results_file_exists": true
      },
      "I2C11DonePulseWidthTest": {
        "status": "runtime_error",
        "category": "runtime_error",
        "timed_out": false,
        "watchdog_expired": false,
        "returncode": 2,
        "counts": {
          "uvm_errors": 0,
          "uvm_fatals": 0,
          "uvm_warnings": 0,
          "scoreboard_mismatches": 1,
          "assertion_failures": 0
        },
        "clean_exit": false,
        "log": "rm -f /workspace/generated/designs/i2c_benchmark/tb/.chia_sim/I2C11DonePulseWidthTest.xml\nrm -f /workspace/generated/designs/i2c_benchmark/tb/.chia_sim/I2C11DonePulseWidthTest.xml\nCOCOTB_TEST_MODULES=test_top COCOTB_TESTCASE=  COCOTB_TOPLEVEL=i2c_master TOPLEVEL_LANG=verilog       \\\n         /workspace/generated/designs/i2c_benchmark/tb/.chia_sim/build/c91bda1899ea/Vtop     \n     -.--ns INFO     gpi                                ../gpi/GpiCommon.cpp:242  in gpi_load_users                  Loaded entry library: '/home/ray/anaconda3/lib/libpython3.10.so.1.0'\n     -.--ns INFO     gpi                                ../gpi/GpiCommon.cpp:233  in gpi_load_users                  Running entry func 'initialize' from loaded library '/home/ray/anaconda3/lib/python3.10/site-packages/cocotb/simulator.cpython-310-x86_64-linux-gnu.so'\n     -.--ns INFO     pygpi                              ..ib/pygpi/embed.cpp:114  in initialize                      Using Python 3.10.19 interpreter at /home/ray/anaconda3/bin/python3\n     -.--ns INFO     gpi                                ../gpi/GpiCommon.cpp:74   in gpi_print_registered_impl       GPI: VPI support registered\n     0.00ns INFO     cocotb.initialize                  Seeding Python random module with 1789250116\n     0.00ns INFO     cocotb.initialize                  Initialized cocotb v2.1.0 from /home/ray/anaconda3/lib/python3.10/site-packages/cocotb\n     0.00ns INFO     cocotb.initialize                  Running on Verilator version 5.042 2025-11-02\n     0.00ns INFO     cocotb.regression                  Running tests\n     0.00ns INFO     cocotb.regression                  running test_top.i2c_master_tb (1/1)\n                                                            Single cocotb entry point \u2014 mirrors SV UVM's ``+UVM_TESTNAME`` flow.\n     0.00ns INFO     cocotb.i2c_master                  i2c_master_tb: UVM_TESTNAME=I2C11DonePulseWidthTest clk_period_ns=10 watchdog_cycles=300000\n     0.00ns WARNING  py.warnings                        /workspace/generated/designs/i2c_benchmark/tb/test_top.py:87: DeprecationWarning: The 'units' argument has been renamed to 'unit'.\n                                                          cocotb.start_soon(Clock(dut.clk, clock_period_ns, units=\"ns\").start())\n    40.00ns INFO     ..ns/i2c_benchmark/tb/test.py(108) [uvm_test_top]: uvm_test_top: I2CEnv created\n    40.00ns INFO     ..igns/i2c_benchmark/tb/env.py(80) [uvm_test_top.i2c_env]: i2c_env: I2CAgent, I2CScoreboard, I2CCoverage built; 6 assertion checkers launched\n    40.00ns INFO     ..igns/i2c_benchmark/tb/env.py(90) [uvm_test_top.i2c_env]: i2c_env: agent.analysis_port -> scoreboard.analysis_export and coverage.analysis_export\n    40.00ns INFO     .._benchmark/tb/scoreboard.py(134) [uvm_test_top.i2c_env.i2c_scoreboard]: i2c_scoreboard: rst_n asserted -> reference model memory cleared (1 so far)\n   130.00ns WARNING  py.warnings                        /workspace/generated/designs/i2c_benchmark/tb/dut_helper.py:108: DeprecationWarning: `logic_array.binstr` getter is deprecated. Use `str(logic_array)` instead.\n                                                          if hasattr(pin_value, \"binstr\"):\n   130.00ns WARNING  tb.assertions                      [assertion scl_sda_released_in_idle] WARNING: scl actively driven low ('0') while busy==0 (open-drain line must be released)\n   130.00ns WARNING  tb.assertions                      [assertion scl_sda_released_in_idle] WARNING: sda actively driven low ('0') while busy==0 (open-drain line must be released)\n   140.00ns WARNING  tb.assertions                      [assertion scl_sda_released_in_idle] WARNING: scl actively driven low ('0') while busy==0 (open-drain line must be released)\n   140.00ns WARNING  tb.assertions                      [assertion scl_sda_released_in_idle] WARNING: sda actively driven low ('0') while busy==0 (open-drain line must be released)\n   150.00ns WARNING  tb.assertions                      [assertion scl_sda_released_in_idle] WARNING: scl actively driven low ('0') while busy==0 (open-drain line must be released)\n   150.00ns WARNING  tb.assertions                      [assertion scl_sda_released_in_idle] WARNING: sda actively driven low ('0') while busy==0 (open-drain line must be released)\n   200.00ns WARNING  tb.assertions                      [assertion scl_sda_released_in_idle] WARNING: scl actively driven low ('0') while busy==0 (open-drain line must be released)\n   200.00ns WARNING  tb.assertions                      [assertion scl_sda_released_in_idle] WARNING: sda actively driven low ('0') while busy==0 (open-drain line must be released)\n   200.00ns ERROR    .._benchmark/tb/scoreboard.py(188) [uvm_test_top.i2c_env.i2c_scoreboard]: i2c_scoreboard: MISMATCH field=ack_error (item I2CTransaction(start=0, rw=0, slave_addr=0x0000, reg_addr=0x00, write_data=0x00, read_data=0x00, busy=0, done=1, ack_error=0)): expected 0x1, observed 0x0\n   200.00ns WARNING  py.warnings                        /workspace/generated/designs/i2c_benchmark/tb/test_top.py:126: DeprecationWarning: `task.kill()` is deprecated in favor of `task.cancel()`\n                                                          watchdog_task.kill()\n   200.00ns WARNING  cocotb.regression                  test_top.i2c_master_tb failed\n                                                        Traceback (most recent call last):\n                                                          File \"/workspace/generated/designs/i2c_benchmark/tb/monitor.py\", line 125, in run_phase\n                                                            self._publish(stimulus, outputs)\n                                                          File \"/workspace/generated/designs/i2c_benchmark/tb/monitor.py\", line 207, in _publish\n                                                            self.analysis_port.write(item)\n                                                          File \"/home/ray/anaconda3/lib/python3.10/site-packages/pyuvm/_s12_uvm_tlm_interfaces.py\", line 475, in write\n                                                            export.write(datum)\n                                                          File \"/home/ray/anaconda3/lib/python3.10/site-packages/pyuvm/_s12_uvm_tlm_interfaces.py\", line 475, in write\n                                                            export.write(datum)\n                                                          File \"/workspace/generated/designs/i2c_benchmark/tb/scoreboard.py\", line 100, in write\n                                                            self._write_fn(datum)\n                                                          File \"/workspace/generated/designs/i2c_benchmark/tb/scoreboard.py\", line 192, in _on_monitor_item\n                                                            raise AssertionError(\n                                                        AssertionError: i2c_scoreboard: ack_error mismatch: model said 0x1, DUT returned 0x0 (I2CTransaction(start=0, rw=0, slave_addr=0x0000, reg_addr=0x00, write_data=0x00, read_data=0x00, busy=0, done=1, ack_error=0))\n   200.00ns INFO     cocotb.regression                  **************************************************************************************\n                                                        ** TEST                          STATUS  SIM TIME (ns)  REAL TIME (s)  RATIO (ns/s) **\n                                                        **************************************************************************************\n                                                        ** test_top.i2c_master_tb         FAIL         200.00           0.01      18542.10  **\n                                                        **************************************************************************************\n                                                        ** TESTS=1 PASS=0 FAIL=1 SKIP=0                200.00           0.01      17911.66  **\n                                                        **************************************************************************************\n- :0: Verilog $finish\nmake: *** [/home/ray/anaconda3/lib/python3.10/site-packages/cocotb_tools/makefiles/simulators/Makefile.verilator:74: /workspace/generated/designs/i2c_benchmark/tb/.chia_sim/I2C11DonePulseWidthTest.xml] Error 1\n",
        "command": [
          "timeout",
          "--signal=TERM",
          "--kill-after=5",
          "60",
          "make",
          "-f",
          "/workspace/generated/designs/i2c_benchmark/tb/.chia_sim/Makefile",
          "SIM=verilator",
          "TOPLEVEL_LANG=verilog",
          "TOPLEVEL=i2c_master",
          "COCOTB_TOPLEVEL=i2c_master",
          "MODULE=test_top",
          "COCOTB_TEST_MODULES=test_top",
          "VERILOG_SOURCES=/workspace/benchmarks/i2c_benchmark/i2c_master.sv",
          "SIM_BUILD=/workspace/generated/designs/i2c_benchmark/tb/.chia_sim/build/c91bda1899ea",
          "COCOTB_RESULTS_FILE=/workspace/generated/designs/i2c_benchmark/tb/.chia_sim/I2C11DonePulseWidthTest.xml",
          "COCOTB_HDL_TIMEUNIT=1ns",
          "COCOTB_HDL_TIMEPRECISION=1ps",
          "BUILD_ARGS=-j 4"
        ],
        "test_name": "I2C11DonePulseWidthTest",
        "test_module": "test_top",
        "results_file": "/workspace/generated/designs/i2c_benchmark/tb/.chia_sim/I2C11DonePulseWidthTest.xml",
        "results_file_exists": true
      },
      "I2C12OpenDrainBusReleaseTest": {
        "status": "runtime_error",
        "category": "runtime_error",
        "timed_out": false,
        "watchdog_expired": false,
        "returncode": 2,
        "counts": {
          "uvm_errors": 0,
          "uvm_fatals": 0,
          "uvm_warnings": 0,
          "scoreboard_mismatches": 0,
          "assertion_failures": 0
        },
        "clean_exit": false,
        "log": "rm -f /workspace/generated/designs/i2c_benchmark/tb/.chia_sim/I2C12OpenDrainBusReleaseTest.xml\nrm -f /workspace/generated/designs/i2c_benchmark/tb/.chia_sim/I2C12OpenDrainBusReleaseTest.xml\nCOCOTB_TEST_MODULES=test_top COCOTB_TESTCASE=  COCOTB_TOPLEVEL=i2c_master TOPLEVEL_LANG=verilog       \\\n         /workspace/generated/designs/i2c_benchmark/tb/.chia_sim/build/c91bda1899ea/Vtop     \n     -.--ns INFO     gpi                                ../gpi/GpiCommon.cpp:242  in gpi_load_users                  Loaded entry library: '/home/ray/anaconda3/lib/libpython3.10.so.1.0'\n     -.--ns INFO     gpi                                ../gpi/GpiCommon.cpp:233  in gpi_load_users                  Running entry func 'initialize' from loaded library '/home/ray/anaconda3/lib/python3.10/site-packages/cocotb/simulator.cpython-310-x86_64-linux-gnu.so'\n     -.--ns INFO     pygpi                              ..ib/pygpi/embed.cpp:114  in initialize                      Using Python 3.10.19 interpreter at /home/ray/anaconda3/bin/python3\n     -.--ns INFO     gpi                                ../gpi/GpiCommon.cpp:74   in gpi_print_registered_impl       GPI: VPI support registered\n     0.00ns INFO     cocotb.initialize                  Seeding Python random module with 1789250116\n     0.00ns INFO     cocotb.initialize                  Initialized cocotb v2.1.0 from /home/ray/anaconda3/lib/python3.10/site-packages/cocotb\n     0.00ns INFO     cocotb.initialize                  Running on Verilator version 5.042 2025-11-02\n     0.00ns INFO     cocotb.regression                  Running tests\n     0.00ns INFO     cocotb.regression                  running test_top.i2c_master_tb (1/1)\n                                                            Single cocotb entry point \u2014 mirrors SV UVM's ``+UVM_TESTNAME`` flow.\n     0.00ns INFO     cocotb.i2c_master                  i2c_master_tb: UVM_TESTNAME=I2C12OpenDrainBusReleaseTest clk_period_ns=10 watchdog_cycles=300000\n     0.00ns WARNING  py.warnings                        /workspace/generated/designs/i2c_benchmark/tb/test_top.py:87: DeprecationWarning: The 'units' argument has been renamed to 'unit'.\n                                                          cocotb.start_soon(Clock(dut.clk, clock_period_ns, units=\"ns\").start())\n    40.00ns INFO     ..ns/i2c_benchmark/tb/test.py(108) [uvm_test_top]: uvm_test_top: I2CEnv created\n    40.00ns INFO     ..igns/i2c_benchmark/tb/env.py(80) [uvm_test_top.i2c_env]: i2c_env: I2CAgent, I2CScoreboard, I2CCoverage built; 6 assertion checkers launched\n    40.00ns INFO     ..igns/i2c_benchmark/tb/env.py(90) [uvm_test_top.i2c_env]: i2c_env: agent.analysis_port -> scoreboard.analysis_export and coverage.analysis_export\n    40.00ns INFO     .._benchmark/tb/scoreboard.py(134) [uvm_test_top.i2c_env.i2c_scoreboard]: i2c_scoreboard: rst_n asserted -> reference model memory cleared (1 so far)\n   130.00ns WARNING  py.warnings                        /workspace/generated/designs/i2c_benchmark/tb/dut_helper.py:108: DeprecationWarning: `logic_array.binstr` getter is deprecated. Use `str(logic_array)` instead.\n                                                          if hasattr(pin_value, \"binstr\"):\n   130.00ns WARNING  tb.assertions                      [assertion scl_sda_released_in_idle] WARNING: scl actively driven low ('0') while busy==0 (open-drain line must be released)\n   130.00ns WARNING  tb.assertions                      [assertion scl_sda_released_in_idle] WARNING: sda actively driven low ('0') while busy==0 (open-drain line must be released)\n   140.00ns WARNING  tb.assertions                      [assertion scl_sda_released_in_idle] WARNING: scl actively driven low ('0') while busy==0 (open-drain line must be released)\n   140.00ns WARNING  tb.assertions                      [assertion scl_sda_released_in_idle] WARNING: sda actively driven low ('0') while busy==0 (open-drain line must be released)\n   140.00ns WARNING  py.warnings                        /workspace/generated/designs/i2c_benchmark/tb/test_top.py:126: DeprecationWarning: `task.kill()` is deprecated in favor of `task.cancel()`\n                                                          watchdog_task.kill()\n   140.00ns WARNING  cocotb.regression                  test_top.i2c_master_tb failed\n                                                        Traceback (most recent call last):\n                                                          File \"/workspace/generated/designs/i2c_benchmark/tb/test.py\", line 121, in run_phase\n                                                            await self._run_scenario()\n                                                          File \"/workspace/generated/designs/i2c_benchmark/tb/test.py\", line 136, in _run_scenario\n                                                            await self._run_single_sequence(self.SEQUENCE_CLASS)\n                                                          File \"/workspace/generated/designs/i2c_benchmark/tb/test.py\", line 142, in _run_single_sequence\n                                                            await seq.start(self.env.agent.sequencer)\n                                                          File \"/home/ray/anaconda3/lib/python3.10/site-packages/pyuvm/_s14_15_python_sequences.py\", line 474, in start\n                                                            await self.body()\n                                                          File \"/workspace/generated/designs/i2c_benchmark/tb/sequences.py\", line 580, in body\n                                                            self._check_bus_idle(where=\"after reset\")\n                                                          File \"/workspace/generated/designs/i2c_benchmark/tb/sequences.py\", line 259, in _check_bus_idle\n                                                            raise AssertionError(\n                                                        AssertionError: i2c_12_open_drain_bus_release: bus not idle after reset: scl='0' sda='0'\n   140.00ns INFO     cocotb.regression                  **************************************************************************************\n                                                        ** TEST                          STATUS  SIM TIME (ns)  REAL TIME (s)  RATIO (ns/s) **\n                                                        **************************************************************************************\n                                                        ** test_top.i2c_master_tb         FAIL         140.00           0.01      13850.16  **\n                                                        **************************************************************************************\n                                                        ** TESTS=1 PASS=0 FAIL=1 SKIP=0                140.00           0.01      13339.79  **\n                                                        **************************************************************************************\n- :0: Verilog $finish\nmake: *** [/home/ray/anaconda3/lib/python3.10/site-packages/cocotb_tools/makefiles/simulators/Makefile.verilator:74: /workspace/generated/designs/i2c_benchmark/tb/.chia_sim/I2C12OpenDrainBusReleaseTest.xml] Error 1\n",
        "command": [
          "timeout",
          "--signal=TERM",
          "--kill-after=5",
          "60",
          "make",
          "-f",
          "/workspace/generated/designs/i2c_benchmark/tb/.chia_sim/Makefile",
          "SIM=verilator",
          "TOPLEVEL_LANG=verilog",
          "TOPLEVEL=i2c_master",
          "COCOTB_TOPLEVEL=i2c_master",
          "MODULE=test_top",
          "COCOTB_TEST_MODULES=test_top",
          "VERILOG_SOURCES=/workspace/benchmarks/i2c_benchmark/i2c_master.sv",
          "SIM_BUILD=/workspace/generated/designs/i2c_benchmark/tb/.chia_sim/build/c91bda1899ea",
          "COCOTB_RESULTS_FILE=/workspace/generated/designs/i2c_benchmark/tb/.chia_sim/I2C12OpenDrainBusReleaseTest.xml",
          "COCOTB_HDL_TIMEUNIT=1ns",
          "COCOTB_HDL_TIMEPRECISION=1ps",
          "BUILD_ARGS=-j 4"
        ],
        "test_name": "I2C12OpenDrainBusReleaseTest",
        "test_module": "test_top",
        "results_file": "/workspace/generated/designs/i2c_benchmark/tb/.chia_sim/I2C12OpenDrainBusReleaseTest.xml",
        "results_file_exists": true
      },
      "I2C13MultiRegIndependenceTest": {
        "status": "runtime_error",
        "category": "runtime_error",
        "timed_out": false,
        "watchdog_expired": false,
        "returncode": 2,
        "counts": {
          "uvm_errors": 0,
          "uvm_fatals": 0,
          "uvm_warnings": 0,
          "scoreboard_mismatches": 1,
          "assertion_failures": 0
        },
        "clean_exit": false,
        "log": "rm -f /workspace/generated/designs/i2c_benchmark/tb/.chia_sim/I2C13MultiRegIndependenceTest.xml\nrm -f /workspace/generated/designs/i2c_benchmark/tb/.chia_sim/I2C13MultiRegIndependenceTest.xml\nCOCOTB_TEST_MODULES=test_top COCOTB_TESTCASE=  COCOTB_TOPLEVEL=i2c_master TOPLEVEL_LANG=verilog       \\\n         /workspace/generated/designs/i2c_benchmark/tb/.chia_sim/build/c91bda1899ea/Vtop     \n     -.--ns INFO     gpi                                ../gpi/GpiCommon.cpp:242  in gpi_load_users                  Loaded entry library: '/home/ray/anaconda3/lib/libpython3.10.so.1.0'\n     -.--ns INFO     gpi                                ../gpi/GpiCommon.cpp:233  in gpi_load_users                  Running entry func 'initialize' from loaded library '/home/ray/anaconda3/lib/python3.10/site-packages/cocotb/simulator.cpython-310-x86_64-linux-gnu.so'\n     -.--ns INFO     pygpi                              ..ib/pygpi/embed.cpp:114  in initialize                      Using Python 3.10.19 interpreter at /home/ray/anaconda3/bin/python3\n     -.--ns INFO     gpi                                ../gpi/GpiCommon.cpp:74   in gpi_print_registered_impl       GPI: VPI support registered\n     0.00ns INFO     cocotb.initialize                  Seeding Python random module with 1789250117\n     0.00ns INFO     cocotb.initialize                  Initialized cocotb v2.1.0 from /home/ray/anaconda3/lib/python3.10/site-packages/cocotb\n     0.00ns INFO     cocotb.initialize                  Running on Verilator version 5.042 2025-11-02\n     0.00ns INFO     cocotb.regression                  Running tests\n     0.00ns INFO     cocotb.regression                  running test_top.i2c_master_tb (1/1)\n                                                            Single cocotb entry point \u2014 mirrors SV UVM's ``+UVM_TESTNAME`` flow.\n     0.00ns INFO     cocotb.i2c_master                  i2c_master_tb: UVM_TESTNAME=I2C13MultiRegIndependenceTest clk_period_ns=10 watchdog_cycles=300000\n     0.00ns WARNING  py.warnings                        /workspace/generated/designs/i2c_benchmark/tb/test_top.py:87: DeprecationWarning: The 'units' argument has been renamed to 'unit'.\n                                                          cocotb.start_soon(Clock(dut.clk, clock_period_ns, units=\"ns\").start())\n    40.00ns INFO     ..ns/i2c_benchmark/tb/test.py(108) [uvm_test_top]: uvm_test_top: I2CEnv created\n    40.00ns INFO     ..igns/i2c_benchmark/tb/env.py(80) [uvm_test_top.i2c_env]: i2c_env: I2CAgent, I2CScoreboard, I2CCoverage built; 6 assertion checkers launched\n    40.00ns INFO     ..igns/i2c_benchmark/tb/env.py(90) [uvm_test_top.i2c_env]: i2c_env: agent.analysis_port -> scoreboard.analysis_export and coverage.analysis_export\n    40.00ns INFO     .._benchmark/tb/scoreboard.py(134) [uvm_test_top.i2c_env.i2c_scoreboard]: i2c_scoreboard: rst_n asserted -> reference model memory cleared (1 so far)\n   130.00ns WARNING  py.warnings                        /workspace/generated/designs/i2c_benchmark/tb/dut_helper.py:108: DeprecationWarning: `logic_array.binstr` getter is deprecated. Use `str(logic_array)` instead.\n                                                          if hasattr(pin_value, \"binstr\"):\n   130.00ns WARNING  tb.assertions                      [assertion scl_sda_released_in_idle] WARNING: scl actively driven low ('0') while busy==0 (open-drain line must be released)\n   130.00ns WARNING  tb.assertions                      [assertion scl_sda_released_in_idle] WARNING: sda actively driven low ('0') while busy==0 (open-drain line must be released)\n   140.00ns WARNING  tb.assertions                      [assertion scl_sda_released_in_idle] WARNING: scl actively driven low ('0') while busy==0 (open-drain line must be released)\n   140.00ns WARNING  tb.assertions                      [assertion scl_sda_released_in_idle] WARNING: sda actively driven low ('0') while busy==0 (open-drain line must be released)\n   150.00ns WARNING  tb.assertions                      [assertion scl_sda_released_in_idle] WARNING: scl actively driven low ('0') while busy==0 (open-drain line must be released)\n   150.00ns WARNING  tb.assertions                      [assertion scl_sda_released_in_idle] WARNING: sda actively driven low ('0') while busy==0 (open-drain line must be released)\n   200.00ns WARNING  tb.assertions                      [assertion scl_sda_released_in_idle] WARNING: scl actively driven low ('0') while busy==0 (open-drain line must be released)\n   200.00ns WARNING  tb.assertions                      [assertion scl_sda_released_in_idle] WARNING: sda actively driven low ('0') while busy==0 (open-drain line must be released)\n   200.00ns ERROR    .._benchmark/tb/scoreboard.py(188) [uvm_test_top.i2c_env.i2c_scoreboard]: i2c_scoreboard: MISMATCH field=ack_error (item I2CTransaction(start=0, rw=0, slave_addr=0x0000, reg_addr=0x00, write_data=0x00, read_data=0x00, busy=0, done=1, ack_error=0)): expected 0x1, observed 0x0\n   200.00ns WARNING  py.warnings                        /workspace/generated/designs/i2c_benchmark/tb/test_top.py:126: DeprecationWarning: `task.kill()` is deprecated in favor of `task.cancel()`\n                                                          watchdog_task.kill()\n   200.00ns WARNING  cocotb.regression                  test_top.i2c_master_tb failed\n                                                        Traceback (most recent call last):\n                                                          File \"/workspace/generated/designs/i2c_benchmark/tb/monitor.py\", line 125, in run_phase\n                                                            self._publish(stimulus, outputs)\n                                                          File \"/workspace/generated/designs/i2c_benchmark/tb/monitor.py\", line 207, in _publish\n                                                            self.analysis_port.write(item)\n                                                          File \"/home/ray/anaconda3/lib/python3.10/site-packages/pyuvm/_s12_uvm_tlm_interfaces.py\", line 475, in write\n                                                            export.write(datum)\n                                                          File \"/home/ray/anaconda3/lib/python3.10/site-packages/pyuvm/_s12_uvm_tlm_interfaces.py\", line 475, in write\n                                                            export.write(datum)\n                                                          File \"/workspace/generated/designs/i2c_benchmark/tb/scoreboard.py\", line 100, in write\n                                                            self._write_fn(datum)\n                                                          File \"/workspace/generated/designs/i2c_benchmark/tb/scoreboard.py\", line 192, in _on_monitor_item\n                                                            raise AssertionError(\n                                                        AssertionError: i2c_scoreboard: ack_error mismatch: model said 0x1, DUT returned 0x0 (I2CTransaction(start=0, rw=0, slave_addr=0x0000, reg_addr=0x00, write_data=0x00, read_data=0x00, busy=0, done=1, ack_error=0))\n   200.00ns INFO     cocotb.regression                  **************************************************************************************\n                                                        ** TEST                          STATUS  SIM TIME (ns)  REAL TIME (s)  RATIO (ns/s) **\n                                                        **************************************************************************************\n                                                        ** test_top.i2c_master_tb         FAIL         200.00           0.01      18743.84  **\n                                                        **************************************************************************************\n                                                        ** TESTS=1 PASS=0 FAIL=1 SKIP=0                200.00           0.01      18122.04  **\n                                                        **************************************************************************************\n- :0: Verilog $finish\nmake: *** [/home/ray/anaconda3/lib/python3.10/site-packages/cocotb_tools/makefiles/simulators/Makefile.verilator:74: /workspace/generated/designs/i2c_benchmark/tb/.chia_sim/I2C13MultiRegIndependenceTest.xml] Error 1\n",
        "command": [
          "timeout",
          "--signal=TERM",
          "--kill-after=5",
          "60",
          "make",
          "-f",
          "/workspace/generated/designs/i2c_benchmark/tb/.chia_sim/Makefile",
          "SIM=verilator",
          "TOPLEVEL_LANG=verilog",
          "TOPLEVEL=i2c_master",
          "COCOTB_TOPLEVEL=i2c_master",
          "MODULE=test_top",
          "COCOTB_TEST_MODULES=test_top",
          "VERILOG_SOURCES=/workspace/benchmarks/i2c_benchmark/i2c_master.sv",
          "SIM_BUILD=/workspace/generated/designs/i2c_benchmark/tb/.chia_sim/build/c91bda1899ea",
          "COCOTB_RESULTS_FILE=/workspace/generated/designs/i2c_benchmark/tb/.chia_sim/I2C13MultiRegIndependenceTest.xml",
          "COCOTB_HDL_TIMEUNIT=1ns",
          "COCOTB_HDL_TIMEPRECISION=1ps",
          "BUILD_ARGS=-j 4"
        ],
        "test_name": "I2C13MultiRegIndependenceTest",
        "test_module": "test_top",
        "results_file": "/workspace/generated/designs/i2c_benchmark/tb/.chia_sim/I2C13MultiRegIndependenceTest.xml",
        "results_file_exists": true
      },
      "I2C14BackToBackTest": {
        "status": "runtime_error",
        "category": "runtime_error",
        "timed_out": false,
        "watchdog_expired": false,
        "returncode": 2,
        "counts": {
          "uvm_errors": 0,
          "uvm_fatals": 0,
          "uvm_warnings": 0,
          "scoreboard_mismatches": 1,
          "assertion_failures": 0
        },
        "clean_exit": false,
        "log": "rm -f /workspace/generated/designs/i2c_benchmark/tb/.chia_sim/I2C14BackToBackTest.xml\nrm -f /workspace/generated/designs/i2c_benchmark/tb/.chia_sim/I2C14BackToBackTest.xml\nCOCOTB_TEST_MODULES=test_top COCOTB_TESTCASE=  COCOTB_TOPLEVEL=i2c_master TOPLEVEL_LANG=verilog       \\\n         /workspace/generated/designs/i2c_benchmark/tb/.chia_sim/build/c91bda1899ea/Vtop     \n     -.--ns INFO     gpi                                ../gpi/GpiCommon.cpp:242  in gpi_load_users                  Loaded entry library: '/home/ray/anaconda3/lib/libpython3.10.so.1.0'\n     -.--ns INFO     gpi                                ../gpi/GpiCommon.cpp:233  in gpi_load_users                  Running entry func 'initialize' from loaded library '/home/ray/anaconda3/lib/python3.10/site-packages/cocotb/simulator.cpython-310-x86_64-linux-gnu.so'\n     -.--ns INFO     pygpi                              ..ib/pygpi/embed.cpp:114  in initialize                      Using Python 3.10.19 interpreter at /home/ray/anaconda3/bin/python3\n     -.--ns INFO     gpi                                ../gpi/GpiCommon.cpp:74   in gpi_print_registered_impl       GPI: VPI support registered\n     0.00ns INFO     cocotb.initialize                  Seeding Python random module with 1789250117\n     0.00ns INFO     cocotb.initialize                  Initialized cocotb v2.1.0 from /home/ray/anaconda3/lib/python3.10/site-packages/cocotb\n     0.00ns INFO     cocotb.initialize                  Running on Verilator version 5.042 2025-11-02\n     0.00ns INFO     cocotb.regression                  Running tests\n     0.00ns INFO     cocotb.regression                  running test_top.i2c_master_tb (1/1)\n                                                            Single cocotb entry point \u2014 mirrors SV UVM's ``+UVM_TESTNAME`` flow.\n     0.00ns INFO     cocotb.i2c_master                  i2c_master_tb: UVM_TESTNAME=I2C14BackToBackTest clk_period_ns=10 watchdog_cycles=300000\n     0.00ns WARNING  py.warnings                        /workspace/generated/designs/i2c_benchmark/tb/test_top.py:87: DeprecationWarning: The 'units' argument has been renamed to 'unit'.\n                                                          cocotb.start_soon(Clock(dut.clk, clock_period_ns, units=\"ns\").start())\n    40.00ns INFO     ..ns/i2c_benchmark/tb/test.py(108) [uvm_test_top]: uvm_test_top: I2CEnv created\n    40.00ns INFO     ..igns/i2c_benchmark/tb/env.py(80) [uvm_test_top.i2c_env]: i2c_env: I2CAgent, I2CScoreboard, I2CCoverage built; 6 assertion checkers launched\n    40.00ns INFO     ..igns/i2c_benchmark/tb/env.py(90) [uvm_test_top.i2c_env]: i2c_env: agent.analysis_port -> scoreboard.analysis_export and coverage.analysis_export\n    40.00ns INFO     .._benchmark/tb/scoreboard.py(134) [uvm_test_top.i2c_env.i2c_scoreboard]: i2c_scoreboard: rst_n asserted -> reference model memory cleared (1 so far)\n   130.00ns WARNING  py.warnings                        /workspace/generated/designs/i2c_benchmark/tb/dut_helper.py:108: DeprecationWarning: `logic_array.binstr` getter is deprecated. Use `str(logic_array)` instead.\n                                                          if hasattr(pin_value, \"binstr\"):\n   130.00ns WARNING  tb.assertions                      [assertion scl_sda_released_in_idle] WARNING: scl actively driven low ('0') while busy==0 (open-drain line must be released)\n   130.00ns WARNING  tb.assertions                      [assertion scl_sda_released_in_idle] WARNING: sda actively driven low ('0') while busy==0 (open-drain line must be released)\n   140.00ns WARNING  tb.assertions                      [assertion scl_sda_released_in_idle] WARNING: scl actively driven low ('0') while busy==0 (open-drain line must be released)\n   140.00ns WARNING  tb.assertions                      [assertion scl_sda_released_in_idle] WARNING: sda actively driven low ('0') while busy==0 (open-drain line must be released)\n   150.00ns WARNING  tb.assertions                      [assertion scl_sda_released_in_idle] WARNING: scl actively driven low ('0') while busy==0 (open-drain line must be released)\n   150.00ns WARNING  tb.assertions                      [assertion scl_sda_released_in_idle] WARNING: sda actively driven low ('0') while busy==0 (open-drain line must be released)\n   200.00ns WARNING  tb.assertions                      [assertion scl_sda_released_in_idle] WARNING: scl actively driven low ('0') while busy==0 (open-drain line must be released)\n   200.00ns WARNING  tb.assertions                      [assertion scl_sda_released_in_idle] WARNING: sda actively driven low ('0') while busy==0 (open-drain line must be released)\n   200.00ns ERROR    .._benchmark/tb/scoreboard.py(188) [uvm_test_top.i2c_env.i2c_scoreboard]: i2c_scoreboard: MISMATCH field=ack_error (item I2CTransaction(start=0, rw=0, slave_addr=0x0000, reg_addr=0x00, write_data=0x00, read_data=0x00, busy=0, done=1, ack_error=0)): expected 0x1, observed 0x0\n   200.00ns WARNING  py.warnings                        /workspace/generated/designs/i2c_benchmark/tb/test_top.py:126: DeprecationWarning: `task.kill()` is deprecated in favor of `task.cancel()`\n                                                          watchdog_task.kill()\n   200.00ns WARNING  cocotb.regression                  test_top.i2c_master_tb failed\n                                                        Traceback (most recent call last):\n                                                          File \"/workspace/generated/designs/i2c_benchmark/tb/monitor.py\", line 125, in run_phase\n                                                            self._publish(stimulus, outputs)\n                                                          File \"/workspace/generated/designs/i2c_benchmark/tb/monitor.py\", line 207, in _publish\n                                                            self.analysis_port.write(item)\n                                                          File \"/home/ray/anaconda3/lib/python3.10/site-packages/pyuvm/_s12_uvm_tlm_interfaces.py\", line 475, in write\n                                                            export.write(datum)\n                                                          File \"/home/ray/anaconda3/lib/python3.10/site-packages/pyuvm/_s12_uvm_tlm_interfaces.py\", line 475, in write\n                                                            export.write(datum)\n                                                          File \"/workspace/generated/designs/i2c_benchmark/tb/scoreboard.py\", line 100, in write\n                                                            self._write_fn(datum)\n                                                          File \"/workspace/generated/designs/i2c_benchmark/tb/scoreboard.py\", line 192, in _on_monitor_item\n                                                            raise AssertionError(\n                                                        AssertionError: i2c_scoreboard: ack_error mismatch: model said 0x1, DUT returned 0x0 (I2CTransaction(start=0, rw=0, slave_addr=0x0000, reg_addr=0x00, write_data=0x00, read_data=0x00, busy=0, done=1, ack_error=0))\n   200.00ns INFO     cocotb.regression                  **************************************************************************************\n                                                        ** TEST                          STATUS  SIM TIME (ns)  REAL TIME (s)  RATIO (ns/s) **\n                                                        **************************************************************************************\n                                                        ** test_top.i2c_master_tb         FAIL         200.00           0.01      18817.32  **\n                                                        **************************************************************************************\n                                                        ** TESTS=1 PASS=0 FAIL=1 SKIP=0                200.00           0.01      18192.83  **\n                                                        **************************************************************************************\n- :0: Verilog $finish\nmake: *** [/home/ray/anaconda3/lib/python3.10/site-packages/cocotb_tools/makefiles/simulators/Makefile.verilator:74: /workspace/generated/designs/i2c_benchmark/tb/.chia_sim/I2C14BackToBackTest.xml] Error 1\n",
        "command": [
          "timeout",
          "--signal=TERM",
          "--kill-after=5",
          "60",
          "make",
          "-f",
          "/workspace/generated/designs/i2c_benchmark/tb/.chia_sim/Makefile",
          "SIM=verilator",
          "TOPLEVEL_LANG=verilog",
          "TOPLEVEL=i2c_master",
          "COCOTB_TOPLEVEL=i2c_master",
          "MODULE=test_top",
          "COCOTB_TEST_MODULES=test_top",
          "VERILOG_SOURCES=/workspace/benchmarks/i2c_benchmark/i2c_master.sv",
          "SIM_BUILD=/workspace/generated/designs/i2c_benchmark/tb/.chia_sim/build/c91bda1899ea",
          "COCOTB_RESULTS_FILE=/workspace/generated/designs/i2c_benchmark/tb/.chia_sim/I2C14BackToBackTest.xml",
          "COCOTB_HDL_TIMEUNIT=1ns",
          "COCOTB_HDL_TIMEPRECISION=1ps",
          "BUILD_ARGS=-j 4"
        ],
        "test_name": "I2C14BackToBackTest",
        "test_module": "test_top",
        "results_file": "/workspace/generated/designs/i2c_benchmark/tb/.chia_sim/I2C14BackToBackTest.xml",
        "results_file_exists": true
      },
      "I2CCornerCaseTest": {
        "status": "runtime_error",
        "category": "runtime_error",
        "timed_out": false,
        "watchdog_expired": false,
        "returncode": 2,
        "counts": {
          "uvm_errors": 0,
          "uvm_fatals": 0,
          "uvm_warnings": 0,
          "scoreboard_mismatches": 1,
          "assertion_failures": 0
        },
        "clean_exit": false,
        "log": "rm -f /workspace/generated/designs/i2c_benchmark/tb/.chia_sim/I2CCornerCaseTest.xml\nrm -f /workspace/generated/designs/i2c_benchmark/tb/.chia_sim/I2CCornerCaseTest.xml\nCOCOTB_TEST_MODULES=test_top COCOTB_TESTCASE=  COCOTB_TOPLEVEL=i2c_master TOPLEVEL_LANG=verilog       \\\n         /workspace/generated/designs/i2c_benchmark/tb/.chia_sim/build/c91bda1899ea/Vtop     \n     -.--ns INFO     gpi                                ../gpi/GpiCommon.cpp:242  in gpi_load_users                  Loaded entry library: '/home/ray/anaconda3/lib/libpython3.10.so.1.0'\n     -.--ns INFO     gpi                                ../gpi/GpiCommon.cpp:233  in gpi_load_users                  Running entry func 'initialize' from loaded library '/home/ray/anaconda3/lib/python3.10/site-packages/cocotb/simulator.cpython-310-x86_64-linux-gnu.so'\n     -.--ns INFO     pygpi                              ..ib/pygpi/embed.cpp:114  in initialize                      Using Python 3.10.19 interpreter at /home/ray/anaconda3/bin/python3\n     -.--ns INFO     gpi                                ../gpi/GpiCommon.cpp:74   in gpi_print_registered_impl       GPI: VPI support registered\n     0.00ns INFO     cocotb.initialize                  Seeding Python random module with 1789250118\n     0.00ns INFO     cocotb.initialize                  Initialized cocotb v2.1.0 from /home/ray/anaconda3/lib/python3.10/site-packages/cocotb\n     0.00ns INFO     cocotb.initialize                  Running on Verilator version 5.042 2025-11-02\n     0.00ns INFO     cocotb.regression                  Running tests\n     0.00ns INFO     cocotb.regression                  running test_top.i2c_master_tb (1/1)\n                                                            Single cocotb entry point \u2014 mirrors SV UVM's ``+UVM_TESTNAME`` flow.\n     0.00ns INFO     cocotb.i2c_master                  i2c_master_tb: UVM_TESTNAME=I2CCornerCaseTest clk_period_ns=10 watchdog_cycles=300000\n     0.00ns WARNING  py.warnings                        /workspace/generated/designs/i2c_benchmark/tb/test_top.py:87: DeprecationWarning: The 'units' argument has been renamed to 'unit'.\n                                                          cocotb.start_soon(Clock(dut.clk, clock_period_ns, units=\"ns\").start())\n    40.00ns INFO     ..ns/i2c_benchmark/tb/test.py(108) [uvm_test_top]: uvm_test_top: I2CEnv created\n    40.00ns INFO     ..igns/i2c_benchmark/tb/env.py(80) [uvm_test_top.i2c_env]: i2c_env: I2CAgent, I2CScoreboard, I2CCoverage built; 6 assertion checkers launched\n    40.00ns INFO     ..igns/i2c_benchmark/tb/env.py(90) [uvm_test_top.i2c_env]: i2c_env: agent.analysis_port -> scoreboard.analysis_export and coverage.analysis_export\n    40.00ns INFO     .._benchmark/tb/scoreboard.py(134) [uvm_test_top.i2c_env.i2c_scoreboard]: i2c_scoreboard: rst_n asserted -> reference model memory cleared (1 so far)\n   130.00ns WARNING  py.warnings                        /workspace/generated/designs/i2c_benchmark/tb/dut_helper.py:108: DeprecationWarning: `logic_array.binstr` getter is deprecated. Use `str(logic_array)` instead.\n                                                          if hasattr(pin_value, \"binstr\"):\n   130.00ns WARNING  tb.assertions                      [assertion scl_sda_released_in_idle] WARNING: scl actively driven low ('0') while busy==0 (open-drain line must be released)\n   130.00ns WARNING  tb.assertions                      [assertion scl_sda_released_in_idle] WARNING: sda actively driven low ('0') while busy==0 (open-drain line must be released)\n   140.00ns WARNING  tb.assertions                      [assertion scl_sda_released_in_idle] WARNING: scl actively driven low ('0') while busy==0 (open-drain line must be released)\n   140.00ns WARNING  tb.assertions                      [assertion scl_sda_released_in_idle] WARNING: sda actively driven low ('0') while busy==0 (open-drain line must be released)\n   150.00ns WARNING  tb.assertions                      [assertion scl_sda_released_in_idle] WARNING: scl actively driven low ('0') while busy==0 (open-drain line must be released)\n   150.00ns WARNING  tb.assertions                      [assertion scl_sda_released_in_idle] WARNING: sda actively driven low ('0') while busy==0 (open-drain line must be released)\n   200.00ns WARNING  tb.assertions                      [assertion scl_sda_released_in_idle] WARNING: scl actively driven low ('0') while busy==0 (open-drain line must be released)\n   200.00ns WARNING  tb.assertions                      [assertion scl_sda_released_in_idle] WARNING: sda actively driven low ('0') while busy==0 (open-drain line must be released)\n   200.00ns ERROR    .._benchmark/tb/scoreboard.py(188) [uvm_test_top.i2c_env.i2c_scoreboard]: i2c_scoreboard: MISMATCH field=ack_error (item I2CTransaction(start=0, rw=0, slave_addr=0x0000, reg_addr=0x00, write_data=0x00, read_data=0x00, busy=0, done=1, ack_error=0)): expected 0x1, observed 0x0\n   200.00ns WARNING  py.warnings                        /workspace/generated/designs/i2c_benchmark/tb/test_top.py:126: DeprecationWarning: `task.kill()` is deprecated in favor of `task.cancel()`\n                                                          watchdog_task.kill()\n   200.00ns WARNING  cocotb.regression                  test_top.i2c_master_tb failed\n                                                        Traceback (most recent call last):\n                                                          File \"/workspace/generated/designs/i2c_benchmark/tb/monitor.py\", line 125, in run_phase\n                                                            self._publish(stimulus, outputs)\n                                                          File \"/workspace/generated/designs/i2c_benchmark/tb/monitor.py\", line 207, in _publish\n                                                            self.analysis_port.write(item)\n                                                          File \"/home/ray/anaconda3/lib/python3.10/site-packages/pyuvm/_s12_uvm_tlm_interfaces.py\", line 475, in write\n                                                            export.write(datum)\n                                                          File \"/home/ray/anaconda3/lib/python3.10/site-packages/pyuvm/_s12_uvm_tlm_interfaces.py\", line 475, in write\n                                                            export.write(datum)\n                                                          File \"/workspace/generated/designs/i2c_benchmark/tb/scoreboard.py\", line 100, in write\n                                                            self._write_fn(datum)\n                                                          File \"/workspace/generated/designs/i2c_benchmark/tb/scoreboard.py\", line 192, in _on_monitor_item\n                                                            raise AssertionError(\n                                                        AssertionError: i2c_scoreboard: ack_error mismatch: model said 0x1, DUT returned 0x0 (I2CTransaction(start=0, rw=0, slave_addr=0x0000, reg_addr=0x00, write_data=0x00, read_data=0x00, busy=0, done=1, ack_error=0))\n   200.00ns INFO     cocotb.regression                  **************************************************************************************\n                                                        ** TEST                          STATUS  SIM TIME (ns)  REAL TIME (s)  RATIO (ns/s) **\n                                                        **************************************************************************************\n                                                        ** test_top.i2c_master_tb         FAIL         200.00           0.01      18571.27  **\n                                                        **************************************************************************************\n                                                        ** TESTS=1 PASS=0 FAIL=1 SKIP=0                200.00           0.01      17975.69  **\n                                                        **************************************************************************************\n- :0: Verilog $finish\nmake: *** [/home/ray/anaconda3/lib/python3.10/site-packages/cocotb_tools/makefiles/simulators/Makefile.verilator:74: /workspace/generated/designs/i2c_benchmark/tb/.chia_sim/I2CCornerCaseTest.xml] Error 1\n",
        "command": [
          "timeout",
          "--signal=TERM",
          "--kill-after=5",
          "60",
          "make",
          "-f",
          "/workspace/generated/designs/i2c_benchmark/tb/.chia_sim/Makefile",
          "SIM=verilator",
          "TOPLEVEL_LANG=verilog",
          "TOPLEVEL=i2c_master",
          "COCOTB_TOPLEVEL=i2c_master",
          "MODULE=test_top",
          "COCOTB_TEST_MODULES=test_top",
          "VERILOG_SOURCES=/workspace/benchmarks/i2c_benchmark/i2c_master.sv",
          "SIM_BUILD=/workspace/generated/designs/i2c_benchmark/tb/.chia_sim/build/c91bda1899ea",
          "COCOTB_RESULTS_FILE=/workspace/generated/designs/i2c_benchmark/tb/.chia_sim/I2CCornerCaseTest.xml",
          "COCOTB_HDL_TIMEUNIT=1ns",
          "COCOTB_HDL_TIMEPRECISION=1ps",
          "BUILD_ARGS=-j 4"
        ],
        "test_name": "I2CCornerCaseTest",
        "test_module": "test_top",
        "results_file": "/workspace/generated/designs/i2c_benchmark/tb/.chia_sim/I2CCornerCaseTest.xml",
        "results_file_exists": true
      },
      "I2CRandomizedTest": {
        "status": "runtime_error",
        "category": "runtime_error",
        "timed_out": false,
        "watchdog_expired": false,
        "returncode": 2,
        "counts": {
          "uvm_errors": 0,
          "uvm_fatals": 0,
          "uvm_warnings": 0,
          "scoreboard_mismatches": 1,
          "assertion_failures": 0
        },
        "clean_exit": false,
        "log": "rm -f /workspace/generated/designs/i2c_benchmark/tb/.chia_sim/I2CRandomizedTest.xml\nrm -f /workspace/generated/designs/i2c_benchmark/tb/.chia_sim/I2CRandomizedTest.xml\nCOCOTB_TEST_MODULES=test_top COCOTB_TESTCASE=  COCOTB_TOPLEVEL=i2c_master TOPLEVEL_LANG=verilog       \\\n         /workspace/generated/designs/i2c_benchmark/tb/.chia_sim/build/c91bda1899ea/Vtop     \n     -.--ns INFO     gpi                                ../gpi/GpiCommon.cpp:242  in gpi_load_users                  Loaded entry library: '/home/ray/anaconda3/lib/libpython3.10.so.1.0'\n     -.--ns INFO     gpi                                ../gpi/GpiCommon.cpp:233  in gpi_load_users                  Running entry func 'initialize' from loaded library '/home/ray/anaconda3/lib/python3.10/site-packages/cocotb/simulator.cpython-310-x86_64-linux-gnu.so'\n     -.--ns INFO     pygpi                              ..ib/pygpi/embed.cpp:114  in initialize                      Using Python 3.10.19 interpreter at /home/ray/anaconda3/bin/python3\n     -.--ns INFO     gpi                                ../gpi/GpiCommon.cpp:74   in gpi_print_registered_impl       GPI: VPI support registered\n     0.00ns INFO     cocotb.initialize                  Seeding Python random module with 1789250118\n     0.00ns INFO     cocotb.initialize                  Initialized cocotb v2.1.0 from /home/ray/anaconda3/lib/python3.10/site-packages/cocotb\n     0.00ns INFO     cocotb.initialize                  Running on Verilator version 5.042 2025-11-02\n     0.00ns INFO     cocotb.regression                  Running tests\n     0.00ns INFO     cocotb.regression                  running test_top.i2c_master_tb (1/1)\n                                                            Single cocotb entry point \u2014 mirrors SV UVM's ``+UVM_TESTNAME`` flow.\n     0.00ns INFO     cocotb.i2c_master                  i2c_master_tb: UVM_TESTNAME=I2CRandomizedTest clk_period_ns=10 watchdog_cycles=300000\n     0.00ns WARNING  py.warnings                        /workspace/generated/designs/i2c_benchmark/tb/test_top.py:87: DeprecationWarning: The 'units' argument has been renamed to 'unit'.\n                                                          cocotb.start_soon(Clock(dut.clk, clock_period_ns, units=\"ns\").start())\n    40.00ns INFO     ..ns/i2c_benchmark/tb/test.py(108) [uvm_test_top]: uvm_test_top: I2CEnv created\n    40.00ns INFO     ..igns/i2c_benchmark/tb/env.py(80) [uvm_test_top.i2c_env]: i2c_env: I2CAgent, I2CScoreboard, I2CCoverage built; 6 assertion checkers launched\n    40.00ns INFO     ..igns/i2c_benchmark/tb/env.py(90) [uvm_test_top.i2c_env]: i2c_env: agent.analysis_port -> scoreboard.analysis_export and coverage.analysis_export\n    40.00ns INFO     .._benchmark/tb/scoreboard.py(134) [uvm_test_top.i2c_env.i2c_scoreboard]: i2c_scoreboard: rst_n asserted -> reference model memory cleared (1 so far)\n   130.00ns WARNING  py.warnings                        /workspace/generated/designs/i2c_benchmark/tb/dut_helper.py:108: DeprecationWarning: `logic_array.binstr` getter is deprecated. Use `str(logic_array)` instead.\n                                                          if hasattr(pin_value, \"binstr\"):\n   130.00ns WARNING  tb.assertions                      [assertion scl_sda_released_in_idle] WARNING: scl actively driven low ('0') while busy==0 (open-drain line must be released)\n   130.00ns WARNING  tb.assertions                      [assertion scl_sda_released_in_idle] WARNING: sda actively driven low ('0') while busy==0 (open-drain line must be released)\n   140.00ns WARNING  tb.assertions                      [assertion scl_sda_released_in_idle] WARNING: scl actively driven low ('0') while busy==0 (open-drain line must be released)\n   140.00ns WARNING  tb.assertions                      [assertion scl_sda_released_in_idle] WARNING: sda actively driven low ('0') while busy==0 (open-drain line must be released)\n   150.00ns WARNING  tb.assertions                      [assertion scl_sda_released_in_idle] WARNING: scl actively driven low ('0') while busy==0 (open-drain line must be released)\n   150.00ns WARNING  tb.assertions                      [assertion scl_sda_released_in_idle] WARNING: sda actively driven low ('0') while busy==0 (open-drain line must be released)\n   200.00ns WARNING  tb.assertions                      [assertion scl_sda_released_in_idle] WARNING: scl actively driven low ('0') while busy==0 (open-drain line must be released)\n   200.00ns WARNING  tb.assertions                      [assertion scl_sda_released_in_idle] WARNING: sda actively driven low ('0') while busy==0 (open-drain line must be released)\n   200.00ns ERROR    .._benchmark/tb/scoreboard.py(188) [uvm_test_top.i2c_env.i2c_scoreboard]: i2c_scoreboard: MISMATCH field=ack_error (item I2CTransaction(start=0, rw=0, slave_addr=0x0000, reg_addr=0x00, write_data=0x00, read_data=0x00, busy=0, done=1, ack_error=0)): expected 0x1, observed 0x0\n   200.00ns WARNING  py.warnings                        /workspace/generated/designs/i2c_benchmark/tb/test_top.py:126: DeprecationWarning: `task.kill()` is deprecated in favor of `task.cancel()`\n                                                          watchdog_task.kill()\n   200.00ns WARNING  cocotb.regression                  test_top.i2c_master_tb failed\n                                                        Traceback (most recent call last):\n                                                          File \"/workspace/generated/designs/i2c_benchmark/tb/monitor.py\", line 125, in run_phase\n                                                            self._publish(stimulus, outputs)\n                                                          File \"/workspace/generated/designs/i2c_benchmark/tb/monitor.py\", line 207, in _publish\n                                                            self.analysis_port.write(item)\n                                                          File \"/home/ray/anaconda3/lib/python3.10/site-packages/pyuvm/_s12_uvm_tlm_interfaces.py\", line 475, in write\n                                                            export.write(datum)\n                                                          File \"/home/ray/anaconda3/lib/python3.10/site-packages/pyuvm/_s12_uvm_tlm_interfaces.py\", line 475, in write\n                                                            export.write(datum)\n                                                          File \"/workspace/generated/designs/i2c_benchmark/tb/scoreboard.py\", line 100, in write\n                                                            self._write_fn(datum)\n                                                          File \"/workspace/generated/designs/i2c_benchmark/tb/scoreboard.py\", line 192, in _on_monitor_item\n                                                            raise AssertionError(\n                                                        AssertionError: i2c_scoreboard: ack_error mismatch: model said 0x1, DUT returned 0x0 (I2CTransaction(start=0, rw=0, slave_addr=0x0000, reg_addr=0x00, write_data=0x00, read_data=0x00, busy=0, done=1, ack_error=0))\n   200.00ns INFO     cocotb.regression                  **************************************************************************************\n                                                        ** TEST                          STATUS  SIM TIME (ns)  REAL TIME (s)  RATIO (ns/s) **\n                                                        **************************************************************************************\n                                                        ** test_top.i2c_master_tb         FAIL         200.00           0.01      13990.89  **\n                                                        **************************************************************************************\n                                                        ** TESTS=1 PASS=0 FAIL=1 SKIP=0                200.00           0.01      13577.72  **\n                                                        **************************************************************************************\n- :0: Verilog $finish\nmake: *** [/home/ray/anaconda3/lib/python3.10/site-packages/cocotb_tools/makefiles/simulators/Makefile.verilator:74: /workspace/generated/designs/i2c_benchmark/tb/.chia_sim/I2CRandomizedTest.xml] Error 1\n",
        "command": [
          "timeout",
          "--signal=TERM",
          "--kill-after=5",
          "60",
          "make",
          "-f",
          "/workspace/generated/designs/i2c_benchmark/tb/.chia_sim/Makefile",
          "SIM=verilator",
          "TOPLEVEL_LANG=verilog",
          "TOPLEVEL=i2c_master",
          "COCOTB_TOPLEVEL=i2c_master",
          "MODULE=test_top",
          "COCOTB_TEST_MODULES=test_top",
          "VERILOG_SOURCES=/workspace/benchmarks/i2c_benchmark/i2c_master.sv",
          "SIM_BUILD=/workspace/generated/designs/i2c_benchmark/tb/.chia_sim/build/c91bda1899ea",
          "COCOTB_RESULTS_FILE=/workspace/generated/designs/i2c_benchmark/tb/.chia_sim/I2CRandomizedTest.xml",
          "COCOTB_HDL_TIMEUNIT=1ns",
          "COCOTB_HDL_TIMEPRECISION=1ps",
          "BUILD_ARGS=-j 4"
        ],
        "test_name": "I2CRandomizedTest",
        "test_module": "test_top",
        "results_file": "/workspace/generated/designs/i2c_benchmark/tb/.chia_sim/I2CRandomizedTest.xml",
        "results_file_exists": true
      }
    }
  }
}

[DIAGNOSIS] Starting TB diagnosis (attempt 1)...
[DIAGNOSIS] Workspace: /home/auralab/nwark/chia_sept7_for_multi_rtl_with_multi_llm/for_multiple_rtl_updation_generalized/generated/designs/i2c_benchmark/llm_tb_diagnosis_workspace
[DIAGNOSIS] Preparing sanitized workspace...
[DIAGNOSIS] Sanitized inputs prepared; RTL remains excluded.
[36m(simulate pid=145315)[0m Wrote /workspace/generated/designs/i2c_benchmark/results/tb_validation_iteration_0.json
[36m(_ToolServerActor pid=153114)[0m INFO:     Started server process [153114]
[36m(_ToolServerActor pid=153114)[0m INFO:     Waiting for application startup.
[36m(_ToolServerActor pid=153114)[0m INFO:     Application startup complete.
[36m(_ToolServerActor pid=153114)[0m INFO:     Uvicorn running on http://172.16.36.107:8000 (Press CTRL+C to quit)
verification_improvement_workspace started at 172.16.36.107:8000 on node 1fedb3fbbf570d39d0f970e92b62672c209b7d902d0da56b60e9f6e1
OpenCodeLLM is experimental: only exercised by unit tests so far, not validated in production.
[DIAGNOSIS] LLM agent created (retries=5).
[DIAGNOSIS] Building diagnosis prompt...
[DIAGNOSIS] Submitting prompt (length=7148 chars); waiting for LLM...
[36m(_ToolServerActor pid=153114)[0m INFO:     172.16.36.107:46752 - "POST /verification_improvement_workspace/mcp HTTP/1.1" 200 OK
[36m(_ToolServerActor pid=153114)[0m INFO:     172.16.36.107:46752 - "POST /verification_improvement_workspace/mcp HTTP/1.1" 202 Accepted
[36m(_ToolServerActor pid=153114)[0m INFO:     172.16.36.107:46752 - "GET /verification_improvement_workspace/mcp HTTP/1.1" 200 OK
[36m(_ToolServerActor pid=153114)[0m INFO:     172.16.36.107:46762 - "POST /verification_improvement_workspace/mcp HTTP/1.1" 200 OK
[DIAGNOSIS] LLM response received (success=True).
[DIAGNOSIS] Stopping diagnosis workspace agent...
[36m(_ToolServerActor pid=153114)[0m INFO:     Shutting down
[DIAGNOSIS] Diagnosis workspace agent stopped.
[DIAGNOSIS] Converting LLM response into validated update plan...

⚠ Invalid TB update plan YAML:
Invalid YAML: while scanning an alias
  in "<unicode string>", line 5, column 1:
    **Verdict:** `generation_bug` —  ... 
    ^
expected alphabetic or numeric character, but found '*'
  in "<unicode string>", line 5, column 2:
    **Verdict:** `generation_bug` — a ... 
     ^
TB diagnosis YAML repair attempt 1/2...
[36m(_ToolServerActor pid=153114)[0m INFO:     Waiting for application shutdown.
[36m(_ToolServerActor pid=153114)[0m INFO:     Application shutdown complete.
[36m(_ToolServerActor pid=153114)[0m INFO:     Finished server process [153114]

⚠ Invalid TB update plan YAML:
version must be "1.0".
TB diagnosis YAML repair attempt 2/2...
Traceback (most recent call last):
  File "/home/auralab/miniconda3/envs/chia_env/lib/python3.10/runpy.py", line 196, in _run_module_as_main
    return _run_code(code, main_globals, None,
  File "/home/auralab/miniconda3/envs/chia_env/lib/python3.10/runpy.py", line 86, in _run_code
    exec(code, run_globals)
  File "/home/auralab/nwark/chia_sept7_for_multi_rtl_with_multi_llm/for_multiple_rtl_updation_generalized/pipeline/run14.py", line 5257, in <module>
    main()
  File "/home/auralab/nwark/chia_sept7_for_multi_rtl_with_multi_llm/for_multiple_rtl_updation_generalized/pipeline/run14.py", line 4995, in main
    generate_and_validate_uvm(llm, bash, canonical_plan)
  File "/home/auralab/nwark/chia_sept7_for_multi_rtl_with_multi_llm/for_multiple_rtl_updation_generalized/pipeline/run14.py", line 3149, in generate_and_validate_uvm
    candidate_plan = ensure_valid_tb_update_plan_yaml(
  File "/home/auralab/nwark/chia_sept7_for_multi_rtl_with_multi_llm/for_multiple_rtl_updation_generalized/pipeline/run14.py", line 2189, in ensure_valid_tb_update_plan_yaml
    raise RuntimeError(
RuntimeError: Unable to produce a valid tb_update_plan.yaml after 2 repair attempts.

Last validation error:
version must be "1.0".
------------------------------------------------------------------------------
run14 exit status: 1
Time: 2026-09-13T03:45:45+05:30
Status: PROCESS FAILURE
Supervisor: restarting after 10s.
------------------------------------------------------------------------------

